ISO-10303-21;
HEADER;
FILE_DESCRIPTION(('FreeCAD Model'),'2;1');
FILE_NAME('Open CASCADE Shape Model','2026-09-26T01:42:04',('FreeCAD'),(
    'FreeCAD'),'Open CASCADE STEP processor 7.8','FreeCAD','Unknown');
FILE_SCHEMA(('AUTOMOTIVE_DESIGN { 1 0 10303 214 1 1 1 1 }'));
ENDSEC;
DATA;
#1 = APPLICATION_PROTOCOL_DEFINITION('international standard',
  'automotive_design',2000,#2);
#2 = APPLICATION_CONTEXT(
  'core data for automotive mechanical design processes');
#3 = SHAPE_DEFINITION_REPRESENTATION(#4,#10);
#4 = PRODUCT_DEFINITION_SHAPE('','',#5);
#5 = PRODUCT_DEFINITION('design','',#6,#9);
#6 = PRODUCT_DEFINITION_FORMATION('','',#7);
#7 = PRODUCT('Open CASCADE STEP translator 7.8 14',
  'Open CASCADE STEP translator 7.8 14','',(#8));
#8 = PRODUCT_CONTEXT('',#2,'mechanical');
#9 = PRODUCT_DEFINITION_CONTEXT('part definition',#2,'design');
#10 = ADVANCED_BREP_SHAPE_REPRESENTATION('',(#11,#15),#3842);
#11 = AXIS2_PLACEMENT_3D('',#12,#13,#14);
#12 = CARTESIAN_POINT('',(0.,0.,0.));
#13 = DIRECTION('',(0.,0.,1.));
#14 = DIRECTION('',(1.,0.,-0.));
#15 = BREP_WITH_VOIDS('',#16,(#3604,#3723));
#16 = CLOSED_SHELL('',(#17,#57,#200,#224,#433,#450,#467,#484,#501,#518,
    #540,#557,#581,#600,#617,#642,#667,#698,#715,#762,#786,#826,#843,
    #922,#946,#1146,#1202,#1234,#1259,#1290,#1318,#1330,#1389,#1415,
    #1432,#1455,#1472,#1612,#1624,#1659,#1677,#1720,#1737,#1762,#1784,
    #1825,#1861,#1879,#1922,#1965,#1998,#2023,#2056,#2099,#2133,#2166,
    #2199,#2232,#2267,#2310,#2335,#2368,#2387,#2406,#2418,#2477,#2502,
    #2524,#2541,#2558,#2575,#2592,#2604,#2629,#2660,#2684,#2708,#2725,
    #2750,#2782,#2806,#2832,#2872,#2898,#2910,#2935,#2962,#2979,#3011,
    #3028,#3055,#3088,#3110,#3135,#3168,#3185,#3198,#3231,#3264,#3295,
    #3354,#3413,#3440,#3452,#3469,#3490,#3502,#3524,#3541,#3558,#3575,
    #3592));
#17 = ADVANCED_FACE('',(#18),#52,.F.);
#18 = FACE_BOUND('',#19,.T.);
#19 = EDGE_LOOP('',(#20,#30,#38,#46));
#20 = ORIENTED_EDGE('',*,*,#21,.F.);
#21 = EDGE_CURVE('',#22,#24,#26,.T.);
#22 = VERTEX_POINT('',#23);
#23 = CARTESIAN_POINT('',(0.,61.,0.));
#24 = VERTEX_POINT('',#25);
#25 = CARTESIAN_POINT('',(0.,61.,35.));
#26 = LINE('',#27,#28);
#27 = CARTESIAN_POINT('',(0.,61.,0.));
#28 = VECTOR('',#29,1.);
#29 = DIRECTION('',(-0.,-0.,1.));
#30 = ORIENTED_EDGE('',*,*,#31,.T.);
#31 = EDGE_CURVE('',#22,#32,#34,.T.);
#32 = VERTEX_POINT('',#33);
#33 = CARTESIAN_POINT('',(0.,58.,0.));
#34 = LINE('',#35,#36);
#35 = CARTESIAN_POINT('',(0.,61.,0.));
#36 = VECTOR('',#37,1.);
#37 = DIRECTION('',(-0.,-1.,-0.));
#38 = ORIENTED_EDGE('',*,*,#39,.T.);
#39 = EDGE_CURVE('',#32,#40,#42,.T.);
#40 = VERTEX_POINT('',#41);
#41 = CARTESIAN_POINT('',(0.,58.,35.));
#42 = LINE('',#43,#44);
#43 = CARTESIAN_POINT('',(0.,58.,0.));
#44 = VECTOR('',#45,1.);
#45 = DIRECTION('',(-0.,-0.,1.));
#46 = ORIENTED_EDGE('',*,*,#47,.F.);
#47 = EDGE_CURVE('',#24,#40,#48,.T.);
#48 = LINE('',#49,#50);
#49 = CARTESIAN_POINT('',(0.,61.,35.));
#50 = VECTOR('',#51,1.);
#51 = DIRECTION('',(-0.,-1.,-0.));
#52 = PLANE('',#53);
#53 = AXIS2_PLACEMENT_3D('',#54,#55,#56);
#54 = CARTESIAN_POINT('',(0.,61.,0.));
#55 = DIRECTION('',(1.,-0.,-0.));
#56 = DIRECTION('',(0.,0.,-1.));
#57 = ADVANCED_FACE('',(#58,#115,#126,#162,#173,#184),#195,.F.);
#58 = FACE_BOUND('',#59,.T.);
#59 = EDGE_LOOP('',(#60,#70,#76,#77,#85,#93,#101,#109));
#60 = ORIENTED_EDGE('',*,*,#61,.F.);
#61 = EDGE_CURVE('',#62,#64,#66,.T.);
#62 = VERTEX_POINT('',#63);
#63 = CARTESIAN_POINT('',(120.,61.,0.));
#64 = VERTEX_POINT('',#65);
#65 = CARTESIAN_POINT('',(120.,61.,35.));
#66 = LINE('',#67,#68);
#67 = CARTESIAN_POINT('',(120.,61.,0.));
#68 = VECTOR('',#69,1.);
#69 = DIRECTION('',(-0.,-0.,1.));
#70 = ORIENTED_EDGE('',*,*,#71,.F.);
#71 = EDGE_CURVE('',#22,#62,#72,.T.);
#72 = LINE('',#73,#74);
#73 = CARTESIAN_POINT('',(0.,61.,0.));
#74 = VECTOR('',#75,1.);
#75 = DIRECTION('',(1.,-0.,-0.));
#76 = ORIENTED_EDGE('',*,*,#21,.T.);
#77 = ORIENTED_EDGE('',*,*,#78,.T.);
#78 = EDGE_CURVE('',#24,#79,#81,.T.);
#79 = VERTEX_POINT('',#80);
#80 = CARTESIAN_POINT('',(108.5,61.,35.));
#81 = LINE('',#82,#83);
#82 = CARTESIAN_POINT('',(0.,61.,35.));
#83 = VECTOR('',#84,1.);
#84 = DIRECTION('',(1.,-0.,-0.));
#85 = ORIENTED_EDGE('',*,*,#86,.F.);
#86 = EDGE_CURVE('',#87,#79,#89,.T.);
#87 = VERTEX_POINT('',#88);
#88 = CARTESIAN_POINT('',(108.5,61.,34.8));
#89 = LINE('',#90,#91);
#90 = CARTESIAN_POINT('',(108.5,61.,34.8));
#91 = VECTOR('',#92,1.);
#92 = DIRECTION('',(-0.,-0.,1.));
#93 = ORIENTED_EDGE('',*,*,#94,.T.);
#94 = EDGE_CURVE('',#87,#95,#97,.T.);
#95 = VERTEX_POINT('',#96);
#96 = CARTESIAN_POINT('',(119.5,61.,34.8));
#97 = LINE('',#98,#99);
#98 = CARTESIAN_POINT('',(108.5,61.,34.8));
#99 = VECTOR('',#100,1.);
#100 = DIRECTION('',(1.,-0.,-0.));
#101 = ORIENTED_EDGE('',*,*,#102,.T.);
#102 = EDGE_CURVE('',#95,#103,#105,.T.);
#103 = VERTEX_POINT('',#104);
#104 = CARTESIAN_POINT('',(119.5,61.,35.));
#105 = LINE('',#106,#107);
#106 = CARTESIAN_POINT('',(119.5,61.,34.8));
#107 = VECTOR('',#108,1.);
#108 = DIRECTION('',(-0.,-0.,1.));
#109 = ORIENTED_EDGE('',*,*,#110,.T.);
#110 = EDGE_CURVE('',#103,#64,#111,.T.);
#111 = LINE('',#112,#113);
#112 = CARTESIAN_POINT('',(0.,61.,35.));
#113 = VECTOR('',#114,1.);
#114 = DIRECTION('',(1.,-0.,-0.));
#115 = FACE_BOUND('',#116,.T.);
#116 = EDGE_LOOP('',(#117));
#117 = ORIENTED_EDGE('',*,*,#118,.F.);
#118 = EDGE_CURVE('',#119,#119,#121,.T.);
#119 = VERTEX_POINT('',#120);
#120 = CARTESIAN_POINT('',(24.,61.,8.6));
#121 = CIRCLE('',#122,1.6);
#122 = AXIS2_PLACEMENT_3D('',#123,#124,#125);
#123 = CARTESIAN_POINT('',(24.,61.,7.));
#124 = DIRECTION('',(0.,1.,0.));
#125 = DIRECTION('',(-0.,-0.,1.));
#126 = FACE_BOUND('',#127,.T.);
#127 = EDGE_LOOP('',(#128,#139,#147,#156));
#128 = ORIENTED_EDGE('',*,*,#129,.F.);
#129 = EDGE_CURVE('',#130,#132,#134,.T.);
#130 = VERTEX_POINT('',#131);
#131 = CARTESIAN_POINT('',(6.,61.,22.75));
#132 = VERTEX_POINT('',#133);
#133 = CARTESIAN_POINT('',(6.,61.,27.25));
#134 = CIRCLE('',#135,2.25);
#135 = AXIS2_PLACEMENT_3D('',#136,#137,#138);
#136 = CARTESIAN_POINT('',(6.,61.,25.));
#137 = DIRECTION('',(0.,1.,0.));
#138 = DIRECTION('',(-0.,-0.,1.));
#139 = ORIENTED_EDGE('',*,*,#140,.T.);
#140 = EDGE_CURVE('',#130,#141,#143,.T.);
#141 = VERTEX_POINT('',#142);
#142 = CARTESIAN_POINT('',(14.,61.,22.75));
#143 = LINE('',#144,#145);
#144 = CARTESIAN_POINT('',(3.,61.,22.75));
#145 = VECTOR('',#146,1.);
#146 = DIRECTION('',(1.,-0.,-0.));
#147 = ORIENTED_EDGE('',*,*,#148,.F.);
#148 = EDGE_CURVE('',#149,#141,#151,.T.);
#149 = VERTEX_POINT('',#150);
#150 = CARTESIAN_POINT('',(14.,61.,27.25));
#151 = CIRCLE('',#152,2.25);
#152 = AXIS2_PLACEMENT_3D('',#153,#154,#155);
#153 = CARTESIAN_POINT('',(14.,61.,25.));
#154 = DIRECTION('',(0.,1.,0.));
#155 = DIRECTION('',(-0.,-0.,1.));
#156 = ORIENTED_EDGE('',*,*,#157,.F.);
#157 = EDGE_CURVE('',#132,#149,#158,.T.);
#158 = LINE('',#159,#160);
#159 = CARTESIAN_POINT('',(3.,61.,27.25));
#160 = VECTOR('',#161,1.);
#161 = DIRECTION('',(1.,-0.,-0.));
#162 = FACE_BOUND('',#163,.T.);
#163 = EDGE_LOOP('',(#164));
#164 = ORIENTED_EDGE('',*,*,#165,.F.);
#165 = EDGE_CURVE('',#166,#166,#168,.T.);
#166 = VERTEX_POINT('',#167);
#167 = CARTESIAN_POINT('',(96.,61.,8.6));
#168 = CIRCLE('',#169,1.6);
#169 = AXIS2_PLACEMENT_3D('',#170,#171,#172);
#170 = CARTESIAN_POINT('',(96.,61.,7.));
#171 = DIRECTION('',(0.,1.,0.));
#172 = DIRECTION('',(-0.,-0.,1.));
#173 = FACE_BOUND('',#174,.T.);
#174 = EDGE_LOOP('',(#175));
#175 = ORIENTED_EDGE('',*,*,#176,.F.);
#176 = EDGE_CURVE('',#177,#177,#179,.T.);
#177 = VERTEX_POINT('',#178);
#178 = CARTESIAN_POINT('',(114.,61.,11.3));
#179 = CIRCLE('',#180,2.3);
#180 = AXIS2_PLACEMENT_3D('',#181,#182,#183);
#181 = CARTESIAN_POINT('',(114.,61.,9.));
#182 = DIRECTION('',(0.,1.,0.));
#183 = DIRECTION('',(-0.,-0.,1.));
#184 = FACE_BOUND('',#185,.T.);
#185 = EDGE_LOOP('',(#186));
#186 = ORIENTED_EDGE('',*,*,#187,.F.);
#187 = EDGE_CURVE('',#188,#188,#190,.T.);
#188 = VERTEX_POINT('',#189);
#189 = CARTESIAN_POINT('',(114.,61.,29.));
#190 = CIRCLE('',#191,4.);
#191 = AXIS2_PLACEMENT_3D('',#192,#193,#194);
#192 = CARTESIAN_POINT('',(114.,61.,25.));
#193 = DIRECTION('',(0.,1.,0.));
#194 = DIRECTION('',(-0.,-0.,1.));
#195 = PLANE('',#196);
#196 = AXIS2_PLACEMENT_3D('',#197,#198,#199);
#197 = CARTESIAN_POINT('',(0.,61.,0.));
#198 = DIRECTION('',(-0.,-1.,-0.));
#199 = DIRECTION('',(0.,0.,-1.));
#200 = ADVANCED_FACE('',(#201),#219,.T.);
#201 = FACE_BOUND('',#202,.F.);
#202 = EDGE_LOOP('',(#203,#211,#212,#213));
#203 = ORIENTED_EDGE('',*,*,#204,.F.);
#204 = EDGE_CURVE('',#40,#205,#207,.T.);
#205 = VERTEX_POINT('',#206);
#206 = CARTESIAN_POINT('',(108.5,58.,35.));
#207 = LINE('',#208,#209);
#208 = CARTESIAN_POINT('',(0.,58.,35.));
#209 = VECTOR('',#210,1.);
#210 = DIRECTION('',(1.,-0.,-0.));
#211 = ORIENTED_EDGE('',*,*,#47,.F.);
#212 = ORIENTED_EDGE('',*,*,#78,.T.);
#213 = ORIENTED_EDGE('',*,*,#214,.T.);
#214 = EDGE_CURVE('',#79,#205,#215,.T.);
#215 = LINE('',#216,#217);
#216 = CARTESIAN_POINT('',(108.5,61.,35.));
#217 = VECTOR('',#218,1.);
#218 = DIRECTION('',(-0.,-1.,-0.));
#219 = PLANE('',#220);
#220 = AXIS2_PLACEMENT_3D('',#221,#222,#223);
#221 = CARTESIAN_POINT('',(0.,61.,35.));
#222 = DIRECTION('',(-0.,-0.,1.));
#223 = DIRECTION('',(-1.,0.,0.));
#224 = ADVANCED_FACE('',(#225,#275,#286,#320,#406,#417),#428,.T.);
#225 = FACE_BOUND('',#226,.F.);
#226 = EDGE_LOOP('',(#227,#237,#243,#244,#245,#253,#261,#269));
#227 = ORIENTED_EDGE('',*,*,#228,.F.);
#228 = EDGE_CURVE('',#229,#231,#233,.T.);
#229 = VERTEX_POINT('',#230);
#230 = CARTESIAN_POINT('',(120.,58.,0.));
#231 = VERTEX_POINT('',#232);
#232 = CARTESIAN_POINT('',(120.,58.,35.));
#233 = LINE('',#234,#235);
#234 = CARTESIAN_POINT('',(120.,58.,0.));
#235 = VECTOR('',#236,1.);
#236 = DIRECTION('',(-0.,-0.,1.));
#237 = ORIENTED_EDGE('',*,*,#238,.F.);
#238 = EDGE_CURVE('',#32,#229,#239,.T.);
#239 = LINE('',#240,#241);
#240 = CARTESIAN_POINT('',(0.,58.,0.));
#241 = VECTOR('',#242,1.);
#242 = DIRECTION('',(1.,-0.,-0.));
#243 = ORIENTED_EDGE('',*,*,#39,.T.);
#244 = ORIENTED_EDGE('',*,*,#204,.T.);
#245 = ORIENTED_EDGE('',*,*,#246,.F.);
#246 = EDGE_CURVE('',#247,#205,#249,.T.);
#247 = VERTEX_POINT('',#248);
#248 = CARTESIAN_POINT('',(108.5,58.,34.8));
#249 = LINE('',#250,#251);
#250 = CARTESIAN_POINT('',(108.5,58.,34.8));
#251 = VECTOR('',#252,1.);
#252 = DIRECTION('',(-0.,-0.,1.));
#253 = ORIENTED_EDGE('',*,*,#254,.T.);
#254 = EDGE_CURVE('',#247,#255,#257,.T.);
#255 = VERTEX_POINT('',#256);
#256 = CARTESIAN_POINT('',(119.5,58.,34.8));
#257 = LINE('',#258,#259);
#258 = CARTESIAN_POINT('',(108.5,58.,34.8));
#259 = VECTOR('',#260,1.);
#260 = DIRECTION('',(1.,-0.,-0.));
#261 = ORIENTED_EDGE('',*,*,#262,.T.);
#262 = EDGE_CURVE('',#255,#263,#265,.T.);
#263 = VERTEX_POINT('',#264);
#264 = CARTESIAN_POINT('',(119.5,58.,35.));
#265 = LINE('',#266,#267);
#266 = CARTESIAN_POINT('',(119.5,58.,34.8));
#267 = VECTOR('',#268,1.);
#268 = DIRECTION('',(-0.,-0.,1.));
#269 = ORIENTED_EDGE('',*,*,#270,.T.);
#270 = EDGE_CURVE('',#263,#231,#271,.T.);
#271 = LINE('',#272,#273);
#272 = CARTESIAN_POINT('',(0.,58.,35.));
#273 = VECTOR('',#274,1.);
#274 = DIRECTION('',(1.,-0.,-0.));
#275 = FACE_BOUND('',#276,.F.);
#276 = EDGE_LOOP('',(#277));
#277 = ORIENTED_EDGE('',*,*,#278,.F.);
#278 = EDGE_CURVE('',#279,#279,#281,.T.);
#279 = VERTEX_POINT('',#280);
#280 = CARTESIAN_POINT('',(24.,58.,8.6));
#281 = CIRCLE('',#282,1.6);
#282 = AXIS2_PLACEMENT_3D('',#283,#284,#285);
#283 = CARTESIAN_POINT('',(24.,58.,7.));
#284 = DIRECTION('',(0.,1.,0.));
#285 = DIRECTION('',(-0.,-0.,1.));
#286 = FACE_BOUND('',#287,.F.);
#287 = EDGE_LOOP('',(#288,#298,#306,#314));
#288 = ORIENTED_EDGE('',*,*,#289,.F.);
#289 = EDGE_CURVE('',#290,#292,#294,.T.);
#290 = VERTEX_POINT('',#291);
#291 = CARTESIAN_POINT('',(16.,58.,15.5));
#292 = VERTEX_POINT('',#293);
#293 = CARTESIAN_POINT('',(16.,58.,17.3));
#294 = LINE('',#295,#296);
#295 = CARTESIAN_POINT('',(16.,58.,15.5));
#296 = VECTOR('',#297,1.);
#297 = DIRECTION('',(-0.,-0.,1.));
#298 = ORIENTED_EDGE('',*,*,#299,.T.);
#299 = EDGE_CURVE('',#290,#300,#302,.T.);
#300 = VERTEX_POINT('',#301);
#301 = CARTESIAN_POINT('',(104.,58.,15.5));
#302 = LINE('',#303,#304);
#303 = CARTESIAN_POINT('',(16.,58.,15.5));
#304 = VECTOR('',#305,1.);
#305 = DIRECTION('',(1.,-0.,-0.));
#306 = ORIENTED_EDGE('',*,*,#307,.T.);
#307 = EDGE_CURVE('',#300,#308,#310,.T.);
#308 = VERTEX_POINT('',#309);
#309 = CARTESIAN_POINT('',(104.,58.,17.3));
#310 = LINE('',#311,#312);
#311 = CARTESIAN_POINT('',(104.,58.,15.5));
#312 = VECTOR('',#313,1.);
#313 = DIRECTION('',(-0.,-0.,1.));
#314 = ORIENTED_EDGE('',*,*,#315,.F.);
#315 = EDGE_CURVE('',#292,#308,#316,.T.);
#316 = LINE('',#317,#318);
#317 = CARTESIAN_POINT('',(16.,58.,17.3));
#318 = VECTOR('',#319,1.);
#319 = DIRECTION('',(1.,-0.,-0.));
#320 = FACE_BOUND('',#321,.F.);
#321 = EDGE_LOOP('',(#322,#333,#341,#350,#358,#367,#376,#384,#392,#400)
  );
#322 = ORIENTED_EDGE('',*,*,#323,.F.);
#323 = EDGE_CURVE('',#324,#326,#328,.T.);
#324 = VERTEX_POINT('',#325);
#325 = CARTESIAN_POINT('',(6.,58.,22.75));
#326 = VERTEX_POINT('',#327);
#327 = CARTESIAN_POINT('',(6.,58.,27.25));
#328 = CIRCLE('',#329,2.25);
#329 = AXIS2_PLACEMENT_3D('',#330,#331,#332);
#330 = CARTESIAN_POINT('',(6.,58.,25.));
#331 = DIRECTION('',(0.,1.,0.));
#332 = DIRECTION('',(-0.,-0.,1.));
#333 = ORIENTED_EDGE('',*,*,#334,.T.);
#334 = EDGE_CURVE('',#324,#335,#337,.T.);
#335 = VERTEX_POINT('',#336);
#336 = CARTESIAN_POINT('',(14.,58.,22.75));
#337 = LINE('',#338,#339);
#338 = CARTESIAN_POINT('',(3.,58.,22.75));
#339 = VECTOR('',#340,1.);
#340 = DIRECTION('',(1.,-0.,-0.));
#341 = ORIENTED_EDGE('',*,*,#342,.F.);
#342 = EDGE_CURVE('',#343,#335,#345,.T.);
#343 = VERTEX_POINT('',#344);
#344 = CARTESIAN_POINT('',(15.030776406404,58.,27.));
#345 = CIRCLE('',#346,2.25);
#346 = AXIS2_PLACEMENT_3D('',#347,#348,#349);
#347 = CARTESIAN_POINT('',(14.,58.,25.));
#348 = DIRECTION('',(0.,1.,0.));
#349 = DIRECTION('',(-0.,-0.,1.));
#350 = ORIENTED_EDGE('',*,*,#351,.T.);
#351 = EDGE_CURVE('',#343,#352,#354,.T.);
#352 = VERTEX_POINT('',#353);
#353 = CARTESIAN_POINT('',(110.53589838486,58.,27.));
#354 = LINE('',#355,#356);
#355 = CARTESIAN_POINT('',(6.,58.,27.));
#356 = VECTOR('',#357,1.);
#357 = DIRECTION('',(1.,-0.,-0.));
#358 = ORIENTED_EDGE('',*,*,#359,.F.);
#359 = EDGE_CURVE('',#360,#352,#362,.T.);
#360 = VERTEX_POINT('',#361);
#361 = CARTESIAN_POINT('',(114.,58.,29.));
#362 = CIRCLE('',#363,4.);
#363 = AXIS2_PLACEMENT_3D('',#364,#365,#366);
#364 = CARTESIAN_POINT('',(114.,58.,25.));
#365 = DIRECTION('',(0.,1.,0.));
#366 = DIRECTION('',(-0.,-0.,1.));
#367 = ORIENTED_EDGE('',*,*,#368,.F.);
#368 = EDGE_CURVE('',#369,#360,#371,.T.);
#369 = VERTEX_POINT('',#370);
#370 = CARTESIAN_POINT('',(113.80476731602,58.,28.995232683976));
#371 = CIRCLE('',#372,4.);
#372 = AXIS2_PLACEMENT_3D('',#373,#374,#375);
#373 = CARTESIAN_POINT('',(114.,58.,25.));
#374 = DIRECTION('',(0.,1.,0.));
#375 = DIRECTION('',(-0.,-0.,1.));
#376 = ORIENTED_EDGE('',*,*,#377,.T.);
#377 = EDGE_CURVE('',#369,#378,#380,.T.);
#378 = VERTEX_POINT('',#379);
#379 = CARTESIAN_POINT('',(112.8,58.,30.));
#380 = LINE('',#381,#382);
#381 = CARTESIAN_POINT('',(87.15,58.,55.65));
#382 = VECTOR('',#383,1.);
#383 = DIRECTION('',(-0.707106781187,-0.,0.707106781187));
#384 = ORIENTED_EDGE('',*,*,#385,.F.);
#385 = EDGE_CURVE('',#386,#378,#388,.T.);
#386 = VERTEX_POINT('',#387);
#387 = CARTESIAN_POINT('',(7.2,58.,30.));
#388 = LINE('',#389,#390);
#389 = CARTESIAN_POINT('',(6.,58.,30.));
#390 = VECTOR('',#391,1.);
#391 = DIRECTION('',(1.,-0.,-0.));
#392 = ORIENTED_EDGE('',*,*,#393,.F.);
#393 = EDGE_CURVE('',#394,#386,#396,.T.);
#394 = VERTEX_POINT('',#395);
#395 = CARTESIAN_POINT('',(6.,58.,28.8));
#396 = LINE('',#397,#398);
#397 = CARTESIAN_POINT('',(5.85,58.,28.65));
#398 = VECTOR('',#399,1.);
#399 = DIRECTION('',(0.707106781187,-0.,0.707106781187));
#400 = ORIENTED_EDGE('',*,*,#401,.F.);
#401 = EDGE_CURVE('',#326,#394,#402,.T.);
#402 = LINE('',#403,#404);
#403 = CARTESIAN_POINT('',(6.,58.,27.));
#404 = VECTOR('',#405,1.);
#405 = DIRECTION('',(-0.,-0.,1.));
#406 = FACE_BOUND('',#407,.F.);
#407 = EDGE_LOOP('',(#408));
#408 = ORIENTED_EDGE('',*,*,#409,.F.);
#409 = EDGE_CURVE('',#410,#410,#412,.T.);
#410 = VERTEX_POINT('',#411);
#411 = CARTESIAN_POINT('',(96.,58.,8.6));
#412 = CIRCLE('',#413,1.6);
#413 = AXIS2_PLACEMENT_3D('',#414,#415,#416);
#414 = CARTESIAN_POINT('',(96.,58.,7.));
#415 = DIRECTION('',(0.,1.,0.));
#416 = DIRECTION('',(-0.,-0.,1.));
#417 = FACE_BOUND('',#418,.F.);
#418 = EDGE_LOOP('',(#419));
#419 = ORIENTED_EDGE('',*,*,#420,.F.);
#420 = EDGE_CURVE('',#421,#421,#423,.T.);
#421 = VERTEX_POINT('',#422);
#422 = CARTESIAN_POINT('',(114.,58.,14.214656965084));
#423 = CIRCLE('',#424,5.214656965084);
#424 = AXIS2_PLACEMENT_3D('',#425,#426,#427);
#425 = CARTESIAN_POINT('',(114.,58.,9.));
#426 = DIRECTION('',(0.,1.,0.));
#427 = DIRECTION('',(-0.,-0.,1.));
#428 = PLANE('',#429);
#429 = AXIS2_PLACEMENT_3D('',#430,#431,#432);
#430 = CARTESIAN_POINT('',(0.,58.,0.));
#431 = DIRECTION('',(-0.,-1.,-0.));
#432 = DIRECTION('',(0.,0.,-1.));
#433 = ADVANCED_FACE('',(#434),#445,.F.);
#434 = FACE_BOUND('',#435,.T.);
#435 = EDGE_LOOP('',(#436,#437,#438,#444));
#436 = ORIENTED_EDGE('',*,*,#31,.F.);
#437 = ORIENTED_EDGE('',*,*,#71,.T.);
#438 = ORIENTED_EDGE('',*,*,#439,.T.);
#439 = EDGE_CURVE('',#62,#229,#440,.T.);
#440 = LINE('',#441,#442);
#441 = CARTESIAN_POINT('',(120.,61.,0.));
#442 = VECTOR('',#443,1.);
#443 = DIRECTION('',(-0.,-1.,-0.));
#444 = ORIENTED_EDGE('',*,*,#238,.F.);
#445 = PLANE('',#446);
#446 = AXIS2_PLACEMENT_3D('',#447,#448,#449);
#447 = CARTESIAN_POINT('',(0.,61.,0.));
#448 = DIRECTION('',(-0.,-0.,1.));
#449 = DIRECTION('',(-1.,0.,0.));
#450 = ADVANCED_FACE('',(#451),#462,.T.);
#451 = FACE_BOUND('',#452,.F.);
#452 = EDGE_LOOP('',(#453,#454,#455,#456));
#453 = ORIENTED_EDGE('',*,*,#61,.F.);
#454 = ORIENTED_EDGE('',*,*,#439,.T.);
#455 = ORIENTED_EDGE('',*,*,#228,.T.);
#456 = ORIENTED_EDGE('',*,*,#457,.F.);
#457 = EDGE_CURVE('',#64,#231,#458,.T.);
#458 = LINE('',#459,#460);
#459 = CARTESIAN_POINT('',(120.,61.,35.));
#460 = VECTOR('',#461,1.);
#461 = DIRECTION('',(-0.,-1.,-0.));
#462 = PLANE('',#463);
#463 = AXIS2_PLACEMENT_3D('',#464,#465,#466);
#464 = CARTESIAN_POINT('',(120.,61.,0.));
#465 = DIRECTION('',(1.,-0.,-0.));
#466 = DIRECTION('',(0.,0.,-1.));
#467 = ADVANCED_FACE('',(#468),#479,.T.);
#468 = FACE_BOUND('',#469,.F.);
#469 = EDGE_LOOP('',(#470,#471,#477,#478));
#470 = ORIENTED_EDGE('',*,*,#270,.F.);
#471 = ORIENTED_EDGE('',*,*,#472,.F.);
#472 = EDGE_CURVE('',#103,#263,#473,.T.);
#473 = LINE('',#474,#475);
#474 = CARTESIAN_POINT('',(119.5,61.,35.));
#475 = VECTOR('',#476,1.);
#476 = DIRECTION('',(-0.,-1.,-0.));
#477 = ORIENTED_EDGE('',*,*,#110,.T.);
#478 = ORIENTED_EDGE('',*,*,#457,.T.);
#479 = PLANE('',#480);
#480 = AXIS2_PLACEMENT_3D('',#481,#482,#483);
#481 = CARTESIAN_POINT('',(0.,61.,35.));
#482 = DIRECTION('',(-0.,-0.,1.));
#483 = DIRECTION('',(-1.,0.,0.));
#484 = ADVANCED_FACE('',(#485),#496,.F.);
#485 = FACE_BOUND('',#486,.T.);
#486 = EDGE_LOOP('',(#487,#493,#494,#495));
#487 = ORIENTED_EDGE('',*,*,#488,.T.);
#488 = EDGE_CURVE('',#79,#103,#489,.T.);
#489 = LINE('',#490,#491);
#490 = CARTESIAN_POINT('',(0.,61.,35.));
#491 = VECTOR('',#492,1.);
#492 = DIRECTION('',(1.,-0.,-0.));
#493 = ORIENTED_EDGE('',*,*,#102,.F.);
#494 = ORIENTED_EDGE('',*,*,#94,.F.);
#495 = ORIENTED_EDGE('',*,*,#86,.T.);
#496 = PLANE('',#497);
#497 = AXIS2_PLACEMENT_3D('',#498,#499,#500);
#498 = CARTESIAN_POINT('',(0.,61.,0.));
#499 = DIRECTION('',(-0.,-1.,-0.));
#500 = DIRECTION('',(0.,0.,-1.));
#501 = ADVANCED_FACE('',(#502),#513,.F.);
#502 = FACE_BOUND('',#503,.T.);
#503 = EDGE_LOOP('',(#504,#505,#511,#512));
#504 = ORIENTED_EDGE('',*,*,#278,.F.);
#505 = ORIENTED_EDGE('',*,*,#506,.F.);
#506 = EDGE_CURVE('',#119,#279,#507,.T.);
#507 = LINE('',#508,#509);
#508 = CARTESIAN_POINT('',(24.,62.,8.6));
#509 = VECTOR('',#510,1.);
#510 = DIRECTION('',(-0.,-1.,-0.));
#511 = ORIENTED_EDGE('',*,*,#118,.T.);
#512 = ORIENTED_EDGE('',*,*,#506,.T.);
#513 = CYLINDRICAL_SURFACE('',#514,1.6);
#514 = AXIS2_PLACEMENT_3D('',#515,#516,#517);
#515 = CARTESIAN_POINT('',(24.,62.,7.));
#516 = DIRECTION('',(-0.,-1.,-0.));
#517 = DIRECTION('',(-0.,-0.,1.));
#518 = ADVANCED_FACE('',(#519),#535,.F.);
#519 = FACE_BOUND('',#520,.T.);
#520 = EDGE_LOOP('',(#521,#522,#528,#529));
#521 = ORIENTED_EDGE('',*,*,#129,.T.);
#522 = ORIENTED_EDGE('',*,*,#523,.T.);
#523 = EDGE_CURVE('',#132,#326,#524,.T.);
#524 = LINE('',#525,#526);
#525 = CARTESIAN_POINT('',(6.,62.,27.25));
#526 = VECTOR('',#527,1.);
#527 = DIRECTION('',(-0.,-1.,-0.));
#528 = ORIENTED_EDGE('',*,*,#323,.F.);
#529 = ORIENTED_EDGE('',*,*,#530,.F.);
#530 = EDGE_CURVE('',#130,#324,#531,.T.);
#531 = LINE('',#532,#533);
#532 = CARTESIAN_POINT('',(6.,62.,22.75));
#533 = VECTOR('',#534,1.);
#534 = DIRECTION('',(-0.,-1.,-0.));
#535 = CYLINDRICAL_SURFACE('',#536,2.25);
#536 = AXIS2_PLACEMENT_3D('',#537,#538,#539);
#537 = CARTESIAN_POINT('',(6.,62.,25.));
#538 = DIRECTION('',(-0.,-1.,-0.));
#539 = DIRECTION('',(-0.,-0.,1.));
#540 = ADVANCED_FACE('',(#541),#552,.T.);
#541 = FACE_BOUND('',#542,.F.);
#542 = EDGE_LOOP('',(#543,#544,#545,#551));
#543 = ORIENTED_EDGE('',*,*,#530,.F.);
#544 = ORIENTED_EDGE('',*,*,#140,.T.);
#545 = ORIENTED_EDGE('',*,*,#546,.T.);
#546 = EDGE_CURVE('',#141,#335,#547,.T.);
#547 = LINE('',#548,#549);
#548 = CARTESIAN_POINT('',(14.,62.,22.75));
#549 = VECTOR('',#550,1.);
#550 = DIRECTION('',(-0.,-1.,-0.));
#551 = ORIENTED_EDGE('',*,*,#334,.F.);
#552 = PLANE('',#553);
#553 = AXIS2_PLACEMENT_3D('',#554,#555,#556);
#554 = CARTESIAN_POINT('',(6.,62.,22.75));
#555 = DIRECTION('',(-0.,-0.,1.));
#556 = DIRECTION('',(-1.,0.,0.));
#557 = ADVANCED_FACE('',(#558),#576,.F.);
#558 = FACE_BOUND('',#559,.T.);
#559 = EDGE_LOOP('',(#560,#561,#562,#570));
#560 = ORIENTED_EDGE('',*,*,#523,.F.);
#561 = ORIENTED_EDGE('',*,*,#157,.T.);
#562 = ORIENTED_EDGE('',*,*,#563,.T.);
#563 = EDGE_CURVE('',#149,#564,#566,.T.);
#564 = VERTEX_POINT('',#565);
#565 = CARTESIAN_POINT('',(14.,58.,27.25));
#566 = LINE('',#567,#568);
#567 = CARTESIAN_POINT('',(14.,62.,27.25));
#568 = VECTOR('',#569,1.);
#569 = DIRECTION('',(-0.,-1.,-0.));
#570 = ORIENTED_EDGE('',*,*,#571,.F.);
#571 = EDGE_CURVE('',#326,#564,#572,.T.);
#572 = LINE('',#573,#574);
#573 = CARTESIAN_POINT('',(3.,58.,27.25));
#574 = VECTOR('',#575,1.);
#575 = DIRECTION('',(1.,-0.,-0.));
#576 = PLANE('',#577);
#577 = AXIS2_PLACEMENT_3D('',#578,#579,#580);
#578 = CARTESIAN_POINT('',(6.,62.,27.25));
#579 = DIRECTION('',(-0.,-0.,1.));
#580 = DIRECTION('',(-1.,0.,0.));
#581 = ADVANCED_FACE('',(#582),#595,.F.);
#582 = FACE_BOUND('',#583,.T.);
#583 = EDGE_LOOP('',(#584,#591,#592,#593,#594));
#584 = ORIENTED_EDGE('',*,*,#585,.F.);
#585 = EDGE_CURVE('',#564,#343,#586,.T.);
#586 = CIRCLE('',#587,2.25);
#587 = AXIS2_PLACEMENT_3D('',#588,#589,#590);
#588 = CARTESIAN_POINT('',(14.,58.,25.));
#589 = DIRECTION('',(0.,1.,0.));
#590 = DIRECTION('',(-0.,-0.,1.));
#591 = ORIENTED_EDGE('',*,*,#563,.F.);
#592 = ORIENTED_EDGE('',*,*,#148,.T.);
#593 = ORIENTED_EDGE('',*,*,#546,.T.);
#594 = ORIENTED_EDGE('',*,*,#342,.F.);
#595 = CYLINDRICAL_SURFACE('',#596,2.25);
#596 = AXIS2_PLACEMENT_3D('',#597,#598,#599);
#597 = CARTESIAN_POINT('',(14.,62.,25.));
#598 = DIRECTION('',(-0.,-1.,-0.));
#599 = DIRECTION('',(-0.,-0.,1.));
#600 = ADVANCED_FACE('',(#601),#612,.F.);
#601 = FACE_BOUND('',#602,.T.);
#602 = EDGE_LOOP('',(#603,#604,#610,#611));
#603 = ORIENTED_EDGE('',*,*,#409,.F.);
#604 = ORIENTED_EDGE('',*,*,#605,.F.);
#605 = EDGE_CURVE('',#166,#410,#606,.T.);
#606 = LINE('',#607,#608);
#607 = CARTESIAN_POINT('',(96.,62.,8.6));
#608 = VECTOR('',#609,1.);
#609 = DIRECTION('',(-0.,-1.,-0.));
#610 = ORIENTED_EDGE('',*,*,#165,.T.);
#611 = ORIENTED_EDGE('',*,*,#605,.T.);
#612 = CYLINDRICAL_SURFACE('',#613,1.6);
#613 = AXIS2_PLACEMENT_3D('',#614,#615,#616);
#614 = CARTESIAN_POINT('',(96.,62.,7.));
#615 = DIRECTION('',(-0.,-1.,-0.));
#616 = DIRECTION('',(-0.,-0.,1.));
#617 = ADVANCED_FACE('',(#618),#637,.F.);
#618 = FACE_BOUND('',#619,.T.);
#619 = EDGE_LOOP('',(#620,#629,#635,#636));
#620 = ORIENTED_EDGE('',*,*,#621,.F.);
#621 = EDGE_CURVE('',#622,#622,#624,.T.);
#622 = VERTEX_POINT('',#623);
#623 = CARTESIAN_POINT('',(114.,59.8,11.3));
#624 = CIRCLE('',#625,2.3);
#625 = AXIS2_PLACEMENT_3D('',#626,#627,#628);
#626 = CARTESIAN_POINT('',(114.,59.8,9.));
#627 = DIRECTION('',(0.,1.,0.));
#628 = DIRECTION('',(-0.,-0.,1.));
#629 = ORIENTED_EDGE('',*,*,#630,.F.);
#630 = EDGE_CURVE('',#177,#622,#631,.T.);
#631 = LINE('',#632,#633);
#632 = CARTESIAN_POINT('',(114.,62.,11.3));
#633 = VECTOR('',#634,1.);
#634 = DIRECTION('',(-0.,-1.,-0.));
#635 = ORIENTED_EDGE('',*,*,#176,.T.);
#636 = ORIENTED_EDGE('',*,*,#630,.T.);
#637 = CYLINDRICAL_SURFACE('',#638,2.3);
#638 = AXIS2_PLACEMENT_3D('',#639,#640,#641);
#639 = CARTESIAN_POINT('',(114.,62.,9.));
#640 = DIRECTION('',(-0.,-1.,-0.));
#641 = DIRECTION('',(-0.,-0.,1.));
#642 = ADVANCED_FACE('',(#643),#662,.F.);
#643 = FACE_BOUND('',#644,.T.);
#644 = EDGE_LOOP('',(#645,#651,#652,#659,#660,#661));
#645 = ORIENTED_EDGE('',*,*,#646,.T.);
#646 = EDGE_CURVE('',#188,#360,#647,.T.);
#647 = LINE('',#648,#649);
#648 = CARTESIAN_POINT('',(114.,62.,29.));
#649 = VECTOR('',#650,1.);
#650 = DIRECTION('',(-0.,-1.,-0.));
#651 = ORIENTED_EDGE('',*,*,#368,.F.);
#652 = ORIENTED_EDGE('',*,*,#653,.F.);
#653 = EDGE_CURVE('',#352,#369,#654,.T.);
#654 = CIRCLE('',#655,4.);
#655 = AXIS2_PLACEMENT_3D('',#656,#657,#658);
#656 = CARTESIAN_POINT('',(114.,58.,25.));
#657 = DIRECTION('',(0.,1.,0.));
#658 = DIRECTION('',(-0.,-0.,1.));
#659 = ORIENTED_EDGE('',*,*,#359,.F.);
#660 = ORIENTED_EDGE('',*,*,#646,.F.);
#661 = ORIENTED_EDGE('',*,*,#187,.T.);
#662 = CYLINDRICAL_SURFACE('',#663,4.);
#663 = AXIS2_PLACEMENT_3D('',#664,#665,#666);
#664 = CARTESIAN_POINT('',(114.,62.,25.));
#665 = DIRECTION('',(-0.,-1.,-0.));
#666 = DIRECTION('',(-0.,-0.,1.));
#667 = ADVANCED_FACE('',(#668),#693,.F.);
#668 = FACE_BOUND('',#669,.T.);
#669 = EDGE_LOOP('',(#670,#678,#679,#687));
#670 = ORIENTED_EDGE('',*,*,#671,.F.);
#671 = EDGE_CURVE('',#79,#672,#674,.T.);
#672 = VERTEX_POINT('',#673);
#673 = CARTESIAN_POINT('',(108.5,61.,46.5));
#674 = LINE('',#675,#676);
#675 = CARTESIAN_POINT('',(108.5,61.,34.8));
#676 = VECTOR('',#677,1.);
#677 = DIRECTION('',(-0.,-0.,1.));
#678 = ORIENTED_EDGE('',*,*,#214,.T.);
#679 = ORIENTED_EDGE('',*,*,#680,.T.);
#680 = EDGE_CURVE('',#205,#681,#683,.T.);
#681 = VERTEX_POINT('',#682);
#682 = CARTESIAN_POINT('',(108.5,58.,46.5));
#683 = LINE('',#684,#685);
#684 = CARTESIAN_POINT('',(108.5,58.,34.8));
#685 = VECTOR('',#686,1.);
#686 = DIRECTION('',(-0.,-0.,1.));
#687 = ORIENTED_EDGE('',*,*,#688,.F.);
#688 = EDGE_CURVE('',#672,#681,#689,.T.);
#689 = LINE('',#690,#691);
#690 = CARTESIAN_POINT('',(108.5,61.,46.5));
#691 = VECTOR('',#692,1.);
#692 = DIRECTION('',(-0.,-1.,-0.));
#693 = PLANE('',#694);
#694 = AXIS2_PLACEMENT_3D('',#695,#696,#697);
#695 = CARTESIAN_POINT('',(108.5,61.,34.8));
#696 = DIRECTION('',(1.,-0.,-0.));
#697 = DIRECTION('',(0.,0.,-1.));
#698 = ADVANCED_FACE('',(#699),#710,.T.);
#699 = FACE_BOUND('',#700,.F.);
#700 = EDGE_LOOP('',(#701,#707,#708,#709));
#701 = ORIENTED_EDGE('',*,*,#702,.T.);
#702 = EDGE_CURVE('',#205,#263,#703,.T.);
#703 = LINE('',#704,#705);
#704 = CARTESIAN_POINT('',(0.,58.,35.));
#705 = VECTOR('',#706,1.);
#706 = DIRECTION('',(1.,-0.,-0.));
#707 = ORIENTED_EDGE('',*,*,#262,.F.);
#708 = ORIENTED_EDGE('',*,*,#254,.F.);
#709 = ORIENTED_EDGE('',*,*,#246,.T.);
#710 = PLANE('',#711);
#711 = AXIS2_PLACEMENT_3D('',#712,#713,#714);
#712 = CARTESIAN_POINT('',(0.,58.,0.));
#713 = DIRECTION('',(-0.,-1.,-0.));
#714 = DIRECTION('',(0.,0.,-1.));
#715 = ADVANCED_FACE('',(#716),#757,.F.);
#716 = FACE_BOUND('',#717,.T.);
#717 = EDGE_LOOP('',(#718,#719,#727,#735,#743,#751));
#718 = ORIENTED_EDGE('',*,*,#289,.F.);
#719 = ORIENTED_EDGE('',*,*,#720,.T.);
#720 = EDGE_CURVE('',#290,#721,#723,.T.);
#721 = VERTEX_POINT('',#722);
#722 = CARTESIAN_POINT('',(16.,3.,15.5));
#723 = LINE('',#724,#725);
#724 = CARTESIAN_POINT('',(16.,58.,15.5));
#725 = VECTOR('',#726,1.);
#726 = DIRECTION('',(-0.,-1.,-0.));
#727 = ORIENTED_EDGE('',*,*,#728,.T.);
#728 = EDGE_CURVE('',#721,#729,#731,.T.);
#729 = VERTEX_POINT('',#730);
#730 = CARTESIAN_POINT('',(16.,3.,17.3));
#731 = LINE('',#732,#733);
#732 = CARTESIAN_POINT('',(16.,3.,15.5));
#733 = VECTOR('',#734,1.);
#734 = DIRECTION('',(-0.,-0.,1.));
#735 = ORIENTED_EDGE('',*,*,#736,.T.);
#736 = EDGE_CURVE('',#729,#737,#739,.T.);
#737 = VERTEX_POINT('',#738);
#738 = CARTESIAN_POINT('',(16.,4.2,18.5));
#739 = LINE('',#740,#741);
#740 = CARTESIAN_POINT('',(16.,16.6,30.9));
#741 = VECTOR('',#742,1.);
#742 = DIRECTION('',(-0.,0.707106781187,0.707106781187));
#743 = ORIENTED_EDGE('',*,*,#744,.F.);
#744 = EDGE_CURVE('',#745,#737,#747,.T.);
#745 = VERTEX_POINT('',#746);
#746 = CARTESIAN_POINT('',(16.,56.8,18.5));
#747 = LINE('',#748,#749);
#748 = CARTESIAN_POINT('',(16.,58.,18.5));
#749 = VECTOR('',#750,1.);
#750 = DIRECTION('',(-0.,-1.,-0.));
#751 = ORIENTED_EDGE('',*,*,#752,.F.);
#752 = EDGE_CURVE('',#292,#745,#753,.T.);
#753 = LINE('',#754,#755);
#754 = CARTESIAN_POINT('',(16.,58.15,17.15));
#755 = VECTOR('',#756,1.);
#756 = DIRECTION('',(-0.,-0.707106781187,0.707106781187));
#757 = PLANE('',#758);
#758 = AXIS2_PLACEMENT_3D('',#759,#760,#761);
#759 = CARTESIAN_POINT('',(16.,58.,15.5));
#760 = DIRECTION('',(1.,-0.,-0.));
#761 = DIRECTION('',(0.,0.,-1.));
#762 = ADVANCED_FACE('',(#763),#781,.F.);
#763 = FACE_BOUND('',#764,.F.);
#764 = EDGE_LOOP('',(#765,#766,#767,#775));
#765 = ORIENTED_EDGE('',*,*,#752,.F.);
#766 = ORIENTED_EDGE('',*,*,#315,.T.);
#767 = ORIENTED_EDGE('',*,*,#768,.T.);
#768 = EDGE_CURVE('',#308,#769,#771,.T.);
#769 = VERTEX_POINT('',#770);
#770 = CARTESIAN_POINT('',(104.,56.8,18.5));
#771 = LINE('',#772,#773);
#772 = CARTESIAN_POINT('',(104.,58.15,17.15));
#773 = VECTOR('',#774,1.);
#774 = DIRECTION('',(-0.,-0.707106781187,0.707106781187));
#775 = ORIENTED_EDGE('',*,*,#776,.F.);
#776 = EDGE_CURVE('',#745,#769,#777,.T.);
#777 = LINE('',#778,#779);
#778 = CARTESIAN_POINT('',(16.,56.8,18.5));
#779 = VECTOR('',#780,1.);
#780 = DIRECTION('',(1.,-0.,-0.));
#781 = PLANE('',#782);
#782 = AXIS2_PLACEMENT_3D('',#783,#784,#785);
#783 = CARTESIAN_POINT('',(16.,57.4,17.9));
#784 = DIRECTION('',(-0.,-0.707106781187,-0.707106781187));
#785 = DIRECTION('',(1.,-0.,-0.));
#786 = ADVANCED_FACE('',(#787),#821,.T.);
#787 = FACE_BOUND('',#788,.F.);
#788 = EDGE_LOOP('',(#789,#790,#798,#806,#814,#820));
#789 = ORIENTED_EDGE('',*,*,#307,.F.);
#790 = ORIENTED_EDGE('',*,*,#791,.T.);
#791 = EDGE_CURVE('',#300,#792,#794,.T.);
#792 = VERTEX_POINT('',#793);
#793 = CARTESIAN_POINT('',(104.,3.,15.5));
#794 = LINE('',#795,#796);
#795 = CARTESIAN_POINT('',(104.,58.,15.5));
#796 = VECTOR('',#797,1.);
#797 = DIRECTION('',(-0.,-1.,-0.));
#798 = ORIENTED_EDGE('',*,*,#799,.T.);
#799 = EDGE_CURVE('',#792,#800,#802,.T.);
#800 = VERTEX_POINT('',#801);
#801 = CARTESIAN_POINT('',(104.,3.,17.3));
#802 = LINE('',#803,#804);
#803 = CARTESIAN_POINT('',(104.,3.,15.5));
#804 = VECTOR('',#805,1.);
#805 = DIRECTION('',(-0.,-0.,1.));
#806 = ORIENTED_EDGE('',*,*,#807,.T.);
#807 = EDGE_CURVE('',#800,#808,#810,.T.);
#808 = VERTEX_POINT('',#809);
#809 = CARTESIAN_POINT('',(104.,4.2,18.5));
#810 = LINE('',#811,#812);
#811 = CARTESIAN_POINT('',(104.,16.6,30.9));
#812 = VECTOR('',#813,1.);
#813 = DIRECTION('',(-0.,0.707106781187,0.707106781187));
#814 = ORIENTED_EDGE('',*,*,#815,.F.);
#815 = EDGE_CURVE('',#769,#808,#816,.T.);
#816 = LINE('',#817,#818);
#817 = CARTESIAN_POINT('',(104.,58.,18.5));
#818 = VECTOR('',#819,1.);
#819 = DIRECTION('',(-0.,-1.,-0.));
#820 = ORIENTED_EDGE('',*,*,#768,.F.);
#821 = PLANE('',#822);
#822 = AXIS2_PLACEMENT_3D('',#823,#824,#825);
#823 = CARTESIAN_POINT('',(104.,58.,15.5));
#824 = DIRECTION('',(1.,-0.,-0.));
#825 = DIRECTION('',(0.,0.,-1.));
#826 = ADVANCED_FACE('',(#827),#838,.F.);
#827 = FACE_BOUND('',#828,.T.);
#828 = EDGE_LOOP('',(#829,#830,#831,#832));
#829 = ORIENTED_EDGE('',*,*,#720,.F.);
#830 = ORIENTED_EDGE('',*,*,#299,.T.);
#831 = ORIENTED_EDGE('',*,*,#791,.T.);
#832 = ORIENTED_EDGE('',*,*,#833,.F.);
#833 = EDGE_CURVE('',#721,#792,#834,.T.);
#834 = LINE('',#835,#836);
#835 = CARTESIAN_POINT('',(16.,3.,15.5));
#836 = VECTOR('',#837,1.);
#837 = DIRECTION('',(1.,-0.,-0.));
#838 = PLANE('',#839);
#839 = AXIS2_PLACEMENT_3D('',#840,#841,#842);
#840 = CARTESIAN_POINT('',(16.,58.,15.5));
#841 = DIRECTION('',(-0.,-0.,1.));
#842 = DIRECTION('',(-1.,0.,0.));
#843 = ADVANCED_FACE('',(#844),#917,.F.);
#844 = FACE_BOUND('',#845,.T.);
#845 = EDGE_LOOP('',(#846,#854,#862,#870,#878,#886,#894,#902,#910,#916)
  );
#846 = ORIENTED_EDGE('',*,*,#847,.F.);
#847 = EDGE_CURVE('',#848,#326,#850,.T.);
#848 = VERTEX_POINT('',#849);
#849 = CARTESIAN_POINT('',(6.,58.,27.));
#850 = LINE('',#851,#852);
#851 = CARTESIAN_POINT('',(6.,58.,27.));
#852 = VECTOR('',#853,1.);
#853 = DIRECTION('',(-0.,-0.,1.));
#854 = ORIENTED_EDGE('',*,*,#855,.T.);
#855 = EDGE_CURVE('',#848,#856,#858,.T.);
#856 = VERTEX_POINT('',#857);
#857 = CARTESIAN_POINT('',(6.,3.,27.));
#858 = LINE('',#859,#860);
#859 = CARTESIAN_POINT('',(6.,58.,27.));
#860 = VECTOR('',#861,1.);
#861 = DIRECTION('',(-0.,-1.,-0.));
#862 = ORIENTED_EDGE('',*,*,#863,.T.);
#863 = EDGE_CURVE('',#856,#864,#866,.T.);
#864 = VERTEX_POINT('',#865);
#865 = CARTESIAN_POINT('',(6.,3.,27.25));
#866 = LINE('',#867,#868);
#867 = CARTESIAN_POINT('',(6.,3.,27.));
#868 = VECTOR('',#869,1.);
#869 = DIRECTION('',(-0.,-0.,1.));
#870 = ORIENTED_EDGE('',*,*,#871,.T.);
#871 = EDGE_CURVE('',#864,#872,#874,.T.);
#872 = VERTEX_POINT('',#873);
#873 = CARTESIAN_POINT('',(6.,3.,28.8));
#874 = LINE('',#875,#876);
#875 = CARTESIAN_POINT('',(6.,3.,27.));
#876 = VECTOR('',#877,1.);
#877 = DIRECTION('',(-0.,-0.,1.));
#878 = ORIENTED_EDGE('',*,*,#879,.F.);
#879 = EDGE_CURVE('',#880,#872,#882,.T.);
#880 = VERTEX_POINT('',#881);
#881 = CARTESIAN_POINT('',(6.,4.,28.8));
#882 = LINE('',#883,#884);
#883 = CARTESIAN_POINT('',(6.,58.,28.8));
#884 = VECTOR('',#885,1.);
#885 = DIRECTION('',(-0.,-1.,-0.));
#886 = ORIENTED_EDGE('',*,*,#887,.T.);
#887 = EDGE_CURVE('',#880,#888,#890,.T.);
#888 = VERTEX_POINT('',#889);
#889 = CARTESIAN_POINT('',(6.,4.,27.2));
#890 = LINE('',#891,#892);
#891 = CARTESIAN_POINT('',(6.,4.,26.));
#892 = VECTOR('',#893,1.);
#893 = DIRECTION('',(-0.,-0.,-1.));
#894 = ORIENTED_EDGE('',*,*,#895,.F.);
#895 = EDGE_CURVE('',#896,#888,#898,.T.);
#896 = VERTEX_POINT('',#897);
#897 = CARTESIAN_POINT('',(6.,57.,27.2));
#898 = LINE('',#899,#900);
#899 = CARTESIAN_POINT('',(6.,58.,27.2));
#900 = VECTOR('',#901,1.);
#901 = DIRECTION('',(-0.,-1.,-0.));
#902 = ORIENTED_EDGE('',*,*,#903,.F.);
#903 = EDGE_CURVE('',#904,#896,#906,.T.);
#904 = VERTEX_POINT('',#905);
#905 = CARTESIAN_POINT('',(6.,57.,28.8));
#906 = LINE('',#907,#908);
#907 = CARTESIAN_POINT('',(6.,57.,26.));
#908 = VECTOR('',#909,1.);
#909 = DIRECTION('',(-0.,-0.,-1.));
#910 = ORIENTED_EDGE('',*,*,#911,.F.);
#911 = EDGE_CURVE('',#394,#904,#912,.T.);
#912 = LINE('',#913,#914);
#913 = CARTESIAN_POINT('',(6.,58.,28.8));
#914 = VECTOR('',#915,1.);
#915 = DIRECTION('',(-0.,-1.,-0.));
#916 = ORIENTED_EDGE('',*,*,#401,.F.);
#917 = PLANE('',#918);
#918 = AXIS2_PLACEMENT_3D('',#919,#920,#921);
#919 = CARTESIAN_POINT('',(6.,58.,27.));
#920 = DIRECTION('',(1.,-0.,-0.));
#921 = DIRECTION('',(0.,0.,-1.));
#922 = ADVANCED_FACE('',(#923),#941,.F.);
#923 = FACE_BOUND('',#924,.T.);
#924 = EDGE_LOOP('',(#925,#926,#927,#935));
#925 = ORIENTED_EDGE('',*,*,#393,.F.);
#926 = ORIENTED_EDGE('',*,*,#911,.T.);
#927 = ORIENTED_EDGE('',*,*,#928,.F.);
#928 = EDGE_CURVE('',#929,#904,#931,.T.);
#929 = VERTEX_POINT('',#930);
#930 = CARTESIAN_POINT('',(7.2,57.,30.));
#931 = LINE('',#932,#933);
#932 = CARTESIAN_POINT('',(5.35,57.,28.15));
#933 = VECTOR('',#934,1.);
#934 = DIRECTION('',(-0.707106781187,-0.,-0.707106781187));
#935 = ORIENTED_EDGE('',*,*,#936,.F.);
#936 = EDGE_CURVE('',#386,#929,#937,.T.);
#937 = LINE('',#938,#939);
#938 = CARTESIAN_POINT('',(7.2,58.,30.));
#939 = VECTOR('',#940,1.);
#940 = DIRECTION('',(-0.,-1.,-0.));
#941 = PLANE('',#942);
#942 = AXIS2_PLACEMENT_3D('',#943,#944,#945);
#943 = CARTESIAN_POINT('',(6.6,58.,29.4));
#944 = DIRECTION('',(0.707106781187,-0.,-0.707106781187));
#945 = DIRECTION('',(0.,1.,0.));
#946 = ADVANCED_FACE('',(#947,#1075),#1141,.F.);
#947 = FACE_BOUND('',#948,.T.);
#948 = EDGE_LOOP('',(#949,#957,#958,#964,#965,#973,#981,#989,#997,#1005,
    #1013,#1021,#1029,#1037,#1045,#1053,#1061,#1069));
#949 = ORIENTED_EDGE('',*,*,#950,.F.);
#950 = EDGE_CURVE('',#856,#951,#953,.T.);
#951 = VERTEX_POINT('',#952);
#952 = CARTESIAN_POINT('',(15.030776406404,3.,27.));
#953 = LINE('',#954,#955);
#954 = CARTESIAN_POINT('',(6.,3.,27.));
#955 = VECTOR('',#956,1.);
#956 = DIRECTION('',(1.,-0.,-0.));
#957 = ORIENTED_EDGE('',*,*,#855,.F.);
#958 = ORIENTED_EDGE('',*,*,#959,.T.);
#959 = EDGE_CURVE('',#848,#343,#960,.T.);
#960 = LINE('',#961,#962);
#961 = CARTESIAN_POINT('',(6.,58.,27.));
#962 = VECTOR('',#963,1.);
#963 = DIRECTION('',(1.,-0.,-0.));
#964 = ORIENTED_EDGE('',*,*,#351,.T.);
#965 = ORIENTED_EDGE('',*,*,#966,.T.);
#966 = EDGE_CURVE('',#352,#967,#969,.T.);
#967 = VERTEX_POINT('',#968);
#968 = CARTESIAN_POINT('',(111.12771867673,58.,27.));
#969 = LINE('',#970,#971);
#970 = CARTESIAN_POINT('',(6.,58.,27.));
#971 = VECTOR('',#972,1.);
#972 = DIRECTION('',(1.,-0.,-0.));
#973 = ORIENTED_EDGE('',*,*,#974,.T.);
#974 = EDGE_CURVE('',#967,#975,#977,.T.);
#975 = VERTEX_POINT('',#976);
#976 = CARTESIAN_POINT('',(111.12771867673,57.,27.));
#977 = LINE('',#978,#979);
#978 = CARTESIAN_POINT('',(111.12771867673,60.5,27.));
#979 = VECTOR('',#980,1.);
#980 = DIRECTION('',(-0.,-1.,-0.));
#981 = ORIENTED_EDGE('',*,*,#982,.F.);
#982 = EDGE_CURVE('',#983,#975,#985,.T.);
#983 = VERTEX_POINT('',#984);
#984 = CARTESIAN_POINT('',(107.81534156157,57.,27.));
#985 = LINE('',#986,#987);
#986 = CARTESIAN_POINT('',(60.,57.,27.));
#987 = VECTOR('',#988,1.);
#988 = DIRECTION('',(1.,-0.,-0.));
#989 = ORIENTED_EDGE('',*,*,#990,.T.);
#990 = EDGE_CURVE('',#983,#991,#993,.T.);
#991 = VERTEX_POINT('',#992);
#992 = CARTESIAN_POINT('',(107.81534156157,55.5,27.));
#993 = LINE('',#994,#995);
#994 = CARTESIAN_POINT('',(107.81534156157,57.,27.));
#995 = VECTOR('',#996,1.);
#996 = DIRECTION('',(-0.,-1.,-0.));
#997 = ORIENTED_EDGE('',*,*,#998,.T.);
#998 = EDGE_CURVE('',#991,#999,#1001,.T.);
#999 = VERTEX_POINT('',#1000);
#1000 = CARTESIAN_POINT('',(109.41742430504,55.5,27.));
#1001 = LINE('',#1002,#1003);
#1002 = CARTESIAN_POINT('',(60.,55.5,27.));
#1003 = VECTOR('',#1004,1.);
#1004 = DIRECTION('',(1.,-0.,-0.));
#1005 = ORIENTED_EDGE('',*,*,#1006,.T.);
#1006 = EDGE_CURVE('',#999,#1007,#1009,.T.);
#1007 = VERTEX_POINT('',#1008);
#1008 = CARTESIAN_POINT('',(109.41742430504,5.5,27.));
#1009 = LINE('',#1010,#1011);
#1010 = CARTESIAN_POINT('',(109.41742430504,55.5,27.));
#1011 = VECTOR('',#1012,1.);
#1012 = DIRECTION('',(-0.,-1.,-0.));
#1013 = ORIENTED_EDGE('',*,*,#1014,.F.);
#1014 = EDGE_CURVE('',#1015,#1007,#1017,.T.);
#1015 = VERTEX_POINT('',#1016);
#1016 = CARTESIAN_POINT('',(107.81534156157,5.5,27.));
#1017 = LINE('',#1018,#1019);
#1018 = CARTESIAN_POINT('',(60.,5.5,27.));
#1019 = VECTOR('',#1020,1.);
#1020 = DIRECTION('',(1.,-0.,-0.));
#1021 = ORIENTED_EDGE('',*,*,#1022,.T.);
#1022 = EDGE_CURVE('',#1015,#1023,#1025,.T.);
#1023 = VERTEX_POINT('',#1024);
#1024 = CARTESIAN_POINT('',(107.81534156157,4.,27.));
#1025 = LINE('',#1026,#1027);
#1026 = CARTESIAN_POINT('',(107.81534156157,5.5,27.));
#1027 = VECTOR('',#1028,1.);
#1028 = DIRECTION('',(-0.,-1.,-0.));
#1029 = ORIENTED_EDGE('',*,*,#1030,.T.);
#1030 = EDGE_CURVE('',#1023,#1031,#1033,.T.);
#1031 = VERTEX_POINT('',#1032);
#1032 = CARTESIAN_POINT('',(113.083484861,4.,27.));
#1033 = LINE('',#1034,#1035);
#1034 = CARTESIAN_POINT('',(60.,4.,27.));
#1035 = VECTOR('',#1036,1.);
#1036 = DIRECTION('',(1.,-0.,-0.));
#1037 = ORIENTED_EDGE('',*,*,#1038,.F.);
#1038 = EDGE_CURVE('',#1039,#1031,#1041,.T.);
#1039 = VERTEX_POINT('',#1040);
#1040 = CARTESIAN_POINT('',(113.083484861,50.5,27.));
#1041 = LINE('',#1042,#1043);
#1042 = CARTESIAN_POINT('',(113.083484861,50.5,27.));
#1043 = VECTOR('',#1044,1.);
#1044 = DIRECTION('',(-0.,-1.,-0.));
#1045 = ORIENTED_EDGE('',*,*,#1046,.T.);
#1046 = EDGE_CURVE('',#1039,#1047,#1049,.T.);
#1047 = VERTEX_POINT('',#1048);
#1048 = CARTESIAN_POINT('',(114.,50.5,27.));
#1049 = LINE('',#1050,#1051);
#1050 = CARTESIAN_POINT('',(60.,50.5,27.));
#1051 = VECTOR('',#1052,1.);
#1052 = DIRECTION('',(1.,-0.,-0.));
#1053 = ORIENTED_EDGE('',*,*,#1054,.T.);
#1054 = EDGE_CURVE('',#1047,#1055,#1057,.T.);
#1055 = VERTEX_POINT('',#1056);
#1056 = CARTESIAN_POINT('',(114.,3.,27.));
#1057 = LINE('',#1058,#1059);
#1058 = CARTESIAN_POINT('',(114.,58.,27.));
#1059 = VECTOR('',#1060,1.);
#1060 = DIRECTION('',(-0.,-1.,-0.));
#1061 = ORIENTED_EDGE('',*,*,#1062,.F.);
#1062 = EDGE_CURVE('',#1063,#1055,#1065,.T.);
#1063 = VERTEX_POINT('',#1064);
#1064 = CARTESIAN_POINT('',(113.083484861,3.,27.));
#1065 = LINE('',#1066,#1067);
#1066 = CARTESIAN_POINT('',(6.,3.,27.));
#1067 = VECTOR('',#1068,1.);
#1068 = DIRECTION('',(1.,-0.,-0.));
#1069 = ORIENTED_EDGE('',*,*,#1070,.F.);
#1070 = EDGE_CURVE('',#951,#1063,#1071,.T.);
#1071 = LINE('',#1072,#1073);
#1072 = CARTESIAN_POINT('',(6.,3.,27.));
#1073 = VECTOR('',#1074,1.);
#1074 = DIRECTION('',(1.,-0.,-0.));
#1075 = FACE_BOUND('',#1076,.T.);
#1076 = EDGE_LOOP('',(#1077,#1087,#1095,#1103,#1111,#1119,#1127,#1135));
#1077 = ORIENTED_EDGE('',*,*,#1078,.F.);
#1078 = EDGE_CURVE('',#1079,#1081,#1083,.T.);
#1079 = VERTEX_POINT('',#1080);
#1080 = CARTESIAN_POINT('',(10.582575694956,55.5,27.));
#1081 = VERTEX_POINT('',#1082);
#1082 = CARTESIAN_POINT('',(10.582575694956,5.5,27.));
#1083 = LINE('',#1084,#1085);
#1084 = CARTESIAN_POINT('',(10.582575694956,55.5,27.));
#1085 = VECTOR('',#1086,1.);
#1086 = DIRECTION('',(-0.,-1.,-0.));
#1087 = ORIENTED_EDGE('',*,*,#1088,.T.);
#1088 = EDGE_CURVE('',#1079,#1089,#1091,.T.);
#1089 = VERTEX_POINT('',#1090);
#1090 = CARTESIAN_POINT('',(12.184658438426,55.5,27.));
#1091 = LINE('',#1092,#1093);
#1092 = CARTESIAN_POINT('',(6.,55.5,27.));
#1093 = VECTOR('',#1094,1.);
#1094 = DIRECTION('',(1.,-0.,-0.));
#1095 = ORIENTED_EDGE('',*,*,#1096,.F.);
#1096 = EDGE_CURVE('',#1097,#1089,#1099,.T.);
#1097 = VERTEX_POINT('',#1098);
#1098 = CARTESIAN_POINT('',(12.184658438426,57.,27.));
#1099 = LINE('',#1100,#1101);
#1100 = CARTESIAN_POINT('',(12.184658438426,57.,27.));
#1101 = VECTOR('',#1102,1.);
#1102 = DIRECTION('',(-0.,-1.,-0.));
#1103 = ORIENTED_EDGE('',*,*,#1104,.F.);
#1104 = EDGE_CURVE('',#1105,#1097,#1107,.T.);
#1105 = VERTEX_POINT('',#1106);
#1106 = CARTESIAN_POINT('',(6.916515138991,57.,27.));
#1107 = LINE('',#1108,#1109);
#1108 = CARTESIAN_POINT('',(6.,57.,27.));
#1109 = VECTOR('',#1110,1.);
#1110 = DIRECTION('',(1.,-0.,-0.));
#1111 = ORIENTED_EDGE('',*,*,#1112,.T.);
#1112 = EDGE_CURVE('',#1105,#1113,#1115,.T.);
#1113 = VERTEX_POINT('',#1114);
#1114 = CARTESIAN_POINT('',(6.916515138991,4.,27.));
#1115 = LINE('',#1116,#1117);
#1116 = CARTESIAN_POINT('',(6.916515138991,58.,27.));
#1117 = VECTOR('',#1118,1.);
#1118 = DIRECTION('',(-0.,-1.,-0.));
#1119 = ORIENTED_EDGE('',*,*,#1120,.T.);
#1120 = EDGE_CURVE('',#1113,#1121,#1123,.T.);
#1121 = VERTEX_POINT('',#1122);
#1122 = CARTESIAN_POINT('',(12.184658438426,4.,27.));
#1123 = LINE('',#1124,#1125);
#1124 = CARTESIAN_POINT('',(6.,4.,27.));
#1125 = VECTOR('',#1126,1.);
#1126 = DIRECTION('',(1.,-0.,-0.));
#1127 = ORIENTED_EDGE('',*,*,#1128,.F.);
#1128 = EDGE_CURVE('',#1129,#1121,#1131,.T.);
#1129 = VERTEX_POINT('',#1130);
#1130 = CARTESIAN_POINT('',(12.184658438426,5.5,27.));
#1131 = LINE('',#1132,#1133);
#1132 = CARTESIAN_POINT('',(12.184658438426,5.5,27.));
#1133 = VECTOR('',#1134,1.);
#1134 = DIRECTION('',(-0.,-1.,-0.));
#1135 = ORIENTED_EDGE('',*,*,#1136,.F.);
#1136 = EDGE_CURVE('',#1081,#1129,#1137,.T.);
#1137 = LINE('',#1138,#1139);
#1138 = CARTESIAN_POINT('',(6.,5.5,27.));
#1139 = VECTOR('',#1140,1.);
#1140 = DIRECTION('',(1.,-0.,-0.));
#1141 = PLANE('',#1142);
#1142 = AXIS2_PLACEMENT_3D('',#1143,#1144,#1145);
#1143 = CARTESIAN_POINT('',(6.,58.,27.));
#1144 = DIRECTION('',(-0.,-0.,1.));
#1145 = DIRECTION('',(-1.,0.,0.));
#1146 = ADVANCED_FACE('',(#1147),#1197,.T.);
#1147 = FACE_BOUND('',#1148,.F.);
#1148 = EDGE_LOOP('',(#1149,#1159,#1167,#1173,#1174,#1175,#1183,#1191));
#1149 = ORIENTED_EDGE('',*,*,#1150,.F.);
#1150 = EDGE_CURVE('',#1151,#1153,#1155,.T.);
#1151 = VERTEX_POINT('',#1152);
#1152 = CARTESIAN_POINT('',(10.153311931459,55.5,30.));
#1153 = VERTEX_POINT('',#1154);
#1154 = CARTESIAN_POINT('',(109.84668806854,55.5,30.));
#1155 = LINE('',#1156,#1157);
#1156 = CARTESIAN_POINT('',(6.,55.5,30.));
#1157 = VECTOR('',#1158,1.);
#1158 = DIRECTION('',(1.,-0.,-0.));
#1159 = ORIENTED_EDGE('',*,*,#1160,.F.);
#1160 = EDGE_CURVE('',#1161,#1151,#1163,.T.);
#1161 = VERTEX_POINT('',#1162);
#1162 = CARTESIAN_POINT('',(10.153311931459,57.,30.));
#1163 = LINE('',#1164,#1165);
#1164 = CARTESIAN_POINT('',(10.153311931459,57.,30.));
#1165 = VECTOR('',#1166,1.);
#1166 = DIRECTION('',(-0.,-1.,-0.));
#1167 = ORIENTED_EDGE('',*,*,#1168,.F.);
#1168 = EDGE_CURVE('',#929,#1161,#1169,.T.);
#1169 = LINE('',#1170,#1171);
#1170 = CARTESIAN_POINT('',(6.,57.,30.));
#1171 = VECTOR('',#1172,1.);
#1172 = DIRECTION('',(1.,-0.,-0.));
#1173 = ORIENTED_EDGE('',*,*,#936,.F.);
#1174 = ORIENTED_EDGE('',*,*,#385,.T.);
#1175 = ORIENTED_EDGE('',*,*,#1176,.T.);
#1176 = EDGE_CURVE('',#378,#1177,#1179,.T.);
#1177 = VERTEX_POINT('',#1178);
#1178 = CARTESIAN_POINT('',(112.8,57.,30.));
#1179 = LINE('',#1180,#1181);
#1180 = CARTESIAN_POINT('',(112.8,58.,30.));
#1181 = VECTOR('',#1182,1.);
#1182 = DIRECTION('',(-0.,-1.,-0.));
#1183 = ORIENTED_EDGE('',*,*,#1184,.F.);
#1184 = EDGE_CURVE('',#1185,#1177,#1187,.T.);
#1185 = VERTEX_POINT('',#1186);
#1186 = CARTESIAN_POINT('',(109.84668806854,57.,30.));
#1187 = LINE('',#1188,#1189);
#1188 = CARTESIAN_POINT('',(60.,57.,30.));
#1189 = VECTOR('',#1190,1.);
#1190 = DIRECTION('',(1.,-0.,-0.));
#1191 = ORIENTED_EDGE('',*,*,#1192,.T.);
#1192 = EDGE_CURVE('',#1185,#1153,#1193,.T.);
#1193 = LINE('',#1194,#1195);
#1194 = CARTESIAN_POINT('',(109.84668806854,57.,30.));
#1195 = VECTOR('',#1196,1.);
#1196 = DIRECTION('',(-0.,-1.,-0.));
#1197 = PLANE('',#1198);
#1198 = AXIS2_PLACEMENT_3D('',#1199,#1200,#1201);
#1199 = CARTESIAN_POINT('',(6.,58.,30.));
#1200 = DIRECTION('',(-0.,-0.,1.));
#1201 = DIRECTION('',(-1.,0.,0.));
#1202 = ADVANCED_FACE('',(#1203),#1229,.T.);
#1203 = FACE_BOUND('',#1204,.F.);
#1204 = EDGE_LOOP('',(#1205,#1213,#1221,#1227,#1228));
#1205 = ORIENTED_EDGE('',*,*,#1206,.F.);
#1206 = EDGE_CURVE('',#1207,#369,#1209,.T.);
#1207 = VERTEX_POINT('',#1208);
#1208 = CARTESIAN_POINT('',(114.,58.,28.8));
#1209 = LINE('',#1210,#1211);
#1210 = CARTESIAN_POINT('',(87.15,58.,55.65));
#1211 = VECTOR('',#1212,1.);
#1212 = DIRECTION('',(-0.707106781187,-0.,0.707106781187));
#1213 = ORIENTED_EDGE('',*,*,#1214,.T.);
#1214 = EDGE_CURVE('',#1207,#1215,#1217,.T.);
#1215 = VERTEX_POINT('',#1216);
#1216 = CARTESIAN_POINT('',(114.,57.,28.8));
#1217 = LINE('',#1218,#1219);
#1218 = CARTESIAN_POINT('',(114.,58.,28.8));
#1219 = VECTOR('',#1220,1.);
#1220 = DIRECTION('',(-0.,-1.,-0.));
#1221 = ORIENTED_EDGE('',*,*,#1222,.F.);
#1222 = EDGE_CURVE('',#1177,#1215,#1223,.T.);
#1223 = LINE('',#1224,#1225);
#1224 = CARTESIAN_POINT('',(114.65,57.,28.15));
#1225 = VECTOR('',#1226,1.);
#1226 = DIRECTION('',(0.707106781187,-0.,-0.707106781187));
#1227 = ORIENTED_EDGE('',*,*,#1176,.F.);
#1228 = ORIENTED_EDGE('',*,*,#377,.F.);
#1229 = PLANE('',#1230);
#1230 = AXIS2_PLACEMENT_3D('',#1231,#1232,#1233);
#1231 = CARTESIAN_POINT('',(113.4,58.,29.4));
#1232 = DIRECTION('',(0.707106781187,-1.407620945704E-17,0.707106781187)
  );
#1233 = DIRECTION('',(9.953383160478E-18,1.,9.953383160478E-18));
#1234 = ADVANCED_FACE('',(#1235),#1254,.T.);
#1235 = FACE_BOUND('',#1236,.F.);
#1236 = EDGE_LOOP('',(#1237,#1245,#1252,#1253));
#1237 = ORIENTED_EDGE('',*,*,#1238,.T.);
#1238 = EDGE_CURVE('',#421,#1239,#1241,.T.);
#1239 = VERTEX_POINT('',#1240);
#1240 = CARTESIAN_POINT('',(114.,56.4,14.214656965084));
#1241 = LINE('',#1242,#1243);
#1242 = CARTESIAN_POINT('',(114.,58.2,14.214656965084));
#1243 = VECTOR('',#1244,1.);
#1244 = DIRECTION('',(-0.,-1.,-0.));
#1245 = ORIENTED_EDGE('',*,*,#1246,.F.);
#1246 = EDGE_CURVE('',#1239,#1239,#1247,.T.);
#1247 = CIRCLE('',#1248,5.214656965084);
#1248 = AXIS2_PLACEMENT_3D('',#1249,#1250,#1251);
#1249 = CARTESIAN_POINT('',(114.,56.4,9.));
#1250 = DIRECTION('',(0.,1.,0.));
#1251 = DIRECTION('',(-0.,-0.,1.));
#1252 = ORIENTED_EDGE('',*,*,#1238,.F.);
#1253 = ORIENTED_EDGE('',*,*,#420,.T.);
#1254 = CYLINDRICAL_SURFACE('',#1255,5.214656965084);
#1255 = AXIS2_PLACEMENT_3D('',#1256,#1257,#1258);
#1256 = CARTESIAN_POINT('',(114.,58.2,9.));
#1257 = DIRECTION('',(-0.,-1.,-0.));
#1258 = DIRECTION('',(-0.,-0.,1.));
#1259 = ADVANCED_FACE('',(#1260),#1285,.T.);
#1260 = FACE_BOUND('',#1261,.F.);
#1261 = EDGE_LOOP('',(#1262,#1270,#1271,#1279));
#1262 = ORIENTED_EDGE('',*,*,#1263,.F.);
#1263 = EDGE_CURVE('',#103,#1264,#1266,.T.);
#1264 = VERTEX_POINT('',#1265);
#1265 = CARTESIAN_POINT('',(119.5,61.,46.5));
#1266 = LINE('',#1267,#1268);
#1267 = CARTESIAN_POINT('',(119.5,61.,34.8));
#1268 = VECTOR('',#1269,1.);
#1269 = DIRECTION('',(-0.,-0.,1.));
#1270 = ORIENTED_EDGE('',*,*,#472,.T.);
#1271 = ORIENTED_EDGE('',*,*,#1272,.T.);
#1272 = EDGE_CURVE('',#263,#1273,#1275,.T.);
#1273 = VERTEX_POINT('',#1274);
#1274 = CARTESIAN_POINT('',(119.5,58.,46.5));
#1275 = LINE('',#1276,#1277);
#1276 = CARTESIAN_POINT('',(119.5,58.,34.8));
#1277 = VECTOR('',#1278,1.);
#1278 = DIRECTION('',(-0.,-0.,1.));
#1279 = ORIENTED_EDGE('',*,*,#1280,.F.);
#1280 = EDGE_CURVE('',#1264,#1273,#1281,.T.);
#1281 = LINE('',#1282,#1283);
#1282 = CARTESIAN_POINT('',(119.5,61.,46.5));
#1283 = VECTOR('',#1284,1.);
#1284 = DIRECTION('',(-0.,-1.,-0.));
#1285 = PLANE('',#1286);
#1286 = AXIS2_PLACEMENT_3D('',#1287,#1288,#1289);
#1287 = CARTESIAN_POINT('',(119.5,61.,34.8));
#1288 = DIRECTION('',(1.,-0.,-0.));
#1289 = DIRECTION('',(0.,0.,-1.));
#1290 = ADVANCED_FACE('',(#1291,#1302),#1313,.F.);
#1291 = FACE_BOUND('',#1292,.T.);
#1292 = EDGE_LOOP('',(#1293,#1294,#1295,#1301));
#1293 = ORIENTED_EDGE('',*,*,#488,.F.);
#1294 = ORIENTED_EDGE('',*,*,#671,.T.);
#1295 = ORIENTED_EDGE('',*,*,#1296,.T.);
#1296 = EDGE_CURVE('',#672,#1264,#1297,.T.);
#1297 = LINE('',#1298,#1299);
#1298 = CARTESIAN_POINT('',(108.5,61.,46.5));
#1299 = VECTOR('',#1300,1.);
#1300 = DIRECTION('',(1.,-0.,-0.));
#1301 = ORIENTED_EDGE('',*,*,#1263,.F.);
#1302 = FACE_BOUND('',#1303,.T.);
#1303 = EDGE_LOOP('',(#1304));
#1304 = ORIENTED_EDGE('',*,*,#1305,.F.);
#1305 = EDGE_CURVE('',#1306,#1306,#1308,.T.);
#1306 = VERTEX_POINT('',#1307);
#1307 = CARTESIAN_POINT('',(114.,61.,43.3));
#1308 = CIRCLE('',#1309,2.3);
#1309 = AXIS2_PLACEMENT_3D('',#1310,#1311,#1312);
#1310 = CARTESIAN_POINT('',(114.,61.,41.));
#1311 = DIRECTION('',(0.,1.,0.));
#1312 = DIRECTION('',(-0.,-0.,1.));
#1313 = PLANE('',#1314);
#1314 = AXIS2_PLACEMENT_3D('',#1315,#1316,#1317);
#1315 = CARTESIAN_POINT('',(108.5,61.,34.8));
#1316 = DIRECTION('',(-0.,-1.,-0.));
#1317 = DIRECTION('',(0.,0.,-1.));
#1318 = ADVANCED_FACE('',(#1319),#1325,.F.);
#1319 = FACE_BOUND('',#1320,.T.);
#1320 = EDGE_LOOP('',(#1321,#1322,#1323,#1324));
#1321 = ORIENTED_EDGE('',*,*,#585,.T.);
#1322 = ORIENTED_EDGE('',*,*,#959,.F.);
#1323 = ORIENTED_EDGE('',*,*,#847,.T.);
#1324 = ORIENTED_EDGE('',*,*,#571,.T.);
#1325 = PLANE('',#1326);
#1326 = AXIS2_PLACEMENT_3D('',#1327,#1328,#1329);
#1327 = CARTESIAN_POINT('',(6.,58.,27.));
#1328 = DIRECTION('',(-0.,-1.,-0.));
#1329 = DIRECTION('',(0.,0.,-1.));
#1330 = ADVANCED_FACE('',(#1331,#1381),#1384,.F.);
#1331 = FACE_BOUND('',#1332,.T.);
#1332 = EDGE_LOOP('',(#1333,#1343,#1351,#1359,#1367,#1375));
#1333 = ORIENTED_EDGE('',*,*,#1334,.T.);
#1334 = EDGE_CURVE('',#1335,#1337,#1339,.T.);
#1335 = VERTEX_POINT('',#1336);
#1336 = CARTESIAN_POINT('',(117.65,59.8,11.107328482542));
#1337 = VERTEX_POINT('',#1338);
#1338 = CARTESIAN_POINT('',(114.,59.8,13.214656965084));
#1339 = LINE('',#1340,#1341);
#1340 = CARTESIAN_POINT('',(117.65,59.8,11.107328482542));
#1341 = VECTOR('',#1342,1.);
#1342 = DIRECTION('',(-0.866025403784,-0.,0.5));
#1343 = ORIENTED_EDGE('',*,*,#1344,.T.);
#1344 = EDGE_CURVE('',#1337,#1345,#1347,.T.);
#1345 = VERTEX_POINT('',#1346);
#1346 = CARTESIAN_POINT('',(110.35,59.8,11.107328482542));
#1347 = LINE('',#1348,#1349);
#1348 = CARTESIAN_POINT('',(114.,59.8,13.214656965084));
#1349 = VECTOR('',#1350,1.);
#1350 = DIRECTION('',(-0.866025403784,-0.,-0.5));
#1351 = ORIENTED_EDGE('',*,*,#1352,.T.);
#1352 = EDGE_CURVE('',#1345,#1353,#1355,.T.);
#1353 = VERTEX_POINT('',#1354);
#1354 = CARTESIAN_POINT('',(110.35,59.8,6.892671517458));
#1355 = LINE('',#1356,#1357);
#1356 = CARTESIAN_POINT('',(110.35,59.8,11.107328482542));
#1357 = VECTOR('',#1358,1.);
#1358 = DIRECTION('',(-0.,-0.,-1.));
#1359 = ORIENTED_EDGE('',*,*,#1360,.T.);
#1360 = EDGE_CURVE('',#1353,#1361,#1363,.T.);
#1361 = VERTEX_POINT('',#1362);
#1362 = CARTESIAN_POINT('',(114.,59.8,4.785343034916));
#1363 = LINE('',#1364,#1365);
#1364 = CARTESIAN_POINT('',(110.35,59.8,6.892671517458));
#1365 = VECTOR('',#1366,1.);
#1366 = DIRECTION('',(0.866025403784,-0.,-0.5));
#1367 = ORIENTED_EDGE('',*,*,#1368,.T.);
#1368 = EDGE_CURVE('',#1361,#1369,#1371,.T.);
#1369 = VERTEX_POINT('',#1370);
#1370 = CARTESIAN_POINT('',(117.65,59.8,6.892671517458));
#1371 = LINE('',#1372,#1373);
#1372 = CARTESIAN_POINT('',(114.,59.8,4.785343034916));
#1373 = VECTOR('',#1374,1.);
#1374 = DIRECTION('',(0.866025403784,-0.,0.5));
#1375 = ORIENTED_EDGE('',*,*,#1376,.T.);
#1376 = EDGE_CURVE('',#1369,#1335,#1377,.T.);
#1377 = LINE('',#1378,#1379);
#1378 = CARTESIAN_POINT('',(117.65,59.8,6.892671517458));
#1379 = VECTOR('',#1380,1.);
#1380 = DIRECTION('',(3.371770189823E-15,-0.,1.));
#1381 = FACE_BOUND('',#1382,.T.);
#1382 = EDGE_LOOP('',(#1383));
#1383 = ORIENTED_EDGE('',*,*,#621,.T.);
#1384 = PLANE('',#1385);
#1385 = AXIS2_PLACEMENT_3D('',#1386,#1387,#1388);
#1386 = CARTESIAN_POINT('',(114.,59.8,9.));
#1387 = DIRECTION('',(-0.,1.,-0.));
#1388 = DIRECTION('',(0.,0.,1.));
#1389 = ADVANCED_FACE('',(#1390),#1410,.F.);
#1390 = FACE_BOUND('',#1391,.T.);
#1391 = EDGE_LOOP('',(#1392,#1400,#1407,#1408,#1409));
#1392 = ORIENTED_EDGE('',*,*,#1393,.F.);
#1393 = EDGE_CURVE('',#1394,#1207,#1396,.T.);
#1394 = VERTEX_POINT('',#1395);
#1395 = CARTESIAN_POINT('',(114.,58.,28.5));
#1396 = LINE('',#1397,#1398);
#1397 = CARTESIAN_POINT('',(114.,58.,27.));
#1398 = VECTOR('',#1399,1.);
#1399 = DIRECTION('',(-0.,-0.,1.));
#1400 = ORIENTED_EDGE('',*,*,#1401,.F.);
#1401 = EDGE_CURVE('',#967,#1394,#1402,.T.);
#1402 = CIRCLE('',#1403,3.5);
#1403 = AXIS2_PLACEMENT_3D('',#1404,#1405,#1406);
#1404 = CARTESIAN_POINT('',(114.,58.,25.));
#1405 = DIRECTION('',(0.,1.,0.));
#1406 = DIRECTION('',(-0.,-0.,1.));
#1407 = ORIENTED_EDGE('',*,*,#966,.F.);
#1408 = ORIENTED_EDGE('',*,*,#653,.T.);
#1409 = ORIENTED_EDGE('',*,*,#1206,.F.);
#1410 = PLANE('',#1411);
#1411 = AXIS2_PLACEMENT_3D('',#1412,#1413,#1414);
#1412 = CARTESIAN_POINT('',(6.,58.,27.));
#1413 = DIRECTION('',(-0.,-1.,-0.));
#1414 = DIRECTION('',(0.,0.,-1.));
#1415 = ADVANCED_FACE('',(#1416),#1427,.T.);
#1416 = FACE_BOUND('',#1417,.F.);
#1417 = EDGE_LOOP('',(#1418,#1419,#1420,#1421));
#1418 = ORIENTED_EDGE('',*,*,#688,.F.);
#1419 = ORIENTED_EDGE('',*,*,#1296,.T.);
#1420 = ORIENTED_EDGE('',*,*,#1280,.T.);
#1421 = ORIENTED_EDGE('',*,*,#1422,.F.);
#1422 = EDGE_CURVE('',#681,#1273,#1423,.T.);
#1423 = LINE('',#1424,#1425);
#1424 = CARTESIAN_POINT('',(108.5,58.,46.5));
#1425 = VECTOR('',#1426,1.);
#1426 = DIRECTION('',(1.,-0.,-0.));
#1427 = PLANE('',#1428);
#1428 = AXIS2_PLACEMENT_3D('',#1429,#1430,#1431);
#1429 = CARTESIAN_POINT('',(108.5,61.,46.5));
#1430 = DIRECTION('',(-0.,-0.,1.));
#1431 = DIRECTION('',(-1.,0.,0.));
#1432 = ADVANCED_FACE('',(#1433,#1439),#1450,.T.);
#1433 = FACE_BOUND('',#1434,.F.);
#1434 = EDGE_LOOP('',(#1435,#1436,#1437,#1438));
#1435 = ORIENTED_EDGE('',*,*,#702,.F.);
#1436 = ORIENTED_EDGE('',*,*,#680,.T.);
#1437 = ORIENTED_EDGE('',*,*,#1422,.T.);
#1438 = ORIENTED_EDGE('',*,*,#1272,.F.);
#1439 = FACE_BOUND('',#1440,.F.);
#1440 = EDGE_LOOP('',(#1441));
#1441 = ORIENTED_EDGE('',*,*,#1442,.F.);
#1442 = EDGE_CURVE('',#1443,#1443,#1445,.T.);
#1443 = VERTEX_POINT('',#1444);
#1444 = CARTESIAN_POINT('',(114.,58.,46.214656965084));
#1445 = CIRCLE('',#1446,5.214656965084);
#1446 = AXIS2_PLACEMENT_3D('',#1447,#1448,#1449);
#1447 = CARTESIAN_POINT('',(114.,58.,41.));
#1448 = DIRECTION('',(0.,1.,0.));
#1449 = DIRECTION('',(-0.,-0.,1.));
#1450 = PLANE('',#1451);
#1451 = AXIS2_PLACEMENT_3D('',#1452,#1453,#1454);
#1452 = CARTESIAN_POINT('',(108.5,58.,34.8));
#1453 = DIRECTION('',(-0.,-1.,-0.));
#1454 = DIRECTION('',(0.,0.,-1.));
#1455 = ADVANCED_FACE('',(#1456),#1467,.T.);
#1456 = FACE_BOUND('',#1457,.F.);
#1457 = EDGE_LOOP('',(#1458,#1459,#1460,#1461));
#1458 = ORIENTED_EDGE('',*,*,#744,.F.);
#1459 = ORIENTED_EDGE('',*,*,#776,.T.);
#1460 = ORIENTED_EDGE('',*,*,#815,.T.);
#1461 = ORIENTED_EDGE('',*,*,#1462,.F.);
#1462 = EDGE_CURVE('',#737,#808,#1463,.T.);
#1463 = LINE('',#1464,#1465);
#1464 = CARTESIAN_POINT('',(16.,4.2,18.5));
#1465 = VECTOR('',#1466,1.);
#1466 = DIRECTION('',(1.,-0.,-0.));
#1467 = PLANE('',#1468);
#1468 = AXIS2_PLACEMENT_3D('',#1469,#1470,#1471);
#1469 = CARTESIAN_POINT('',(16.,58.,18.5));
#1470 = DIRECTION('',(-0.,-0.,1.));
#1471 = DIRECTION('',(-1.,0.,0.));
#1472 = ADVANCED_FACE('',(#1473,#1507,#1518,#1585,#1596),#1607,.F.);
#1473 = FACE_BOUND('',#1474,.T.);
#1474 = EDGE_LOOP('',(#1475,#1485,#1493,#1501));
#1475 = ORIENTED_EDGE('',*,*,#1476,.F.);
#1476 = EDGE_CURVE('',#1477,#1479,#1481,.T.);
#1477 = VERTEX_POINT('',#1478);
#1478 = CARTESIAN_POINT('',(0.,3.,0.));
#1479 = VERTEX_POINT('',#1480);
#1480 = CARTESIAN_POINT('',(120.,3.,0.));
#1481 = LINE('',#1482,#1483);
#1482 = CARTESIAN_POINT('',(0.,3.,0.));
#1483 = VECTOR('',#1484,1.);
#1484 = DIRECTION('',(1.,-0.,-0.));
#1485 = ORIENTED_EDGE('',*,*,#1486,.T.);
#1486 = EDGE_CURVE('',#1477,#1487,#1489,.T.);
#1487 = VERTEX_POINT('',#1488);
#1488 = CARTESIAN_POINT('',(0.,3.,35.));
#1489 = LINE('',#1490,#1491);
#1490 = CARTESIAN_POINT('',(0.,3.,0.));
#1491 = VECTOR('',#1492,1.);
#1492 = DIRECTION('',(-0.,-0.,1.));
#1493 = ORIENTED_EDGE('',*,*,#1494,.T.);
#1494 = EDGE_CURVE('',#1487,#1495,#1497,.T.);
#1495 = VERTEX_POINT('',#1496);
#1496 = CARTESIAN_POINT('',(120.,3.,35.));
#1497 = LINE('',#1498,#1499);
#1498 = CARTESIAN_POINT('',(0.,3.,35.));
#1499 = VECTOR('',#1500,1.);
#1500 = DIRECTION('',(1.,-0.,-0.));
#1501 = ORIENTED_EDGE('',*,*,#1502,.F.);
#1502 = EDGE_CURVE('',#1479,#1495,#1503,.T.);
#1503 = LINE('',#1504,#1505);
#1504 = CARTESIAN_POINT('',(120.,3.,0.));
#1505 = VECTOR('',#1506,1.);
#1506 = DIRECTION('',(-0.,-0.,1.));
#1507 = FACE_BOUND('',#1508,.T.);
#1508 = EDGE_LOOP('',(#1509));
#1509 = ORIENTED_EDGE('',*,*,#1510,.F.);
#1510 = EDGE_CURVE('',#1511,#1511,#1513,.T.);
#1511 = VERTEX_POINT('',#1512);
#1512 = CARTESIAN_POINT('',(24.,3.,8.6));
#1513 = CIRCLE('',#1514,1.6);
#1514 = AXIS2_PLACEMENT_3D('',#1515,#1516,#1517);
#1515 = CARTESIAN_POINT('',(24.,3.,7.));
#1516 = DIRECTION('',(0.,1.,0.));
#1517 = DIRECTION('',(-0.,-0.,1.));
#1518 = FACE_BOUND('',#1519,.T.);
#1519 = EDGE_LOOP('',(#1520,#1529,#1537,#1544,#1545,#1554,#1562,#1570,
    #1578,#1584));
#1520 = ORIENTED_EDGE('',*,*,#1521,.F.);
#1521 = EDGE_CURVE('',#1522,#864,#1524,.T.);
#1522 = VERTEX_POINT('',#1523);
#1523 = CARTESIAN_POINT('',(6.,3.,22.75));
#1524 = CIRCLE('',#1525,2.25);
#1525 = AXIS2_PLACEMENT_3D('',#1526,#1527,#1528);
#1526 = CARTESIAN_POINT('',(6.,3.,25.));
#1527 = DIRECTION('',(0.,1.,0.));
#1528 = DIRECTION('',(-0.,-0.,1.));
#1529 = ORIENTED_EDGE('',*,*,#1530,.T.);
#1530 = EDGE_CURVE('',#1522,#1531,#1533,.T.);
#1531 = VERTEX_POINT('',#1532);
#1532 = CARTESIAN_POINT('',(14.,3.,22.75));
#1533 = LINE('',#1534,#1535);
#1534 = CARTESIAN_POINT('',(3.,3.,22.75));
#1535 = VECTOR('',#1536,1.);
#1536 = DIRECTION('',(1.,-0.,-0.));
#1537 = ORIENTED_EDGE('',*,*,#1538,.F.);
#1538 = EDGE_CURVE('',#951,#1531,#1539,.T.);
#1539 = CIRCLE('',#1540,2.25);
#1540 = AXIS2_PLACEMENT_3D('',#1541,#1542,#1543);
#1541 = CARTESIAN_POINT('',(14.,3.,25.));
#1542 = DIRECTION('',(0.,1.,0.));
#1543 = DIRECTION('',(-0.,-0.,1.));
#1544 = ORIENTED_EDGE('',*,*,#1070,.T.);
#1545 = ORIENTED_EDGE('',*,*,#1546,.F.);
#1546 = EDGE_CURVE('',#1547,#1063,#1549,.T.);
#1547 = VERTEX_POINT('',#1548);
#1548 = CARTESIAN_POINT('',(114.,3.,27.2));
#1549 = CIRCLE('',#1550,2.2);
#1550 = AXIS2_PLACEMENT_3D('',#1551,#1552,#1553);
#1551 = CARTESIAN_POINT('',(114.,3.,25.));
#1552 = DIRECTION('',(0.,1.,0.));
#1553 = DIRECTION('',(-0.,-0.,1.));
#1554 = ORIENTED_EDGE('',*,*,#1555,.T.);
#1555 = EDGE_CURVE('',#1547,#1556,#1558,.T.);
#1556 = VERTEX_POINT('',#1557);
#1557 = CARTESIAN_POINT('',(114.,3.,28.8));
#1558 = LINE('',#1559,#1560);
#1559 = CARTESIAN_POINT('',(114.,3.,27.));
#1560 = VECTOR('',#1561,1.);
#1561 = DIRECTION('',(-0.,-0.,1.));
#1562 = ORIENTED_EDGE('',*,*,#1563,.T.);
#1563 = EDGE_CURVE('',#1556,#1564,#1566,.T.);
#1564 = VERTEX_POINT('',#1565);
#1565 = CARTESIAN_POINT('',(112.8,3.,30.));
#1566 = LINE('',#1567,#1568);
#1567 = CARTESIAN_POINT('',(87.15,3.,55.65));
#1568 = VECTOR('',#1569,1.);
#1569 = DIRECTION('',(-0.707106781187,-0.,0.707106781187));
#1570 = ORIENTED_EDGE('',*,*,#1571,.F.);
#1571 = EDGE_CURVE('',#1572,#1564,#1574,.T.);
#1572 = VERTEX_POINT('',#1573);
#1573 = CARTESIAN_POINT('',(7.2,3.,30.));
#1574 = LINE('',#1575,#1576);
#1575 = CARTESIAN_POINT('',(6.,3.,30.));
#1576 = VECTOR('',#1577,1.);
#1577 = DIRECTION('',(1.,-0.,-0.));
#1578 = ORIENTED_EDGE('',*,*,#1579,.F.);
#1579 = EDGE_CURVE('',#872,#1572,#1580,.T.);
#1580 = LINE('',#1581,#1582);
#1581 = CARTESIAN_POINT('',(5.85,3.,28.65));
#1582 = VECTOR('',#1583,1.);
#1583 = DIRECTION('',(0.707106781187,-0.,0.707106781187));
#1584 = ORIENTED_EDGE('',*,*,#871,.F.);
#1585 = FACE_BOUND('',#1586,.T.);
#1586 = EDGE_LOOP('',(#1587,#1588,#1589,#1590));
#1587 = ORIENTED_EDGE('',*,*,#728,.F.);
#1588 = ORIENTED_EDGE('',*,*,#833,.T.);
#1589 = ORIENTED_EDGE('',*,*,#799,.T.);
#1590 = ORIENTED_EDGE('',*,*,#1591,.F.);
#1591 = EDGE_CURVE('',#729,#800,#1592,.T.);
#1592 = LINE('',#1593,#1594);
#1593 = CARTESIAN_POINT('',(16.,3.,17.3));
#1594 = VECTOR('',#1595,1.);
#1595 = DIRECTION('',(1.,-0.,-0.));
#1596 = FACE_BOUND('',#1597,.T.);
#1597 = EDGE_LOOP('',(#1598));
#1598 = ORIENTED_EDGE('',*,*,#1599,.F.);
#1599 = EDGE_CURVE('',#1600,#1600,#1602,.T.);
#1600 = VERTEX_POINT('',#1601);
#1601 = CARTESIAN_POINT('',(96.,3.,8.6));
#1602 = CIRCLE('',#1603,1.6);
#1603 = AXIS2_PLACEMENT_3D('',#1604,#1605,#1606);
#1604 = CARTESIAN_POINT('',(96.,3.,7.));
#1605 = DIRECTION('',(0.,1.,0.));
#1606 = DIRECTION('',(-0.,-0.,1.));
#1607 = PLANE('',#1608);
#1608 = AXIS2_PLACEMENT_3D('',#1609,#1610,#1611);
#1609 = CARTESIAN_POINT('',(0.,3.,0.));
#1610 = DIRECTION('',(-0.,-1.,-0.));
#1611 = DIRECTION('',(0.,0.,-1.));
#1612 = ADVANCED_FACE('',(#1613),#1619,.T.);
#1613 = FACE_BOUND('',#1614,.T.);
#1614 = EDGE_LOOP('',(#1615,#1616,#1617,#1618));
#1615 = ORIENTED_EDGE('',*,*,#736,.F.);
#1616 = ORIENTED_EDGE('',*,*,#1591,.T.);
#1617 = ORIENTED_EDGE('',*,*,#807,.T.);
#1618 = ORIENTED_EDGE('',*,*,#1462,.F.);
#1619 = PLANE('',#1620);
#1620 = AXIS2_PLACEMENT_3D('',#1621,#1622,#1623);
#1621 = CARTESIAN_POINT('',(16.,3.6,17.9));
#1622 = DIRECTION('',(-1.407620945704E-17,-0.707106781187,0.707106781187
    ));
#1623 = DIRECTION('',(1.,-9.953383160478E-18,9.953383160478E-18));
#1624 = ADVANCED_FACE('',(#1625),#1654,.F.);
#1625 = FACE_BOUND('',#1626,.T.);
#1626 = EDGE_LOOP('',(#1627,#1636,#1643,#1644,#1645,#1646,#1653));
#1627 = ORIENTED_EDGE('',*,*,#1628,.T.);
#1628 = EDGE_CURVE('',#1097,#1629,#1631,.T.);
#1629 = VERTEX_POINT('',#1630);
#1630 = CARTESIAN_POINT('',(6.,57.,31.5));
#1631 = CIRCLE('',#1632,6.5);
#1632 = AXIS2_PLACEMENT_3D('',#1633,#1634,#1635);
#1633 = CARTESIAN_POINT('',(6.,57.,25.));
#1634 = DIRECTION('',(0.,1.,0.));
#1635 = DIRECTION('',(-0.,-0.,1.));
#1636 = ORIENTED_EDGE('',*,*,#1637,.T.);
#1637 = EDGE_CURVE('',#1629,#1161,#1638,.T.);
#1638 = CIRCLE('',#1639,6.5);
#1639 = AXIS2_PLACEMENT_3D('',#1640,#1641,#1642);
#1640 = CARTESIAN_POINT('',(6.,57.,25.));
#1641 = DIRECTION('',(0.,1.,0.));
#1642 = DIRECTION('',(-0.,-0.,1.));
#1643 = ORIENTED_EDGE('',*,*,#1168,.F.);
#1644 = ORIENTED_EDGE('',*,*,#928,.T.);
#1645 = ORIENTED_EDGE('',*,*,#903,.T.);
#1646 = ORIENTED_EDGE('',*,*,#1647,.F.);
#1647 = EDGE_CURVE('',#1105,#896,#1648,.T.);
#1648 = CIRCLE('',#1649,2.2);
#1649 = AXIS2_PLACEMENT_3D('',#1650,#1651,#1652);
#1650 = CARTESIAN_POINT('',(6.,57.,25.));
#1651 = DIRECTION('',(0.,1.,0.));
#1652 = DIRECTION('',(-0.,-0.,1.));
#1653 = ORIENTED_EDGE('',*,*,#1104,.T.);
#1654 = PLANE('',#1655);
#1655 = AXIS2_PLACEMENT_3D('',#1656,#1657,#1658);
#1656 = CARTESIAN_POINT('',(6.,57.,25.));
#1657 = DIRECTION('',(-0.,-1.,-0.));
#1658 = DIRECTION('',(0.,0.,-1.));
#1659 = ADVANCED_FACE('',(#1660),#1672,.F.);
#1660 = FACE_BOUND('',#1661,.T.);
#1661 = EDGE_LOOP('',(#1662,#1663,#1670,#1671));
#1662 = ORIENTED_EDGE('',*,*,#895,.T.);
#1663 = ORIENTED_EDGE('',*,*,#1664,.F.);
#1664 = EDGE_CURVE('',#1113,#888,#1665,.T.);
#1665 = CIRCLE('',#1666,2.2);
#1666 = AXIS2_PLACEMENT_3D('',#1667,#1668,#1669);
#1667 = CARTESIAN_POINT('',(6.,4.,25.));
#1668 = DIRECTION('',(0.,1.,0.));
#1669 = DIRECTION('',(-0.,-0.,1.));
#1670 = ORIENTED_EDGE('',*,*,#1112,.F.);
#1671 = ORIENTED_EDGE('',*,*,#1647,.T.);
#1672 = CYLINDRICAL_SURFACE('',#1673,2.2);
#1673 = AXIS2_PLACEMENT_3D('',#1674,#1675,#1676);
#1674 = CARTESIAN_POINT('',(6.,58.,25.));
#1675 = DIRECTION('',(-0.,-1.,-0.));
#1676 = DIRECTION('',(-0.,-0.,1.));
#1677 = ADVANCED_FACE('',(#1678),#1715,.T.);
#1678 = FACE_BOUND('',#1679,.F.);
#1679 = EDGE_LOOP('',(#1680,#1689,#1698,#1706,#1712,#1713,#1714));
#1680 = ORIENTED_EDGE('',*,*,#1681,.T.);
#1681 = EDGE_CURVE('',#1121,#1682,#1684,.T.);
#1682 = VERTEX_POINT('',#1683);
#1683 = CARTESIAN_POINT('',(6.,4.,31.5));
#1684 = CIRCLE('',#1685,6.5);
#1685 = AXIS2_PLACEMENT_3D('',#1686,#1687,#1688);
#1686 = CARTESIAN_POINT('',(6.,4.,25.));
#1687 = DIRECTION('',(0.,1.,0.));
#1688 = DIRECTION('',(-0.,-0.,1.));
#1689 = ORIENTED_EDGE('',*,*,#1690,.T.);
#1690 = EDGE_CURVE('',#1682,#1691,#1693,.T.);
#1691 = VERTEX_POINT('',#1692);
#1692 = CARTESIAN_POINT('',(10.153311931459,4.,30.));
#1693 = CIRCLE('',#1694,6.5);
#1694 = AXIS2_PLACEMENT_3D('',#1695,#1696,#1697);
#1695 = CARTESIAN_POINT('',(6.,4.,25.));
#1696 = DIRECTION('',(0.,1.,0.));
#1697 = DIRECTION('',(-0.,-0.,1.));
#1698 = ORIENTED_EDGE('',*,*,#1699,.F.);
#1699 = EDGE_CURVE('',#1700,#1691,#1702,.T.);
#1700 = VERTEX_POINT('',#1701);
#1701 = CARTESIAN_POINT('',(7.2,4.,30.));
#1702 = LINE('',#1703,#1704);
#1703 = CARTESIAN_POINT('',(6.,4.,30.));
#1704 = VECTOR('',#1705,1.);
#1705 = DIRECTION('',(1.,-0.,-0.));
#1706 = ORIENTED_EDGE('',*,*,#1707,.T.);
#1707 = EDGE_CURVE('',#1700,#880,#1708,.T.);
#1708 = LINE('',#1709,#1710);
#1709 = CARTESIAN_POINT('',(5.35,4.,28.15));
#1710 = VECTOR('',#1711,1.);
#1711 = DIRECTION('',(-0.707106781187,-0.,-0.707106781187));
#1712 = ORIENTED_EDGE('',*,*,#887,.T.);
#1713 = ORIENTED_EDGE('',*,*,#1664,.F.);
#1714 = ORIENTED_EDGE('',*,*,#1120,.T.);
#1715 = PLANE('',#1716);
#1716 = AXIS2_PLACEMENT_3D('',#1717,#1718,#1719);
#1717 = CARTESIAN_POINT('',(6.,4.,25.));
#1718 = DIRECTION('',(-0.,-1.,-0.));
#1719 = DIRECTION('',(0.,0.,-1.));
#1720 = ADVANCED_FACE('',(#1721),#1732,.F.);
#1721 = FACE_BOUND('',#1722,.T.);
#1722 = EDGE_LOOP('',(#1723,#1724,#1725,#1726));
#1723 = ORIENTED_EDGE('',*,*,#1707,.T.);
#1724 = ORIENTED_EDGE('',*,*,#879,.T.);
#1725 = ORIENTED_EDGE('',*,*,#1579,.T.);
#1726 = ORIENTED_EDGE('',*,*,#1727,.F.);
#1727 = EDGE_CURVE('',#1700,#1572,#1728,.T.);
#1728 = LINE('',#1729,#1730);
#1729 = CARTESIAN_POINT('',(7.2,58.,30.));
#1730 = VECTOR('',#1731,1.);
#1731 = DIRECTION('',(-0.,-1.,-0.));
#1732 = PLANE('',#1733);
#1733 = AXIS2_PLACEMENT_3D('',#1734,#1735,#1736);
#1734 = CARTESIAN_POINT('',(6.6,58.,29.4));
#1735 = DIRECTION('',(0.707106781187,-0.,-0.707106781187));
#1736 = DIRECTION('',(0.,1.,0.));
#1737 = ADVANCED_FACE('',(#1738),#1757,.T.);
#1738 = FACE_BOUND('',#1739,.F.);
#1739 = EDGE_LOOP('',(#1740,#1749,#1750,#1751));
#1740 = ORIENTED_EDGE('',*,*,#1741,.T.);
#1741 = EDGE_CURVE('',#1742,#951,#1744,.T.);
#1742 = VERTEX_POINT('',#1743);
#1743 = CARTESIAN_POINT('',(14.,3.,27.25));
#1744 = CIRCLE('',#1745,2.25);
#1745 = AXIS2_PLACEMENT_3D('',#1746,#1747,#1748);
#1746 = CARTESIAN_POINT('',(14.,3.,25.));
#1747 = DIRECTION('',(0.,1.,0.));
#1748 = DIRECTION('',(-0.,-0.,1.));
#1749 = ORIENTED_EDGE('',*,*,#950,.F.);
#1750 = ORIENTED_EDGE('',*,*,#863,.T.);
#1751 = ORIENTED_EDGE('',*,*,#1752,.T.);
#1752 = EDGE_CURVE('',#864,#1742,#1753,.T.);
#1753 = LINE('',#1754,#1755);
#1754 = CARTESIAN_POINT('',(3.,3.,27.25));
#1755 = VECTOR('',#1756,1.);
#1756 = DIRECTION('',(1.,-0.,-0.));
#1757 = PLANE('',#1758);
#1758 = AXIS2_PLACEMENT_3D('',#1759,#1760,#1761);
#1759 = CARTESIAN_POINT('',(6.,3.,27.));
#1760 = DIRECTION('',(-0.,-1.,-0.));
#1761 = DIRECTION('',(0.,0.,-1.));
#1762 = ADVANCED_FACE('',(#1763),#1779,.T.);
#1763 = FACE_BOUND('',#1764,.F.);
#1764 = EDGE_LOOP('',(#1765,#1771,#1772));
#1765 = ORIENTED_EDGE('',*,*,#1766,.F.);
#1766 = EDGE_CURVE('',#1055,#1547,#1767,.T.);
#1767 = LINE('',#1768,#1769);
#1768 = CARTESIAN_POINT('',(114.,3.,27.));
#1769 = VECTOR('',#1770,1.);
#1770 = DIRECTION('',(-0.,-0.,1.));
#1771 = ORIENTED_EDGE('',*,*,#1062,.F.);
#1772 = ORIENTED_EDGE('',*,*,#1773,.T.);
#1773 = EDGE_CURVE('',#1063,#1547,#1774,.T.);
#1774 = CIRCLE('',#1775,2.2);
#1775 = AXIS2_PLACEMENT_3D('',#1776,#1777,#1778);
#1776 = CARTESIAN_POINT('',(114.,3.,25.));
#1777 = DIRECTION('',(0.,1.,0.));
#1778 = DIRECTION('',(-0.,-0.,1.));
#1779 = PLANE('',#1780);
#1780 = AXIS2_PLACEMENT_3D('',#1781,#1782,#1783);
#1781 = CARTESIAN_POINT('',(6.,3.,27.));
#1782 = DIRECTION('',(-0.,-1.,-0.));
#1783 = DIRECTION('',(0.,0.,-1.));
#1784 = ADVANCED_FACE('',(#1785),#1820,.T.);
#1785 = FACE_BOUND('',#1786,.F.);
#1786 = EDGE_LOOP('',(#1787,#1795,#1796,#1797,#1798,#1806,#1814));
#1787 = ORIENTED_EDGE('',*,*,#1788,.T.);
#1788 = EDGE_CURVE('',#1789,#1047,#1791,.T.);
#1789 = VERTEX_POINT('',#1790);
#1790 = CARTESIAN_POINT('',(114.,50.5,27.2));
#1791 = LINE('',#1792,#1793);
#1792 = CARTESIAN_POINT('',(114.,50.5,26.));
#1793 = VECTOR('',#1794,1.);
#1794 = DIRECTION('',(-0.,-0.,-1.));
#1795 = ORIENTED_EDGE('',*,*,#1054,.T.);
#1796 = ORIENTED_EDGE('',*,*,#1766,.T.);
#1797 = ORIENTED_EDGE('',*,*,#1555,.T.);
#1798 = ORIENTED_EDGE('',*,*,#1799,.F.);
#1799 = EDGE_CURVE('',#1800,#1556,#1802,.T.);
#1800 = VERTEX_POINT('',#1801);
#1801 = CARTESIAN_POINT('',(114.,4.,28.8));
#1802 = LINE('',#1803,#1804);
#1803 = CARTESIAN_POINT('',(114.,58.,28.8));
#1804 = VECTOR('',#1805,1.);
#1805 = DIRECTION('',(-0.,-1.,-0.));
#1806 = ORIENTED_EDGE('',*,*,#1807,.T.);
#1807 = EDGE_CURVE('',#1800,#1808,#1810,.T.);
#1808 = VERTEX_POINT('',#1809);
#1809 = CARTESIAN_POINT('',(114.,4.,27.2));
#1810 = LINE('',#1811,#1812);
#1811 = CARTESIAN_POINT('',(114.,4.,26.));
#1812 = VECTOR('',#1813,1.);
#1813 = DIRECTION('',(-0.,-0.,-1.));
#1814 = ORIENTED_EDGE('',*,*,#1815,.F.);
#1815 = EDGE_CURVE('',#1789,#1808,#1816,.T.);
#1816 = LINE('',#1817,#1818);
#1817 = CARTESIAN_POINT('',(114.,50.5,27.2));
#1818 = VECTOR('',#1819,1.);
#1819 = DIRECTION('',(-0.,-1.,-0.));
#1820 = PLANE('',#1821);
#1821 = AXIS2_PLACEMENT_3D('',#1822,#1823,#1824);
#1822 = CARTESIAN_POINT('',(114.,58.,27.));
#1823 = DIRECTION('',(1.,-0.,-0.));
#1824 = DIRECTION('',(0.,0.,-1.));
#1825 = ADVANCED_FACE('',(#1826,#1837),#1856,.T.);
#1826 = FACE_BOUND('',#1827,.F.);
#1827 = EDGE_LOOP('',(#1828,#1829,#1836));
#1828 = ORIENTED_EDGE('',*,*,#1788,.F.);
#1829 = ORIENTED_EDGE('',*,*,#1830,.T.);
#1830 = EDGE_CURVE('',#1789,#1039,#1831,.T.);
#1831 = CIRCLE('',#1832,2.2);
#1832 = AXIS2_PLACEMENT_3D('',#1833,#1834,#1835);
#1833 = CARTESIAN_POINT('',(114.,50.5,25.));
#1834 = DIRECTION('',(0.,1.,0.));
#1835 = DIRECTION('',(-0.,-0.,1.));
#1836 = ORIENTED_EDGE('',*,*,#1046,.T.);
#1837 = FACE_BOUND('',#1838,.F.);
#1838 = EDGE_LOOP('',(#1839,#1850));
#1839 = ORIENTED_EDGE('',*,*,#1840,.F.);
#1840 = EDGE_CURVE('',#1841,#1843,#1845,.T.);
#1841 = VERTEX_POINT('',#1842);
#1842 = CARTESIAN_POINT('',(115.31244047484,50.5,26.));
#1843 = VERTEX_POINT('',#1844);
#1844 = CARTESIAN_POINT('',(112.68755952515,50.5,26.));
#1845 = CIRCLE('',#1846,1.65);
#1846 = AXIS2_PLACEMENT_3D('',#1847,#1848,#1849);
#1847 = CARTESIAN_POINT('',(114.,50.5,25.));
#1848 = DIRECTION('',(0.,1.,0.));
#1849 = DIRECTION('',(-0.,-0.,1.));
#1850 = ORIENTED_EDGE('',*,*,#1851,.F.);
#1851 = EDGE_CURVE('',#1843,#1841,#1852,.T.);
#1852 = LINE('',#1853,#1854);
#1853 = CARTESIAN_POINT('',(112.75,50.5,26.));
#1854 = VECTOR('',#1855,1.);
#1855 = DIRECTION('',(1.,-0.,-0.));
#1856 = PLANE('',#1857);
#1857 = AXIS2_PLACEMENT_3D('',#1858,#1859,#1860);
#1858 = CARTESIAN_POINT('',(114.,50.5,25.));
#1859 = DIRECTION('',(-0.,-1.,-0.));
#1860 = DIRECTION('',(0.,0.,-1.));
#1861 = ADVANCED_FACE('',(#1862),#1874,.F.);
#1862 = FACE_BOUND('',#1863,.T.);
#1863 = EDGE_LOOP('',(#1864,#1871,#1872,#1873));
#1864 = ORIENTED_EDGE('',*,*,#1865,.F.);
#1865 = EDGE_CURVE('',#1808,#1031,#1866,.T.);
#1866 = CIRCLE('',#1867,2.2);
#1867 = AXIS2_PLACEMENT_3D('',#1868,#1869,#1870);
#1868 = CARTESIAN_POINT('',(114.,4.,25.));
#1869 = DIRECTION('',(0.,1.,0.));
#1870 = DIRECTION('',(-0.,-0.,1.));
#1871 = ORIENTED_EDGE('',*,*,#1815,.F.);
#1872 = ORIENTED_EDGE('',*,*,#1830,.T.);
#1873 = ORIENTED_EDGE('',*,*,#1038,.T.);
#1874 = CYLINDRICAL_SURFACE('',#1875,2.2);
#1875 = AXIS2_PLACEMENT_3D('',#1876,#1877,#1878);
#1876 = CARTESIAN_POINT('',(114.,50.5,25.));
#1877 = DIRECTION('',(-0.,-1.,-0.));
#1878 = DIRECTION('',(-0.,-0.,1.));
#1879 = ADVANCED_FACE('',(#1880),#1917,.T.);
#1880 = FACE_BOUND('',#1881,.F.);
#1881 = EDGE_LOOP('',(#1882,#1893,#1900,#1901,#1902,#1903,#1911));
#1882 = ORIENTED_EDGE('',*,*,#1883,.T.);
#1883 = EDGE_CURVE('',#1884,#1886,#1888,.T.);
#1884 = VERTEX_POINT('',#1885);
#1885 = CARTESIAN_POINT('',(109.84668806854,4.,30.));
#1886 = VERTEX_POINT('',#1887);
#1887 = CARTESIAN_POINT('',(114.,4.,31.5));
#1888 = CIRCLE('',#1889,6.5);
#1889 = AXIS2_PLACEMENT_3D('',#1890,#1891,#1892);
#1890 = CARTESIAN_POINT('',(114.,4.,25.));
#1891 = DIRECTION('',(0.,1.,0.));
#1892 = DIRECTION('',(-0.,-0.,1.));
#1893 = ORIENTED_EDGE('',*,*,#1894,.T.);
#1894 = EDGE_CURVE('',#1886,#1023,#1895,.T.);
#1895 = CIRCLE('',#1896,6.5);
#1896 = AXIS2_PLACEMENT_3D('',#1897,#1898,#1899);
#1897 = CARTESIAN_POINT('',(114.,4.,25.));
#1898 = DIRECTION('',(0.,1.,0.));
#1899 = DIRECTION('',(-0.,-0.,1.));
#1900 = ORIENTED_EDGE('',*,*,#1030,.T.);
#1901 = ORIENTED_EDGE('',*,*,#1865,.F.);
#1902 = ORIENTED_EDGE('',*,*,#1807,.F.);
#1903 = ORIENTED_EDGE('',*,*,#1904,.F.);
#1904 = EDGE_CURVE('',#1905,#1800,#1907,.T.);
#1905 = VERTEX_POINT('',#1906);
#1906 = CARTESIAN_POINT('',(112.8,4.,30.));
#1907 = LINE('',#1908,#1909);
#1908 = CARTESIAN_POINT('',(114.65,4.,28.15));
#1909 = VECTOR('',#1910,1.);
#1910 = DIRECTION('',(0.707106781187,-0.,-0.707106781187));
#1911 = ORIENTED_EDGE('',*,*,#1912,.F.);
#1912 = EDGE_CURVE('',#1884,#1905,#1913,.T.);
#1913 = LINE('',#1914,#1915);
#1914 = CARTESIAN_POINT('',(60.,4.,30.));
#1915 = VECTOR('',#1916,1.);
#1916 = DIRECTION('',(1.,-0.,-0.));
#1917 = PLANE('',#1918);
#1918 = AXIS2_PLACEMENT_3D('',#1919,#1920,#1921);
#1919 = CARTESIAN_POINT('',(114.,4.,25.));
#1920 = DIRECTION('',(-0.,-1.,-0.));
#1921 = DIRECTION('',(0.,0.,-1.));
#1922 = ADVANCED_FACE('',(#1923),#1960,.T.);
#1923 = FACE_BOUND('',#1924,.F.);
#1924 = EDGE_LOOP('',(#1925,#1926,#1934,#1943,#1952,#1959));
#1925 = ORIENTED_EDGE('',*,*,#1894,.F.);
#1926 = ORIENTED_EDGE('',*,*,#1927,.F.);
#1927 = EDGE_CURVE('',#1928,#1886,#1930,.T.);
#1928 = VERTEX_POINT('',#1929);
#1929 = CARTESIAN_POINT('',(114.,5.5,31.5));
#1930 = LINE('',#1931,#1932);
#1931 = CARTESIAN_POINT('',(114.,5.5,31.5));
#1932 = VECTOR('',#1933,1.);
#1933 = DIRECTION('',(-0.,-1.,-0.));
#1934 = ORIENTED_EDGE('',*,*,#1935,.T.);
#1935 = EDGE_CURVE('',#1928,#1936,#1938,.T.);
#1936 = VERTEX_POINT('',#1937);
#1937 = CARTESIAN_POINT('',(111.5,5.5,19.));
#1938 = CIRCLE('',#1939,6.5);
#1939 = AXIS2_PLACEMENT_3D('',#1940,#1941,#1942);
#1940 = CARTESIAN_POINT('',(114.,5.5,25.));
#1941 = DIRECTION('',(0.,1.,0.));
#1942 = DIRECTION('',(-0.,-0.,1.));
#1943 = ORIENTED_EDGE('',*,*,#1944,.T.);
#1944 = EDGE_CURVE('',#1936,#1945,#1947,.T.);
#1945 = VERTEX_POINT('',#1946);
#1946 = CARTESIAN_POINT('',(109.84668806854,5.5,20.));
#1947 = CIRCLE('',#1948,6.5);
#1948 = AXIS2_PLACEMENT_3D('',#1949,#1950,#1951);
#1949 = CARTESIAN_POINT('',(114.,5.5,25.));
#1950 = DIRECTION('',(0.,1.,0.));
#1951 = DIRECTION('',(-0.,-0.,1.));
#1952 = ORIENTED_EDGE('',*,*,#1953,.T.);
#1953 = EDGE_CURVE('',#1945,#1015,#1954,.T.);
#1954 = CIRCLE('',#1955,6.5);
#1955 = AXIS2_PLACEMENT_3D('',#1956,#1957,#1958);
#1956 = CARTESIAN_POINT('',(114.,5.5,25.));
#1957 = DIRECTION('',(0.,1.,0.));
#1958 = DIRECTION('',(-0.,-0.,1.));
#1959 = ORIENTED_EDGE('',*,*,#1022,.T.);
#1960 = CYLINDRICAL_SURFACE('',#1961,6.5);
#1961 = AXIS2_PLACEMENT_3D('',#1962,#1963,#1964);
#1962 = CARTESIAN_POINT('',(114.,5.5,25.));
#1963 = DIRECTION('',(-0.,-1.,-0.));
#1964 = DIRECTION('',(-0.,-0.,1.));
#1965 = ADVANCED_FACE('',(#1966),#1993,.F.);
#1966 = FACE_BOUND('',#1967,.T.);
#1967 = EDGE_LOOP('',(#1968,#1976,#1977,#1978,#1987));
#1968 = ORIENTED_EDGE('',*,*,#1969,.T.);
#1969 = EDGE_CURVE('',#1970,#1945,#1972,.T.);
#1970 = VERTEX_POINT('',#1971);
#1971 = CARTESIAN_POINT('',(110.68337520964,5.5,20.));
#1972 = LINE('',#1973,#1974);
#1973 = CARTESIAN_POINT('',(114.,5.5,20.));
#1974 = VECTOR('',#1975,1.);
#1975 = DIRECTION('',(-1.,-0.,-0.));
#1976 = ORIENTED_EDGE('',*,*,#1953,.T.);
#1977 = ORIENTED_EDGE('',*,*,#1014,.T.);
#1978 = ORIENTED_EDGE('',*,*,#1979,.F.);
#1979 = EDGE_CURVE('',#1980,#1007,#1982,.T.);
#1980 = VERTEX_POINT('',#1981);
#1981 = CARTESIAN_POINT('',(114.,5.5,20.));
#1982 = CIRCLE('',#1983,5.);
#1983 = AXIS2_PLACEMENT_3D('',#1984,#1985,#1986);
#1984 = CARTESIAN_POINT('',(114.,5.5,25.));
#1985 = DIRECTION('',(0.,1.,0.));
#1986 = DIRECTION('',(-0.,-0.,1.));
#1987 = ORIENTED_EDGE('',*,*,#1988,.T.);
#1988 = EDGE_CURVE('',#1980,#1970,#1989,.T.);
#1989 = LINE('',#1990,#1991);
#1990 = CARTESIAN_POINT('',(114.,5.5,20.));
#1991 = VECTOR('',#1992,1.);
#1992 = DIRECTION('',(-1.,-0.,-0.));
#1993 = PLANE('',#1994);
#1994 = AXIS2_PLACEMENT_3D('',#1995,#1996,#1997);
#1995 = CARTESIAN_POINT('',(114.,5.5,25.));
#1996 = DIRECTION('',(-0.,-1.,-0.));
#1997 = DIRECTION('',(0.,0.,-1.));
#1998 = ADVANCED_FACE('',(#1999),#2018,.T.);
#1999 = FACE_BOUND('',#2000,.F.);
#2000 = EDGE_LOOP('',(#2001,#2002,#2010,#2017));
#2001 = ORIENTED_EDGE('',*,*,#1979,.F.);
#2002 = ORIENTED_EDGE('',*,*,#2003,.F.);
#2003 = EDGE_CURVE('',#2004,#1980,#2006,.T.);
#2004 = VERTEX_POINT('',#2005);
#2005 = CARTESIAN_POINT('',(114.,55.5,20.));
#2006 = LINE('',#2007,#2008);
#2007 = CARTESIAN_POINT('',(114.,55.5,20.));
#2008 = VECTOR('',#2009,1.);
#2009 = DIRECTION('',(-0.,-1.,-0.));
#2010 = ORIENTED_EDGE('',*,*,#2011,.T.);
#2011 = EDGE_CURVE('',#2004,#999,#2012,.T.);
#2012 = CIRCLE('',#2013,5.);
#2013 = AXIS2_PLACEMENT_3D('',#2014,#2015,#2016);
#2014 = CARTESIAN_POINT('',(114.,55.5,25.));
#2015 = DIRECTION('',(0.,1.,0.));
#2016 = DIRECTION('',(-0.,-0.,1.));
#2017 = ORIENTED_EDGE('',*,*,#1006,.T.);
#2018 = CYLINDRICAL_SURFACE('',#2019,5.);
#2019 = AXIS2_PLACEMENT_3D('',#2020,#2021,#2022);
#2020 = CARTESIAN_POINT('',(114.,55.5,25.));
#2021 = DIRECTION('',(-0.,-1.,-0.));
#2022 = DIRECTION('',(-0.,-0.,1.));
#2023 = ADVANCED_FACE('',(#2024),#2051,.T.);
#2024 = FACE_BOUND('',#2025,.F.);
#2025 = EDGE_LOOP('',(#2026,#2036,#2043,#2044,#2045));
#2026 = ORIENTED_EDGE('',*,*,#2027,.T.);
#2027 = EDGE_CURVE('',#2028,#2030,#2032,.T.);
#2028 = VERTEX_POINT('',#2029);
#2029 = CARTESIAN_POINT('',(110.68337520964,55.5,20.));
#2030 = VERTEX_POINT('',#2031);
#2031 = CARTESIAN_POINT('',(109.84668806854,55.5,20.));
#2032 = LINE('',#2033,#2034);
#2033 = CARTESIAN_POINT('',(114.,55.5,20.));
#2034 = VECTOR('',#2035,1.);
#2035 = DIRECTION('',(-1.,-0.,-0.));
#2036 = ORIENTED_EDGE('',*,*,#2037,.T.);
#2037 = EDGE_CURVE('',#2030,#991,#2038,.T.);
#2038 = CIRCLE('',#2039,6.5);
#2039 = AXIS2_PLACEMENT_3D('',#2040,#2041,#2042);
#2040 = CARTESIAN_POINT('',(114.,55.5,25.));
#2041 = DIRECTION('',(0.,1.,0.));
#2042 = DIRECTION('',(-0.,-0.,1.));
#2043 = ORIENTED_EDGE('',*,*,#998,.T.);
#2044 = ORIENTED_EDGE('',*,*,#2011,.F.);
#2045 = ORIENTED_EDGE('',*,*,#2046,.T.);
#2046 = EDGE_CURVE('',#2004,#2028,#2047,.T.);
#2047 = LINE('',#2048,#2049);
#2048 = CARTESIAN_POINT('',(114.,55.5,20.));
#2049 = VECTOR('',#2050,1.);
#2050 = DIRECTION('',(-1.,-0.,-0.));
#2051 = PLANE('',#2052);
#2052 = AXIS2_PLACEMENT_3D('',#2053,#2054,#2055);
#2053 = CARTESIAN_POINT('',(114.,55.5,25.));
#2054 = DIRECTION('',(-0.,-1.,-0.));
#2055 = DIRECTION('',(0.,0.,-1.));
#2056 = ADVANCED_FACE('',(#2057),#2094,.T.);
#2057 = FACE_BOUND('',#2058,.F.);
#2058 = EDGE_LOOP('',(#2059,#2070,#2078,#2085,#2086,#2087));
#2059 = ORIENTED_EDGE('',*,*,#2060,.F.);
#2060 = EDGE_CURVE('',#2061,#2063,#2065,.T.);
#2061 = VERTEX_POINT('',#2062);
#2062 = CARTESIAN_POINT('',(114.,55.5,31.5));
#2063 = VERTEX_POINT('',#2064);
#2064 = CARTESIAN_POINT('',(111.5,55.5,19.));
#2065 = CIRCLE('',#2066,6.5);
#2066 = AXIS2_PLACEMENT_3D('',#2067,#2068,#2069);
#2067 = CARTESIAN_POINT('',(114.,55.5,25.));
#2068 = DIRECTION('',(0.,1.,0.));
#2069 = DIRECTION('',(-0.,-0.,1.));
#2070 = ORIENTED_EDGE('',*,*,#2071,.F.);
#2071 = EDGE_CURVE('',#2072,#2061,#2074,.T.);
#2072 = VERTEX_POINT('',#2073);
#2073 = CARTESIAN_POINT('',(114.,57.,31.5));
#2074 = LINE('',#2075,#2076);
#2075 = CARTESIAN_POINT('',(114.,57.,31.5));
#2076 = VECTOR('',#2077,1.);
#2077 = DIRECTION('',(-0.,-1.,-0.));
#2078 = ORIENTED_EDGE('',*,*,#2079,.T.);
#2079 = EDGE_CURVE('',#2072,#983,#2080,.T.);
#2080 = CIRCLE('',#2081,6.5);
#2081 = AXIS2_PLACEMENT_3D('',#2082,#2083,#2084);
#2082 = CARTESIAN_POINT('',(114.,57.,25.));
#2083 = DIRECTION('',(0.,1.,0.));
#2084 = DIRECTION('',(-0.,-0.,1.));
#2085 = ORIENTED_EDGE('',*,*,#990,.T.);
#2086 = ORIENTED_EDGE('',*,*,#2037,.F.);
#2087 = ORIENTED_EDGE('',*,*,#2088,.F.);
#2088 = EDGE_CURVE('',#2063,#2030,#2089,.T.);
#2089 = CIRCLE('',#2090,6.5);
#2090 = AXIS2_PLACEMENT_3D('',#2091,#2092,#2093);
#2091 = CARTESIAN_POINT('',(114.,55.5,25.));
#2092 = DIRECTION('',(0.,1.,0.));
#2093 = DIRECTION('',(-0.,-0.,1.));
#2094 = CYLINDRICAL_SURFACE('',#2095,6.5);
#2095 = AXIS2_PLACEMENT_3D('',#2096,#2097,#2098);
#2096 = CARTESIAN_POINT('',(114.,57.,25.));
#2097 = DIRECTION('',(-0.,-1.,-0.));
#2098 = DIRECTION('',(-0.,-0.,1.));
#2099 = ADVANCED_FACE('',(#2100),#2128,.F.);
#2100 = FACE_BOUND('',#2101,.T.);
#2101 = EDGE_LOOP('',(#2102,#2109,#2110,#2111,#2120,#2126,#2127));
#2102 = ORIENTED_EDGE('',*,*,#2103,.T.);
#2103 = EDGE_CURVE('',#1185,#2072,#2104,.T.);
#2104 = CIRCLE('',#2105,6.5);
#2105 = AXIS2_PLACEMENT_3D('',#2106,#2107,#2108);
#2106 = CARTESIAN_POINT('',(114.,57.,25.));
#2107 = DIRECTION('',(0.,1.,0.));
#2108 = DIRECTION('',(-0.,-0.,1.));
#2109 = ORIENTED_EDGE('',*,*,#2079,.T.);
#2110 = ORIENTED_EDGE('',*,*,#982,.T.);
#2111 = ORIENTED_EDGE('',*,*,#2112,.F.);
#2112 = EDGE_CURVE('',#2113,#975,#2115,.T.);
#2113 = VERTEX_POINT('',#2114);
#2114 = CARTESIAN_POINT('',(114.,57.,28.5));
#2115 = CIRCLE('',#2116,3.5);
#2116 = AXIS2_PLACEMENT_3D('',#2117,#2118,#2119);
#2117 = CARTESIAN_POINT('',(114.,57.,25.));
#2118 = DIRECTION('',(0.,1.,0.));
#2119 = DIRECTION('',(-0.,-0.,1.));
#2120 = ORIENTED_EDGE('',*,*,#2121,.F.);
#2121 = EDGE_CURVE('',#1215,#2113,#2122,.T.);
#2122 = LINE('',#2123,#2124);
#2123 = CARTESIAN_POINT('',(114.,57.,26.));
#2124 = VECTOR('',#2125,1.);
#2125 = DIRECTION('',(-0.,-0.,-1.));
#2126 = ORIENTED_EDGE('',*,*,#1222,.F.);
#2127 = ORIENTED_EDGE('',*,*,#1184,.F.);
#2128 = PLANE('',#2129);
#2129 = AXIS2_PLACEMENT_3D('',#2130,#2131,#2132);
#2130 = CARTESIAN_POINT('',(114.,57.,25.));
#2131 = DIRECTION('',(-0.,-1.,-0.));
#2132 = DIRECTION('',(0.,0.,-1.));
#2133 = ADVANCED_FACE('',(#2134),#2161,.T.);
#2134 = FACE_BOUND('',#2135,.F.);
#2135 = EDGE_LOOP('',(#2136,#2137,#2143,#2151,#2158,#2159,#2160));
#2136 = ORIENTED_EDGE('',*,*,#2112,.F.);
#2137 = ORIENTED_EDGE('',*,*,#2138,.F.);
#2138 = EDGE_CURVE('',#1394,#2113,#2139,.T.);
#2139 = LINE('',#2140,#2141);
#2140 = CARTESIAN_POINT('',(114.,60.5,28.5));
#2141 = VECTOR('',#2142,1.);
#2142 = DIRECTION('',(-0.,-1.,-0.));
#2143 = ORIENTED_EDGE('',*,*,#2144,.F.);
#2144 = EDGE_CURVE('',#2145,#1394,#2147,.T.);
#2145 = VERTEX_POINT('',#2146);
#2146 = CARTESIAN_POINT('',(114.,60.5,28.5));
#2147 = LINE('',#2148,#2149);
#2148 = CARTESIAN_POINT('',(114.,60.5,28.5));
#2149 = VECTOR('',#2150,1.);
#2150 = DIRECTION('',(-0.,-1.,-0.));
#2151 = ORIENTED_EDGE('',*,*,#2152,.T.);
#2152 = EDGE_CURVE('',#2145,#2145,#2153,.T.);
#2153 = CIRCLE('',#2154,3.5);
#2154 = AXIS2_PLACEMENT_3D('',#2155,#2156,#2157);
#2155 = CARTESIAN_POINT('',(114.,60.5,25.));
#2156 = DIRECTION('',(0.,1.,0.));
#2157 = DIRECTION('',(-0.,-0.,1.));
#2158 = ORIENTED_EDGE('',*,*,#2144,.T.);
#2159 = ORIENTED_EDGE('',*,*,#1401,.F.);
#2160 = ORIENTED_EDGE('',*,*,#974,.T.);
#2161 = CYLINDRICAL_SURFACE('',#2162,3.5);
#2162 = AXIS2_PLACEMENT_3D('',#2163,#2164,#2165);
#2163 = CARTESIAN_POINT('',(114.,60.5,25.));
#2164 = DIRECTION('',(-0.,-1.,-0.));
#2165 = DIRECTION('',(-0.,-0.,1.));
#2166 = ADVANCED_FACE('',(#2167),#2194,.T.);
#2167 = FACE_BOUND('',#2168,.F.);
#2168 = EDGE_LOOP('',(#2169,#2178,#2186,#2193));
#2169 = ORIENTED_EDGE('',*,*,#2170,.T.);
#2170 = EDGE_CURVE('',#1079,#2171,#2173,.T.);
#2171 = VERTEX_POINT('',#2172);
#2172 = CARTESIAN_POINT('',(6.,55.5,20.));
#2173 = CIRCLE('',#2174,5.);
#2174 = AXIS2_PLACEMENT_3D('',#2175,#2176,#2177);
#2175 = CARTESIAN_POINT('',(6.,55.5,25.));
#2176 = DIRECTION('',(0.,1.,0.));
#2177 = DIRECTION('',(-0.,-0.,1.));
#2178 = ORIENTED_EDGE('',*,*,#2179,.T.);
#2179 = EDGE_CURVE('',#2171,#2180,#2182,.T.);
#2180 = VERTEX_POINT('',#2181);
#2181 = CARTESIAN_POINT('',(6.,5.5,20.));
#2182 = LINE('',#2183,#2184);
#2183 = CARTESIAN_POINT('',(6.,55.5,20.));
#2184 = VECTOR('',#2185,1.);
#2185 = DIRECTION('',(-0.,-1.,-0.));
#2186 = ORIENTED_EDGE('',*,*,#2187,.F.);
#2187 = EDGE_CURVE('',#1081,#2180,#2188,.T.);
#2188 = CIRCLE('',#2189,5.);
#2189 = AXIS2_PLACEMENT_3D('',#2190,#2191,#2192);
#2190 = CARTESIAN_POINT('',(6.,5.5,25.));
#2191 = DIRECTION('',(0.,1.,0.));
#2192 = DIRECTION('',(-0.,-0.,1.));
#2193 = ORIENTED_EDGE('',*,*,#1078,.F.);
#2194 = CYLINDRICAL_SURFACE('',#2195,5.);
#2195 = AXIS2_PLACEMENT_3D('',#2196,#2197,#2198);
#2196 = CARTESIAN_POINT('',(6.,55.5,25.));
#2197 = DIRECTION('',(-0.,-1.,-0.));
#2198 = DIRECTION('',(-0.,-0.,1.));
#2199 = ADVANCED_FACE('',(#2200),#2227,.F.);
#2200 = FACE_BOUND('',#2201,.T.);
#2201 = EDGE_LOOP('',(#2202,#2203,#2212,#2220,#2226));
#2202 = ORIENTED_EDGE('',*,*,#1136,.T.);
#2203 = ORIENTED_EDGE('',*,*,#2204,.T.);
#2204 = EDGE_CURVE('',#1129,#2205,#2207,.T.);
#2205 = VERTEX_POINT('',#2206);
#2206 = CARTESIAN_POINT('',(10.153311931459,5.5,20.));
#2207 = CIRCLE('',#2208,6.5);
#2208 = AXIS2_PLACEMENT_3D('',#2209,#2210,#2211);
#2209 = CARTESIAN_POINT('',(6.,5.5,25.));
#2210 = DIRECTION('',(0.,1.,0.));
#2211 = DIRECTION('',(-0.,-0.,1.));
#2212 = ORIENTED_EDGE('',*,*,#2213,.T.);
#2213 = EDGE_CURVE('',#2205,#2214,#2216,.T.);
#2214 = VERTEX_POINT('',#2215);
#2215 = CARTESIAN_POINT('',(9.316624790355,5.5,20.));
#2216 = LINE('',#2217,#2218);
#2217 = CARTESIAN_POINT('',(114.,5.5,20.));
#2218 = VECTOR('',#2219,1.);
#2219 = DIRECTION('',(-1.,-0.,-0.));
#2220 = ORIENTED_EDGE('',*,*,#2221,.T.);
#2221 = EDGE_CURVE('',#2214,#2180,#2222,.T.);
#2222 = LINE('',#2223,#2224);
#2223 = CARTESIAN_POINT('',(114.,5.5,20.));
#2224 = VECTOR('',#2225,1.);
#2225 = DIRECTION('',(-1.,-0.,-0.));
#2226 = ORIENTED_EDGE('',*,*,#2187,.F.);
#2227 = PLANE('',#2228);
#2228 = AXIS2_PLACEMENT_3D('',#2229,#2230,#2231);
#2229 = CARTESIAN_POINT('',(6.,5.5,25.));
#2230 = DIRECTION('',(-0.,-1.,-0.));
#2231 = DIRECTION('',(0.,0.,-1.));
#2232 = ADVANCED_FACE('',(#2233),#2262,.T.);
#2233 = FACE_BOUND('',#2234,.F.);
#2234 = EDGE_LOOP('',(#2235,#2243,#2244,#2245,#2246,#2255));
#2235 = ORIENTED_EDGE('',*,*,#2236,.T.);
#2236 = EDGE_CURVE('',#2237,#1682,#2239,.T.);
#2237 = VERTEX_POINT('',#2238);
#2238 = CARTESIAN_POINT('',(6.,5.5,31.5));
#2239 = LINE('',#2240,#2241);
#2240 = CARTESIAN_POINT('',(6.,5.5,31.5));
#2241 = VECTOR('',#2242,1.);
#2242 = DIRECTION('',(-0.,-1.,-0.));
#2243 = ORIENTED_EDGE('',*,*,#1681,.F.);
#2244 = ORIENTED_EDGE('',*,*,#1128,.F.);
#2245 = ORIENTED_EDGE('',*,*,#2204,.T.);
#2246 = ORIENTED_EDGE('',*,*,#2247,.T.);
#2247 = EDGE_CURVE('',#2205,#2248,#2250,.T.);
#2248 = VERTEX_POINT('',#2249);
#2249 = CARTESIAN_POINT('',(8.5,5.5,19.));
#2250 = CIRCLE('',#2251,6.5);
#2251 = AXIS2_PLACEMENT_3D('',#2252,#2253,#2254);
#2252 = CARTESIAN_POINT('',(6.,5.5,25.));
#2253 = DIRECTION('',(0.,1.,0.));
#2254 = DIRECTION('',(-0.,-0.,1.));
#2255 = ORIENTED_EDGE('',*,*,#2256,.T.);
#2256 = EDGE_CURVE('',#2248,#2237,#2257,.T.);
#2257 = CIRCLE('',#2258,6.5);
#2258 = AXIS2_PLACEMENT_3D('',#2259,#2260,#2261);
#2259 = CARTESIAN_POINT('',(6.,5.5,25.));
#2260 = DIRECTION('',(0.,1.,0.));
#2261 = DIRECTION('',(-0.,-0.,1.));
#2262 = CYLINDRICAL_SURFACE('',#2263,6.5);
#2263 = AXIS2_PLACEMENT_3D('',#2264,#2265,#2266);
#2264 = CARTESIAN_POINT('',(6.,5.5,25.));
#2265 = DIRECTION('',(-0.,-1.,-0.));
#2266 = DIRECTION('',(-0.,-0.,1.));
#2267 = ADVANCED_FACE('',(#2268),#2305,.T.);
#2268 = FACE_BOUND('',#2269,.F.);
#2269 = EDGE_LOOP('',(#2270,#2278,#2287,#2296,#2303,#2304));
#2270 = ORIENTED_EDGE('',*,*,#2271,.T.);
#2271 = EDGE_CURVE('',#1629,#2272,#2274,.T.);
#2272 = VERTEX_POINT('',#2273);
#2273 = CARTESIAN_POINT('',(6.,55.5,31.5));
#2274 = LINE('',#2275,#2276);
#2275 = CARTESIAN_POINT('',(6.,57.,31.5));
#2276 = VECTOR('',#2277,1.);
#2277 = DIRECTION('',(-0.,-1.,-0.));
#2278 = ORIENTED_EDGE('',*,*,#2279,.F.);
#2279 = EDGE_CURVE('',#2280,#2272,#2282,.T.);
#2280 = VERTEX_POINT('',#2281);
#2281 = CARTESIAN_POINT('',(8.5,55.5,19.));
#2282 = CIRCLE('',#2283,6.5);
#2283 = AXIS2_PLACEMENT_3D('',#2284,#2285,#2286);
#2284 = CARTESIAN_POINT('',(6.,55.5,25.));
#2285 = DIRECTION('',(0.,1.,0.));
#2286 = DIRECTION('',(-0.,-0.,1.));
#2287 = ORIENTED_EDGE('',*,*,#2288,.F.);
#2288 = EDGE_CURVE('',#2289,#2280,#2291,.T.);
#2289 = VERTEX_POINT('',#2290);
#2290 = CARTESIAN_POINT('',(10.153311931459,55.5,20.));
#2291 = CIRCLE('',#2292,6.5);
#2292 = AXIS2_PLACEMENT_3D('',#2293,#2294,#2295);
#2293 = CARTESIAN_POINT('',(6.,55.5,25.));
#2294 = DIRECTION('',(0.,1.,0.));
#2295 = DIRECTION('',(-0.,-0.,1.));
#2296 = ORIENTED_EDGE('',*,*,#2297,.F.);
#2297 = EDGE_CURVE('',#1089,#2289,#2298,.T.);
#2298 = CIRCLE('',#2299,6.5);
#2299 = AXIS2_PLACEMENT_3D('',#2300,#2301,#2302);
#2300 = CARTESIAN_POINT('',(6.,55.5,25.));
#2301 = DIRECTION('',(0.,1.,0.));
#2302 = DIRECTION('',(-0.,-0.,1.));
#2303 = ORIENTED_EDGE('',*,*,#1096,.F.);
#2304 = ORIENTED_EDGE('',*,*,#1628,.T.);
#2305 = CYLINDRICAL_SURFACE('',#2306,6.5);
#2306 = AXIS2_PLACEMENT_3D('',#2307,#2308,#2309);
#2307 = CARTESIAN_POINT('',(6.,57.,25.));
#2308 = DIRECTION('',(-0.,-1.,-0.));
#2309 = DIRECTION('',(-0.,-0.,1.));
#2310 = ADVANCED_FACE('',(#2311),#2330,.T.);
#2311 = FACE_BOUND('',#2312,.F.);
#2312 = EDGE_LOOP('',(#2313,#2314,#2315,#2323,#2329));
#2313 = ORIENTED_EDGE('',*,*,#1088,.T.);
#2314 = ORIENTED_EDGE('',*,*,#2297,.T.);
#2315 = ORIENTED_EDGE('',*,*,#2316,.T.);
#2316 = EDGE_CURVE('',#2289,#2317,#2319,.T.);
#2317 = VERTEX_POINT('',#2318);
#2318 = CARTESIAN_POINT('',(9.316624790355,55.5,20.));
#2319 = LINE('',#2320,#2321);
#2320 = CARTESIAN_POINT('',(114.,55.5,20.));
#2321 = VECTOR('',#2322,1.);
#2322 = DIRECTION('',(-1.,-0.,-0.));
#2323 = ORIENTED_EDGE('',*,*,#2324,.T.);
#2324 = EDGE_CURVE('',#2317,#2171,#2325,.T.);
#2325 = LINE('',#2326,#2327);
#2326 = CARTESIAN_POINT('',(114.,55.5,20.));
#2327 = VECTOR('',#2328,1.);
#2328 = DIRECTION('',(-1.,-0.,-0.));
#2329 = ORIENTED_EDGE('',*,*,#2170,.F.);
#2330 = PLANE('',#2331);
#2331 = AXIS2_PLACEMENT_3D('',#2332,#2333,#2334);
#2332 = CARTESIAN_POINT('',(6.,55.5,25.));
#2333 = DIRECTION('',(-0.,-1.,-0.));
#2334 = DIRECTION('',(0.,0.,-1.));
#2335 = ADVANCED_FACE('',(#2336),#2363,.F.);
#2336 = FACE_BOUND('',#2337,.T.);
#2337 = EDGE_LOOP('',(#2338,#2347,#2355,#2362));
#2338 = ORIENTED_EDGE('',*,*,#2339,.F.);
#2339 = EDGE_CURVE('',#2340,#1151,#2342,.T.);
#2340 = VERTEX_POINT('',#2341);
#2341 = CARTESIAN_POINT('',(8.5,55.5,31.));
#2342 = CIRCLE('',#2343,6.5);
#2343 = AXIS2_PLACEMENT_3D('',#2344,#2345,#2346);
#2344 = CARTESIAN_POINT('',(6.,55.5,25.));
#2345 = DIRECTION('',(0.,1.,0.));
#2346 = DIRECTION('',(-0.,-0.,1.));
#2347 = ORIENTED_EDGE('',*,*,#2348,.T.);
#2348 = EDGE_CURVE('',#2340,#2349,#2351,.T.);
#2349 = VERTEX_POINT('',#2350);
#2350 = CARTESIAN_POINT('',(111.5,55.5,31.));
#2351 = LINE('',#2352,#2353);
#2352 = CARTESIAN_POINT('',(6.,55.5,31.));
#2353 = VECTOR('',#2354,1.);
#2354 = DIRECTION('',(1.,-0.,-0.));
#2355 = ORIENTED_EDGE('',*,*,#2356,.F.);
#2356 = EDGE_CURVE('',#1153,#2349,#2357,.T.);
#2357 = CIRCLE('',#2358,6.5);
#2358 = AXIS2_PLACEMENT_3D('',#2359,#2360,#2361);
#2359 = CARTESIAN_POINT('',(114.,55.5,25.));
#2360 = DIRECTION('',(0.,1.,0.));
#2361 = DIRECTION('',(-0.,-0.,1.));
#2362 = ORIENTED_EDGE('',*,*,#1150,.F.);
#2363 = PLANE('',#2364);
#2364 = AXIS2_PLACEMENT_3D('',#2365,#2366,#2367);
#2365 = CARTESIAN_POINT('',(60.,55.5,25.));
#2366 = DIRECTION('',(-0.,-1.,-0.));
#2367 = DIRECTION('',(0.,0.,-1.));
#2368 = ADVANCED_FACE('',(#2369),#2382,.T.);
#2369 = FACE_BOUND('',#2370,.F.);
#2370 = EDGE_LOOP('',(#2371,#2372,#2379,#2380,#2381));
#2371 = ORIENTED_EDGE('',*,*,#2071,.T.);
#2372 = ORIENTED_EDGE('',*,*,#2373,.F.);
#2373 = EDGE_CURVE('',#2349,#2061,#2374,.T.);
#2374 = CIRCLE('',#2375,6.5);
#2375 = AXIS2_PLACEMENT_3D('',#2376,#2377,#2378);
#2376 = CARTESIAN_POINT('',(114.,55.5,25.));
#2377 = DIRECTION('',(0.,1.,0.));
#2378 = DIRECTION('',(-0.,-0.,1.));
#2379 = ORIENTED_EDGE('',*,*,#2356,.F.);
#2380 = ORIENTED_EDGE('',*,*,#1192,.F.);
#2381 = ORIENTED_EDGE('',*,*,#2103,.T.);
#2382 = CYLINDRICAL_SURFACE('',#2383,6.5);
#2383 = AXIS2_PLACEMENT_3D('',#2384,#2385,#2386);
#2384 = CARTESIAN_POINT('',(114.,57.,25.));
#2385 = DIRECTION('',(-0.,-1.,-0.));
#2386 = DIRECTION('',(-0.,-0.,1.));
#2387 = ADVANCED_FACE('',(#2388),#2401,.T.);
#2388 = FACE_BOUND('',#2389,.F.);
#2389 = EDGE_LOOP('',(#2390,#2397,#2398,#2399,#2400));
#2390 = ORIENTED_EDGE('',*,*,#2391,.F.);
#2391 = EDGE_CURVE('',#2272,#2340,#2392,.T.);
#2392 = CIRCLE('',#2393,6.5);
#2393 = AXIS2_PLACEMENT_3D('',#2394,#2395,#2396);
#2394 = CARTESIAN_POINT('',(6.,55.5,25.));
#2395 = DIRECTION('',(0.,1.,0.));
#2396 = DIRECTION('',(-0.,-0.,1.));
#2397 = ORIENTED_EDGE('',*,*,#2271,.F.);
#2398 = ORIENTED_EDGE('',*,*,#1637,.T.);
#2399 = ORIENTED_EDGE('',*,*,#1160,.T.);
#2400 = ORIENTED_EDGE('',*,*,#2339,.F.);
#2401 = CYLINDRICAL_SURFACE('',#2402,6.5);
#2402 = AXIS2_PLACEMENT_3D('',#2403,#2404,#2405);
#2403 = CARTESIAN_POINT('',(6.,57.,25.));
#2404 = DIRECTION('',(-0.,-1.,-0.));
#2405 = DIRECTION('',(-0.,-0.,1.));
#2406 = ADVANCED_FACE('',(#2407),#2413,.T.);
#2407 = FACE_BOUND('',#2408,.F.);
#2408 = EDGE_LOOP('',(#2409,#2410,#2411,#2412));
#2409 = ORIENTED_EDGE('',*,*,#1393,.F.);
#2410 = ORIENTED_EDGE('',*,*,#2138,.T.);
#2411 = ORIENTED_EDGE('',*,*,#2121,.F.);
#2412 = ORIENTED_EDGE('',*,*,#1214,.F.);
#2413 = PLANE('',#2414);
#2414 = AXIS2_PLACEMENT_3D('',#2415,#2416,#2417);
#2415 = CARTESIAN_POINT('',(114.,58.,27.));
#2416 = DIRECTION('',(1.,-0.,-0.));
#2417 = DIRECTION('',(0.,0.,-1.));
#2418 = ADVANCED_FACE('',(#2419,#2422),#2472,.T.);
#2419 = FACE_BOUND('',#2420,.F.);
#2420 = EDGE_LOOP('',(#2421));
#2421 = ORIENTED_EDGE('',*,*,#1246,.T.);
#2422 = FACE_BOUND('',#2423,.F.);
#2423 = EDGE_LOOP('',(#2424,#2434,#2442,#2450,#2458,#2466));
#2424 = ORIENTED_EDGE('',*,*,#2425,.F.);
#2425 = EDGE_CURVE('',#2426,#2428,#2430,.T.);
#2426 = VERTEX_POINT('',#2427);
#2427 = CARTESIAN_POINT('',(114.,56.4,13.214656965084));
#2428 = VERTEX_POINT('',#2429);
#2429 = CARTESIAN_POINT('',(117.65,56.4,11.107328482542));
#2430 = LINE('',#2431,#2432);
#2431 = CARTESIAN_POINT('',(116.7375,56.4,11.634160603178));
#2432 = VECTOR('',#2433,1.);
#2433 = DIRECTION('',(0.866025403784,-0.,-0.5));
#2434 = ORIENTED_EDGE('',*,*,#2435,.F.);
#2435 = EDGE_CURVE('',#2436,#2426,#2438,.T.);
#2436 = VERTEX_POINT('',#2437);
#2437 = CARTESIAN_POINT('',(110.35,56.4,11.107328482542));
#2438 = LINE('',#2439,#2440);
#2439 = CARTESIAN_POINT('',(113.0875,56.4,12.687824844449));
#2440 = VECTOR('',#2441,1.);
#2441 = DIRECTION('',(0.866025403784,-0.,0.5));
#2442 = ORIENTED_EDGE('',*,*,#2443,.F.);
#2443 = EDGE_CURVE('',#2444,#2436,#2446,.T.);
#2444 = VERTEX_POINT('',#2445);
#2445 = CARTESIAN_POINT('',(110.35,56.4,6.892671517458));
#2446 = LINE('',#2447,#2448);
#2447 = CARTESIAN_POINT('',(110.35,56.4,10.053664241271));
#2448 = VECTOR('',#2449,1.);
#2449 = DIRECTION('',(-0.,-0.,1.));
#2450 = ORIENTED_EDGE('',*,*,#2451,.F.);
#2451 = EDGE_CURVE('',#2452,#2444,#2454,.T.);
#2452 = VERTEX_POINT('',#2453);
#2453 = CARTESIAN_POINT('',(114.,56.4,4.785343034916));
#2454 = LINE('',#2455,#2456);
#2455 = CARTESIAN_POINT('',(111.2625,56.4,6.365839396822));
#2456 = VECTOR('',#2457,1.);
#2457 = DIRECTION('',(-0.866025403784,-0.,0.5));
#2458 = ORIENTED_EDGE('',*,*,#2459,.F.);
#2459 = EDGE_CURVE('',#2460,#2452,#2462,.T.);
#2460 = VERTEX_POINT('',#2461);
#2461 = CARTESIAN_POINT('',(117.65,56.4,6.892671517458));
#2462 = LINE('',#2463,#2464);
#2463 = CARTESIAN_POINT('',(114.9125,56.4,5.312175155551));
#2464 = VECTOR('',#2465,1.);
#2465 = DIRECTION('',(-0.866025403784,-0.,-0.5));
#2466 = ORIENTED_EDGE('',*,*,#2467,.F.);
#2467 = EDGE_CURVE('',#2428,#2460,#2468,.T.);
#2468 = LINE('',#2469,#2470);
#2469 = CARTESIAN_POINT('',(117.65,56.4,7.946335758729));
#2470 = VECTOR('',#2471,1.);
#2471 = DIRECTION('',(-3.371770189823E-15,-0.,-1.));
#2472 = PLANE('',#2473);
#2473 = AXIS2_PLACEMENT_3D('',#2474,#2475,#2476);
#2474 = CARTESIAN_POINT('',(114.,56.4,9.));
#2475 = DIRECTION('',(-0.,-1.,-0.));
#2476 = DIRECTION('',(0.,0.,-1.));
#2477 = ADVANCED_FACE('',(#2478),#2497,.F.);
#2478 = FACE_BOUND('',#2479,.T.);
#2479 = EDGE_LOOP('',(#2480,#2489,#2495,#2496));
#2480 = ORIENTED_EDGE('',*,*,#2481,.F.);
#2481 = EDGE_CURVE('',#2482,#2482,#2484,.T.);
#2482 = VERTEX_POINT('',#2483);
#2483 = CARTESIAN_POINT('',(114.,59.8,43.3));
#2484 = CIRCLE('',#2485,2.3);
#2485 = AXIS2_PLACEMENT_3D('',#2486,#2487,#2488);
#2486 = CARTESIAN_POINT('',(114.,59.8,41.));
#2487 = DIRECTION('',(0.,1.,0.));
#2488 = DIRECTION('',(-0.,-0.,1.));
#2489 = ORIENTED_EDGE('',*,*,#2490,.F.);
#2490 = EDGE_CURVE('',#1306,#2482,#2491,.T.);
#2491 = LINE('',#2492,#2493);
#2492 = CARTESIAN_POINT('',(114.,62.,43.3));
#2493 = VECTOR('',#2494,1.);
#2494 = DIRECTION('',(-0.,-1.,-0.));
#2495 = ORIENTED_EDGE('',*,*,#1305,.T.);
#2496 = ORIENTED_EDGE('',*,*,#2490,.T.);
#2497 = CYLINDRICAL_SURFACE('',#2498,2.3);
#2498 = AXIS2_PLACEMENT_3D('',#2499,#2500,#2501);
#2499 = CARTESIAN_POINT('',(114.,62.,41.));
#2500 = DIRECTION('',(-0.,-1.,-0.));
#2501 = DIRECTION('',(-0.,-0.,1.));
#2502 = ADVANCED_FACE('',(#2503),#2519,.F.);
#2503 = FACE_BOUND('',#2504,.T.);
#2504 = EDGE_LOOP('',(#2505,#2506,#2512,#2513));
#2505 = ORIENTED_EDGE('',*,*,#1334,.F.);
#2506 = ORIENTED_EDGE('',*,*,#2507,.T.);
#2507 = EDGE_CURVE('',#1335,#2428,#2508,.T.);
#2508 = LINE('',#2509,#2510);
#2509 = CARTESIAN_POINT('',(117.65,59.8,11.107328482542));
#2510 = VECTOR('',#2511,1.);
#2511 = DIRECTION('',(-0.,-1.,-0.));
#2512 = ORIENTED_EDGE('',*,*,#2425,.F.);
#2513 = ORIENTED_EDGE('',*,*,#2514,.F.);
#2514 = EDGE_CURVE('',#1337,#2426,#2515,.T.);
#2515 = LINE('',#2516,#2517);
#2516 = CARTESIAN_POINT('',(114.,59.8,13.214656965084));
#2517 = VECTOR('',#2518,1.);
#2518 = DIRECTION('',(-0.,-1.,-0.));
#2519 = PLANE('',#2520);
#2520 = AXIS2_PLACEMENT_3D('',#2521,#2522,#2523);
#2521 = CARTESIAN_POINT('',(117.65,59.8,11.107328482542));
#2522 = DIRECTION('',(0.5,-0.,0.866025403784));
#2523 = DIRECTION('',(0.866025403784,0.,-0.5));
#2524 = ADVANCED_FACE('',(#2525),#2536,.F.);
#2525 = FACE_BOUND('',#2526,.T.);
#2526 = EDGE_LOOP('',(#2527,#2528,#2534,#2535));
#2527 = ORIENTED_EDGE('',*,*,#1376,.F.);
#2528 = ORIENTED_EDGE('',*,*,#2529,.T.);
#2529 = EDGE_CURVE('',#1369,#2460,#2530,.T.);
#2530 = LINE('',#2531,#2532);
#2531 = CARTESIAN_POINT('',(117.65,59.8,6.892671517458));
#2532 = VECTOR('',#2533,1.);
#2533 = DIRECTION('',(-0.,-1.,-0.));
#2534 = ORIENTED_EDGE('',*,*,#2467,.F.);
#2535 = ORIENTED_EDGE('',*,*,#2507,.F.);
#2536 = PLANE('',#2537);
#2537 = AXIS2_PLACEMENT_3D('',#2538,#2539,#2540);
#2538 = CARTESIAN_POINT('',(117.65,59.8,6.892671517458));
#2539 = DIRECTION('',(1.,-0.,-3.371770189823E-15));
#2540 = DIRECTION('',(-3.371770189823E-15,0.,-1.));
#2541 = ADVANCED_FACE('',(#2542),#2553,.F.);
#2542 = FACE_BOUND('',#2543,.T.);
#2543 = EDGE_LOOP('',(#2544,#2545,#2546,#2547));
#2544 = ORIENTED_EDGE('',*,*,#1344,.F.);
#2545 = ORIENTED_EDGE('',*,*,#2514,.T.);
#2546 = ORIENTED_EDGE('',*,*,#2435,.F.);
#2547 = ORIENTED_EDGE('',*,*,#2548,.F.);
#2548 = EDGE_CURVE('',#1345,#2436,#2549,.T.);
#2549 = LINE('',#2550,#2551);
#2550 = CARTESIAN_POINT('',(110.35,59.8,11.107328482542));
#2551 = VECTOR('',#2552,1.);
#2552 = DIRECTION('',(-0.,-1.,-0.));
#2553 = PLANE('',#2554);
#2554 = AXIS2_PLACEMENT_3D('',#2555,#2556,#2557);
#2555 = CARTESIAN_POINT('',(114.,59.8,13.214656965084));
#2556 = DIRECTION('',(-0.5,-0.,0.866025403784));
#2557 = DIRECTION('',(0.866025403784,0.,0.5));
#2558 = ADVANCED_FACE('',(#2559),#2570,.F.);
#2559 = FACE_BOUND('',#2560,.T.);
#2560 = EDGE_LOOP('',(#2561,#2562,#2568,#2569));
#2561 = ORIENTED_EDGE('',*,*,#1368,.F.);
#2562 = ORIENTED_EDGE('',*,*,#2563,.T.);
#2563 = EDGE_CURVE('',#1361,#2452,#2564,.T.);
#2564 = LINE('',#2565,#2566);
#2565 = CARTESIAN_POINT('',(114.,59.8,4.785343034916));
#2566 = VECTOR('',#2567,1.);
#2567 = DIRECTION('',(-0.,-1.,-0.));
#2568 = ORIENTED_EDGE('',*,*,#2459,.F.);
#2569 = ORIENTED_EDGE('',*,*,#2529,.F.);
#2570 = PLANE('',#2571);
#2571 = AXIS2_PLACEMENT_3D('',#2572,#2573,#2574);
#2572 = CARTESIAN_POINT('',(114.,59.8,4.785343034916));
#2573 = DIRECTION('',(0.5,-0.,-0.866025403784));
#2574 = DIRECTION('',(-0.866025403784,0.,-0.5));
#2575 = ADVANCED_FACE('',(#2576),#2587,.F.);
#2576 = FACE_BOUND('',#2577,.T.);
#2577 = EDGE_LOOP('',(#2578,#2579,#2580,#2581));
#2578 = ORIENTED_EDGE('',*,*,#1352,.F.);
#2579 = ORIENTED_EDGE('',*,*,#2548,.T.);
#2580 = ORIENTED_EDGE('',*,*,#2443,.F.);
#2581 = ORIENTED_EDGE('',*,*,#2582,.F.);
#2582 = EDGE_CURVE('',#1353,#2444,#2583,.T.);
#2583 = LINE('',#2584,#2585);
#2584 = CARTESIAN_POINT('',(110.35,59.8,6.892671517458));
#2585 = VECTOR('',#2586,1.);
#2586 = DIRECTION('',(-0.,-1.,-0.));
#2587 = PLANE('',#2588);
#2588 = AXIS2_PLACEMENT_3D('',#2589,#2590,#2591);
#2589 = CARTESIAN_POINT('',(110.35,59.8,11.107328482542));
#2590 = DIRECTION('',(-1.,-0.,-0.));
#2591 = DIRECTION('',(0.,0.,1.));
#2592 = ADVANCED_FACE('',(#2593),#2599,.F.);
#2593 = FACE_BOUND('',#2594,.T.);
#2594 = EDGE_LOOP('',(#2595,#2596,#2597,#2598));
#2595 = ORIENTED_EDGE('',*,*,#1360,.F.);
#2596 = ORIENTED_EDGE('',*,*,#2582,.T.);
#2597 = ORIENTED_EDGE('',*,*,#2451,.F.);
#2598 = ORIENTED_EDGE('',*,*,#2563,.F.);
#2599 = PLANE('',#2600);
#2600 = AXIS2_PLACEMENT_3D('',#2601,#2602,#2603);
#2601 = CARTESIAN_POINT('',(110.35,59.8,6.892671517458));
#2602 = DIRECTION('',(-0.5,-0.,-0.866025403784));
#2603 = DIRECTION('',(-0.866025403784,0.,0.5));
#2604 = ADVANCED_FACE('',(#2605),#2624,.T.);
#2605 = FACE_BOUND('',#2606,.F.);
#2606 = EDGE_LOOP('',(#2607,#2615,#2622,#2623));
#2607 = ORIENTED_EDGE('',*,*,#2608,.T.);
#2608 = EDGE_CURVE('',#1443,#2609,#2611,.T.);
#2609 = VERTEX_POINT('',#2610);
#2610 = CARTESIAN_POINT('',(114.,56.4,46.214656965084));
#2611 = LINE('',#2612,#2613);
#2612 = CARTESIAN_POINT('',(114.,58.2,46.214656965084));
#2613 = VECTOR('',#2614,1.);
#2614 = DIRECTION('',(-0.,-1.,-0.));
#2615 = ORIENTED_EDGE('',*,*,#2616,.F.);
#2616 = EDGE_CURVE('',#2609,#2609,#2617,.T.);
#2617 = CIRCLE('',#2618,5.214656965084);
#2618 = AXIS2_PLACEMENT_3D('',#2619,#2620,#2621);
#2619 = CARTESIAN_POINT('',(114.,56.4,41.));
#2620 = DIRECTION('',(0.,1.,0.));
#2621 = DIRECTION('',(-0.,-0.,1.));
#2622 = ORIENTED_EDGE('',*,*,#2608,.F.);
#2623 = ORIENTED_EDGE('',*,*,#1442,.T.);
#2624 = CYLINDRICAL_SURFACE('',#2625,5.214656965084);
#2625 = AXIS2_PLACEMENT_3D('',#2626,#2627,#2628);
#2626 = CARTESIAN_POINT('',(114.,58.2,41.));
#2627 = DIRECTION('',(-0.,-1.,-0.));
#2628 = DIRECTION('',(-0.,-0.,1.));
#2629 = ADVANCED_FACE('',(#2630),#2655,.F.);
#2630 = FACE_BOUND('',#2631,.T.);
#2631 = EDGE_LOOP('',(#2632,#2640,#2641,#2649));
#2632 = ORIENTED_EDGE('',*,*,#2633,.F.);
#2633 = EDGE_CURVE('',#1477,#2634,#2636,.T.);
#2634 = VERTEX_POINT('',#2635);
#2635 = CARTESIAN_POINT('',(0.,0.,0.));
#2636 = LINE('',#2637,#2638);
#2637 = CARTESIAN_POINT('',(0.,3.,0.));
#2638 = VECTOR('',#2639,1.);
#2639 = DIRECTION('',(-0.,-1.,-0.));
#2640 = ORIENTED_EDGE('',*,*,#1476,.T.);
#2641 = ORIENTED_EDGE('',*,*,#2642,.T.);
#2642 = EDGE_CURVE('',#1479,#2643,#2645,.T.);
#2643 = VERTEX_POINT('',#2644);
#2644 = CARTESIAN_POINT('',(120.,0.,0.));
#2645 = LINE('',#2646,#2647);
#2646 = CARTESIAN_POINT('',(120.,3.,0.));
#2647 = VECTOR('',#2648,1.);
#2648 = DIRECTION('',(-0.,-1.,-0.));
#2649 = ORIENTED_EDGE('',*,*,#2650,.F.);
#2650 = EDGE_CURVE('',#2634,#2643,#2651,.T.);
#2651 = LINE('',#2652,#2653);
#2652 = CARTESIAN_POINT('',(0.,0.,0.));
#2653 = VECTOR('',#2654,1.);
#2654 = DIRECTION('',(1.,-0.,-0.));
#2655 = PLANE('',#2656);
#2656 = AXIS2_PLACEMENT_3D('',#2657,#2658,#2659);
#2657 = CARTESIAN_POINT('',(0.,3.,0.));
#2658 = DIRECTION('',(-0.,-0.,1.));
#2659 = DIRECTION('',(-1.,0.,0.));
#2660 = ADVANCED_FACE('',(#2661),#2679,.T.);
#2661 = FACE_BOUND('',#2662,.F.);
#2662 = EDGE_LOOP('',(#2663,#2664,#2665,#2673));
#2663 = ORIENTED_EDGE('',*,*,#1502,.F.);
#2664 = ORIENTED_EDGE('',*,*,#2642,.T.);
#2665 = ORIENTED_EDGE('',*,*,#2666,.T.);
#2666 = EDGE_CURVE('',#2643,#2667,#2669,.T.);
#2667 = VERTEX_POINT('',#2668);
#2668 = CARTESIAN_POINT('',(120.,0.,35.));
#2669 = LINE('',#2670,#2671);
#2670 = CARTESIAN_POINT('',(120.,0.,0.));
#2671 = VECTOR('',#2672,1.);
#2672 = DIRECTION('',(-0.,-0.,1.));
#2673 = ORIENTED_EDGE('',*,*,#2674,.F.);
#2674 = EDGE_CURVE('',#1495,#2667,#2675,.T.);
#2675 = LINE('',#2676,#2677);
#2676 = CARTESIAN_POINT('',(120.,3.,35.));
#2677 = VECTOR('',#2678,1.);
#2678 = DIRECTION('',(-0.,-1.,-0.));
#2679 = PLANE('',#2680);
#2680 = AXIS2_PLACEMENT_3D('',#2681,#2682,#2683);
#2681 = CARTESIAN_POINT('',(120.,3.,0.));
#2682 = DIRECTION('',(1.,-0.,-0.));
#2683 = DIRECTION('',(0.,0.,-1.));
#2684 = ADVANCED_FACE('',(#2685),#2703,.F.);
#2685 = FACE_BOUND('',#2686,.T.);
#2686 = EDGE_LOOP('',(#2687,#2688,#2689,#2697));
#2687 = ORIENTED_EDGE('',*,*,#1486,.F.);
#2688 = ORIENTED_EDGE('',*,*,#2633,.T.);
#2689 = ORIENTED_EDGE('',*,*,#2690,.T.);
#2690 = EDGE_CURVE('',#2634,#2691,#2693,.T.);
#2691 = VERTEX_POINT('',#2692);
#2692 = CARTESIAN_POINT('',(0.,0.,35.));
#2693 = LINE('',#2694,#2695);
#2694 = CARTESIAN_POINT('',(0.,0.,0.));
#2695 = VECTOR('',#2696,1.);
#2696 = DIRECTION('',(-0.,-0.,1.));
#2697 = ORIENTED_EDGE('',*,*,#2698,.F.);
#2698 = EDGE_CURVE('',#1487,#2691,#2699,.T.);
#2699 = LINE('',#2700,#2701);
#2700 = CARTESIAN_POINT('',(0.,3.,35.));
#2701 = VECTOR('',#2702,1.);
#2702 = DIRECTION('',(-0.,-1.,-0.));
#2703 = PLANE('',#2704);
#2704 = AXIS2_PLACEMENT_3D('',#2705,#2706,#2707);
#2705 = CARTESIAN_POINT('',(0.,3.,0.));
#2706 = DIRECTION('',(1.,-0.,-0.));
#2707 = DIRECTION('',(0.,0.,-1.));
#2708 = ADVANCED_FACE('',(#2709),#2720,.T.);
#2709 = FACE_BOUND('',#2710,.F.);
#2710 = EDGE_LOOP('',(#2711,#2712,#2713,#2714));
#2711 = ORIENTED_EDGE('',*,*,#2698,.F.);
#2712 = ORIENTED_EDGE('',*,*,#1494,.T.);
#2713 = ORIENTED_EDGE('',*,*,#2674,.T.);
#2714 = ORIENTED_EDGE('',*,*,#2715,.F.);
#2715 = EDGE_CURVE('',#2691,#2667,#2716,.T.);
#2716 = LINE('',#2717,#2718);
#2717 = CARTESIAN_POINT('',(0.,0.,35.));
#2718 = VECTOR('',#2719,1.);
#2719 = DIRECTION('',(1.,-0.,-0.));
#2720 = PLANE('',#2721);
#2721 = AXIS2_PLACEMENT_3D('',#2722,#2723,#2724);
#2722 = CARTESIAN_POINT('',(0.,3.,35.));
#2723 = DIRECTION('',(-0.,-0.,1.));
#2724 = DIRECTION('',(-1.,0.,0.));
#2725 = ADVANCED_FACE('',(#2726),#2745,.F.);
#2726 = FACE_BOUND('',#2727,.T.);
#2727 = EDGE_LOOP('',(#2728,#2737,#2743,#2744));
#2728 = ORIENTED_EDGE('',*,*,#2729,.F.);
#2729 = EDGE_CURVE('',#2730,#2730,#2732,.T.);
#2730 = VERTEX_POINT('',#2731);
#2731 = CARTESIAN_POINT('',(24.,0.,8.6));
#2732 = CIRCLE('',#2733,1.6);
#2733 = AXIS2_PLACEMENT_3D('',#2734,#2735,#2736);
#2734 = CARTESIAN_POINT('',(24.,0.,7.));
#2735 = DIRECTION('',(0.,1.,0.));
#2736 = DIRECTION('',(-0.,-0.,1.));
#2737 = ORIENTED_EDGE('',*,*,#2738,.F.);
#2738 = EDGE_CURVE('',#1511,#2730,#2739,.T.);
#2739 = LINE('',#2740,#2741);
#2740 = CARTESIAN_POINT('',(24.,4.,8.6));
#2741 = VECTOR('',#2742,1.);
#2742 = DIRECTION('',(-0.,-1.,-0.));
#2743 = ORIENTED_EDGE('',*,*,#1510,.T.);
#2744 = ORIENTED_EDGE('',*,*,#2738,.T.);
#2745 = CYLINDRICAL_SURFACE('',#2746,1.6);
#2746 = AXIS2_PLACEMENT_3D('',#2747,#2748,#2749);
#2747 = CARTESIAN_POINT('',(24.,4.,7.));
#2748 = DIRECTION('',(-0.,-1.,-0.));
#2749 = DIRECTION('',(-0.,-0.,1.));
#2750 = ADVANCED_FACE('',(#2751),#2777,.F.);
#2751 = FACE_BOUND('',#2752,.T.);
#2752 = EDGE_LOOP('',(#2753,#2754,#2762,#2771));
#2753 = ORIENTED_EDGE('',*,*,#1521,.T.);
#2754 = ORIENTED_EDGE('',*,*,#2755,.T.);
#2755 = EDGE_CURVE('',#864,#2756,#2758,.T.);
#2756 = VERTEX_POINT('',#2757);
#2757 = CARTESIAN_POINT('',(6.,0.,27.25));
#2758 = LINE('',#2759,#2760);
#2759 = CARTESIAN_POINT('',(6.,4.,27.25));
#2760 = VECTOR('',#2761,1.);
#2761 = DIRECTION('',(-0.,-1.,-0.));
#2762 = ORIENTED_EDGE('',*,*,#2763,.F.);
#2763 = EDGE_CURVE('',#2764,#2756,#2766,.T.);
#2764 = VERTEX_POINT('',#2765);
#2765 = CARTESIAN_POINT('',(6.,0.,22.75));
#2766 = CIRCLE('',#2767,2.25);
#2767 = AXIS2_PLACEMENT_3D('',#2768,#2769,#2770);
#2768 = CARTESIAN_POINT('',(6.,0.,25.));
#2769 = DIRECTION('',(0.,1.,0.));
#2770 = DIRECTION('',(-0.,-0.,1.));
#2771 = ORIENTED_EDGE('',*,*,#2772,.F.);
#2772 = EDGE_CURVE('',#1522,#2764,#2773,.T.);
#2773 = LINE('',#2774,#2775);
#2774 = CARTESIAN_POINT('',(6.,4.,22.75));
#2775 = VECTOR('',#2776,1.);
#2776 = DIRECTION('',(-0.,-1.,-0.));
#2777 = CYLINDRICAL_SURFACE('',#2778,2.25);
#2778 = AXIS2_PLACEMENT_3D('',#2779,#2780,#2781);
#2779 = CARTESIAN_POINT('',(6.,4.,25.));
#2780 = DIRECTION('',(-0.,-1.,-0.));
#2781 = DIRECTION('',(-0.,-0.,1.));
#2782 = ADVANCED_FACE('',(#2783),#2801,.T.);
#2783 = FACE_BOUND('',#2784,.F.);
#2784 = EDGE_LOOP('',(#2785,#2786,#2787,#2795));
#2785 = ORIENTED_EDGE('',*,*,#2772,.F.);
#2786 = ORIENTED_EDGE('',*,*,#1530,.T.);
#2787 = ORIENTED_EDGE('',*,*,#2788,.T.);
#2788 = EDGE_CURVE('',#1531,#2789,#2791,.T.);
#2789 = VERTEX_POINT('',#2790);
#2790 = CARTESIAN_POINT('',(14.,0.,22.75));
#2791 = LINE('',#2792,#2793);
#2792 = CARTESIAN_POINT('',(14.,4.,22.75));
#2793 = VECTOR('',#2794,1.);
#2794 = DIRECTION('',(-0.,-1.,-0.));
#2795 = ORIENTED_EDGE('',*,*,#2796,.F.);
#2796 = EDGE_CURVE('',#2764,#2789,#2797,.T.);
#2797 = LINE('',#2798,#2799);
#2798 = CARTESIAN_POINT('',(3.,0.,22.75));
#2799 = VECTOR('',#2800,1.);
#2800 = DIRECTION('',(1.,-0.,-0.));
#2801 = PLANE('',#2802);
#2802 = AXIS2_PLACEMENT_3D('',#2803,#2804,#2805);
#2803 = CARTESIAN_POINT('',(6.,4.,22.75));
#2804 = DIRECTION('',(-0.,-0.,1.));
#2805 = DIRECTION('',(-1.,0.,0.));
#2806 = ADVANCED_FACE('',(#2807),#2827,.F.);
#2807 = FACE_BOUND('',#2808,.T.);
#2808 = EDGE_LOOP('',(#2809,#2818,#2824,#2825,#2826));
#2809 = ORIENTED_EDGE('',*,*,#2810,.F.);
#2810 = EDGE_CURVE('',#2811,#2789,#2813,.T.);
#2811 = VERTEX_POINT('',#2812);
#2812 = CARTESIAN_POINT('',(14.,0.,27.25));
#2813 = CIRCLE('',#2814,2.25);
#2814 = AXIS2_PLACEMENT_3D('',#2815,#2816,#2817);
#2815 = CARTESIAN_POINT('',(14.,0.,25.));
#2816 = DIRECTION('',(0.,1.,0.));
#2817 = DIRECTION('',(-0.,-0.,1.));
#2818 = ORIENTED_EDGE('',*,*,#2819,.F.);
#2819 = EDGE_CURVE('',#1742,#2811,#2820,.T.);
#2820 = LINE('',#2821,#2822);
#2821 = CARTESIAN_POINT('',(14.,4.,27.25));
#2822 = VECTOR('',#2823,1.);
#2823 = DIRECTION('',(-0.,-1.,-0.));
#2824 = ORIENTED_EDGE('',*,*,#1741,.T.);
#2825 = ORIENTED_EDGE('',*,*,#1538,.T.);
#2826 = ORIENTED_EDGE('',*,*,#2788,.T.);
#2827 = CYLINDRICAL_SURFACE('',#2828,2.25);
#2828 = AXIS2_PLACEMENT_3D('',#2829,#2830,#2831);
#2829 = CARTESIAN_POINT('',(14.,4.,25.));
#2830 = DIRECTION('',(-0.,-1.,-0.));
#2831 = DIRECTION('',(-0.,-0.,1.));
#2832 = ADVANCED_FACE('',(#2833),#2867,.T.);
#2833 = FACE_BOUND('',#2834,.F.);
#2834 = EDGE_LOOP('',(#2835,#2836,#2837,#2838,#2846,#2854,#2860,#2861));
#2835 = ORIENTED_EDGE('',*,*,#1571,.F.);
#2836 = ORIENTED_EDGE('',*,*,#1727,.F.);
#2837 = ORIENTED_EDGE('',*,*,#1699,.T.);
#2838 = ORIENTED_EDGE('',*,*,#2839,.F.);
#2839 = EDGE_CURVE('',#2840,#1691,#2842,.T.);
#2840 = VERTEX_POINT('',#2841);
#2841 = CARTESIAN_POINT('',(10.153311931459,5.5,30.));
#2842 = LINE('',#2843,#2844);
#2843 = CARTESIAN_POINT('',(10.153311931459,5.5,30.));
#2844 = VECTOR('',#2845,1.);
#2845 = DIRECTION('',(-0.,-1.,-0.));
#2846 = ORIENTED_EDGE('',*,*,#2847,.T.);
#2847 = EDGE_CURVE('',#2840,#2848,#2850,.T.);
#2848 = VERTEX_POINT('',#2849);
#2849 = CARTESIAN_POINT('',(109.84668806854,5.5,30.));
#2850 = LINE('',#2851,#2852);
#2851 = CARTESIAN_POINT('',(6.,5.5,30.));
#2852 = VECTOR('',#2853,1.);
#2853 = DIRECTION('',(1.,-0.,-0.));
#2854 = ORIENTED_EDGE('',*,*,#2855,.T.);
#2855 = EDGE_CURVE('',#2848,#1884,#2856,.T.);
#2856 = LINE('',#2857,#2858);
#2857 = CARTESIAN_POINT('',(109.84668806854,5.5,30.));
#2858 = VECTOR('',#2859,1.);
#2859 = DIRECTION('',(-0.,-1.,-0.));
#2860 = ORIENTED_EDGE('',*,*,#1912,.T.);
#2861 = ORIENTED_EDGE('',*,*,#2862,.T.);
#2862 = EDGE_CURVE('',#1905,#1564,#2863,.T.);
#2863 = LINE('',#2864,#2865);
#2864 = CARTESIAN_POINT('',(112.8,58.,30.));
#2865 = VECTOR('',#2866,1.);
#2866 = DIRECTION('',(-0.,-1.,-0.));
#2867 = PLANE('',#2868);
#2868 = AXIS2_PLACEMENT_3D('',#2869,#2870,#2871);
#2869 = CARTESIAN_POINT('',(6.,58.,30.));
#2870 = DIRECTION('',(-0.,-0.,1.));
#2871 = DIRECTION('',(-1.,0.,0.));
#2872 = ADVANCED_FACE('',(#2873),#2893,.F.);
#2873 = FACE_BOUND('',#2874,.T.);
#2874 = EDGE_LOOP('',(#2875,#2883,#2890,#2891,#2892));
#2875 = ORIENTED_EDGE('',*,*,#2876,.T.);
#2876 = EDGE_CURVE('',#1547,#2877,#2879,.T.);
#2877 = VERTEX_POINT('',#2878);
#2878 = CARTESIAN_POINT('',(114.,0.,27.2));
#2879 = LINE('',#2880,#2881);
#2880 = CARTESIAN_POINT('',(114.,4.,27.2));
#2881 = VECTOR('',#2882,1.);
#2882 = DIRECTION('',(-0.,-1.,-0.));
#2883 = ORIENTED_EDGE('',*,*,#2884,.F.);
#2884 = EDGE_CURVE('',#2877,#2877,#2885,.T.);
#2885 = CIRCLE('',#2886,2.2);
#2886 = AXIS2_PLACEMENT_3D('',#2887,#2888,#2889);
#2887 = CARTESIAN_POINT('',(114.,0.,25.));
#2888 = DIRECTION('',(0.,1.,0.));
#2889 = DIRECTION('',(-0.,-0.,1.));
#2890 = ORIENTED_EDGE('',*,*,#2876,.F.);
#2891 = ORIENTED_EDGE('',*,*,#1546,.T.);
#2892 = ORIENTED_EDGE('',*,*,#1773,.T.);
#2893 = CYLINDRICAL_SURFACE('',#2894,2.2);
#2894 = AXIS2_PLACEMENT_3D('',#2895,#2896,#2897);
#2895 = CARTESIAN_POINT('',(114.,4.,25.));
#2896 = DIRECTION('',(-0.,-1.,-0.));
#2897 = DIRECTION('',(-0.,-0.,1.));
#2898 = ADVANCED_FACE('',(#2899),#2905,.T.);
#2899 = FACE_BOUND('',#2900,.F.);
#2900 = EDGE_LOOP('',(#2901,#2902,#2903,#2904));
#2901 = ORIENTED_EDGE('',*,*,#1904,.T.);
#2902 = ORIENTED_EDGE('',*,*,#1799,.T.);
#2903 = ORIENTED_EDGE('',*,*,#1563,.T.);
#2904 = ORIENTED_EDGE('',*,*,#2862,.F.);
#2905 = PLANE('',#2906);
#2906 = AXIS2_PLACEMENT_3D('',#2907,#2908,#2909);
#2907 = CARTESIAN_POINT('',(113.4,58.,29.4));
#2908 = DIRECTION('',(0.707106781187,-1.407620945704E-17,0.707106781187)
  );
#2909 = DIRECTION('',(9.953383160478E-18,1.,9.953383160478E-18));
#2910 = ADVANCED_FACE('',(#2911),#2930,.F.);
#2911 = FACE_BOUND('',#2912,.T.);
#2912 = EDGE_LOOP('',(#2913,#2922,#2928,#2929));
#2913 = ORIENTED_EDGE('',*,*,#2914,.F.);
#2914 = EDGE_CURVE('',#2915,#2915,#2917,.T.);
#2915 = VERTEX_POINT('',#2916);
#2916 = CARTESIAN_POINT('',(96.,0.,8.6));
#2917 = CIRCLE('',#2918,1.6);
#2918 = AXIS2_PLACEMENT_3D('',#2919,#2920,#2921);
#2919 = CARTESIAN_POINT('',(96.,0.,7.));
#2920 = DIRECTION('',(0.,1.,0.));
#2921 = DIRECTION('',(-0.,-0.,1.));
#2922 = ORIENTED_EDGE('',*,*,#2923,.F.);
#2923 = EDGE_CURVE('',#1600,#2915,#2924,.T.);
#2924 = LINE('',#2925,#2926);
#2925 = CARTESIAN_POINT('',(96.,4.,8.6));
#2926 = VECTOR('',#2927,1.);
#2927 = DIRECTION('',(-0.,-1.,-0.));
#2928 = ORIENTED_EDGE('',*,*,#1599,.T.);
#2929 = ORIENTED_EDGE('',*,*,#2923,.T.);
#2930 = CYLINDRICAL_SURFACE('',#2931,1.6);
#2931 = AXIS2_PLACEMENT_3D('',#2932,#2933,#2934);
#2932 = CARTESIAN_POINT('',(96.,4.,7.));
#2933 = DIRECTION('',(-0.,-1.,-0.));
#2934 = DIRECTION('',(-0.,-0.,1.));
#2935 = ADVANCED_FACE('',(#2936),#2957,.T.);
#2936 = FACE_BOUND('',#2937,.F.);
#2937 = EDGE_LOOP('',(#2938,#2939,#2940,#2949,#2956));
#2938 = ORIENTED_EDGE('',*,*,#1690,.F.);
#2939 = ORIENTED_EDGE('',*,*,#2236,.F.);
#2940 = ORIENTED_EDGE('',*,*,#2941,.T.);
#2941 = EDGE_CURVE('',#2237,#2942,#2944,.T.);
#2942 = VERTEX_POINT('',#2943);
#2943 = CARTESIAN_POINT('',(8.5,5.5,31.));
#2944 = CIRCLE('',#2945,6.5);
#2945 = AXIS2_PLACEMENT_3D('',#2946,#2947,#2948);
#2946 = CARTESIAN_POINT('',(6.,5.5,25.));
#2947 = DIRECTION('',(0.,1.,0.));
#2948 = DIRECTION('',(-0.,-0.,1.));
#2949 = ORIENTED_EDGE('',*,*,#2950,.T.);
#2950 = EDGE_CURVE('',#2942,#2840,#2951,.T.);
#2951 = CIRCLE('',#2952,6.5);
#2952 = AXIS2_PLACEMENT_3D('',#2953,#2954,#2955);
#2953 = CARTESIAN_POINT('',(6.,5.5,25.));
#2954 = DIRECTION('',(0.,1.,0.));
#2955 = DIRECTION('',(-0.,-0.,1.));
#2956 = ORIENTED_EDGE('',*,*,#2839,.T.);
#2957 = CYLINDRICAL_SURFACE('',#2958,6.5);
#2958 = AXIS2_PLACEMENT_3D('',#2959,#2960,#2961);
#2959 = CARTESIAN_POINT('',(6.,5.5,25.));
#2960 = DIRECTION('',(-0.,-1.,-0.));
#2961 = DIRECTION('',(-0.,-0.,1.));
#2962 = ADVANCED_FACE('',(#2963),#2974,.F.);
#2963 = FACE_BOUND('',#2964,.T.);
#2964 = EDGE_LOOP('',(#2965,#2966,#2967,#2968));
#2965 = ORIENTED_EDGE('',*,*,#2755,.F.);
#2966 = ORIENTED_EDGE('',*,*,#1752,.T.);
#2967 = ORIENTED_EDGE('',*,*,#2819,.T.);
#2968 = ORIENTED_EDGE('',*,*,#2969,.F.);
#2969 = EDGE_CURVE('',#2756,#2811,#2970,.T.);
#2970 = LINE('',#2971,#2972);
#2971 = CARTESIAN_POINT('',(3.,0.,27.25));
#2972 = VECTOR('',#2973,1.);
#2973 = DIRECTION('',(1.,-0.,-0.));
#2974 = PLANE('',#2975);
#2975 = AXIS2_PLACEMENT_3D('',#2976,#2977,#2978);
#2976 = CARTESIAN_POINT('',(6.,4.,27.25));
#2977 = DIRECTION('',(-0.,-0.,1.));
#2978 = DIRECTION('',(-1.,0.,0.));
#2979 = ADVANCED_FACE('',(#2980),#3006,.F.);
#2980 = FACE_BOUND('',#2981,.T.);
#2981 = EDGE_LOOP('',(#2982,#2983,#2991,#3000));
#2982 = ORIENTED_EDGE('',*,*,#1840,.F.);
#2983 = ORIENTED_EDGE('',*,*,#2984,.F.);
#2984 = EDGE_CURVE('',#2985,#1841,#2987,.T.);
#2985 = VERTEX_POINT('',#2986);
#2986 = CARTESIAN_POINT('',(115.31244047484,60.5,26.));
#2987 = LINE('',#2988,#2989);
#2988 = CARTESIAN_POINT('',(115.31244047484,60.5,26.));
#2989 = VECTOR('',#2990,1.);
#2990 = DIRECTION('',(-0.,-1.,-0.));
#2991 = ORIENTED_EDGE('',*,*,#2992,.T.);
#2992 = EDGE_CURVE('',#2985,#2993,#2995,.T.);
#2993 = VERTEX_POINT('',#2994);
#2994 = CARTESIAN_POINT('',(112.68755952515,60.5,26.));
#2995 = CIRCLE('',#2996,1.65);
#2996 = AXIS2_PLACEMENT_3D('',#2997,#2998,#2999);
#2997 = CARTESIAN_POINT('',(114.,60.5,25.));
#2998 = DIRECTION('',(0.,1.,0.));
#2999 = DIRECTION('',(-0.,-0.,1.));
#3000 = ORIENTED_EDGE('',*,*,#3001,.T.);
#3001 = EDGE_CURVE('',#2993,#1843,#3002,.T.);
#3002 = LINE('',#3003,#3004);
#3003 = CARTESIAN_POINT('',(112.68755952515,60.5,26.));
#3004 = VECTOR('',#3005,1.);
#3005 = DIRECTION('',(-0.,-1.,-0.));
#3006 = CYLINDRICAL_SURFACE('',#3007,1.65);
#3007 = AXIS2_PLACEMENT_3D('',#3008,#3009,#3010);
#3008 = CARTESIAN_POINT('',(114.,60.5,25.));
#3009 = DIRECTION('',(-0.,-1.,-0.));
#3010 = DIRECTION('',(-0.,-0.,1.));
#3011 = ADVANCED_FACE('',(#3012),#3023,.F.);
#3012 = FACE_BOUND('',#3013,.T.);
#3013 = EDGE_LOOP('',(#3014,#3015,#3021,#3022));
#3014 = ORIENTED_EDGE('',*,*,#3001,.F.);
#3015 = ORIENTED_EDGE('',*,*,#3016,.T.);
#3016 = EDGE_CURVE('',#2993,#2985,#3017,.T.);
#3017 = LINE('',#3018,#3019);
#3018 = CARTESIAN_POINT('',(112.75,60.5,26.));
#3019 = VECTOR('',#3020,1.);
#3020 = DIRECTION('',(1.,-0.,-0.));
#3021 = ORIENTED_EDGE('',*,*,#2984,.T.);
#3022 = ORIENTED_EDGE('',*,*,#1851,.F.);
#3023 = PLANE('',#3024);
#3024 = AXIS2_PLACEMENT_3D('',#3025,#3026,#3027);
#3025 = CARTESIAN_POINT('',(111.5,61.,26.));
#3026 = DIRECTION('',(-0.,-0.,1.));
#3027 = DIRECTION('',(-1.,0.,0.));
#3028 = ADVANCED_FACE('',(#3029),#3050,.T.);
#3029 = FACE_BOUND('',#3030,.F.);
#3030 = EDGE_LOOP('',(#3031,#3032,#3033,#3034,#3043));
#3031 = ORIENTED_EDGE('',*,*,#1927,.T.);
#3032 = ORIENTED_EDGE('',*,*,#1883,.F.);
#3033 = ORIENTED_EDGE('',*,*,#2855,.F.);
#3034 = ORIENTED_EDGE('',*,*,#3035,.T.);
#3035 = EDGE_CURVE('',#2848,#3036,#3038,.T.);
#3036 = VERTEX_POINT('',#3037);
#3037 = CARTESIAN_POINT('',(111.5,5.5,31.));
#3038 = CIRCLE('',#3039,6.5);
#3039 = AXIS2_PLACEMENT_3D('',#3040,#3041,#3042);
#3040 = CARTESIAN_POINT('',(114.,5.5,25.));
#3041 = DIRECTION('',(0.,1.,0.));
#3042 = DIRECTION('',(-0.,-0.,1.));
#3043 = ORIENTED_EDGE('',*,*,#3044,.T.);
#3044 = EDGE_CURVE('',#3036,#1928,#3045,.T.);
#3045 = CIRCLE('',#3046,6.5);
#3046 = AXIS2_PLACEMENT_3D('',#3047,#3048,#3049);
#3047 = CARTESIAN_POINT('',(114.,5.5,25.));
#3048 = DIRECTION('',(0.,1.,0.));
#3049 = DIRECTION('',(-0.,-0.,1.));
#3050 = CYLINDRICAL_SURFACE('',#3051,6.5);
#3051 = AXIS2_PLACEMENT_3D('',#3052,#3053,#3054);
#3052 = CARTESIAN_POINT('',(114.,5.5,25.));
#3053 = DIRECTION('',(-0.,-1.,-0.));
#3054 = DIRECTION('',(-0.,-0.,1.));
#3055 = ADVANCED_FACE('',(#3056),#3083,.F.);
#3056 = FACE_BOUND('',#3057,.T.);
#3057 = EDGE_LOOP('',(#3058,#3066,#3067,#3068,#3076));
#3058 = ORIENTED_EDGE('',*,*,#3059,.F.);
#3059 = EDGE_CURVE('',#3036,#3060,#3062,.T.);
#3060 = VERTEX_POINT('',#3061);
#3061 = CARTESIAN_POINT('',(114.,5.5,31.));
#3062 = LINE('',#3063,#3064);
#3063 = CARTESIAN_POINT('',(6.,5.5,31.));
#3064 = VECTOR('',#3065,1.);
#3065 = DIRECTION('',(1.,-0.,-0.));
#3066 = ORIENTED_EDGE('',*,*,#3044,.T.);
#3067 = ORIENTED_EDGE('',*,*,#1935,.T.);
#3068 = ORIENTED_EDGE('',*,*,#3069,.F.);
#3069 = EDGE_CURVE('',#3070,#1936,#3072,.T.);
#3070 = VERTEX_POINT('',#3071);
#3071 = CARTESIAN_POINT('',(114.,5.5,19.));
#3072 = LINE('',#3073,#3074);
#3073 = CARTESIAN_POINT('',(114.,5.5,19.));
#3074 = VECTOR('',#3075,1.);
#3075 = DIRECTION('',(-1.,-0.,-0.));
#3076 = ORIENTED_EDGE('',*,*,#3077,.F.);
#3077 = EDGE_CURVE('',#3060,#3070,#3078,.T.);
#3078 = CIRCLE('',#3079,6.);
#3079 = AXIS2_PLACEMENT_3D('',#3080,#3081,#3082);
#3080 = CARTESIAN_POINT('',(114.,5.5,25.));
#3081 = DIRECTION('',(0.,1.,0.));
#3082 = DIRECTION('',(-0.,-0.,1.));
#3083 = PLANE('',#3084);
#3084 = AXIS2_PLACEMENT_3D('',#3085,#3086,#3087);
#3085 = CARTESIAN_POINT('',(114.,5.5,25.));
#3086 = DIRECTION('',(-0.,-1.,-0.));
#3087 = DIRECTION('',(0.,0.,-1.));
#3088 = ADVANCED_FACE('',(#3089),#3105,.T.);
#3089 = FACE_BOUND('',#3090,.F.);
#3090 = EDGE_LOOP('',(#3091,#3092,#3098,#3099));
#3091 = ORIENTED_EDGE('',*,*,#2247,.F.);
#3092 = ORIENTED_EDGE('',*,*,#3093,.F.);
#3093 = EDGE_CURVE('',#1945,#2205,#3094,.T.);
#3094 = LINE('',#3095,#3096);
#3095 = CARTESIAN_POINT('',(114.,5.5,20.));
#3096 = VECTOR('',#3097,1.);
#3097 = DIRECTION('',(-1.,-0.,-0.));
#3098 = ORIENTED_EDGE('',*,*,#1944,.F.);
#3099 = ORIENTED_EDGE('',*,*,#3100,.T.);
#3100 = EDGE_CURVE('',#1936,#2248,#3101,.T.);
#3101 = LINE('',#3102,#3103);
#3102 = CARTESIAN_POINT('',(114.,5.5,19.));
#3103 = VECTOR('',#3104,1.);
#3104 = DIRECTION('',(-1.,-0.,-0.));
#3105 = PLANE('',#3106);
#3106 = AXIS2_PLACEMENT_3D('',#3107,#3108,#3109);
#3107 = CARTESIAN_POINT('',(60.,5.5,25.));
#3108 = DIRECTION('',(-0.,-1.,-0.));
#3109 = DIRECTION('',(0.,0.,-1.));
#3110 = ADVANCED_FACE('',(#3111),#3130,.T.);
#3111 = FACE_BOUND('',#3112,.F.);
#3112 = EDGE_LOOP('',(#3113,#3114,#3115,#3116,#3117,#3118,#3119,#3120,
    #3121,#3122,#3128,#3129));
#3113 = ORIENTED_EDGE('',*,*,#2003,.T.);
#3114 = ORIENTED_EDGE('',*,*,#1988,.T.);
#3115 = ORIENTED_EDGE('',*,*,#1969,.T.);
#3116 = ORIENTED_EDGE('',*,*,#3093,.T.);
#3117 = ORIENTED_EDGE('',*,*,#2213,.T.);
#3118 = ORIENTED_EDGE('',*,*,#2221,.T.);
#3119 = ORIENTED_EDGE('',*,*,#2179,.F.);
#3120 = ORIENTED_EDGE('',*,*,#2324,.F.);
#3121 = ORIENTED_EDGE('',*,*,#2316,.F.);
#3122 = ORIENTED_EDGE('',*,*,#3123,.F.);
#3123 = EDGE_CURVE('',#2030,#2289,#3124,.T.);
#3124 = LINE('',#3125,#3126);
#3125 = CARTESIAN_POINT('',(114.,55.5,20.));
#3126 = VECTOR('',#3127,1.);
#3127 = DIRECTION('',(-1.,-0.,-0.));
#3128 = ORIENTED_EDGE('',*,*,#2027,.F.);
#3129 = ORIENTED_EDGE('',*,*,#2046,.F.);
#3130 = PLANE('',#3131);
#3131 = AXIS2_PLACEMENT_3D('',#3132,#3133,#3134);
#3132 = CARTESIAN_POINT('',(114.,55.5,20.));
#3133 = DIRECTION('',(-0.,-0.,1.));
#3134 = DIRECTION('',(1.,0.,0.));
#3135 = ADVANCED_FACE('',(#3136),#3163,.T.);
#3136 = FACE_BOUND('',#3137,.F.);
#3137 = EDGE_LOOP('',(#3138,#3146,#3147,#3148,#3156));
#3138 = ORIENTED_EDGE('',*,*,#3139,.F.);
#3139 = EDGE_CURVE('',#2349,#3140,#3142,.T.);
#3140 = VERTEX_POINT('',#3141);
#3141 = CARTESIAN_POINT('',(114.,55.5,31.));
#3142 = LINE('',#3143,#3144);
#3143 = CARTESIAN_POINT('',(6.,55.5,31.));
#3144 = VECTOR('',#3145,1.);
#3145 = DIRECTION('',(1.,-0.,-0.));
#3146 = ORIENTED_EDGE('',*,*,#2373,.T.);
#3147 = ORIENTED_EDGE('',*,*,#2060,.T.);
#3148 = ORIENTED_EDGE('',*,*,#3149,.F.);
#3149 = EDGE_CURVE('',#3150,#2063,#3152,.T.);
#3150 = VERTEX_POINT('',#3151);
#3151 = CARTESIAN_POINT('',(114.,55.5,19.));
#3152 = LINE('',#3153,#3154);
#3153 = CARTESIAN_POINT('',(114.,55.5,19.));
#3154 = VECTOR('',#3155,1.);
#3155 = DIRECTION('',(-1.,-0.,-0.));
#3156 = ORIENTED_EDGE('',*,*,#3157,.F.);
#3157 = EDGE_CURVE('',#3140,#3150,#3158,.T.);
#3158 = CIRCLE('',#3159,6.);
#3159 = AXIS2_PLACEMENT_3D('',#3160,#3161,#3162);
#3160 = CARTESIAN_POINT('',(114.,55.5,25.));
#3161 = DIRECTION('',(0.,1.,0.));
#3162 = DIRECTION('',(-0.,-0.,1.));
#3163 = PLANE('',#3164);
#3164 = AXIS2_PLACEMENT_3D('',#3165,#3166,#3167);
#3165 = CARTESIAN_POINT('',(114.,55.5,25.));
#3166 = DIRECTION('',(-0.,-1.,-0.));
#3167 = DIRECTION('',(0.,0.,-1.));
#3168 = ADVANCED_FACE('',(#3169),#3180,.F.);
#3169 = FACE_BOUND('',#3170,.T.);
#3170 = EDGE_LOOP('',(#3171,#3172,#3173,#3174));
#3171 = ORIENTED_EDGE('',*,*,#2288,.F.);
#3172 = ORIENTED_EDGE('',*,*,#3123,.F.);
#3173 = ORIENTED_EDGE('',*,*,#2088,.F.);
#3174 = ORIENTED_EDGE('',*,*,#3175,.T.);
#3175 = EDGE_CURVE('',#2063,#2280,#3176,.T.);
#3176 = LINE('',#3177,#3178);
#3177 = CARTESIAN_POINT('',(114.,55.5,19.));
#3178 = VECTOR('',#3179,1.);
#3179 = DIRECTION('',(-1.,-0.,-0.));
#3180 = PLANE('',#3181);
#3181 = AXIS2_PLACEMENT_3D('',#3182,#3183,#3184);
#3182 = CARTESIAN_POINT('',(60.,55.5,25.));
#3183 = DIRECTION('',(-0.,-1.,-0.));
#3184 = DIRECTION('',(0.,0.,-1.));
#3185 = ADVANCED_FACE('',(#3186,#3189),#3193,.F.);
#3186 = FACE_BOUND('',#3187,.T.);
#3187 = EDGE_LOOP('',(#3188));
#3188 = ORIENTED_EDGE('',*,*,#2152,.T.);
#3189 = FACE_BOUND('',#3190,.T.);
#3190 = EDGE_LOOP('',(#3191,#3192));
#3191 = ORIENTED_EDGE('',*,*,#2992,.F.);
#3192 = ORIENTED_EDGE('',*,*,#3016,.F.);
#3193 = PLANE('',#3194);
#3194 = AXIS2_PLACEMENT_3D('',#3195,#3196,#3197);
#3195 = CARTESIAN_POINT('',(114.,60.5,25.));
#3196 = DIRECTION('',(-0.,-1.,-0.));
#3197 = DIRECTION('',(0.,0.,-1.));
#3198 = ADVANCED_FACE('',(#3199),#3226,.F.);
#3199 = FACE_BOUND('',#3200,.T.);
#3200 = EDGE_LOOP('',(#3201,#3209,#3210,#3211,#3219));
#3201 = ORIENTED_EDGE('',*,*,#3202,.F.);
#3202 = EDGE_CURVE('',#2248,#3203,#3205,.T.);
#3203 = VERTEX_POINT('',#3204);
#3204 = CARTESIAN_POINT('',(6.,5.5,19.));
#3205 = LINE('',#3206,#3207);
#3206 = CARTESIAN_POINT('',(114.,5.5,19.));
#3207 = VECTOR('',#3208,1.);
#3208 = DIRECTION('',(-1.,-0.,-0.));
#3209 = ORIENTED_EDGE('',*,*,#2256,.T.);
#3210 = ORIENTED_EDGE('',*,*,#2941,.T.);
#3211 = ORIENTED_EDGE('',*,*,#3212,.F.);
#3212 = EDGE_CURVE('',#3213,#2942,#3215,.T.);
#3213 = VERTEX_POINT('',#3214);
#3214 = CARTESIAN_POINT('',(6.,5.5,31.));
#3215 = LINE('',#3216,#3217);
#3216 = CARTESIAN_POINT('',(6.,5.5,31.));
#3217 = VECTOR('',#3218,1.);
#3218 = DIRECTION('',(1.,-0.,-0.));
#3219 = ORIENTED_EDGE('',*,*,#3220,.F.);
#3220 = EDGE_CURVE('',#3203,#3213,#3221,.T.);
#3221 = CIRCLE('',#3222,6.);
#3222 = AXIS2_PLACEMENT_3D('',#3223,#3224,#3225);
#3223 = CARTESIAN_POINT('',(6.,5.5,25.));
#3224 = DIRECTION('',(0.,1.,0.));
#3225 = DIRECTION('',(-0.,-0.,1.));
#3226 = PLANE('',#3227);
#3227 = AXIS2_PLACEMENT_3D('',#3228,#3229,#3230);
#3228 = CARTESIAN_POINT('',(6.,5.5,25.));
#3229 = DIRECTION('',(-0.,-1.,-0.));
#3230 = DIRECTION('',(0.,0.,-1.));
#3231 = ADVANCED_FACE('',(#3232),#3259,.T.);
#3232 = FACE_BOUND('',#3233,.F.);
#3233 = EDGE_LOOP('',(#3234,#3242,#3243,#3244,#3252));
#3234 = ORIENTED_EDGE('',*,*,#3235,.F.);
#3235 = EDGE_CURVE('',#2280,#3236,#3238,.T.);
#3236 = VERTEX_POINT('',#3237);
#3237 = CARTESIAN_POINT('',(6.,55.5,19.));
#3238 = LINE('',#3239,#3240);
#3239 = CARTESIAN_POINT('',(114.,55.5,19.));
#3240 = VECTOR('',#3241,1.);
#3241 = DIRECTION('',(-1.,-0.,-0.));
#3242 = ORIENTED_EDGE('',*,*,#2279,.T.);
#3243 = ORIENTED_EDGE('',*,*,#2391,.T.);
#3244 = ORIENTED_EDGE('',*,*,#3245,.F.);
#3245 = EDGE_CURVE('',#3246,#2340,#3248,.T.);
#3246 = VERTEX_POINT('',#3247);
#3247 = CARTESIAN_POINT('',(6.,55.5,31.));
#3248 = LINE('',#3249,#3250);
#3249 = CARTESIAN_POINT('',(6.,55.5,31.));
#3250 = VECTOR('',#3251,1.);
#3251 = DIRECTION('',(1.,-0.,-0.));
#3252 = ORIENTED_EDGE('',*,*,#3253,.F.);
#3253 = EDGE_CURVE('',#3236,#3246,#3254,.T.);
#3254 = CIRCLE('',#3255,6.);
#3255 = AXIS2_PLACEMENT_3D('',#3256,#3257,#3258);
#3256 = CARTESIAN_POINT('',(6.,55.5,25.));
#3257 = DIRECTION('',(0.,1.,0.));
#3258 = DIRECTION('',(-0.,-0.,1.));
#3259 = PLANE('',#3260);
#3260 = AXIS2_PLACEMENT_3D('',#3261,#3262,#3263);
#3261 = CARTESIAN_POINT('',(6.,55.5,25.));
#3262 = DIRECTION('',(-0.,-1.,-0.));
#3263 = DIRECTION('',(0.,0.,-1.));
#3264 = ADVANCED_FACE('',(#3265),#3290,.F.);
#3265 = FACE_BOUND('',#3266,.T.);
#3266 = EDGE_LOOP('',(#3267,#3273,#3274,#3280,#3281,#3287,#3288,#3289));
#3267 = ORIENTED_EDGE('',*,*,#3268,.T.);
#3268 = EDGE_CURVE('',#3246,#3213,#3269,.T.);
#3269 = LINE('',#3270,#3271);
#3270 = CARTESIAN_POINT('',(6.,55.5,31.));
#3271 = VECTOR('',#3272,1.);
#3272 = DIRECTION('',(-0.,-1.,-0.));
#3273 = ORIENTED_EDGE('',*,*,#3212,.T.);
#3274 = ORIENTED_EDGE('',*,*,#3275,.T.);
#3275 = EDGE_CURVE('',#2942,#3036,#3276,.T.);
#3276 = LINE('',#3277,#3278);
#3277 = CARTESIAN_POINT('',(6.,5.5,31.));
#3278 = VECTOR('',#3279,1.);
#3279 = DIRECTION('',(1.,-0.,-0.));
#3280 = ORIENTED_EDGE('',*,*,#3059,.T.);
#3281 = ORIENTED_EDGE('',*,*,#3282,.F.);
#3282 = EDGE_CURVE('',#3140,#3060,#3283,.T.);
#3283 = LINE('',#3284,#3285);
#3284 = CARTESIAN_POINT('',(114.,55.5,31.));
#3285 = VECTOR('',#3286,1.);
#3286 = DIRECTION('',(-0.,-1.,-0.));
#3287 = ORIENTED_EDGE('',*,*,#3139,.F.);
#3288 = ORIENTED_EDGE('',*,*,#2348,.F.);
#3289 = ORIENTED_EDGE('',*,*,#3245,.F.);
#3290 = PLANE('',#3291);
#3291 = AXIS2_PLACEMENT_3D('',#3292,#3293,#3294);
#3292 = CARTESIAN_POINT('',(6.,55.5,31.));
#3293 = DIRECTION('',(-0.,-0.,-1.));
#3294 = DIRECTION('',(-1.,0.,0.));
#3295 = ADVANCED_FACE('',(#3296,#3346),#3349,.F.);
#3296 = FACE_BOUND('',#3297,.T.);
#3297 = EDGE_LOOP('',(#3298,#3308,#3316,#3324,#3332,#3340));
#3298 = ORIENTED_EDGE('',*,*,#3299,.T.);
#3299 = EDGE_CURVE('',#3300,#3302,#3304,.T.);
#3300 = VERTEX_POINT('',#3301);
#3301 = CARTESIAN_POINT('',(117.65,59.8,43.107328482542));
#3302 = VERTEX_POINT('',#3303);
#3303 = CARTESIAN_POINT('',(114.,59.8,45.214656965084));
#3304 = LINE('',#3305,#3306);
#3305 = CARTESIAN_POINT('',(117.65,59.8,43.107328482542));
#3306 = VECTOR('',#3307,1.);
#3307 = DIRECTION('',(-0.866025403784,-0.,0.5));
#3308 = ORIENTED_EDGE('',*,*,#3309,.T.);
#3309 = EDGE_CURVE('',#3302,#3310,#3312,.T.);
#3310 = VERTEX_POINT('',#3311);
#3311 = CARTESIAN_POINT('',(110.35,59.8,43.107328482542));
#3312 = LINE('',#3313,#3314);
#3313 = CARTESIAN_POINT('',(114.,59.8,45.214656965084));
#3314 = VECTOR('',#3315,1.);
#3315 = DIRECTION('',(-0.866025403784,-0.,-0.5));
#3316 = ORIENTED_EDGE('',*,*,#3317,.T.);
#3317 = EDGE_CURVE('',#3310,#3318,#3320,.T.);
#3318 = VERTEX_POINT('',#3319);
#3319 = CARTESIAN_POINT('',(110.35,59.8,38.892671517458));
#3320 = LINE('',#3321,#3322);
#3321 = CARTESIAN_POINT('',(110.35,59.8,43.107328482542));
#3322 = VECTOR('',#3323,1.);
#3323 = DIRECTION('',(-0.,-0.,-1.));
#3324 = ORIENTED_EDGE('',*,*,#3325,.T.);
#3325 = EDGE_CURVE('',#3318,#3326,#3328,.T.);
#3326 = VERTEX_POINT('',#3327);
#3327 = CARTESIAN_POINT('',(114.,59.8,36.785343034916));
#3328 = LINE('',#3329,#3330);
#3329 = CARTESIAN_POINT('',(110.35,59.8,38.892671517458));
#3330 = VECTOR('',#3331,1.);
#3331 = DIRECTION('',(0.866025403784,-0.,-0.5));
#3332 = ORIENTED_EDGE('',*,*,#3333,.T.);
#3333 = EDGE_CURVE('',#3326,#3334,#3336,.T.);
#3334 = VERTEX_POINT('',#3335);
#3335 = CARTESIAN_POINT('',(117.65,59.8,38.892671517458));
#3336 = LINE('',#3337,#3338);
#3337 = CARTESIAN_POINT('',(114.,59.8,36.785343034916));
#3338 = VECTOR('',#3339,1.);
#3339 = DIRECTION('',(0.866025403784,-0.,0.5));
#3340 = ORIENTED_EDGE('',*,*,#3341,.T.);
#3341 = EDGE_CURVE('',#3334,#3300,#3342,.T.);
#3342 = LINE('',#3343,#3344);
#3343 = CARTESIAN_POINT('',(117.65,59.8,38.892671517458));
#3344 = VECTOR('',#3345,1.);
#3345 = DIRECTION('',(3.371770189823E-15,-0.,1.));
#3346 = FACE_BOUND('',#3347,.T.);
#3347 = EDGE_LOOP('',(#3348));
#3348 = ORIENTED_EDGE('',*,*,#2481,.T.);
#3349 = PLANE('',#3350);
#3350 = AXIS2_PLACEMENT_3D('',#3351,#3352,#3353);
#3351 = CARTESIAN_POINT('',(114.,59.8,41.));
#3352 = DIRECTION('',(-0.,1.,-0.));
#3353 = DIRECTION('',(0.,0.,1.));
#3354 = ADVANCED_FACE('',(#3355,#3358),#3408,.T.);
#3355 = FACE_BOUND('',#3356,.F.);
#3356 = EDGE_LOOP('',(#3357));
#3357 = ORIENTED_EDGE('',*,*,#2616,.T.);
#3358 = FACE_BOUND('',#3359,.F.);
#3359 = EDGE_LOOP('',(#3360,#3370,#3378,#3386,#3394,#3402));
#3360 = ORIENTED_EDGE('',*,*,#3361,.F.);
#3361 = EDGE_CURVE('',#3362,#3364,#3366,.T.);
#3362 = VERTEX_POINT('',#3363);
#3363 = CARTESIAN_POINT('',(114.,56.4,45.214656965084));
#3364 = VERTEX_POINT('',#3365);
#3365 = CARTESIAN_POINT('',(117.65,56.4,43.107328482542));
#3366 = LINE('',#3367,#3368);
#3367 = CARTESIAN_POINT('',(116.7375,56.4,43.634160603178));
#3368 = VECTOR('',#3369,1.);
#3369 = DIRECTION('',(0.866025403784,-0.,-0.5));
#3370 = ORIENTED_EDGE('',*,*,#3371,.F.);
#3371 = EDGE_CURVE('',#3372,#3362,#3374,.T.);
#3372 = VERTEX_POINT('',#3373);
#3373 = CARTESIAN_POINT('',(110.35,56.4,43.107328482542));
#3374 = LINE('',#3375,#3376);
#3375 = CARTESIAN_POINT('',(113.0875,56.4,44.687824844449));
#3376 = VECTOR('',#3377,1.);
#3377 = DIRECTION('',(0.866025403784,-0.,0.5));
#3378 = ORIENTED_EDGE('',*,*,#3379,.F.);
#3379 = EDGE_CURVE('',#3380,#3372,#3382,.T.);
#3380 = VERTEX_POINT('',#3381);
#3381 = CARTESIAN_POINT('',(110.35,56.4,38.892671517458));
#3382 = LINE('',#3383,#3384);
#3383 = CARTESIAN_POINT('',(110.35,56.4,42.053664241271));
#3384 = VECTOR('',#3385,1.);
#3385 = DIRECTION('',(-0.,-0.,1.));
#3386 = ORIENTED_EDGE('',*,*,#3387,.F.);
#3387 = EDGE_CURVE('',#3388,#3380,#3390,.T.);
#3388 = VERTEX_POINT('',#3389);
#3389 = CARTESIAN_POINT('',(114.,56.4,36.785343034916));
#3390 = LINE('',#3391,#3392);
#3391 = CARTESIAN_POINT('',(111.2625,56.4,38.365839396822));
#3392 = VECTOR('',#3393,1.);
#3393 = DIRECTION('',(-0.866025403784,-0.,0.5));
#3394 = ORIENTED_EDGE('',*,*,#3395,.F.);
#3395 = EDGE_CURVE('',#3396,#3388,#3398,.T.);
#3396 = VERTEX_POINT('',#3397);
#3397 = CARTESIAN_POINT('',(117.65,56.4,38.892671517458));
#3398 = LINE('',#3399,#3400);
#3399 = CARTESIAN_POINT('',(114.9125,56.4,37.312175155551));
#3400 = VECTOR('',#3401,1.);
#3401 = DIRECTION('',(-0.866025403784,-0.,-0.5));
#3402 = ORIENTED_EDGE('',*,*,#3403,.F.);
#3403 = EDGE_CURVE('',#3364,#3396,#3404,.T.);
#3404 = LINE('',#3405,#3406);
#3405 = CARTESIAN_POINT('',(117.65,56.4,39.946335758729));
#3406 = VECTOR('',#3407,1.);
#3407 = DIRECTION('',(-3.371770189823E-15,-0.,-1.));
#3408 = PLANE('',#3409);
#3409 = AXIS2_PLACEMENT_3D('',#3410,#3411,#3412);
#3410 = CARTESIAN_POINT('',(114.,56.4,41.));
#3411 = DIRECTION('',(-0.,-1.,-0.));
#3412 = DIRECTION('',(0.,0.,-1.));
#3413 = ADVANCED_FACE('',(#3414,#3420,#3423,#3429,#3432),#3435,.T.);
#3414 = FACE_BOUND('',#3415,.F.);
#3415 = EDGE_LOOP('',(#3416,#3417,#3418,#3419));
#3416 = ORIENTED_EDGE('',*,*,#2650,.F.);
#3417 = ORIENTED_EDGE('',*,*,#2690,.T.);
#3418 = ORIENTED_EDGE('',*,*,#2715,.T.);
#3419 = ORIENTED_EDGE('',*,*,#2666,.F.);
#3420 = FACE_BOUND('',#3421,.F.);
#3421 = EDGE_LOOP('',(#3422));
#3422 = ORIENTED_EDGE('',*,*,#2729,.F.);
#3423 = FACE_BOUND('',#3424,.F.);
#3424 = EDGE_LOOP('',(#3425,#3426,#3427,#3428));
#3425 = ORIENTED_EDGE('',*,*,#2763,.F.);
#3426 = ORIENTED_EDGE('',*,*,#2796,.T.);
#3427 = ORIENTED_EDGE('',*,*,#2810,.F.);
#3428 = ORIENTED_EDGE('',*,*,#2969,.F.);
#3429 = FACE_BOUND('',#3430,.F.);
#3430 = EDGE_LOOP('',(#3431));
#3431 = ORIENTED_EDGE('',*,*,#2914,.F.);
#3432 = FACE_BOUND('',#3433,.F.);
#3433 = EDGE_LOOP('',(#3434));
#3434 = ORIENTED_EDGE('',*,*,#2884,.F.);
#3435 = PLANE('',#3436);
#3436 = AXIS2_PLACEMENT_3D('',#3437,#3438,#3439);
#3437 = CARTESIAN_POINT('',(0.,0.,0.));
#3438 = DIRECTION('',(-0.,-1.,-0.));
#3439 = DIRECTION('',(0.,0.,-1.));
#3440 = ADVANCED_FACE('',(#3441),#3447,.T.);
#3441 = FACE_BOUND('',#3442,.F.);
#3442 = EDGE_LOOP('',(#3443,#3444,#3445,#3446));
#3443 = ORIENTED_EDGE('',*,*,#2950,.F.);
#3444 = ORIENTED_EDGE('',*,*,#3275,.T.);
#3445 = ORIENTED_EDGE('',*,*,#3035,.F.);
#3446 = ORIENTED_EDGE('',*,*,#2847,.F.);
#3447 = PLANE('',#3448);
#3448 = AXIS2_PLACEMENT_3D('',#3449,#3450,#3451);
#3449 = CARTESIAN_POINT('',(60.,5.5,25.));
#3450 = DIRECTION('',(-0.,-1.,-0.));
#3451 = DIRECTION('',(0.,0.,-1.));
#3452 = ADVANCED_FACE('',(#3453),#3464,.T.);
#3453 = FACE_BOUND('',#3454,.F.);
#3454 = EDGE_LOOP('',(#3455,#3456,#3457,#3458));
#3455 = ORIENTED_EDGE('',*,*,#3077,.F.);
#3456 = ORIENTED_EDGE('',*,*,#3282,.F.);
#3457 = ORIENTED_EDGE('',*,*,#3157,.T.);
#3458 = ORIENTED_EDGE('',*,*,#3459,.T.);
#3459 = EDGE_CURVE('',#3150,#3070,#3460,.T.);
#3460 = LINE('',#3461,#3462);
#3461 = CARTESIAN_POINT('',(114.,55.5,19.));
#3462 = VECTOR('',#3463,1.);
#3463 = DIRECTION('',(-0.,-1.,-0.));
#3464 = CYLINDRICAL_SURFACE('',#3465,6.);
#3465 = AXIS2_PLACEMENT_3D('',#3466,#3467,#3468);
#3466 = CARTESIAN_POINT('',(114.,55.5,25.));
#3467 = DIRECTION('',(-0.,-1.,-0.));
#3468 = DIRECTION('',(-0.,-0.,1.));
#3469 = ADVANCED_FACE('',(#3470),#3485,.F.);
#3470 = FACE_BOUND('',#3471,.T.);
#3471 = EDGE_LOOP('',(#3472,#3473,#3474,#3475,#3476,#3482,#3483,#3484));
#3472 = ORIENTED_EDGE('',*,*,#3459,.T.);
#3473 = ORIENTED_EDGE('',*,*,#3069,.T.);
#3474 = ORIENTED_EDGE('',*,*,#3100,.T.);
#3475 = ORIENTED_EDGE('',*,*,#3202,.T.);
#3476 = ORIENTED_EDGE('',*,*,#3477,.F.);
#3477 = EDGE_CURVE('',#3236,#3203,#3478,.T.);
#3478 = LINE('',#3479,#3480);
#3479 = CARTESIAN_POINT('',(6.,55.5,19.));
#3480 = VECTOR('',#3481,1.);
#3481 = DIRECTION('',(-0.,-1.,-0.));
#3482 = ORIENTED_EDGE('',*,*,#3235,.F.);
#3483 = ORIENTED_EDGE('',*,*,#3175,.F.);
#3484 = ORIENTED_EDGE('',*,*,#3149,.F.);
#3485 = PLANE('',#3486);
#3486 = AXIS2_PLACEMENT_3D('',#3487,#3488,#3489);
#3487 = CARTESIAN_POINT('',(114.,55.5,19.));
#3488 = DIRECTION('',(-0.,-0.,1.));
#3489 = DIRECTION('',(1.,0.,0.));
#3490 = ADVANCED_FACE('',(#3491),#3497,.T.);
#3491 = FACE_BOUND('',#3492,.F.);
#3492 = EDGE_LOOP('',(#3493,#3494,#3495,#3496));
#3493 = ORIENTED_EDGE('',*,*,#3268,.T.);
#3494 = ORIENTED_EDGE('',*,*,#3220,.F.);
#3495 = ORIENTED_EDGE('',*,*,#3477,.F.);
#3496 = ORIENTED_EDGE('',*,*,#3253,.T.);
#3497 = CYLINDRICAL_SURFACE('',#3498,6.);
#3498 = AXIS2_PLACEMENT_3D('',#3499,#3500,#3501);
#3499 = CARTESIAN_POINT('',(6.,55.5,25.));
#3500 = DIRECTION('',(-0.,-1.,-0.));
#3501 = DIRECTION('',(-0.,-0.,1.));
#3502 = ADVANCED_FACE('',(#3503),#3519,.F.);
#3503 = FACE_BOUND('',#3504,.T.);
#3504 = EDGE_LOOP('',(#3505,#3506,#3512,#3513));
#3505 = ORIENTED_EDGE('',*,*,#3299,.F.);
#3506 = ORIENTED_EDGE('',*,*,#3507,.T.);
#3507 = EDGE_CURVE('',#3300,#3364,#3508,.T.);
#3508 = LINE('',#3509,#3510);
#3509 = CARTESIAN_POINT('',(117.65,59.8,43.107328482542));
#3510 = VECTOR('',#3511,1.);
#3511 = DIRECTION('',(-0.,-1.,-0.));
#3512 = ORIENTED_EDGE('',*,*,#3361,.F.);
#3513 = ORIENTED_EDGE('',*,*,#3514,.F.);
#3514 = EDGE_CURVE('',#3302,#3362,#3515,.T.);
#3515 = LINE('',#3516,#3517);
#3516 = CARTESIAN_POINT('',(114.,59.8,45.214656965084));
#3517 = VECTOR('',#3518,1.);
#3518 = DIRECTION('',(-0.,-1.,-0.));
#3519 = PLANE('',#3520);
#3520 = AXIS2_PLACEMENT_3D('',#3521,#3522,#3523);
#3521 = CARTESIAN_POINT('',(117.65,59.8,43.107328482542));
#3522 = DIRECTION('',(0.5,-0.,0.866025403784));
#3523 = DIRECTION('',(0.866025403784,0.,-0.5));
#3524 = ADVANCED_FACE('',(#3525),#3536,.F.);
#3525 = FACE_BOUND('',#3526,.T.);
#3526 = EDGE_LOOP('',(#3527,#3528,#3534,#3535));
#3527 = ORIENTED_EDGE('',*,*,#3341,.F.);
#3528 = ORIENTED_EDGE('',*,*,#3529,.T.);
#3529 = EDGE_CURVE('',#3334,#3396,#3530,.T.);
#3530 = LINE('',#3531,#3532);
#3531 = CARTESIAN_POINT('',(117.65,59.8,38.892671517458));
#3532 = VECTOR('',#3533,1.);
#3533 = DIRECTION('',(-0.,-1.,-0.));
#3534 = ORIENTED_EDGE('',*,*,#3403,.F.);
#3535 = ORIENTED_EDGE('',*,*,#3507,.F.);
#3536 = PLANE('',#3537);
#3537 = AXIS2_PLACEMENT_3D('',#3538,#3539,#3540);
#3538 = CARTESIAN_POINT('',(117.65,59.8,38.892671517458));
#3539 = DIRECTION('',(1.,-0.,-3.371770189823E-15));
#3540 = DIRECTION('',(-3.371770189823E-15,0.,-1.));
#3541 = ADVANCED_FACE('',(#3542),#3553,.F.);
#3542 = FACE_BOUND('',#3543,.T.);
#3543 = EDGE_LOOP('',(#3544,#3545,#3546,#3547));
#3544 = ORIENTED_EDGE('',*,*,#3309,.F.);
#3545 = ORIENTED_EDGE('',*,*,#3514,.T.);
#3546 = ORIENTED_EDGE('',*,*,#3371,.F.);
#3547 = ORIENTED_EDGE('',*,*,#3548,.F.);
#3548 = EDGE_CURVE('',#3310,#3372,#3549,.T.);
#3549 = LINE('',#3550,#3551);
#3550 = CARTESIAN_POINT('',(110.35,59.8,43.107328482542));
#3551 = VECTOR('',#3552,1.);
#3552 = DIRECTION('',(-0.,-1.,-0.));
#3553 = PLANE('',#3554);
#3554 = AXIS2_PLACEMENT_3D('',#3555,#3556,#3557);
#3555 = CARTESIAN_POINT('',(114.,59.8,45.214656965084));
#3556 = DIRECTION('',(-0.5,-0.,0.866025403784));
#3557 = DIRECTION('',(0.866025403784,0.,0.5));
#3558 = ADVANCED_FACE('',(#3559),#3570,.F.);
#3559 = FACE_BOUND('',#3560,.T.);
#3560 = EDGE_LOOP('',(#3561,#3562,#3568,#3569));
#3561 = ORIENTED_EDGE('',*,*,#3333,.F.);
#3562 = ORIENTED_EDGE('',*,*,#3563,.T.);
#3563 = EDGE_CURVE('',#3326,#3388,#3564,.T.);
#3564 = LINE('',#3565,#3566);
#3565 = CARTESIAN_POINT('',(114.,59.8,36.785343034916));
#3566 = VECTOR('',#3567,1.);
#3567 = DIRECTION('',(-0.,-1.,-0.));
#3568 = ORIENTED_EDGE('',*,*,#3395,.F.);
#3569 = ORIENTED_EDGE('',*,*,#3529,.F.);
#3570 = PLANE('',#3571);
#3571 = AXIS2_PLACEMENT_3D('',#3572,#3573,#3574);
#3572 = CARTESIAN_POINT('',(114.,59.8,36.785343034916));
#3573 = DIRECTION('',(0.5,-0.,-0.866025403784));
#3574 = DIRECTION('',(-0.866025403784,0.,-0.5));
#3575 = ADVANCED_FACE('',(#3576),#3587,.F.);
#3576 = FACE_BOUND('',#3577,.T.);
#3577 = EDGE_LOOP('',(#3578,#3579,#3580,#3581));
#3578 = ORIENTED_EDGE('',*,*,#3317,.F.);
#3579 = ORIENTED_EDGE('',*,*,#3548,.T.);
#3580 = ORIENTED_EDGE('',*,*,#3379,.F.);
#3581 = ORIENTED_EDGE('',*,*,#3582,.F.);
#3582 = EDGE_CURVE('',#3318,#3380,#3583,.T.);
#3583 = LINE('',#3584,#3585);
#3584 = CARTESIAN_POINT('',(110.35,59.8,38.892671517458));
#3585 = VECTOR('',#3586,1.);
#3586 = DIRECTION('',(-0.,-1.,-0.));
#3587 = PLANE('',#3588);
#3588 = AXIS2_PLACEMENT_3D('',#3589,#3590,#3591);
#3589 = CARTESIAN_POINT('',(110.35,59.8,43.107328482542));
#3590 = DIRECTION('',(-1.,-0.,-0.));
#3591 = DIRECTION('',(0.,0.,1.));
#3592 = ADVANCED_FACE('',(#3593),#3599,.F.);
#3593 = FACE_BOUND('',#3594,.T.);
#3594 = EDGE_LOOP('',(#3595,#3596,#3597,#3598));
#3595 = ORIENTED_EDGE('',*,*,#3325,.F.);
#3596 = ORIENTED_EDGE('',*,*,#3582,.T.);
#3597 = ORIENTED_EDGE('',*,*,#3387,.F.);
#3598 = ORIENTED_EDGE('',*,*,#3563,.F.);
#3599 = PLANE('',#3600);
#3600 = AXIS2_PLACEMENT_3D('',#3601,#3602,#3603);
#3601 = CARTESIAN_POINT('',(110.35,59.8,38.892671517458));
#3602 = DIRECTION('',(-0.5,-0.,-0.866025403784));
#3603 = DIRECTION('',(-0.866025403784,0.,0.5));
#3604 = ORIENTED_CLOSED_SHELL('',*,#3605,.F.);
#3605 = CLOSED_SHELL('',(#3606,#3639,#3670,#3695,#3712));
#3606 = ADVANCED_FACE('',(#3607),#3634,.T.);
#3607 = FACE_BOUND('',#3608,.F.);
#3608 = EDGE_LOOP('',(#3609,#3619,#3627));
#3609 = ORIENTED_EDGE('',*,*,#3610,.F.);
#3610 = EDGE_CURVE('',#3611,#3613,#3615,.T.);
#3611 = VERTEX_POINT('',#3612);
#3612 = CARTESIAN_POINT('',(112.8,5.5,30.));
#3613 = VERTEX_POINT('',#3614);
#3614 = CARTESIAN_POINT('',(112.91838969682,5.5,29.881610303175));
#3615 = LINE('',#3616,#3617);
#3616 = CARTESIAN_POINT('',(114.65,5.5,28.15));
#3617 = VECTOR('',#3618,1.);
#3618 = DIRECTION('',(0.707106781187,-0.,-0.707106781187));
#3619 = ORIENTED_EDGE('',*,*,#3620,.T.);
#3620 = EDGE_CURVE('',#3611,#3621,#3623,.T.);
#3621 = VERTEX_POINT('',#3622);
#3622 = CARTESIAN_POINT('',(114.,5.5,30.));
#3623 = LINE('',#3624,#3625);
#3624 = CARTESIAN_POINT('',(6.,5.5,30.));
#3625 = VECTOR('',#3626,1.);
#3626 = DIRECTION('',(1.,-0.,-0.));
#3627 = ORIENTED_EDGE('',*,*,#3628,.F.);
#3628 = EDGE_CURVE('',#3613,#3621,#3629,.T.);
#3629 = CIRCLE('',#3630,5.);
#3630 = AXIS2_PLACEMENT_3D('',#3631,#3632,#3633);
#3631 = CARTESIAN_POINT('',(114.,5.5,25.));
#3632 = DIRECTION('',(0.,1.,0.));
#3633 = DIRECTION('',(-0.,-0.,1.));
#3634 = PLANE('',#3635);
#3635 = AXIS2_PLACEMENT_3D('',#3636,#3637,#3638);
#3636 = CARTESIAN_POINT('',(114.,5.5,25.));
#3637 = DIRECTION('',(-0.,-1.,-0.));
#3638 = DIRECTION('',(0.,0.,-1.));
#3639 = ADVANCED_FACE('',(#3640),#3665,.F.);
#3640 = FACE_BOUND('',#3641,.T.);
#3641 = EDGE_LOOP('',(#3642,#3650,#3658,#3664));
#3642 = ORIENTED_EDGE('',*,*,#3643,.F.);
#3643 = EDGE_CURVE('',#3644,#3611,#3646,.T.);
#3644 = VERTEX_POINT('',#3645);
#3645 = CARTESIAN_POINT('',(112.8,55.5,30.));
#3646 = LINE('',#3647,#3648);
#3647 = CARTESIAN_POINT('',(112.8,58.,30.));
#3648 = VECTOR('',#3649,1.);
#3649 = DIRECTION('',(-0.,-1.,-0.));
#3650 = ORIENTED_EDGE('',*,*,#3651,.T.);
#3651 = EDGE_CURVE('',#3644,#3652,#3654,.T.);
#3652 = VERTEX_POINT('',#3653);
#3653 = CARTESIAN_POINT('',(112.91838969682,55.5,29.881610303175));
#3654 = LINE('',#3655,#3656);
#3655 = CARTESIAN_POINT('',(114.65,55.5,28.15));
#3656 = VECTOR('',#3657,1.);
#3657 = DIRECTION('',(0.707106781187,-0.,-0.707106781187));
#3658 = ORIENTED_EDGE('',*,*,#3659,.T.);
#3659 = EDGE_CURVE('',#3652,#3613,#3660,.T.);
#3660 = LINE('',#3661,#3662);
#3661 = CARTESIAN_POINT('',(112.91838969682,55.5,29.881610303175));
#3662 = VECTOR('',#3663,1.);
#3663 = DIRECTION('',(-0.,-1.,-0.));
#3664 = ORIENTED_EDGE('',*,*,#3610,.F.);
#3665 = PLANE('',#3666);
#3666 = AXIS2_PLACEMENT_3D('',#3667,#3668,#3669);
#3667 = CARTESIAN_POINT('',(113.4,58.,29.4));
#3668 = DIRECTION('',(0.707106781187,-1.407620945704E-17,0.707106781187)
  );
#3669 = DIRECTION('',(9.953383160478E-18,1.,9.953383160478E-18));
#3670 = ADVANCED_FACE('',(#3671),#3690,.F.);
#3671 = FACE_BOUND('',#3672,.T.);
#3672 = EDGE_LOOP('',(#3673,#3681,#3682,#3683));
#3673 = ORIENTED_EDGE('',*,*,#3674,.T.);
#3674 = EDGE_CURVE('',#3675,#3621,#3677,.T.);
#3675 = VERTEX_POINT('',#3676);
#3676 = CARTESIAN_POINT('',(114.,55.5,30.));
#3677 = LINE('',#3678,#3679);
#3678 = CARTESIAN_POINT('',(114.,55.5,30.));
#3679 = VECTOR('',#3680,1.);
#3680 = DIRECTION('',(-0.,-1.,-0.));
#3681 = ORIENTED_EDGE('',*,*,#3628,.F.);
#3682 = ORIENTED_EDGE('',*,*,#3659,.F.);
#3683 = ORIENTED_EDGE('',*,*,#3684,.T.);
#3684 = EDGE_CURVE('',#3652,#3675,#3685,.T.);
#3685 = CIRCLE('',#3686,5.);
#3686 = AXIS2_PLACEMENT_3D('',#3687,#3688,#3689);
#3687 = CARTESIAN_POINT('',(114.,55.5,25.));
#3688 = DIRECTION('',(0.,1.,0.));
#3689 = DIRECTION('',(-0.,-0.,1.));
#3690 = CYLINDRICAL_SURFACE('',#3691,5.);
#3691 = AXIS2_PLACEMENT_3D('',#3692,#3693,#3694);
#3692 = CARTESIAN_POINT('',(114.,55.5,25.));
#3693 = DIRECTION('',(-0.,-1.,-0.));
#3694 = DIRECTION('',(-0.,-0.,1.));
#3695 = ADVANCED_FACE('',(#3696),#3707,.F.);
#3696 = FACE_BOUND('',#3697,.T.);
#3697 = EDGE_LOOP('',(#3698,#3704,#3705,#3706));
#3698 = ORIENTED_EDGE('',*,*,#3699,.F.);
#3699 = EDGE_CURVE('',#3644,#3675,#3700,.T.);
#3700 = LINE('',#3701,#3702);
#3701 = CARTESIAN_POINT('',(6.,55.5,30.));
#3702 = VECTOR('',#3703,1.);
#3703 = DIRECTION('',(1.,-0.,-0.));
#3704 = ORIENTED_EDGE('',*,*,#3643,.T.);
#3705 = ORIENTED_EDGE('',*,*,#3620,.T.);
#3706 = ORIENTED_EDGE('',*,*,#3674,.F.);
#3707 = PLANE('',#3708);
#3708 = AXIS2_PLACEMENT_3D('',#3709,#3710,#3711);
#3709 = CARTESIAN_POINT('',(6.,55.5,30.));
#3710 = DIRECTION('',(-0.,-0.,-1.));
#3711 = DIRECTION('',(-1.,0.,0.));
#3712 = ADVANCED_FACE('',(#3713),#3718,.F.);
#3713 = FACE_BOUND('',#3714,.T.);
#3714 = EDGE_LOOP('',(#3715,#3716,#3717));
#3715 = ORIENTED_EDGE('',*,*,#3651,.F.);
#3716 = ORIENTED_EDGE('',*,*,#3699,.T.);
#3717 = ORIENTED_EDGE('',*,*,#3684,.F.);
#3718 = PLANE('',#3719);
#3719 = AXIS2_PLACEMENT_3D('',#3720,#3721,#3722);
#3720 = CARTESIAN_POINT('',(114.,55.5,25.));
#3721 = DIRECTION('',(-0.,-1.,-0.));
#3722 = DIRECTION('',(0.,0.,-1.));
#3723 = ORIENTED_CLOSED_SHELL('',*,#3724,.F.);
#3724 = CLOSED_SHELL('',(#3725,#3758,#3790,#3814,#3831));
#3725 = ADVANCED_FACE('',(#3726),#3753,.T.);
#3726 = FACE_BOUND('',#3727,.F.);
#3727 = EDGE_LOOP('',(#3728,#3739,#3747));
#3728 = ORIENTED_EDGE('',*,*,#3729,.F.);
#3729 = EDGE_CURVE('',#3730,#3732,#3734,.T.);
#3730 = VERTEX_POINT('',#3731);
#3731 = CARTESIAN_POINT('',(6.,5.5,30.));
#3732 = VERTEX_POINT('',#3733);
#3733 = CARTESIAN_POINT('',(7.081610303175,5.5,29.881610303175));
#3734 = CIRCLE('',#3735,5.);
#3735 = AXIS2_PLACEMENT_3D('',#3736,#3737,#3738);
#3736 = CARTESIAN_POINT('',(6.,5.5,25.));
#3737 = DIRECTION('',(0.,1.,0.));
#3738 = DIRECTION('',(-0.,-0.,1.));
#3739 = ORIENTED_EDGE('',*,*,#3740,.T.);
#3740 = EDGE_CURVE('',#3730,#3741,#3743,.T.);
#3741 = VERTEX_POINT('',#3742);
#3742 = CARTESIAN_POINT('',(7.2,5.5,30.));
#3743 = LINE('',#3744,#3745);
#3744 = CARTESIAN_POINT('',(6.,5.5,30.));
#3745 = VECTOR('',#3746,1.);
#3746 = DIRECTION('',(1.,-0.,-0.));
#3747 = ORIENTED_EDGE('',*,*,#3748,.T.);
#3748 = EDGE_CURVE('',#3741,#3732,#3749,.T.);
#3749 = LINE('',#3750,#3751);
#3750 = CARTESIAN_POINT('',(5.35,5.5,28.15));
#3751 = VECTOR('',#3752,1.);
#3752 = DIRECTION('',(-0.707106781187,-0.,-0.707106781187));
#3753 = PLANE('',#3754);
#3754 = AXIS2_PLACEMENT_3D('',#3755,#3756,#3757);
#3755 = CARTESIAN_POINT('',(6.,5.5,25.));
#3756 = DIRECTION('',(-0.,-1.,-0.));
#3757 = DIRECTION('',(0.,0.,-1.));
#3758 = ADVANCED_FACE('',(#3759),#3785,.F.);
#3759 = FACE_BOUND('',#3760,.T.);
#3760 = EDGE_LOOP('',(#3761,#3762,#3770,#3779));
#3761 = ORIENTED_EDGE('',*,*,#3729,.F.);
#3762 = ORIENTED_EDGE('',*,*,#3763,.F.);
#3763 = EDGE_CURVE('',#3764,#3730,#3766,.T.);
#3764 = VERTEX_POINT('',#3765);
#3765 = CARTESIAN_POINT('',(6.,55.5,30.));
#3766 = LINE('',#3767,#3768);
#3767 = CARTESIAN_POINT('',(6.,55.5,30.));
#3768 = VECTOR('',#3769,1.);
#3769 = DIRECTION('',(-0.,-1.,-0.));
#3770 = ORIENTED_EDGE('',*,*,#3771,.T.);
#3771 = EDGE_CURVE('',#3764,#3772,#3774,.T.);
#3772 = VERTEX_POINT('',#3773);
#3773 = CARTESIAN_POINT('',(7.081610303175,55.5,29.881610303175));
#3774 = CIRCLE('',#3775,5.);
#3775 = AXIS2_PLACEMENT_3D('',#3776,#3777,#3778);
#3776 = CARTESIAN_POINT('',(6.,55.5,25.));
#3777 = DIRECTION('',(0.,1.,0.));
#3778 = DIRECTION('',(-0.,-0.,1.));
#3779 = ORIENTED_EDGE('',*,*,#3780,.T.);
#3780 = EDGE_CURVE('',#3772,#3732,#3781,.T.);
#3781 = LINE('',#3782,#3783);
#3782 = CARTESIAN_POINT('',(7.081610303175,55.5,29.881610303175));
#3783 = VECTOR('',#3784,1.);
#3784 = DIRECTION('',(-0.,-1.,-0.));
#3785 = CYLINDRICAL_SURFACE('',#3786,5.);
#3786 = AXIS2_PLACEMENT_3D('',#3787,#3788,#3789);
#3787 = CARTESIAN_POINT('',(6.,55.5,25.));
#3788 = DIRECTION('',(-0.,-1.,-0.));
#3789 = DIRECTION('',(-0.,-0.,1.));
#3790 = ADVANCED_FACE('',(#3791),#3809,.T.);
#3791 = FACE_BOUND('',#3792,.F.);
#3792 = EDGE_LOOP('',(#3793,#3801,#3807,#3808));
#3793 = ORIENTED_EDGE('',*,*,#3794,.F.);
#3794 = EDGE_CURVE('',#3795,#3741,#3797,.T.);
#3795 = VERTEX_POINT('',#3796);
#3796 = CARTESIAN_POINT('',(7.2,55.5,30.));
#3797 = LINE('',#3798,#3799);
#3798 = CARTESIAN_POINT('',(7.2,58.,30.));
#3799 = VECTOR('',#3800,1.);
#3800 = DIRECTION('',(-0.,-1.,-0.));
#3801 = ORIENTED_EDGE('',*,*,#3802,.T.);
#3802 = EDGE_CURVE('',#3795,#3772,#3803,.T.);
#3803 = LINE('',#3804,#3805);
#3804 = CARTESIAN_POINT('',(5.35,55.5,28.15));
#3805 = VECTOR('',#3806,1.);
#3806 = DIRECTION('',(-0.707106781187,-0.,-0.707106781187));
#3807 = ORIENTED_EDGE('',*,*,#3780,.T.);
#3808 = ORIENTED_EDGE('',*,*,#3748,.F.);
#3809 = PLANE('',#3810);
#3810 = AXIS2_PLACEMENT_3D('',#3811,#3812,#3813);
#3811 = CARTESIAN_POINT('',(6.6,58.,29.4));
#3812 = DIRECTION('',(0.707106781187,-0.,-0.707106781187));
#3813 = DIRECTION('',(0.,1.,0.));
#3814 = ADVANCED_FACE('',(#3815),#3826,.F.);
#3815 = FACE_BOUND('',#3816,.T.);
#3816 = EDGE_LOOP('',(#3817,#3823,#3824,#3825));
#3817 = ORIENTED_EDGE('',*,*,#3818,.F.);
#3818 = EDGE_CURVE('',#3764,#3795,#3819,.T.);
#3819 = LINE('',#3820,#3821);
#3820 = CARTESIAN_POINT('',(6.,55.5,30.));
#3821 = VECTOR('',#3822,1.);
#3822 = DIRECTION('',(1.,-0.,-0.));
#3823 = ORIENTED_EDGE('',*,*,#3763,.T.);
#3824 = ORIENTED_EDGE('',*,*,#3740,.T.);
#3825 = ORIENTED_EDGE('',*,*,#3794,.F.);
#3826 = PLANE('',#3827);
#3827 = AXIS2_PLACEMENT_3D('',#3828,#3829,#3830);
#3828 = CARTESIAN_POINT('',(6.,55.5,30.));
#3829 = DIRECTION('',(-0.,-0.,-1.));
#3830 = DIRECTION('',(-1.,0.,0.));
#3831 = ADVANCED_FACE('',(#3832),#3837,.F.);
#3832 = FACE_BOUND('',#3833,.T.);
#3833 = EDGE_LOOP('',(#3834,#3835,#3836));
#3834 = ORIENTED_EDGE('',*,*,#3771,.F.);
#3835 = ORIENTED_EDGE('',*,*,#3818,.T.);
#3836 = ORIENTED_EDGE('',*,*,#3802,.T.);
#3837 = PLANE('',#3838);
#3838 = AXIS2_PLACEMENT_3D('',#3839,#3840,#3841);
#3839 = CARTESIAN_POINT('',(6.,55.5,25.));
#3840 = DIRECTION('',(-0.,-1.,-0.));
#3841 = DIRECTION('',(0.,0.,-1.));
#3842 = ( GEOMETRIC_REPRESENTATION_CONTEXT(3) 
GLOBAL_UNCERTAINTY_ASSIGNED_CONTEXT((#3846)) 
GLOBAL_UNIT_ASSIGNED_CONTEXT((#3843,#3844,#3845)) REPRESENTATION_CONTEXT
('Context #1','3D Context with UNIT and UNCERTAINTY') );
#3843 = ( LENGTH_UNIT() NAMED_UNIT(*) SI_UNIT(.MILLI.,.METRE.) );
#3844 = ( NAMED_UNIT(*) PLANE_ANGLE_UNIT() SI_UNIT($,.RADIAN.) );
#3845 = ( NAMED_UNIT(*) SI_UNIT($,.STERADIAN.) SOLID_ANGLE_UNIT() );
#3846 = UNCERTAINTY_MEASURE_WITH_UNIT(LENGTH_MEASURE(1.E-07),#3843,
  'distance_accuracy_value','confusion accuracy');
#3847 = PRODUCT_RELATED_PRODUCT_CATEGORY('part',$,(#7));
ENDSEC;
END-ISO-10303-21;
