ISO-10303-21;
HEADER;
FILE_DESCRIPTION(('FreeCAD Model'),'2;1');
FILE_NAME('Open CASCADE Shape Model','2026-08-10T11:05:57',('FreeCAD'),(
    'FreeCAD'),'Open CASCADE STEP processor 7.8','FreeCAD','Unknown');
FILE_SCHEMA(('AUTOMOTIVE_DESIGN { 1 0 10303 214 1 1 1 1 }'));
ENDSEC;
DATA;
#1 = APPLICATION_PROTOCOL_DEFINITION('international standard',
  'automotive_design',2000,#2);
#2 = APPLICATION_CONTEXT(
  'core data for automotive mechanical design processes');
#3 = SHAPE_DEFINITION_REPRESENTATION(#4,#10);
#4 = PRODUCT_DEFINITION_SHAPE('','',#5);
#5 = PRODUCT_DEFINITION('design','',#6,#9);
#6 = PRODUCT_DEFINITION_FORMATION('','',#7);
#7 = PRODUCT('Open CASCADE STEP translator 7.8 34',
  'Open CASCADE STEP translator 7.8 34','',(#8));
#8 = PRODUCT_CONTEXT('',#2,'mechanical');
#9 = PRODUCT_DEFINITION_CONTEXT('part definition',#2,'design');
#10 = SHAPE_REPRESENTATION('',(#11,#15,#3294,#6578),#9857);
#11 = AXIS2_PLACEMENT_3D('',#12,#13,#14);
#12 = CARTESIAN_POINT('',(0.,0.,0.));
#13 = DIRECTION('',(0.,0.,1.));
#14 = DIRECTION('',(1.,0.,-0.));
#15 = BREP_WITH_VOIDS('',#16,(#3056,#3175));
#16 = CLOSED_SHELL('',(#17,#57,#178,#202,#367,#384,#403,#434,#458,#493,
    #510,#532,#549,#573,#592,#609,#656,#680,#720,#737,#816,#840,#1040,
    #1096,#1128,#1152,#1175,#1192,#1238,#1263,#1275,#1292,#1432,#1444,
    #1479,#1497,#1540,#1557,#1582,#1604,#1645,#1662,#1680,#1723,#1766,
    #1799,#1824,#1857,#1900,#1939,#1950,#1983,#2016,#2051,#2094,#2119,
    #2152,#2171,#2190,#2233,#2258,#2275,#2292,#2304,#2335,#2359,#2383,
    #2400,#2425,#2457,#2481,#2507,#2547,#2573,#2585,#2610,#2637,#2654,
    #2681,#2714,#2736,#2761,#2794,#2811,#2843,#2860,#2893,#2926,#2957,
    #2984,#2996,#3013,#3034,#3044));
#17 = ADVANCED_FACE('',(#18),#52,.F.);
#18 = FACE_BOUND('',#19,.F.);
#19 = EDGE_LOOP('',(#20,#30,#38,#46));
#20 = ORIENTED_EDGE('',*,*,#21,.F.);
#21 = EDGE_CURVE('',#22,#24,#26,.T.);
#22 = VERTEX_POINT('',#23);
#23 = CARTESIAN_POINT('',(0.,0.,0.));
#24 = VERTEX_POINT('',#25);
#25 = CARTESIAN_POINT('',(0.,0.,35.));
#26 = LINE('',#27,#28);
#27 = CARTESIAN_POINT('',(0.,0.,0.));
#28 = VECTOR('',#29,1.);
#29 = DIRECTION('',(0.,0.,1.));
#30 = ORIENTED_EDGE('',*,*,#31,.T.);
#31 = EDGE_CURVE('',#22,#32,#34,.T.);
#32 = VERTEX_POINT('',#33);
#33 = CARTESIAN_POINT('',(0.,3.,0.));
#34 = LINE('',#35,#36);
#35 = CARTESIAN_POINT('',(0.,0.,0.));
#36 = VECTOR('',#37,1.);
#37 = DIRECTION('',(-0.,1.,0.));
#38 = ORIENTED_EDGE('',*,*,#39,.T.);
#39 = EDGE_CURVE('',#32,#40,#42,.T.);
#40 = VERTEX_POINT('',#41);
#41 = CARTESIAN_POINT('',(0.,3.,35.));
#42 = LINE('',#43,#44);
#43 = CARTESIAN_POINT('',(0.,3.,0.));
#44 = VECTOR('',#45,1.);
#45 = DIRECTION('',(0.,0.,1.));
#46 = ORIENTED_EDGE('',*,*,#47,.F.);
#47 = EDGE_CURVE('',#24,#40,#48,.T.);
#48 = LINE('',#49,#50);
#49 = CARTESIAN_POINT('',(0.,0.,35.));
#50 = VECTOR('',#51,1.);
#51 = DIRECTION('',(-0.,1.,0.));
#52 = PLANE('',#53);
#53 = AXIS2_PLACEMENT_3D('',#54,#55,#56);
#54 = CARTESIAN_POINT('',(0.,0.,0.));
#55 = DIRECTION('',(1.,0.,-0.));
#56 = DIRECTION('',(0.,0.,1.));
#57 = ADVANCED_FACE('',(#58,#115,#126,#162),#173,.F.);
#58 = FACE_BOUND('',#59,.F.);
#59 = EDGE_LOOP('',(#60,#70,#76,#77,#85,#93,#101,#109));
#60 = ORIENTED_EDGE('',*,*,#61,.F.);
#61 = EDGE_CURVE('',#62,#64,#66,.T.);
#62 = VERTEX_POINT('',#63);
#63 = CARTESIAN_POINT('',(120.,0.,0.));
#64 = VERTEX_POINT('',#65);
#65 = CARTESIAN_POINT('',(120.,0.,16.1));
#66 = LINE('',#67,#68);
#67 = CARTESIAN_POINT('',(120.,0.,0.));
#68 = VECTOR('',#69,1.);
#69 = DIRECTION('',(0.,0.,1.));
#70 = ORIENTED_EDGE('',*,*,#71,.F.);
#71 = EDGE_CURVE('',#22,#62,#72,.T.);
#72 = LINE('',#73,#74);
#73 = CARTESIAN_POINT('',(0.,0.,0.));
#74 = VECTOR('',#75,1.);
#75 = DIRECTION('',(1.,0.,-0.));
#76 = ORIENTED_EDGE('',*,*,#21,.T.);
#77 = ORIENTED_EDGE('',*,*,#78,.T.);
#78 = EDGE_CURVE('',#24,#79,#81,.T.);
#79 = VERTEX_POINT('',#80);
#80 = CARTESIAN_POINT('',(120.,0.,35.));
#81 = LINE('',#82,#83);
#82 = CARTESIAN_POINT('',(0.,0.,35.));
#83 = VECTOR('',#84,1.);
#84 = DIRECTION('',(1.,0.,-0.));
#85 = ORIENTED_EDGE('',*,*,#86,.F.);
#86 = EDGE_CURVE('',#87,#79,#89,.T.);
#87 = VERTEX_POINT('',#88);
#88 = CARTESIAN_POINT('',(120.,0.,33.9));
#89 = LINE('',#90,#91);
#90 = CARTESIAN_POINT('',(120.,0.,0.));
#91 = VECTOR('',#92,1.);
#92 = DIRECTION('',(0.,0.,1.));
#93 = ORIENTED_EDGE('',*,*,#94,.F.);
#94 = EDGE_CURVE('',#95,#87,#97,.T.);
#95 = VERTEX_POINT('',#96);
#96 = CARTESIAN_POINT('',(106.1,0.,33.9));
#97 = LINE('',#98,#99);
#98 = CARTESIAN_POINT('',(106.1,0.,33.9));
#99 = VECTOR('',#100,1.);
#100 = DIRECTION('',(1.,0.,-0.));
#101 = ORIENTED_EDGE('',*,*,#102,.F.);
#102 = EDGE_CURVE('',#103,#95,#105,.T.);
#103 = VERTEX_POINT('',#104);
#104 = CARTESIAN_POINT('',(106.1,0.,16.1));
#105 = LINE('',#106,#107);
#106 = CARTESIAN_POINT('',(106.1,0.,16.1));
#107 = VECTOR('',#108,1.);
#108 = DIRECTION('',(0.,0.,1.));
#109 = ORIENTED_EDGE('',*,*,#110,.T.);
#110 = EDGE_CURVE('',#103,#64,#111,.T.);
#111 = LINE('',#112,#113);
#112 = CARTESIAN_POINT('',(106.1,0.,16.1));
#113 = VECTOR('',#114,1.);
#114 = DIRECTION('',(1.,0.,-0.));
#115 = FACE_BOUND('',#116,.F.);
#116 = EDGE_LOOP('',(#117));
#117 = ORIENTED_EDGE('',*,*,#118,.F.);
#118 = EDGE_CURVE('',#119,#119,#121,.T.);
#119 = VERTEX_POINT('',#120);
#120 = CARTESIAN_POINT('',(24.,0.,8.6));
#121 = CIRCLE('',#122,1.6);
#122 = AXIS2_PLACEMENT_3D('',#123,#124,#125);
#123 = CARTESIAN_POINT('',(24.,0.,7.));
#124 = DIRECTION('',(0.,1.,0.));
#125 = DIRECTION('',(0.,-0.,1.));
#126 = FACE_BOUND('',#127,.F.);
#127 = EDGE_LOOP('',(#128,#139,#147,#156));
#128 = ORIENTED_EDGE('',*,*,#129,.F.);
#129 = EDGE_CURVE('',#130,#132,#134,.T.);
#130 = VERTEX_POINT('',#131);
#131 = CARTESIAN_POINT('',(6.,0.,22.75));
#132 = VERTEX_POINT('',#133);
#133 = CARTESIAN_POINT('',(6.,0.,27.25));
#134 = CIRCLE('',#135,2.25);
#135 = AXIS2_PLACEMENT_3D('',#136,#137,#138);
#136 = CARTESIAN_POINT('',(6.,0.,25.));
#137 = DIRECTION('',(0.,1.,0.));
#138 = DIRECTION('',(0.,-0.,1.));
#139 = ORIENTED_EDGE('',*,*,#140,.T.);
#140 = EDGE_CURVE('',#130,#141,#143,.T.);
#141 = VERTEX_POINT('',#142);
#142 = CARTESIAN_POINT('',(14.,0.,22.75));
#143 = LINE('',#144,#145);
#144 = CARTESIAN_POINT('',(3.,0.,22.75));
#145 = VECTOR('',#146,1.);
#146 = DIRECTION('',(1.,0.,-0.));
#147 = ORIENTED_EDGE('',*,*,#148,.F.);
#148 = EDGE_CURVE('',#149,#141,#151,.T.);
#149 = VERTEX_POINT('',#150);
#150 = CARTESIAN_POINT('',(14.,0.,27.25));
#151 = CIRCLE('',#152,2.25);
#152 = AXIS2_PLACEMENT_3D('',#153,#154,#155);
#153 = CARTESIAN_POINT('',(14.,0.,25.));
#154 = DIRECTION('',(0.,1.,0.));
#155 = DIRECTION('',(0.,-0.,1.));
#156 = ORIENTED_EDGE('',*,*,#157,.F.);
#157 = EDGE_CURVE('',#132,#149,#158,.T.);
#158 = LINE('',#159,#160);
#159 = CARTESIAN_POINT('',(3.,0.,27.25));
#160 = VECTOR('',#161,1.);
#161 = DIRECTION('',(1.,0.,-0.));
#162 = FACE_BOUND('',#163,.F.);
#163 = EDGE_LOOP('',(#164));
#164 = ORIENTED_EDGE('',*,*,#165,.F.);
#165 = EDGE_CURVE('',#166,#166,#168,.T.);
#166 = VERTEX_POINT('',#167);
#167 = CARTESIAN_POINT('',(96.,0.,8.6));
#168 = CIRCLE('',#169,1.6);
#169 = AXIS2_PLACEMENT_3D('',#170,#171,#172);
#170 = CARTESIAN_POINT('',(96.,0.,7.));
#171 = DIRECTION('',(0.,1.,0.));
#172 = DIRECTION('',(0.,-0.,1.));
#173 = PLANE('',#174);
#174 = AXIS2_PLACEMENT_3D('',#175,#176,#177);
#175 = CARTESIAN_POINT('',(0.,0.,0.));
#176 = DIRECTION('',(-0.,1.,0.));
#177 = DIRECTION('',(0.,0.,1.));
#178 = ADVANCED_FACE('',(#179),#197,.T.);
#179 = FACE_BOUND('',#180,.T.);
#180 = EDGE_LOOP('',(#181,#182,#183,#191));
#181 = ORIENTED_EDGE('',*,*,#47,.F.);
#182 = ORIENTED_EDGE('',*,*,#78,.T.);
#183 = ORIENTED_EDGE('',*,*,#184,.T.);
#184 = EDGE_CURVE('',#79,#185,#187,.T.);
#185 = VERTEX_POINT('',#186);
#186 = CARTESIAN_POINT('',(120.,3.,35.));
#187 = LINE('',#188,#189);
#188 = CARTESIAN_POINT('',(120.,0.,35.));
#189 = VECTOR('',#190,1.);
#190 = DIRECTION('',(-0.,1.,0.));
#191 = ORIENTED_EDGE('',*,*,#192,.F.);
#192 = EDGE_CURVE('',#40,#185,#193,.T.);
#193 = LINE('',#194,#195);
#194 = CARTESIAN_POINT('',(0.,3.,35.));
#195 = VECTOR('',#196,1.);
#196 = DIRECTION('',(1.,0.,-0.));
#197 = PLANE('',#198);
#198 = AXIS2_PLACEMENT_3D('',#199,#200,#201);
#199 = CARTESIAN_POINT('',(0.,0.,35.));
#200 = DIRECTION('',(0.,0.,1.));
#201 = DIRECTION('',(1.,0.,-0.));
#202 = ADVANCED_FACE('',(#203,#221,#232,#266,#277),#362,.T.);
#203 = FACE_BOUND('',#204,.T.);
#204 = EDGE_LOOP('',(#205,#213,#214,#215));
#205 = ORIENTED_EDGE('',*,*,#206,.F.);
#206 = EDGE_CURVE('',#32,#207,#209,.T.);
#207 = VERTEX_POINT('',#208);
#208 = CARTESIAN_POINT('',(120.,3.,0.));
#209 = LINE('',#210,#211);
#210 = CARTESIAN_POINT('',(0.,3.,0.));
#211 = VECTOR('',#212,1.);
#212 = DIRECTION('',(1.,0.,-0.));
#213 = ORIENTED_EDGE('',*,*,#39,.T.);
#214 = ORIENTED_EDGE('',*,*,#192,.T.);
#215 = ORIENTED_EDGE('',*,*,#216,.F.);
#216 = EDGE_CURVE('',#207,#185,#217,.T.);
#217 = LINE('',#218,#219);
#218 = CARTESIAN_POINT('',(120.,3.,0.));
#219 = VECTOR('',#220,1.);
#220 = DIRECTION('',(0.,0.,1.));
#221 = FACE_BOUND('',#222,.T.);
#222 = EDGE_LOOP('',(#223));
#223 = ORIENTED_EDGE('',*,*,#224,.F.);
#224 = EDGE_CURVE('',#225,#225,#227,.T.);
#225 = VERTEX_POINT('',#226);
#226 = CARTESIAN_POINT('',(24.,3.,8.6));
#227 = CIRCLE('',#228,1.6);
#228 = AXIS2_PLACEMENT_3D('',#229,#230,#231);
#229 = CARTESIAN_POINT('',(24.,3.,7.));
#230 = DIRECTION('',(0.,1.,0.));
#231 = DIRECTION('',(0.,-0.,1.));
#232 = FACE_BOUND('',#233,.T.);
#233 = EDGE_LOOP('',(#234,#244,#252,#260));
#234 = ORIENTED_EDGE('',*,*,#235,.F.);
#235 = EDGE_CURVE('',#236,#238,#240,.T.);
#236 = VERTEX_POINT('',#237);
#237 = CARTESIAN_POINT('',(16.,3.,15.5));
#238 = VERTEX_POINT('',#239);
#239 = CARTESIAN_POINT('',(16.,3.,17.3));
#240 = LINE('',#241,#242);
#241 = CARTESIAN_POINT('',(16.,3.,15.5));
#242 = VECTOR('',#243,1.);
#243 = DIRECTION('',(0.,0.,1.));
#244 = ORIENTED_EDGE('',*,*,#245,.T.);
#245 = EDGE_CURVE('',#236,#246,#248,.T.);
#246 = VERTEX_POINT('',#247);
#247 = CARTESIAN_POINT('',(104.,3.,15.5));
#248 = LINE('',#249,#250);
#249 = CARTESIAN_POINT('',(16.,3.,15.5));
#250 = VECTOR('',#251,1.);
#251 = DIRECTION('',(1.,0.,-0.));
#252 = ORIENTED_EDGE('',*,*,#253,.T.);
#253 = EDGE_CURVE('',#246,#254,#256,.T.);
#254 = VERTEX_POINT('',#255);
#255 = CARTESIAN_POINT('',(104.,3.,17.3));
#256 = LINE('',#257,#258);
#257 = CARTESIAN_POINT('',(104.,3.,15.5));
#258 = VECTOR('',#259,1.);
#259 = DIRECTION('',(0.,0.,1.));
#260 = ORIENTED_EDGE('',*,*,#261,.F.);
#261 = EDGE_CURVE('',#238,#254,#262,.T.);
#262 = LINE('',#263,#264);
#263 = CARTESIAN_POINT('',(16.,3.,17.3));
#264 = VECTOR('',#265,1.);
#265 = DIRECTION('',(1.,0.,-0.));
#266 = FACE_BOUND('',#267,.T.);
#267 = EDGE_LOOP('',(#268));
#268 = ORIENTED_EDGE('',*,*,#269,.F.);
#269 = EDGE_CURVE('',#270,#270,#272,.T.);
#270 = VERTEX_POINT('',#271);
#271 = CARTESIAN_POINT('',(96.,3.,8.6));
#272 = CIRCLE('',#273,1.6);
#273 = AXIS2_PLACEMENT_3D('',#274,#275,#276);
#274 = CARTESIAN_POINT('',(96.,3.,7.));
#275 = DIRECTION('',(0.,1.,0.));
#276 = DIRECTION('',(0.,-0.,1.));
#277 = FACE_BOUND('',#278,.T.);
#278 = EDGE_LOOP('',(#279,#290,#298,#307,#315,#324,#332,#340,#348,#356)
  );
#279 = ORIENTED_EDGE('',*,*,#280,.F.);
#280 = EDGE_CURVE('',#281,#283,#285,.T.);
#281 = VERTEX_POINT('',#282);
#282 = CARTESIAN_POINT('',(6.,3.,22.75));
#283 = VERTEX_POINT('',#284);
#284 = CARTESIAN_POINT('',(6.,3.,27.25));
#285 = CIRCLE('',#286,2.25);
#286 = AXIS2_PLACEMENT_3D('',#287,#288,#289);
#287 = CARTESIAN_POINT('',(6.,3.,25.));
#288 = DIRECTION('',(0.,1.,0.));
#289 = DIRECTION('',(0.,-0.,1.));
#290 = ORIENTED_EDGE('',*,*,#291,.T.);
#291 = EDGE_CURVE('',#281,#292,#294,.T.);
#292 = VERTEX_POINT('',#293);
#293 = CARTESIAN_POINT('',(14.,3.,22.75));
#294 = LINE('',#295,#296);
#295 = CARTESIAN_POINT('',(3.,3.,22.75));
#296 = VECTOR('',#297,1.);
#297 = DIRECTION('',(1.,0.,-0.));
#298 = ORIENTED_EDGE('',*,*,#299,.F.);
#299 = EDGE_CURVE('',#300,#292,#302,.T.);
#300 = VERTEX_POINT('',#301);
#301 = CARTESIAN_POINT('',(15.030776406404,3.,27.));
#302 = CIRCLE('',#303,2.25);
#303 = AXIS2_PLACEMENT_3D('',#304,#305,#306);
#304 = CARTESIAN_POINT('',(14.,3.,25.));
#305 = DIRECTION('',(0.,1.,0.));
#306 = DIRECTION('',(0.,-0.,1.));
#307 = ORIENTED_EDGE('',*,*,#308,.T.);
#308 = EDGE_CURVE('',#300,#309,#311,.T.);
#309 = VERTEX_POINT('',#310);
#310 = CARTESIAN_POINT('',(112.86421833084,3.,27.));
#311 = LINE('',#312,#313);
#312 = CARTESIAN_POINT('',(6.,3.,27.));
#313 = VECTOR('',#314,1.);
#314 = DIRECTION('',(1.,0.,-0.));
#315 = ORIENTED_EDGE('',*,*,#316,.F.);
#316 = EDGE_CURVE('',#317,#309,#319,.T.);
#317 = VERTEX_POINT('',#318);
#318 = CARTESIAN_POINT('',(114.,3.,27.3));
#319 = CIRCLE('',#320,2.3);
#320 = AXIS2_PLACEMENT_3D('',#321,#322,#323);
#321 = CARTESIAN_POINT('',(114.,3.,25.));
#322 = DIRECTION('',(0.,1.,0.));
#323 = DIRECTION('',(0.,-0.,1.));
#324 = ORIENTED_EDGE('',*,*,#325,.T.);
#325 = EDGE_CURVE('',#317,#326,#328,.T.);
#326 = VERTEX_POINT('',#327);
#327 = CARTESIAN_POINT('',(114.,3.,28.8));
#328 = LINE('',#329,#330);
#329 = CARTESIAN_POINT('',(114.,3.,27.));
#330 = VECTOR('',#331,1.);
#331 = DIRECTION('',(0.,0.,1.));
#332 = ORIENTED_EDGE('',*,*,#333,.T.);
#333 = EDGE_CURVE('',#326,#334,#336,.T.);
#334 = VERTEX_POINT('',#335);
#335 = CARTESIAN_POINT('',(112.8,3.,30.));
#336 = LINE('',#337,#338);
#337 = CARTESIAN_POINT('',(87.15,3.,55.65));
#338 = VECTOR('',#339,1.);
#339 = DIRECTION('',(-0.707106781187,-0.,0.707106781187));
#340 = ORIENTED_EDGE('',*,*,#341,.F.);
#341 = EDGE_CURVE('',#342,#334,#344,.T.);
#342 = VERTEX_POINT('',#343);
#343 = CARTESIAN_POINT('',(7.2,3.,30.));
#344 = LINE('',#345,#346);
#345 = CARTESIAN_POINT('',(6.,3.,30.));
#346 = VECTOR('',#347,1.);
#347 = DIRECTION('',(1.,0.,-0.));
#348 = ORIENTED_EDGE('',*,*,#349,.F.);
#349 = EDGE_CURVE('',#350,#342,#352,.T.);
#350 = VERTEX_POINT('',#351);
#351 = CARTESIAN_POINT('',(6.,3.,28.8));
#352 = LINE('',#353,#354);
#353 = CARTESIAN_POINT('',(5.85,3.,28.65));
#354 = VECTOR('',#355,1.);
#355 = DIRECTION('',(0.707106781187,0.,0.707106781187));
#356 = ORIENTED_EDGE('',*,*,#357,.F.);
#357 = EDGE_CURVE('',#283,#350,#358,.T.);
#358 = LINE('',#359,#360);
#359 = CARTESIAN_POINT('',(6.,3.,27.));
#360 = VECTOR('',#361,1.);
#361 = DIRECTION('',(0.,0.,1.));
#362 = PLANE('',#363);
#363 = AXIS2_PLACEMENT_3D('',#364,#365,#366);
#364 = CARTESIAN_POINT('',(0.,3.,0.));
#365 = DIRECTION('',(-0.,1.,0.));
#366 = DIRECTION('',(0.,0.,1.));
#367 = ADVANCED_FACE('',(#368),#379,.F.);
#368 = FACE_BOUND('',#369,.F.);
#369 = EDGE_LOOP('',(#370,#371,#372,#378));
#370 = ORIENTED_EDGE('',*,*,#31,.F.);
#371 = ORIENTED_EDGE('',*,*,#71,.T.);
#372 = ORIENTED_EDGE('',*,*,#373,.T.);
#373 = EDGE_CURVE('',#62,#207,#374,.T.);
#374 = LINE('',#375,#376);
#375 = CARTESIAN_POINT('',(120.,0.,0.));
#376 = VECTOR('',#377,1.);
#377 = DIRECTION('',(-0.,1.,0.));
#378 = ORIENTED_EDGE('',*,*,#206,.F.);
#379 = PLANE('',#380);
#380 = AXIS2_PLACEMENT_3D('',#381,#382,#383);
#381 = CARTESIAN_POINT('',(0.,0.,0.));
#382 = DIRECTION('',(0.,0.,1.));
#383 = DIRECTION('',(1.,0.,-0.));
#384 = ADVANCED_FACE('',(#385),#398,.T.);
#385 = FACE_BOUND('',#386,.T.);
#386 = EDGE_LOOP('',(#387,#388,#389,#390,#391,#392));
#387 = ORIENTED_EDGE('',*,*,#61,.F.);
#388 = ORIENTED_EDGE('',*,*,#373,.T.);
#389 = ORIENTED_EDGE('',*,*,#216,.T.);
#390 = ORIENTED_EDGE('',*,*,#184,.F.);
#391 = ORIENTED_EDGE('',*,*,#86,.F.);
#392 = ORIENTED_EDGE('',*,*,#393,.F.);
#393 = EDGE_CURVE('',#64,#87,#394,.T.);
#394 = LINE('',#395,#396);
#395 = CARTESIAN_POINT('',(120.,0.,0.));
#396 = VECTOR('',#397,1.);
#397 = DIRECTION('',(0.,0.,1.));
#398 = PLANE('',#399);
#399 = AXIS2_PLACEMENT_3D('',#400,#401,#402);
#400 = CARTESIAN_POINT('',(120.,0.,0.));
#401 = DIRECTION('',(1.,0.,-0.));
#402 = DIRECTION('',(0.,0.,1.));
#403 = ADVANCED_FACE('',(#404),#429,.F.);
#404 = FACE_BOUND('',#405,.F.);
#405 = EDGE_LOOP('',(#406,#407,#415,#423));
#406 = ORIENTED_EDGE('',*,*,#110,.F.);
#407 = ORIENTED_EDGE('',*,*,#408,.F.);
#408 = EDGE_CURVE('',#409,#103,#411,.T.);
#409 = VERTEX_POINT('',#410);
#410 = CARTESIAN_POINT('',(106.1,-26.,16.1));
#411 = LINE('',#412,#413);
#412 = CARTESIAN_POINT('',(106.1,-26.,16.1));
#413 = VECTOR('',#414,1.);
#414 = DIRECTION('',(-0.,1.,0.));
#415 = ORIENTED_EDGE('',*,*,#416,.T.);
#416 = EDGE_CURVE('',#409,#417,#419,.T.);
#417 = VERTEX_POINT('',#418);
#418 = CARTESIAN_POINT('',(120.,-26.,16.1));
#419 = LINE('',#420,#421);
#420 = CARTESIAN_POINT('',(106.1,-26.,16.1));
#421 = VECTOR('',#422,1.);
#422 = DIRECTION('',(1.,0.,-0.));
#423 = ORIENTED_EDGE('',*,*,#424,.T.);
#424 = EDGE_CURVE('',#417,#64,#425,.T.);
#425 = LINE('',#426,#427);
#426 = CARTESIAN_POINT('',(120.,-26.5,16.1));
#427 = VECTOR('',#428,1.);
#428 = DIRECTION('',(-0.,1.,0.));
#429 = PLANE('',#430);
#430 = AXIS2_PLACEMENT_3D('',#431,#432,#433);
#431 = CARTESIAN_POINT('',(106.1,-26.,16.1));
#432 = DIRECTION('',(0.,0.,1.));
#433 = DIRECTION('',(1.,0.,-0.));
#434 = ADVANCED_FACE('',(#435),#453,.F.);
#435 = FACE_BOUND('',#436,.F.);
#436 = EDGE_LOOP('',(#437,#445,#446,#447));
#437 = ORIENTED_EDGE('',*,*,#438,.F.);
#438 = EDGE_CURVE('',#409,#439,#441,.T.);
#439 = VERTEX_POINT('',#440);
#440 = CARTESIAN_POINT('',(106.1,-26.,33.9));
#441 = LINE('',#442,#443);
#442 = CARTESIAN_POINT('',(106.1,-26.,16.1));
#443 = VECTOR('',#444,1.);
#444 = DIRECTION('',(0.,0.,1.));
#445 = ORIENTED_EDGE('',*,*,#408,.T.);
#446 = ORIENTED_EDGE('',*,*,#102,.T.);
#447 = ORIENTED_EDGE('',*,*,#448,.F.);
#448 = EDGE_CURVE('',#439,#95,#449,.T.);
#449 = LINE('',#450,#451);
#450 = CARTESIAN_POINT('',(106.1,-26.,33.9));
#451 = VECTOR('',#452,1.);
#452 = DIRECTION('',(-0.,1.,0.));
#453 = PLANE('',#454);
#454 = AXIS2_PLACEMENT_3D('',#455,#456,#457);
#455 = CARTESIAN_POINT('',(106.1,-26.,16.1));
#456 = DIRECTION('',(1.,0.,-0.));
#457 = DIRECTION('',(0.,0.,1.));
#458 = ADVANCED_FACE('',(#459,#477),#488,.T.);
#459 = FACE_BOUND('',#460,.T.);
#460 = EDGE_LOOP('',(#461,#462,#463,#471));
#461 = ORIENTED_EDGE('',*,*,#94,.F.);
#462 = ORIENTED_EDGE('',*,*,#448,.F.);
#463 = ORIENTED_EDGE('',*,*,#464,.T.);
#464 = EDGE_CURVE('',#439,#465,#467,.T.);
#465 = VERTEX_POINT('',#466);
#466 = CARTESIAN_POINT('',(120.,-26.,33.9));
#467 = LINE('',#468,#469);
#468 = CARTESIAN_POINT('',(106.1,-26.,33.9));
#469 = VECTOR('',#470,1.);
#470 = DIRECTION('',(1.,0.,-0.));
#471 = ORIENTED_EDGE('',*,*,#472,.T.);
#472 = EDGE_CURVE('',#465,#87,#473,.T.);
#473 = LINE('',#474,#475);
#474 = CARTESIAN_POINT('',(120.,-26.5,33.9));
#475 = VECTOR('',#476,1.);
#476 = DIRECTION('',(-0.,1.,0.));
#477 = FACE_BOUND('',#478,.T.);
#478 = EDGE_LOOP('',(#479));
#479 = ORIENTED_EDGE('',*,*,#480,.F.);
#480 = EDGE_CURVE('',#481,#481,#483,.T.);
#481 = VERTEX_POINT('',#482);
#482 = CARTESIAN_POINT('',(115.1,-13.,33.9));
#483 = CIRCLE('',#484,1.1);
#484 = AXIS2_PLACEMENT_3D('',#485,#486,#487);
#485 = CARTESIAN_POINT('',(114.,-13.,33.9));
#486 = DIRECTION('',(0.,0.,1.));
#487 = DIRECTION('',(1.,0.,-0.));
#488 = PLANE('',#489);
#489 = AXIS2_PLACEMENT_3D('',#490,#491,#492);
#490 = CARTESIAN_POINT('',(106.1,-26.,33.9));
#491 = DIRECTION('',(0.,0.,1.));
#492 = DIRECTION('',(1.,0.,-0.));
#493 = ADVANCED_FACE('',(#494),#505,.F.);
#494 = FACE_BOUND('',#495,.F.);
#495 = EDGE_LOOP('',(#496,#497,#503,#504));
#496 = ORIENTED_EDGE('',*,*,#224,.F.);
#497 = ORIENTED_EDGE('',*,*,#498,.F.);
#498 = EDGE_CURVE('',#119,#225,#499,.T.);
#499 = LINE('',#500,#501);
#500 = CARTESIAN_POINT('',(24.,-1.,8.6));
#501 = VECTOR('',#502,1.);
#502 = DIRECTION('',(0.,1.,0.));
#503 = ORIENTED_EDGE('',*,*,#118,.T.);
#504 = ORIENTED_EDGE('',*,*,#498,.T.);
#505 = CYLINDRICAL_SURFACE('',#506,1.6);
#506 = AXIS2_PLACEMENT_3D('',#507,#508,#509);
#507 = CARTESIAN_POINT('',(24.,-1.,7.));
#508 = DIRECTION('',(0.,1.,0.));
#509 = DIRECTION('',(0.,-0.,1.));
#510 = ADVANCED_FACE('',(#511),#527,.F.);
#511 = FACE_BOUND('',#512,.F.);
#512 = EDGE_LOOP('',(#513,#514,#520,#521));
#513 = ORIENTED_EDGE('',*,*,#129,.T.);
#514 = ORIENTED_EDGE('',*,*,#515,.T.);
#515 = EDGE_CURVE('',#132,#283,#516,.T.);
#516 = LINE('',#517,#518);
#517 = CARTESIAN_POINT('',(6.,-1.,27.25));
#518 = VECTOR('',#519,1.);
#519 = DIRECTION('',(-0.,1.,0.));
#520 = ORIENTED_EDGE('',*,*,#280,.F.);
#521 = ORIENTED_EDGE('',*,*,#522,.F.);
#522 = EDGE_CURVE('',#130,#281,#523,.T.);
#523 = LINE('',#524,#525);
#524 = CARTESIAN_POINT('',(6.,-1.,22.75));
#525 = VECTOR('',#526,1.);
#526 = DIRECTION('',(-0.,1.,0.));
#527 = CYLINDRICAL_SURFACE('',#528,2.25);
#528 = AXIS2_PLACEMENT_3D('',#529,#530,#531);
#529 = CARTESIAN_POINT('',(6.,-1.,25.));
#530 = DIRECTION('',(0.,1.,0.));
#531 = DIRECTION('',(0.,-0.,1.));
#532 = ADVANCED_FACE('',(#533),#544,.T.);
#533 = FACE_BOUND('',#534,.T.);
#534 = EDGE_LOOP('',(#535,#536,#537,#543));
#535 = ORIENTED_EDGE('',*,*,#522,.F.);
#536 = ORIENTED_EDGE('',*,*,#140,.T.);
#537 = ORIENTED_EDGE('',*,*,#538,.T.);
#538 = EDGE_CURVE('',#141,#292,#539,.T.);
#539 = LINE('',#540,#541);
#540 = CARTESIAN_POINT('',(14.,-1.,22.75));
#541 = VECTOR('',#542,1.);
#542 = DIRECTION('',(-0.,1.,0.));
#543 = ORIENTED_EDGE('',*,*,#291,.F.);
#544 = PLANE('',#545);
#545 = AXIS2_PLACEMENT_3D('',#546,#547,#548);
#546 = CARTESIAN_POINT('',(6.,-1.,22.75));
#547 = DIRECTION('',(0.,0.,1.));
#548 = DIRECTION('',(1.,0.,-0.));
#549 = ADVANCED_FACE('',(#550),#568,.F.);
#550 = FACE_BOUND('',#551,.F.);
#551 = EDGE_LOOP('',(#552,#553,#554,#562));
#552 = ORIENTED_EDGE('',*,*,#515,.F.);
#553 = ORIENTED_EDGE('',*,*,#157,.T.);
#554 = ORIENTED_EDGE('',*,*,#555,.T.);
#555 = EDGE_CURVE('',#149,#556,#558,.T.);
#556 = VERTEX_POINT('',#557);
#557 = CARTESIAN_POINT('',(14.,3.,27.25));
#558 = LINE('',#559,#560);
#559 = CARTESIAN_POINT('',(14.,-1.,27.25));
#560 = VECTOR('',#561,1.);
#561 = DIRECTION('',(-0.,1.,0.));
#562 = ORIENTED_EDGE('',*,*,#563,.F.);
#563 = EDGE_CURVE('',#283,#556,#564,.T.);
#564 = LINE('',#565,#566);
#565 = CARTESIAN_POINT('',(3.,3.,27.25));
#566 = VECTOR('',#567,1.);
#567 = DIRECTION('',(1.,0.,-0.));
#568 = PLANE('',#569);
#569 = AXIS2_PLACEMENT_3D('',#570,#571,#572);
#570 = CARTESIAN_POINT('',(6.,-1.,27.25));
#571 = DIRECTION('',(0.,0.,1.));
#572 = DIRECTION('',(1.,0.,-0.));
#573 = ADVANCED_FACE('',(#574),#587,.F.);
#574 = FACE_BOUND('',#575,.F.);
#575 = EDGE_LOOP('',(#576,#583,#584,#585,#586));
#576 = ORIENTED_EDGE('',*,*,#577,.F.);
#577 = EDGE_CURVE('',#556,#300,#578,.T.);
#578 = CIRCLE('',#579,2.25);
#579 = AXIS2_PLACEMENT_3D('',#580,#581,#582);
#580 = CARTESIAN_POINT('',(14.,3.,25.));
#581 = DIRECTION('',(0.,1.,0.));
#582 = DIRECTION('',(0.,-0.,1.));
#583 = ORIENTED_EDGE('',*,*,#555,.F.);
#584 = ORIENTED_EDGE('',*,*,#148,.T.);
#585 = ORIENTED_EDGE('',*,*,#538,.T.);
#586 = ORIENTED_EDGE('',*,*,#299,.F.);
#587 = CYLINDRICAL_SURFACE('',#588,2.25);
#588 = AXIS2_PLACEMENT_3D('',#589,#590,#591);
#589 = CARTESIAN_POINT('',(14.,-1.,25.));
#590 = DIRECTION('',(0.,1.,0.));
#591 = DIRECTION('',(0.,-0.,1.));
#592 = ADVANCED_FACE('',(#593),#604,.F.);
#593 = FACE_BOUND('',#594,.F.);
#594 = EDGE_LOOP('',(#595,#596,#602,#603));
#595 = ORIENTED_EDGE('',*,*,#269,.F.);
#596 = ORIENTED_EDGE('',*,*,#597,.F.);
#597 = EDGE_CURVE('',#166,#270,#598,.T.);
#598 = LINE('',#599,#600);
#599 = CARTESIAN_POINT('',(96.,-1.,8.6));
#600 = VECTOR('',#601,1.);
#601 = DIRECTION('',(0.,1.,0.));
#602 = ORIENTED_EDGE('',*,*,#165,.T.);
#603 = ORIENTED_EDGE('',*,*,#597,.T.);
#604 = CYLINDRICAL_SURFACE('',#605,1.6);
#605 = AXIS2_PLACEMENT_3D('',#606,#607,#608);
#606 = CARTESIAN_POINT('',(96.,-1.,7.));
#607 = DIRECTION('',(0.,1.,0.));
#608 = DIRECTION('',(0.,-0.,1.));
#609 = ADVANCED_FACE('',(#610),#651,.F.);
#610 = FACE_BOUND('',#611,.F.);
#611 = EDGE_LOOP('',(#612,#613,#621,#629,#637,#645));
#612 = ORIENTED_EDGE('',*,*,#235,.F.);
#613 = ORIENTED_EDGE('',*,*,#614,.T.);
#614 = EDGE_CURVE('',#236,#615,#617,.T.);
#615 = VERTEX_POINT('',#616);
#616 = CARTESIAN_POINT('',(16.,58.,15.5));
#617 = LINE('',#618,#619);
#618 = CARTESIAN_POINT('',(16.,3.,15.5));
#619 = VECTOR('',#620,1.);
#620 = DIRECTION('',(-0.,1.,0.));
#621 = ORIENTED_EDGE('',*,*,#622,.T.);
#622 = EDGE_CURVE('',#615,#623,#625,.T.);
#623 = VERTEX_POINT('',#624);
#624 = CARTESIAN_POINT('',(16.,58.,17.3));
#625 = LINE('',#626,#627);
#626 = CARTESIAN_POINT('',(16.,58.,15.5));
#627 = VECTOR('',#628,1.);
#628 = DIRECTION('',(0.,0.,1.));
#629 = ORIENTED_EDGE('',*,*,#630,.T.);
#630 = EDGE_CURVE('',#623,#631,#633,.T.);
#631 = VERTEX_POINT('',#632);
#632 = CARTESIAN_POINT('',(16.,56.8,18.5));
#633 = LINE('',#634,#635);
#634 = CARTESIAN_POINT('',(16.,44.4,30.9));
#635 = VECTOR('',#636,1.);
#636 = DIRECTION('',(0.,-0.707106781187,0.707106781187));
#637 = ORIENTED_EDGE('',*,*,#638,.F.);
#638 = EDGE_CURVE('',#639,#631,#641,.T.);
#639 = VERTEX_POINT('',#640);
#640 = CARTESIAN_POINT('',(16.,4.2,18.5));
#641 = LINE('',#642,#643);
#642 = CARTESIAN_POINT('',(16.,3.,18.5));
#643 = VECTOR('',#644,1.);
#644 = DIRECTION('',(-0.,1.,0.));
#645 = ORIENTED_EDGE('',*,*,#646,.F.);
#646 = EDGE_CURVE('',#238,#639,#647,.T.);
#647 = LINE('',#648,#649);
#648 = CARTESIAN_POINT('',(16.,2.85,17.15));
#649 = VECTOR('',#650,1.);
#650 = DIRECTION('',(0.,0.707106781187,0.707106781187));
#651 = PLANE('',#652);
#652 = AXIS2_PLACEMENT_3D('',#653,#654,#655);
#653 = CARTESIAN_POINT('',(16.,3.,15.5));
#654 = DIRECTION('',(1.,0.,-0.));
#655 = DIRECTION('',(0.,0.,1.));
#656 = ADVANCED_FACE('',(#657),#675,.F.);
#657 = FACE_BOUND('',#658,.T.);
#658 = EDGE_LOOP('',(#659,#660,#661,#669));
#659 = ORIENTED_EDGE('',*,*,#646,.F.);
#660 = ORIENTED_EDGE('',*,*,#261,.T.);
#661 = ORIENTED_EDGE('',*,*,#662,.T.);
#662 = EDGE_CURVE('',#254,#663,#665,.T.);
#663 = VERTEX_POINT('',#664);
#664 = CARTESIAN_POINT('',(104.,4.2,18.5));
#665 = LINE('',#666,#667);
#666 = CARTESIAN_POINT('',(104.,2.85,17.15));
#667 = VECTOR('',#668,1.);
#668 = DIRECTION('',(0.,0.707106781187,0.707106781187));
#669 = ORIENTED_EDGE('',*,*,#670,.F.);
#670 = EDGE_CURVE('',#639,#663,#671,.T.);
#671 = LINE('',#672,#673);
#672 = CARTESIAN_POINT('',(16.,4.2,18.5));
#673 = VECTOR('',#674,1.);
#674 = DIRECTION('',(1.,0.,-0.));
#675 = PLANE('',#676);
#676 = AXIS2_PLACEMENT_3D('',#677,#678,#679);
#677 = CARTESIAN_POINT('',(16.,3.6,17.9));
#678 = DIRECTION('',(0.,0.707106781187,-0.707106781187));
#679 = DIRECTION('',(-1.,0.,-0.));
#680 = ADVANCED_FACE('',(#681),#715,.T.);
#681 = FACE_BOUND('',#682,.T.);
#682 = EDGE_LOOP('',(#683,#684,#692,#700,#708,#714));
#683 = ORIENTED_EDGE('',*,*,#253,.F.);
#684 = ORIENTED_EDGE('',*,*,#685,.T.);
#685 = EDGE_CURVE('',#246,#686,#688,.T.);
#686 = VERTEX_POINT('',#687);
#687 = CARTESIAN_POINT('',(104.,58.,15.5));
#688 = LINE('',#689,#690);
#689 = CARTESIAN_POINT('',(104.,3.,15.5));
#690 = VECTOR('',#691,1.);
#691 = DIRECTION('',(-0.,1.,0.));
#692 = ORIENTED_EDGE('',*,*,#693,.T.);
#693 = EDGE_CURVE('',#686,#694,#696,.T.);
#694 = VERTEX_POINT('',#695);
#695 = CARTESIAN_POINT('',(104.,58.,17.3));
#696 = LINE('',#697,#698);
#697 = CARTESIAN_POINT('',(104.,58.,15.5));
#698 = VECTOR('',#699,1.);
#699 = DIRECTION('',(0.,0.,1.));
#700 = ORIENTED_EDGE('',*,*,#701,.T.);
#701 = EDGE_CURVE('',#694,#702,#704,.T.);
#702 = VERTEX_POINT('',#703);
#703 = CARTESIAN_POINT('',(104.,56.8,18.5));
#704 = LINE('',#705,#706);
#705 = CARTESIAN_POINT('',(104.,44.4,30.9));
#706 = VECTOR('',#707,1.);
#707 = DIRECTION('',(0.,-0.707106781187,0.707106781187));
#708 = ORIENTED_EDGE('',*,*,#709,.F.);
#709 = EDGE_CURVE('',#663,#702,#710,.T.);
#710 = LINE('',#711,#712);
#711 = CARTESIAN_POINT('',(104.,3.,18.5));
#712 = VECTOR('',#713,1.);
#713 = DIRECTION('',(-0.,1.,0.));
#714 = ORIENTED_EDGE('',*,*,#662,.F.);
#715 = PLANE('',#716);
#716 = AXIS2_PLACEMENT_3D('',#717,#718,#719);
#717 = CARTESIAN_POINT('',(104.,3.,15.5));
#718 = DIRECTION('',(1.,0.,-0.));
#719 = DIRECTION('',(0.,0.,1.));
#720 = ADVANCED_FACE('',(#721),#732,.F.);
#721 = FACE_BOUND('',#722,.F.);
#722 = EDGE_LOOP('',(#723,#724,#725,#726));
#723 = ORIENTED_EDGE('',*,*,#614,.F.);
#724 = ORIENTED_EDGE('',*,*,#245,.T.);
#725 = ORIENTED_EDGE('',*,*,#685,.T.);
#726 = ORIENTED_EDGE('',*,*,#727,.F.);
#727 = EDGE_CURVE('',#615,#686,#728,.T.);
#728 = LINE('',#729,#730);
#729 = CARTESIAN_POINT('',(16.,58.,15.5));
#730 = VECTOR('',#731,1.);
#731 = DIRECTION('',(1.,0.,-0.));
#732 = PLANE('',#733);
#733 = AXIS2_PLACEMENT_3D('',#734,#735,#736);
#734 = CARTESIAN_POINT('',(16.,3.,15.5));
#735 = DIRECTION('',(0.,0.,1.));
#736 = DIRECTION('',(1.,0.,-0.));
#737 = ADVANCED_FACE('',(#738),#811,.F.);
#738 = FACE_BOUND('',#739,.F.);
#739 = EDGE_LOOP('',(#740,#748,#756,#764,#772,#780,#788,#796,#804,#810)
  );
#740 = ORIENTED_EDGE('',*,*,#741,.F.);
#741 = EDGE_CURVE('',#742,#283,#744,.T.);
#742 = VERTEX_POINT('',#743);
#743 = CARTESIAN_POINT('',(6.,3.,27.));
#744 = LINE('',#745,#746);
#745 = CARTESIAN_POINT('',(6.,3.,27.));
#746 = VECTOR('',#747,1.);
#747 = DIRECTION('',(0.,0.,1.));
#748 = ORIENTED_EDGE('',*,*,#749,.T.);
#749 = EDGE_CURVE('',#742,#750,#752,.T.);
#750 = VERTEX_POINT('',#751);
#751 = CARTESIAN_POINT('',(6.,58.,27.));
#752 = LINE('',#753,#754);
#753 = CARTESIAN_POINT('',(6.,3.,27.));
#754 = VECTOR('',#755,1.);
#755 = DIRECTION('',(-0.,1.,0.));
#756 = ORIENTED_EDGE('',*,*,#757,.T.);
#757 = EDGE_CURVE('',#750,#758,#760,.T.);
#758 = VERTEX_POINT('',#759);
#759 = CARTESIAN_POINT('',(6.,58.,27.25));
#760 = LINE('',#761,#762);
#761 = CARTESIAN_POINT('',(6.,58.,27.));
#762 = VECTOR('',#763,1.);
#763 = DIRECTION('',(0.,0.,1.));
#764 = ORIENTED_EDGE('',*,*,#765,.T.);
#765 = EDGE_CURVE('',#758,#766,#768,.T.);
#766 = VERTEX_POINT('',#767);
#767 = CARTESIAN_POINT('',(6.,58.,28.8));
#768 = LINE('',#769,#770);
#769 = CARTESIAN_POINT('',(6.,58.,27.));
#770 = VECTOR('',#771,1.);
#771 = DIRECTION('',(0.,0.,1.));
#772 = ORIENTED_EDGE('',*,*,#773,.F.);
#773 = EDGE_CURVE('',#774,#766,#776,.T.);
#774 = VERTEX_POINT('',#775);
#775 = CARTESIAN_POINT('',(6.,57.,28.8));
#776 = LINE('',#777,#778);
#777 = CARTESIAN_POINT('',(6.,3.,28.8));
#778 = VECTOR('',#779,1.);
#779 = DIRECTION('',(-0.,1.,0.));
#780 = ORIENTED_EDGE('',*,*,#781,.T.);
#781 = EDGE_CURVE('',#774,#782,#784,.T.);
#782 = VERTEX_POINT('',#783);
#783 = CARTESIAN_POINT('',(6.,57.,27.2));
#784 = LINE('',#785,#786);
#785 = CARTESIAN_POINT('',(6.,57.,26.));
#786 = VECTOR('',#787,1.);
#787 = DIRECTION('',(-0.,0.,-1.));
#788 = ORIENTED_EDGE('',*,*,#789,.F.);
#789 = EDGE_CURVE('',#790,#782,#792,.T.);
#790 = VERTEX_POINT('',#791);
#791 = CARTESIAN_POINT('',(6.,4.,27.2));
#792 = LINE('',#793,#794);
#793 = CARTESIAN_POINT('',(6.,3.,27.2));
#794 = VECTOR('',#795,1.);
#795 = DIRECTION('',(0.,1.,0.));
#796 = ORIENTED_EDGE('',*,*,#797,.F.);
#797 = EDGE_CURVE('',#798,#790,#800,.T.);
#798 = VERTEX_POINT('',#799);
#799 = CARTESIAN_POINT('',(6.,4.,28.8));
#800 = LINE('',#801,#802);
#801 = CARTESIAN_POINT('',(6.,4.,26.));
#802 = VECTOR('',#803,1.);
#803 = DIRECTION('',(-0.,0.,-1.));
#804 = ORIENTED_EDGE('',*,*,#805,.F.);
#805 = EDGE_CURVE('',#350,#798,#806,.T.);
#806 = LINE('',#807,#808);
#807 = CARTESIAN_POINT('',(6.,3.,28.8));
#808 = VECTOR('',#809,1.);
#809 = DIRECTION('',(-0.,1.,0.));
#810 = ORIENTED_EDGE('',*,*,#357,.F.);
#811 = PLANE('',#812);
#812 = AXIS2_PLACEMENT_3D('',#813,#814,#815);
#813 = CARTESIAN_POINT('',(6.,3.,27.));
#814 = DIRECTION('',(1.,0.,-0.));
#815 = DIRECTION('',(0.,0.,1.));
#816 = ADVANCED_FACE('',(#817),#835,.F.);
#817 = FACE_BOUND('',#818,.F.);
#818 = EDGE_LOOP('',(#819,#820,#821,#829));
#819 = ORIENTED_EDGE('',*,*,#349,.F.);
#820 = ORIENTED_EDGE('',*,*,#805,.T.);
#821 = ORIENTED_EDGE('',*,*,#822,.F.);
#822 = EDGE_CURVE('',#823,#798,#825,.T.);
#823 = VERTEX_POINT('',#824);
#824 = CARTESIAN_POINT('',(7.2,4.,30.));
#825 = LINE('',#826,#827);
#826 = CARTESIAN_POINT('',(5.35,4.,28.15));
#827 = VECTOR('',#828,1.);
#828 = DIRECTION('',(-0.707106781187,0.,-0.707106781187));
#829 = ORIENTED_EDGE('',*,*,#830,.F.);
#830 = EDGE_CURVE('',#342,#823,#831,.T.);
#831 = LINE('',#832,#833);
#832 = CARTESIAN_POINT('',(7.2,3.,30.));
#833 = VECTOR('',#834,1.);
#834 = DIRECTION('',(-0.,1.,0.));
#835 = PLANE('',#836);
#836 = AXIS2_PLACEMENT_3D('',#837,#838,#839);
#837 = CARTESIAN_POINT('',(6.6,3.,29.4));
#838 = DIRECTION('',(0.707106781187,0.,-0.707106781187));
#839 = DIRECTION('',(0.,1.,0.));
#840 = ADVANCED_FACE('',(#841,#969),#1035,.F.);
#841 = FACE_BOUND('',#842,.F.);
#842 = EDGE_LOOP('',(#843,#851,#852,#858,#859,#867,#875,#883,#891,#899,
    #907,#915,#923,#931,#939,#947,#955,#963));
#843 = ORIENTED_EDGE('',*,*,#844,.F.);
#844 = EDGE_CURVE('',#750,#845,#847,.T.);
#845 = VERTEX_POINT('',#846);
#846 = CARTESIAN_POINT('',(15.030776406404,58.,27.));
#847 = LINE('',#848,#849);
#848 = CARTESIAN_POINT('',(6.,58.,27.));
#849 = VECTOR('',#850,1.);
#850 = DIRECTION('',(1.,0.,-0.));
#851 = ORIENTED_EDGE('',*,*,#749,.F.);
#852 = ORIENTED_EDGE('',*,*,#853,.T.);
#853 = EDGE_CURVE('',#742,#300,#854,.T.);
#854 = LINE('',#855,#856);
#855 = CARTESIAN_POINT('',(6.,3.,27.));
#856 = VECTOR('',#857,1.);
#857 = DIRECTION('',(1.,0.,-0.));
#858 = ORIENTED_EDGE('',*,*,#308,.T.);
#859 = ORIENTED_EDGE('',*,*,#860,.T.);
#860 = EDGE_CURVE('',#309,#861,#863,.T.);
#861 = VERTEX_POINT('',#862);
#862 = CARTESIAN_POINT('',(114.,3.,27.));
#863 = LINE('',#864,#865);
#864 = CARTESIAN_POINT('',(6.,3.,27.));
#865 = VECTOR('',#866,1.);
#866 = DIRECTION('',(1.,0.,-0.));
#867 = ORIENTED_EDGE('',*,*,#868,.T.);
#868 = EDGE_CURVE('',#861,#869,#871,.T.);
#869 = VERTEX_POINT('',#870);
#870 = CARTESIAN_POINT('',(114.,4.,27.));
#871 = LINE('',#872,#873);
#872 = CARTESIAN_POINT('',(114.,3.,27.));
#873 = VECTOR('',#874,1.);
#874 = DIRECTION('',(-0.,1.,0.));
#875 = ORIENTED_EDGE('',*,*,#876,.F.);
#876 = EDGE_CURVE('',#877,#869,#879,.T.);
#877 = VERTEX_POINT('',#878);
#878 = CARTESIAN_POINT('',(107.81534156157,4.,27.));
#879 = LINE('',#880,#881);
#880 = CARTESIAN_POINT('',(60.,4.,27.));
#881 = VECTOR('',#882,1.);
#882 = DIRECTION('',(1.,0.,0.));
#883 = ORIENTED_EDGE('',*,*,#884,.T.);
#884 = EDGE_CURVE('',#877,#885,#887,.T.);
#885 = VERTEX_POINT('',#886);
#886 = CARTESIAN_POINT('',(107.81534156157,5.5,27.));
#887 = LINE('',#888,#889);
#888 = CARTESIAN_POINT('',(107.81534156157,4.,27.));
#889 = VECTOR('',#890,1.);
#890 = DIRECTION('',(0.,1.,0.));
#891 = ORIENTED_EDGE('',*,*,#892,.T.);
#892 = EDGE_CURVE('',#885,#893,#895,.T.);
#893 = VERTEX_POINT('',#894);
#894 = CARTESIAN_POINT('',(109.41742430504,5.5,27.));
#895 = LINE('',#896,#897);
#896 = CARTESIAN_POINT('',(60.,5.5,27.));
#897 = VECTOR('',#898,1.);
#898 = DIRECTION('',(1.,0.,0.));
#899 = ORIENTED_EDGE('',*,*,#900,.T.);
#900 = EDGE_CURVE('',#893,#901,#903,.T.);
#901 = VERTEX_POINT('',#902);
#902 = CARTESIAN_POINT('',(109.41742430504,55.5,27.));
#903 = LINE('',#904,#905);
#904 = CARTESIAN_POINT('',(109.41742430504,5.5,27.));
#905 = VECTOR('',#906,1.);
#906 = DIRECTION('',(0.,1.,0.));
#907 = ORIENTED_EDGE('',*,*,#908,.F.);
#908 = EDGE_CURVE('',#909,#901,#911,.T.);
#909 = VERTEX_POINT('',#910);
#910 = CARTESIAN_POINT('',(107.81534156157,55.5,27.));
#911 = LINE('',#912,#913);
#912 = CARTESIAN_POINT('',(60.,55.5,27.));
#913 = VECTOR('',#914,1.);
#914 = DIRECTION('',(1.,0.,0.));
#915 = ORIENTED_EDGE('',*,*,#916,.T.);
#916 = EDGE_CURVE('',#909,#917,#919,.T.);
#917 = VERTEX_POINT('',#918);
#918 = CARTESIAN_POINT('',(107.81534156157,57.,27.));
#919 = LINE('',#920,#921);
#920 = CARTESIAN_POINT('',(107.81534156157,55.5,27.));
#921 = VECTOR('',#922,1.);
#922 = DIRECTION('',(0.,1.,0.));
#923 = ORIENTED_EDGE('',*,*,#924,.T.);
#924 = EDGE_CURVE('',#917,#925,#927,.T.);
#925 = VERTEX_POINT('',#926);
#926 = CARTESIAN_POINT('',(113.083484861,57.,27.));
#927 = LINE('',#928,#929);
#928 = CARTESIAN_POINT('',(60.,57.,27.));
#929 = VECTOR('',#930,1.);
#930 = DIRECTION('',(1.,0.,0.));
#931 = ORIENTED_EDGE('',*,*,#932,.F.);
#932 = EDGE_CURVE('',#933,#925,#935,.T.);
#933 = VERTEX_POINT('',#934);
#934 = CARTESIAN_POINT('',(113.083484861,12.,27.));
#935 = LINE('',#936,#937);
#936 = CARTESIAN_POINT('',(113.083484861,12.,27.));
#937 = VECTOR('',#938,1.);
#938 = DIRECTION('',(0.,1.,0.));
#939 = ORIENTED_EDGE('',*,*,#940,.T.);
#940 = EDGE_CURVE('',#933,#941,#943,.T.);
#941 = VERTEX_POINT('',#942);
#942 = CARTESIAN_POINT('',(114.,12.,27.));
#943 = LINE('',#944,#945);
#944 = CARTESIAN_POINT('',(60.,12.,27.));
#945 = VECTOR('',#946,1.);
#946 = DIRECTION('',(1.,0.,0.));
#947 = ORIENTED_EDGE('',*,*,#948,.T.);
#948 = EDGE_CURVE('',#941,#949,#951,.T.);
#949 = VERTEX_POINT('',#950);
#950 = CARTESIAN_POINT('',(114.,58.,27.));
#951 = LINE('',#952,#953);
#952 = CARTESIAN_POINT('',(114.,3.,27.));
#953 = VECTOR('',#954,1.);
#954 = DIRECTION('',(-0.,1.,0.));
#955 = ORIENTED_EDGE('',*,*,#956,.F.);
#956 = EDGE_CURVE('',#957,#949,#959,.T.);
#957 = VERTEX_POINT('',#958);
#958 = CARTESIAN_POINT('',(113.083484861,58.,27.));
#959 = LINE('',#960,#961);
#960 = CARTESIAN_POINT('',(6.,58.,27.));
#961 = VECTOR('',#962,1.);
#962 = DIRECTION('',(1.,0.,-0.));
#963 = ORIENTED_EDGE('',*,*,#964,.F.);
#964 = EDGE_CURVE('',#845,#957,#965,.T.);
#965 = LINE('',#966,#967);
#966 = CARTESIAN_POINT('',(6.,58.,27.));
#967 = VECTOR('',#968,1.);
#968 = DIRECTION('',(1.,0.,-0.));
#969 = FACE_BOUND('',#970,.F.);
#970 = EDGE_LOOP('',(#971,#981,#989,#997,#1005,#1013,#1021,#1029));
#971 = ORIENTED_EDGE('',*,*,#972,.F.);
#972 = EDGE_CURVE('',#973,#975,#977,.T.);
#973 = VERTEX_POINT('',#974);
#974 = CARTESIAN_POINT('',(10.582575694956,5.5,27.));
#975 = VERTEX_POINT('',#976);
#976 = CARTESIAN_POINT('',(10.582575694956,55.5,27.));
#977 = LINE('',#978,#979);
#978 = CARTESIAN_POINT('',(10.582575694956,5.5,27.));
#979 = VECTOR('',#980,1.);
#980 = DIRECTION('',(0.,1.,0.));
#981 = ORIENTED_EDGE('',*,*,#982,.T.);
#982 = EDGE_CURVE('',#973,#983,#985,.T.);
#983 = VERTEX_POINT('',#984);
#984 = CARTESIAN_POINT('',(12.184658438426,5.5,27.));
#985 = LINE('',#986,#987);
#986 = CARTESIAN_POINT('',(6.,5.5,27.));
#987 = VECTOR('',#988,1.);
#988 = DIRECTION('',(1.,0.,0.));
#989 = ORIENTED_EDGE('',*,*,#990,.F.);
#990 = EDGE_CURVE('',#991,#983,#993,.T.);
#991 = VERTEX_POINT('',#992);
#992 = CARTESIAN_POINT('',(12.184658438426,4.,27.));
#993 = LINE('',#994,#995);
#994 = CARTESIAN_POINT('',(12.184658438426,4.,27.));
#995 = VECTOR('',#996,1.);
#996 = DIRECTION('',(0.,1.,0.));
#997 = ORIENTED_EDGE('',*,*,#998,.F.);
#998 = EDGE_CURVE('',#999,#991,#1001,.T.);
#999 = VERTEX_POINT('',#1000);
#1000 = CARTESIAN_POINT('',(6.916515138991,4.,27.));
#1001 = LINE('',#1002,#1003);
#1002 = CARTESIAN_POINT('',(6.,4.,27.));
#1003 = VECTOR('',#1004,1.);
#1004 = DIRECTION('',(1.,0.,0.));
#1005 = ORIENTED_EDGE('',*,*,#1006,.T.);
#1006 = EDGE_CURVE('',#999,#1007,#1009,.T.);
#1007 = VERTEX_POINT('',#1008);
#1008 = CARTESIAN_POINT('',(6.916515138991,57.,27.));
#1009 = LINE('',#1010,#1011);
#1010 = CARTESIAN_POINT('',(6.916515138991,3.,27.));
#1011 = VECTOR('',#1012,1.);
#1012 = DIRECTION('',(0.,1.,0.));
#1013 = ORIENTED_EDGE('',*,*,#1014,.T.);
#1014 = EDGE_CURVE('',#1007,#1015,#1017,.T.);
#1015 = VERTEX_POINT('',#1016);
#1016 = CARTESIAN_POINT('',(12.184658438426,57.,27.));
#1017 = LINE('',#1018,#1019);
#1018 = CARTESIAN_POINT('',(6.,57.,27.));
#1019 = VECTOR('',#1020,1.);
#1020 = DIRECTION('',(1.,0.,0.));
#1021 = ORIENTED_EDGE('',*,*,#1022,.F.);
#1022 = EDGE_CURVE('',#1023,#1015,#1025,.T.);
#1023 = VERTEX_POINT('',#1024);
#1024 = CARTESIAN_POINT('',(12.184658438426,55.5,27.));
#1025 = LINE('',#1026,#1027);
#1026 = CARTESIAN_POINT('',(12.184658438426,55.5,27.));
#1027 = VECTOR('',#1028,1.);
#1028 = DIRECTION('',(0.,1.,0.));
#1029 = ORIENTED_EDGE('',*,*,#1030,.F.);
#1030 = EDGE_CURVE('',#975,#1023,#1031,.T.);
#1031 = LINE('',#1032,#1033);
#1032 = CARTESIAN_POINT('',(6.,55.5,27.));
#1033 = VECTOR('',#1034,1.);
#1034 = DIRECTION('',(1.,0.,0.));
#1035 = PLANE('',#1036);
#1036 = AXIS2_PLACEMENT_3D('',#1037,#1038,#1039);
#1037 = CARTESIAN_POINT('',(6.,3.,27.));
#1038 = DIRECTION('',(0.,0.,1.));
#1039 = DIRECTION('',(1.,0.,-0.));
#1040 = ADVANCED_FACE('',(#1041),#1091,.T.);
#1041 = FACE_BOUND('',#1042,.T.);
#1042 = EDGE_LOOP('',(#1043,#1053,#1061,#1067,#1068,#1069,#1077,#1085));
#1043 = ORIENTED_EDGE('',*,*,#1044,.F.);
#1044 = EDGE_CURVE('',#1045,#1047,#1049,.T.);
#1045 = VERTEX_POINT('',#1046);
#1046 = CARTESIAN_POINT('',(10.153311931459,5.5,30.));
#1047 = VERTEX_POINT('',#1048);
#1048 = CARTESIAN_POINT('',(109.84668806854,5.5,30.));
#1049 = LINE('',#1050,#1051);
#1050 = CARTESIAN_POINT('',(6.,5.5,30.));
#1051 = VECTOR('',#1052,1.);
#1052 = DIRECTION('',(1.,0.,0.));
#1053 = ORIENTED_EDGE('',*,*,#1054,.F.);
#1054 = EDGE_CURVE('',#1055,#1045,#1057,.T.);
#1055 = VERTEX_POINT('',#1056);
#1056 = CARTESIAN_POINT('',(10.153311931459,4.,30.));
#1057 = LINE('',#1058,#1059);
#1058 = CARTESIAN_POINT('',(10.153311931459,4.,30.));
#1059 = VECTOR('',#1060,1.);
#1060 = DIRECTION('',(0.,1.,0.));
#1061 = ORIENTED_EDGE('',*,*,#1062,.F.);
#1062 = EDGE_CURVE('',#823,#1055,#1063,.T.);
#1063 = LINE('',#1064,#1065);
#1064 = CARTESIAN_POINT('',(6.,4.,30.));
#1065 = VECTOR('',#1066,1.);
#1066 = DIRECTION('',(1.,0.,0.));
#1067 = ORIENTED_EDGE('',*,*,#830,.F.);
#1068 = ORIENTED_EDGE('',*,*,#341,.T.);
#1069 = ORIENTED_EDGE('',*,*,#1070,.T.);
#1070 = EDGE_CURVE('',#334,#1071,#1073,.T.);
#1071 = VERTEX_POINT('',#1072);
#1072 = CARTESIAN_POINT('',(112.8,4.,30.));
#1073 = LINE('',#1074,#1075);
#1074 = CARTESIAN_POINT('',(112.8,3.,30.));
#1075 = VECTOR('',#1076,1.);
#1076 = DIRECTION('',(-0.,1.,0.));
#1077 = ORIENTED_EDGE('',*,*,#1078,.F.);
#1078 = EDGE_CURVE('',#1079,#1071,#1081,.T.);
#1079 = VERTEX_POINT('',#1080);
#1080 = CARTESIAN_POINT('',(109.84668806854,4.,30.));
#1081 = LINE('',#1082,#1083);
#1082 = CARTESIAN_POINT('',(60.,4.,30.));
#1083 = VECTOR('',#1084,1.);
#1084 = DIRECTION('',(1.,0.,0.));
#1085 = ORIENTED_EDGE('',*,*,#1086,.T.);
#1086 = EDGE_CURVE('',#1079,#1047,#1087,.T.);
#1087 = LINE('',#1088,#1089);
#1088 = CARTESIAN_POINT('',(109.84668806854,4.,30.));
#1089 = VECTOR('',#1090,1.);
#1090 = DIRECTION('',(0.,1.,0.));
#1091 = PLANE('',#1092);
#1092 = AXIS2_PLACEMENT_3D('',#1093,#1094,#1095);
#1093 = CARTESIAN_POINT('',(6.,3.,30.));
#1094 = DIRECTION('',(0.,0.,1.));
#1095 = DIRECTION('',(1.,0.,-0.));
#1096 = ADVANCED_FACE('',(#1097),#1123,.F.);
#1097 = FACE_BOUND('',#1098,.F.);
#1098 = EDGE_LOOP('',(#1099,#1108,#1114,#1121,#1122));
#1099 = ORIENTED_EDGE('',*,*,#1100,.T.);
#1100 = EDGE_CURVE('',#1101,#1101,#1103,.T.);
#1101 = VERTEX_POINT('',#1102);
#1102 = CARTESIAN_POINT('',(114.,0.5,27.3));
#1103 = CIRCLE('',#1104,2.3);
#1104 = AXIS2_PLACEMENT_3D('',#1105,#1106,#1107);
#1105 = CARTESIAN_POINT('',(114.,0.5,25.));
#1106 = DIRECTION('',(0.,1.,0.));
#1107 = DIRECTION('',(0.,-0.,1.));
#1108 = ORIENTED_EDGE('',*,*,#1109,.T.);
#1109 = EDGE_CURVE('',#1101,#317,#1110,.T.);
#1110 = LINE('',#1111,#1112);
#1111 = CARTESIAN_POINT('',(114.,-1.,27.3));
#1112 = VECTOR('',#1113,1.);
#1113 = DIRECTION('',(0.,1.,0.));
#1114 = ORIENTED_EDGE('',*,*,#1115,.F.);
#1115 = EDGE_CURVE('',#309,#317,#1116,.T.);
#1116 = CIRCLE('',#1117,2.3);
#1117 = AXIS2_PLACEMENT_3D('',#1118,#1119,#1120);
#1118 = CARTESIAN_POINT('',(114.,3.,25.));
#1119 = DIRECTION('',(0.,1.,0.));
#1120 = DIRECTION('',(0.,-0.,1.));
#1121 = ORIENTED_EDGE('',*,*,#316,.F.);
#1122 = ORIENTED_EDGE('',*,*,#1109,.F.);
#1123 = CYLINDRICAL_SURFACE('',#1124,2.3);
#1124 = AXIS2_PLACEMENT_3D('',#1125,#1126,#1127);
#1125 = CARTESIAN_POINT('',(114.,-1.,25.));
#1126 = DIRECTION('',(0.,1.,0.));
#1127 = DIRECTION('',(0.,-0.,1.));
#1128 = ADVANCED_FACE('',(#1129),#1147,.T.);
#1129 = FACE_BOUND('',#1130,.T.);
#1130 = EDGE_LOOP('',(#1131,#1132,#1140,#1146));
#1131 = ORIENTED_EDGE('',*,*,#333,.F.);
#1132 = ORIENTED_EDGE('',*,*,#1133,.T.);
#1133 = EDGE_CURVE('',#326,#1134,#1136,.T.);
#1134 = VERTEX_POINT('',#1135);
#1135 = CARTESIAN_POINT('',(114.,4.,28.8));
#1136 = LINE('',#1137,#1138);
#1137 = CARTESIAN_POINT('',(114.,3.,28.8));
#1138 = VECTOR('',#1139,1.);
#1139 = DIRECTION('',(-0.,1.,0.));
#1140 = ORIENTED_EDGE('',*,*,#1141,.F.);
#1141 = EDGE_CURVE('',#1071,#1134,#1142,.T.);
#1142 = LINE('',#1143,#1144);
#1143 = CARTESIAN_POINT('',(114.65,4.,28.15));
#1144 = VECTOR('',#1145,1.);
#1145 = DIRECTION('',(0.707106781187,0.,-0.707106781187));
#1146 = ORIENTED_EDGE('',*,*,#1070,.F.);
#1147 = PLANE('',#1148);
#1148 = AXIS2_PLACEMENT_3D('',#1149,#1150,#1151);
#1149 = CARTESIAN_POINT('',(113.4,3.,29.4));
#1150 = DIRECTION('',(0.707106781187,1.407620945704E-17,0.707106781187)
  );
#1151 = DIRECTION('',(-9.953383160478E-18,1.,-9.953383160478E-18));
#1152 = ADVANCED_FACE('',(#1153),#1170,.T.);
#1153 = FACE_BOUND('',#1154,.T.);
#1154 = EDGE_LOOP('',(#1155,#1161,#1162,#1168,#1169));
#1155 = ORIENTED_EDGE('',*,*,#1156,.F.);
#1156 = EDGE_CURVE('',#861,#317,#1157,.T.);
#1157 = LINE('',#1158,#1159);
#1158 = CARTESIAN_POINT('',(114.,3.,27.));
#1159 = VECTOR('',#1160,1.);
#1160 = DIRECTION('',(0.,0.,1.));
#1161 = ORIENTED_EDGE('',*,*,#868,.T.);
#1162 = ORIENTED_EDGE('',*,*,#1163,.F.);
#1163 = EDGE_CURVE('',#1134,#869,#1164,.T.);
#1164 = LINE('',#1165,#1166);
#1165 = CARTESIAN_POINT('',(114.,4.,26.));
#1166 = VECTOR('',#1167,1.);
#1167 = DIRECTION('',(-0.,0.,-1.));
#1168 = ORIENTED_EDGE('',*,*,#1133,.F.);
#1169 = ORIENTED_EDGE('',*,*,#325,.F.);
#1170 = PLANE('',#1171);
#1171 = AXIS2_PLACEMENT_3D('',#1172,#1173,#1174);
#1172 = CARTESIAN_POINT('',(114.,3.,27.));
#1173 = DIRECTION('',(1.,0.,-0.));
#1174 = DIRECTION('',(0.,0.,1.));
#1175 = ADVANCED_FACE('',(#1176),#1187,.T.);
#1176 = FACE_BOUND('',#1177,.T.);
#1177 = EDGE_LOOP('',(#1178,#1179,#1185,#1186));
#1178 = ORIENTED_EDGE('',*,*,#472,.F.);
#1179 = ORIENTED_EDGE('',*,*,#1180,.T.);
#1180 = EDGE_CURVE('',#465,#417,#1181,.T.);
#1181 = LINE('',#1182,#1183);
#1182 = CARTESIAN_POINT('',(120.,-26.,-9.45));
#1183 = VECTOR('',#1184,1.);
#1184 = DIRECTION('',(-0.,0.,-1.));
#1185 = ORIENTED_EDGE('',*,*,#424,.T.);
#1186 = ORIENTED_EDGE('',*,*,#393,.T.);
#1187 = PLANE('',#1188);
#1188 = AXIS2_PLACEMENT_3D('',#1189,#1190,#1191);
#1189 = CARTESIAN_POINT('',(120.,-27.,-35.));
#1190 = DIRECTION('',(1.,0.,-0.));
#1191 = DIRECTION('',(0.,0.,1.));
#1192 = ADVANCED_FACE('',(#1193,#1199),#1233,.F.);
#1193 = FACE_BOUND('',#1194,.F.);
#1194 = EDGE_LOOP('',(#1195,#1196,#1197,#1198));
#1195 = ORIENTED_EDGE('',*,*,#416,.F.);
#1196 = ORIENTED_EDGE('',*,*,#438,.T.);
#1197 = ORIENTED_EDGE('',*,*,#464,.T.);
#1198 = ORIENTED_EDGE('',*,*,#1180,.T.);
#1199 = FACE_BOUND('',#1200,.F.);
#1200 = EDGE_LOOP('',(#1201,#1211,#1219,#1227));
#1201 = ORIENTED_EDGE('',*,*,#1202,.F.);
#1202 = EDGE_CURVE('',#1203,#1205,#1207,.T.);
#1203 = VERTEX_POINT('',#1204);
#1204 = CARTESIAN_POINT('',(108.6,-26.,31.4));
#1205 = VERTEX_POINT('',#1206);
#1206 = CARTESIAN_POINT('',(119.4,-26.,31.4));
#1207 = LINE('',#1208,#1209);
#1208 = CARTESIAN_POINT('',(107.35,-26.,31.4));
#1209 = VECTOR('',#1210,1.);
#1210 = DIRECTION('',(1.,0.,-0.));
#1211 = ORIENTED_EDGE('',*,*,#1212,.T.);
#1212 = EDGE_CURVE('',#1203,#1213,#1215,.T.);
#1213 = VERTEX_POINT('',#1214);
#1214 = CARTESIAN_POINT('',(108.6,-26.,18.6));
#1215 = LINE('',#1216,#1217);
#1216 = CARTESIAN_POINT('',(108.6,-26.,17.35));
#1217 = VECTOR('',#1218,1.);
#1218 = DIRECTION('',(-0.,0.,-1.));
#1219 = ORIENTED_EDGE('',*,*,#1220,.T.);
#1220 = EDGE_CURVE('',#1213,#1221,#1223,.T.);
#1221 = VERTEX_POINT('',#1222);
#1222 = CARTESIAN_POINT('',(119.4,-26.,18.6));
#1223 = LINE('',#1224,#1225);
#1224 = CARTESIAN_POINT('',(107.35,-26.,18.6));
#1225 = VECTOR('',#1226,1.);
#1226 = DIRECTION('',(1.,0.,-0.));
#1227 = ORIENTED_EDGE('',*,*,#1228,.F.);
#1228 = EDGE_CURVE('',#1205,#1221,#1229,.T.);
#1229 = LINE('',#1230,#1231);
#1230 = CARTESIAN_POINT('',(119.4,-26.,17.35));
#1231 = VECTOR('',#1232,1.);
#1232 = DIRECTION('',(-0.,0.,-1.));
#1233 = PLANE('',#1234);
#1234 = AXIS2_PLACEMENT_3D('',#1235,#1236,#1237);
#1235 = CARTESIAN_POINT('',(106.1,-26.,16.1));
#1236 = DIRECTION('',(-0.,1.,0.));
#1237 = DIRECTION('',(0.,0.,1.));
#1238 = ADVANCED_FACE('',(#1239),#1258,.F.);
#1239 = FACE_BOUND('',#1240,.F.);
#1240 = EDGE_LOOP('',(#1241,#1242,#1250,#1257));
#1241 = ORIENTED_EDGE('',*,*,#480,.F.);
#1242 = ORIENTED_EDGE('',*,*,#1243,.F.);
#1243 = EDGE_CURVE('',#1244,#481,#1246,.T.);
#1244 = VERTEX_POINT('',#1245);
#1245 = CARTESIAN_POINT('',(115.1,-13.,31.4));
#1246 = LINE('',#1247,#1248);
#1247 = CARTESIAN_POINT('',(115.1,-13.,25.));
#1248 = VECTOR('',#1249,1.);
#1249 = DIRECTION('',(0.,0.,1.));
#1250 = ORIENTED_EDGE('',*,*,#1251,.T.);
#1251 = EDGE_CURVE('',#1244,#1244,#1252,.T.);
#1252 = CIRCLE('',#1253,1.1);
#1253 = AXIS2_PLACEMENT_3D('',#1254,#1255,#1256);
#1254 = CARTESIAN_POINT('',(114.,-13.,31.4));
#1255 = DIRECTION('',(0.,0.,1.));
#1256 = DIRECTION('',(1.,0.,-0.));
#1257 = ORIENTED_EDGE('',*,*,#1243,.T.);
#1258 = CYLINDRICAL_SURFACE('',#1259,1.1);
#1259 = AXIS2_PLACEMENT_3D('',#1260,#1261,#1262);
#1260 = CARTESIAN_POINT('',(114.,-13.,25.));
#1261 = DIRECTION('',(0.,0.,1.));
#1262 = DIRECTION('',(1.,0.,-0.));
#1263 = ADVANCED_FACE('',(#1264),#1270,.F.);
#1264 = FACE_BOUND('',#1265,.F.);
#1265 = EDGE_LOOP('',(#1266,#1267,#1268,#1269));
#1266 = ORIENTED_EDGE('',*,*,#577,.T.);
#1267 = ORIENTED_EDGE('',*,*,#853,.F.);
#1268 = ORIENTED_EDGE('',*,*,#741,.T.);
#1269 = ORIENTED_EDGE('',*,*,#563,.T.);
#1270 = PLANE('',#1271);
#1271 = AXIS2_PLACEMENT_3D('',#1272,#1273,#1274);
#1272 = CARTESIAN_POINT('',(6.,3.,27.));
#1273 = DIRECTION('',(-0.,1.,0.));
#1274 = DIRECTION('',(0.,0.,1.));
#1275 = ADVANCED_FACE('',(#1276),#1287,.T.);
#1276 = FACE_BOUND('',#1277,.T.);
#1277 = EDGE_LOOP('',(#1278,#1279,#1280,#1281));
#1278 = ORIENTED_EDGE('',*,*,#638,.F.);
#1279 = ORIENTED_EDGE('',*,*,#670,.T.);
#1280 = ORIENTED_EDGE('',*,*,#709,.T.);
#1281 = ORIENTED_EDGE('',*,*,#1282,.F.);
#1282 = EDGE_CURVE('',#631,#702,#1283,.T.);
#1283 = LINE('',#1284,#1285);
#1284 = CARTESIAN_POINT('',(16.,56.8,18.5));
#1285 = VECTOR('',#1286,1.);
#1286 = DIRECTION('',(1.,0.,-0.));
#1287 = PLANE('',#1288);
#1288 = AXIS2_PLACEMENT_3D('',#1289,#1290,#1291);
#1289 = CARTESIAN_POINT('',(16.,3.,18.5));
#1290 = DIRECTION('',(0.,0.,1.));
#1291 = DIRECTION('',(1.,0.,-0.));
#1292 = ADVANCED_FACE('',(#1293,#1327,#1338,#1405,#1416),#1427,.F.);
#1293 = FACE_BOUND('',#1294,.F.);
#1294 = EDGE_LOOP('',(#1295,#1305,#1313,#1321));
#1295 = ORIENTED_EDGE('',*,*,#1296,.F.);
#1296 = EDGE_CURVE('',#1297,#1299,#1301,.T.);
#1297 = VERTEX_POINT('',#1298);
#1298 = CARTESIAN_POINT('',(0.,58.,0.));
#1299 = VERTEX_POINT('',#1300);
#1300 = CARTESIAN_POINT('',(120.,58.,0.));
#1301 = LINE('',#1302,#1303);
#1302 = CARTESIAN_POINT('',(0.,58.,0.));
#1303 = VECTOR('',#1304,1.);
#1304 = DIRECTION('',(1.,0.,-0.));
#1305 = ORIENTED_EDGE('',*,*,#1306,.T.);
#1306 = EDGE_CURVE('',#1297,#1307,#1309,.T.);
#1307 = VERTEX_POINT('',#1308);
#1308 = CARTESIAN_POINT('',(0.,58.,35.));
#1309 = LINE('',#1310,#1311);
#1310 = CARTESIAN_POINT('',(0.,58.,0.));
#1311 = VECTOR('',#1312,1.);
#1312 = DIRECTION('',(0.,0.,1.));
#1313 = ORIENTED_EDGE('',*,*,#1314,.T.);
#1314 = EDGE_CURVE('',#1307,#1315,#1317,.T.);
#1315 = VERTEX_POINT('',#1316);
#1316 = CARTESIAN_POINT('',(120.,58.,35.));
#1317 = LINE('',#1318,#1319);
#1318 = CARTESIAN_POINT('',(0.,58.,35.));
#1319 = VECTOR('',#1320,1.);
#1320 = DIRECTION('',(1.,0.,-0.));
#1321 = ORIENTED_EDGE('',*,*,#1322,.F.);
#1322 = EDGE_CURVE('',#1299,#1315,#1323,.T.);
#1323 = LINE('',#1324,#1325);
#1324 = CARTESIAN_POINT('',(120.,58.,0.));
#1325 = VECTOR('',#1326,1.);
#1326 = DIRECTION('',(0.,0.,1.));
#1327 = FACE_BOUND('',#1328,.F.);
#1328 = EDGE_LOOP('',(#1329));
#1329 = ORIENTED_EDGE('',*,*,#1330,.F.);
#1330 = EDGE_CURVE('',#1331,#1331,#1333,.T.);
#1331 = VERTEX_POINT('',#1332);
#1332 = CARTESIAN_POINT('',(24.,58.,8.6));
#1333 = CIRCLE('',#1334,1.6);
#1334 = AXIS2_PLACEMENT_3D('',#1335,#1336,#1337);
#1335 = CARTESIAN_POINT('',(24.,58.,7.));
#1336 = DIRECTION('',(0.,1.,0.));
#1337 = DIRECTION('',(0.,-0.,1.));
#1338 = FACE_BOUND('',#1339,.F.);
#1339 = EDGE_LOOP('',(#1340,#1349,#1357,#1364,#1365,#1374,#1382,#1390,
    #1398,#1404));
#1340 = ORIENTED_EDGE('',*,*,#1341,.F.);
#1341 = EDGE_CURVE('',#1342,#758,#1344,.T.);
#1342 = VERTEX_POINT('',#1343);
#1343 = CARTESIAN_POINT('',(6.,58.,22.75));
#1344 = CIRCLE('',#1345,2.25);
#1345 = AXIS2_PLACEMENT_3D('',#1346,#1347,#1348);
#1346 = CARTESIAN_POINT('',(6.,58.,25.));
#1347 = DIRECTION('',(0.,1.,0.));
#1348 = DIRECTION('',(0.,-0.,1.));
#1349 = ORIENTED_EDGE('',*,*,#1350,.T.);
#1350 = EDGE_CURVE('',#1342,#1351,#1353,.T.);
#1351 = VERTEX_POINT('',#1352);
#1352 = CARTESIAN_POINT('',(14.,58.,22.75));
#1353 = LINE('',#1354,#1355);
#1354 = CARTESIAN_POINT('',(3.,58.,22.75));
#1355 = VECTOR('',#1356,1.);
#1356 = DIRECTION('',(1.,0.,-0.));
#1357 = ORIENTED_EDGE('',*,*,#1358,.F.);
#1358 = EDGE_CURVE('',#845,#1351,#1359,.T.);
#1359 = CIRCLE('',#1360,2.25);
#1360 = AXIS2_PLACEMENT_3D('',#1361,#1362,#1363);
#1361 = CARTESIAN_POINT('',(14.,58.,25.));
#1362 = DIRECTION('',(0.,1.,0.));
#1363 = DIRECTION('',(0.,-0.,1.));
#1364 = ORIENTED_EDGE('',*,*,#964,.T.);
#1365 = ORIENTED_EDGE('',*,*,#1366,.F.);
#1366 = EDGE_CURVE('',#1367,#957,#1369,.T.);
#1367 = VERTEX_POINT('',#1368);
#1368 = CARTESIAN_POINT('',(114.,58.,27.2));
#1369 = CIRCLE('',#1370,2.2);
#1370 = AXIS2_PLACEMENT_3D('',#1371,#1372,#1373);
#1371 = CARTESIAN_POINT('',(114.,58.,25.));
#1372 = DIRECTION('',(0.,1.,0.));
#1373 = DIRECTION('',(0.,-0.,1.));
#1374 = ORIENTED_EDGE('',*,*,#1375,.T.);
#1375 = EDGE_CURVE('',#1367,#1376,#1378,.T.);
#1376 = VERTEX_POINT('',#1377);
#1377 = CARTESIAN_POINT('',(114.,58.,28.8));
#1378 = LINE('',#1379,#1380);
#1379 = CARTESIAN_POINT('',(114.,58.,27.));
#1380 = VECTOR('',#1381,1.);
#1381 = DIRECTION('',(0.,0.,1.));
#1382 = ORIENTED_EDGE('',*,*,#1383,.T.);
#1383 = EDGE_CURVE('',#1376,#1384,#1386,.T.);
#1384 = VERTEX_POINT('',#1385);
#1385 = CARTESIAN_POINT('',(112.8,58.,30.));
#1386 = LINE('',#1387,#1388);
#1387 = CARTESIAN_POINT('',(87.15,58.,55.65));
#1388 = VECTOR('',#1389,1.);
#1389 = DIRECTION('',(-0.707106781187,-0.,0.707106781187));
#1390 = ORIENTED_EDGE('',*,*,#1391,.F.);
#1391 = EDGE_CURVE('',#1392,#1384,#1394,.T.);
#1392 = VERTEX_POINT('',#1393);
#1393 = CARTESIAN_POINT('',(7.2,58.,30.));
#1394 = LINE('',#1395,#1396);
#1395 = CARTESIAN_POINT('',(6.,58.,30.));
#1396 = VECTOR('',#1397,1.);
#1397 = DIRECTION('',(1.,0.,-0.));
#1398 = ORIENTED_EDGE('',*,*,#1399,.F.);
#1399 = EDGE_CURVE('',#766,#1392,#1400,.T.);
#1400 = LINE('',#1401,#1402);
#1401 = CARTESIAN_POINT('',(5.85,58.,28.65));
#1402 = VECTOR('',#1403,1.);
#1403 = DIRECTION('',(0.707106781187,0.,0.707106781187));
#1404 = ORIENTED_EDGE('',*,*,#765,.F.);
#1405 = FACE_BOUND('',#1406,.F.);
#1406 = EDGE_LOOP('',(#1407,#1408,#1409,#1410));
#1407 = ORIENTED_EDGE('',*,*,#622,.F.);
#1408 = ORIENTED_EDGE('',*,*,#727,.T.);
#1409 = ORIENTED_EDGE('',*,*,#693,.T.);
#1410 = ORIENTED_EDGE('',*,*,#1411,.F.);
#1411 = EDGE_CURVE('',#623,#694,#1412,.T.);
#1412 = LINE('',#1413,#1414);
#1413 = CARTESIAN_POINT('',(16.,58.,17.3));
#1414 = VECTOR('',#1415,1.);
#1415 = DIRECTION('',(1.,0.,-0.));
#1416 = FACE_BOUND('',#1417,.F.);
#1417 = EDGE_LOOP('',(#1418));
#1418 = ORIENTED_EDGE('',*,*,#1419,.F.);
#1419 = EDGE_CURVE('',#1420,#1420,#1422,.T.);
#1420 = VERTEX_POINT('',#1421);
#1421 = CARTESIAN_POINT('',(96.,58.,8.6));
#1422 = CIRCLE('',#1423,1.6);
#1423 = AXIS2_PLACEMENT_3D('',#1424,#1425,#1426);
#1424 = CARTESIAN_POINT('',(96.,58.,7.));
#1425 = DIRECTION('',(0.,1.,0.));
#1426 = DIRECTION('',(0.,-0.,1.));
#1427 = PLANE('',#1428);
#1428 = AXIS2_PLACEMENT_3D('',#1429,#1430,#1431);
#1429 = CARTESIAN_POINT('',(0.,58.,0.));
#1430 = DIRECTION('',(-0.,1.,0.));
#1431 = DIRECTION('',(0.,0.,1.));
#1432 = ADVANCED_FACE('',(#1433),#1439,.T.);
#1433 = FACE_BOUND('',#1434,.F.);
#1434 = EDGE_LOOP('',(#1435,#1436,#1437,#1438));
#1435 = ORIENTED_EDGE('',*,*,#630,.F.);
#1436 = ORIENTED_EDGE('',*,*,#1411,.T.);
#1437 = ORIENTED_EDGE('',*,*,#701,.T.);
#1438 = ORIENTED_EDGE('',*,*,#1282,.F.);
#1439 = PLANE('',#1440);
#1440 = AXIS2_PLACEMENT_3D('',#1441,#1442,#1443);
#1441 = CARTESIAN_POINT('',(16.,57.4,17.9));
#1442 = DIRECTION('',(-1.407620945704E-17,0.707106781187,0.707106781187)
  );
#1443 = DIRECTION('',(-1.,-9.953383160478E-18,-9.953383160478E-18));
#1444 = ADVANCED_FACE('',(#1445),#1474,.F.);
#1445 = FACE_BOUND('',#1446,.F.);
#1446 = EDGE_LOOP('',(#1447,#1456,#1463,#1464,#1465,#1466,#1473));
#1447 = ORIENTED_EDGE('',*,*,#1448,.T.);
#1448 = EDGE_CURVE('',#991,#1449,#1451,.T.);
#1449 = VERTEX_POINT('',#1450);
#1450 = CARTESIAN_POINT('',(6.,4.,31.5));
#1451 = CIRCLE('',#1452,6.5);
#1452 = AXIS2_PLACEMENT_3D('',#1453,#1454,#1455);
#1453 = CARTESIAN_POINT('',(6.,4.,25.));
#1454 = DIRECTION('',(0.,1.,0.));
#1455 = DIRECTION('',(0.,-0.,1.));
#1456 = ORIENTED_EDGE('',*,*,#1457,.T.);
#1457 = EDGE_CURVE('',#1449,#1055,#1458,.T.);
#1458 = CIRCLE('',#1459,6.5);
#1459 = AXIS2_PLACEMENT_3D('',#1460,#1461,#1462);
#1460 = CARTESIAN_POINT('',(6.,4.,25.));
#1461 = DIRECTION('',(0.,1.,0.));
#1462 = DIRECTION('',(0.,-0.,1.));
#1463 = ORIENTED_EDGE('',*,*,#1062,.F.);
#1464 = ORIENTED_EDGE('',*,*,#822,.T.);
#1465 = ORIENTED_EDGE('',*,*,#797,.T.);
#1466 = ORIENTED_EDGE('',*,*,#1467,.F.);
#1467 = EDGE_CURVE('',#999,#790,#1468,.T.);
#1468 = CIRCLE('',#1469,2.2);
#1469 = AXIS2_PLACEMENT_3D('',#1470,#1471,#1472);
#1470 = CARTESIAN_POINT('',(6.,4.,25.));
#1471 = DIRECTION('',(0.,1.,0.));
#1472 = DIRECTION('',(0.,-0.,1.));
#1473 = ORIENTED_EDGE('',*,*,#998,.T.);
#1474 = PLANE('',#1475);
#1475 = AXIS2_PLACEMENT_3D('',#1476,#1477,#1478);
#1476 = CARTESIAN_POINT('',(6.,4.,25.));
#1477 = DIRECTION('',(0.,1.,0.));
#1478 = DIRECTION('',(0.,-0.,1.));
#1479 = ADVANCED_FACE('',(#1480),#1492,.F.);
#1480 = FACE_BOUND('',#1481,.F.);
#1481 = EDGE_LOOP('',(#1482,#1483,#1490,#1491));
#1482 = ORIENTED_EDGE('',*,*,#789,.T.);
#1483 = ORIENTED_EDGE('',*,*,#1484,.F.);
#1484 = EDGE_CURVE('',#1007,#782,#1485,.T.);
#1485 = CIRCLE('',#1486,2.2);
#1486 = AXIS2_PLACEMENT_3D('',#1487,#1488,#1489);
#1487 = CARTESIAN_POINT('',(6.,57.,25.));
#1488 = DIRECTION('',(0.,1.,0.));
#1489 = DIRECTION('',(0.,-0.,1.));
#1490 = ORIENTED_EDGE('',*,*,#1006,.F.);
#1491 = ORIENTED_EDGE('',*,*,#1467,.T.);
#1492 = CYLINDRICAL_SURFACE('',#1493,2.2);
#1493 = AXIS2_PLACEMENT_3D('',#1494,#1495,#1496);
#1494 = CARTESIAN_POINT('',(6.,3.,25.));
#1495 = DIRECTION('',(0.,1.,0.));
#1496 = DIRECTION('',(0.,-0.,1.));
#1497 = ADVANCED_FACE('',(#1498),#1535,.T.);
#1498 = FACE_BOUND('',#1499,.T.);
#1499 = EDGE_LOOP('',(#1500,#1509,#1518,#1526,#1532,#1533,#1534));
#1500 = ORIENTED_EDGE('',*,*,#1501,.T.);
#1501 = EDGE_CURVE('',#1015,#1502,#1504,.T.);
#1502 = VERTEX_POINT('',#1503);
#1503 = CARTESIAN_POINT('',(6.,57.,31.5));
#1504 = CIRCLE('',#1505,6.5);
#1505 = AXIS2_PLACEMENT_3D('',#1506,#1507,#1508);
#1506 = CARTESIAN_POINT('',(6.,57.,25.));
#1507 = DIRECTION('',(0.,1.,0.));
#1508 = DIRECTION('',(0.,-0.,1.));
#1509 = ORIENTED_EDGE('',*,*,#1510,.T.);
#1510 = EDGE_CURVE('',#1502,#1511,#1513,.T.);
#1511 = VERTEX_POINT('',#1512);
#1512 = CARTESIAN_POINT('',(10.153311931459,57.,30.));
#1513 = CIRCLE('',#1514,6.5);
#1514 = AXIS2_PLACEMENT_3D('',#1515,#1516,#1517);
#1515 = CARTESIAN_POINT('',(6.,57.,25.));
#1516 = DIRECTION('',(0.,1.,0.));
#1517 = DIRECTION('',(0.,-0.,1.));
#1518 = ORIENTED_EDGE('',*,*,#1519,.F.);
#1519 = EDGE_CURVE('',#1520,#1511,#1522,.T.);
#1520 = VERTEX_POINT('',#1521);
#1521 = CARTESIAN_POINT('',(7.2,57.,30.));
#1522 = LINE('',#1523,#1524);
#1523 = CARTESIAN_POINT('',(6.,57.,30.));
#1524 = VECTOR('',#1525,1.);
#1525 = DIRECTION('',(1.,0.,0.));
#1526 = ORIENTED_EDGE('',*,*,#1527,.T.);
#1527 = EDGE_CURVE('',#1520,#774,#1528,.T.);
#1528 = LINE('',#1529,#1530);
#1529 = CARTESIAN_POINT('',(5.35,57.,28.15));
#1530 = VECTOR('',#1531,1.);
#1531 = DIRECTION('',(-0.707106781187,0.,-0.707106781187));
#1532 = ORIENTED_EDGE('',*,*,#781,.T.);
#1533 = ORIENTED_EDGE('',*,*,#1484,.F.);
#1534 = ORIENTED_EDGE('',*,*,#1014,.T.);
#1535 = PLANE('',#1536);
#1536 = AXIS2_PLACEMENT_3D('',#1537,#1538,#1539);
#1537 = CARTESIAN_POINT('',(6.,57.,25.));
#1538 = DIRECTION('',(0.,1.,0.));
#1539 = DIRECTION('',(0.,-0.,1.));
#1540 = ADVANCED_FACE('',(#1541),#1552,.F.);
#1541 = FACE_BOUND('',#1542,.F.);
#1542 = EDGE_LOOP('',(#1543,#1544,#1545,#1546));
#1543 = ORIENTED_EDGE('',*,*,#1527,.T.);
#1544 = ORIENTED_EDGE('',*,*,#773,.T.);
#1545 = ORIENTED_EDGE('',*,*,#1399,.T.);
#1546 = ORIENTED_EDGE('',*,*,#1547,.F.);
#1547 = EDGE_CURVE('',#1520,#1392,#1548,.T.);
#1548 = LINE('',#1549,#1550);
#1549 = CARTESIAN_POINT('',(7.2,3.,30.));
#1550 = VECTOR('',#1551,1.);
#1551 = DIRECTION('',(-0.,1.,0.));
#1552 = PLANE('',#1553);
#1553 = AXIS2_PLACEMENT_3D('',#1554,#1555,#1556);
#1554 = CARTESIAN_POINT('',(6.6,3.,29.4));
#1555 = DIRECTION('',(0.707106781187,0.,-0.707106781187));
#1556 = DIRECTION('',(0.,1.,0.));
#1557 = ADVANCED_FACE('',(#1558),#1577,.T.);
#1558 = FACE_BOUND('',#1559,.T.);
#1559 = EDGE_LOOP('',(#1560,#1569,#1570,#1571));
#1560 = ORIENTED_EDGE('',*,*,#1561,.T.);
#1561 = EDGE_CURVE('',#1562,#845,#1564,.T.);
#1562 = VERTEX_POINT('',#1563);
#1563 = CARTESIAN_POINT('',(14.,58.,27.25));
#1564 = CIRCLE('',#1565,2.25);
#1565 = AXIS2_PLACEMENT_3D('',#1566,#1567,#1568);
#1566 = CARTESIAN_POINT('',(14.,58.,25.));
#1567 = DIRECTION('',(0.,1.,0.));
#1568 = DIRECTION('',(0.,-0.,1.));
#1569 = ORIENTED_EDGE('',*,*,#844,.F.);
#1570 = ORIENTED_EDGE('',*,*,#757,.T.);
#1571 = ORIENTED_EDGE('',*,*,#1572,.T.);
#1572 = EDGE_CURVE('',#758,#1562,#1573,.T.);
#1573 = LINE('',#1574,#1575);
#1574 = CARTESIAN_POINT('',(3.,58.,27.25));
#1575 = VECTOR('',#1576,1.);
#1576 = DIRECTION('',(1.,0.,-0.));
#1577 = PLANE('',#1578);
#1578 = AXIS2_PLACEMENT_3D('',#1579,#1580,#1581);
#1579 = CARTESIAN_POINT('',(6.,58.,27.));
#1580 = DIRECTION('',(-0.,1.,0.));
#1581 = DIRECTION('',(0.,0.,1.));
#1582 = ADVANCED_FACE('',(#1583),#1599,.T.);
#1583 = FACE_BOUND('',#1584,.T.);
#1584 = EDGE_LOOP('',(#1585,#1591,#1592));
#1585 = ORIENTED_EDGE('',*,*,#1586,.F.);
#1586 = EDGE_CURVE('',#949,#1367,#1587,.T.);
#1587 = LINE('',#1588,#1589);
#1588 = CARTESIAN_POINT('',(114.,58.,27.));
#1589 = VECTOR('',#1590,1.);
#1590 = DIRECTION('',(0.,0.,1.));
#1591 = ORIENTED_EDGE('',*,*,#956,.F.);
#1592 = ORIENTED_EDGE('',*,*,#1593,.T.);
#1593 = EDGE_CURVE('',#957,#1367,#1594,.T.);
#1594 = CIRCLE('',#1595,2.2);
#1595 = AXIS2_PLACEMENT_3D('',#1596,#1597,#1598);
#1596 = CARTESIAN_POINT('',(114.,58.,25.));
#1597 = DIRECTION('',(0.,1.,0.));
#1598 = DIRECTION('',(0.,-0.,1.));
#1599 = PLANE('',#1600);
#1600 = AXIS2_PLACEMENT_3D('',#1601,#1602,#1603);
#1601 = CARTESIAN_POINT('',(6.,58.,27.));
#1602 = DIRECTION('',(-0.,1.,0.));
#1603 = DIRECTION('',(0.,0.,1.));
#1604 = ADVANCED_FACE('',(#1605),#1640,.T.);
#1605 = FACE_BOUND('',#1606,.T.);
#1606 = EDGE_LOOP('',(#1607,#1615,#1616,#1617,#1618,#1626,#1634));
#1607 = ORIENTED_EDGE('',*,*,#1608,.T.);
#1608 = EDGE_CURVE('',#1609,#941,#1611,.T.);
#1609 = VERTEX_POINT('',#1610);
#1610 = CARTESIAN_POINT('',(114.,12.,27.2));
#1611 = LINE('',#1612,#1613);
#1612 = CARTESIAN_POINT('',(114.,12.,26.));
#1613 = VECTOR('',#1614,1.);
#1614 = DIRECTION('',(-0.,0.,-1.));
#1615 = ORIENTED_EDGE('',*,*,#948,.T.);
#1616 = ORIENTED_EDGE('',*,*,#1586,.T.);
#1617 = ORIENTED_EDGE('',*,*,#1375,.T.);
#1618 = ORIENTED_EDGE('',*,*,#1619,.F.);
#1619 = EDGE_CURVE('',#1620,#1376,#1622,.T.);
#1620 = VERTEX_POINT('',#1621);
#1621 = CARTESIAN_POINT('',(114.,57.,28.8));
#1622 = LINE('',#1623,#1624);
#1623 = CARTESIAN_POINT('',(114.,3.,28.8));
#1624 = VECTOR('',#1625,1.);
#1625 = DIRECTION('',(-0.,1.,0.));
#1626 = ORIENTED_EDGE('',*,*,#1627,.T.);
#1627 = EDGE_CURVE('',#1620,#1628,#1630,.T.);
#1628 = VERTEX_POINT('',#1629);
#1629 = CARTESIAN_POINT('',(114.,57.,27.2));
#1630 = LINE('',#1631,#1632);
#1631 = CARTESIAN_POINT('',(114.,57.,26.));
#1632 = VECTOR('',#1633,1.);
#1633 = DIRECTION('',(-0.,0.,-1.));
#1634 = ORIENTED_EDGE('',*,*,#1635,.F.);
#1635 = EDGE_CURVE('',#1609,#1628,#1636,.T.);
#1636 = LINE('',#1637,#1638);
#1637 = CARTESIAN_POINT('',(114.,12.,27.2));
#1638 = VECTOR('',#1639,1.);
#1639 = DIRECTION('',(0.,1.,0.));
#1640 = PLANE('',#1641);
#1641 = AXIS2_PLACEMENT_3D('',#1642,#1643,#1644);
#1642 = CARTESIAN_POINT('',(114.,3.,27.));
#1643 = DIRECTION('',(1.,0.,-0.));
#1644 = DIRECTION('',(0.,0.,1.));
#1645 = ADVANCED_FACE('',(#1646),#1657,.T.);
#1646 = FACE_BOUND('',#1647,.T.);
#1647 = EDGE_LOOP('',(#1648,#1649,#1656));
#1648 = ORIENTED_EDGE('',*,*,#1608,.F.);
#1649 = ORIENTED_EDGE('',*,*,#1650,.T.);
#1650 = EDGE_CURVE('',#1609,#933,#1651,.T.);
#1651 = CIRCLE('',#1652,2.2);
#1652 = AXIS2_PLACEMENT_3D('',#1653,#1654,#1655);
#1653 = CARTESIAN_POINT('',(114.,12.,25.));
#1654 = DIRECTION('',(0.,1.,0.));
#1655 = DIRECTION('',(0.,-0.,1.));
#1656 = ORIENTED_EDGE('',*,*,#940,.T.);
#1657 = PLANE('',#1658);
#1658 = AXIS2_PLACEMENT_3D('',#1659,#1660,#1661);
#1659 = CARTESIAN_POINT('',(114.,12.,25.));
#1660 = DIRECTION('',(0.,1.,0.));
#1661 = DIRECTION('',(0.,-0.,1.));
#1662 = ADVANCED_FACE('',(#1663),#1675,.F.);
#1663 = FACE_BOUND('',#1664,.F.);
#1664 = EDGE_LOOP('',(#1665,#1672,#1673,#1674));
#1665 = ORIENTED_EDGE('',*,*,#1666,.F.);
#1666 = EDGE_CURVE('',#1628,#925,#1667,.T.);
#1667 = CIRCLE('',#1668,2.2);
#1668 = AXIS2_PLACEMENT_3D('',#1669,#1670,#1671);
#1669 = CARTESIAN_POINT('',(114.,57.,25.));
#1670 = DIRECTION('',(0.,1.,0.));
#1671 = DIRECTION('',(0.,-0.,1.));
#1672 = ORIENTED_EDGE('',*,*,#1635,.F.);
#1673 = ORIENTED_EDGE('',*,*,#1650,.T.);
#1674 = ORIENTED_EDGE('',*,*,#932,.T.);
#1675 = CYLINDRICAL_SURFACE('',#1676,2.2);
#1676 = AXIS2_PLACEMENT_3D('',#1677,#1678,#1679);
#1677 = CARTESIAN_POINT('',(114.,12.,25.));
#1678 = DIRECTION('',(0.,1.,0.));
#1679 = DIRECTION('',(0.,-0.,1.));
#1680 = ADVANCED_FACE('',(#1681),#1718,.T.);
#1681 = FACE_BOUND('',#1682,.T.);
#1682 = EDGE_LOOP('',(#1683,#1694,#1701,#1702,#1703,#1704,#1712));
#1683 = ORIENTED_EDGE('',*,*,#1684,.T.);
#1684 = EDGE_CURVE('',#1685,#1687,#1689,.T.);
#1685 = VERTEX_POINT('',#1686);
#1686 = CARTESIAN_POINT('',(109.84668806854,57.,30.));
#1687 = VERTEX_POINT('',#1688);
#1688 = CARTESIAN_POINT('',(114.,57.,31.5));
#1689 = CIRCLE('',#1690,6.5);
#1690 = AXIS2_PLACEMENT_3D('',#1691,#1692,#1693);
#1691 = CARTESIAN_POINT('',(114.,57.,25.));
#1692 = DIRECTION('',(0.,1.,0.));
#1693 = DIRECTION('',(0.,-0.,1.));
#1694 = ORIENTED_EDGE('',*,*,#1695,.T.);
#1695 = EDGE_CURVE('',#1687,#917,#1696,.T.);
#1696 = CIRCLE('',#1697,6.5);
#1697 = AXIS2_PLACEMENT_3D('',#1698,#1699,#1700);
#1698 = CARTESIAN_POINT('',(114.,57.,25.));
#1699 = DIRECTION('',(0.,1.,0.));
#1700 = DIRECTION('',(0.,-0.,1.));
#1701 = ORIENTED_EDGE('',*,*,#924,.T.);
#1702 = ORIENTED_EDGE('',*,*,#1666,.F.);
#1703 = ORIENTED_EDGE('',*,*,#1627,.F.);
#1704 = ORIENTED_EDGE('',*,*,#1705,.F.);
#1705 = EDGE_CURVE('',#1706,#1620,#1708,.T.);
#1706 = VERTEX_POINT('',#1707);
#1707 = CARTESIAN_POINT('',(112.8,57.,30.));
#1708 = LINE('',#1709,#1710);
#1709 = CARTESIAN_POINT('',(114.65,57.,28.15));
#1710 = VECTOR('',#1711,1.);
#1711 = DIRECTION('',(0.707106781187,0.,-0.707106781187));
#1712 = ORIENTED_EDGE('',*,*,#1713,.F.);
#1713 = EDGE_CURVE('',#1685,#1706,#1714,.T.);
#1714 = LINE('',#1715,#1716);
#1715 = CARTESIAN_POINT('',(60.,57.,30.));
#1716 = VECTOR('',#1717,1.);
#1717 = DIRECTION('',(1.,0.,0.));
#1718 = PLANE('',#1719);
#1719 = AXIS2_PLACEMENT_3D('',#1720,#1721,#1722);
#1720 = CARTESIAN_POINT('',(114.,57.,25.));
#1721 = DIRECTION('',(0.,1.,0.));
#1722 = DIRECTION('',(0.,-0.,1.));
#1723 = ADVANCED_FACE('',(#1724),#1761,.T.);
#1724 = FACE_BOUND('',#1725,.T.);
#1725 = EDGE_LOOP('',(#1726,#1727,#1735,#1744,#1753,#1760));
#1726 = ORIENTED_EDGE('',*,*,#1695,.F.);
#1727 = ORIENTED_EDGE('',*,*,#1728,.F.);
#1728 = EDGE_CURVE('',#1729,#1687,#1731,.T.);
#1729 = VERTEX_POINT('',#1730);
#1730 = CARTESIAN_POINT('',(114.,55.5,31.5));
#1731 = LINE('',#1732,#1733);
#1732 = CARTESIAN_POINT('',(114.,55.5,31.5));
#1733 = VECTOR('',#1734,1.);
#1734 = DIRECTION('',(0.,1.,0.));
#1735 = ORIENTED_EDGE('',*,*,#1736,.T.);
#1736 = EDGE_CURVE('',#1729,#1737,#1739,.T.);
#1737 = VERTEX_POINT('',#1738);
#1738 = CARTESIAN_POINT('',(111.5,55.5,19.));
#1739 = CIRCLE('',#1740,6.5);
#1740 = AXIS2_PLACEMENT_3D('',#1741,#1742,#1743);
#1741 = CARTESIAN_POINT('',(114.,55.5,25.));
#1742 = DIRECTION('',(0.,1.,0.));
#1743 = DIRECTION('',(0.,-0.,1.));
#1744 = ORIENTED_EDGE('',*,*,#1745,.T.);
#1745 = EDGE_CURVE('',#1737,#1746,#1748,.T.);
#1746 = VERTEX_POINT('',#1747);
#1747 = CARTESIAN_POINT('',(109.84668806854,55.5,20.));
#1748 = CIRCLE('',#1749,6.5);
#1749 = AXIS2_PLACEMENT_3D('',#1750,#1751,#1752);
#1750 = CARTESIAN_POINT('',(114.,55.5,25.));
#1751 = DIRECTION('',(0.,1.,0.));
#1752 = DIRECTION('',(0.,-0.,1.));
#1753 = ORIENTED_EDGE('',*,*,#1754,.T.);
#1754 = EDGE_CURVE('',#1746,#909,#1755,.T.);
#1755 = CIRCLE('',#1756,6.5);
#1756 = AXIS2_PLACEMENT_3D('',#1757,#1758,#1759);
#1757 = CARTESIAN_POINT('',(114.,55.5,25.));
#1758 = DIRECTION('',(0.,1.,0.));
#1759 = DIRECTION('',(0.,-0.,1.));
#1760 = ORIENTED_EDGE('',*,*,#916,.T.);
#1761 = CYLINDRICAL_SURFACE('',#1762,6.5);
#1762 = AXIS2_PLACEMENT_3D('',#1763,#1764,#1765);
#1763 = CARTESIAN_POINT('',(114.,55.5,25.));
#1764 = DIRECTION('',(0.,1.,0.));
#1765 = DIRECTION('',(0.,-0.,1.));
#1766 = ADVANCED_FACE('',(#1767),#1794,.F.);
#1767 = FACE_BOUND('',#1768,.F.);
#1768 = EDGE_LOOP('',(#1769,#1777,#1778,#1779,#1788));
#1769 = ORIENTED_EDGE('',*,*,#1770,.T.);
#1770 = EDGE_CURVE('',#1771,#1746,#1773,.T.);
#1771 = VERTEX_POINT('',#1772);
#1772 = CARTESIAN_POINT('',(110.68337520964,55.5,20.));
#1773 = LINE('',#1774,#1775);
#1774 = CARTESIAN_POINT('',(114.,55.5,20.));
#1775 = VECTOR('',#1776,1.);
#1776 = DIRECTION('',(-1.,0.,0.));
#1777 = ORIENTED_EDGE('',*,*,#1754,.T.);
#1778 = ORIENTED_EDGE('',*,*,#908,.T.);
#1779 = ORIENTED_EDGE('',*,*,#1780,.F.);
#1780 = EDGE_CURVE('',#1781,#901,#1783,.T.);
#1781 = VERTEX_POINT('',#1782);
#1782 = CARTESIAN_POINT('',(114.,55.5,20.));
#1783 = CIRCLE('',#1784,5.);
#1784 = AXIS2_PLACEMENT_3D('',#1785,#1786,#1787);
#1785 = CARTESIAN_POINT('',(114.,55.5,25.));
#1786 = DIRECTION('',(0.,1.,0.));
#1787 = DIRECTION('',(0.,-0.,1.));
#1788 = ORIENTED_EDGE('',*,*,#1789,.T.);
#1789 = EDGE_CURVE('',#1781,#1771,#1790,.T.);
#1790 = LINE('',#1791,#1792);
#1791 = CARTESIAN_POINT('',(114.,55.5,20.));
#1792 = VECTOR('',#1793,1.);
#1793 = DIRECTION('',(-1.,0.,0.));
#1794 = PLANE('',#1795);
#1795 = AXIS2_PLACEMENT_3D('',#1796,#1797,#1798);
#1796 = CARTESIAN_POINT('',(114.,55.5,25.));
#1797 = DIRECTION('',(0.,1.,0.));
#1798 = DIRECTION('',(0.,-0.,1.));
#1799 = ADVANCED_FACE('',(#1800),#1819,.T.);
#1800 = FACE_BOUND('',#1801,.T.);
#1801 = EDGE_LOOP('',(#1802,#1803,#1811,#1818));
#1802 = ORIENTED_EDGE('',*,*,#1780,.F.);
#1803 = ORIENTED_EDGE('',*,*,#1804,.F.);
#1804 = EDGE_CURVE('',#1805,#1781,#1807,.T.);
#1805 = VERTEX_POINT('',#1806);
#1806 = CARTESIAN_POINT('',(114.,5.5,20.));
#1807 = LINE('',#1808,#1809);
#1808 = CARTESIAN_POINT('',(114.,5.5,20.));
#1809 = VECTOR('',#1810,1.);
#1810 = DIRECTION('',(0.,1.,0.));
#1811 = ORIENTED_EDGE('',*,*,#1812,.T.);
#1812 = EDGE_CURVE('',#1805,#893,#1813,.T.);
#1813 = CIRCLE('',#1814,5.);
#1814 = AXIS2_PLACEMENT_3D('',#1815,#1816,#1817);
#1815 = CARTESIAN_POINT('',(114.,5.5,25.));
#1816 = DIRECTION('',(0.,1.,0.));
#1817 = DIRECTION('',(0.,-0.,1.));
#1818 = ORIENTED_EDGE('',*,*,#900,.T.);
#1819 = CYLINDRICAL_SURFACE('',#1820,5.);
#1820 = AXIS2_PLACEMENT_3D('',#1821,#1822,#1823);
#1821 = CARTESIAN_POINT('',(114.,5.5,25.));
#1822 = DIRECTION('',(0.,1.,0.));
#1823 = DIRECTION('',(0.,-0.,1.));
#1824 = ADVANCED_FACE('',(#1825),#1852,.T.);
#1825 = FACE_BOUND('',#1826,.T.);
#1826 = EDGE_LOOP('',(#1827,#1837,#1844,#1845,#1846));
#1827 = ORIENTED_EDGE('',*,*,#1828,.T.);
#1828 = EDGE_CURVE('',#1829,#1831,#1833,.T.);
#1829 = VERTEX_POINT('',#1830);
#1830 = CARTESIAN_POINT('',(110.68337520964,5.5,20.));
#1831 = VERTEX_POINT('',#1832);
#1832 = CARTESIAN_POINT('',(109.84668806854,5.5,20.));
#1833 = LINE('',#1834,#1835);
#1834 = CARTESIAN_POINT('',(114.,5.5,20.));
#1835 = VECTOR('',#1836,1.);
#1836 = DIRECTION('',(-1.,0.,0.));
#1837 = ORIENTED_EDGE('',*,*,#1838,.T.);
#1838 = EDGE_CURVE('',#1831,#885,#1839,.T.);
#1839 = CIRCLE('',#1840,6.5);
#1840 = AXIS2_PLACEMENT_3D('',#1841,#1842,#1843);
#1841 = CARTESIAN_POINT('',(114.,5.5,25.));
#1842 = DIRECTION('',(0.,1.,0.));
#1843 = DIRECTION('',(0.,-0.,1.));
#1844 = ORIENTED_EDGE('',*,*,#892,.T.);
#1845 = ORIENTED_EDGE('',*,*,#1812,.F.);
#1846 = ORIENTED_EDGE('',*,*,#1847,.T.);
#1847 = EDGE_CURVE('',#1805,#1829,#1848,.T.);
#1848 = LINE('',#1849,#1850);
#1849 = CARTESIAN_POINT('',(114.,5.5,20.));
#1850 = VECTOR('',#1851,1.);
#1851 = DIRECTION('',(-1.,0.,0.));
#1852 = PLANE('',#1853);
#1853 = AXIS2_PLACEMENT_3D('',#1854,#1855,#1856);
#1854 = CARTESIAN_POINT('',(114.,5.5,25.));
#1855 = DIRECTION('',(0.,1.,0.));
#1856 = DIRECTION('',(0.,-0.,1.));
#1857 = ADVANCED_FACE('',(#1858),#1895,.T.);
#1858 = FACE_BOUND('',#1859,.T.);
#1859 = EDGE_LOOP('',(#1860,#1871,#1879,#1886,#1887,#1888));
#1860 = ORIENTED_EDGE('',*,*,#1861,.F.);
#1861 = EDGE_CURVE('',#1862,#1864,#1866,.T.);
#1862 = VERTEX_POINT('',#1863);
#1863 = CARTESIAN_POINT('',(114.,5.5,31.5));
#1864 = VERTEX_POINT('',#1865);
#1865 = CARTESIAN_POINT('',(111.5,5.5,19.));
#1866 = CIRCLE('',#1867,6.5);
#1867 = AXIS2_PLACEMENT_3D('',#1868,#1869,#1870);
#1868 = CARTESIAN_POINT('',(114.,5.5,25.));
#1869 = DIRECTION('',(0.,1.,0.));
#1870 = DIRECTION('',(0.,-0.,1.));
#1871 = ORIENTED_EDGE('',*,*,#1872,.F.);
#1872 = EDGE_CURVE('',#1873,#1862,#1875,.T.);
#1873 = VERTEX_POINT('',#1874);
#1874 = CARTESIAN_POINT('',(114.,4.,31.5));
#1875 = LINE('',#1876,#1877);
#1876 = CARTESIAN_POINT('',(114.,4.,31.5));
#1877 = VECTOR('',#1878,1.);
#1878 = DIRECTION('',(0.,1.,0.));
#1879 = ORIENTED_EDGE('',*,*,#1880,.T.);
#1880 = EDGE_CURVE('',#1873,#877,#1881,.T.);
#1881 = CIRCLE('',#1882,6.5);
#1882 = AXIS2_PLACEMENT_3D('',#1883,#1884,#1885);
#1883 = CARTESIAN_POINT('',(114.,4.,25.));
#1884 = DIRECTION('',(0.,1.,0.));
#1885 = DIRECTION('',(0.,-0.,1.));
#1886 = ORIENTED_EDGE('',*,*,#884,.T.);
#1887 = ORIENTED_EDGE('',*,*,#1838,.F.);
#1888 = ORIENTED_EDGE('',*,*,#1889,.F.);
#1889 = EDGE_CURVE('',#1864,#1831,#1890,.T.);
#1890 = CIRCLE('',#1891,6.5);
#1891 = AXIS2_PLACEMENT_3D('',#1892,#1893,#1894);
#1892 = CARTESIAN_POINT('',(114.,5.5,25.));
#1893 = DIRECTION('',(0.,1.,0.));
#1894 = DIRECTION('',(0.,-0.,1.));
#1895 = CYLINDRICAL_SURFACE('',#1896,6.5);
#1896 = AXIS2_PLACEMENT_3D('',#1897,#1898,#1899);
#1897 = CARTESIAN_POINT('',(114.,4.,25.));
#1898 = DIRECTION('',(0.,1.,0.));
#1899 = DIRECTION('',(0.,-0.,1.));
#1900 = ADVANCED_FACE('',(#1901,#1915),#1934,.F.);
#1901 = FACE_BOUND('',#1902,.F.);
#1902 = EDGE_LOOP('',(#1903,#1910,#1911,#1912,#1913,#1914));
#1903 = ORIENTED_EDGE('',*,*,#1904,.T.);
#1904 = EDGE_CURVE('',#1079,#1873,#1905,.T.);
#1905 = CIRCLE('',#1906,6.5);
#1906 = AXIS2_PLACEMENT_3D('',#1907,#1908,#1909);
#1907 = CARTESIAN_POINT('',(114.,4.,25.));
#1908 = DIRECTION('',(0.,1.,0.));
#1909 = DIRECTION('',(0.,-0.,1.));
#1910 = ORIENTED_EDGE('',*,*,#1880,.T.);
#1911 = ORIENTED_EDGE('',*,*,#876,.T.);
#1912 = ORIENTED_EDGE('',*,*,#1163,.F.);
#1913 = ORIENTED_EDGE('',*,*,#1141,.F.);
#1914 = ORIENTED_EDGE('',*,*,#1078,.F.);
#1915 = FACE_BOUND('',#1916,.F.);
#1916 = EDGE_LOOP('',(#1917,#1928));
#1917 = ORIENTED_EDGE('',*,*,#1918,.F.);
#1918 = EDGE_CURVE('',#1919,#1921,#1923,.T.);
#1919 = VERTEX_POINT('',#1920);
#1920 = CARTESIAN_POINT('',(115.31244047484,4.,26.));
#1921 = VERTEX_POINT('',#1922);
#1922 = CARTESIAN_POINT('',(112.68755952515,4.,26.));
#1923 = CIRCLE('',#1924,1.65);
#1924 = AXIS2_PLACEMENT_3D('',#1925,#1926,#1927);
#1925 = CARTESIAN_POINT('',(114.,4.,25.));
#1926 = DIRECTION('',(0.,1.,0.));
#1927 = DIRECTION('',(0.,-0.,1.));
#1928 = ORIENTED_EDGE('',*,*,#1929,.F.);
#1929 = EDGE_CURVE('',#1921,#1919,#1930,.T.);
#1930 = LINE('',#1931,#1932);
#1931 = CARTESIAN_POINT('',(112.75,4.,26.));
#1932 = VECTOR('',#1933,1.);
#1933 = DIRECTION('',(1.,0.,0.));
#1934 = PLANE('',#1935);
#1935 = AXIS2_PLACEMENT_3D('',#1936,#1937,#1938);
#1936 = CARTESIAN_POINT('',(114.,4.,25.));
#1937 = DIRECTION('',(0.,1.,0.));
#1938 = DIRECTION('',(0.,-0.,1.));
#1939 = ADVANCED_FACE('',(#1940),#1945,.F.);
#1940 = FACE_BOUND('',#1941,.F.);
#1941 = EDGE_LOOP('',(#1942,#1943,#1944));
#1942 = ORIENTED_EDGE('',*,*,#1156,.F.);
#1943 = ORIENTED_EDGE('',*,*,#860,.F.);
#1944 = ORIENTED_EDGE('',*,*,#1115,.T.);
#1945 = PLANE('',#1946);
#1946 = AXIS2_PLACEMENT_3D('',#1947,#1948,#1949);
#1947 = CARTESIAN_POINT('',(6.,3.,27.));
#1948 = DIRECTION('',(-0.,1.,0.));
#1949 = DIRECTION('',(0.,0.,1.));
#1950 = ADVANCED_FACE('',(#1951),#1978,.T.);
#1951 = FACE_BOUND('',#1952,.T.);
#1952 = EDGE_LOOP('',(#1953,#1962,#1970,#1977));
#1953 = ORIENTED_EDGE('',*,*,#1954,.T.);
#1954 = EDGE_CURVE('',#973,#1955,#1957,.T.);
#1955 = VERTEX_POINT('',#1956);
#1956 = CARTESIAN_POINT('',(6.,5.5,20.));
#1957 = CIRCLE('',#1958,5.);
#1958 = AXIS2_PLACEMENT_3D('',#1959,#1960,#1961);
#1959 = CARTESIAN_POINT('',(6.,5.5,25.));
#1960 = DIRECTION('',(0.,1.,0.));
#1961 = DIRECTION('',(0.,-0.,1.));
#1962 = ORIENTED_EDGE('',*,*,#1963,.T.);
#1963 = EDGE_CURVE('',#1955,#1964,#1966,.T.);
#1964 = VERTEX_POINT('',#1965);
#1965 = CARTESIAN_POINT('',(6.,55.5,20.));
#1966 = LINE('',#1967,#1968);
#1967 = CARTESIAN_POINT('',(6.,5.5,20.));
#1968 = VECTOR('',#1969,1.);
#1969 = DIRECTION('',(0.,1.,0.));
#1970 = ORIENTED_EDGE('',*,*,#1971,.F.);
#1971 = EDGE_CURVE('',#975,#1964,#1972,.T.);
#1972 = CIRCLE('',#1973,5.);
#1973 = AXIS2_PLACEMENT_3D('',#1974,#1975,#1976);
#1974 = CARTESIAN_POINT('',(6.,55.5,25.));
#1975 = DIRECTION('',(0.,1.,0.));
#1976 = DIRECTION('',(0.,-0.,1.));
#1977 = ORIENTED_EDGE('',*,*,#972,.F.);
#1978 = CYLINDRICAL_SURFACE('',#1979,5.);
#1979 = AXIS2_PLACEMENT_3D('',#1980,#1981,#1982);
#1980 = CARTESIAN_POINT('',(6.,5.5,25.));
#1981 = DIRECTION('',(0.,1.,0.));
#1982 = DIRECTION('',(0.,-0.,1.));
#1983 = ADVANCED_FACE('',(#1984),#2011,.F.);
#1984 = FACE_BOUND('',#1985,.F.);
#1985 = EDGE_LOOP('',(#1986,#1987,#1996,#2004,#2010));
#1986 = ORIENTED_EDGE('',*,*,#1030,.T.);
#1987 = ORIENTED_EDGE('',*,*,#1988,.T.);
#1988 = EDGE_CURVE('',#1023,#1989,#1991,.T.);
#1989 = VERTEX_POINT('',#1990);
#1990 = CARTESIAN_POINT('',(10.153311931459,55.5,20.));
#1991 = CIRCLE('',#1992,6.5);
#1992 = AXIS2_PLACEMENT_3D('',#1993,#1994,#1995);
#1993 = CARTESIAN_POINT('',(6.,55.5,25.));
#1994 = DIRECTION('',(0.,1.,0.));
#1995 = DIRECTION('',(0.,-0.,1.));
#1996 = ORIENTED_EDGE('',*,*,#1997,.T.);
#1997 = EDGE_CURVE('',#1989,#1998,#2000,.T.);
#1998 = VERTEX_POINT('',#1999);
#1999 = CARTESIAN_POINT('',(9.316624790355,55.5,20.));
#2000 = LINE('',#2001,#2002);
#2001 = CARTESIAN_POINT('',(114.,55.5,20.));
#2002 = VECTOR('',#2003,1.);
#2003 = DIRECTION('',(-1.,0.,0.));
#2004 = ORIENTED_EDGE('',*,*,#2005,.T.);
#2005 = EDGE_CURVE('',#1998,#1964,#2006,.T.);
#2006 = LINE('',#2007,#2008);
#2007 = CARTESIAN_POINT('',(114.,55.5,20.));
#2008 = VECTOR('',#2009,1.);
#2009 = DIRECTION('',(-1.,0.,0.));
#2010 = ORIENTED_EDGE('',*,*,#1971,.F.);
#2011 = PLANE('',#2012);
#2012 = AXIS2_PLACEMENT_3D('',#2013,#2014,#2015);
#2013 = CARTESIAN_POINT('',(6.,55.5,25.));
#2014 = DIRECTION('',(0.,1.,0.));
#2015 = DIRECTION('',(0.,-0.,1.));
#2016 = ADVANCED_FACE('',(#2017),#2046,.T.);
#2017 = FACE_BOUND('',#2018,.T.);
#2018 = EDGE_LOOP('',(#2019,#2027,#2028,#2029,#2030,#2039));
#2019 = ORIENTED_EDGE('',*,*,#2020,.T.);
#2020 = EDGE_CURVE('',#2021,#1502,#2023,.T.);
#2021 = VERTEX_POINT('',#2022);
#2022 = CARTESIAN_POINT('',(6.,55.5,31.5));
#2023 = LINE('',#2024,#2025);
#2024 = CARTESIAN_POINT('',(6.,55.5,31.5));
#2025 = VECTOR('',#2026,1.);
#2026 = DIRECTION('',(0.,1.,0.));
#2027 = ORIENTED_EDGE('',*,*,#1501,.F.);
#2028 = ORIENTED_EDGE('',*,*,#1022,.F.);
#2029 = ORIENTED_EDGE('',*,*,#1988,.T.);
#2030 = ORIENTED_EDGE('',*,*,#2031,.T.);
#2031 = EDGE_CURVE('',#1989,#2032,#2034,.T.);
#2032 = VERTEX_POINT('',#2033);
#2033 = CARTESIAN_POINT('',(8.5,55.5,19.));
#2034 = CIRCLE('',#2035,6.5);
#2035 = AXIS2_PLACEMENT_3D('',#2036,#2037,#2038);
#2036 = CARTESIAN_POINT('',(6.,55.5,25.));
#2037 = DIRECTION('',(0.,1.,0.));
#2038 = DIRECTION('',(0.,-0.,1.));
#2039 = ORIENTED_EDGE('',*,*,#2040,.T.);
#2040 = EDGE_CURVE('',#2032,#2021,#2041,.T.);
#2041 = CIRCLE('',#2042,6.5);
#2042 = AXIS2_PLACEMENT_3D('',#2043,#2044,#2045);
#2043 = CARTESIAN_POINT('',(6.,55.5,25.));
#2044 = DIRECTION('',(0.,1.,0.));
#2045 = DIRECTION('',(0.,-0.,1.));
#2046 = CYLINDRICAL_SURFACE('',#2047,6.5);
#2047 = AXIS2_PLACEMENT_3D('',#2048,#2049,#2050);
#2048 = CARTESIAN_POINT('',(6.,55.5,25.));
#2049 = DIRECTION('',(0.,1.,0.));
#2050 = DIRECTION('',(0.,-0.,1.));
#2051 = ADVANCED_FACE('',(#2052),#2089,.T.);
#2052 = FACE_BOUND('',#2053,.T.);
#2053 = EDGE_LOOP('',(#2054,#2062,#2071,#2080,#2087,#2088));
#2054 = ORIENTED_EDGE('',*,*,#2055,.T.);
#2055 = EDGE_CURVE('',#1449,#2056,#2058,.T.);
#2056 = VERTEX_POINT('',#2057);
#2057 = CARTESIAN_POINT('',(6.,5.5,31.5));
#2058 = LINE('',#2059,#2060);
#2059 = CARTESIAN_POINT('',(6.,4.,31.5));
#2060 = VECTOR('',#2061,1.);
#2061 = DIRECTION('',(0.,1.,0.));
#2062 = ORIENTED_EDGE('',*,*,#2063,.F.);
#2063 = EDGE_CURVE('',#2064,#2056,#2066,.T.);
#2064 = VERTEX_POINT('',#2065);
#2065 = CARTESIAN_POINT('',(8.5,5.5,19.));
#2066 = CIRCLE('',#2067,6.5);
#2067 = AXIS2_PLACEMENT_3D('',#2068,#2069,#2070);
#2068 = CARTESIAN_POINT('',(6.,5.5,25.));
#2069 = DIRECTION('',(0.,1.,0.));
#2070 = DIRECTION('',(0.,-0.,1.));
#2071 = ORIENTED_EDGE('',*,*,#2072,.F.);
#2072 = EDGE_CURVE('',#2073,#2064,#2075,.T.);
#2073 = VERTEX_POINT('',#2074);
#2074 = CARTESIAN_POINT('',(10.153311931459,5.5,20.));
#2075 = CIRCLE('',#2076,6.5);
#2076 = AXIS2_PLACEMENT_3D('',#2077,#2078,#2079);
#2077 = CARTESIAN_POINT('',(6.,5.5,25.));
#2078 = DIRECTION('',(0.,1.,0.));
#2079 = DIRECTION('',(0.,-0.,1.));
#2080 = ORIENTED_EDGE('',*,*,#2081,.F.);
#2081 = EDGE_CURVE('',#983,#2073,#2082,.T.);
#2082 = CIRCLE('',#2083,6.5);
#2083 = AXIS2_PLACEMENT_3D('',#2084,#2085,#2086);
#2084 = CARTESIAN_POINT('',(6.,5.5,25.));
#2085 = DIRECTION('',(0.,1.,0.));
#2086 = DIRECTION('',(0.,-0.,1.));
#2087 = ORIENTED_EDGE('',*,*,#990,.F.);
#2088 = ORIENTED_EDGE('',*,*,#1448,.T.);
#2089 = CYLINDRICAL_SURFACE('',#2090,6.5);
#2090 = AXIS2_PLACEMENT_3D('',#2091,#2092,#2093);
#2091 = CARTESIAN_POINT('',(6.,4.,25.));
#2092 = DIRECTION('',(0.,1.,0.));
#2093 = DIRECTION('',(0.,-0.,1.));
#2094 = ADVANCED_FACE('',(#2095),#2114,.T.);
#2095 = FACE_BOUND('',#2096,.T.);
#2096 = EDGE_LOOP('',(#2097,#2098,#2099,#2107,#2113));
#2097 = ORIENTED_EDGE('',*,*,#982,.T.);
#2098 = ORIENTED_EDGE('',*,*,#2081,.T.);
#2099 = ORIENTED_EDGE('',*,*,#2100,.T.);
#2100 = EDGE_CURVE('',#2073,#2101,#2103,.T.);
#2101 = VERTEX_POINT('',#2102);
#2102 = CARTESIAN_POINT('',(9.316624790355,5.5,20.));
#2103 = LINE('',#2104,#2105);
#2104 = CARTESIAN_POINT('',(114.,5.5,20.));
#2105 = VECTOR('',#2106,1.);
#2106 = DIRECTION('',(-1.,0.,0.));
#2107 = ORIENTED_EDGE('',*,*,#2108,.T.);
#2108 = EDGE_CURVE('',#2101,#1955,#2109,.T.);
#2109 = LINE('',#2110,#2111);
#2110 = CARTESIAN_POINT('',(114.,5.5,20.));
#2111 = VECTOR('',#2112,1.);
#2112 = DIRECTION('',(-1.,0.,0.));
#2113 = ORIENTED_EDGE('',*,*,#1954,.F.);
#2114 = PLANE('',#2115);
#2115 = AXIS2_PLACEMENT_3D('',#2116,#2117,#2118);
#2116 = CARTESIAN_POINT('',(6.,5.5,25.));
#2117 = DIRECTION('',(0.,1.,0.));
#2118 = DIRECTION('',(0.,-0.,1.));
#2119 = ADVANCED_FACE('',(#2120),#2147,.F.);
#2120 = FACE_BOUND('',#2121,.F.);
#2121 = EDGE_LOOP('',(#2122,#2131,#2139,#2146));
#2122 = ORIENTED_EDGE('',*,*,#2123,.F.);
#2123 = EDGE_CURVE('',#2124,#1045,#2126,.T.);
#2124 = VERTEX_POINT('',#2125);
#2125 = CARTESIAN_POINT('',(8.5,5.5,31.));
#2126 = CIRCLE('',#2127,6.5);
#2127 = AXIS2_PLACEMENT_3D('',#2128,#2129,#2130);
#2128 = CARTESIAN_POINT('',(6.,5.5,25.));
#2129 = DIRECTION('',(0.,1.,0.));
#2130 = DIRECTION('',(0.,-0.,1.));
#2131 = ORIENTED_EDGE('',*,*,#2132,.T.);
#2132 = EDGE_CURVE('',#2124,#2133,#2135,.T.);
#2133 = VERTEX_POINT('',#2134);
#2134 = CARTESIAN_POINT('',(111.5,5.5,31.));
#2135 = LINE('',#2136,#2137);
#2136 = CARTESIAN_POINT('',(6.,5.5,31.));
#2137 = VECTOR('',#2138,1.);
#2138 = DIRECTION('',(1.,0.,0.));
#2139 = ORIENTED_EDGE('',*,*,#2140,.F.);
#2140 = EDGE_CURVE('',#1047,#2133,#2141,.T.);
#2141 = CIRCLE('',#2142,6.5);
#2142 = AXIS2_PLACEMENT_3D('',#2143,#2144,#2145);
#2143 = CARTESIAN_POINT('',(114.,5.5,25.));
#2144 = DIRECTION('',(0.,1.,0.));
#2145 = DIRECTION('',(0.,-0.,1.));
#2146 = ORIENTED_EDGE('',*,*,#1044,.F.);
#2147 = PLANE('',#2148);
#2148 = AXIS2_PLACEMENT_3D('',#2149,#2150,#2151);
#2149 = CARTESIAN_POINT('',(60.,5.5,25.));
#2150 = DIRECTION('',(0.,1.,0.));
#2151 = DIRECTION('',(0.,-0.,1.));
#2152 = ADVANCED_FACE('',(#2153),#2166,.T.);
#2153 = FACE_BOUND('',#2154,.T.);
#2154 = EDGE_LOOP('',(#2155,#2156,#2163,#2164,#2165));
#2155 = ORIENTED_EDGE('',*,*,#1872,.T.);
#2156 = ORIENTED_EDGE('',*,*,#2157,.F.);
#2157 = EDGE_CURVE('',#2133,#1862,#2158,.T.);
#2158 = CIRCLE('',#2159,6.5);
#2159 = AXIS2_PLACEMENT_3D('',#2160,#2161,#2162);
#2160 = CARTESIAN_POINT('',(114.,5.5,25.));
#2161 = DIRECTION('',(0.,1.,0.));
#2162 = DIRECTION('',(0.,-0.,1.));
#2163 = ORIENTED_EDGE('',*,*,#2140,.F.);
#2164 = ORIENTED_EDGE('',*,*,#1086,.F.);
#2165 = ORIENTED_EDGE('',*,*,#1904,.T.);
#2166 = CYLINDRICAL_SURFACE('',#2167,6.5);
#2167 = AXIS2_PLACEMENT_3D('',#2168,#2169,#2170);
#2168 = CARTESIAN_POINT('',(114.,4.,25.));
#2169 = DIRECTION('',(0.,1.,0.));
#2170 = DIRECTION('',(0.,-0.,1.));
#2171 = ADVANCED_FACE('',(#2172),#2185,.T.);
#2172 = FACE_BOUND('',#2173,.T.);
#2173 = EDGE_LOOP('',(#2174,#2181,#2182,#2183,#2184));
#2174 = ORIENTED_EDGE('',*,*,#2175,.F.);
#2175 = EDGE_CURVE('',#2056,#2124,#2176,.T.);
#2176 = CIRCLE('',#2177,6.5);
#2177 = AXIS2_PLACEMENT_3D('',#2178,#2179,#2180);
#2178 = CARTESIAN_POINT('',(6.,5.5,25.));
#2179 = DIRECTION('',(0.,1.,0.));
#2180 = DIRECTION('',(0.,-0.,1.));
#2181 = ORIENTED_EDGE('',*,*,#2055,.F.);
#2182 = ORIENTED_EDGE('',*,*,#1457,.T.);
#2183 = ORIENTED_EDGE('',*,*,#1054,.T.);
#2184 = ORIENTED_EDGE('',*,*,#2123,.F.);
#2185 = CYLINDRICAL_SURFACE('',#2186,6.5);
#2186 = AXIS2_PLACEMENT_3D('',#2187,#2188,#2189);
#2187 = CARTESIAN_POINT('',(6.,4.,25.));
#2188 = DIRECTION('',(0.,1.,0.));
#2189 = DIRECTION('',(0.,-0.,1.));
#2190 = ADVANCED_FACE('',(#2191,#2225),#2228,.F.);
#2191 = FACE_BOUND('',#2192,.F.);
#2192 = EDGE_LOOP('',(#2193,#2203,#2211,#2219));
#2193 = ORIENTED_EDGE('',*,*,#2194,.F.);
#2194 = EDGE_CURVE('',#2195,#2197,#2199,.T.);
#2195 = VERTEX_POINT('',#2196);
#2196 = CARTESIAN_POINT('',(108.6,0.5,18.6));
#2197 = VERTEX_POINT('',#2198);
#2198 = CARTESIAN_POINT('',(119.4,0.5,18.6));
#2199 = LINE('',#2200,#2201);
#2200 = CARTESIAN_POINT('',(108.6,0.5,18.6));
#2201 = VECTOR('',#2202,1.);
#2202 = DIRECTION('',(1.,0.,-0.));
#2203 = ORIENTED_EDGE('',*,*,#2204,.T.);
#2204 = EDGE_CURVE('',#2195,#2205,#2207,.T.);
#2205 = VERTEX_POINT('',#2206);
#2206 = CARTESIAN_POINT('',(108.6,0.5,31.4));
#2207 = LINE('',#2208,#2209);
#2208 = CARTESIAN_POINT('',(108.6,0.5,18.6));
#2209 = VECTOR('',#2210,1.);
#2210 = DIRECTION('',(0.,0.,1.));
#2211 = ORIENTED_EDGE('',*,*,#2212,.T.);
#2212 = EDGE_CURVE('',#2205,#2213,#2215,.T.);
#2213 = VERTEX_POINT('',#2214);
#2214 = CARTESIAN_POINT('',(119.4,0.5,31.4));
#2215 = LINE('',#2216,#2217);
#2216 = CARTESIAN_POINT('',(108.6,0.5,31.4));
#2217 = VECTOR('',#2218,1.);
#2218 = DIRECTION('',(1.,0.,-0.));
#2219 = ORIENTED_EDGE('',*,*,#2220,.F.);
#2220 = EDGE_CURVE('',#2197,#2213,#2221,.T.);
#2221 = LINE('',#2222,#2223);
#2222 = CARTESIAN_POINT('',(119.4,0.5,18.6));
#2223 = VECTOR('',#2224,1.);
#2224 = DIRECTION('',(0.,0.,1.));
#2225 = FACE_BOUND('',#2226,.F.);
#2226 = EDGE_LOOP('',(#2227));
#2227 = ORIENTED_EDGE('',*,*,#1100,.F.);
#2228 = PLANE('',#2229);
#2229 = AXIS2_PLACEMENT_3D('',#2230,#2231,#2232);
#2230 = CARTESIAN_POINT('',(108.6,0.5,18.6));
#2231 = DIRECTION('',(-0.,1.,0.));
#2232 = DIRECTION('',(0.,0.,1.));
#2233 = ADVANCED_FACE('',(#2234,#2250),#2253,.F.);
#2234 = FACE_BOUND('',#2235,.F.);
#2235 = EDGE_LOOP('',(#2236,#2242,#2243,#2249));
#2236 = ORIENTED_EDGE('',*,*,#2237,.F.);
#2237 = EDGE_CURVE('',#1203,#2205,#2238,.T.);
#2238 = LINE('',#2239,#2240);
#2239 = CARTESIAN_POINT('',(108.6,-26.5,31.4));
#2240 = VECTOR('',#2241,1.);
#2241 = DIRECTION('',(-0.,1.,0.));
#2242 = ORIENTED_EDGE('',*,*,#1202,.T.);
#2243 = ORIENTED_EDGE('',*,*,#2244,.T.);
#2244 = EDGE_CURVE('',#1205,#2213,#2245,.T.);
#2245 = LINE('',#2246,#2247);
#2246 = CARTESIAN_POINT('',(119.4,-26.5,31.4));
#2247 = VECTOR('',#2248,1.);
#2248 = DIRECTION('',(-0.,1.,0.));
#2249 = ORIENTED_EDGE('',*,*,#2212,.F.);
#2250 = FACE_BOUND('',#2251,.F.);
#2251 = EDGE_LOOP('',(#2252));
#2252 = ORIENTED_EDGE('',*,*,#1251,.F.);
#2253 = PLANE('',#2254);
#2254 = AXIS2_PLACEMENT_3D('',#2255,#2256,#2257);
#2255 = CARTESIAN_POINT('',(108.6,-26.5,31.4));
#2256 = DIRECTION('',(0.,0.,1.));
#2257 = DIRECTION('',(1.,0.,-0.));
#2258 = ADVANCED_FACE('',(#2259),#2270,.F.);
#2259 = FACE_BOUND('',#2260,.F.);
#2260 = EDGE_LOOP('',(#2261,#2262,#2263,#2269));
#2261 = ORIENTED_EDGE('',*,*,#2244,.F.);
#2262 = ORIENTED_EDGE('',*,*,#1228,.T.);
#2263 = ORIENTED_EDGE('',*,*,#2264,.T.);
#2264 = EDGE_CURVE('',#1221,#2197,#2265,.T.);
#2265 = LINE('',#2266,#2267);
#2266 = CARTESIAN_POINT('',(119.4,-26.5,18.6));
#2267 = VECTOR('',#2268,1.);
#2268 = DIRECTION('',(-0.,1.,0.));
#2269 = ORIENTED_EDGE('',*,*,#2220,.T.);
#2270 = PLANE('',#2271);
#2271 = AXIS2_PLACEMENT_3D('',#2272,#2273,#2274);
#2272 = CARTESIAN_POINT('',(119.4,-26.5,18.6));
#2273 = DIRECTION('',(1.,0.,-0.));
#2274 = DIRECTION('',(0.,0.,1.));
#2275 = ADVANCED_FACE('',(#2276),#2287,.T.);
#2276 = FACE_BOUND('',#2277,.T.);
#2277 = EDGE_LOOP('',(#2278,#2284,#2285,#2286));
#2278 = ORIENTED_EDGE('',*,*,#2279,.F.);
#2279 = EDGE_CURVE('',#1213,#2195,#2280,.T.);
#2280 = LINE('',#2281,#2282);
#2281 = CARTESIAN_POINT('',(108.6,-26.5,18.6));
#2282 = VECTOR('',#2283,1.);
#2283 = DIRECTION('',(-0.,1.,0.));
#2284 = ORIENTED_EDGE('',*,*,#1220,.T.);
#2285 = ORIENTED_EDGE('',*,*,#2264,.T.);
#2286 = ORIENTED_EDGE('',*,*,#2194,.F.);
#2287 = PLANE('',#2288);
#2288 = AXIS2_PLACEMENT_3D('',#2289,#2290,#2291);
#2289 = CARTESIAN_POINT('',(108.6,-26.5,18.6));
#2290 = DIRECTION('',(0.,0.,1.));
#2291 = DIRECTION('',(1.,0.,-0.));
#2292 = ADVANCED_FACE('',(#2293),#2299,.T.);
#2293 = FACE_BOUND('',#2294,.T.);
#2294 = EDGE_LOOP('',(#2295,#2296,#2297,#2298));
#2295 = ORIENTED_EDGE('',*,*,#2237,.F.);
#2296 = ORIENTED_EDGE('',*,*,#1212,.T.);
#2297 = ORIENTED_EDGE('',*,*,#2279,.T.);
#2298 = ORIENTED_EDGE('',*,*,#2204,.T.);
#2299 = PLANE('',#2300);
#2300 = AXIS2_PLACEMENT_3D('',#2301,#2302,#2303);
#2301 = CARTESIAN_POINT('',(108.6,-26.5,18.6));
#2302 = DIRECTION('',(1.,0.,-0.));
#2303 = DIRECTION('',(0.,0.,1.));
#2304 = ADVANCED_FACE('',(#2305),#2330,.F.);
#2305 = FACE_BOUND('',#2306,.F.);
#2306 = EDGE_LOOP('',(#2307,#2315,#2316,#2324));
#2307 = ORIENTED_EDGE('',*,*,#2308,.F.);
#2308 = EDGE_CURVE('',#1297,#2309,#2311,.T.);
#2309 = VERTEX_POINT('',#2310);
#2310 = CARTESIAN_POINT('',(0.,61.,0.));
#2311 = LINE('',#2312,#2313);
#2312 = CARTESIAN_POINT('',(0.,58.,0.));
#2313 = VECTOR('',#2314,1.);
#2314 = DIRECTION('',(-0.,1.,0.));
#2315 = ORIENTED_EDGE('',*,*,#1296,.T.);
#2316 = ORIENTED_EDGE('',*,*,#2317,.T.);
#2317 = EDGE_CURVE('',#1299,#2318,#2320,.T.);
#2318 = VERTEX_POINT('',#2319);
#2319 = CARTESIAN_POINT('',(120.,61.,0.));
#2320 = LINE('',#2321,#2322);
#2321 = CARTESIAN_POINT('',(120.,58.,0.));
#2322 = VECTOR('',#2323,1.);
#2323 = DIRECTION('',(-0.,1.,0.));
#2324 = ORIENTED_EDGE('',*,*,#2325,.F.);
#2325 = EDGE_CURVE('',#2309,#2318,#2326,.T.);
#2326 = LINE('',#2327,#2328);
#2327 = CARTESIAN_POINT('',(0.,61.,0.));
#2328 = VECTOR('',#2329,1.);
#2329 = DIRECTION('',(1.,0.,-0.));
#2330 = PLANE('',#2331);
#2331 = AXIS2_PLACEMENT_3D('',#2332,#2333,#2334);
#2332 = CARTESIAN_POINT('',(0.,58.,0.));
#2333 = DIRECTION('',(0.,0.,1.));
#2334 = DIRECTION('',(1.,0.,-0.));
#2335 = ADVANCED_FACE('',(#2336),#2354,.T.);
#2336 = FACE_BOUND('',#2337,.T.);
#2337 = EDGE_LOOP('',(#2338,#2339,#2340,#2348));
#2338 = ORIENTED_EDGE('',*,*,#1322,.F.);
#2339 = ORIENTED_EDGE('',*,*,#2317,.T.);
#2340 = ORIENTED_EDGE('',*,*,#2341,.T.);
#2341 = EDGE_CURVE('',#2318,#2342,#2344,.T.);
#2342 = VERTEX_POINT('',#2343);
#2343 = CARTESIAN_POINT('',(120.,61.,35.));
#2344 = LINE('',#2345,#2346);
#2345 = CARTESIAN_POINT('',(120.,61.,0.));
#2346 = VECTOR('',#2347,1.);
#2347 = DIRECTION('',(0.,0.,1.));
#2348 = ORIENTED_EDGE('',*,*,#2349,.F.);
#2349 = EDGE_CURVE('',#1315,#2342,#2350,.T.);
#2350 = LINE('',#2351,#2352);
#2351 = CARTESIAN_POINT('',(120.,58.,35.));
#2352 = VECTOR('',#2353,1.);
#2353 = DIRECTION('',(-0.,1.,0.));
#2354 = PLANE('',#2355);
#2355 = AXIS2_PLACEMENT_3D('',#2356,#2357,#2358);
#2356 = CARTESIAN_POINT('',(120.,58.,0.));
#2357 = DIRECTION('',(1.,0.,-0.));
#2358 = DIRECTION('',(0.,0.,1.));
#2359 = ADVANCED_FACE('',(#2360),#2378,.F.);
#2360 = FACE_BOUND('',#2361,.F.);
#2361 = EDGE_LOOP('',(#2362,#2363,#2364,#2372));
#2362 = ORIENTED_EDGE('',*,*,#1306,.F.);
#2363 = ORIENTED_EDGE('',*,*,#2308,.T.);
#2364 = ORIENTED_EDGE('',*,*,#2365,.T.);
#2365 = EDGE_CURVE('',#2309,#2366,#2368,.T.);
#2366 = VERTEX_POINT('',#2367);
#2367 = CARTESIAN_POINT('',(0.,61.,35.));
#2368 = LINE('',#2369,#2370);
#2369 = CARTESIAN_POINT('',(0.,61.,0.));
#2370 = VECTOR('',#2371,1.);
#2371 = DIRECTION('',(0.,0.,1.));
#2372 = ORIENTED_EDGE('',*,*,#2373,.F.);
#2373 = EDGE_CURVE('',#1307,#2366,#2374,.T.);
#2374 = LINE('',#2375,#2376);
#2375 = CARTESIAN_POINT('',(0.,58.,35.));
#2376 = VECTOR('',#2377,1.);
#2377 = DIRECTION('',(-0.,1.,0.));
#2378 = PLANE('',#2379);
#2379 = AXIS2_PLACEMENT_3D('',#2380,#2381,#2382);
#2380 = CARTESIAN_POINT('',(0.,58.,0.));
#2381 = DIRECTION('',(1.,0.,-0.));
#2382 = DIRECTION('',(0.,0.,1.));
#2383 = ADVANCED_FACE('',(#2384),#2395,.T.);
#2384 = FACE_BOUND('',#2385,.T.);
#2385 = EDGE_LOOP('',(#2386,#2387,#2388,#2389));
#2386 = ORIENTED_EDGE('',*,*,#2373,.F.);
#2387 = ORIENTED_EDGE('',*,*,#1314,.T.);
#2388 = ORIENTED_EDGE('',*,*,#2349,.T.);
#2389 = ORIENTED_EDGE('',*,*,#2390,.F.);
#2390 = EDGE_CURVE('',#2366,#2342,#2391,.T.);
#2391 = LINE('',#2392,#2393);
#2392 = CARTESIAN_POINT('',(0.,61.,35.));
#2393 = VECTOR('',#2394,1.);
#2394 = DIRECTION('',(1.,0.,-0.));
#2395 = PLANE('',#2396);
#2396 = AXIS2_PLACEMENT_3D('',#2397,#2398,#2399);
#2397 = CARTESIAN_POINT('',(0.,58.,35.));
#2398 = DIRECTION('',(0.,0.,1.));
#2399 = DIRECTION('',(1.,0.,-0.));
#2400 = ADVANCED_FACE('',(#2401),#2420,.F.);
#2401 = FACE_BOUND('',#2402,.F.);
#2402 = EDGE_LOOP('',(#2403,#2412,#2418,#2419));
#2403 = ORIENTED_EDGE('',*,*,#2404,.F.);
#2404 = EDGE_CURVE('',#2405,#2405,#2407,.T.);
#2405 = VERTEX_POINT('',#2406);
#2406 = CARTESIAN_POINT('',(24.,61.,8.6));
#2407 = CIRCLE('',#2408,1.6);
#2408 = AXIS2_PLACEMENT_3D('',#2409,#2410,#2411);
#2409 = CARTESIAN_POINT('',(24.,61.,7.));
#2410 = DIRECTION('',(0.,1.,0.));
#2411 = DIRECTION('',(0.,-0.,1.));
#2412 = ORIENTED_EDGE('',*,*,#2413,.F.);
#2413 = EDGE_CURVE('',#1331,#2405,#2414,.T.);
#2414 = LINE('',#2415,#2416);
#2415 = CARTESIAN_POINT('',(24.,57.,8.6));
#2416 = VECTOR('',#2417,1.);
#2417 = DIRECTION('',(0.,1.,0.));
#2418 = ORIENTED_EDGE('',*,*,#1330,.T.);
#2419 = ORIENTED_EDGE('',*,*,#2413,.T.);
#2420 = CYLINDRICAL_SURFACE('',#2421,1.6);
#2421 = AXIS2_PLACEMENT_3D('',#2422,#2423,#2424);
#2422 = CARTESIAN_POINT('',(24.,57.,7.));
#2423 = DIRECTION('',(0.,1.,0.));
#2424 = DIRECTION('',(0.,-0.,1.));
#2425 = ADVANCED_FACE('',(#2426),#2452,.F.);
#2426 = FACE_BOUND('',#2427,.F.);
#2427 = EDGE_LOOP('',(#2428,#2429,#2437,#2446));
#2428 = ORIENTED_EDGE('',*,*,#1341,.T.);
#2429 = ORIENTED_EDGE('',*,*,#2430,.T.);
#2430 = EDGE_CURVE('',#758,#2431,#2433,.T.);
#2431 = VERTEX_POINT('',#2432);
#2432 = CARTESIAN_POINT('',(6.,61.,27.25));
#2433 = LINE('',#2434,#2435);
#2434 = CARTESIAN_POINT('',(6.,57.,27.25));
#2435 = VECTOR('',#2436,1.);
#2436 = DIRECTION('',(-0.,1.,0.));
#2437 = ORIENTED_EDGE('',*,*,#2438,.F.);
#2438 = EDGE_CURVE('',#2439,#2431,#2441,.T.);
#2439 = VERTEX_POINT('',#2440);
#2440 = CARTESIAN_POINT('',(6.,61.,22.75));
#2441 = CIRCLE('',#2442,2.25);
#2442 = AXIS2_PLACEMENT_3D('',#2443,#2444,#2445);
#2443 = CARTESIAN_POINT('',(6.,61.,25.));
#2444 = DIRECTION('',(0.,1.,0.));
#2445 = DIRECTION('',(0.,-0.,1.));
#2446 = ORIENTED_EDGE('',*,*,#2447,.F.);
#2447 = EDGE_CURVE('',#1342,#2439,#2448,.T.);
#2448 = LINE('',#2449,#2450);
#2449 = CARTESIAN_POINT('',(6.,57.,22.75));
#2450 = VECTOR('',#2451,1.);
#2451 = DIRECTION('',(-0.,1.,0.));
#2452 = CYLINDRICAL_SURFACE('',#2453,2.25);
#2453 = AXIS2_PLACEMENT_3D('',#2454,#2455,#2456);
#2454 = CARTESIAN_POINT('',(6.,57.,25.));
#2455 = DIRECTION('',(0.,1.,0.));
#2456 = DIRECTION('',(0.,-0.,1.));
#2457 = ADVANCED_FACE('',(#2458),#2476,.T.);
#2458 = FACE_BOUND('',#2459,.T.);
#2459 = EDGE_LOOP('',(#2460,#2461,#2462,#2470));
#2460 = ORIENTED_EDGE('',*,*,#2447,.F.);
#2461 = ORIENTED_EDGE('',*,*,#1350,.T.);
#2462 = ORIENTED_EDGE('',*,*,#2463,.T.);
#2463 = EDGE_CURVE('',#1351,#2464,#2466,.T.);
#2464 = VERTEX_POINT('',#2465);
#2465 = CARTESIAN_POINT('',(14.,61.,22.75));
#2466 = LINE('',#2467,#2468);
#2467 = CARTESIAN_POINT('',(14.,57.,22.75));
#2468 = VECTOR('',#2469,1.);
#2469 = DIRECTION('',(-0.,1.,0.));
#2470 = ORIENTED_EDGE('',*,*,#2471,.F.);
#2471 = EDGE_CURVE('',#2439,#2464,#2472,.T.);
#2472 = LINE('',#2473,#2474);
#2473 = CARTESIAN_POINT('',(3.,61.,22.75));
#2474 = VECTOR('',#2475,1.);
#2475 = DIRECTION('',(1.,0.,-0.));
#2476 = PLANE('',#2477);
#2477 = AXIS2_PLACEMENT_3D('',#2478,#2479,#2480);
#2478 = CARTESIAN_POINT('',(6.,57.,22.75));
#2479 = DIRECTION('',(0.,0.,1.));
#2480 = DIRECTION('',(1.,0.,-0.));
#2481 = ADVANCED_FACE('',(#2482),#2502,.F.);
#2482 = FACE_BOUND('',#2483,.F.);
#2483 = EDGE_LOOP('',(#2484,#2493,#2499,#2500,#2501));
#2484 = ORIENTED_EDGE('',*,*,#2485,.F.);
#2485 = EDGE_CURVE('',#2486,#2464,#2488,.T.);
#2486 = VERTEX_POINT('',#2487);
#2487 = CARTESIAN_POINT('',(14.,61.,27.25));
#2488 = CIRCLE('',#2489,2.25);
#2489 = AXIS2_PLACEMENT_3D('',#2490,#2491,#2492);
#2490 = CARTESIAN_POINT('',(14.,61.,25.));
#2491 = DIRECTION('',(0.,1.,0.));
#2492 = DIRECTION('',(0.,-0.,1.));
#2493 = ORIENTED_EDGE('',*,*,#2494,.F.);
#2494 = EDGE_CURVE('',#1562,#2486,#2495,.T.);
#2495 = LINE('',#2496,#2497);
#2496 = CARTESIAN_POINT('',(14.,57.,27.25));
#2497 = VECTOR('',#2498,1.);
#2498 = DIRECTION('',(-0.,1.,0.));
#2499 = ORIENTED_EDGE('',*,*,#1561,.T.);
#2500 = ORIENTED_EDGE('',*,*,#1358,.T.);
#2501 = ORIENTED_EDGE('',*,*,#2463,.T.);
#2502 = CYLINDRICAL_SURFACE('',#2503,2.25);
#2503 = AXIS2_PLACEMENT_3D('',#2504,#2505,#2506);
#2504 = CARTESIAN_POINT('',(14.,57.,25.));
#2505 = DIRECTION('',(0.,1.,0.));
#2506 = DIRECTION('',(0.,-0.,1.));
#2507 = ADVANCED_FACE('',(#2508),#2542,.T.);
#2508 = FACE_BOUND('',#2509,.T.);
#2509 = EDGE_LOOP('',(#2510,#2511,#2512,#2513,#2521,#2529,#2535,#2536));
#2510 = ORIENTED_EDGE('',*,*,#1391,.F.);
#2511 = ORIENTED_EDGE('',*,*,#1547,.F.);
#2512 = ORIENTED_EDGE('',*,*,#1519,.T.);
#2513 = ORIENTED_EDGE('',*,*,#2514,.F.);
#2514 = EDGE_CURVE('',#2515,#1511,#2517,.T.);
#2515 = VERTEX_POINT('',#2516);
#2516 = CARTESIAN_POINT('',(10.153311931459,55.5,30.));
#2517 = LINE('',#2518,#2519);
#2518 = CARTESIAN_POINT('',(10.153311931459,55.5,30.));
#2519 = VECTOR('',#2520,1.);
#2520 = DIRECTION('',(0.,1.,0.));
#2521 = ORIENTED_EDGE('',*,*,#2522,.T.);
#2522 = EDGE_CURVE('',#2515,#2523,#2525,.T.);
#2523 = VERTEX_POINT('',#2524);
#2524 = CARTESIAN_POINT('',(109.84668806854,55.5,30.));
#2525 = LINE('',#2526,#2527);
#2526 = CARTESIAN_POINT('',(6.,55.5,30.));
#2527 = VECTOR('',#2528,1.);
#2528 = DIRECTION('',(1.,0.,0.));
#2529 = ORIENTED_EDGE('',*,*,#2530,.T.);
#2530 = EDGE_CURVE('',#2523,#1685,#2531,.T.);
#2531 = LINE('',#2532,#2533);
#2532 = CARTESIAN_POINT('',(109.84668806854,55.5,30.));
#2533 = VECTOR('',#2534,1.);
#2534 = DIRECTION('',(0.,1.,0.));
#2535 = ORIENTED_EDGE('',*,*,#1713,.T.);
#2536 = ORIENTED_EDGE('',*,*,#2537,.T.);
#2537 = EDGE_CURVE('',#1706,#1384,#2538,.T.);
#2538 = LINE('',#2539,#2540);
#2539 = CARTESIAN_POINT('',(112.8,3.,30.));
#2540 = VECTOR('',#2541,1.);
#2541 = DIRECTION('',(-0.,1.,0.));
#2542 = PLANE('',#2543);
#2543 = AXIS2_PLACEMENT_3D('',#2544,#2545,#2546);
#2544 = CARTESIAN_POINT('',(6.,3.,30.));
#2545 = DIRECTION('',(0.,0.,1.));
#2546 = DIRECTION('',(1.,0.,-0.));
#2547 = ADVANCED_FACE('',(#2548),#2568,.F.);
#2548 = FACE_BOUND('',#2549,.F.);
#2549 = EDGE_LOOP('',(#2550,#2558,#2565,#2566,#2567));
#2550 = ORIENTED_EDGE('',*,*,#2551,.T.);
#2551 = EDGE_CURVE('',#1367,#2552,#2554,.T.);
#2552 = VERTEX_POINT('',#2553);
#2553 = CARTESIAN_POINT('',(114.,61.,27.2));
#2554 = LINE('',#2555,#2556);
#2555 = CARTESIAN_POINT('',(114.,57.,27.2));
#2556 = VECTOR('',#2557,1.);
#2557 = DIRECTION('',(0.,1.,0.));
#2558 = ORIENTED_EDGE('',*,*,#2559,.F.);
#2559 = EDGE_CURVE('',#2552,#2552,#2560,.T.);
#2560 = CIRCLE('',#2561,2.2);
#2561 = AXIS2_PLACEMENT_3D('',#2562,#2563,#2564);
#2562 = CARTESIAN_POINT('',(114.,61.,25.));
#2563 = DIRECTION('',(0.,1.,0.));
#2564 = DIRECTION('',(0.,-0.,1.));
#2565 = ORIENTED_EDGE('',*,*,#2551,.F.);
#2566 = ORIENTED_EDGE('',*,*,#1366,.T.);
#2567 = ORIENTED_EDGE('',*,*,#1593,.T.);
#2568 = CYLINDRICAL_SURFACE('',#2569,2.2);
#2569 = AXIS2_PLACEMENT_3D('',#2570,#2571,#2572);
#2570 = CARTESIAN_POINT('',(114.,57.,25.));
#2571 = DIRECTION('',(0.,1.,0.));
#2572 = DIRECTION('',(0.,-0.,1.));
#2573 = ADVANCED_FACE('',(#2574),#2580,.T.);
#2574 = FACE_BOUND('',#2575,.T.);
#2575 = EDGE_LOOP('',(#2576,#2577,#2578,#2579));
#2576 = ORIENTED_EDGE('',*,*,#1705,.T.);
#2577 = ORIENTED_EDGE('',*,*,#1619,.T.);
#2578 = ORIENTED_EDGE('',*,*,#1383,.T.);
#2579 = ORIENTED_EDGE('',*,*,#2537,.F.);
#2580 = PLANE('',#2581);
#2581 = AXIS2_PLACEMENT_3D('',#2582,#2583,#2584);
#2582 = CARTESIAN_POINT('',(113.4,3.,29.4));
#2583 = DIRECTION('',(0.707106781187,1.407620945704E-17,0.707106781187)
  );
#2584 = DIRECTION('',(-9.953383160478E-18,1.,-9.953383160478E-18));
#2585 = ADVANCED_FACE('',(#2586),#2605,.F.);
#2586 = FACE_BOUND('',#2587,.F.);
#2587 = EDGE_LOOP('',(#2588,#2597,#2603,#2604));
#2588 = ORIENTED_EDGE('',*,*,#2589,.F.);
#2589 = EDGE_CURVE('',#2590,#2590,#2592,.T.);
#2590 = VERTEX_POINT('',#2591);
#2591 = CARTESIAN_POINT('',(96.,61.,8.6));
#2592 = CIRCLE('',#2593,1.6);
#2593 = AXIS2_PLACEMENT_3D('',#2594,#2595,#2596);
#2594 = CARTESIAN_POINT('',(96.,61.,7.));
#2595 = DIRECTION('',(0.,1.,0.));
#2596 = DIRECTION('',(0.,-0.,1.));
#2597 = ORIENTED_EDGE('',*,*,#2598,.F.);
#2598 = EDGE_CURVE('',#1420,#2590,#2599,.T.);
#2599 = LINE('',#2600,#2601);
#2600 = CARTESIAN_POINT('',(96.,57.,8.6));
#2601 = VECTOR('',#2602,1.);
#2602 = DIRECTION('',(0.,1.,0.));
#2603 = ORIENTED_EDGE('',*,*,#1419,.T.);
#2604 = ORIENTED_EDGE('',*,*,#2598,.T.);
#2605 = CYLINDRICAL_SURFACE('',#2606,1.6);
#2606 = AXIS2_PLACEMENT_3D('',#2607,#2608,#2609);
#2607 = CARTESIAN_POINT('',(96.,57.,7.));
#2608 = DIRECTION('',(0.,1.,0.));
#2609 = DIRECTION('',(0.,-0.,1.));
#2610 = ADVANCED_FACE('',(#2611),#2632,.T.);
#2611 = FACE_BOUND('',#2612,.T.);
#2612 = EDGE_LOOP('',(#2613,#2614,#2615,#2624,#2631));
#2613 = ORIENTED_EDGE('',*,*,#1510,.F.);
#2614 = ORIENTED_EDGE('',*,*,#2020,.F.);
#2615 = ORIENTED_EDGE('',*,*,#2616,.T.);
#2616 = EDGE_CURVE('',#2021,#2617,#2619,.T.);
#2617 = VERTEX_POINT('',#2618);
#2618 = CARTESIAN_POINT('',(8.5,55.5,31.));
#2619 = CIRCLE('',#2620,6.5);
#2620 = AXIS2_PLACEMENT_3D('',#2621,#2622,#2623);
#2621 = CARTESIAN_POINT('',(6.,55.5,25.));
#2622 = DIRECTION('',(0.,1.,0.));
#2623 = DIRECTION('',(0.,-0.,1.));
#2624 = ORIENTED_EDGE('',*,*,#2625,.T.);
#2625 = EDGE_CURVE('',#2617,#2515,#2626,.T.);
#2626 = CIRCLE('',#2627,6.5);
#2627 = AXIS2_PLACEMENT_3D('',#2628,#2629,#2630);
#2628 = CARTESIAN_POINT('',(6.,55.5,25.));
#2629 = DIRECTION('',(0.,1.,0.));
#2630 = DIRECTION('',(0.,-0.,1.));
#2631 = ORIENTED_EDGE('',*,*,#2514,.T.);
#2632 = CYLINDRICAL_SURFACE('',#2633,6.5);
#2633 = AXIS2_PLACEMENT_3D('',#2634,#2635,#2636);
#2634 = CARTESIAN_POINT('',(6.,55.5,25.));
#2635 = DIRECTION('',(0.,1.,0.));
#2636 = DIRECTION('',(0.,-0.,1.));
#2637 = ADVANCED_FACE('',(#2638),#2649,.F.);
#2638 = FACE_BOUND('',#2639,.F.);
#2639 = EDGE_LOOP('',(#2640,#2641,#2642,#2643));
#2640 = ORIENTED_EDGE('',*,*,#2430,.F.);
#2641 = ORIENTED_EDGE('',*,*,#1572,.T.);
#2642 = ORIENTED_EDGE('',*,*,#2494,.T.);
#2643 = ORIENTED_EDGE('',*,*,#2644,.F.);
#2644 = EDGE_CURVE('',#2431,#2486,#2645,.T.);
#2645 = LINE('',#2646,#2647);
#2646 = CARTESIAN_POINT('',(3.,61.,27.25));
#2647 = VECTOR('',#2648,1.);
#2648 = DIRECTION('',(1.,0.,-0.));
#2649 = PLANE('',#2650);
#2650 = AXIS2_PLACEMENT_3D('',#2651,#2652,#2653);
#2651 = CARTESIAN_POINT('',(6.,57.,27.25));
#2652 = DIRECTION('',(0.,0.,1.));
#2653 = DIRECTION('',(1.,0.,-0.));
#2654 = ADVANCED_FACE('',(#2655),#2676,.T.);
#2655 = FACE_BOUND('',#2656,.T.);
#2656 = EDGE_LOOP('',(#2657,#2658,#2659,#2660,#2669));
#2657 = ORIENTED_EDGE('',*,*,#1728,.T.);
#2658 = ORIENTED_EDGE('',*,*,#1684,.F.);
#2659 = ORIENTED_EDGE('',*,*,#2530,.F.);
#2660 = ORIENTED_EDGE('',*,*,#2661,.T.);
#2661 = EDGE_CURVE('',#2523,#2662,#2664,.T.);
#2662 = VERTEX_POINT('',#2663);
#2663 = CARTESIAN_POINT('',(111.5,55.5,31.));
#2664 = CIRCLE('',#2665,6.5);
#2665 = AXIS2_PLACEMENT_3D('',#2666,#2667,#2668);
#2666 = CARTESIAN_POINT('',(114.,55.5,25.));
#2667 = DIRECTION('',(0.,1.,0.));
#2668 = DIRECTION('',(0.,-0.,1.));
#2669 = ORIENTED_EDGE('',*,*,#2670,.T.);
#2670 = EDGE_CURVE('',#2662,#1729,#2671,.T.);
#2671 = CIRCLE('',#2672,6.5);
#2672 = AXIS2_PLACEMENT_3D('',#2673,#2674,#2675);
#2673 = CARTESIAN_POINT('',(114.,55.5,25.));
#2674 = DIRECTION('',(0.,1.,0.));
#2675 = DIRECTION('',(0.,-0.,1.));
#2676 = CYLINDRICAL_SURFACE('',#2677,6.5);
#2677 = AXIS2_PLACEMENT_3D('',#2678,#2679,#2680);
#2678 = CARTESIAN_POINT('',(114.,55.5,25.));
#2679 = DIRECTION('',(0.,1.,0.));
#2680 = DIRECTION('',(0.,-0.,1.));
#2681 = ADVANCED_FACE('',(#2682),#2709,.F.);
#2682 = FACE_BOUND('',#2683,.F.);
#2683 = EDGE_LOOP('',(#2684,#2692,#2693,#2694,#2702));
#2684 = ORIENTED_EDGE('',*,*,#2685,.F.);
#2685 = EDGE_CURVE('',#2662,#2686,#2688,.T.);
#2686 = VERTEX_POINT('',#2687);
#2687 = CARTESIAN_POINT('',(114.,55.5,31.));
#2688 = LINE('',#2689,#2690);
#2689 = CARTESIAN_POINT('',(6.,55.5,31.));
#2690 = VECTOR('',#2691,1.);
#2691 = DIRECTION('',(1.,0.,0.));
#2692 = ORIENTED_EDGE('',*,*,#2670,.T.);
#2693 = ORIENTED_EDGE('',*,*,#1736,.T.);
#2694 = ORIENTED_EDGE('',*,*,#2695,.F.);
#2695 = EDGE_CURVE('',#2696,#1737,#2698,.T.);
#2696 = VERTEX_POINT('',#2697);
#2697 = CARTESIAN_POINT('',(114.,55.5,19.));
#2698 = LINE('',#2699,#2700);
#2699 = CARTESIAN_POINT('',(114.,55.5,19.));
#2700 = VECTOR('',#2701,1.);
#2701 = DIRECTION('',(-1.,0.,0.));
#2702 = ORIENTED_EDGE('',*,*,#2703,.F.);
#2703 = EDGE_CURVE('',#2686,#2696,#2704,.T.);
#2704 = CIRCLE('',#2705,6.);
#2705 = AXIS2_PLACEMENT_3D('',#2706,#2707,#2708);
#2706 = CARTESIAN_POINT('',(114.,55.5,25.));
#2707 = DIRECTION('',(0.,1.,0.));
#2708 = DIRECTION('',(0.,-0.,1.));
#2709 = PLANE('',#2710);
#2710 = AXIS2_PLACEMENT_3D('',#2711,#2712,#2713);
#2711 = CARTESIAN_POINT('',(114.,55.5,25.));
#2712 = DIRECTION('',(0.,1.,0.));
#2713 = DIRECTION('',(0.,-0.,1.));
#2714 = ADVANCED_FACE('',(#2715),#2731,.T.);
#2715 = FACE_BOUND('',#2716,.T.);
#2716 = EDGE_LOOP('',(#2717,#2718,#2724,#2725));
#2717 = ORIENTED_EDGE('',*,*,#2031,.F.);
#2718 = ORIENTED_EDGE('',*,*,#2719,.F.);
#2719 = EDGE_CURVE('',#1746,#1989,#2720,.T.);
#2720 = LINE('',#2721,#2722);
#2721 = CARTESIAN_POINT('',(114.,55.5,20.));
#2722 = VECTOR('',#2723,1.);
#2723 = DIRECTION('',(-1.,0.,0.));
#2724 = ORIENTED_EDGE('',*,*,#1745,.F.);
#2725 = ORIENTED_EDGE('',*,*,#2726,.T.);
#2726 = EDGE_CURVE('',#1737,#2032,#2727,.T.);
#2727 = LINE('',#2728,#2729);
#2728 = CARTESIAN_POINT('',(114.,55.5,19.));
#2729 = VECTOR('',#2730,1.);
#2730 = DIRECTION('',(-1.,0.,0.));
#2731 = PLANE('',#2732);
#2732 = AXIS2_PLACEMENT_3D('',#2733,#2734,#2735);
#2733 = CARTESIAN_POINT('',(60.,55.5,25.));
#2734 = DIRECTION('',(0.,1.,0.));
#2735 = DIRECTION('',(0.,-0.,1.));
#2736 = ADVANCED_FACE('',(#2737),#2756,.T.);
#2737 = FACE_BOUND('',#2738,.T.);
#2738 = EDGE_LOOP('',(#2739,#2740,#2741,#2742,#2743,#2744,#2745,#2746,
    #2747,#2748,#2754,#2755));
#2739 = ORIENTED_EDGE('',*,*,#1804,.T.);
#2740 = ORIENTED_EDGE('',*,*,#1789,.T.);
#2741 = ORIENTED_EDGE('',*,*,#1770,.T.);
#2742 = ORIENTED_EDGE('',*,*,#2719,.T.);
#2743 = ORIENTED_EDGE('',*,*,#1997,.T.);
#2744 = ORIENTED_EDGE('',*,*,#2005,.T.);
#2745 = ORIENTED_EDGE('',*,*,#1963,.F.);
#2746 = ORIENTED_EDGE('',*,*,#2108,.F.);
#2747 = ORIENTED_EDGE('',*,*,#2100,.F.);
#2748 = ORIENTED_EDGE('',*,*,#2749,.F.);
#2749 = EDGE_CURVE('',#1831,#2073,#2750,.T.);
#2750 = LINE('',#2751,#2752);
#2751 = CARTESIAN_POINT('',(114.,5.5,20.));
#2752 = VECTOR('',#2753,1.);
#2753 = DIRECTION('',(-1.,0.,0.));
#2754 = ORIENTED_EDGE('',*,*,#1828,.F.);
#2755 = ORIENTED_EDGE('',*,*,#1847,.F.);
#2756 = PLANE('',#2757);
#2757 = AXIS2_PLACEMENT_3D('',#2758,#2759,#2760);
#2758 = CARTESIAN_POINT('',(114.,5.5,20.));
#2759 = DIRECTION('',(0.,-0.,1.));
#2760 = DIRECTION('',(-1.,0.,0.));
#2761 = ADVANCED_FACE('',(#2762),#2789,.T.);
#2762 = FACE_BOUND('',#2763,.T.);
#2763 = EDGE_LOOP('',(#2764,#2772,#2773,#2774,#2782));
#2764 = ORIENTED_EDGE('',*,*,#2765,.F.);
#2765 = EDGE_CURVE('',#2133,#2766,#2768,.T.);
#2766 = VERTEX_POINT('',#2767);
#2767 = CARTESIAN_POINT('',(114.,5.5,31.));
#2768 = LINE('',#2769,#2770);
#2769 = CARTESIAN_POINT('',(6.,5.5,31.));
#2770 = VECTOR('',#2771,1.);
#2771 = DIRECTION('',(1.,0.,0.));
#2772 = ORIENTED_EDGE('',*,*,#2157,.T.);
#2773 = ORIENTED_EDGE('',*,*,#1861,.T.);
#2774 = ORIENTED_EDGE('',*,*,#2775,.F.);
#2775 = EDGE_CURVE('',#2776,#1864,#2778,.T.);
#2776 = VERTEX_POINT('',#2777);
#2777 = CARTESIAN_POINT('',(114.,5.5,19.));
#2778 = LINE('',#2779,#2780);
#2779 = CARTESIAN_POINT('',(114.,5.5,19.));
#2780 = VECTOR('',#2781,1.);
#2781 = DIRECTION('',(-1.,0.,0.));
#2782 = ORIENTED_EDGE('',*,*,#2783,.F.);
#2783 = EDGE_CURVE('',#2766,#2776,#2784,.T.);
#2784 = CIRCLE('',#2785,6.);
#2785 = AXIS2_PLACEMENT_3D('',#2786,#2787,#2788);
#2786 = CARTESIAN_POINT('',(114.,5.5,25.));
#2787 = DIRECTION('',(0.,1.,0.));
#2788 = DIRECTION('',(0.,-0.,1.));
#2789 = PLANE('',#2790);
#2790 = AXIS2_PLACEMENT_3D('',#2791,#2792,#2793);
#2791 = CARTESIAN_POINT('',(114.,5.5,25.));
#2792 = DIRECTION('',(0.,1.,0.));
#2793 = DIRECTION('',(0.,-0.,1.));
#2794 = ADVANCED_FACE('',(#2795),#2806,.F.);
#2795 = FACE_BOUND('',#2796,.F.);
#2796 = EDGE_LOOP('',(#2797,#2798,#2799,#2800));
#2797 = ORIENTED_EDGE('',*,*,#2072,.F.);
#2798 = ORIENTED_EDGE('',*,*,#2749,.F.);
#2799 = ORIENTED_EDGE('',*,*,#1889,.F.);
#2800 = ORIENTED_EDGE('',*,*,#2801,.T.);
#2801 = EDGE_CURVE('',#1864,#2064,#2802,.T.);
#2802 = LINE('',#2803,#2804);
#2803 = CARTESIAN_POINT('',(114.,5.5,19.));
#2804 = VECTOR('',#2805,1.);
#2805 = DIRECTION('',(-1.,0.,0.));
#2806 = PLANE('',#2807);
#2807 = AXIS2_PLACEMENT_3D('',#2808,#2809,#2810);
#2808 = CARTESIAN_POINT('',(60.,5.5,25.));
#2809 = DIRECTION('',(0.,1.,0.));
#2810 = DIRECTION('',(0.,-0.,1.));
#2811 = ADVANCED_FACE('',(#2812),#2838,.F.);
#2812 = FACE_BOUND('',#2813,.F.);
#2813 = EDGE_LOOP('',(#2814,#2825,#2831,#2832));
#2814 = ORIENTED_EDGE('',*,*,#2815,.F.);
#2815 = EDGE_CURVE('',#2816,#2818,#2820,.T.);
#2816 = VERTEX_POINT('',#2817);
#2817 = CARTESIAN_POINT('',(115.31244047484,11.5,26.));
#2818 = VERTEX_POINT('',#2819);
#2819 = CARTESIAN_POINT('',(112.68755952515,11.5,26.));
#2820 = CIRCLE('',#2821,1.65);
#2821 = AXIS2_PLACEMENT_3D('',#2822,#2823,#2824);
#2822 = CARTESIAN_POINT('',(114.,11.5,25.));
#2823 = DIRECTION('',(0.,1.,0.));
#2824 = DIRECTION('',(0.,-0.,1.));
#2825 = ORIENTED_EDGE('',*,*,#2826,.F.);
#2826 = EDGE_CURVE('',#1919,#2816,#2827,.T.);
#2827 = LINE('',#2828,#2829);
#2828 = CARTESIAN_POINT('',(115.31244047484,3.5,26.));
#2829 = VECTOR('',#2830,1.);
#2830 = DIRECTION('',(0.,1.,0.));
#2831 = ORIENTED_EDGE('',*,*,#1918,.T.);
#2832 = ORIENTED_EDGE('',*,*,#2833,.T.);
#2833 = EDGE_CURVE('',#1921,#2818,#2834,.T.);
#2834 = LINE('',#2835,#2836);
#2835 = CARTESIAN_POINT('',(112.68755952515,3.5,26.));
#2836 = VECTOR('',#2837,1.);
#2837 = DIRECTION('',(0.,1.,0.));
#2838 = CYLINDRICAL_SURFACE('',#2839,1.65);
#2839 = AXIS2_PLACEMENT_3D('',#2840,#2841,#2842);
#2840 = CARTESIAN_POINT('',(114.,3.5,25.));
#2841 = DIRECTION('',(0.,1.,0.));
#2842 = DIRECTION('',(0.,-0.,1.));
#2843 = ADVANCED_FACE('',(#2844),#2855,.F.);
#2844 = FACE_BOUND('',#2845,.F.);
#2845 = EDGE_LOOP('',(#2846,#2847,#2848,#2849));
#2846 = ORIENTED_EDGE('',*,*,#2833,.F.);
#2847 = ORIENTED_EDGE('',*,*,#1929,.T.);
#2848 = ORIENTED_EDGE('',*,*,#2826,.T.);
#2849 = ORIENTED_EDGE('',*,*,#2850,.F.);
#2850 = EDGE_CURVE('',#2818,#2816,#2851,.T.);
#2851 = LINE('',#2852,#2853);
#2852 = CARTESIAN_POINT('',(112.75,11.5,26.));
#2853 = VECTOR('',#2854,1.);
#2854 = DIRECTION('',(1.,0.,0.));
#2855 = PLANE('',#2856);
#2856 = AXIS2_PLACEMENT_3D('',#2857,#2858,#2859);
#2857 = CARTESIAN_POINT('',(111.5,3.,26.));
#2858 = DIRECTION('',(0.,0.,1.));
#2859 = DIRECTION('',(1.,0.,-0.));
#2860 = ADVANCED_FACE('',(#2861),#2888,.F.);
#2861 = FACE_BOUND('',#2862,.F.);
#2862 = EDGE_LOOP('',(#2863,#2871,#2872,#2873,#2881));
#2863 = ORIENTED_EDGE('',*,*,#2864,.F.);
#2864 = EDGE_CURVE('',#2032,#2865,#2867,.T.);
#2865 = VERTEX_POINT('',#2866);
#2866 = CARTESIAN_POINT('',(6.,55.5,19.));
#2867 = LINE('',#2868,#2869);
#2868 = CARTESIAN_POINT('',(114.,55.5,19.));
#2869 = VECTOR('',#2870,1.);
#2870 = DIRECTION('',(-1.,0.,0.));
#2871 = ORIENTED_EDGE('',*,*,#2040,.T.);
#2872 = ORIENTED_EDGE('',*,*,#2616,.T.);
#2873 = ORIENTED_EDGE('',*,*,#2874,.F.);
#2874 = EDGE_CURVE('',#2875,#2617,#2877,.T.);
#2875 = VERTEX_POINT('',#2876);
#2876 = CARTESIAN_POINT('',(6.,55.5,31.));
#2877 = LINE('',#2878,#2879);
#2878 = CARTESIAN_POINT('',(6.,55.5,31.));
#2879 = VECTOR('',#2880,1.);
#2880 = DIRECTION('',(1.,0.,0.));
#2881 = ORIENTED_EDGE('',*,*,#2882,.F.);
#2882 = EDGE_CURVE('',#2865,#2875,#2883,.T.);
#2883 = CIRCLE('',#2884,6.);
#2884 = AXIS2_PLACEMENT_3D('',#2885,#2886,#2887);
#2885 = CARTESIAN_POINT('',(6.,55.5,25.));
#2886 = DIRECTION('',(0.,1.,0.));
#2887 = DIRECTION('',(0.,-0.,1.));
#2888 = PLANE('',#2889);
#2889 = AXIS2_PLACEMENT_3D('',#2890,#2891,#2892);
#2890 = CARTESIAN_POINT('',(6.,55.5,25.));
#2891 = DIRECTION('',(0.,1.,0.));
#2892 = DIRECTION('',(0.,-0.,1.));
#2893 = ADVANCED_FACE('',(#2894),#2921,.T.);
#2894 = FACE_BOUND('',#2895,.T.);
#2895 = EDGE_LOOP('',(#2896,#2904,#2905,#2906,#2914));
#2896 = ORIENTED_EDGE('',*,*,#2897,.F.);
#2897 = EDGE_CURVE('',#2064,#2898,#2900,.T.);
#2898 = VERTEX_POINT('',#2899);
#2899 = CARTESIAN_POINT('',(6.,5.5,19.));
#2900 = LINE('',#2901,#2902);
#2901 = CARTESIAN_POINT('',(114.,5.5,19.));
#2902 = VECTOR('',#2903,1.);
#2903 = DIRECTION('',(-1.,0.,0.));
#2904 = ORIENTED_EDGE('',*,*,#2063,.T.);
#2905 = ORIENTED_EDGE('',*,*,#2175,.T.);
#2906 = ORIENTED_EDGE('',*,*,#2907,.F.);
#2907 = EDGE_CURVE('',#2908,#2124,#2910,.T.);
#2908 = VERTEX_POINT('',#2909);
#2909 = CARTESIAN_POINT('',(6.,5.5,31.));
#2910 = LINE('',#2911,#2912);
#2911 = CARTESIAN_POINT('',(6.,5.5,31.));
#2912 = VECTOR('',#2913,1.);
#2913 = DIRECTION('',(1.,0.,0.));
#2914 = ORIENTED_EDGE('',*,*,#2915,.F.);
#2915 = EDGE_CURVE('',#2898,#2908,#2916,.T.);
#2916 = CIRCLE('',#2917,6.);
#2917 = AXIS2_PLACEMENT_3D('',#2918,#2919,#2920);
#2918 = CARTESIAN_POINT('',(6.,5.5,25.));
#2919 = DIRECTION('',(0.,1.,0.));
#2920 = DIRECTION('',(0.,-0.,1.));
#2921 = PLANE('',#2922);
#2922 = AXIS2_PLACEMENT_3D('',#2923,#2924,#2925);
#2923 = CARTESIAN_POINT('',(6.,5.5,25.));
#2924 = DIRECTION('',(0.,1.,0.));
#2925 = DIRECTION('',(0.,-0.,1.));
#2926 = ADVANCED_FACE('',(#2927),#2952,.F.);
#2927 = FACE_BOUND('',#2928,.F.);
#2928 = EDGE_LOOP('',(#2929,#2935,#2936,#2942,#2943,#2949,#2950,#2951));
#2929 = ORIENTED_EDGE('',*,*,#2930,.T.);
#2930 = EDGE_CURVE('',#2908,#2875,#2931,.T.);
#2931 = LINE('',#2932,#2933);
#2932 = CARTESIAN_POINT('',(6.,5.5,31.));
#2933 = VECTOR('',#2934,1.);
#2934 = DIRECTION('',(0.,1.,0.));
#2935 = ORIENTED_EDGE('',*,*,#2874,.T.);
#2936 = ORIENTED_EDGE('',*,*,#2937,.T.);
#2937 = EDGE_CURVE('',#2617,#2662,#2938,.T.);
#2938 = LINE('',#2939,#2940);
#2939 = CARTESIAN_POINT('',(6.,55.5,31.));
#2940 = VECTOR('',#2941,1.);
#2941 = DIRECTION('',(1.,0.,0.));
#2942 = ORIENTED_EDGE('',*,*,#2685,.T.);
#2943 = ORIENTED_EDGE('',*,*,#2944,.F.);
#2944 = EDGE_CURVE('',#2766,#2686,#2945,.T.);
#2945 = LINE('',#2946,#2947);
#2946 = CARTESIAN_POINT('',(114.,5.5,31.));
#2947 = VECTOR('',#2948,1.);
#2948 = DIRECTION('',(0.,1.,0.));
#2949 = ORIENTED_EDGE('',*,*,#2765,.F.);
#2950 = ORIENTED_EDGE('',*,*,#2132,.F.);
#2951 = ORIENTED_EDGE('',*,*,#2907,.F.);
#2952 = PLANE('',#2953);
#2953 = AXIS2_PLACEMENT_3D('',#2954,#2955,#2956);
#2954 = CARTESIAN_POINT('',(6.,5.5,31.));
#2955 = DIRECTION('',(0.,0.,-1.));
#2956 = DIRECTION('',(1.,0.,0.));
#2957 = ADVANCED_FACE('',(#2958,#2964,#2967,#2973,#2976),#2979,.T.);
#2958 = FACE_BOUND('',#2959,.T.);
#2959 = EDGE_LOOP('',(#2960,#2961,#2962,#2963));
#2960 = ORIENTED_EDGE('',*,*,#2325,.F.);
#2961 = ORIENTED_EDGE('',*,*,#2365,.T.);
#2962 = ORIENTED_EDGE('',*,*,#2390,.T.);
#2963 = ORIENTED_EDGE('',*,*,#2341,.F.);
#2964 = FACE_BOUND('',#2965,.T.);
#2965 = EDGE_LOOP('',(#2966));
#2966 = ORIENTED_EDGE('',*,*,#2404,.F.);
#2967 = FACE_BOUND('',#2968,.T.);
#2968 = EDGE_LOOP('',(#2969,#2970,#2971,#2972));
#2969 = ORIENTED_EDGE('',*,*,#2438,.F.);
#2970 = ORIENTED_EDGE('',*,*,#2471,.T.);
#2971 = ORIENTED_EDGE('',*,*,#2485,.F.);
#2972 = ORIENTED_EDGE('',*,*,#2644,.F.);
#2973 = FACE_BOUND('',#2974,.T.);
#2974 = EDGE_LOOP('',(#2975));
#2975 = ORIENTED_EDGE('',*,*,#2589,.F.);
#2976 = FACE_BOUND('',#2977,.T.);
#2977 = EDGE_LOOP('',(#2978));
#2978 = ORIENTED_EDGE('',*,*,#2559,.F.);
#2979 = PLANE('',#2980);
#2980 = AXIS2_PLACEMENT_3D('',#2981,#2982,#2983);
#2981 = CARTESIAN_POINT('',(0.,61.,0.));
#2982 = DIRECTION('',(-0.,1.,0.));
#2983 = DIRECTION('',(0.,0.,1.));
#2984 = ADVANCED_FACE('',(#2985),#2991,.T.);
#2985 = FACE_BOUND('',#2986,.T.);
#2986 = EDGE_LOOP('',(#2987,#2988,#2989,#2990));
#2987 = ORIENTED_EDGE('',*,*,#2625,.F.);
#2988 = ORIENTED_EDGE('',*,*,#2937,.T.);
#2989 = ORIENTED_EDGE('',*,*,#2661,.F.);
#2990 = ORIENTED_EDGE('',*,*,#2522,.F.);
#2991 = PLANE('',#2992);
#2992 = AXIS2_PLACEMENT_3D('',#2993,#2994,#2995);
#2993 = CARTESIAN_POINT('',(60.,55.5,25.));
#2994 = DIRECTION('',(0.,1.,0.));
#2995 = DIRECTION('',(0.,-0.,1.));
#2996 = ADVANCED_FACE('',(#2997),#3008,.T.);
#2997 = FACE_BOUND('',#2998,.T.);
#2998 = EDGE_LOOP('',(#2999,#3000,#3001,#3002));
#2999 = ORIENTED_EDGE('',*,*,#2703,.F.);
#3000 = ORIENTED_EDGE('',*,*,#2944,.F.);
#3001 = ORIENTED_EDGE('',*,*,#2783,.T.);
#3002 = ORIENTED_EDGE('',*,*,#3003,.T.);
#3003 = EDGE_CURVE('',#2776,#2696,#3004,.T.);
#3004 = LINE('',#3005,#3006);
#3005 = CARTESIAN_POINT('',(114.,5.5,19.));
#3006 = VECTOR('',#3007,1.);
#3007 = DIRECTION('',(0.,1.,0.));
#3008 = CYLINDRICAL_SURFACE('',#3009,6.);
#3009 = AXIS2_PLACEMENT_3D('',#3010,#3011,#3012);
#3010 = CARTESIAN_POINT('',(114.,5.5,25.));
#3011 = DIRECTION('',(0.,1.,0.));
#3012 = DIRECTION('',(0.,-0.,1.));
#3013 = ADVANCED_FACE('',(#3014),#3029,.F.);
#3014 = FACE_BOUND('',#3015,.F.);
#3015 = EDGE_LOOP('',(#3016,#3017,#3018,#3019,#3020,#3026,#3027,#3028));
#3016 = ORIENTED_EDGE('',*,*,#3003,.T.);
#3017 = ORIENTED_EDGE('',*,*,#2695,.T.);
#3018 = ORIENTED_EDGE('',*,*,#2726,.T.);
#3019 = ORIENTED_EDGE('',*,*,#2864,.T.);
#3020 = ORIENTED_EDGE('',*,*,#3021,.F.);
#3021 = EDGE_CURVE('',#2898,#2865,#3022,.T.);
#3022 = LINE('',#3023,#3024);
#3023 = CARTESIAN_POINT('',(6.,5.5,19.));
#3024 = VECTOR('',#3025,1.);
#3025 = DIRECTION('',(0.,1.,0.));
#3026 = ORIENTED_EDGE('',*,*,#2897,.F.);
#3027 = ORIENTED_EDGE('',*,*,#2801,.F.);
#3028 = ORIENTED_EDGE('',*,*,#2775,.F.);
#3029 = PLANE('',#3030);
#3030 = AXIS2_PLACEMENT_3D('',#3031,#3032,#3033);
#3031 = CARTESIAN_POINT('',(114.,5.5,19.));
#3032 = DIRECTION('',(0.,-0.,1.));
#3033 = DIRECTION('',(-1.,0.,0.));
#3034 = ADVANCED_FACE('',(#3035),#3039,.F.);
#3035 = FACE_BOUND('',#3036,.F.);
#3036 = EDGE_LOOP('',(#3037,#3038));
#3037 = ORIENTED_EDGE('',*,*,#2850,.T.);
#3038 = ORIENTED_EDGE('',*,*,#2815,.T.);
#3039 = PLANE('',#3040);
#3040 = AXIS2_PLACEMENT_3D('',#3041,#3042,#3043);
#3041 = CARTESIAN_POINT('',(114.,11.5,25.));
#3042 = DIRECTION('',(0.,1.,0.));
#3043 = DIRECTION('',(0.,-0.,1.));
#3044 = ADVANCED_FACE('',(#3045),#3051,.T.);
#3045 = FACE_BOUND('',#3046,.T.);
#3046 = EDGE_LOOP('',(#3047,#3048,#3049,#3050));
#3047 = ORIENTED_EDGE('',*,*,#2930,.T.);
#3048 = ORIENTED_EDGE('',*,*,#2882,.F.);
#3049 = ORIENTED_EDGE('',*,*,#3021,.F.);
#3050 = ORIENTED_EDGE('',*,*,#2915,.T.);
#3051 = CYLINDRICAL_SURFACE('',#3052,6.);
#3052 = AXIS2_PLACEMENT_3D('',#3053,#3054,#3055);
#3053 = CARTESIAN_POINT('',(6.,5.5,25.));
#3054 = DIRECTION('',(0.,1.,0.));
#3055 = DIRECTION('',(0.,-0.,1.));
#3056 = ORIENTED_CLOSED_SHELL('',*,#3057,.F.);
#3057 = CLOSED_SHELL('',(#3058,#3091,#3122,#3147,#3164));
#3058 = ADVANCED_FACE('',(#3059),#3086,.T.);
#3059 = FACE_BOUND('',#3060,.T.);
#3060 = EDGE_LOOP('',(#3061,#3071,#3079));
#3061 = ORIENTED_EDGE('',*,*,#3062,.F.);
#3062 = EDGE_CURVE('',#3063,#3065,#3067,.T.);
#3063 = VERTEX_POINT('',#3064);
#3064 = CARTESIAN_POINT('',(112.8,55.5,30.));
#3065 = VERTEX_POINT('',#3066);
#3066 = CARTESIAN_POINT('',(112.91838969682,55.5,29.881610303175));
#3067 = LINE('',#3068,#3069);
#3068 = CARTESIAN_POINT('',(114.65,55.5,28.15));
#3069 = VECTOR('',#3070,1.);
#3070 = DIRECTION('',(0.707106781187,0.,-0.707106781187));
#3071 = ORIENTED_EDGE('',*,*,#3072,.T.);
#3072 = EDGE_CURVE('',#3063,#3073,#3075,.T.);
#3073 = VERTEX_POINT('',#3074);
#3074 = CARTESIAN_POINT('',(114.,55.5,30.));
#3075 = LINE('',#3076,#3077);
#3076 = CARTESIAN_POINT('',(6.,55.5,30.));
#3077 = VECTOR('',#3078,1.);
#3078 = DIRECTION('',(1.,0.,0.));
#3079 = ORIENTED_EDGE('',*,*,#3080,.F.);
#3080 = EDGE_CURVE('',#3065,#3073,#3081,.T.);
#3081 = CIRCLE('',#3082,5.);
#3082 = AXIS2_PLACEMENT_3D('',#3083,#3084,#3085);
#3083 = CARTESIAN_POINT('',(114.,55.5,25.));
#3084 = DIRECTION('',(0.,1.,0.));
#3085 = DIRECTION('',(0.,-0.,1.));
#3086 = PLANE('',#3087);
#3087 = AXIS2_PLACEMENT_3D('',#3088,#3089,#3090);
#3088 = CARTESIAN_POINT('',(114.,55.5,25.));
#3089 = DIRECTION('',(0.,1.,0.));
#3090 = DIRECTION('',(0.,-0.,1.));
#3091 = ADVANCED_FACE('',(#3092),#3117,.F.);
#3092 = FACE_BOUND('',#3093,.F.);
#3093 = EDGE_LOOP('',(#3094,#3102,#3110,#3116));
#3094 = ORIENTED_EDGE('',*,*,#3095,.F.);
#3095 = EDGE_CURVE('',#3096,#3063,#3098,.T.);
#3096 = VERTEX_POINT('',#3097);
#3097 = CARTESIAN_POINT('',(112.8,5.5,30.));
#3098 = LINE('',#3099,#3100);
#3099 = CARTESIAN_POINT('',(112.8,3.,30.));
#3100 = VECTOR('',#3101,1.);
#3101 = DIRECTION('',(-0.,1.,0.));
#3102 = ORIENTED_EDGE('',*,*,#3103,.T.);
#3103 = EDGE_CURVE('',#3096,#3104,#3106,.T.);
#3104 = VERTEX_POINT('',#3105);
#3105 = CARTESIAN_POINT('',(112.91838969682,5.5,29.881610303175));
#3106 = LINE('',#3107,#3108);
#3107 = CARTESIAN_POINT('',(114.65,5.5,28.15));
#3108 = VECTOR('',#3109,1.);
#3109 = DIRECTION('',(0.707106781187,0.,-0.707106781187));
#3110 = ORIENTED_EDGE('',*,*,#3111,.T.);
#3111 = EDGE_CURVE('',#3104,#3065,#3112,.T.);
#3112 = LINE('',#3113,#3114);
#3113 = CARTESIAN_POINT('',(112.91838969682,5.5,29.881610303175));
#3114 = VECTOR('',#3115,1.);
#3115 = DIRECTION('',(0.,1.,0.));
#3116 = ORIENTED_EDGE('',*,*,#3062,.F.);
#3117 = PLANE('',#3118);
#3118 = AXIS2_PLACEMENT_3D('',#3119,#3120,#3121);
#3119 = CARTESIAN_POINT('',(113.4,3.,29.4));
#3120 = DIRECTION('',(0.707106781187,1.407620945704E-17,0.707106781187)
  );
#3121 = DIRECTION('',(-9.953383160478E-18,1.,-9.953383160478E-18));
#3122 = ADVANCED_FACE('',(#3123),#3142,.F.);
#3123 = FACE_BOUND('',#3124,.F.);
#3124 = EDGE_LOOP('',(#3125,#3133,#3134,#3135));
#3125 = ORIENTED_EDGE('',*,*,#3126,.T.);
#3126 = EDGE_CURVE('',#3127,#3073,#3129,.T.);
#3127 = VERTEX_POINT('',#3128);
#3128 = CARTESIAN_POINT('',(114.,5.5,30.));
#3129 = LINE('',#3130,#3131);
#3130 = CARTESIAN_POINT('',(114.,5.5,30.));
#3131 = VECTOR('',#3132,1.);
#3132 = DIRECTION('',(0.,1.,0.));
#3133 = ORIENTED_EDGE('',*,*,#3080,.F.);
#3134 = ORIENTED_EDGE('',*,*,#3111,.F.);
#3135 = ORIENTED_EDGE('',*,*,#3136,.T.);
#3136 = EDGE_CURVE('',#3104,#3127,#3137,.T.);
#3137 = CIRCLE('',#3138,5.);
#3138 = AXIS2_PLACEMENT_3D('',#3139,#3140,#3141);
#3139 = CARTESIAN_POINT('',(114.,5.5,25.));
#3140 = DIRECTION('',(0.,1.,0.));
#3141 = DIRECTION('',(0.,-0.,1.));
#3142 = CYLINDRICAL_SURFACE('',#3143,5.);
#3143 = AXIS2_PLACEMENT_3D('',#3144,#3145,#3146);
#3144 = CARTESIAN_POINT('',(114.,5.5,25.));
#3145 = DIRECTION('',(0.,1.,0.));
#3146 = DIRECTION('',(0.,-0.,1.));
#3147 = ADVANCED_FACE('',(#3148),#3159,.F.);
#3148 = FACE_BOUND('',#3149,.F.);
#3149 = EDGE_LOOP('',(#3150,#3156,#3157,#3158));
#3150 = ORIENTED_EDGE('',*,*,#3151,.F.);
#3151 = EDGE_CURVE('',#3096,#3127,#3152,.T.);
#3152 = LINE('',#3153,#3154);
#3153 = CARTESIAN_POINT('',(6.,5.5,30.));
#3154 = VECTOR('',#3155,1.);
#3155 = DIRECTION('',(1.,0.,0.));
#3156 = ORIENTED_EDGE('',*,*,#3095,.T.);
#3157 = ORIENTED_EDGE('',*,*,#3072,.T.);
#3158 = ORIENTED_EDGE('',*,*,#3126,.F.);
#3159 = PLANE('',#3160);
#3160 = AXIS2_PLACEMENT_3D('',#3161,#3162,#3163);
#3161 = CARTESIAN_POINT('',(6.,5.5,30.));
#3162 = DIRECTION('',(0.,0.,-1.));
#3163 = DIRECTION('',(1.,0.,0.));
#3164 = ADVANCED_FACE('',(#3165),#3170,.F.);
#3165 = FACE_BOUND('',#3166,.F.);
#3166 = EDGE_LOOP('',(#3167,#3168,#3169));
#3167 = ORIENTED_EDGE('',*,*,#3103,.F.);
#3168 = ORIENTED_EDGE('',*,*,#3151,.T.);
#3169 = ORIENTED_EDGE('',*,*,#3136,.F.);
#3170 = PLANE('',#3171);
#3171 = AXIS2_PLACEMENT_3D('',#3172,#3173,#3174);
#3172 = CARTESIAN_POINT('',(114.,5.5,25.));
#3173 = DIRECTION('',(0.,1.,0.));
#3174 = DIRECTION('',(0.,-0.,1.));
#3175 = ORIENTED_CLOSED_SHELL('',*,#3176,.F.);
#3176 = CLOSED_SHELL('',(#3177,#3210,#3242,#3266,#3283));
#3177 = ADVANCED_FACE('',(#3178),#3205,.T.);
#3178 = FACE_BOUND('',#3179,.T.);
#3179 = EDGE_LOOP('',(#3180,#3191,#3199));
#3180 = ORIENTED_EDGE('',*,*,#3181,.F.);
#3181 = EDGE_CURVE('',#3182,#3184,#3186,.T.);
#3182 = VERTEX_POINT('',#3183);
#3183 = CARTESIAN_POINT('',(6.,55.5,30.));
#3184 = VERTEX_POINT('',#3185);
#3185 = CARTESIAN_POINT('',(7.081610303175,55.5,29.881610303175));
#3186 = CIRCLE('',#3187,5.);
#3187 = AXIS2_PLACEMENT_3D('',#3188,#3189,#3190);
#3188 = CARTESIAN_POINT('',(6.,55.5,25.));
#3189 = DIRECTION('',(0.,1.,0.));
#3190 = DIRECTION('',(0.,-0.,1.));
#3191 = ORIENTED_EDGE('',*,*,#3192,.T.);
#3192 = EDGE_CURVE('',#3182,#3193,#3195,.T.);
#3193 = VERTEX_POINT('',#3194);
#3194 = CARTESIAN_POINT('',(7.2,55.5,30.));
#3195 = LINE('',#3196,#3197);
#3196 = CARTESIAN_POINT('',(6.,55.5,30.));
#3197 = VECTOR('',#3198,1.);
#3198 = DIRECTION('',(1.,0.,0.));
#3199 = ORIENTED_EDGE('',*,*,#3200,.T.);
#3200 = EDGE_CURVE('',#3193,#3184,#3201,.T.);
#3201 = LINE('',#3202,#3203);
#3202 = CARTESIAN_POINT('',(5.35,55.5,28.15));
#3203 = VECTOR('',#3204,1.);
#3204 = DIRECTION('',(-0.707106781187,0.,-0.707106781187));
#3205 = PLANE('',#3206);
#3206 = AXIS2_PLACEMENT_3D('',#3207,#3208,#3209);
#3207 = CARTESIAN_POINT('',(6.,55.5,25.));
#3208 = DIRECTION('',(0.,1.,0.));
#3209 = DIRECTION('',(0.,-0.,1.));
#3210 = ADVANCED_FACE('',(#3211),#3237,.F.);
#3211 = FACE_BOUND('',#3212,.F.);
#3212 = EDGE_LOOP('',(#3213,#3214,#3222,#3231));
#3213 = ORIENTED_EDGE('',*,*,#3181,.F.);
#3214 = ORIENTED_EDGE('',*,*,#3215,.F.);
#3215 = EDGE_CURVE('',#3216,#3182,#3218,.T.);
#3216 = VERTEX_POINT('',#3217);
#3217 = CARTESIAN_POINT('',(6.,5.5,30.));
#3218 = LINE('',#3219,#3220);
#3219 = CARTESIAN_POINT('',(6.,5.5,30.));
#3220 = VECTOR('',#3221,1.);
#3221 = DIRECTION('',(0.,1.,0.));
#3222 = ORIENTED_EDGE('',*,*,#3223,.T.);
#3223 = EDGE_CURVE('',#3216,#3224,#3226,.T.);
#3224 = VERTEX_POINT('',#3225);
#3225 = CARTESIAN_POINT('',(7.081610303175,5.5,29.881610303175));
#3226 = CIRCLE('',#3227,5.);
#3227 = AXIS2_PLACEMENT_3D('',#3228,#3229,#3230);
#3228 = CARTESIAN_POINT('',(6.,5.5,25.));
#3229 = DIRECTION('',(0.,1.,0.));
#3230 = DIRECTION('',(0.,-0.,1.));
#3231 = ORIENTED_EDGE('',*,*,#3232,.T.);
#3232 = EDGE_CURVE('',#3224,#3184,#3233,.T.);
#3233 = LINE('',#3234,#3235);
#3234 = CARTESIAN_POINT('',(7.081610303175,5.5,29.881610303175));
#3235 = VECTOR('',#3236,1.);
#3236 = DIRECTION('',(0.,1.,0.));
#3237 = CYLINDRICAL_SURFACE('',#3238,5.);
#3238 = AXIS2_PLACEMENT_3D('',#3239,#3240,#3241);
#3239 = CARTESIAN_POINT('',(6.,5.5,25.));
#3240 = DIRECTION('',(0.,1.,0.));
#3241 = DIRECTION('',(0.,-0.,1.));
#3242 = ADVANCED_FACE('',(#3243),#3261,.T.);
#3243 = FACE_BOUND('',#3244,.T.);
#3244 = EDGE_LOOP('',(#3245,#3253,#3259,#3260));
#3245 = ORIENTED_EDGE('',*,*,#3246,.F.);
#3246 = EDGE_CURVE('',#3247,#3193,#3249,.T.);
#3247 = VERTEX_POINT('',#3248);
#3248 = CARTESIAN_POINT('',(7.2,5.5,30.));
#3249 = LINE('',#3250,#3251);
#3250 = CARTESIAN_POINT('',(7.2,3.,30.));
#3251 = VECTOR('',#3252,1.);
#3252 = DIRECTION('',(-0.,1.,0.));
#3253 = ORIENTED_EDGE('',*,*,#3254,.T.);
#3254 = EDGE_CURVE('',#3247,#3224,#3255,.T.);
#3255 = LINE('',#3256,#3257);
#3256 = CARTESIAN_POINT('',(5.35,5.5,28.15));
#3257 = VECTOR('',#3258,1.);
#3258 = DIRECTION('',(-0.707106781187,0.,-0.707106781187));
#3259 = ORIENTED_EDGE('',*,*,#3232,.T.);
#3260 = ORIENTED_EDGE('',*,*,#3200,.F.);
#3261 = PLANE('',#3262);
#3262 = AXIS2_PLACEMENT_3D('',#3263,#3264,#3265);
#3263 = CARTESIAN_POINT('',(6.6,3.,29.4));
#3264 = DIRECTION('',(0.707106781187,0.,-0.707106781187));
#3265 = DIRECTION('',(0.,1.,0.));
#3266 = ADVANCED_FACE('',(#3267),#3278,.F.);
#3267 = FACE_BOUND('',#3268,.F.);
#3268 = EDGE_LOOP('',(#3269,#3275,#3276,#3277));
#3269 = ORIENTED_EDGE('',*,*,#3270,.F.);
#3270 = EDGE_CURVE('',#3216,#3247,#3271,.T.);
#3271 = LINE('',#3272,#3273);
#3272 = CARTESIAN_POINT('',(6.,5.5,30.));
#3273 = VECTOR('',#3274,1.);
#3274 = DIRECTION('',(1.,0.,0.));
#3275 = ORIENTED_EDGE('',*,*,#3215,.T.);
#3276 = ORIENTED_EDGE('',*,*,#3192,.T.);
#3277 = ORIENTED_EDGE('',*,*,#3246,.F.);
#3278 = PLANE('',#3279);
#3279 = AXIS2_PLACEMENT_3D('',#3280,#3281,#3282);
#3280 = CARTESIAN_POINT('',(6.,5.5,30.));
#3281 = DIRECTION('',(0.,0.,-1.));
#3282 = DIRECTION('',(1.,0.,0.));
#3283 = ADVANCED_FACE('',(#3284),#3289,.F.);
#3284 = FACE_BOUND('',#3285,.F.);
#3285 = EDGE_LOOP('',(#3286,#3287,#3288));
#3286 = ORIENTED_EDGE('',*,*,#3223,.F.);
#3287 = ORIENTED_EDGE('',*,*,#3270,.T.);
#3288 = ORIENTED_EDGE('',*,*,#3254,.T.);
#3289 = PLANE('',#3290);
#3290 = AXIS2_PLACEMENT_3D('',#3291,#3292,#3293);
#3291 = CARTESIAN_POINT('',(6.,5.5,25.));
#3292 = DIRECTION('',(0.,1.,0.));
#3293 = DIRECTION('',(0.,-0.,1.));
#3294 = BREP_WITH_VOIDS('',#3295,(#6340,#6459));
#3295 = CLOSED_SHELL('',(#3296,#3336,#3457,#3481,#3646,#3663,#3682,#3713
    ,#3737,#3772,#3789,#3811,#3828,#3852,#3871,#3888,#3935,#3959,#3999,
    #4016,#4095,#4119,#4319,#4375,#4407,#4431,#4454,#4471,#4517,#4542,
    #4554,#4571,#4709,#4721,#4756,#4774,#4817,#4834,#4859,#4881,#4922,
    #4939,#4957,#5000,#5043,#5076,#5101,#5134,#5177,#5216,#5227,#5260,
    #5293,#5328,#5371,#5396,#5429,#5448,#5467,#5510,#5535,#5552,#5569,
    #5581,#5612,#5636,#5667,#5684,#5701,#5727,#5759,#5792,#5809,#5834,
    #5859,#5894,#5921,#5938,#5965,#5998,#6020,#6045,#6078,#6095,#6127,
    #6144,#6177,#6210,#6241,#6268,#6280,#6297,#6318,#6328));
#3296 = ADVANCED_FACE('',(#3297),#3331,.F.);
#3297 = FACE_BOUND('',#3298,.F.);
#3298 = EDGE_LOOP('',(#3299,#3309,#3317,#3325));
#3299 = ORIENTED_EDGE('',*,*,#3300,.F.);
#3300 = EDGE_CURVE('',#3301,#3303,#3305,.T.);
#3301 = VERTEX_POINT('',#3302);
#3302 = CARTESIAN_POINT('',(180.5,0.,0.));
#3303 = VERTEX_POINT('',#3304);
#3304 = CARTESIAN_POINT('',(180.5,0.,35.));
#3305 = LINE('',#3306,#3307);
#3306 = CARTESIAN_POINT('',(180.5,0.,0.));
#3307 = VECTOR('',#3308,1.);
#3308 = DIRECTION('',(0.,0.,1.));
#3309 = ORIENTED_EDGE('',*,*,#3310,.T.);
#3310 = EDGE_CURVE('',#3301,#3311,#3313,.T.);
#3311 = VERTEX_POINT('',#3312);
#3312 = CARTESIAN_POINT('',(178.5,2.22044604925E-16,0.));
#3313 = LINE('',#3314,#3315);
#3314 = CARTESIAN_POINT('',(180.5,0.,0.));
#3315 = VECTOR('',#3316,1.);
#3316 = DIRECTION('',(-1.,1.110223024625E-16,0.));
#3317 = ORIENTED_EDGE('',*,*,#3318,.T.);
#3318 = EDGE_CURVE('',#3311,#3319,#3321,.T.);
#3319 = VERTEX_POINT('',#3320);
#3320 = CARTESIAN_POINT('',(178.5,2.22044604925E-16,35.));
#3321 = LINE('',#3322,#3323);
#3322 = CARTESIAN_POINT('',(178.5,2.22044604925E-16,0.));
#3323 = VECTOR('',#3324,1.);
#3324 = DIRECTION('',(0.,0.,1.));
#3325 = ORIENTED_EDGE('',*,*,#3326,.F.);
#3326 = EDGE_CURVE('',#3303,#3319,#3327,.T.);
#3327 = LINE('',#3328,#3329);
#3328 = CARTESIAN_POINT('',(180.5,0.,35.));
#3329 = VECTOR('',#3330,1.);
#3330 = DIRECTION('',(-1.,1.110223024625E-16,0.));
#3331 = PLANE('',#3332);
#3332 = AXIS2_PLACEMENT_3D('',#3333,#3334,#3335);
#3333 = CARTESIAN_POINT('',(180.5,0.,0.));
#3334 = DIRECTION('',(1.110223024625E-16,1.,0.));
#3335 = DIRECTION('',(0.,0.,1.));
#3336 = ADVANCED_FACE('',(#3337,#3394,#3405,#3441),#3452,.F.);
#3337 = FACE_BOUND('',#3338,.F.);
#3338 = EDGE_LOOP('',(#3339,#3349,#3355,#3356,#3364,#3372,#3380,#3388));
#3339 = ORIENTED_EDGE('',*,*,#3340,.F.);
#3340 = EDGE_CURVE('',#3341,#3343,#3345,.T.);
#3341 = VERTEX_POINT('',#3342);
#3342 = CARTESIAN_POINT('',(180.5,70.,0.));
#3343 = VERTEX_POINT('',#3344);
#3344 = CARTESIAN_POINT('',(180.5,70.,16.1));
#3345 = LINE('',#3346,#3347);
#3346 = CARTESIAN_POINT('',(180.5,70.,0.));
#3347 = VECTOR('',#3348,1.);
#3348 = DIRECTION('',(0.,0.,1.));
#3349 = ORIENTED_EDGE('',*,*,#3350,.F.);
#3350 = EDGE_CURVE('',#3301,#3341,#3351,.T.);
#3351 = LINE('',#3352,#3353);
#3352 = CARTESIAN_POINT('',(180.5,0.,0.));
#3353 = VECTOR('',#3354,1.);
#3354 = DIRECTION('',(1.110223024625E-16,1.,0.));
#3355 = ORIENTED_EDGE('',*,*,#3300,.T.);
#3356 = ORIENTED_EDGE('',*,*,#3357,.T.);
#3357 = EDGE_CURVE('',#3303,#3358,#3360,.T.);
#3358 = VERTEX_POINT('',#3359);
#3359 = CARTESIAN_POINT('',(180.5,70.,35.));
#3360 = LINE('',#3361,#3362);
#3361 = CARTESIAN_POINT('',(180.5,0.,35.));
#3362 = VECTOR('',#3363,1.);
#3363 = DIRECTION('',(1.110223024625E-16,1.,0.));
#3364 = ORIENTED_EDGE('',*,*,#3365,.F.);
#3365 = EDGE_CURVE('',#3366,#3358,#3368,.T.);
#3366 = VERTEX_POINT('',#3367);
#3367 = CARTESIAN_POINT('',(180.5,70.,33.9));
#3368 = LINE('',#3369,#3370);
#3369 = CARTESIAN_POINT('',(180.5,70.,0.));
#3370 = VECTOR('',#3371,1.);
#3371 = DIRECTION('',(0.,0.,1.));
#3372 = ORIENTED_EDGE('',*,*,#3373,.F.);
#3373 = EDGE_CURVE('',#3374,#3366,#3376,.T.);
#3374 = VERTEX_POINT('',#3375);
#3375 = CARTESIAN_POINT('',(180.5,56.1,33.9));
#3376 = LINE('',#3377,#3378);
#3377 = CARTESIAN_POINT('',(180.5,56.1,33.9));
#3378 = VECTOR('',#3379,1.);
#3379 = DIRECTION('',(1.110223024625E-16,1.,0.));
#3380 = ORIENTED_EDGE('',*,*,#3381,.F.);
#3381 = EDGE_CURVE('',#3382,#3374,#3384,.T.);
#3382 = VERTEX_POINT('',#3383);
#3383 = CARTESIAN_POINT('',(180.5,56.1,16.1));
#3384 = LINE('',#3385,#3386);
#3385 = CARTESIAN_POINT('',(180.5,56.1,16.1));
#3386 = VECTOR('',#3387,1.);
#3387 = DIRECTION('',(0.,0.,1.));
#3388 = ORIENTED_EDGE('',*,*,#3389,.T.);
#3389 = EDGE_CURVE('',#3382,#3343,#3390,.T.);
#3390 = LINE('',#3391,#3392);
#3391 = CARTESIAN_POINT('',(180.5,56.1,16.1));
#3392 = VECTOR('',#3393,1.);
#3393 = DIRECTION('',(1.110223024625E-16,1.,0.));
#3394 = FACE_BOUND('',#3395,.F.);
#3395 = EDGE_LOOP('',(#3396));
#3396 = ORIENTED_EDGE('',*,*,#3397,.F.);
#3397 = EDGE_CURVE('',#3398,#3398,#3400,.T.);
#3398 = VERTEX_POINT('',#3399);
#3399 = CARTESIAN_POINT('',(180.5,24.,8.6));
#3400 = CIRCLE('',#3401,1.6);
#3401 = AXIS2_PLACEMENT_3D('',#3402,#3403,#3404);
#3402 = CARTESIAN_POINT('',(180.5,24.,7.));
#3403 = DIRECTION('',(-1.,1.110223024625E-16,0.));
#3404 = DIRECTION('',(0.,0.,1.));
#3405 = FACE_BOUND('',#3406,.F.);
#3406 = EDGE_LOOP('',(#3407,#3418,#3426,#3435));
#3407 = ORIENTED_EDGE('',*,*,#3408,.F.);
#3408 = EDGE_CURVE('',#3409,#3411,#3413,.T.);
#3409 = VERTEX_POINT('',#3410);
#3410 = CARTESIAN_POINT('',(180.5,6.,22.75));
#3411 = VERTEX_POINT('',#3412);
#3412 = CARTESIAN_POINT('',(180.5,6.,27.25));
#3413 = CIRCLE('',#3414,2.25);
#3414 = AXIS2_PLACEMENT_3D('',#3415,#3416,#3417);
#3415 = CARTESIAN_POINT('',(180.5,6.,25.));
#3416 = DIRECTION('',(-1.,1.110223024625E-16,0.));
#3417 = DIRECTION('',(0.,0.,1.));
#3418 = ORIENTED_EDGE('',*,*,#3419,.T.);
#3419 = EDGE_CURVE('',#3409,#3420,#3422,.T.);
#3420 = VERTEX_POINT('',#3421);
#3421 = CARTESIAN_POINT('',(180.5,14.,22.75));
#3422 = LINE('',#3423,#3424);
#3423 = CARTESIAN_POINT('',(180.5,3.,22.75));
#3424 = VECTOR('',#3425,1.);
#3425 = DIRECTION('',(1.110223024625E-16,1.,0.));
#3426 = ORIENTED_EDGE('',*,*,#3427,.F.);
#3427 = EDGE_CURVE('',#3428,#3420,#3430,.T.);
#3428 = VERTEX_POINT('',#3429);
#3429 = CARTESIAN_POINT('',(180.5,14.,27.25));
#3430 = CIRCLE('',#3431,2.25);
#3431 = AXIS2_PLACEMENT_3D('',#3432,#3433,#3434);
#3432 = CARTESIAN_POINT('',(180.5,14.,25.));
#3433 = DIRECTION('',(-1.,1.110223024625E-16,0.));
#3434 = DIRECTION('',(0.,0.,1.));
#3435 = ORIENTED_EDGE('',*,*,#3436,.F.);
#3436 = EDGE_CURVE('',#3411,#3428,#3437,.T.);
#3437 = LINE('',#3438,#3439);
#3438 = CARTESIAN_POINT('',(180.5,3.,27.25));
#3439 = VECTOR('',#3440,1.);
#3440 = DIRECTION('',(1.110223024625E-16,1.,0.));
#3441 = FACE_BOUND('',#3442,.F.);
#3442 = EDGE_LOOP('',(#3443));
#3443 = ORIENTED_EDGE('',*,*,#3444,.F.);
#3444 = EDGE_CURVE('',#3445,#3445,#3447,.T.);
#3445 = VERTEX_POINT('',#3446);
#3446 = CARTESIAN_POINT('',(180.5,46.,8.6));
#3447 = CIRCLE('',#3448,1.6);
#3448 = AXIS2_PLACEMENT_3D('',#3449,#3450,#3451);
#3449 = CARTESIAN_POINT('',(180.5,46.,7.));
#3450 = DIRECTION('',(-1.,1.110223024625E-16,0.));
#3451 = DIRECTION('',(0.,0.,1.));
#3452 = PLANE('',#3453);
#3453 = AXIS2_PLACEMENT_3D('',#3454,#3455,#3456);
#3454 = CARTESIAN_POINT('',(180.5,0.,0.));
#3455 = DIRECTION('',(-1.,1.110223024625E-16,0.));
#3456 = DIRECTION('',(0.,0.,1.));
#3457 = ADVANCED_FACE('',(#3458),#3476,.T.);
#3458 = FACE_BOUND('',#3459,.T.);
#3459 = EDGE_LOOP('',(#3460,#3461,#3462,#3470));
#3460 = ORIENTED_EDGE('',*,*,#3326,.F.);
#3461 = ORIENTED_EDGE('',*,*,#3357,.T.);
#3462 = ORIENTED_EDGE('',*,*,#3463,.T.);
#3463 = EDGE_CURVE('',#3358,#3464,#3466,.T.);
#3464 = VERTEX_POINT('',#3465);
#3465 = CARTESIAN_POINT('',(178.5,70.,35.));
#3466 = LINE('',#3467,#3468);
#3467 = CARTESIAN_POINT('',(180.5,70.,35.));
#3468 = VECTOR('',#3469,1.);
#3469 = DIRECTION('',(-1.,1.110223024625E-16,0.));
#3470 = ORIENTED_EDGE('',*,*,#3471,.F.);
#3471 = EDGE_CURVE('',#3319,#3464,#3472,.T.);
#3472 = LINE('',#3473,#3474);
#3473 = CARTESIAN_POINT('',(178.5,2.22044604925E-16,35.));
#3474 = VECTOR('',#3475,1.);
#3475 = DIRECTION('',(1.110223024625E-16,1.,0.));
#3476 = PLANE('',#3477);
#3477 = AXIS2_PLACEMENT_3D('',#3478,#3479,#3480);
#3478 = CARTESIAN_POINT('',(180.5,0.,35.));
#3479 = DIRECTION('',(0.,0.,1.));
#3480 = DIRECTION('',(1.110223024625E-16,1.,0.));
#3481 = ADVANCED_FACE('',(#3482,#3500,#3511,#3545,#3556),#3641,.T.);
#3482 = FACE_BOUND('',#3483,.T.);
#3483 = EDGE_LOOP('',(#3484,#3492,#3493,#3494));
#3484 = ORIENTED_EDGE('',*,*,#3485,.F.);
#3485 = EDGE_CURVE('',#3311,#3486,#3488,.T.);
#3486 = VERTEX_POINT('',#3487);
#3487 = CARTESIAN_POINT('',(178.5,70.,0.));
#3488 = LINE('',#3489,#3490);
#3489 = CARTESIAN_POINT('',(178.5,2.22044604925E-16,0.));
#3490 = VECTOR('',#3491,1.);
#3491 = DIRECTION('',(1.110223024625E-16,1.,0.));
#3492 = ORIENTED_EDGE('',*,*,#3318,.T.);
#3493 = ORIENTED_EDGE('',*,*,#3471,.T.);
#3494 = ORIENTED_EDGE('',*,*,#3495,.F.);
#3495 = EDGE_CURVE('',#3486,#3464,#3496,.T.);
#3496 = LINE('',#3497,#3498);
#3497 = CARTESIAN_POINT('',(178.5,70.,0.));
#3498 = VECTOR('',#3499,1.);
#3499 = DIRECTION('',(0.,0.,1.));
#3500 = FACE_BOUND('',#3501,.T.);
#3501 = EDGE_LOOP('',(#3502));
#3502 = ORIENTED_EDGE('',*,*,#3503,.F.);
#3503 = EDGE_CURVE('',#3504,#3504,#3506,.T.);
#3504 = VERTEX_POINT('',#3505);
#3505 = CARTESIAN_POINT('',(178.5,24.,8.6));
#3506 = CIRCLE('',#3507,1.6);
#3507 = AXIS2_PLACEMENT_3D('',#3508,#3509,#3510);
#3508 = CARTESIAN_POINT('',(178.5,24.,7.));
#3509 = DIRECTION('',(-1.,1.110223024625E-16,0.));
#3510 = DIRECTION('',(0.,0.,1.));
#3511 = FACE_BOUND('',#3512,.T.);
#3512 = EDGE_LOOP('',(#3513,#3523,#3531,#3539));
#3513 = ORIENTED_EDGE('',*,*,#3514,.F.);
#3514 = EDGE_CURVE('',#3515,#3517,#3519,.T.);
#3515 = VERTEX_POINT('',#3516);
#3516 = CARTESIAN_POINT('',(178.5,16.,15.5));
#3517 = VERTEX_POINT('',#3518);
#3518 = CARTESIAN_POINT('',(178.5,16.,17.3));
#3519 = LINE('',#3520,#3521);
#3520 = CARTESIAN_POINT('',(178.5,16.,15.5));
#3521 = VECTOR('',#3522,1.);
#3522 = DIRECTION('',(0.,0.,1.));
#3523 = ORIENTED_EDGE('',*,*,#3524,.T.);
#3524 = EDGE_CURVE('',#3515,#3525,#3527,.T.);
#3525 = VERTEX_POINT('',#3526);
#3526 = CARTESIAN_POINT('',(178.5,54.,15.5));
#3527 = LINE('',#3528,#3529);
#3528 = CARTESIAN_POINT('',(178.5,16.,15.5));
#3529 = VECTOR('',#3530,1.);
#3530 = DIRECTION('',(1.110223024625E-16,1.,0.));
#3531 = ORIENTED_EDGE('',*,*,#3532,.T.);
#3532 = EDGE_CURVE('',#3525,#3533,#3535,.T.);
#3533 = VERTEX_POINT('',#3534);
#3534 = CARTESIAN_POINT('',(178.5,54.,17.3));
#3535 = LINE('',#3536,#3537);
#3536 = CARTESIAN_POINT('',(178.5,54.,15.5));
#3537 = VECTOR('',#3538,1.);
#3538 = DIRECTION('',(0.,0.,1.));
#3539 = ORIENTED_EDGE('',*,*,#3540,.F.);
#3540 = EDGE_CURVE('',#3517,#3533,#3541,.T.);
#3541 = LINE('',#3542,#3543);
#3542 = CARTESIAN_POINT('',(178.5,16.,17.3));
#3543 = VECTOR('',#3544,1.);
#3544 = DIRECTION('',(1.110223024625E-16,1.,0.));
#3545 = FACE_BOUND('',#3546,.T.);
#3546 = EDGE_LOOP('',(#3547));
#3547 = ORIENTED_EDGE('',*,*,#3548,.F.);
#3548 = EDGE_CURVE('',#3549,#3549,#3551,.T.);
#3549 = VERTEX_POINT('',#3550);
#3550 = CARTESIAN_POINT('',(178.5,46.,8.6));
#3551 = CIRCLE('',#3552,1.6);
#3552 = AXIS2_PLACEMENT_3D('',#3553,#3554,#3555);
#3553 = CARTESIAN_POINT('',(178.5,46.,7.));
#3554 = DIRECTION('',(-1.,1.110223024625E-16,0.));
#3555 = DIRECTION('',(0.,0.,1.));
#3556 = FACE_BOUND('',#3557,.T.);
#3557 = EDGE_LOOP('',(#3558,#3569,#3577,#3586,#3594,#3603,#3611,#3619,
    #3627,#3635));
#3558 = ORIENTED_EDGE('',*,*,#3559,.F.);
#3559 = EDGE_CURVE('',#3560,#3562,#3564,.T.);
#3560 = VERTEX_POINT('',#3561);
#3561 = CARTESIAN_POINT('',(178.5,6.,22.75));
#3562 = VERTEX_POINT('',#3563);
#3563 = CARTESIAN_POINT('',(178.5,6.,27.25));
#3564 = CIRCLE('',#3565,2.25);
#3565 = AXIS2_PLACEMENT_3D('',#3566,#3567,#3568);
#3566 = CARTESIAN_POINT('',(178.5,6.,25.));
#3567 = DIRECTION('',(-1.,1.110223024625E-16,0.));
#3568 = DIRECTION('',(0.,0.,1.));
#3569 = ORIENTED_EDGE('',*,*,#3570,.T.);
#3570 = EDGE_CURVE('',#3560,#3571,#3573,.T.);
#3571 = VERTEX_POINT('',#3572);
#3572 = CARTESIAN_POINT('',(178.5,14.,22.75));
#3573 = LINE('',#3574,#3575);
#3574 = CARTESIAN_POINT('',(178.5,3.,22.75));
#3575 = VECTOR('',#3576,1.);
#3576 = DIRECTION('',(1.110223024625E-16,1.,0.));
#3577 = ORIENTED_EDGE('',*,*,#3578,.F.);
#3578 = EDGE_CURVE('',#3579,#3571,#3581,.T.);
#3579 = VERTEX_POINT('',#3580);
#3580 = CARTESIAN_POINT('',(178.5,15.030776406404,27.));
#3581 = CIRCLE('',#3582,2.25);
#3582 = AXIS2_PLACEMENT_3D('',#3583,#3584,#3585);
#3583 = CARTESIAN_POINT('',(178.5,14.,25.));
#3584 = DIRECTION('',(-1.,1.110223024625E-16,0.));
#3585 = DIRECTION('',(0.,0.,1.));
#3586 = ORIENTED_EDGE('',*,*,#3587,.T.);
#3587 = EDGE_CURVE('',#3579,#3588,#3590,.T.);
#3588 = VERTEX_POINT('',#3589);
#3589 = CARTESIAN_POINT('',(178.5,62.86421833084,27.));
#3590 = LINE('',#3591,#3592);
#3591 = CARTESIAN_POINT('',(178.5,6.,27.));
#3592 = VECTOR('',#3593,1.);
#3593 = DIRECTION('',(1.110223024625E-16,1.,0.));
#3594 = ORIENTED_EDGE('',*,*,#3595,.F.);
#3595 = EDGE_CURVE('',#3596,#3588,#3598,.T.);
#3596 = VERTEX_POINT('',#3597);
#3597 = CARTESIAN_POINT('',(178.5,64.,27.3));
#3598 = CIRCLE('',#3599,2.3);
#3599 = AXIS2_PLACEMENT_3D('',#3600,#3601,#3602);
#3600 = CARTESIAN_POINT('',(178.5,64.,25.));
#3601 = DIRECTION('',(-1.,1.110223024625E-16,0.));
#3602 = DIRECTION('',(0.,0.,1.));
#3603 = ORIENTED_EDGE('',*,*,#3604,.T.);
#3604 = EDGE_CURVE('',#3596,#3605,#3607,.T.);
#3605 = VERTEX_POINT('',#3606);
#3606 = CARTESIAN_POINT('',(178.5,64.,28.8));
#3607 = LINE('',#3608,#3609);
#3608 = CARTESIAN_POINT('',(178.5,64.,27.));
#3609 = VECTOR('',#3610,1.);
#3610 = DIRECTION('',(0.,0.,1.));
#3611 = ORIENTED_EDGE('',*,*,#3612,.T.);
#3612 = EDGE_CURVE('',#3605,#3613,#3615,.T.);
#3613 = VERTEX_POINT('',#3614);
#3614 = CARTESIAN_POINT('',(178.5,62.8,30.));
#3615 = LINE('',#3616,#3617);
#3616 = CARTESIAN_POINT('',(178.5,49.65,43.15));
#3617 = VECTOR('',#3618,1.);
#3618 = DIRECTION('',(-7.850462293419E-17,-0.707106781187,0.707106781187
    ));
#3619 = ORIENTED_EDGE('',*,*,#3620,.F.);
#3620 = EDGE_CURVE('',#3621,#3613,#3623,.T.);
#3621 = VERTEX_POINT('',#3622);
#3622 = CARTESIAN_POINT('',(178.5,7.2,30.));
#3623 = LINE('',#3624,#3625);
#3624 = CARTESIAN_POINT('',(178.5,6.,30.));
#3625 = VECTOR('',#3626,1.);
#3626 = DIRECTION('',(1.110223024625E-16,1.,0.));
#3627 = ORIENTED_EDGE('',*,*,#3628,.F.);
#3628 = EDGE_CURVE('',#3629,#3621,#3631,.T.);
#3629 = VERTEX_POINT('',#3630);
#3630 = CARTESIAN_POINT('',(178.5,6.,28.8));
#3631 = LINE('',#3632,#3633);
#3632 = CARTESIAN_POINT('',(178.5,5.85,28.65));
#3633 = VECTOR('',#3634,1.);
#3634 = DIRECTION('',(7.850462293419E-17,0.707106781187,0.707106781187)
  );
#3635 = ORIENTED_EDGE('',*,*,#3636,.F.);
#3636 = EDGE_CURVE('',#3562,#3629,#3637,.T.);
#3637 = LINE('',#3638,#3639);
#3638 = CARTESIAN_POINT('',(178.5,6.,27.));
#3639 = VECTOR('',#3640,1.);
#3640 = DIRECTION('',(0.,0.,1.));
#3641 = PLANE('',#3642);
#3642 = AXIS2_PLACEMENT_3D('',#3643,#3644,#3645);
#3643 = CARTESIAN_POINT('',(178.5,2.22044604925E-16,0.));
#3644 = DIRECTION('',(-1.,1.110223024625E-16,0.));
#3645 = DIRECTION('',(0.,0.,1.));
#3646 = ADVANCED_FACE('',(#3647),#3658,.F.);
#3647 = FACE_BOUND('',#3648,.F.);
#3648 = EDGE_LOOP('',(#3649,#3650,#3651,#3657));
#3649 = ORIENTED_EDGE('',*,*,#3310,.F.);
#3650 = ORIENTED_EDGE('',*,*,#3350,.T.);
#3651 = ORIENTED_EDGE('',*,*,#3652,.T.);
#3652 = EDGE_CURVE('',#3341,#3486,#3653,.T.);
#3653 = LINE('',#3654,#3655);
#3654 = CARTESIAN_POINT('',(180.5,70.,0.));
#3655 = VECTOR('',#3656,1.);
#3656 = DIRECTION('',(-1.,1.110223024625E-16,0.));
#3657 = ORIENTED_EDGE('',*,*,#3485,.F.);
#3658 = PLANE('',#3659);
#3659 = AXIS2_PLACEMENT_3D('',#3660,#3661,#3662);
#3660 = CARTESIAN_POINT('',(180.5,0.,0.));
#3661 = DIRECTION('',(0.,0.,1.));
#3662 = DIRECTION('',(1.110223024625E-16,1.,0.));
#3663 = ADVANCED_FACE('',(#3664),#3677,.T.);
#3664 = FACE_BOUND('',#3665,.T.);
#3665 = EDGE_LOOP('',(#3666,#3667,#3668,#3669,#3670,#3671));
#3666 = ORIENTED_EDGE('',*,*,#3340,.F.);
#3667 = ORIENTED_EDGE('',*,*,#3652,.T.);
#3668 = ORIENTED_EDGE('',*,*,#3495,.T.);
#3669 = ORIENTED_EDGE('',*,*,#3463,.F.);
#3670 = ORIENTED_EDGE('',*,*,#3365,.F.);
#3671 = ORIENTED_EDGE('',*,*,#3672,.F.);
#3672 = EDGE_CURVE('',#3343,#3366,#3673,.T.);
#3673 = LINE('',#3674,#3675);
#3674 = CARTESIAN_POINT('',(180.5,70.,0.));
#3675 = VECTOR('',#3676,1.);
#3676 = DIRECTION('',(0.,0.,1.));
#3677 = PLANE('',#3678);
#3678 = AXIS2_PLACEMENT_3D('',#3679,#3680,#3681);
#3679 = CARTESIAN_POINT('',(180.5,70.,0.));
#3680 = DIRECTION('',(1.110223024625E-16,1.,0.));
#3681 = DIRECTION('',(0.,0.,1.));
#3682 = ADVANCED_FACE('',(#3683),#3708,.F.);
#3683 = FACE_BOUND('',#3684,.F.);
#3684 = EDGE_LOOP('',(#3685,#3686,#3694,#3702));
#3685 = ORIENTED_EDGE('',*,*,#3389,.F.);
#3686 = ORIENTED_EDGE('',*,*,#3687,.F.);
#3687 = EDGE_CURVE('',#3688,#3382,#3690,.T.);
#3688 = VERTEX_POINT('',#3689);
#3689 = CARTESIAN_POINT('',(206.5,56.1,16.1));
#3690 = LINE('',#3691,#3692);
#3691 = CARTESIAN_POINT('',(206.5,56.1,16.1));
#3692 = VECTOR('',#3693,1.);
#3693 = DIRECTION('',(-1.,1.110223024625E-16,0.));
#3694 = ORIENTED_EDGE('',*,*,#3695,.T.);
#3695 = EDGE_CURVE('',#3688,#3696,#3698,.T.);
#3696 = VERTEX_POINT('',#3697);
#3697 = CARTESIAN_POINT('',(206.5,70.,16.1));
#3698 = LINE('',#3699,#3700);
#3699 = CARTESIAN_POINT('',(206.5,56.1,16.1));
#3700 = VECTOR('',#3701,1.);
#3701 = DIRECTION('',(1.110223024625E-16,1.,0.));
#3702 = ORIENTED_EDGE('',*,*,#3703,.T.);
#3703 = EDGE_CURVE('',#3696,#3343,#3704,.T.);
#3704 = LINE('',#3705,#3706);
#3705 = CARTESIAN_POINT('',(207.,70.,16.1));
#3706 = VECTOR('',#3707,1.);
#3707 = DIRECTION('',(-1.,1.110223024625E-16,0.));
#3708 = PLANE('',#3709);
#3709 = AXIS2_PLACEMENT_3D('',#3710,#3711,#3712);
#3710 = CARTESIAN_POINT('',(206.5,56.1,16.1));
#3711 = DIRECTION('',(0.,0.,1.));
#3712 = DIRECTION('',(1.110223024625E-16,1.,0.));
#3713 = ADVANCED_FACE('',(#3714),#3732,.F.);
#3714 = FACE_BOUND('',#3715,.F.);
#3715 = EDGE_LOOP('',(#3716,#3724,#3725,#3726));
#3716 = ORIENTED_EDGE('',*,*,#3717,.F.);
#3717 = EDGE_CURVE('',#3688,#3718,#3720,.T.);
#3718 = VERTEX_POINT('',#3719);
#3719 = CARTESIAN_POINT('',(206.5,56.1,33.9));
#3720 = LINE('',#3721,#3722);
#3721 = CARTESIAN_POINT('',(206.5,56.1,16.1));
#3722 = VECTOR('',#3723,1.);
#3723 = DIRECTION('',(0.,0.,1.));
#3724 = ORIENTED_EDGE('',*,*,#3687,.T.);
#3725 = ORIENTED_EDGE('',*,*,#3381,.T.);
#3726 = ORIENTED_EDGE('',*,*,#3727,.F.);
#3727 = EDGE_CURVE('',#3718,#3374,#3728,.T.);
#3728 = LINE('',#3729,#3730);
#3729 = CARTESIAN_POINT('',(206.5,56.1,33.9));
#3730 = VECTOR('',#3731,1.);
#3731 = DIRECTION('',(-1.,1.110223024625E-16,0.));
#3732 = PLANE('',#3733);
#3733 = AXIS2_PLACEMENT_3D('',#3734,#3735,#3736);
#3734 = CARTESIAN_POINT('',(206.5,56.1,16.1));
#3735 = DIRECTION('',(1.110223024625E-16,1.,0.));
#3736 = DIRECTION('',(0.,0.,1.));
#3737 = ADVANCED_FACE('',(#3738,#3756),#3767,.T.);
#3738 = FACE_BOUND('',#3739,.T.);
#3739 = EDGE_LOOP('',(#3740,#3741,#3742,#3750));
#3740 = ORIENTED_EDGE('',*,*,#3373,.F.);
#3741 = ORIENTED_EDGE('',*,*,#3727,.F.);
#3742 = ORIENTED_EDGE('',*,*,#3743,.T.);
#3743 = EDGE_CURVE('',#3718,#3744,#3746,.T.);
#3744 = VERTEX_POINT('',#3745);
#3745 = CARTESIAN_POINT('',(206.5,70.,33.9));
#3746 = LINE('',#3747,#3748);
#3747 = CARTESIAN_POINT('',(206.5,56.1,33.9));
#3748 = VECTOR('',#3749,1.);
#3749 = DIRECTION('',(1.110223024625E-16,1.,0.));
#3750 = ORIENTED_EDGE('',*,*,#3751,.T.);
#3751 = EDGE_CURVE('',#3744,#3366,#3752,.T.);
#3752 = LINE('',#3753,#3754);
#3753 = CARTESIAN_POINT('',(207.,70.,33.9));
#3754 = VECTOR('',#3755,1.);
#3755 = DIRECTION('',(-1.,1.110223024625E-16,0.));
#3756 = FACE_BOUND('',#3757,.T.);
#3757 = EDGE_LOOP('',(#3758));
#3758 = ORIENTED_EDGE('',*,*,#3759,.F.);
#3759 = EDGE_CURVE('',#3760,#3760,#3762,.T.);
#3760 = VERTEX_POINT('',#3761);
#3761 = CARTESIAN_POINT('',(193.5,65.1,33.9));
#3762 = CIRCLE('',#3763,1.1);
#3763 = AXIS2_PLACEMENT_3D('',#3764,#3765,#3766);
#3764 = CARTESIAN_POINT('',(193.5,64.,33.9));
#3765 = DIRECTION('',(0.,-0.,1.));
#3766 = DIRECTION('',(1.110223024625E-16,1.,0.));
#3767 = PLANE('',#3768);
#3768 = AXIS2_PLACEMENT_3D('',#3769,#3770,#3771);
#3769 = CARTESIAN_POINT('',(206.5,56.1,33.9));
#3770 = DIRECTION('',(0.,0.,1.));
#3771 = DIRECTION('',(1.110223024625E-16,1.,0.));
#3772 = ADVANCED_FACE('',(#3773),#3784,.F.);
#3773 = FACE_BOUND('',#3774,.F.);
#3774 = EDGE_LOOP('',(#3775,#3776,#3782,#3783));
#3775 = ORIENTED_EDGE('',*,*,#3503,.F.);
#3776 = ORIENTED_EDGE('',*,*,#3777,.F.);
#3777 = EDGE_CURVE('',#3398,#3504,#3778,.T.);
#3778 = LINE('',#3779,#3780);
#3779 = CARTESIAN_POINT('',(181.5,24.,8.6));
#3780 = VECTOR('',#3781,1.);
#3781 = DIRECTION('',(-1.,1.110223024625E-16,0.));
#3782 = ORIENTED_EDGE('',*,*,#3397,.T.);
#3783 = ORIENTED_EDGE('',*,*,#3777,.T.);
#3784 = CYLINDRICAL_SURFACE('',#3785,1.6);
#3785 = AXIS2_PLACEMENT_3D('',#3786,#3787,#3788);
#3786 = CARTESIAN_POINT('',(181.5,24.,7.));
#3787 = DIRECTION('',(-1.,1.110223024625E-16,0.));
#3788 = DIRECTION('',(0.,0.,1.));
#3789 = ADVANCED_FACE('',(#3790),#3806,.F.);
#3790 = FACE_BOUND('',#3791,.F.);
#3791 = EDGE_LOOP('',(#3792,#3793,#3799,#3800));
#3792 = ORIENTED_EDGE('',*,*,#3408,.T.);
#3793 = ORIENTED_EDGE('',*,*,#3794,.T.);
#3794 = EDGE_CURVE('',#3411,#3562,#3795,.T.);
#3795 = LINE('',#3796,#3797);
#3796 = CARTESIAN_POINT('',(181.5,6.,27.25));
#3797 = VECTOR('',#3798,1.);
#3798 = DIRECTION('',(-1.,1.110223024625E-16,0.));
#3799 = ORIENTED_EDGE('',*,*,#3559,.F.);
#3800 = ORIENTED_EDGE('',*,*,#3801,.F.);
#3801 = EDGE_CURVE('',#3409,#3560,#3802,.T.);
#3802 = LINE('',#3803,#3804);
#3803 = CARTESIAN_POINT('',(181.5,6.,22.75));
#3804 = VECTOR('',#3805,1.);
#3805 = DIRECTION('',(-1.,1.110223024625E-16,0.));
#3806 = CYLINDRICAL_SURFACE('',#3807,2.25);
#3807 = AXIS2_PLACEMENT_3D('',#3808,#3809,#3810);
#3808 = CARTESIAN_POINT('',(181.5,6.,25.));
#3809 = DIRECTION('',(-1.,1.110223024625E-16,0.));
#3810 = DIRECTION('',(0.,0.,1.));
#3811 = ADVANCED_FACE('',(#3812),#3823,.T.);
#3812 = FACE_BOUND('',#3813,.T.);
#3813 = EDGE_LOOP('',(#3814,#3815,#3816,#3822));
#3814 = ORIENTED_EDGE('',*,*,#3801,.F.);
#3815 = ORIENTED_EDGE('',*,*,#3419,.T.);
#3816 = ORIENTED_EDGE('',*,*,#3817,.T.);
#3817 = EDGE_CURVE('',#3420,#3571,#3818,.T.);
#3818 = LINE('',#3819,#3820);
#3819 = CARTESIAN_POINT('',(181.5,14.,22.75));
#3820 = VECTOR('',#3821,1.);
#3821 = DIRECTION('',(-1.,1.110223024625E-16,0.));
#3822 = ORIENTED_EDGE('',*,*,#3570,.F.);
#3823 = PLANE('',#3824);
#3824 = AXIS2_PLACEMENT_3D('',#3825,#3826,#3827);
#3825 = CARTESIAN_POINT('',(181.5,6.,22.75));
#3826 = DIRECTION('',(0.,0.,1.));
#3827 = DIRECTION('',(1.110223024625E-16,1.,0.));
#3828 = ADVANCED_FACE('',(#3829),#3847,.F.);
#3829 = FACE_BOUND('',#3830,.F.);
#3830 = EDGE_LOOP('',(#3831,#3832,#3833,#3841));
#3831 = ORIENTED_EDGE('',*,*,#3794,.F.);
#3832 = ORIENTED_EDGE('',*,*,#3436,.T.);
#3833 = ORIENTED_EDGE('',*,*,#3834,.T.);
#3834 = EDGE_CURVE('',#3428,#3835,#3837,.T.);
#3835 = VERTEX_POINT('',#3836);
#3836 = CARTESIAN_POINT('',(178.5,14.,27.25));
#3837 = LINE('',#3838,#3839);
#3838 = CARTESIAN_POINT('',(181.5,14.,27.25));
#3839 = VECTOR('',#3840,1.);
#3840 = DIRECTION('',(-1.,1.110223024625E-16,0.));
#3841 = ORIENTED_EDGE('',*,*,#3842,.F.);
#3842 = EDGE_CURVE('',#3562,#3835,#3843,.T.);
#3843 = LINE('',#3844,#3845);
#3844 = CARTESIAN_POINT('',(178.5,3.,27.25));
#3845 = VECTOR('',#3846,1.);
#3846 = DIRECTION('',(1.110223024625E-16,1.,0.));
#3847 = PLANE('',#3848);
#3848 = AXIS2_PLACEMENT_3D('',#3849,#3850,#3851);
#3849 = CARTESIAN_POINT('',(181.5,6.,27.25));
#3850 = DIRECTION('',(0.,0.,1.));
#3851 = DIRECTION('',(1.110223024625E-16,1.,0.));
#3852 = ADVANCED_FACE('',(#3853),#3866,.F.);
#3853 = FACE_BOUND('',#3854,.F.);
#3854 = EDGE_LOOP('',(#3855,#3862,#3863,#3864,#3865));
#3855 = ORIENTED_EDGE('',*,*,#3856,.F.);
#3856 = EDGE_CURVE('',#3835,#3579,#3857,.T.);
#3857 = CIRCLE('',#3858,2.25);
#3858 = AXIS2_PLACEMENT_3D('',#3859,#3860,#3861);
#3859 = CARTESIAN_POINT('',(178.5,14.,25.));
#3860 = DIRECTION('',(-1.,1.110223024625E-16,0.));
#3861 = DIRECTION('',(0.,0.,1.));
#3862 = ORIENTED_EDGE('',*,*,#3834,.F.);
#3863 = ORIENTED_EDGE('',*,*,#3427,.T.);
#3864 = ORIENTED_EDGE('',*,*,#3817,.T.);
#3865 = ORIENTED_EDGE('',*,*,#3578,.F.);
#3866 = CYLINDRICAL_SURFACE('',#3867,2.25);
#3867 = AXIS2_PLACEMENT_3D('',#3868,#3869,#3870);
#3868 = CARTESIAN_POINT('',(181.5,14.,25.));
#3869 = DIRECTION('',(-1.,1.110223024625E-16,0.));
#3870 = DIRECTION('',(0.,0.,1.));
#3871 = ADVANCED_FACE('',(#3872),#3883,.F.);
#3872 = FACE_BOUND('',#3873,.F.);
#3873 = EDGE_LOOP('',(#3874,#3875,#3881,#3882));
#3874 = ORIENTED_EDGE('',*,*,#3548,.F.);
#3875 = ORIENTED_EDGE('',*,*,#3876,.F.);
#3876 = EDGE_CURVE('',#3445,#3549,#3877,.T.);
#3877 = LINE('',#3878,#3879);
#3878 = CARTESIAN_POINT('',(181.5,46.,8.6));
#3879 = VECTOR('',#3880,1.);
#3880 = DIRECTION('',(-1.,1.110223024625E-16,0.));
#3881 = ORIENTED_EDGE('',*,*,#3444,.T.);
#3882 = ORIENTED_EDGE('',*,*,#3876,.T.);
#3883 = CYLINDRICAL_SURFACE('',#3884,1.6);
#3884 = AXIS2_PLACEMENT_3D('',#3885,#3886,#3887);
#3885 = CARTESIAN_POINT('',(181.5,46.,7.));
#3886 = DIRECTION('',(-1.,1.110223024625E-16,0.));
#3887 = DIRECTION('',(0.,0.,1.));
#3888 = ADVANCED_FACE('',(#3889),#3930,.F.);
#3889 = FACE_BOUND('',#3890,.F.);
#3890 = EDGE_LOOP('',(#3891,#3892,#3900,#3908,#3916,#3924));
#3891 = ORIENTED_EDGE('',*,*,#3514,.F.);
#3892 = ORIENTED_EDGE('',*,*,#3893,.T.);
#3893 = EDGE_CURVE('',#3515,#3894,#3896,.T.);
#3894 = VERTEX_POINT('',#3895);
#3895 = CARTESIAN_POINT('',(123.5,16.,15.5));
#3896 = LINE('',#3897,#3898);
#3897 = CARTESIAN_POINT('',(178.5,16.,15.5));
#3898 = VECTOR('',#3899,1.);
#3899 = DIRECTION('',(-1.,1.110223024625E-16,0.));
#3900 = ORIENTED_EDGE('',*,*,#3901,.T.);
#3901 = EDGE_CURVE('',#3894,#3902,#3904,.T.);
#3902 = VERTEX_POINT('',#3903);
#3903 = CARTESIAN_POINT('',(123.5,16.,17.3));
#3904 = LINE('',#3905,#3906);
#3905 = CARTESIAN_POINT('',(123.5,16.,15.5));
#3906 = VECTOR('',#3907,1.);
#3907 = DIRECTION('',(0.,0.,1.));
#3908 = ORIENTED_EDGE('',*,*,#3909,.T.);
#3909 = EDGE_CURVE('',#3902,#3910,#3912,.T.);
#3910 = VERTEX_POINT('',#3911);
#3911 = CARTESIAN_POINT('',(124.7,16.,18.5));
#3912 = LINE('',#3913,#3914);
#3913 = CARTESIAN_POINT('',(137.1,16.,30.9));
#3914 = VECTOR('',#3915,1.);
#3915 = DIRECTION('',(0.707106781187,-7.850462293419E-17,0.707106781187)
  );
#3916 = ORIENTED_EDGE('',*,*,#3917,.F.);
#3917 = EDGE_CURVE('',#3918,#3910,#3920,.T.);
#3918 = VERTEX_POINT('',#3919);
#3919 = CARTESIAN_POINT('',(177.3,16.,18.5));
#3920 = LINE('',#3921,#3922);
#3921 = CARTESIAN_POINT('',(178.5,16.,18.5));
#3922 = VECTOR('',#3923,1.);
#3923 = DIRECTION('',(-1.,1.110223024625E-16,0.));
#3924 = ORIENTED_EDGE('',*,*,#3925,.F.);
#3925 = EDGE_CURVE('',#3517,#3918,#3926,.T.);
#3926 = LINE('',#3927,#3928);
#3927 = CARTESIAN_POINT('',(178.65,16.,17.15));
#3928 = VECTOR('',#3929,1.);
#3929 = DIRECTION('',(-0.707106781187,7.850462293419E-17,0.707106781187)
  );
#3930 = PLANE('',#3931);
#3931 = AXIS2_PLACEMENT_3D('',#3932,#3933,#3934);
#3932 = CARTESIAN_POINT('',(178.5,16.,15.5));
#3933 = DIRECTION('',(1.110223024625E-16,1.,0.));
#3934 = DIRECTION('',(0.,0.,1.));
#3935 = ADVANCED_FACE('',(#3936),#3954,.F.);
#3936 = FACE_BOUND('',#3937,.T.);
#3937 = EDGE_LOOP('',(#3938,#3939,#3940,#3948));
#3938 = ORIENTED_EDGE('',*,*,#3925,.F.);
#3939 = ORIENTED_EDGE('',*,*,#3540,.T.);
#3940 = ORIENTED_EDGE('',*,*,#3941,.T.);
#3941 = EDGE_CURVE('',#3533,#3942,#3944,.T.);
#3942 = VERTEX_POINT('',#3943);
#3943 = CARTESIAN_POINT('',(177.3,54.,18.5));
#3944 = LINE('',#3945,#3946);
#3945 = CARTESIAN_POINT('',(178.65,54.,17.15));
#3946 = VECTOR('',#3947,1.);
#3947 = DIRECTION('',(-0.707106781187,7.850462293419E-17,0.707106781187)
  );
#3948 = ORIENTED_EDGE('',*,*,#3949,.F.);
#3949 = EDGE_CURVE('',#3918,#3942,#3950,.T.);
#3950 = LINE('',#3951,#3952);
#3951 = CARTESIAN_POINT('',(177.3,16.,18.5));
#3952 = VECTOR('',#3953,1.);
#3953 = DIRECTION('',(1.110223024625E-16,1.,0.));
#3954 = PLANE('',#3955);
#3955 = AXIS2_PLACEMENT_3D('',#3956,#3957,#3958);
#3956 = CARTESIAN_POINT('',(177.9,16.,17.9));
#3957 = DIRECTION('',(-0.707106781187,7.850462293419E-17,-0.707106781187
    ));
#3958 = DIRECTION('',(-1.110223024625E-16,-1.,0.));
#3959 = ADVANCED_FACE('',(#3960),#3994,.T.);
#3960 = FACE_BOUND('',#3961,.T.);
#3961 = EDGE_LOOP('',(#3962,#3963,#3971,#3979,#3987,#3993));
#3962 = ORIENTED_EDGE('',*,*,#3532,.F.);
#3963 = ORIENTED_EDGE('',*,*,#3964,.T.);
#3964 = EDGE_CURVE('',#3525,#3965,#3967,.T.);
#3965 = VERTEX_POINT('',#3966);
#3966 = CARTESIAN_POINT('',(123.5,54.,15.5));
#3967 = LINE('',#3968,#3969);
#3968 = CARTESIAN_POINT('',(178.5,54.,15.5));
#3969 = VECTOR('',#3970,1.);
#3970 = DIRECTION('',(-1.,1.110223024625E-16,0.));
#3971 = ORIENTED_EDGE('',*,*,#3972,.T.);
#3972 = EDGE_CURVE('',#3965,#3973,#3975,.T.);
#3973 = VERTEX_POINT('',#3974);
#3974 = CARTESIAN_POINT('',(123.5,54.,17.3));
#3975 = LINE('',#3976,#3977);
#3976 = CARTESIAN_POINT('',(123.5,54.,15.5));
#3977 = VECTOR('',#3978,1.);
#3978 = DIRECTION('',(0.,0.,1.));
#3979 = ORIENTED_EDGE('',*,*,#3980,.T.);
#3980 = EDGE_CURVE('',#3973,#3981,#3983,.T.);
#3981 = VERTEX_POINT('',#3982);
#3982 = CARTESIAN_POINT('',(124.7,54.,18.5));
#3983 = LINE('',#3984,#3985);
#3984 = CARTESIAN_POINT('',(137.1,54.,30.9));
#3985 = VECTOR('',#3986,1.);
#3986 = DIRECTION('',(0.707106781187,-7.850462293419E-17,0.707106781187)
  );
#3987 = ORIENTED_EDGE('',*,*,#3988,.F.);
#3988 = EDGE_CURVE('',#3942,#3981,#3989,.T.);
#3989 = LINE('',#3990,#3991);
#3990 = CARTESIAN_POINT('',(178.5,54.,18.5));
#3991 = VECTOR('',#3992,1.);
#3992 = DIRECTION('',(-1.,1.110223024625E-16,0.));
#3993 = ORIENTED_EDGE('',*,*,#3941,.F.);
#3994 = PLANE('',#3995);
#3995 = AXIS2_PLACEMENT_3D('',#3996,#3997,#3998);
#3996 = CARTESIAN_POINT('',(178.5,54.,15.5));
#3997 = DIRECTION('',(1.110223024625E-16,1.,0.));
#3998 = DIRECTION('',(0.,0.,1.));
#3999 = ADVANCED_FACE('',(#4000),#4011,.F.);
#4000 = FACE_BOUND('',#4001,.F.);
#4001 = EDGE_LOOP('',(#4002,#4003,#4004,#4005));
#4002 = ORIENTED_EDGE('',*,*,#3893,.F.);
#4003 = ORIENTED_EDGE('',*,*,#3524,.T.);
#4004 = ORIENTED_EDGE('',*,*,#3964,.T.);
#4005 = ORIENTED_EDGE('',*,*,#4006,.F.);
#4006 = EDGE_CURVE('',#3894,#3965,#4007,.T.);
#4007 = LINE('',#4008,#4009);
#4008 = CARTESIAN_POINT('',(123.5,16.,15.5));
#4009 = VECTOR('',#4010,1.);
#4010 = DIRECTION('',(1.110223024625E-16,1.,0.));
#4011 = PLANE('',#4012);
#4012 = AXIS2_PLACEMENT_3D('',#4013,#4014,#4015);
#4013 = CARTESIAN_POINT('',(178.5,16.,15.5));
#4014 = DIRECTION('',(0.,0.,1.));
#4015 = DIRECTION('',(1.110223024625E-16,1.,0.));
#4016 = ADVANCED_FACE('',(#4017),#4090,.F.);
#4017 = FACE_BOUND('',#4018,.F.);
#4018 = EDGE_LOOP('',(#4019,#4027,#4035,#4043,#4051,#4059,#4067,#4075,
    #4083,#4089));
#4019 = ORIENTED_EDGE('',*,*,#4020,.F.);
#4020 = EDGE_CURVE('',#4021,#3562,#4023,.T.);
#4021 = VERTEX_POINT('',#4022);
#4022 = CARTESIAN_POINT('',(178.5,6.,27.));
#4023 = LINE('',#4024,#4025);
#4024 = CARTESIAN_POINT('',(178.5,6.,27.));
#4025 = VECTOR('',#4026,1.);
#4026 = DIRECTION('',(0.,0.,1.));
#4027 = ORIENTED_EDGE('',*,*,#4028,.T.);
#4028 = EDGE_CURVE('',#4021,#4029,#4031,.T.);
#4029 = VERTEX_POINT('',#4030);
#4030 = CARTESIAN_POINT('',(123.5,6.,27.));
#4031 = LINE('',#4032,#4033);
#4032 = CARTESIAN_POINT('',(178.5,6.,27.));
#4033 = VECTOR('',#4034,1.);
#4034 = DIRECTION('',(-1.,1.110223024625E-16,0.));
#4035 = ORIENTED_EDGE('',*,*,#4036,.T.);
#4036 = EDGE_CURVE('',#4029,#4037,#4039,.T.);
#4037 = VERTEX_POINT('',#4038);
#4038 = CARTESIAN_POINT('',(123.5,6.,27.25));
#4039 = LINE('',#4040,#4041);
#4040 = CARTESIAN_POINT('',(123.5,6.,27.));
#4041 = VECTOR('',#4042,1.);
#4042 = DIRECTION('',(0.,0.,1.));
#4043 = ORIENTED_EDGE('',*,*,#4044,.T.);
#4044 = EDGE_CURVE('',#4037,#4045,#4047,.T.);
#4045 = VERTEX_POINT('',#4046);
#4046 = CARTESIAN_POINT('',(123.5,6.,28.8));
#4047 = LINE('',#4048,#4049);
#4048 = CARTESIAN_POINT('',(123.5,6.,27.));
#4049 = VECTOR('',#4050,1.);
#4050 = DIRECTION('',(0.,0.,1.));
#4051 = ORIENTED_EDGE('',*,*,#4052,.F.);
#4052 = EDGE_CURVE('',#4053,#4045,#4055,.T.);
#4053 = VERTEX_POINT('',#4054);
#4054 = CARTESIAN_POINT('',(124.5,6.,28.8));
#4055 = LINE('',#4056,#4057);
#4056 = CARTESIAN_POINT('',(178.5,6.,28.8));
#4057 = VECTOR('',#4058,1.);
#4058 = DIRECTION('',(-1.,1.110223024625E-16,0.));
#4059 = ORIENTED_EDGE('',*,*,#4060,.T.);
#4060 = EDGE_CURVE('',#4053,#4061,#4063,.T.);
#4061 = VERTEX_POINT('',#4062);
#4062 = CARTESIAN_POINT('',(124.5,6.,27.2));
#4063 = LINE('',#4064,#4065);
#4064 = CARTESIAN_POINT('',(124.5,6.,26.));
#4065 = VECTOR('',#4066,1.);
#4066 = DIRECTION('',(-0.,0.,-1.));
#4067 = ORIENTED_EDGE('',*,*,#4068,.F.);
#4068 = EDGE_CURVE('',#4069,#4061,#4071,.T.);
#4069 = VERTEX_POINT('',#4070);
#4070 = CARTESIAN_POINT('',(177.5,6.,27.2));
#4071 = LINE('',#4072,#4073);
#4072 = CARTESIAN_POINT('',(178.5,6.,27.2));
#4073 = VECTOR('',#4074,1.);
#4074 = DIRECTION('',(-1.,1.110223024625E-16,0.));
#4075 = ORIENTED_EDGE('',*,*,#4076,.F.);
#4076 = EDGE_CURVE('',#4077,#4069,#4079,.T.);
#4077 = VERTEX_POINT('',#4078);
#4078 = CARTESIAN_POINT('',(177.5,6.,28.8));
#4079 = LINE('',#4080,#4081);
#4080 = CARTESIAN_POINT('',(177.5,6.,26.));
#4081 = VECTOR('',#4082,1.);
#4082 = DIRECTION('',(-0.,0.,-1.));
#4083 = ORIENTED_EDGE('',*,*,#4084,.F.);
#4084 = EDGE_CURVE('',#3629,#4077,#4085,.T.);
#4085 = LINE('',#4086,#4087);
#4086 = CARTESIAN_POINT('',(178.5,6.,28.8));
#4087 = VECTOR('',#4088,1.);
#4088 = DIRECTION('',(-1.,1.110223024625E-16,0.));
#4089 = ORIENTED_EDGE('',*,*,#3636,.F.);
#4090 = PLANE('',#4091);
#4091 = AXIS2_PLACEMENT_3D('',#4092,#4093,#4094);
#4092 = CARTESIAN_POINT('',(178.5,6.,27.));
#4093 = DIRECTION('',(1.110223024625E-16,1.,0.));
#4094 = DIRECTION('',(0.,0.,1.));
#4095 = ADVANCED_FACE('',(#4096),#4114,.F.);
#4096 = FACE_BOUND('',#4097,.F.);
#4097 = EDGE_LOOP('',(#4098,#4099,#4100,#4108));
#4098 = ORIENTED_EDGE('',*,*,#3628,.F.);
#4099 = ORIENTED_EDGE('',*,*,#4084,.T.);
#4100 = ORIENTED_EDGE('',*,*,#4101,.F.);
#4101 = EDGE_CURVE('',#4102,#4077,#4104,.T.);
#4102 = VERTEX_POINT('',#4103);
#4103 = CARTESIAN_POINT('',(177.5,7.2,30.));
#4104 = LINE('',#4105,#4106);
#4105 = CARTESIAN_POINT('',(177.5,5.35,28.15));
#4106 = VECTOR('',#4107,1.);
#4107 = DIRECTION('',(-7.850462293419E-17,-0.707106781187,
    -0.707106781187));
#4108 = ORIENTED_EDGE('',*,*,#4109,.F.);
#4109 = EDGE_CURVE('',#3621,#4102,#4110,.T.);
#4110 = LINE('',#4111,#4112);
#4111 = CARTESIAN_POINT('',(178.5,7.2,30.));
#4112 = VECTOR('',#4113,1.);
#4113 = DIRECTION('',(-1.,1.110223024625E-16,0.));
#4114 = PLANE('',#4115);
#4115 = AXIS2_PLACEMENT_3D('',#4116,#4117,#4118);
#4116 = CARTESIAN_POINT('',(178.5,6.6,29.4));
#4117 = DIRECTION('',(7.850462293419E-17,0.707106781187,-0.707106781187)
  );
#4118 = DIRECTION('',(-1.,1.110223024625E-16,0.));
#4119 = ADVANCED_FACE('',(#4120,#4248),#4314,.F.);
#4120 = FACE_BOUND('',#4121,.F.);
#4121 = EDGE_LOOP('',(#4122,#4130,#4131,#4137,#4138,#4146,#4154,#4162,
    #4170,#4178,#4186,#4194,#4202,#4210,#4218,#4226,#4234,#4242));
#4122 = ORIENTED_EDGE('',*,*,#4123,.F.);
#4123 = EDGE_CURVE('',#4029,#4124,#4126,.T.);
#4124 = VERTEX_POINT('',#4125);
#4125 = CARTESIAN_POINT('',(123.5,15.030776406404,27.));
#4126 = LINE('',#4127,#4128);
#4127 = CARTESIAN_POINT('',(123.5,6.,27.));
#4128 = VECTOR('',#4129,1.);
#4129 = DIRECTION('',(1.110223024625E-16,1.,0.));
#4130 = ORIENTED_EDGE('',*,*,#4028,.F.);
#4131 = ORIENTED_EDGE('',*,*,#4132,.T.);
#4132 = EDGE_CURVE('',#4021,#3579,#4133,.T.);
#4133 = LINE('',#4134,#4135);
#4134 = CARTESIAN_POINT('',(178.5,6.,27.));
#4135 = VECTOR('',#4136,1.);
#4136 = DIRECTION('',(1.110223024625E-16,1.,0.));
#4137 = ORIENTED_EDGE('',*,*,#3587,.T.);
#4138 = ORIENTED_EDGE('',*,*,#4139,.T.);
#4139 = EDGE_CURVE('',#3588,#4140,#4142,.T.);
#4140 = VERTEX_POINT('',#4141);
#4141 = CARTESIAN_POINT('',(178.5,64.,27.));
#4142 = LINE('',#4143,#4144);
#4143 = CARTESIAN_POINT('',(178.5,6.,27.));
#4144 = VECTOR('',#4145,1.);
#4145 = DIRECTION('',(1.110223024625E-16,1.,0.));
#4146 = ORIENTED_EDGE('',*,*,#4147,.T.);
#4147 = EDGE_CURVE('',#4140,#4148,#4150,.T.);
#4148 = VERTEX_POINT('',#4149);
#4149 = CARTESIAN_POINT('',(177.5,64.,27.));
#4150 = LINE('',#4151,#4152);
#4151 = CARTESIAN_POINT('',(178.5,64.,27.));
#4152 = VECTOR('',#4153,1.);
#4153 = DIRECTION('',(-1.,1.110223024625E-16,0.));
#4154 = ORIENTED_EDGE('',*,*,#4155,.F.);
#4155 = EDGE_CURVE('',#4156,#4148,#4158,.T.);
#4156 = VERTEX_POINT('',#4157);
#4157 = CARTESIAN_POINT('',(177.5,57.815341561574,27.));
#4158 = LINE('',#4159,#4160);
#4159 = CARTESIAN_POINT('',(177.5,35.,27.));
#4160 = VECTOR('',#4161,1.);
#4161 = DIRECTION('',(1.110223024625E-16,1.,0.));
#4162 = ORIENTED_EDGE('',*,*,#4163,.T.);
#4163 = EDGE_CURVE('',#4156,#4164,#4166,.T.);
#4164 = VERTEX_POINT('',#4165);
#4165 = CARTESIAN_POINT('',(176.,57.815341561574,27.));
#4166 = LINE('',#4167,#4168);
#4167 = CARTESIAN_POINT('',(177.5,57.815341561574,27.));
#4168 = VECTOR('',#4169,1.);
#4169 = DIRECTION('',(-1.,1.110223024625E-16,0.));
#4170 = ORIENTED_EDGE('',*,*,#4171,.T.);
#4171 = EDGE_CURVE('',#4164,#4172,#4174,.T.);
#4172 = VERTEX_POINT('',#4173);
#4173 = CARTESIAN_POINT('',(176.,59.417424305044,27.));
#4174 = LINE('',#4175,#4176);
#4175 = CARTESIAN_POINT('',(176.,35.,27.));
#4176 = VECTOR('',#4177,1.);
#4177 = DIRECTION('',(1.110223024625E-16,1.,0.));
#4178 = ORIENTED_EDGE('',*,*,#4179,.T.);
#4179 = EDGE_CURVE('',#4172,#4180,#4182,.T.);
#4180 = VERTEX_POINT('',#4181);
#4181 = CARTESIAN_POINT('',(126.,59.417424305044,27.));
#4182 = LINE('',#4183,#4184);
#4183 = CARTESIAN_POINT('',(176.,59.417424305044,27.));
#4184 = VECTOR('',#4185,1.);
#4185 = DIRECTION('',(-1.,1.110223024625E-16,0.));
#4186 = ORIENTED_EDGE('',*,*,#4187,.F.);
#4187 = EDGE_CURVE('',#4188,#4180,#4190,.T.);
#4188 = VERTEX_POINT('',#4189);
#4189 = CARTESIAN_POINT('',(126.,57.815341561574,27.));
#4190 = LINE('',#4191,#4192);
#4191 = CARTESIAN_POINT('',(126.,35.,27.));
#4192 = VECTOR('',#4193,1.);
#4193 = DIRECTION('',(1.110223024625E-16,1.,0.));
#4194 = ORIENTED_EDGE('',*,*,#4195,.T.);
#4195 = EDGE_CURVE('',#4188,#4196,#4198,.T.);
#4196 = VERTEX_POINT('',#4197);
#4197 = CARTESIAN_POINT('',(124.5,57.815341561574,27.));
#4198 = LINE('',#4199,#4200);
#4199 = CARTESIAN_POINT('',(126.,57.815341561574,27.));
#4200 = VECTOR('',#4201,1.);
#4201 = DIRECTION('',(-1.,1.110223024625E-16,0.));
#4202 = ORIENTED_EDGE('',*,*,#4203,.T.);
#4203 = EDGE_CURVE('',#4196,#4204,#4206,.T.);
#4204 = VERTEX_POINT('',#4205);
#4205 = CARTESIAN_POINT('',(124.5,63.083484861009,27.));
#4206 = LINE('',#4207,#4208);
#4207 = CARTESIAN_POINT('',(124.5,35.,27.));
#4208 = VECTOR('',#4209,1.);
#4209 = DIRECTION('',(1.110223024625E-16,1.,0.));
#4210 = ORIENTED_EDGE('',*,*,#4211,.F.);
#4211 = EDGE_CURVE('',#4212,#4204,#4214,.T.);
#4212 = VERTEX_POINT('',#4213);
#4213 = CARTESIAN_POINT('',(169.5,63.083484861009,27.));
#4214 = LINE('',#4215,#4216);
#4215 = CARTESIAN_POINT('',(169.5,63.083484861009,27.));
#4216 = VECTOR('',#4217,1.);
#4217 = DIRECTION('',(-1.,1.110223024625E-16,0.));
#4218 = ORIENTED_EDGE('',*,*,#4219,.T.);
#4219 = EDGE_CURVE('',#4212,#4220,#4222,.T.);
#4220 = VERTEX_POINT('',#4221);
#4221 = CARTESIAN_POINT('',(169.5,64.,27.));
#4222 = LINE('',#4223,#4224);
#4223 = CARTESIAN_POINT('',(169.5,35.,27.));
#4224 = VECTOR('',#4225,1.);
#4225 = DIRECTION('',(1.110223024625E-16,1.,0.));
#4226 = ORIENTED_EDGE('',*,*,#4227,.T.);
#4227 = EDGE_CURVE('',#4220,#4228,#4230,.T.);
#4228 = VERTEX_POINT('',#4229);
#4229 = CARTESIAN_POINT('',(123.5,64.,27.));
#4230 = LINE('',#4231,#4232);
#4231 = CARTESIAN_POINT('',(178.5,64.,27.));
#4232 = VECTOR('',#4233,1.);
#4233 = DIRECTION('',(-1.,1.110223024625E-16,0.));
#4234 = ORIENTED_EDGE('',*,*,#4235,.F.);
#4235 = EDGE_CURVE('',#4236,#4228,#4238,.T.);
#4236 = VERTEX_POINT('',#4237);
#4237 = CARTESIAN_POINT('',(123.5,63.083484861009,27.));
#4238 = LINE('',#4239,#4240);
#4239 = CARTESIAN_POINT('',(123.5,6.,27.));
#4240 = VECTOR('',#4241,1.);
#4241 = DIRECTION('',(1.110223024625E-16,1.,0.));
#4242 = ORIENTED_EDGE('',*,*,#4243,.F.);
#4243 = EDGE_CURVE('',#4124,#4236,#4244,.T.);
#4244 = LINE('',#4245,#4246);
#4245 = CARTESIAN_POINT('',(123.5,6.,27.));
#4246 = VECTOR('',#4247,1.);
#4247 = DIRECTION('',(1.110223024625E-16,1.,0.));
#4248 = FACE_BOUND('',#4249,.F.);
#4249 = EDGE_LOOP('',(#4250,#4260,#4268,#4276,#4284,#4292,#4300,#4308));
#4250 = ORIENTED_EDGE('',*,*,#4251,.F.);
#4251 = EDGE_CURVE('',#4252,#4254,#4256,.T.);
#4252 = VERTEX_POINT('',#4253);
#4253 = CARTESIAN_POINT('',(176.,10.582575694956,27.));
#4254 = VERTEX_POINT('',#4255);
#4255 = CARTESIAN_POINT('',(126.,10.582575694956,27.));
#4256 = LINE('',#4257,#4258);
#4257 = CARTESIAN_POINT('',(176.,10.582575694956,27.));
#4258 = VECTOR('',#4259,1.);
#4259 = DIRECTION('',(-1.,1.110223024625E-16,0.));
#4260 = ORIENTED_EDGE('',*,*,#4261,.T.);
#4261 = EDGE_CURVE('',#4252,#4262,#4264,.T.);
#4262 = VERTEX_POINT('',#4263);
#4263 = CARTESIAN_POINT('',(176.,12.184658438426,27.));
#4264 = LINE('',#4265,#4266);
#4265 = CARTESIAN_POINT('',(176.,6.,27.));
#4266 = VECTOR('',#4267,1.);
#4267 = DIRECTION('',(1.110223024625E-16,1.,0.));
#4268 = ORIENTED_EDGE('',*,*,#4269,.F.);
#4269 = EDGE_CURVE('',#4270,#4262,#4272,.T.);
#4270 = VERTEX_POINT('',#4271);
#4271 = CARTESIAN_POINT('',(177.5,12.184658438426,27.));
#4272 = LINE('',#4273,#4274);
#4273 = CARTESIAN_POINT('',(177.5,12.184658438426,27.));
#4274 = VECTOR('',#4275,1.);
#4275 = DIRECTION('',(-1.,1.110223024625E-16,0.));
#4276 = ORIENTED_EDGE('',*,*,#4277,.F.);
#4277 = EDGE_CURVE('',#4278,#4270,#4280,.T.);
#4278 = VERTEX_POINT('',#4279);
#4279 = CARTESIAN_POINT('',(177.5,6.916515138991,27.));
#4280 = LINE('',#4281,#4282);
#4281 = CARTESIAN_POINT('',(177.5,6.,27.));
#4282 = VECTOR('',#4283,1.);
#4283 = DIRECTION('',(1.110223024625E-16,1.,0.));
#4284 = ORIENTED_EDGE('',*,*,#4285,.T.);
#4285 = EDGE_CURVE('',#4278,#4286,#4288,.T.);
#4286 = VERTEX_POINT('',#4287);
#4287 = CARTESIAN_POINT('',(124.5,6.916515138991,27.));
#4288 = LINE('',#4289,#4290);
#4289 = CARTESIAN_POINT('',(178.5,6.916515138991,27.));
#4290 = VECTOR('',#4291,1.);
#4291 = DIRECTION('',(-1.,1.110223024625E-16,0.));
#4292 = ORIENTED_EDGE('',*,*,#4293,.T.);
#4293 = EDGE_CURVE('',#4286,#4294,#4296,.T.);
#4294 = VERTEX_POINT('',#4295);
#4295 = CARTESIAN_POINT('',(124.5,12.184658438426,27.));
#4296 = LINE('',#4297,#4298);
#4297 = CARTESIAN_POINT('',(124.5,6.,27.));
#4298 = VECTOR('',#4299,1.);
#4299 = DIRECTION('',(1.110223024625E-16,1.,0.));
#4300 = ORIENTED_EDGE('',*,*,#4301,.F.);
#4301 = EDGE_CURVE('',#4302,#4294,#4304,.T.);
#4302 = VERTEX_POINT('',#4303);
#4303 = CARTESIAN_POINT('',(126.,12.184658438426,27.));
#4304 = LINE('',#4305,#4306);
#4305 = CARTESIAN_POINT('',(126.,12.184658438426,27.));
#4306 = VECTOR('',#4307,1.);
#4307 = DIRECTION('',(-1.,1.110223024625E-16,0.));
#4308 = ORIENTED_EDGE('',*,*,#4309,.F.);
#4309 = EDGE_CURVE('',#4254,#4302,#4310,.T.);
#4310 = LINE('',#4311,#4312);
#4311 = CARTESIAN_POINT('',(126.,6.,27.));
#4312 = VECTOR('',#4313,1.);
#4313 = DIRECTION('',(1.110223024625E-16,1.,0.));
#4314 = PLANE('',#4315);
#4315 = AXIS2_PLACEMENT_3D('',#4316,#4317,#4318);
#4316 = CARTESIAN_POINT('',(178.5,6.,27.));
#4317 = DIRECTION('',(0.,0.,1.));
#4318 = DIRECTION('',(1.110223024625E-16,1.,0.));
#4319 = ADVANCED_FACE('',(#4320),#4370,.T.);
#4320 = FACE_BOUND('',#4321,.T.);
#4321 = EDGE_LOOP('',(#4322,#4332,#4340,#4346,#4347,#4348,#4356,#4364));
#4322 = ORIENTED_EDGE('',*,*,#4323,.F.);
#4323 = EDGE_CURVE('',#4324,#4326,#4328,.T.);
#4324 = VERTEX_POINT('',#4325);
#4325 = CARTESIAN_POINT('',(176.,10.153311931459,30.));
#4326 = VERTEX_POINT('',#4327);
#4327 = CARTESIAN_POINT('',(176.,59.846688068541,30.));
#4328 = LINE('',#4329,#4330);
#4329 = CARTESIAN_POINT('',(176.,6.,30.));
#4330 = VECTOR('',#4331,1.);
#4331 = DIRECTION('',(1.110223024625E-16,1.,0.));
#4332 = ORIENTED_EDGE('',*,*,#4333,.F.);
#4333 = EDGE_CURVE('',#4334,#4324,#4336,.T.);
#4334 = VERTEX_POINT('',#4335);
#4335 = CARTESIAN_POINT('',(177.5,10.153311931459,30.));
#4336 = LINE('',#4337,#4338);
#4337 = CARTESIAN_POINT('',(177.5,10.153311931459,30.));
#4338 = VECTOR('',#4339,1.);
#4339 = DIRECTION('',(-1.,1.110223024625E-16,0.));
#4340 = ORIENTED_EDGE('',*,*,#4341,.F.);
#4341 = EDGE_CURVE('',#4102,#4334,#4342,.T.);
#4342 = LINE('',#4343,#4344);
#4343 = CARTESIAN_POINT('',(177.5,6.,30.));
#4344 = VECTOR('',#4345,1.);
#4345 = DIRECTION('',(1.110223024625E-16,1.,0.));
#4346 = ORIENTED_EDGE('',*,*,#4109,.F.);
#4347 = ORIENTED_EDGE('',*,*,#3620,.T.);
#4348 = ORIENTED_EDGE('',*,*,#4349,.T.);
#4349 = EDGE_CURVE('',#3613,#4350,#4352,.T.);
#4350 = VERTEX_POINT('',#4351);
#4351 = CARTESIAN_POINT('',(177.5,62.8,30.));
#4352 = LINE('',#4353,#4354);
#4353 = CARTESIAN_POINT('',(178.5,62.8,30.));
#4354 = VECTOR('',#4355,1.);
#4355 = DIRECTION('',(-1.,1.110223024625E-16,0.));
#4356 = ORIENTED_EDGE('',*,*,#4357,.F.);
#4357 = EDGE_CURVE('',#4358,#4350,#4360,.T.);
#4358 = VERTEX_POINT('',#4359);
#4359 = CARTESIAN_POINT('',(177.5,59.846688068541,30.));
#4360 = LINE('',#4361,#4362);
#4361 = CARTESIAN_POINT('',(177.5,35.,30.));
#4362 = VECTOR('',#4363,1.);
#4363 = DIRECTION('',(1.110223024625E-16,1.,0.));
#4364 = ORIENTED_EDGE('',*,*,#4365,.T.);
#4365 = EDGE_CURVE('',#4358,#4326,#4366,.T.);
#4366 = LINE('',#4367,#4368);
#4367 = CARTESIAN_POINT('',(177.5,59.846688068541,30.));
#4368 = VECTOR('',#4369,1.);
#4369 = DIRECTION('',(-1.,1.110223024625E-16,0.));
#4370 = PLANE('',#4371);
#4371 = AXIS2_PLACEMENT_3D('',#4372,#4373,#4374);
#4372 = CARTESIAN_POINT('',(178.5,6.,30.));
#4373 = DIRECTION('',(0.,0.,1.));
#4374 = DIRECTION('',(1.110223024625E-16,1.,0.));
#4375 = ADVANCED_FACE('',(#4376),#4402,.F.);
#4376 = FACE_BOUND('',#4377,.F.);
#4377 = EDGE_LOOP('',(#4378,#4387,#4393,#4400,#4401));
#4378 = ORIENTED_EDGE('',*,*,#4379,.T.);
#4379 = EDGE_CURVE('',#4380,#4380,#4382,.T.);
#4380 = VERTEX_POINT('',#4381);
#4381 = CARTESIAN_POINT('',(180.,64.,27.3));
#4382 = CIRCLE('',#4383,2.3);
#4383 = AXIS2_PLACEMENT_3D('',#4384,#4385,#4386);
#4384 = CARTESIAN_POINT('',(180.,64.,25.));
#4385 = DIRECTION('',(-1.,1.110223024625E-16,0.));
#4386 = DIRECTION('',(0.,0.,1.));
#4387 = ORIENTED_EDGE('',*,*,#4388,.T.);
#4388 = EDGE_CURVE('',#4380,#3596,#4389,.T.);
#4389 = LINE('',#4390,#4391);
#4390 = CARTESIAN_POINT('',(181.5,64.,27.3));
#4391 = VECTOR('',#4392,1.);
#4392 = DIRECTION('',(-1.,1.110223024625E-16,0.));
#4393 = ORIENTED_EDGE('',*,*,#4394,.F.);
#4394 = EDGE_CURVE('',#3588,#3596,#4395,.T.);
#4395 = CIRCLE('',#4396,2.3);
#4396 = AXIS2_PLACEMENT_3D('',#4397,#4398,#4399);
#4397 = CARTESIAN_POINT('',(178.5,64.,25.));
#4398 = DIRECTION('',(-1.,1.110223024625E-16,0.));
#4399 = DIRECTION('',(0.,0.,1.));
#4400 = ORIENTED_EDGE('',*,*,#3595,.F.);
#4401 = ORIENTED_EDGE('',*,*,#4388,.F.);
#4402 = CYLINDRICAL_SURFACE('',#4403,2.3);
#4403 = AXIS2_PLACEMENT_3D('',#4404,#4405,#4406);
#4404 = CARTESIAN_POINT('',(181.5,64.,25.));
#4405 = DIRECTION('',(-1.,1.110223024625E-16,0.));
#4406 = DIRECTION('',(0.,0.,1.));
#4407 = ADVANCED_FACE('',(#4408),#4426,.T.);
#4408 = FACE_BOUND('',#4409,.T.);
#4409 = EDGE_LOOP('',(#4410,#4411,#4419,#4425));
#4410 = ORIENTED_EDGE('',*,*,#3612,.F.);
#4411 = ORIENTED_EDGE('',*,*,#4412,.T.);
#4412 = EDGE_CURVE('',#3605,#4413,#4415,.T.);
#4413 = VERTEX_POINT('',#4414);
#4414 = CARTESIAN_POINT('',(177.5,64.,28.8));
#4415 = LINE('',#4416,#4417);
#4416 = CARTESIAN_POINT('',(178.5,64.,28.8));
#4417 = VECTOR('',#4418,1.);
#4418 = DIRECTION('',(-1.,1.110223024625E-16,0.));
#4419 = ORIENTED_EDGE('',*,*,#4420,.F.);
#4420 = EDGE_CURVE('',#4350,#4413,#4421,.T.);
#4421 = LINE('',#4422,#4423);
#4422 = CARTESIAN_POINT('',(177.5,64.65,28.15));
#4423 = VECTOR('',#4424,1.);
#4424 = DIRECTION('',(7.850462293419E-17,0.707106781187,-0.707106781187)
  );
#4425 = ORIENTED_EDGE('',*,*,#4349,.F.);
#4426 = PLANE('',#4427);
#4427 = AXIS2_PLACEMENT_3D('',#4428,#4429,#4430);
#4428 = CARTESIAN_POINT('',(178.5,63.4,29.4));
#4429 = DIRECTION('',(6.442841347715E-17,0.707106781187,0.707106781187)
  );
#4430 = DIRECTION('',(-1.,1.01068919302E-16,-9.953383160478E-18));
#4431 = ADVANCED_FACE('',(#4432),#4449,.T.);
#4432 = FACE_BOUND('',#4433,.T.);
#4433 = EDGE_LOOP('',(#4434,#4440,#4441,#4447,#4448));
#4434 = ORIENTED_EDGE('',*,*,#4435,.F.);
#4435 = EDGE_CURVE('',#4140,#3596,#4436,.T.);
#4436 = LINE('',#4437,#4438);
#4437 = CARTESIAN_POINT('',(178.5,64.,27.));
#4438 = VECTOR('',#4439,1.);
#4439 = DIRECTION('',(0.,0.,1.));
#4440 = ORIENTED_EDGE('',*,*,#4147,.T.);
#4441 = ORIENTED_EDGE('',*,*,#4442,.F.);
#4442 = EDGE_CURVE('',#4413,#4148,#4443,.T.);
#4443 = LINE('',#4444,#4445);
#4444 = CARTESIAN_POINT('',(177.5,64.,26.));
#4445 = VECTOR('',#4446,1.);
#4446 = DIRECTION('',(-0.,0.,-1.));
#4447 = ORIENTED_EDGE('',*,*,#4412,.F.);
#4448 = ORIENTED_EDGE('',*,*,#3604,.F.);
#4449 = PLANE('',#4450);
#4450 = AXIS2_PLACEMENT_3D('',#4451,#4452,#4453);
#4451 = CARTESIAN_POINT('',(178.5,64.,27.));
#4452 = DIRECTION('',(1.110223024625E-16,1.,0.));
#4453 = DIRECTION('',(0.,0.,1.));
#4454 = ADVANCED_FACE('',(#4455),#4466,.T.);
#4455 = FACE_BOUND('',#4456,.T.);
#4456 = EDGE_LOOP('',(#4457,#4458,#4464,#4465));
#4457 = ORIENTED_EDGE('',*,*,#3751,.F.);
#4458 = ORIENTED_EDGE('',*,*,#4459,.T.);
#4459 = EDGE_CURVE('',#3744,#3696,#4460,.T.);
#4460 = LINE('',#4461,#4462);
#4461 = CARTESIAN_POINT('',(206.5,70.,-9.45));
#4462 = VECTOR('',#4463,1.);
#4463 = DIRECTION('',(-0.,0.,-1.));
#4464 = ORIENTED_EDGE('',*,*,#3703,.T.);
#4465 = ORIENTED_EDGE('',*,*,#3672,.T.);
#4466 = PLANE('',#4467);
#4467 = AXIS2_PLACEMENT_3D('',#4468,#4469,#4470);
#4468 = CARTESIAN_POINT('',(207.5,70.,-35.));
#4469 = DIRECTION('',(1.110223024625E-16,1.,0.));
#4470 = DIRECTION('',(0.,0.,1.));
#4471 = ADVANCED_FACE('',(#4472,#4478),#4512,.F.);
#4472 = FACE_BOUND('',#4473,.F.);
#4473 = EDGE_LOOP('',(#4474,#4475,#4476,#4477));
#4474 = ORIENTED_EDGE('',*,*,#3695,.F.);
#4475 = ORIENTED_EDGE('',*,*,#3717,.T.);
#4476 = ORIENTED_EDGE('',*,*,#3743,.T.);
#4477 = ORIENTED_EDGE('',*,*,#4459,.T.);
#4478 = FACE_BOUND('',#4479,.F.);
#4479 = EDGE_LOOP('',(#4480,#4490,#4498,#4506));
#4480 = ORIENTED_EDGE('',*,*,#4481,.F.);
#4481 = EDGE_CURVE('',#4482,#4484,#4486,.T.);
#4482 = VERTEX_POINT('',#4483);
#4483 = CARTESIAN_POINT('',(206.5,58.6,31.4));
#4484 = VERTEX_POINT('',#4485);
#4485 = CARTESIAN_POINT('',(206.5,69.4,31.4));
#4486 = LINE('',#4487,#4488);
#4487 = CARTESIAN_POINT('',(206.5,57.35,31.4));
#4488 = VECTOR('',#4489,1.);
#4489 = DIRECTION('',(1.110223024625E-16,1.,0.));
#4490 = ORIENTED_EDGE('',*,*,#4491,.T.);
#4491 = EDGE_CURVE('',#4482,#4492,#4494,.T.);
#4492 = VERTEX_POINT('',#4493);
#4493 = CARTESIAN_POINT('',(206.5,58.6,18.6));
#4494 = LINE('',#4495,#4496);
#4495 = CARTESIAN_POINT('',(206.5,58.6,17.35));
#4496 = VECTOR('',#4497,1.);
#4497 = DIRECTION('',(-0.,0.,-1.));
#4498 = ORIENTED_EDGE('',*,*,#4499,.T.);
#4499 = EDGE_CURVE('',#4492,#4500,#4502,.T.);
#4500 = VERTEX_POINT('',#4501);
#4501 = CARTESIAN_POINT('',(206.5,69.4,18.6));
#4502 = LINE('',#4503,#4504);
#4503 = CARTESIAN_POINT('',(206.5,57.35,18.6));
#4504 = VECTOR('',#4505,1.);
#4505 = DIRECTION('',(1.110223024625E-16,1.,0.));
#4506 = ORIENTED_EDGE('',*,*,#4507,.F.);
#4507 = EDGE_CURVE('',#4484,#4500,#4508,.T.);
#4508 = LINE('',#4509,#4510);
#4509 = CARTESIAN_POINT('',(206.5,69.4,17.35));
#4510 = VECTOR('',#4511,1.);
#4511 = DIRECTION('',(-0.,0.,-1.));
#4512 = PLANE('',#4513);
#4513 = AXIS2_PLACEMENT_3D('',#4514,#4515,#4516);
#4514 = CARTESIAN_POINT('',(206.5,56.1,16.1));
#4515 = DIRECTION('',(-1.,1.110223024625E-16,0.));
#4516 = DIRECTION('',(0.,0.,1.));
#4517 = ADVANCED_FACE('',(#4518),#4537,.F.);
#4518 = FACE_BOUND('',#4519,.F.);
#4519 = EDGE_LOOP('',(#4520,#4521,#4529,#4536));
#4520 = ORIENTED_EDGE('',*,*,#3759,.F.);
#4521 = ORIENTED_EDGE('',*,*,#4522,.F.);
#4522 = EDGE_CURVE('',#4523,#3760,#4525,.T.);
#4523 = VERTEX_POINT('',#4524);
#4524 = CARTESIAN_POINT('',(193.5,65.1,31.4));
#4525 = LINE('',#4526,#4527);
#4526 = CARTESIAN_POINT('',(193.5,65.1,25.));
#4527 = VECTOR('',#4528,1.);
#4528 = DIRECTION('',(0.,0.,1.));
#4529 = ORIENTED_EDGE('',*,*,#4530,.T.);
#4530 = EDGE_CURVE('',#4523,#4523,#4531,.T.);
#4531 = CIRCLE('',#4532,1.1);
#4532 = AXIS2_PLACEMENT_3D('',#4533,#4534,#4535);
#4533 = CARTESIAN_POINT('',(193.5,64.,31.4));
#4534 = DIRECTION('',(0.,-0.,1.));
#4535 = DIRECTION('',(1.110223024625E-16,1.,0.));
#4536 = ORIENTED_EDGE('',*,*,#4522,.T.);
#4537 = CYLINDRICAL_SURFACE('',#4538,1.1);
#4538 = AXIS2_PLACEMENT_3D('',#4539,#4540,#4541);
#4539 = CARTESIAN_POINT('',(193.5,64.,25.));
#4540 = DIRECTION('',(0.,0.,1.));
#4541 = DIRECTION('',(1.110223024625E-16,1.,0.));
#4542 = ADVANCED_FACE('',(#4543),#4549,.F.);
#4543 = FACE_BOUND('',#4544,.F.);
#4544 = EDGE_LOOP('',(#4545,#4546,#4547,#4548));
#4545 = ORIENTED_EDGE('',*,*,#3856,.T.);
#4546 = ORIENTED_EDGE('',*,*,#4132,.F.);
#4547 = ORIENTED_EDGE('',*,*,#4020,.T.);
#4548 = ORIENTED_EDGE('',*,*,#3842,.T.);
#4549 = PLANE('',#4550);
#4550 = AXIS2_PLACEMENT_3D('',#4551,#4552,#4553);
#4551 = CARTESIAN_POINT('',(178.5,6.,27.));
#4552 = DIRECTION('',(-1.,1.110223024625E-16,0.));
#4553 = DIRECTION('',(0.,0.,1.));
#4554 = ADVANCED_FACE('',(#4555),#4566,.T.);
#4555 = FACE_BOUND('',#4556,.T.);
#4556 = EDGE_LOOP('',(#4557,#4558,#4559,#4560));
#4557 = ORIENTED_EDGE('',*,*,#3917,.F.);
#4558 = ORIENTED_EDGE('',*,*,#3949,.T.);
#4559 = ORIENTED_EDGE('',*,*,#3988,.T.);
#4560 = ORIENTED_EDGE('',*,*,#4561,.F.);
#4561 = EDGE_CURVE('',#3910,#3981,#4562,.T.);
#4562 = LINE('',#4563,#4564);
#4563 = CARTESIAN_POINT('',(124.7,16.,18.5));
#4564 = VECTOR('',#4565,1.);
#4565 = DIRECTION('',(1.110223024625E-16,1.,0.));
#4566 = PLANE('',#4567);
#4567 = AXIS2_PLACEMENT_3D('',#4568,#4569,#4570);
#4568 = CARTESIAN_POINT('',(178.5,16.,18.5));
#4569 = DIRECTION('',(0.,0.,1.));
#4570 = DIRECTION('',(1.110223024625E-16,1.,0.));
#4571 = ADVANCED_FACE('',(#4572,#4671,#4682,#4693),#4704,.F.);
#4572 = FACE_BOUND('',#4573,.F.);
#4573 = EDGE_LOOP('',(#4574,#4584,#4592,#4600,#4608,#4614,#4615,#4624,
    #4632,#4639,#4640,#4649,#4657,#4665));
#4574 = ORIENTED_EDGE('',*,*,#4575,.F.);
#4575 = EDGE_CURVE('',#4576,#4578,#4580,.T.);
#4576 = VERTEX_POINT('',#4577);
#4577 = CARTESIAN_POINT('',(123.5,70.,0.));
#4578 = VERTEX_POINT('',#4579);
#4579 = CARTESIAN_POINT('',(123.5,70.,30.));
#4580 = LINE('',#4581,#4582);
#4581 = CARTESIAN_POINT('',(123.5,70.,0.));
#4582 = VECTOR('',#4583,1.);
#4583 = DIRECTION('',(0.,0.,1.));
#4584 = ORIENTED_EDGE('',*,*,#4585,.F.);
#4585 = EDGE_CURVE('',#4586,#4576,#4588,.T.);
#4586 = VERTEX_POINT('',#4587);
#4587 = CARTESIAN_POINT('',(123.5,6.328271240363E-15,0.));
#4588 = LINE('',#4589,#4590);
#4589 = CARTESIAN_POINT('',(123.5,6.328271240363E-15,0.));
#4590 = VECTOR('',#4591,1.);
#4591 = DIRECTION('',(1.110223024625E-16,1.,0.));
#4592 = ORIENTED_EDGE('',*,*,#4593,.T.);
#4593 = EDGE_CURVE('',#4586,#4594,#4596,.T.);
#4594 = VERTEX_POINT('',#4595);
#4595 = CARTESIAN_POINT('',(123.5,6.328271240363E-15,30.));
#4596 = LINE('',#4597,#4598);
#4597 = CARTESIAN_POINT('',(123.5,6.328271240363E-15,0.));
#4598 = VECTOR('',#4599,1.);
#4599 = DIRECTION('',(0.,0.,1.));
#4600 = ORIENTED_EDGE('',*,*,#4601,.T.);
#4601 = EDGE_CURVE('',#4594,#4602,#4604,.T.);
#4602 = VERTEX_POINT('',#4603);
#4603 = CARTESIAN_POINT('',(123.5,7.2,30.));
#4604 = LINE('',#4605,#4606);
#4605 = CARTESIAN_POINT('',(123.5,-17.5,30.));
#4606 = VECTOR('',#4607,1.);
#4607 = DIRECTION('',(1.110223024625E-16,1.,0.));
#4608 = ORIENTED_EDGE('',*,*,#4609,.F.);
#4609 = EDGE_CURVE('',#4045,#4602,#4610,.T.);
#4610 = LINE('',#4611,#4612);
#4611 = CARTESIAN_POINT('',(123.5,5.85,28.65));
#4612 = VECTOR('',#4613,1.);
#4613 = DIRECTION('',(7.850462293419E-17,0.707106781187,0.707106781187)
  );
#4614 = ORIENTED_EDGE('',*,*,#4044,.F.);
#4615 = ORIENTED_EDGE('',*,*,#4616,.F.);
#4616 = EDGE_CURVE('',#4617,#4037,#4619,.T.);
#4617 = VERTEX_POINT('',#4618);
#4618 = CARTESIAN_POINT('',(123.5,6.,22.75));
#4619 = CIRCLE('',#4620,2.25);
#4620 = AXIS2_PLACEMENT_3D('',#4621,#4622,#4623);
#4621 = CARTESIAN_POINT('',(123.5,6.,25.));
#4622 = DIRECTION('',(-1.,1.110223024625E-16,0.));
#4623 = DIRECTION('',(0.,0.,1.));
#4624 = ORIENTED_EDGE('',*,*,#4625,.T.);
#4625 = EDGE_CURVE('',#4617,#4626,#4628,.T.);
#4626 = VERTEX_POINT('',#4627);
#4627 = CARTESIAN_POINT('',(123.5,14.,22.75));
#4628 = LINE('',#4629,#4630);
#4629 = CARTESIAN_POINT('',(123.5,3.,22.75));
#4630 = VECTOR('',#4631,1.);
#4631 = DIRECTION('',(1.110223024625E-16,1.,0.));
#4632 = ORIENTED_EDGE('',*,*,#4633,.F.);
#4633 = EDGE_CURVE('',#4124,#4626,#4634,.T.);
#4634 = CIRCLE('',#4635,2.25);
#4635 = AXIS2_PLACEMENT_3D('',#4636,#4637,#4638);
#4636 = CARTESIAN_POINT('',(123.5,14.,25.));
#4637 = DIRECTION('',(-1.,1.110223024625E-16,0.));
#4638 = DIRECTION('',(0.,0.,1.));
#4639 = ORIENTED_EDGE('',*,*,#4243,.T.);
#4640 = ORIENTED_EDGE('',*,*,#4641,.F.);
#4641 = EDGE_CURVE('',#4642,#4236,#4644,.T.);
#4642 = VERTEX_POINT('',#4643);
#4643 = CARTESIAN_POINT('',(123.5,64.,27.2));
#4644 = CIRCLE('',#4645,2.2);
#4645 = AXIS2_PLACEMENT_3D('',#4646,#4647,#4648);
#4646 = CARTESIAN_POINT('',(123.5,64.,25.));
#4647 = DIRECTION('',(-1.,1.110223024625E-16,0.));
#4648 = DIRECTION('',(0.,0.,1.));
#4649 = ORIENTED_EDGE('',*,*,#4650,.T.);
#4650 = EDGE_CURVE('',#4642,#4651,#4653,.T.);
#4651 = VERTEX_POINT('',#4652);
#4652 = CARTESIAN_POINT('',(123.5,64.,28.8));
#4653 = LINE('',#4654,#4655);
#4654 = CARTESIAN_POINT('',(123.5,64.,27.));
#4655 = VECTOR('',#4656,1.);
#4656 = DIRECTION('',(0.,0.,1.));
#4657 = ORIENTED_EDGE('',*,*,#4658,.T.);
#4658 = EDGE_CURVE('',#4651,#4659,#4661,.T.);
#4659 = VERTEX_POINT('',#4660);
#4660 = CARTESIAN_POINT('',(123.5,62.8,30.));
#4661 = LINE('',#4662,#4663);
#4662 = CARTESIAN_POINT('',(123.5,49.65,43.15));
#4663 = VECTOR('',#4664,1.);
#4664 = DIRECTION('',(-7.850462293419E-17,-0.707106781187,0.707106781187
    ));
#4665 = ORIENTED_EDGE('',*,*,#4666,.T.);
#4666 = EDGE_CURVE('',#4659,#4578,#4667,.T.);
#4667 = LINE('',#4668,#4669);
#4668 = CARTESIAN_POINT('',(123.5,-17.5,30.));
#4669 = VECTOR('',#4670,1.);
#4670 = DIRECTION('',(1.110223024625E-16,1.,0.));
#4671 = FACE_BOUND('',#4672,.F.);
#4672 = EDGE_LOOP('',(#4673));
#4673 = ORIENTED_EDGE('',*,*,#4674,.F.);
#4674 = EDGE_CURVE('',#4675,#4675,#4677,.T.);
#4675 = VERTEX_POINT('',#4676);
#4676 = CARTESIAN_POINT('',(123.5,24.,8.6));
#4677 = CIRCLE('',#4678,1.6);
#4678 = AXIS2_PLACEMENT_3D('',#4679,#4680,#4681);
#4679 = CARTESIAN_POINT('',(123.5,24.,7.));
#4680 = DIRECTION('',(-1.,1.110223024625E-16,0.));
#4681 = DIRECTION('',(0.,0.,1.));
#4682 = FACE_BOUND('',#4683,.F.);
#4683 = EDGE_LOOP('',(#4684));
#4684 = ORIENTED_EDGE('',*,*,#4685,.F.);
#4685 = EDGE_CURVE('',#4686,#4686,#4688,.T.);
#4686 = VERTEX_POINT('',#4687);
#4687 = CARTESIAN_POINT('',(123.5,46.,8.6));
#4688 = CIRCLE('',#4689,1.6);
#4689 = AXIS2_PLACEMENT_3D('',#4690,#4691,#4692);
#4690 = CARTESIAN_POINT('',(123.5,46.,7.));
#4691 = DIRECTION('',(-1.,1.110223024625E-16,0.));
#4692 = DIRECTION('',(0.,0.,1.));
#4693 = FACE_BOUND('',#4694,.F.);
#4694 = EDGE_LOOP('',(#4695,#4696,#4697,#4698));
#4695 = ORIENTED_EDGE('',*,*,#3901,.F.);
#4696 = ORIENTED_EDGE('',*,*,#4006,.T.);
#4697 = ORIENTED_EDGE('',*,*,#3972,.T.);
#4698 = ORIENTED_EDGE('',*,*,#4699,.F.);
#4699 = EDGE_CURVE('',#3902,#3973,#4700,.T.);
#4700 = LINE('',#4701,#4702);
#4701 = CARTESIAN_POINT('',(123.5,16.,17.3));
#4702 = VECTOR('',#4703,1.);
#4703 = DIRECTION('',(1.110223024625E-16,1.,0.));
#4704 = PLANE('',#4705);
#4705 = AXIS2_PLACEMENT_3D('',#4706,#4707,#4708);
#4706 = CARTESIAN_POINT('',(123.5,6.328271240363E-15,0.));
#4707 = DIRECTION('',(-1.,1.110223024625E-16,0.));
#4708 = DIRECTION('',(0.,0.,1.));
#4709 = ADVANCED_FACE('',(#4710),#4716,.T.);
#4710 = FACE_BOUND('',#4711,.F.);
#4711 = EDGE_LOOP('',(#4712,#4713,#4714,#4715));
#4712 = ORIENTED_EDGE('',*,*,#3909,.F.);
#4713 = ORIENTED_EDGE('',*,*,#4699,.T.);
#4714 = ORIENTED_EDGE('',*,*,#3980,.T.);
#4715 = ORIENTED_EDGE('',*,*,#4561,.F.);
#4716 = PLANE('',#4717);
#4717 = AXIS2_PLACEMENT_3D('',#4718,#4719,#4720);
#4718 = CARTESIAN_POINT('',(124.1,16.,17.9));
#4719 = DIRECTION('',(-0.707106781187,6.442841347715E-17,0.707106781187)
  );
#4720 = DIRECTION('',(-1.01068919302E-16,-1.,-9.953383160478E-18));
#4721 = ADVANCED_FACE('',(#4722),#4751,.F.);
#4722 = FACE_BOUND('',#4723,.F.);
#4723 = EDGE_LOOP('',(#4724,#4733,#4740,#4741,#4742,#4743,#4750));
#4724 = ORIENTED_EDGE('',*,*,#4725,.T.);
#4725 = EDGE_CURVE('',#4270,#4726,#4728,.T.);
#4726 = VERTEX_POINT('',#4727);
#4727 = CARTESIAN_POINT('',(177.5,6.,31.5));
#4728 = CIRCLE('',#4729,6.5);
#4729 = AXIS2_PLACEMENT_3D('',#4730,#4731,#4732);
#4730 = CARTESIAN_POINT('',(177.5,6.,25.));
#4731 = DIRECTION('',(-1.,1.110223024625E-16,0.));
#4732 = DIRECTION('',(0.,0.,1.));
#4733 = ORIENTED_EDGE('',*,*,#4734,.T.);
#4734 = EDGE_CURVE('',#4726,#4334,#4735,.T.);
#4735 = CIRCLE('',#4736,6.5);
#4736 = AXIS2_PLACEMENT_3D('',#4737,#4738,#4739);
#4737 = CARTESIAN_POINT('',(177.5,6.,25.));
#4738 = DIRECTION('',(-1.,1.110223024625E-16,0.));
#4739 = DIRECTION('',(0.,0.,1.));
#4740 = ORIENTED_EDGE('',*,*,#4341,.F.);
#4741 = ORIENTED_EDGE('',*,*,#4101,.T.);
#4742 = ORIENTED_EDGE('',*,*,#4076,.T.);
#4743 = ORIENTED_EDGE('',*,*,#4744,.F.);
#4744 = EDGE_CURVE('',#4278,#4069,#4745,.T.);
#4745 = CIRCLE('',#4746,2.2);
#4746 = AXIS2_PLACEMENT_3D('',#4747,#4748,#4749);
#4747 = CARTESIAN_POINT('',(177.5,6.,25.));
#4748 = DIRECTION('',(-1.,1.110223024625E-16,0.));
#4749 = DIRECTION('',(0.,0.,1.));
#4750 = ORIENTED_EDGE('',*,*,#4277,.T.);
#4751 = PLANE('',#4752);
#4752 = AXIS2_PLACEMENT_3D('',#4753,#4754,#4755);
#4753 = CARTESIAN_POINT('',(177.5,6.,25.));
#4754 = DIRECTION('',(-1.,1.110223024625E-16,0.));
#4755 = DIRECTION('',(0.,0.,1.));
#4756 = ADVANCED_FACE('',(#4757),#4769,.F.);
#4757 = FACE_BOUND('',#4758,.F.);
#4758 = EDGE_LOOP('',(#4759,#4760,#4767,#4768));
#4759 = ORIENTED_EDGE('',*,*,#4068,.T.);
#4760 = ORIENTED_EDGE('',*,*,#4761,.F.);
#4761 = EDGE_CURVE('',#4286,#4061,#4762,.T.);
#4762 = CIRCLE('',#4763,2.2);
#4763 = AXIS2_PLACEMENT_3D('',#4764,#4765,#4766);
#4764 = CARTESIAN_POINT('',(124.5,6.,25.));
#4765 = DIRECTION('',(-1.,1.110223024625E-16,0.));
#4766 = DIRECTION('',(0.,0.,1.));
#4767 = ORIENTED_EDGE('',*,*,#4285,.F.);
#4768 = ORIENTED_EDGE('',*,*,#4744,.T.);
#4769 = CYLINDRICAL_SURFACE('',#4770,2.2);
#4770 = AXIS2_PLACEMENT_3D('',#4771,#4772,#4773);
#4771 = CARTESIAN_POINT('',(178.5,6.,25.));
#4772 = DIRECTION('',(-1.,1.110223024625E-16,0.));
#4773 = DIRECTION('',(0.,0.,1.));
#4774 = ADVANCED_FACE('',(#4775),#4812,.T.);
#4775 = FACE_BOUND('',#4776,.T.);
#4776 = EDGE_LOOP('',(#4777,#4786,#4795,#4803,#4809,#4810,#4811));
#4777 = ORIENTED_EDGE('',*,*,#4778,.T.);
#4778 = EDGE_CURVE('',#4294,#4779,#4781,.T.);
#4779 = VERTEX_POINT('',#4780);
#4780 = CARTESIAN_POINT('',(124.5,6.,31.5));
#4781 = CIRCLE('',#4782,6.5);
#4782 = AXIS2_PLACEMENT_3D('',#4783,#4784,#4785);
#4783 = CARTESIAN_POINT('',(124.5,6.,25.));
#4784 = DIRECTION('',(-1.,1.110223024625E-16,0.));
#4785 = DIRECTION('',(0.,0.,1.));
#4786 = ORIENTED_EDGE('',*,*,#4787,.T.);
#4787 = EDGE_CURVE('',#4779,#4788,#4790,.T.);
#4788 = VERTEX_POINT('',#4789);
#4789 = CARTESIAN_POINT('',(124.5,10.153311931459,30.));
#4790 = CIRCLE('',#4791,6.5);
#4791 = AXIS2_PLACEMENT_3D('',#4792,#4793,#4794);
#4792 = CARTESIAN_POINT('',(124.5,6.,25.));
#4793 = DIRECTION('',(-1.,1.110223024625E-16,0.));
#4794 = DIRECTION('',(0.,0.,1.));
#4795 = ORIENTED_EDGE('',*,*,#4796,.F.);
#4796 = EDGE_CURVE('',#4797,#4788,#4799,.T.);
#4797 = VERTEX_POINT('',#4798);
#4798 = CARTESIAN_POINT('',(124.5,7.2,30.));
#4799 = LINE('',#4800,#4801);
#4800 = CARTESIAN_POINT('',(124.5,6.,30.));
#4801 = VECTOR('',#4802,1.);
#4802 = DIRECTION('',(1.110223024625E-16,1.,0.));
#4803 = ORIENTED_EDGE('',*,*,#4804,.T.);
#4804 = EDGE_CURVE('',#4797,#4053,#4805,.T.);
#4805 = LINE('',#4806,#4807);
#4806 = CARTESIAN_POINT('',(124.5,5.35,28.15));
#4807 = VECTOR('',#4808,1.);
#4808 = DIRECTION('',(-7.850462293419E-17,-0.707106781187,
    -0.707106781187));
#4809 = ORIENTED_EDGE('',*,*,#4060,.T.);
#4810 = ORIENTED_EDGE('',*,*,#4761,.F.);
#4811 = ORIENTED_EDGE('',*,*,#4293,.T.);
#4812 = PLANE('',#4813);
#4813 = AXIS2_PLACEMENT_3D('',#4814,#4815,#4816);
#4814 = CARTESIAN_POINT('',(124.5,6.,25.));
#4815 = DIRECTION('',(-1.,1.110223024625E-16,0.));
#4816 = DIRECTION('',(0.,0.,1.));
#4817 = ADVANCED_FACE('',(#4818),#4829,.F.);
#4818 = FACE_BOUND('',#4819,.F.);
#4819 = EDGE_LOOP('',(#4820,#4821,#4822,#4823));
#4820 = ORIENTED_EDGE('',*,*,#4804,.T.);
#4821 = ORIENTED_EDGE('',*,*,#4052,.T.);
#4822 = ORIENTED_EDGE('',*,*,#4609,.T.);
#4823 = ORIENTED_EDGE('',*,*,#4824,.F.);
#4824 = EDGE_CURVE('',#4797,#4602,#4825,.T.);
#4825 = LINE('',#4826,#4827);
#4826 = CARTESIAN_POINT('',(178.5,7.2,30.));
#4827 = VECTOR('',#4828,1.);
#4828 = DIRECTION('',(-1.,1.110223024625E-16,0.));
#4829 = PLANE('',#4830);
#4830 = AXIS2_PLACEMENT_3D('',#4831,#4832,#4833);
#4831 = CARTESIAN_POINT('',(178.5,6.6,29.4));
#4832 = DIRECTION('',(7.850462293419E-17,0.707106781187,-0.707106781187)
  );
#4833 = DIRECTION('',(-1.,1.110223024625E-16,0.));
#4834 = ADVANCED_FACE('',(#4835),#4854,.T.);
#4835 = FACE_BOUND('',#4836,.T.);
#4836 = EDGE_LOOP('',(#4837,#4846,#4847,#4848));
#4837 = ORIENTED_EDGE('',*,*,#4838,.T.);
#4838 = EDGE_CURVE('',#4839,#4124,#4841,.T.);
#4839 = VERTEX_POINT('',#4840);
#4840 = CARTESIAN_POINT('',(123.5,14.,27.25));
#4841 = CIRCLE('',#4842,2.25);
#4842 = AXIS2_PLACEMENT_3D('',#4843,#4844,#4845);
#4843 = CARTESIAN_POINT('',(123.5,14.,25.));
#4844 = DIRECTION('',(-1.,1.110223024625E-16,0.));
#4845 = DIRECTION('',(0.,0.,1.));
#4846 = ORIENTED_EDGE('',*,*,#4123,.F.);
#4847 = ORIENTED_EDGE('',*,*,#4036,.T.);
#4848 = ORIENTED_EDGE('',*,*,#4849,.T.);
#4849 = EDGE_CURVE('',#4037,#4839,#4850,.T.);
#4850 = LINE('',#4851,#4852);
#4851 = CARTESIAN_POINT('',(123.5,3.,27.25));
#4852 = VECTOR('',#4853,1.);
#4853 = DIRECTION('',(1.110223024625E-16,1.,0.));
#4854 = PLANE('',#4855);
#4855 = AXIS2_PLACEMENT_3D('',#4856,#4857,#4858);
#4856 = CARTESIAN_POINT('',(123.5,6.,27.));
#4857 = DIRECTION('',(-1.,1.110223024625E-16,0.));
#4858 = DIRECTION('',(0.,0.,1.));
#4859 = ADVANCED_FACE('',(#4860),#4876,.T.);
#4860 = FACE_BOUND('',#4861,.T.);
#4861 = EDGE_LOOP('',(#4862,#4868,#4869));
#4862 = ORIENTED_EDGE('',*,*,#4863,.F.);
#4863 = EDGE_CURVE('',#4228,#4642,#4864,.T.);
#4864 = LINE('',#4865,#4866);
#4865 = CARTESIAN_POINT('',(123.5,64.,27.));
#4866 = VECTOR('',#4867,1.);
#4867 = DIRECTION('',(0.,0.,1.));
#4868 = ORIENTED_EDGE('',*,*,#4235,.F.);
#4869 = ORIENTED_EDGE('',*,*,#4870,.T.);
#4870 = EDGE_CURVE('',#4236,#4642,#4871,.T.);
#4871 = CIRCLE('',#4872,2.2);
#4872 = AXIS2_PLACEMENT_3D('',#4873,#4874,#4875);
#4873 = CARTESIAN_POINT('',(123.5,64.,25.));
#4874 = DIRECTION('',(-1.,1.110223024625E-16,0.));
#4875 = DIRECTION('',(0.,0.,1.));
#4876 = PLANE('',#4877);
#4877 = AXIS2_PLACEMENT_3D('',#4878,#4879,#4880);
#4878 = CARTESIAN_POINT('',(123.5,6.,27.));
#4879 = DIRECTION('',(-1.,1.110223024625E-16,0.));
#4880 = DIRECTION('',(0.,0.,1.));
#4881 = ADVANCED_FACE('',(#4882),#4917,.T.);
#4882 = FACE_BOUND('',#4883,.T.);
#4883 = EDGE_LOOP('',(#4884,#4892,#4893,#4894,#4895,#4903,#4911));
#4884 = ORIENTED_EDGE('',*,*,#4885,.T.);
#4885 = EDGE_CURVE('',#4886,#4220,#4888,.T.);
#4886 = VERTEX_POINT('',#4887);
#4887 = CARTESIAN_POINT('',(169.5,64.,27.2));
#4888 = LINE('',#4889,#4890);
#4889 = CARTESIAN_POINT('',(169.5,64.,26.));
#4890 = VECTOR('',#4891,1.);
#4891 = DIRECTION('',(-0.,0.,-1.));
#4892 = ORIENTED_EDGE('',*,*,#4227,.T.);
#4893 = ORIENTED_EDGE('',*,*,#4863,.T.);
#4894 = ORIENTED_EDGE('',*,*,#4650,.T.);
#4895 = ORIENTED_EDGE('',*,*,#4896,.F.);
#4896 = EDGE_CURVE('',#4897,#4651,#4899,.T.);
#4897 = VERTEX_POINT('',#4898);
#4898 = CARTESIAN_POINT('',(124.5,64.,28.8));
#4899 = LINE('',#4900,#4901);
#4900 = CARTESIAN_POINT('',(178.5,64.,28.8));
#4901 = VECTOR('',#4902,1.);
#4902 = DIRECTION('',(-1.,1.110223024625E-16,0.));
#4903 = ORIENTED_EDGE('',*,*,#4904,.T.);
#4904 = EDGE_CURVE('',#4897,#4905,#4907,.T.);
#4905 = VERTEX_POINT('',#4906);
#4906 = CARTESIAN_POINT('',(124.5,64.,27.2));
#4907 = LINE('',#4908,#4909);
#4908 = CARTESIAN_POINT('',(124.5,64.,26.));
#4909 = VECTOR('',#4910,1.);
#4910 = DIRECTION('',(-0.,0.,-1.));
#4911 = ORIENTED_EDGE('',*,*,#4912,.F.);
#4912 = EDGE_CURVE('',#4886,#4905,#4913,.T.);
#4913 = LINE('',#4914,#4915);
#4914 = CARTESIAN_POINT('',(169.5,64.,27.2));
#4915 = VECTOR('',#4916,1.);
#4916 = DIRECTION('',(-1.,1.110223024625E-16,0.));
#4917 = PLANE('',#4918);
#4918 = AXIS2_PLACEMENT_3D('',#4919,#4920,#4921);
#4919 = CARTESIAN_POINT('',(178.5,64.,27.));
#4920 = DIRECTION('',(1.110223024625E-16,1.,0.));
#4921 = DIRECTION('',(0.,0.,1.));
#4922 = ADVANCED_FACE('',(#4923),#4934,.T.);
#4923 = FACE_BOUND('',#4924,.T.);
#4924 = EDGE_LOOP('',(#4925,#4926,#4933));
#4925 = ORIENTED_EDGE('',*,*,#4885,.F.);
#4926 = ORIENTED_EDGE('',*,*,#4927,.T.);
#4927 = EDGE_CURVE('',#4886,#4212,#4928,.T.);
#4928 = CIRCLE('',#4929,2.2);
#4929 = AXIS2_PLACEMENT_3D('',#4930,#4931,#4932);
#4930 = CARTESIAN_POINT('',(169.5,64.,25.));
#4931 = DIRECTION('',(-1.,1.110223024625E-16,0.));
#4932 = DIRECTION('',(0.,0.,1.));
#4933 = ORIENTED_EDGE('',*,*,#4219,.T.);
#4934 = PLANE('',#4935);
#4935 = AXIS2_PLACEMENT_3D('',#4936,#4937,#4938);
#4936 = CARTESIAN_POINT('',(169.5,64.,25.));
#4937 = DIRECTION('',(-1.,1.110223024625E-16,0.));
#4938 = DIRECTION('',(0.,0.,1.));
#4939 = ADVANCED_FACE('',(#4940),#4952,.F.);
#4940 = FACE_BOUND('',#4941,.F.);
#4941 = EDGE_LOOP('',(#4942,#4949,#4950,#4951));
#4942 = ORIENTED_EDGE('',*,*,#4943,.F.);
#4943 = EDGE_CURVE('',#4905,#4204,#4944,.T.);
#4944 = CIRCLE('',#4945,2.2);
#4945 = AXIS2_PLACEMENT_3D('',#4946,#4947,#4948);
#4946 = CARTESIAN_POINT('',(124.5,64.,25.));
#4947 = DIRECTION('',(-1.,1.110223024625E-16,0.));
#4948 = DIRECTION('',(0.,0.,1.));
#4949 = ORIENTED_EDGE('',*,*,#4912,.F.);
#4950 = ORIENTED_EDGE('',*,*,#4927,.T.);
#4951 = ORIENTED_EDGE('',*,*,#4211,.T.);
#4952 = CYLINDRICAL_SURFACE('',#4953,2.2);
#4953 = AXIS2_PLACEMENT_3D('',#4954,#4955,#4956);
#4954 = CARTESIAN_POINT('',(169.5,64.,25.));
#4955 = DIRECTION('',(-1.,1.110223024625E-16,0.));
#4956 = DIRECTION('',(0.,0.,1.));
#4957 = ADVANCED_FACE('',(#4958),#4995,.T.);
#4958 = FACE_BOUND('',#4959,.T.);
#4959 = EDGE_LOOP('',(#4960,#4971,#4978,#4979,#4980,#4981,#4989));
#4960 = ORIENTED_EDGE('',*,*,#4961,.T.);
#4961 = EDGE_CURVE('',#4962,#4964,#4966,.T.);
#4962 = VERTEX_POINT('',#4963);
#4963 = CARTESIAN_POINT('',(124.5,59.846688068541,30.));
#4964 = VERTEX_POINT('',#4965);
#4965 = CARTESIAN_POINT('',(124.5,64.,31.5));
#4966 = CIRCLE('',#4967,6.5);
#4967 = AXIS2_PLACEMENT_3D('',#4968,#4969,#4970);
#4968 = CARTESIAN_POINT('',(124.5,64.,25.));
#4969 = DIRECTION('',(-1.,1.110223024625E-16,0.));
#4970 = DIRECTION('',(0.,0.,1.));
#4971 = ORIENTED_EDGE('',*,*,#4972,.T.);
#4972 = EDGE_CURVE('',#4964,#4196,#4973,.T.);
#4973 = CIRCLE('',#4974,6.5);
#4974 = AXIS2_PLACEMENT_3D('',#4975,#4976,#4977);
#4975 = CARTESIAN_POINT('',(124.5,64.,25.));
#4976 = DIRECTION('',(-1.,1.110223024625E-16,0.));
#4977 = DIRECTION('',(0.,0.,1.));
#4978 = ORIENTED_EDGE('',*,*,#4203,.T.);
#4979 = ORIENTED_EDGE('',*,*,#4943,.F.);
#4980 = ORIENTED_EDGE('',*,*,#4904,.F.);
#4981 = ORIENTED_EDGE('',*,*,#4982,.F.);
#4982 = EDGE_CURVE('',#4983,#4897,#4985,.T.);
#4983 = VERTEX_POINT('',#4984);
#4984 = CARTESIAN_POINT('',(124.5,62.8,30.));
#4985 = LINE('',#4986,#4987);
#4986 = CARTESIAN_POINT('',(124.5,64.65,28.15));
#4987 = VECTOR('',#4988,1.);
#4988 = DIRECTION('',(7.850462293419E-17,0.707106781187,-0.707106781187)
  );
#4989 = ORIENTED_EDGE('',*,*,#4990,.F.);
#4990 = EDGE_CURVE('',#4962,#4983,#4991,.T.);
#4991 = LINE('',#4992,#4993);
#4992 = CARTESIAN_POINT('',(124.5,35.,30.));
#4993 = VECTOR('',#4994,1.);
#4994 = DIRECTION('',(1.110223024625E-16,1.,0.));
#4995 = PLANE('',#4996);
#4996 = AXIS2_PLACEMENT_3D('',#4997,#4998,#4999);
#4997 = CARTESIAN_POINT('',(124.5,64.,25.));
#4998 = DIRECTION('',(-1.,1.110223024625E-16,0.));
#4999 = DIRECTION('',(0.,0.,1.));
#5000 = ADVANCED_FACE('',(#5001),#5038,.T.);
#5001 = FACE_BOUND('',#5002,.T.);
#5002 = EDGE_LOOP('',(#5003,#5004,#5012,#5021,#5030,#5037));
#5003 = ORIENTED_EDGE('',*,*,#4972,.F.);
#5004 = ORIENTED_EDGE('',*,*,#5005,.F.);
#5005 = EDGE_CURVE('',#5006,#4964,#5008,.T.);
#5006 = VERTEX_POINT('',#5007);
#5007 = CARTESIAN_POINT('',(126.,64.,31.5));
#5008 = LINE('',#5009,#5010);
#5009 = CARTESIAN_POINT('',(126.,64.,31.5));
#5010 = VECTOR('',#5011,1.);
#5011 = DIRECTION('',(-1.,1.110223024625E-16,0.));
#5012 = ORIENTED_EDGE('',*,*,#5013,.T.);
#5013 = EDGE_CURVE('',#5006,#5014,#5016,.T.);
#5014 = VERTEX_POINT('',#5015);
#5015 = CARTESIAN_POINT('',(126.,61.5,19.));
#5016 = CIRCLE('',#5017,6.5);
#5017 = AXIS2_PLACEMENT_3D('',#5018,#5019,#5020);
#5018 = CARTESIAN_POINT('',(126.,64.,25.));
#5019 = DIRECTION('',(-1.,1.110223024625E-16,0.));
#5020 = DIRECTION('',(0.,0.,1.));
#5021 = ORIENTED_EDGE('',*,*,#5022,.T.);
#5022 = EDGE_CURVE('',#5014,#5023,#5025,.T.);
#5023 = VERTEX_POINT('',#5024);
#5024 = CARTESIAN_POINT('',(126.,59.846688068541,20.));
#5025 = CIRCLE('',#5026,6.5);
#5026 = AXIS2_PLACEMENT_3D('',#5027,#5028,#5029);
#5027 = CARTESIAN_POINT('',(126.,64.,25.));
#5028 = DIRECTION('',(-1.,1.110223024625E-16,0.));
#5029 = DIRECTION('',(0.,0.,1.));
#5030 = ORIENTED_EDGE('',*,*,#5031,.T.);
#5031 = EDGE_CURVE('',#5023,#4188,#5032,.T.);
#5032 = CIRCLE('',#5033,6.5);
#5033 = AXIS2_PLACEMENT_3D('',#5034,#5035,#5036);
#5034 = CARTESIAN_POINT('',(126.,64.,25.));
#5035 = DIRECTION('',(-1.,1.110223024625E-16,0.));
#5036 = DIRECTION('',(0.,0.,1.));
#5037 = ORIENTED_EDGE('',*,*,#4195,.T.);
#5038 = CYLINDRICAL_SURFACE('',#5039,6.5);
#5039 = AXIS2_PLACEMENT_3D('',#5040,#5041,#5042);
#5040 = CARTESIAN_POINT('',(126.,64.,25.));
#5041 = DIRECTION('',(-1.,1.110223024625E-16,0.));
#5042 = DIRECTION('',(0.,0.,1.));
#5043 = ADVANCED_FACE('',(#5044),#5071,.F.);
#5044 = FACE_BOUND('',#5045,.F.);
#5045 = EDGE_LOOP('',(#5046,#5054,#5055,#5056,#5065));
#5046 = ORIENTED_EDGE('',*,*,#5047,.T.);
#5047 = EDGE_CURVE('',#5048,#5023,#5050,.T.);
#5048 = VERTEX_POINT('',#5049);
#5049 = CARTESIAN_POINT('',(126.,60.683375209645,20.));
#5050 = LINE('',#5051,#5052);
#5051 = CARTESIAN_POINT('',(126.,64.,20.));
#5052 = VECTOR('',#5053,1.);
#5053 = DIRECTION('',(-1.110223024625E-16,-1.,0.));
#5054 = ORIENTED_EDGE('',*,*,#5031,.T.);
#5055 = ORIENTED_EDGE('',*,*,#4187,.T.);
#5056 = ORIENTED_EDGE('',*,*,#5057,.F.);
#5057 = EDGE_CURVE('',#5058,#4180,#5060,.T.);
#5058 = VERTEX_POINT('',#5059);
#5059 = CARTESIAN_POINT('',(126.,64.,20.));
#5060 = CIRCLE('',#5061,5.);
#5061 = AXIS2_PLACEMENT_3D('',#5062,#5063,#5064);
#5062 = CARTESIAN_POINT('',(126.,64.,25.));
#5063 = DIRECTION('',(-1.,1.110223024625E-16,0.));
#5064 = DIRECTION('',(0.,0.,1.));
#5065 = ORIENTED_EDGE('',*,*,#5066,.T.);
#5066 = EDGE_CURVE('',#5058,#5048,#5067,.T.);
#5067 = LINE('',#5068,#5069);
#5068 = CARTESIAN_POINT('',(126.,64.,20.));
#5069 = VECTOR('',#5070,1.);
#5070 = DIRECTION('',(-1.110223024625E-16,-1.,0.));
#5071 = PLANE('',#5072);
#5072 = AXIS2_PLACEMENT_3D('',#5073,#5074,#5075);
#5073 = CARTESIAN_POINT('',(126.,64.,25.));
#5074 = DIRECTION('',(-1.,1.110223024625E-16,0.));
#5075 = DIRECTION('',(0.,0.,1.));
#5076 = ADVANCED_FACE('',(#5077),#5096,.T.);
#5077 = FACE_BOUND('',#5078,.T.);
#5078 = EDGE_LOOP('',(#5079,#5080,#5088,#5095));
#5079 = ORIENTED_EDGE('',*,*,#5057,.F.);
#5080 = ORIENTED_EDGE('',*,*,#5081,.F.);
#5081 = EDGE_CURVE('',#5082,#5058,#5084,.T.);
#5082 = VERTEX_POINT('',#5083);
#5083 = CARTESIAN_POINT('',(176.,64.,20.));
#5084 = LINE('',#5085,#5086);
#5085 = CARTESIAN_POINT('',(176.,64.,20.));
#5086 = VECTOR('',#5087,1.);
#5087 = DIRECTION('',(-1.,1.110223024625E-16,0.));
#5088 = ORIENTED_EDGE('',*,*,#5089,.T.);
#5089 = EDGE_CURVE('',#5082,#4172,#5090,.T.);
#5090 = CIRCLE('',#5091,5.);
#5091 = AXIS2_PLACEMENT_3D('',#5092,#5093,#5094);
#5092 = CARTESIAN_POINT('',(176.,64.,25.));
#5093 = DIRECTION('',(-1.,1.110223024625E-16,0.));
#5094 = DIRECTION('',(0.,0.,1.));
#5095 = ORIENTED_EDGE('',*,*,#4179,.T.);
#5096 = CYLINDRICAL_SURFACE('',#5097,5.);
#5097 = AXIS2_PLACEMENT_3D('',#5098,#5099,#5100);
#5098 = CARTESIAN_POINT('',(176.,64.,25.));
#5099 = DIRECTION('',(-1.,1.110223024625E-16,0.));
#5100 = DIRECTION('',(0.,0.,1.));
#5101 = ADVANCED_FACE('',(#5102),#5129,.T.);
#5102 = FACE_BOUND('',#5103,.T.);
#5103 = EDGE_LOOP('',(#5104,#5114,#5121,#5122,#5123));
#5104 = ORIENTED_EDGE('',*,*,#5105,.T.);
#5105 = EDGE_CURVE('',#5106,#5108,#5110,.T.);
#5106 = VERTEX_POINT('',#5107);
#5107 = CARTESIAN_POINT('',(176.,60.683375209645,20.));
#5108 = VERTEX_POINT('',#5109);
#5109 = CARTESIAN_POINT('',(176.,59.846688068541,20.));
#5110 = LINE('',#5111,#5112);
#5111 = CARTESIAN_POINT('',(176.,64.,20.));
#5112 = VECTOR('',#5113,1.);
#5113 = DIRECTION('',(-1.110223024625E-16,-1.,0.));
#5114 = ORIENTED_EDGE('',*,*,#5115,.T.);
#5115 = EDGE_CURVE('',#5108,#4164,#5116,.T.);
#5116 = CIRCLE('',#5117,6.5);
#5117 = AXIS2_PLACEMENT_3D('',#5118,#5119,#5120);
#5118 = CARTESIAN_POINT('',(176.,64.,25.));
#5119 = DIRECTION('',(-1.,1.110223024625E-16,0.));
#5120 = DIRECTION('',(0.,0.,1.));
#5121 = ORIENTED_EDGE('',*,*,#4171,.T.);
#5122 = ORIENTED_EDGE('',*,*,#5089,.F.);
#5123 = ORIENTED_EDGE('',*,*,#5124,.T.);
#5124 = EDGE_CURVE('',#5082,#5106,#5125,.T.);
#5125 = LINE('',#5126,#5127);
#5126 = CARTESIAN_POINT('',(176.,64.,20.));
#5127 = VECTOR('',#5128,1.);
#5128 = DIRECTION('',(-1.110223024625E-16,-1.,0.));
#5129 = PLANE('',#5130);
#5130 = AXIS2_PLACEMENT_3D('',#5131,#5132,#5133);
#5131 = CARTESIAN_POINT('',(176.,64.,25.));
#5132 = DIRECTION('',(-1.,1.110223024625E-16,0.));
#5133 = DIRECTION('',(0.,0.,1.));
#5134 = ADVANCED_FACE('',(#5135),#5172,.T.);
#5135 = FACE_BOUND('',#5136,.T.);
#5136 = EDGE_LOOP('',(#5137,#5148,#5156,#5163,#5164,#5165));
#5137 = ORIENTED_EDGE('',*,*,#5138,.F.);
#5138 = EDGE_CURVE('',#5139,#5141,#5143,.T.);
#5139 = VERTEX_POINT('',#5140);
#5140 = CARTESIAN_POINT('',(176.,64.,31.5));
#5141 = VERTEX_POINT('',#5142);
#5142 = CARTESIAN_POINT('',(176.,61.5,19.));
#5143 = CIRCLE('',#5144,6.5);
#5144 = AXIS2_PLACEMENT_3D('',#5145,#5146,#5147);
#5145 = CARTESIAN_POINT('',(176.,64.,25.));
#5146 = DIRECTION('',(-1.,1.110223024625E-16,0.));
#5147 = DIRECTION('',(0.,0.,1.));
#5148 = ORIENTED_EDGE('',*,*,#5149,.F.);
#5149 = EDGE_CURVE('',#5150,#5139,#5152,.T.);
#5150 = VERTEX_POINT('',#5151);
#5151 = CARTESIAN_POINT('',(177.5,64.,31.5));
#5152 = LINE('',#5153,#5154);
#5153 = CARTESIAN_POINT('',(177.5,64.,31.5));
#5154 = VECTOR('',#5155,1.);
#5155 = DIRECTION('',(-1.,1.110223024625E-16,0.));
#5156 = ORIENTED_EDGE('',*,*,#5157,.T.);
#5157 = EDGE_CURVE('',#5150,#4156,#5158,.T.);
#5158 = CIRCLE('',#5159,6.5);
#5159 = AXIS2_PLACEMENT_3D('',#5160,#5161,#5162);
#5160 = CARTESIAN_POINT('',(177.5,64.,25.));
#5161 = DIRECTION('',(-1.,1.110223024625E-16,0.));
#5162 = DIRECTION('',(0.,0.,1.));
#5163 = ORIENTED_EDGE('',*,*,#4163,.T.);
#5164 = ORIENTED_EDGE('',*,*,#5115,.F.);
#5165 = ORIENTED_EDGE('',*,*,#5166,.F.);
#5166 = EDGE_CURVE('',#5141,#5108,#5167,.T.);
#5167 = CIRCLE('',#5168,6.5);
#5168 = AXIS2_PLACEMENT_3D('',#5169,#5170,#5171);
#5169 = CARTESIAN_POINT('',(176.,64.,25.));
#5170 = DIRECTION('',(-1.,1.110223024625E-16,0.));
#5171 = DIRECTION('',(0.,0.,1.));
#5172 = CYLINDRICAL_SURFACE('',#5173,6.5);
#5173 = AXIS2_PLACEMENT_3D('',#5174,#5175,#5176);
#5174 = CARTESIAN_POINT('',(177.5,64.,25.));
#5175 = DIRECTION('',(-1.,1.110223024625E-16,0.));
#5176 = DIRECTION('',(0.,0.,1.));
#5177 = ADVANCED_FACE('',(#5178,#5192),#5211,.F.);
#5178 = FACE_BOUND('',#5179,.F.);
#5179 = EDGE_LOOP('',(#5180,#5187,#5188,#5189,#5190,#5191));
#5180 = ORIENTED_EDGE('',*,*,#5181,.T.);
#5181 = EDGE_CURVE('',#4358,#5150,#5182,.T.);
#5182 = CIRCLE('',#5183,6.5);
#5183 = AXIS2_PLACEMENT_3D('',#5184,#5185,#5186);
#5184 = CARTESIAN_POINT('',(177.5,64.,25.));
#5185 = DIRECTION('',(-1.,1.110223024625E-16,0.));
#5186 = DIRECTION('',(0.,0.,1.));
#5187 = ORIENTED_EDGE('',*,*,#5157,.T.);
#5188 = ORIENTED_EDGE('',*,*,#4155,.T.);
#5189 = ORIENTED_EDGE('',*,*,#4442,.F.);
#5190 = ORIENTED_EDGE('',*,*,#4420,.F.);
#5191 = ORIENTED_EDGE('',*,*,#4357,.F.);
#5192 = FACE_BOUND('',#5193,.F.);
#5193 = EDGE_LOOP('',(#5194,#5205));
#5194 = ORIENTED_EDGE('',*,*,#5195,.F.);
#5195 = EDGE_CURVE('',#5196,#5198,#5200,.T.);
#5196 = VERTEX_POINT('',#5197);
#5197 = CARTESIAN_POINT('',(177.5,65.312440474841,26.));
#5198 = VERTEX_POINT('',#5199);
#5199 = CARTESIAN_POINT('',(177.5,62.687559525159,26.));
#5200 = CIRCLE('',#5201,1.65);
#5201 = AXIS2_PLACEMENT_3D('',#5202,#5203,#5204);
#5202 = CARTESIAN_POINT('',(177.5,64.,25.));
#5203 = DIRECTION('',(-1.,1.110223024625E-16,0.));
#5204 = DIRECTION('',(0.,0.,1.));
#5205 = ORIENTED_EDGE('',*,*,#5206,.F.);
#5206 = EDGE_CURVE('',#5198,#5196,#5207,.T.);
#5207 = LINE('',#5208,#5209);
#5208 = CARTESIAN_POINT('',(177.5,62.75,26.));
#5209 = VECTOR('',#5210,1.);
#5210 = DIRECTION('',(1.110223024625E-16,1.,0.));
#5211 = PLANE('',#5212);
#5212 = AXIS2_PLACEMENT_3D('',#5213,#5214,#5215);
#5213 = CARTESIAN_POINT('',(177.5,64.,25.));
#5214 = DIRECTION('',(-1.,1.110223024625E-16,0.));
#5215 = DIRECTION('',(0.,0.,1.));
#5216 = ADVANCED_FACE('',(#5217),#5222,.F.);
#5217 = FACE_BOUND('',#5218,.F.);
#5218 = EDGE_LOOP('',(#5219,#5220,#5221));
#5219 = ORIENTED_EDGE('',*,*,#4435,.F.);
#5220 = ORIENTED_EDGE('',*,*,#4139,.F.);
#5221 = ORIENTED_EDGE('',*,*,#4394,.T.);
#5222 = PLANE('',#5223);
#5223 = AXIS2_PLACEMENT_3D('',#5224,#5225,#5226);
#5224 = CARTESIAN_POINT('',(178.5,6.,27.));
#5225 = DIRECTION('',(-1.,1.110223024625E-16,0.));
#5226 = DIRECTION('',(0.,0.,1.));
#5227 = ADVANCED_FACE('',(#5228),#5255,.T.);
#5228 = FACE_BOUND('',#5229,.T.);
#5229 = EDGE_LOOP('',(#5230,#5239,#5247,#5254));
#5230 = ORIENTED_EDGE('',*,*,#5231,.T.);
#5231 = EDGE_CURVE('',#4252,#5232,#5234,.T.);
#5232 = VERTEX_POINT('',#5233);
#5233 = CARTESIAN_POINT('',(176.,6.,20.));
#5234 = CIRCLE('',#5235,5.);
#5235 = AXIS2_PLACEMENT_3D('',#5236,#5237,#5238);
#5236 = CARTESIAN_POINT('',(176.,6.,25.));
#5237 = DIRECTION('',(-1.,1.110223024625E-16,0.));
#5238 = DIRECTION('',(0.,0.,1.));
#5239 = ORIENTED_EDGE('',*,*,#5240,.T.);
#5240 = EDGE_CURVE('',#5232,#5241,#5243,.T.);
#5241 = VERTEX_POINT('',#5242);
#5242 = CARTESIAN_POINT('',(126.,6.,20.));
#5243 = LINE('',#5244,#5245);
#5244 = CARTESIAN_POINT('',(176.,6.,20.));
#5245 = VECTOR('',#5246,1.);
#5246 = DIRECTION('',(-1.,1.110223024625E-16,0.));
#5247 = ORIENTED_EDGE('',*,*,#5248,.F.);
#5248 = EDGE_CURVE('',#4254,#5241,#5249,.T.);
#5249 = CIRCLE('',#5250,5.);
#5250 = AXIS2_PLACEMENT_3D('',#5251,#5252,#5253);
#5251 = CARTESIAN_POINT('',(126.,6.,25.));
#5252 = DIRECTION('',(-1.,1.110223024625E-16,0.));
#5253 = DIRECTION('',(0.,0.,1.));
#5254 = ORIENTED_EDGE('',*,*,#4251,.F.);
#5255 = CYLINDRICAL_SURFACE('',#5256,5.);
#5256 = AXIS2_PLACEMENT_3D('',#5257,#5258,#5259);
#5257 = CARTESIAN_POINT('',(176.,6.,25.));
#5258 = DIRECTION('',(-1.,1.110223024625E-16,0.));
#5259 = DIRECTION('',(0.,0.,1.));
#5260 = ADVANCED_FACE('',(#5261),#5288,.F.);
#5261 = FACE_BOUND('',#5262,.F.);
#5262 = EDGE_LOOP('',(#5263,#5264,#5273,#5281,#5287));
#5263 = ORIENTED_EDGE('',*,*,#4309,.T.);
#5264 = ORIENTED_EDGE('',*,*,#5265,.T.);
#5265 = EDGE_CURVE('',#4302,#5266,#5268,.T.);
#5266 = VERTEX_POINT('',#5267);
#5267 = CARTESIAN_POINT('',(126.,10.153311931459,20.));
#5268 = CIRCLE('',#5269,6.5);
#5269 = AXIS2_PLACEMENT_3D('',#5270,#5271,#5272);
#5270 = CARTESIAN_POINT('',(126.,6.,25.));
#5271 = DIRECTION('',(-1.,1.110223024625E-16,0.));
#5272 = DIRECTION('',(0.,0.,1.));
#5273 = ORIENTED_EDGE('',*,*,#5274,.T.);
#5274 = EDGE_CURVE('',#5266,#5275,#5277,.T.);
#5275 = VERTEX_POINT('',#5276);
#5276 = CARTESIAN_POINT('',(126.,9.316624790355,20.));
#5277 = LINE('',#5278,#5279);
#5278 = CARTESIAN_POINT('',(126.,64.,20.));
#5279 = VECTOR('',#5280,1.);
#5280 = DIRECTION('',(-1.110223024625E-16,-1.,0.));
#5281 = ORIENTED_EDGE('',*,*,#5282,.T.);
#5282 = EDGE_CURVE('',#5275,#5241,#5283,.T.);
#5283 = LINE('',#5284,#5285);
#5284 = CARTESIAN_POINT('',(126.,64.,20.));
#5285 = VECTOR('',#5286,1.);
#5286 = DIRECTION('',(-1.110223024625E-16,-1.,0.));
#5287 = ORIENTED_EDGE('',*,*,#5248,.F.);
#5288 = PLANE('',#5289);
#5289 = AXIS2_PLACEMENT_3D('',#5290,#5291,#5292);
#5290 = CARTESIAN_POINT('',(126.,6.,25.));
#5291 = DIRECTION('',(-1.,1.110223024625E-16,0.));
#5292 = DIRECTION('',(0.,0.,1.));
#5293 = ADVANCED_FACE('',(#5294),#5323,.T.);
#5294 = FACE_BOUND('',#5295,.T.);
#5295 = EDGE_LOOP('',(#5296,#5304,#5305,#5306,#5307,#5316));
#5296 = ORIENTED_EDGE('',*,*,#5297,.T.);
#5297 = EDGE_CURVE('',#5298,#4779,#5300,.T.);
#5298 = VERTEX_POINT('',#5299);
#5299 = CARTESIAN_POINT('',(126.,6.,31.5));
#5300 = LINE('',#5301,#5302);
#5301 = CARTESIAN_POINT('',(126.,6.,31.5));
#5302 = VECTOR('',#5303,1.);
#5303 = DIRECTION('',(-1.,1.110223024625E-16,0.));
#5304 = ORIENTED_EDGE('',*,*,#4778,.F.);
#5305 = ORIENTED_EDGE('',*,*,#4301,.F.);
#5306 = ORIENTED_EDGE('',*,*,#5265,.T.);
#5307 = ORIENTED_EDGE('',*,*,#5308,.T.);
#5308 = EDGE_CURVE('',#5266,#5309,#5311,.T.);
#5309 = VERTEX_POINT('',#5310);
#5310 = CARTESIAN_POINT('',(126.,8.5,19.));
#5311 = CIRCLE('',#5312,6.5);
#5312 = AXIS2_PLACEMENT_3D('',#5313,#5314,#5315);
#5313 = CARTESIAN_POINT('',(126.,6.,25.));
#5314 = DIRECTION('',(-1.,1.110223024625E-16,0.));
#5315 = DIRECTION('',(0.,0.,1.));
#5316 = ORIENTED_EDGE('',*,*,#5317,.T.);
#5317 = EDGE_CURVE('',#5309,#5298,#5318,.T.);
#5318 = CIRCLE('',#5319,6.5);
#5319 = AXIS2_PLACEMENT_3D('',#5320,#5321,#5322);
#5320 = CARTESIAN_POINT('',(126.,6.,25.));
#5321 = DIRECTION('',(-1.,1.110223024625E-16,0.));
#5322 = DIRECTION('',(0.,0.,1.));
#5323 = CYLINDRICAL_SURFACE('',#5324,6.5);
#5324 = AXIS2_PLACEMENT_3D('',#5325,#5326,#5327);
#5325 = CARTESIAN_POINT('',(126.,6.,25.));
#5326 = DIRECTION('',(-1.,1.110223024625E-16,0.));
#5327 = DIRECTION('',(0.,0.,1.));
#5328 = ADVANCED_FACE('',(#5329),#5366,.T.);
#5329 = FACE_BOUND('',#5330,.T.);
#5330 = EDGE_LOOP('',(#5331,#5339,#5348,#5357,#5364,#5365));
#5331 = ORIENTED_EDGE('',*,*,#5332,.T.);
#5332 = EDGE_CURVE('',#4726,#5333,#5335,.T.);
#5333 = VERTEX_POINT('',#5334);
#5334 = CARTESIAN_POINT('',(176.,6.,31.5));
#5335 = LINE('',#5336,#5337);
#5336 = CARTESIAN_POINT('',(177.5,6.,31.5));
#5337 = VECTOR('',#5338,1.);
#5338 = DIRECTION('',(-1.,1.110223024625E-16,0.));
#5339 = ORIENTED_EDGE('',*,*,#5340,.F.);
#5340 = EDGE_CURVE('',#5341,#5333,#5343,.T.);
#5341 = VERTEX_POINT('',#5342);
#5342 = CARTESIAN_POINT('',(176.,8.5,19.));
#5343 = CIRCLE('',#5344,6.5);
#5344 = AXIS2_PLACEMENT_3D('',#5345,#5346,#5347);
#5345 = CARTESIAN_POINT('',(176.,6.,25.));
#5346 = DIRECTION('',(-1.,1.110223024625E-16,0.));
#5347 = DIRECTION('',(0.,0.,1.));
#5348 = ORIENTED_EDGE('',*,*,#5349,.F.);
#5349 = EDGE_CURVE('',#5350,#5341,#5352,.T.);
#5350 = VERTEX_POINT('',#5351);
#5351 = CARTESIAN_POINT('',(176.,10.153311931459,20.));
#5352 = CIRCLE('',#5353,6.5);
#5353 = AXIS2_PLACEMENT_3D('',#5354,#5355,#5356);
#5354 = CARTESIAN_POINT('',(176.,6.,25.));
#5355 = DIRECTION('',(-1.,1.110223024625E-16,0.));
#5356 = DIRECTION('',(0.,0.,1.));
#5357 = ORIENTED_EDGE('',*,*,#5358,.F.);
#5358 = EDGE_CURVE('',#4262,#5350,#5359,.T.);
#5359 = CIRCLE('',#5360,6.5);
#5360 = AXIS2_PLACEMENT_3D('',#5361,#5362,#5363);
#5361 = CARTESIAN_POINT('',(176.,6.,25.));
#5362 = DIRECTION('',(-1.,1.110223024625E-16,0.));
#5363 = DIRECTION('',(0.,0.,1.));
#5364 = ORIENTED_EDGE('',*,*,#4269,.F.);
#5365 = ORIENTED_EDGE('',*,*,#4725,.T.);
#5366 = CYLINDRICAL_SURFACE('',#5367,6.5);
#5367 = AXIS2_PLACEMENT_3D('',#5368,#5369,#5370);
#5368 = CARTESIAN_POINT('',(177.5,6.,25.));
#5369 = DIRECTION('',(-1.,1.110223024625E-16,0.));
#5370 = DIRECTION('',(0.,0.,1.));
#5371 = ADVANCED_FACE('',(#5372),#5391,.T.);
#5372 = FACE_BOUND('',#5373,.T.);
#5373 = EDGE_LOOP('',(#5374,#5375,#5376,#5384,#5390));
#5374 = ORIENTED_EDGE('',*,*,#4261,.T.);
#5375 = ORIENTED_EDGE('',*,*,#5358,.T.);
#5376 = ORIENTED_EDGE('',*,*,#5377,.T.);
#5377 = EDGE_CURVE('',#5350,#5378,#5380,.T.);
#5378 = VERTEX_POINT('',#5379);
#5379 = CARTESIAN_POINT('',(176.,9.316624790355,20.));
#5380 = LINE('',#5381,#5382);
#5381 = CARTESIAN_POINT('',(176.,64.,20.));
#5382 = VECTOR('',#5383,1.);
#5383 = DIRECTION('',(-1.110223024625E-16,-1.,0.));
#5384 = ORIENTED_EDGE('',*,*,#5385,.T.);
#5385 = EDGE_CURVE('',#5378,#5232,#5386,.T.);
#5386 = LINE('',#5387,#5388);
#5387 = CARTESIAN_POINT('',(176.,64.,20.));
#5388 = VECTOR('',#5389,1.);
#5389 = DIRECTION('',(-1.110223024625E-16,-1.,0.));
#5390 = ORIENTED_EDGE('',*,*,#5231,.F.);
#5391 = PLANE('',#5392);
#5392 = AXIS2_PLACEMENT_3D('',#5393,#5394,#5395);
#5393 = CARTESIAN_POINT('',(176.,6.,25.));
#5394 = DIRECTION('',(-1.,1.110223024625E-16,0.));
#5395 = DIRECTION('',(0.,0.,1.));
#5396 = ADVANCED_FACE('',(#5397),#5424,.F.);
#5397 = FACE_BOUND('',#5398,.F.);
#5398 = EDGE_LOOP('',(#5399,#5408,#5416,#5423));
#5399 = ORIENTED_EDGE('',*,*,#5400,.F.);
#5400 = EDGE_CURVE('',#5401,#4324,#5403,.T.);
#5401 = VERTEX_POINT('',#5402);
#5402 = CARTESIAN_POINT('',(176.,8.5,31.));
#5403 = CIRCLE('',#5404,6.5);
#5404 = AXIS2_PLACEMENT_3D('',#5405,#5406,#5407);
#5405 = CARTESIAN_POINT('',(176.,6.,25.));
#5406 = DIRECTION('',(-1.,1.110223024625E-16,0.));
#5407 = DIRECTION('',(0.,0.,1.));
#5408 = ORIENTED_EDGE('',*,*,#5409,.T.);
#5409 = EDGE_CURVE('',#5401,#5410,#5412,.T.);
#5410 = VERTEX_POINT('',#5411);
#5411 = CARTESIAN_POINT('',(176.,61.5,31.));
#5412 = LINE('',#5413,#5414);
#5413 = CARTESIAN_POINT('',(176.,6.,31.));
#5414 = VECTOR('',#5415,1.);
#5415 = DIRECTION('',(1.110223024625E-16,1.,0.));
#5416 = ORIENTED_EDGE('',*,*,#5417,.F.);
#5417 = EDGE_CURVE('',#4326,#5410,#5418,.T.);
#5418 = CIRCLE('',#5419,6.5);
#5419 = AXIS2_PLACEMENT_3D('',#5420,#5421,#5422);
#5420 = CARTESIAN_POINT('',(176.,64.,25.));
#5421 = DIRECTION('',(-1.,1.110223024625E-16,0.));
#5422 = DIRECTION('',(0.,0.,1.));
#5423 = ORIENTED_EDGE('',*,*,#4323,.F.);
#5424 = PLANE('',#5425);
#5425 = AXIS2_PLACEMENT_3D('',#5426,#5427,#5428);
#5426 = CARTESIAN_POINT('',(176.,35.,25.));
#5427 = DIRECTION('',(-1.,1.110223024625E-16,0.));
#5428 = DIRECTION('',(0.,0.,1.));
#5429 = ADVANCED_FACE('',(#5430),#5443,.T.);
#5430 = FACE_BOUND('',#5431,.T.);
#5431 = EDGE_LOOP('',(#5432,#5433,#5440,#5441,#5442));
#5432 = ORIENTED_EDGE('',*,*,#5149,.T.);
#5433 = ORIENTED_EDGE('',*,*,#5434,.F.);
#5434 = EDGE_CURVE('',#5410,#5139,#5435,.T.);
#5435 = CIRCLE('',#5436,6.5);
#5436 = AXIS2_PLACEMENT_3D('',#5437,#5438,#5439);
#5437 = CARTESIAN_POINT('',(176.,64.,25.));
#5438 = DIRECTION('',(-1.,1.110223024625E-16,0.));
#5439 = DIRECTION('',(0.,0.,1.));
#5440 = ORIENTED_EDGE('',*,*,#5417,.F.);
#5441 = ORIENTED_EDGE('',*,*,#4365,.F.);
#5442 = ORIENTED_EDGE('',*,*,#5181,.T.);
#5443 = CYLINDRICAL_SURFACE('',#5444,6.5);
#5444 = AXIS2_PLACEMENT_3D('',#5445,#5446,#5447);
#5445 = CARTESIAN_POINT('',(177.5,64.,25.));
#5446 = DIRECTION('',(-1.,1.110223024625E-16,0.));
#5447 = DIRECTION('',(0.,0.,1.));
#5448 = ADVANCED_FACE('',(#5449),#5462,.T.);
#5449 = FACE_BOUND('',#5450,.T.);
#5450 = EDGE_LOOP('',(#5451,#5458,#5459,#5460,#5461));
#5451 = ORIENTED_EDGE('',*,*,#5452,.F.);
#5452 = EDGE_CURVE('',#5333,#5401,#5453,.T.);
#5453 = CIRCLE('',#5454,6.5);
#5454 = AXIS2_PLACEMENT_3D('',#5455,#5456,#5457);
#5455 = CARTESIAN_POINT('',(176.,6.,25.));
#5456 = DIRECTION('',(-1.,1.110223024625E-16,0.));
#5457 = DIRECTION('',(0.,0.,1.));
#5458 = ORIENTED_EDGE('',*,*,#5332,.F.);
#5459 = ORIENTED_EDGE('',*,*,#4734,.T.);
#5460 = ORIENTED_EDGE('',*,*,#4333,.T.);
#5461 = ORIENTED_EDGE('',*,*,#5400,.F.);
#5462 = CYLINDRICAL_SURFACE('',#5463,6.5);
#5463 = AXIS2_PLACEMENT_3D('',#5464,#5465,#5466);
#5464 = CARTESIAN_POINT('',(177.5,6.,25.));
#5465 = DIRECTION('',(-1.,1.110223024625E-16,0.));
#5466 = DIRECTION('',(0.,0.,1.));
#5467 = ADVANCED_FACE('',(#5468,#5502),#5505,.F.);
#5468 = FACE_BOUND('',#5469,.F.);
#5469 = EDGE_LOOP('',(#5470,#5480,#5488,#5496));
#5470 = ORIENTED_EDGE('',*,*,#5471,.F.);
#5471 = EDGE_CURVE('',#5472,#5474,#5476,.T.);
#5472 = VERTEX_POINT('',#5473);
#5473 = CARTESIAN_POINT('',(180.,58.6,18.6));
#5474 = VERTEX_POINT('',#5475);
#5475 = CARTESIAN_POINT('',(180.,69.4,18.6));
#5476 = LINE('',#5477,#5478);
#5477 = CARTESIAN_POINT('',(180.,58.6,18.6));
#5478 = VECTOR('',#5479,1.);
#5479 = DIRECTION('',(1.110223024625E-16,1.,0.));
#5480 = ORIENTED_EDGE('',*,*,#5481,.T.);
#5481 = EDGE_CURVE('',#5472,#5482,#5484,.T.);
#5482 = VERTEX_POINT('',#5483);
#5483 = CARTESIAN_POINT('',(180.,58.6,31.4));
#5484 = LINE('',#5485,#5486);
#5485 = CARTESIAN_POINT('',(180.,58.6,18.6));
#5486 = VECTOR('',#5487,1.);
#5487 = DIRECTION('',(0.,0.,1.));
#5488 = ORIENTED_EDGE('',*,*,#5489,.T.);
#5489 = EDGE_CURVE('',#5482,#5490,#5492,.T.);
#5490 = VERTEX_POINT('',#5491);
#5491 = CARTESIAN_POINT('',(180.,69.4,31.4));
#5492 = LINE('',#5493,#5494);
#5493 = CARTESIAN_POINT('',(180.,58.6,31.4));
#5494 = VECTOR('',#5495,1.);
#5495 = DIRECTION('',(1.110223024625E-16,1.,0.));
#5496 = ORIENTED_EDGE('',*,*,#5497,.F.);
#5497 = EDGE_CURVE('',#5474,#5490,#5498,.T.);
#5498 = LINE('',#5499,#5500);
#5499 = CARTESIAN_POINT('',(180.,69.4,18.6));
#5500 = VECTOR('',#5501,1.);
#5501 = DIRECTION('',(0.,0.,1.));
#5502 = FACE_BOUND('',#5503,.F.);
#5503 = EDGE_LOOP('',(#5504));
#5504 = ORIENTED_EDGE('',*,*,#4379,.F.);
#5505 = PLANE('',#5506);
#5506 = AXIS2_PLACEMENT_3D('',#5507,#5508,#5509);
#5507 = CARTESIAN_POINT('',(180.,58.6,18.6));
#5508 = DIRECTION('',(-1.,1.110223024625E-16,0.));
#5509 = DIRECTION('',(0.,0.,1.));
#5510 = ADVANCED_FACE('',(#5511,#5527),#5530,.F.);
#5511 = FACE_BOUND('',#5512,.F.);
#5512 = EDGE_LOOP('',(#5513,#5519,#5520,#5526));
#5513 = ORIENTED_EDGE('',*,*,#5514,.F.);
#5514 = EDGE_CURVE('',#4482,#5482,#5515,.T.);
#5515 = LINE('',#5516,#5517);
#5516 = CARTESIAN_POINT('',(207.,58.6,31.4));
#5517 = VECTOR('',#5518,1.);
#5518 = DIRECTION('',(-1.,1.110223024625E-16,0.));
#5519 = ORIENTED_EDGE('',*,*,#4481,.T.);
#5520 = ORIENTED_EDGE('',*,*,#5521,.T.);
#5521 = EDGE_CURVE('',#4484,#5490,#5522,.T.);
#5522 = LINE('',#5523,#5524);
#5523 = CARTESIAN_POINT('',(207.,69.4,31.4));
#5524 = VECTOR('',#5525,1.);
#5525 = DIRECTION('',(-1.,1.110223024625E-16,0.));
#5526 = ORIENTED_EDGE('',*,*,#5489,.F.);
#5527 = FACE_BOUND('',#5528,.F.);
#5528 = EDGE_LOOP('',(#5529));
#5529 = ORIENTED_EDGE('',*,*,#4530,.F.);
#5530 = PLANE('',#5531);
#5531 = AXIS2_PLACEMENT_3D('',#5532,#5533,#5534);
#5532 = CARTESIAN_POINT('',(207.,58.6,31.4));
#5533 = DIRECTION('',(0.,0.,1.));
#5534 = DIRECTION('',(1.110223024625E-16,1.,0.));
#5535 = ADVANCED_FACE('',(#5536),#5547,.F.);
#5536 = FACE_BOUND('',#5537,.F.);
#5537 = EDGE_LOOP('',(#5538,#5539,#5540,#5546));
#5538 = ORIENTED_EDGE('',*,*,#5521,.F.);
#5539 = ORIENTED_EDGE('',*,*,#4507,.T.);
#5540 = ORIENTED_EDGE('',*,*,#5541,.T.);
#5541 = EDGE_CURVE('',#4500,#5474,#5542,.T.);
#5542 = LINE('',#5543,#5544);
#5543 = CARTESIAN_POINT('',(207.,69.4,18.6));
#5544 = VECTOR('',#5545,1.);
#5545 = DIRECTION('',(-1.,1.110223024625E-16,0.));
#5546 = ORIENTED_EDGE('',*,*,#5497,.T.);
#5547 = PLANE('',#5548);
#5548 = AXIS2_PLACEMENT_3D('',#5549,#5550,#5551);
#5549 = CARTESIAN_POINT('',(207.,69.4,18.6));
#5550 = DIRECTION('',(1.110223024625E-16,1.,0.));
#5551 = DIRECTION('',(0.,0.,1.));
#5552 = ADVANCED_FACE('',(#5553),#5564,.T.);
#5553 = FACE_BOUND('',#5554,.T.);
#5554 = EDGE_LOOP('',(#5555,#5561,#5562,#5563));
#5555 = ORIENTED_EDGE('',*,*,#5556,.F.);
#5556 = EDGE_CURVE('',#4492,#5472,#5557,.T.);
#5557 = LINE('',#5558,#5559);
#5558 = CARTESIAN_POINT('',(207.,58.6,18.6));
#5559 = VECTOR('',#5560,1.);
#5560 = DIRECTION('',(-1.,1.110223024625E-16,0.));
#5561 = ORIENTED_EDGE('',*,*,#4499,.T.);
#5562 = ORIENTED_EDGE('',*,*,#5541,.T.);
#5563 = ORIENTED_EDGE('',*,*,#5471,.F.);
#5564 = PLANE('',#5565);
#5565 = AXIS2_PLACEMENT_3D('',#5566,#5567,#5568);
#5566 = CARTESIAN_POINT('',(207.,58.6,18.6));
#5567 = DIRECTION('',(0.,0.,1.));
#5568 = DIRECTION('',(1.110223024625E-16,1.,0.));
#5569 = ADVANCED_FACE('',(#5570),#5576,.T.);
#5570 = FACE_BOUND('',#5571,.T.);
#5571 = EDGE_LOOP('',(#5572,#5573,#5574,#5575));
#5572 = ORIENTED_EDGE('',*,*,#5514,.F.);
#5573 = ORIENTED_EDGE('',*,*,#4491,.T.);
#5574 = ORIENTED_EDGE('',*,*,#5556,.T.);
#5575 = ORIENTED_EDGE('',*,*,#5481,.T.);
#5576 = PLANE('',#5577);
#5577 = AXIS2_PLACEMENT_3D('',#5578,#5579,#5580);
#5578 = CARTESIAN_POINT('',(207.,58.6,18.6));
#5579 = DIRECTION('',(1.110223024625E-16,1.,0.));
#5580 = DIRECTION('',(0.,0.,1.));
#5581 = ADVANCED_FACE('',(#5582),#5607,.T.);
#5582 = FACE_BOUND('',#5583,.T.);
#5583 = EDGE_LOOP('',(#5584,#5585,#5593,#5601));
#5584 = ORIENTED_EDGE('',*,*,#4575,.F.);
#5585 = ORIENTED_EDGE('',*,*,#5586,.T.);
#5586 = EDGE_CURVE('',#4576,#5587,#5589,.T.);
#5587 = VERTEX_POINT('',#5588);
#5588 = CARTESIAN_POINT('',(121.5,70.,0.));
#5589 = LINE('',#5590,#5591);
#5590 = CARTESIAN_POINT('',(123.5,70.,0.));
#5591 = VECTOR('',#5592,1.);
#5592 = DIRECTION('',(-1.,1.110223024625E-16,0.));
#5593 = ORIENTED_EDGE('',*,*,#5594,.T.);
#5594 = EDGE_CURVE('',#5587,#5595,#5597,.T.);
#5595 = VERTEX_POINT('',#5596);
#5596 = CARTESIAN_POINT('',(121.5,70.,30.));
#5597 = LINE('',#5598,#5599);
#5598 = CARTESIAN_POINT('',(121.5,70.,0.));
#5599 = VECTOR('',#5600,1.);
#5600 = DIRECTION('',(0.,0.,1.));
#5601 = ORIENTED_EDGE('',*,*,#5602,.T.);
#5602 = EDGE_CURVE('',#5595,#4578,#5603,.T.);
#5603 = LINE('',#5604,#5605);
#5604 = CARTESIAN_POINT('',(124.,70.,30.));
#5605 = VECTOR('',#5606,1.);
#5606 = DIRECTION('',(1.,-1.110223024625E-16,0.));
#5607 = PLANE('',#5608);
#5608 = AXIS2_PLACEMENT_3D('',#5609,#5610,#5611);
#5609 = CARTESIAN_POINT('',(123.5,70.,0.));
#5610 = DIRECTION('',(1.110223024625E-16,1.,0.));
#5611 = DIRECTION('',(0.,0.,1.));
#5612 = ADVANCED_FACE('',(#5613),#5631,.F.);
#5613 = FACE_BOUND('',#5614,.F.);
#5614 = EDGE_LOOP('',(#5615,#5623,#5624,#5625));
#5615 = ORIENTED_EDGE('',*,*,#5616,.F.);
#5616 = EDGE_CURVE('',#4586,#5617,#5619,.T.);
#5617 = VERTEX_POINT('',#5618);
#5618 = CARTESIAN_POINT('',(121.5,6.550315845288E-15,0.));
#5619 = LINE('',#5620,#5621);
#5620 = CARTESIAN_POINT('',(123.5,6.328271240363E-15,0.));
#5621 = VECTOR('',#5622,1.);
#5622 = DIRECTION('',(-1.,1.110223024625E-16,0.));
#5623 = ORIENTED_EDGE('',*,*,#4585,.T.);
#5624 = ORIENTED_EDGE('',*,*,#5586,.T.);
#5625 = ORIENTED_EDGE('',*,*,#5626,.F.);
#5626 = EDGE_CURVE('',#5617,#5587,#5627,.T.);
#5627 = LINE('',#5628,#5629);
#5628 = CARTESIAN_POINT('',(121.5,6.550315845288E-15,0.));
#5629 = VECTOR('',#5630,1.);
#5630 = DIRECTION('',(1.110223024625E-16,1.,0.));
#5631 = PLANE('',#5632);
#5632 = AXIS2_PLACEMENT_3D('',#5633,#5634,#5635);
#5633 = CARTESIAN_POINT('',(123.5,6.328271240363E-15,0.));
#5634 = DIRECTION('',(0.,0.,1.));
#5635 = DIRECTION('',(1.110223024625E-16,1.,0.));
#5636 = ADVANCED_FACE('',(#5637),#5662,.T.);
#5637 = FACE_BOUND('',#5638,.T.);
#5638 = EDGE_LOOP('',(#5639,#5647,#5653,#5654,#5660,#5661));
#5639 = ORIENTED_EDGE('',*,*,#5640,.F.);
#5640 = EDGE_CURVE('',#5641,#5595,#5643,.T.);
#5641 = VERTEX_POINT('',#5642);
#5642 = CARTESIAN_POINT('',(121.5,6.550315845288E-15,30.));
#5643 = LINE('',#5644,#5645);
#5644 = CARTESIAN_POINT('',(121.5,-17.5,30.));
#5645 = VECTOR('',#5646,1.);
#5646 = DIRECTION('',(1.110223024625E-16,1.,0.));
#5647 = ORIENTED_EDGE('',*,*,#5648,.T.);
#5648 = EDGE_CURVE('',#5641,#4594,#5649,.T.);
#5649 = LINE('',#5650,#5651);
#5650 = CARTESIAN_POINT('',(124.,6.272760089132E-15,30.));
#5651 = VECTOR('',#5652,1.);
#5652 = DIRECTION('',(1.,-1.110223024625E-16,0.));
#5653 = ORIENTED_EDGE('',*,*,#4601,.T.);
#5654 = ORIENTED_EDGE('',*,*,#5655,.T.);
#5655 = EDGE_CURVE('',#4602,#4659,#5656,.T.);
#5656 = LINE('',#5657,#5658);
#5657 = CARTESIAN_POINT('',(123.5,-17.5,30.));
#5658 = VECTOR('',#5659,1.);
#5659 = DIRECTION('',(1.110223024625E-16,1.,0.));
#5660 = ORIENTED_EDGE('',*,*,#4666,.T.);
#5661 = ORIENTED_EDGE('',*,*,#5602,.F.);
#5662 = PLANE('',#5663);
#5663 = AXIS2_PLACEMENT_3D('',#5664,#5665,#5666);
#5664 = CARTESIAN_POINT('',(124.5,-35.,30.));
#5665 = DIRECTION('',(0.,0.,1.));
#5666 = DIRECTION('',(1.110223024625E-16,1.,0.));
#5667 = ADVANCED_FACE('',(#5668),#5679,.F.);
#5668 = FACE_BOUND('',#5669,.F.);
#5669 = EDGE_LOOP('',(#5670,#5671,#5672,#5678));
#5670 = ORIENTED_EDGE('',*,*,#4593,.F.);
#5671 = ORIENTED_EDGE('',*,*,#5616,.T.);
#5672 = ORIENTED_EDGE('',*,*,#5673,.T.);
#5673 = EDGE_CURVE('',#5617,#5641,#5674,.T.);
#5674 = LINE('',#5675,#5676);
#5675 = CARTESIAN_POINT('',(121.5,6.550315845288E-15,0.));
#5676 = VECTOR('',#5677,1.);
#5677 = DIRECTION('',(0.,0.,1.));
#5678 = ORIENTED_EDGE('',*,*,#5648,.T.);
#5679 = PLANE('',#5680);
#5680 = AXIS2_PLACEMENT_3D('',#5681,#5682,#5683);
#5681 = CARTESIAN_POINT('',(123.5,6.328271240363E-15,0.));
#5682 = DIRECTION('',(1.110223024625E-16,1.,0.));
#5683 = DIRECTION('',(0.,0.,1.));
#5684 = ADVANCED_FACE('',(#5685),#5696,.T.);
#5685 = FACE_BOUND('',#5686,.T.);
#5686 = EDGE_LOOP('',(#5687,#5688,#5689,#5690));
#5687 = ORIENTED_EDGE('',*,*,#4982,.T.);
#5688 = ORIENTED_EDGE('',*,*,#4896,.T.);
#5689 = ORIENTED_EDGE('',*,*,#4658,.T.);
#5690 = ORIENTED_EDGE('',*,*,#5691,.F.);
#5691 = EDGE_CURVE('',#4983,#4659,#5692,.T.);
#5692 = LINE('',#5693,#5694);
#5693 = CARTESIAN_POINT('',(178.5,62.8,30.));
#5694 = VECTOR('',#5695,1.);
#5695 = DIRECTION('',(-1.,1.110223024625E-16,0.));
#5696 = PLANE('',#5697);
#5697 = AXIS2_PLACEMENT_3D('',#5698,#5699,#5700);
#5698 = CARTESIAN_POINT('',(178.5,63.4,29.4));
#5699 = DIRECTION('',(6.442841347715E-17,0.707106781187,0.707106781187)
  );
#5700 = DIRECTION('',(-1.,1.01068919302E-16,-9.953383160478E-18));
#5701 = ADVANCED_FACE('',(#5702),#5722,.F.);
#5702 = FACE_BOUND('',#5703,.F.);
#5703 = EDGE_LOOP('',(#5704,#5712,#5719,#5720,#5721));
#5704 = ORIENTED_EDGE('',*,*,#5705,.T.);
#5705 = EDGE_CURVE('',#4642,#5706,#5708,.T.);
#5706 = VERTEX_POINT('',#5707);
#5707 = CARTESIAN_POINT('',(121.5,64.,27.2));
#5708 = LINE('',#5709,#5710);
#5709 = CARTESIAN_POINT('',(124.5,64.,27.2));
#5710 = VECTOR('',#5711,1.);
#5711 = DIRECTION('',(-1.,1.110223024625E-16,0.));
#5712 = ORIENTED_EDGE('',*,*,#5713,.F.);
#5713 = EDGE_CURVE('',#5706,#5706,#5714,.T.);
#5714 = CIRCLE('',#5715,2.2);
#5715 = AXIS2_PLACEMENT_3D('',#5716,#5717,#5718);
#5716 = CARTESIAN_POINT('',(121.5,64.,25.));
#5717 = DIRECTION('',(-1.,1.110223024625E-16,0.));
#5718 = DIRECTION('',(0.,0.,1.));
#5719 = ORIENTED_EDGE('',*,*,#5705,.F.);
#5720 = ORIENTED_EDGE('',*,*,#4641,.T.);
#5721 = ORIENTED_EDGE('',*,*,#4870,.T.);
#5722 = CYLINDRICAL_SURFACE('',#5723,2.2);
#5723 = AXIS2_PLACEMENT_3D('',#5724,#5725,#5726);
#5724 = CARTESIAN_POINT('',(124.5,64.,25.));
#5725 = DIRECTION('',(-1.,1.110223024625E-16,0.));
#5726 = DIRECTION('',(0.,0.,1.));
#5727 = ADVANCED_FACE('',(#5728),#5754,.F.);
#5728 = FACE_BOUND('',#5729,.F.);
#5729 = EDGE_LOOP('',(#5730,#5731,#5739,#5748));
#5730 = ORIENTED_EDGE('',*,*,#4616,.T.);
#5731 = ORIENTED_EDGE('',*,*,#5732,.T.);
#5732 = EDGE_CURVE('',#4037,#5733,#5735,.T.);
#5733 = VERTEX_POINT('',#5734);
#5734 = CARTESIAN_POINT('',(121.5,6.,27.25));
#5735 = LINE('',#5736,#5737);
#5736 = CARTESIAN_POINT('',(124.5,6.,27.25));
#5737 = VECTOR('',#5738,1.);
#5738 = DIRECTION('',(-1.,1.110223024625E-16,0.));
#5739 = ORIENTED_EDGE('',*,*,#5740,.F.);
#5740 = EDGE_CURVE('',#5741,#5733,#5743,.T.);
#5741 = VERTEX_POINT('',#5742);
#5742 = CARTESIAN_POINT('',(121.5,6.,22.75));
#5743 = CIRCLE('',#5744,2.25);
#5744 = AXIS2_PLACEMENT_3D('',#5745,#5746,#5747);
#5745 = CARTESIAN_POINT('',(121.5,6.,25.));
#5746 = DIRECTION('',(-1.,1.110223024625E-16,0.));
#5747 = DIRECTION('',(0.,0.,1.));
#5748 = ORIENTED_EDGE('',*,*,#5749,.F.);
#5749 = EDGE_CURVE('',#4617,#5741,#5750,.T.);
#5750 = LINE('',#5751,#5752);
#5751 = CARTESIAN_POINT('',(124.5,6.,22.75));
#5752 = VECTOR('',#5753,1.);
#5753 = DIRECTION('',(-1.,1.110223024625E-16,0.));
#5754 = CYLINDRICAL_SURFACE('',#5755,2.25);
#5755 = AXIS2_PLACEMENT_3D('',#5756,#5757,#5758);
#5756 = CARTESIAN_POINT('',(124.5,6.,25.));
#5757 = DIRECTION('',(-1.,1.110223024625E-16,0.));
#5758 = DIRECTION('',(0.,0.,1.));
#5759 = ADVANCED_FACE('',(#5760),#5787,.F.);
#5760 = FACE_BOUND('',#5761,.F.);
#5761 = EDGE_LOOP('',(#5762,#5773,#5779,#5780,#5781));
#5762 = ORIENTED_EDGE('',*,*,#5763,.F.);
#5763 = EDGE_CURVE('',#5764,#5766,#5768,.T.);
#5764 = VERTEX_POINT('',#5765);
#5765 = CARTESIAN_POINT('',(121.5,14.,27.25));
#5766 = VERTEX_POINT('',#5767);
#5767 = CARTESIAN_POINT('',(121.5,14.,22.75));
#5768 = CIRCLE('',#5769,2.25);
#5769 = AXIS2_PLACEMENT_3D('',#5770,#5771,#5772);
#5770 = CARTESIAN_POINT('',(121.5,14.,25.));
#5771 = DIRECTION('',(-1.,1.110223024625E-16,0.));
#5772 = DIRECTION('',(0.,0.,1.));
#5773 = ORIENTED_EDGE('',*,*,#5774,.F.);
#5774 = EDGE_CURVE('',#4839,#5764,#5775,.T.);
#5775 = LINE('',#5776,#5777);
#5776 = CARTESIAN_POINT('',(124.5,14.,27.25));
#5777 = VECTOR('',#5778,1.);
#5778 = DIRECTION('',(-1.,1.110223024625E-16,0.));
#5779 = ORIENTED_EDGE('',*,*,#4838,.T.);
#5780 = ORIENTED_EDGE('',*,*,#4633,.T.);
#5781 = ORIENTED_EDGE('',*,*,#5782,.T.);
#5782 = EDGE_CURVE('',#4626,#5766,#5783,.T.);
#5783 = LINE('',#5784,#5785);
#5784 = CARTESIAN_POINT('',(124.5,14.,22.75));
#5785 = VECTOR('',#5786,1.);
#5786 = DIRECTION('',(-1.,1.110223024625E-16,0.));
#5787 = CYLINDRICAL_SURFACE('',#5788,2.25);
#5788 = AXIS2_PLACEMENT_3D('',#5789,#5790,#5791);
#5789 = CARTESIAN_POINT('',(124.5,14.,25.));
#5790 = DIRECTION('',(-1.,1.110223024625E-16,0.));
#5791 = DIRECTION('',(0.,0.,1.));
#5792 = ADVANCED_FACE('',(#5793),#5804,.T.);
#5793 = FACE_BOUND('',#5794,.T.);
#5794 = EDGE_LOOP('',(#5795,#5796,#5797,#5798));
#5795 = ORIENTED_EDGE('',*,*,#5749,.F.);
#5796 = ORIENTED_EDGE('',*,*,#4625,.T.);
#5797 = ORIENTED_EDGE('',*,*,#5782,.T.);
#5798 = ORIENTED_EDGE('',*,*,#5799,.F.);
#5799 = EDGE_CURVE('',#5741,#5766,#5800,.T.);
#5800 = LINE('',#5801,#5802);
#5801 = CARTESIAN_POINT('',(121.5,3.,22.75));
#5802 = VECTOR('',#5803,1.);
#5803 = DIRECTION('',(1.110223024625E-16,1.,0.));
#5804 = PLANE('',#5805);
#5805 = AXIS2_PLACEMENT_3D('',#5806,#5807,#5808);
#5806 = CARTESIAN_POINT('',(124.5,6.,22.75));
#5807 = DIRECTION('',(0.,0.,1.));
#5808 = DIRECTION('',(1.110223024625E-16,1.,0.));
#5809 = ADVANCED_FACE('',(#5810),#5829,.F.);
#5810 = FACE_BOUND('',#5811,.F.);
#5811 = EDGE_LOOP('',(#5812,#5821,#5827,#5828));
#5812 = ORIENTED_EDGE('',*,*,#5813,.F.);
#5813 = EDGE_CURVE('',#5814,#5814,#5816,.T.);
#5814 = VERTEX_POINT('',#5815);
#5815 = CARTESIAN_POINT('',(121.5,24.,8.6));
#5816 = CIRCLE('',#5817,1.6);
#5817 = AXIS2_PLACEMENT_3D('',#5818,#5819,#5820);
#5818 = CARTESIAN_POINT('',(121.5,24.,7.));
#5819 = DIRECTION('',(-1.,1.110223024625E-16,0.));
#5820 = DIRECTION('',(0.,0.,1.));
#5821 = ORIENTED_EDGE('',*,*,#5822,.F.);
#5822 = EDGE_CURVE('',#4675,#5814,#5823,.T.);
#5823 = LINE('',#5824,#5825);
#5824 = CARTESIAN_POINT('',(124.5,24.,8.6));
#5825 = VECTOR('',#5826,1.);
#5826 = DIRECTION('',(-1.,1.110223024625E-16,0.));
#5827 = ORIENTED_EDGE('',*,*,#4674,.T.);
#5828 = ORIENTED_EDGE('',*,*,#5822,.T.);
#5829 = CYLINDRICAL_SURFACE('',#5830,1.6);
#5830 = AXIS2_PLACEMENT_3D('',#5831,#5832,#5833);
#5831 = CARTESIAN_POINT('',(124.5,24.,7.));
#5832 = DIRECTION('',(-1.,1.110223024625E-16,0.));
#5833 = DIRECTION('',(0.,0.,1.));
#5834 = ADVANCED_FACE('',(#5835),#5854,.F.);
#5835 = FACE_BOUND('',#5836,.F.);
#5836 = EDGE_LOOP('',(#5837,#5846,#5852,#5853));
#5837 = ORIENTED_EDGE('',*,*,#5838,.F.);
#5838 = EDGE_CURVE('',#5839,#5839,#5841,.T.);
#5839 = VERTEX_POINT('',#5840);
#5840 = CARTESIAN_POINT('',(121.5,46.,8.6));
#5841 = CIRCLE('',#5842,1.6);
#5842 = AXIS2_PLACEMENT_3D('',#5843,#5844,#5845);
#5843 = CARTESIAN_POINT('',(121.5,46.,7.));
#5844 = DIRECTION('',(-1.,1.110223024625E-16,0.));
#5845 = DIRECTION('',(0.,0.,1.));
#5846 = ORIENTED_EDGE('',*,*,#5847,.F.);
#5847 = EDGE_CURVE('',#4686,#5839,#5848,.T.);
#5848 = LINE('',#5849,#5850);
#5849 = CARTESIAN_POINT('',(124.5,46.,8.6));
#5850 = VECTOR('',#5851,1.);
#5851 = DIRECTION('',(-1.,1.110223024625E-16,0.));
#5852 = ORIENTED_EDGE('',*,*,#4685,.T.);
#5853 = ORIENTED_EDGE('',*,*,#5847,.T.);
#5854 = CYLINDRICAL_SURFACE('',#5855,1.6);
#5855 = AXIS2_PLACEMENT_3D('',#5856,#5857,#5858);
#5856 = CARTESIAN_POINT('',(124.5,46.,7.));
#5857 = DIRECTION('',(-1.,1.110223024625E-16,0.));
#5858 = DIRECTION('',(0.,0.,1.));
#5859 = ADVANCED_FACE('',(#5860),#5889,.T.);
#5860 = FACE_BOUND('',#5861,.T.);
#5861 = EDGE_LOOP('',(#5862,#5863,#5864,#5865,#5873,#5881,#5887,#5888));
#5862 = ORIENTED_EDGE('',*,*,#5655,.F.);
#5863 = ORIENTED_EDGE('',*,*,#4824,.F.);
#5864 = ORIENTED_EDGE('',*,*,#4796,.T.);
#5865 = ORIENTED_EDGE('',*,*,#5866,.F.);
#5866 = EDGE_CURVE('',#5867,#4788,#5869,.T.);
#5867 = VERTEX_POINT('',#5868);
#5868 = CARTESIAN_POINT('',(126.,10.153311931459,30.));
#5869 = LINE('',#5870,#5871);
#5870 = CARTESIAN_POINT('',(126.,10.153311931459,30.));
#5871 = VECTOR('',#5872,1.);
#5872 = DIRECTION('',(-1.,1.110223024625E-16,0.));
#5873 = ORIENTED_EDGE('',*,*,#5874,.T.);
#5874 = EDGE_CURVE('',#5867,#5875,#5877,.T.);
#5875 = VERTEX_POINT('',#5876);
#5876 = CARTESIAN_POINT('',(126.,59.846688068541,30.));
#5877 = LINE('',#5878,#5879);
#5878 = CARTESIAN_POINT('',(126.,6.,30.));
#5879 = VECTOR('',#5880,1.);
#5880 = DIRECTION('',(1.110223024625E-16,1.,0.));
#5881 = ORIENTED_EDGE('',*,*,#5882,.T.);
#5882 = EDGE_CURVE('',#5875,#4962,#5883,.T.);
#5883 = LINE('',#5884,#5885);
#5884 = CARTESIAN_POINT('',(126.,59.846688068541,30.));
#5885 = VECTOR('',#5886,1.);
#5886 = DIRECTION('',(-1.,1.110223024625E-16,0.));
#5887 = ORIENTED_EDGE('',*,*,#4990,.T.);
#5888 = ORIENTED_EDGE('',*,*,#5691,.T.);
#5889 = PLANE('',#5890);
#5890 = AXIS2_PLACEMENT_3D('',#5891,#5892,#5893);
#5891 = CARTESIAN_POINT('',(178.5,6.,30.));
#5892 = DIRECTION('',(0.,0.,1.));
#5893 = DIRECTION('',(1.110223024625E-16,1.,0.));
#5894 = ADVANCED_FACE('',(#5895),#5916,.T.);
#5895 = FACE_BOUND('',#5896,.T.);
#5896 = EDGE_LOOP('',(#5897,#5898,#5899,#5908,#5915));
#5897 = ORIENTED_EDGE('',*,*,#4787,.F.);
#5898 = ORIENTED_EDGE('',*,*,#5297,.F.);
#5899 = ORIENTED_EDGE('',*,*,#5900,.T.);
#5900 = EDGE_CURVE('',#5298,#5901,#5903,.T.);
#5901 = VERTEX_POINT('',#5902);
#5902 = CARTESIAN_POINT('',(126.,8.5,31.));
#5903 = CIRCLE('',#5904,6.5);
#5904 = AXIS2_PLACEMENT_3D('',#5905,#5906,#5907);
#5905 = CARTESIAN_POINT('',(126.,6.,25.));
#5906 = DIRECTION('',(-1.,1.110223024625E-16,0.));
#5907 = DIRECTION('',(0.,0.,1.));
#5908 = ORIENTED_EDGE('',*,*,#5909,.T.);
#5909 = EDGE_CURVE('',#5901,#5867,#5910,.T.);
#5910 = CIRCLE('',#5911,6.5);
#5911 = AXIS2_PLACEMENT_3D('',#5912,#5913,#5914);
#5912 = CARTESIAN_POINT('',(126.,6.,25.));
#5913 = DIRECTION('',(-1.,1.110223024625E-16,0.));
#5914 = DIRECTION('',(0.,0.,1.));
#5915 = ORIENTED_EDGE('',*,*,#5866,.T.);
#5916 = CYLINDRICAL_SURFACE('',#5917,6.5);
#5917 = AXIS2_PLACEMENT_3D('',#5918,#5919,#5920);
#5918 = CARTESIAN_POINT('',(126.,6.,25.));
#5919 = DIRECTION('',(-1.,1.110223024625E-16,0.));
#5920 = DIRECTION('',(0.,0.,1.));
#5921 = ADVANCED_FACE('',(#5922),#5933,.F.);
#5922 = FACE_BOUND('',#5923,.F.);
#5923 = EDGE_LOOP('',(#5924,#5925,#5926,#5927));
#5924 = ORIENTED_EDGE('',*,*,#5732,.F.);
#5925 = ORIENTED_EDGE('',*,*,#4849,.T.);
#5926 = ORIENTED_EDGE('',*,*,#5774,.T.);
#5927 = ORIENTED_EDGE('',*,*,#5928,.F.);
#5928 = EDGE_CURVE('',#5733,#5764,#5929,.T.);
#5929 = LINE('',#5930,#5931);
#5930 = CARTESIAN_POINT('',(121.5,3.,27.25));
#5931 = VECTOR('',#5932,1.);
#5932 = DIRECTION('',(1.110223024625E-16,1.,0.));
#5933 = PLANE('',#5934);
#5934 = AXIS2_PLACEMENT_3D('',#5935,#5936,#5937);
#5935 = CARTESIAN_POINT('',(124.5,6.,27.25));
#5936 = DIRECTION('',(0.,0.,1.));
#5937 = DIRECTION('',(1.110223024625E-16,1.,0.));
#5938 = ADVANCED_FACE('',(#5939),#5960,.T.);
#5939 = FACE_BOUND('',#5940,.T.);
#5940 = EDGE_LOOP('',(#5941,#5942,#5943,#5944,#5953));
#5941 = ORIENTED_EDGE('',*,*,#5005,.T.);
#5942 = ORIENTED_EDGE('',*,*,#4961,.F.);
#5943 = ORIENTED_EDGE('',*,*,#5882,.F.);
#5944 = ORIENTED_EDGE('',*,*,#5945,.T.);
#5945 = EDGE_CURVE('',#5875,#5946,#5948,.T.);
#5946 = VERTEX_POINT('',#5947);
#5947 = CARTESIAN_POINT('',(126.,61.5,31.));
#5948 = CIRCLE('',#5949,6.5);
#5949 = AXIS2_PLACEMENT_3D('',#5950,#5951,#5952);
#5950 = CARTESIAN_POINT('',(126.,64.,25.));
#5951 = DIRECTION('',(-1.,1.110223024625E-16,0.));
#5952 = DIRECTION('',(0.,0.,1.));
#5953 = ORIENTED_EDGE('',*,*,#5954,.T.);
#5954 = EDGE_CURVE('',#5946,#5006,#5955,.T.);
#5955 = CIRCLE('',#5956,6.5);
#5956 = AXIS2_PLACEMENT_3D('',#5957,#5958,#5959);
#5957 = CARTESIAN_POINT('',(126.,64.,25.));
#5958 = DIRECTION('',(-1.,1.110223024625E-16,0.));
#5959 = DIRECTION('',(0.,0.,1.));
#5960 = CYLINDRICAL_SURFACE('',#5961,6.5);
#5961 = AXIS2_PLACEMENT_3D('',#5962,#5963,#5964);
#5962 = CARTESIAN_POINT('',(126.,64.,25.));
#5963 = DIRECTION('',(-1.,1.110223024625E-16,0.));
#5964 = DIRECTION('',(0.,0.,1.));
#5965 = ADVANCED_FACE('',(#5966),#5993,.F.);
#5966 = FACE_BOUND('',#5967,.F.);
#5967 = EDGE_LOOP('',(#5968,#5976,#5977,#5978,#5986));
#5968 = ORIENTED_EDGE('',*,*,#5969,.F.);
#5969 = EDGE_CURVE('',#5946,#5970,#5972,.T.);
#5970 = VERTEX_POINT('',#5971);
#5971 = CARTESIAN_POINT('',(126.,64.,31.));
#5972 = LINE('',#5973,#5974);
#5973 = CARTESIAN_POINT('',(126.,6.,31.));
#5974 = VECTOR('',#5975,1.);
#5975 = DIRECTION('',(1.110223024625E-16,1.,0.));
#5976 = ORIENTED_EDGE('',*,*,#5954,.T.);
#5977 = ORIENTED_EDGE('',*,*,#5013,.T.);
#5978 = ORIENTED_EDGE('',*,*,#5979,.F.);
#5979 = EDGE_CURVE('',#5980,#5014,#5982,.T.);
#5980 = VERTEX_POINT('',#5981);
#5981 = CARTESIAN_POINT('',(126.,64.,19.));
#5982 = LINE('',#5983,#5984);
#5983 = CARTESIAN_POINT('',(126.,64.,19.));
#5984 = VECTOR('',#5985,1.);
#5985 = DIRECTION('',(-1.110223024625E-16,-1.,0.));
#5986 = ORIENTED_EDGE('',*,*,#5987,.F.);
#5987 = EDGE_CURVE('',#5970,#5980,#5988,.T.);
#5988 = CIRCLE('',#5989,6.);
#5989 = AXIS2_PLACEMENT_3D('',#5990,#5991,#5992);
#5990 = CARTESIAN_POINT('',(126.,64.,25.));
#5991 = DIRECTION('',(-1.,1.110223024625E-16,0.));
#5992 = DIRECTION('',(0.,0.,1.));
#5993 = PLANE('',#5994);
#5994 = AXIS2_PLACEMENT_3D('',#5995,#5996,#5997);
#5995 = CARTESIAN_POINT('',(126.,64.,25.));
#5996 = DIRECTION('',(-1.,1.110223024625E-16,0.));
#5997 = DIRECTION('',(0.,0.,1.));
#5998 = ADVANCED_FACE('',(#5999),#6015,.T.);
#5999 = FACE_BOUND('',#6000,.T.);
#6000 = EDGE_LOOP('',(#6001,#6002,#6008,#6009));
#6001 = ORIENTED_EDGE('',*,*,#5308,.F.);
#6002 = ORIENTED_EDGE('',*,*,#6003,.F.);
#6003 = EDGE_CURVE('',#5023,#5266,#6004,.T.);
#6004 = LINE('',#6005,#6006);
#6005 = CARTESIAN_POINT('',(126.,64.,20.));
#6006 = VECTOR('',#6007,1.);
#6007 = DIRECTION('',(-1.110223024625E-16,-1.,0.));
#6008 = ORIENTED_EDGE('',*,*,#5022,.F.);
#6009 = ORIENTED_EDGE('',*,*,#6010,.T.);
#6010 = EDGE_CURVE('',#5014,#5309,#6011,.T.);
#6011 = LINE('',#6012,#6013);
#6012 = CARTESIAN_POINT('',(126.,64.,19.));
#6013 = VECTOR('',#6014,1.);
#6014 = DIRECTION('',(-1.110223024625E-16,-1.,0.));
#6015 = PLANE('',#6016);
#6016 = AXIS2_PLACEMENT_3D('',#6017,#6018,#6019);
#6017 = CARTESIAN_POINT('',(126.,35.,25.));
#6018 = DIRECTION('',(-1.,1.110223024625E-16,0.));
#6019 = DIRECTION('',(0.,0.,1.));
#6020 = ADVANCED_FACE('',(#6021),#6040,.T.);
#6021 = FACE_BOUND('',#6022,.T.);
#6022 = EDGE_LOOP('',(#6023,#6024,#6025,#6026,#6027,#6028,#6029,#6030,
    #6031,#6032,#6038,#6039));
#6023 = ORIENTED_EDGE('',*,*,#5081,.T.);
#6024 = ORIENTED_EDGE('',*,*,#5066,.T.);
#6025 = ORIENTED_EDGE('',*,*,#5047,.T.);
#6026 = ORIENTED_EDGE('',*,*,#6003,.T.);
#6027 = ORIENTED_EDGE('',*,*,#5274,.T.);
#6028 = ORIENTED_EDGE('',*,*,#5282,.T.);
#6029 = ORIENTED_EDGE('',*,*,#5240,.F.);
#6030 = ORIENTED_EDGE('',*,*,#5385,.F.);
#6031 = ORIENTED_EDGE('',*,*,#5377,.F.);
#6032 = ORIENTED_EDGE('',*,*,#6033,.F.);
#6033 = EDGE_CURVE('',#5108,#5350,#6034,.T.);
#6034 = LINE('',#6035,#6036);
#6035 = CARTESIAN_POINT('',(176.,64.,20.));
#6036 = VECTOR('',#6037,1.);
#6037 = DIRECTION('',(-1.110223024625E-16,-1.,0.));
#6038 = ORIENTED_EDGE('',*,*,#5105,.F.);
#6039 = ORIENTED_EDGE('',*,*,#5124,.F.);
#6040 = PLANE('',#6041);
#6041 = AXIS2_PLACEMENT_3D('',#6042,#6043,#6044);
#6042 = CARTESIAN_POINT('',(176.,64.,20.));
#6043 = DIRECTION('',(0.,0.,1.));
#6044 = DIRECTION('',(-1.110223024625E-16,-1.,0.));
#6045 = ADVANCED_FACE('',(#6046),#6073,.T.);
#6046 = FACE_BOUND('',#6047,.T.);
#6047 = EDGE_LOOP('',(#6048,#6056,#6057,#6058,#6066));
#6048 = ORIENTED_EDGE('',*,*,#6049,.F.);
#6049 = EDGE_CURVE('',#5410,#6050,#6052,.T.);
#6050 = VERTEX_POINT('',#6051);
#6051 = CARTESIAN_POINT('',(176.,64.,31.));
#6052 = LINE('',#6053,#6054);
#6053 = CARTESIAN_POINT('',(176.,6.,31.));
#6054 = VECTOR('',#6055,1.);
#6055 = DIRECTION('',(1.110223024625E-16,1.,0.));
#6056 = ORIENTED_EDGE('',*,*,#5434,.T.);
#6057 = ORIENTED_EDGE('',*,*,#5138,.T.);
#6058 = ORIENTED_EDGE('',*,*,#6059,.F.);
#6059 = EDGE_CURVE('',#6060,#5141,#6062,.T.);
#6060 = VERTEX_POINT('',#6061);
#6061 = CARTESIAN_POINT('',(176.,64.,19.));
#6062 = LINE('',#6063,#6064);
#6063 = CARTESIAN_POINT('',(176.,64.,19.));
#6064 = VECTOR('',#6065,1.);
#6065 = DIRECTION('',(-1.110223024625E-16,-1.,0.));
#6066 = ORIENTED_EDGE('',*,*,#6067,.F.);
#6067 = EDGE_CURVE('',#6050,#6060,#6068,.T.);
#6068 = CIRCLE('',#6069,6.);
#6069 = AXIS2_PLACEMENT_3D('',#6070,#6071,#6072);
#6070 = CARTESIAN_POINT('',(176.,64.,25.));
#6071 = DIRECTION('',(-1.,1.110223024625E-16,0.));
#6072 = DIRECTION('',(0.,0.,1.));
#6073 = PLANE('',#6074);
#6074 = AXIS2_PLACEMENT_3D('',#6075,#6076,#6077);
#6075 = CARTESIAN_POINT('',(176.,64.,25.));
#6076 = DIRECTION('',(-1.,1.110223024625E-16,0.));
#6077 = DIRECTION('',(0.,0.,1.));
#6078 = ADVANCED_FACE('',(#6079),#6090,.F.);
#6079 = FACE_BOUND('',#6080,.F.);
#6080 = EDGE_LOOP('',(#6081,#6082,#6083,#6084));
#6081 = ORIENTED_EDGE('',*,*,#5349,.F.);
#6082 = ORIENTED_EDGE('',*,*,#6033,.F.);
#6083 = ORIENTED_EDGE('',*,*,#5166,.F.);
#6084 = ORIENTED_EDGE('',*,*,#6085,.T.);
#6085 = EDGE_CURVE('',#5141,#5341,#6086,.T.);
#6086 = LINE('',#6087,#6088);
#6087 = CARTESIAN_POINT('',(176.,64.,19.));
#6088 = VECTOR('',#6089,1.);
#6089 = DIRECTION('',(-1.110223024625E-16,-1.,0.));
#6090 = PLANE('',#6091);
#6091 = AXIS2_PLACEMENT_3D('',#6092,#6093,#6094);
#6092 = CARTESIAN_POINT('',(176.,35.,25.));
#6093 = DIRECTION('',(-1.,1.110223024625E-16,0.));
#6094 = DIRECTION('',(0.,0.,1.));
#6095 = ADVANCED_FACE('',(#6096),#6122,.F.);
#6096 = FACE_BOUND('',#6097,.F.);
#6097 = EDGE_LOOP('',(#6098,#6109,#6115,#6116));
#6098 = ORIENTED_EDGE('',*,*,#6099,.F.);
#6099 = EDGE_CURVE('',#6100,#6102,#6104,.T.);
#6100 = VERTEX_POINT('',#6101);
#6101 = CARTESIAN_POINT('',(170.,65.312440474841,26.));
#6102 = VERTEX_POINT('',#6103);
#6103 = CARTESIAN_POINT('',(170.,62.687559525159,26.));
#6104 = CIRCLE('',#6105,1.65);
#6105 = AXIS2_PLACEMENT_3D('',#6106,#6107,#6108);
#6106 = CARTESIAN_POINT('',(170.,64.,25.));
#6107 = DIRECTION('',(-1.,1.110223024625E-16,0.));
#6108 = DIRECTION('',(0.,0.,1.));
#6109 = ORIENTED_EDGE('',*,*,#6110,.F.);
#6110 = EDGE_CURVE('',#5196,#6100,#6111,.T.);
#6111 = LINE('',#6112,#6113);
#6112 = CARTESIAN_POINT('',(178.,65.312440474841,26.));
#6113 = VECTOR('',#6114,1.);
#6114 = DIRECTION('',(-1.,1.110223024625E-16,0.));
#6115 = ORIENTED_EDGE('',*,*,#5195,.T.);
#6116 = ORIENTED_EDGE('',*,*,#6117,.T.);
#6117 = EDGE_CURVE('',#5198,#6102,#6118,.T.);
#6118 = LINE('',#6119,#6120);
#6119 = CARTESIAN_POINT('',(178.,62.687559525159,26.));
#6120 = VECTOR('',#6121,1.);
#6121 = DIRECTION('',(-1.,1.110223024625E-16,0.));
#6122 = CYLINDRICAL_SURFACE('',#6123,1.65);
#6123 = AXIS2_PLACEMENT_3D('',#6124,#6125,#6126);
#6124 = CARTESIAN_POINT('',(178.,64.,25.));
#6125 = DIRECTION('',(-1.,1.110223024625E-16,0.));
#6126 = DIRECTION('',(0.,0.,1.));
#6127 = ADVANCED_FACE('',(#6128),#6139,.F.);
#6128 = FACE_BOUND('',#6129,.F.);
#6129 = EDGE_LOOP('',(#6130,#6131,#6132,#6133));
#6130 = ORIENTED_EDGE('',*,*,#6117,.F.);
#6131 = ORIENTED_EDGE('',*,*,#5206,.T.);
#6132 = ORIENTED_EDGE('',*,*,#6110,.T.);
#6133 = ORIENTED_EDGE('',*,*,#6134,.F.);
#6134 = EDGE_CURVE('',#6102,#6100,#6135,.T.);
#6135 = LINE('',#6136,#6137);
#6136 = CARTESIAN_POINT('',(170.,62.75,26.));
#6137 = VECTOR('',#6138,1.);
#6138 = DIRECTION('',(1.110223024625E-16,1.,0.));
#6139 = PLANE('',#6140);
#6140 = AXIS2_PLACEMENT_3D('',#6141,#6142,#6143);
#6141 = CARTESIAN_POINT('',(178.5,61.5,26.));
#6142 = DIRECTION('',(0.,0.,1.));
#6143 = DIRECTION('',(1.110223024625E-16,1.,0.));
#6144 = ADVANCED_FACE('',(#6145),#6172,.F.);
#6145 = FACE_BOUND('',#6146,.F.);
#6146 = EDGE_LOOP('',(#6147,#6155,#6156,#6157,#6165));
#6147 = ORIENTED_EDGE('',*,*,#6148,.F.);
#6148 = EDGE_CURVE('',#5309,#6149,#6151,.T.);
#6149 = VERTEX_POINT('',#6150);
#6150 = CARTESIAN_POINT('',(126.,6.,19.));
#6151 = LINE('',#6152,#6153);
#6152 = CARTESIAN_POINT('',(126.,64.,19.));
#6153 = VECTOR('',#6154,1.);
#6154 = DIRECTION('',(-1.110223024625E-16,-1.,0.));
#6155 = ORIENTED_EDGE('',*,*,#5317,.T.);
#6156 = ORIENTED_EDGE('',*,*,#5900,.T.);
#6157 = ORIENTED_EDGE('',*,*,#6158,.F.);
#6158 = EDGE_CURVE('',#6159,#5901,#6161,.T.);
#6159 = VERTEX_POINT('',#6160);
#6160 = CARTESIAN_POINT('',(126.,6.,31.));
#6161 = LINE('',#6162,#6163);
#6162 = CARTESIAN_POINT('',(126.,6.,31.));
#6163 = VECTOR('',#6164,1.);
#6164 = DIRECTION('',(1.110223024625E-16,1.,0.));
#6165 = ORIENTED_EDGE('',*,*,#6166,.F.);
#6166 = EDGE_CURVE('',#6149,#6159,#6167,.T.);
#6167 = CIRCLE('',#6168,6.);
#6168 = AXIS2_PLACEMENT_3D('',#6169,#6170,#6171);
#6169 = CARTESIAN_POINT('',(126.,6.,25.));
#6170 = DIRECTION('',(-1.,1.110223024625E-16,0.));
#6171 = DIRECTION('',(0.,0.,1.));
#6172 = PLANE('',#6173);
#6173 = AXIS2_PLACEMENT_3D('',#6174,#6175,#6176);
#6174 = CARTESIAN_POINT('',(126.,6.,25.));
#6175 = DIRECTION('',(-1.,1.110223024625E-16,0.));
#6176 = DIRECTION('',(0.,0.,1.));
#6177 = ADVANCED_FACE('',(#6178),#6205,.T.);
#6178 = FACE_BOUND('',#6179,.T.);
#6179 = EDGE_LOOP('',(#6180,#6188,#6189,#6190,#6198));
#6180 = ORIENTED_EDGE('',*,*,#6181,.F.);
#6181 = EDGE_CURVE('',#5341,#6182,#6184,.T.);
#6182 = VERTEX_POINT('',#6183);
#6183 = CARTESIAN_POINT('',(176.,6.,19.));
#6184 = LINE('',#6185,#6186);
#6185 = CARTESIAN_POINT('',(176.,64.,19.));
#6186 = VECTOR('',#6187,1.);
#6187 = DIRECTION('',(-1.110223024625E-16,-1.,0.));
#6188 = ORIENTED_EDGE('',*,*,#5340,.T.);
#6189 = ORIENTED_EDGE('',*,*,#5452,.T.);
#6190 = ORIENTED_EDGE('',*,*,#6191,.F.);
#6191 = EDGE_CURVE('',#6192,#5401,#6194,.T.);
#6192 = VERTEX_POINT('',#6193);
#6193 = CARTESIAN_POINT('',(176.,6.,31.));
#6194 = LINE('',#6195,#6196);
#6195 = CARTESIAN_POINT('',(176.,6.,31.));
#6196 = VECTOR('',#6197,1.);
#6197 = DIRECTION('',(1.110223024625E-16,1.,0.));
#6198 = ORIENTED_EDGE('',*,*,#6199,.F.);
#6199 = EDGE_CURVE('',#6182,#6192,#6200,.T.);
#6200 = CIRCLE('',#6201,6.);
#6201 = AXIS2_PLACEMENT_3D('',#6202,#6203,#6204);
#6202 = CARTESIAN_POINT('',(176.,6.,25.));
#6203 = DIRECTION('',(-1.,1.110223024625E-16,0.));
#6204 = DIRECTION('',(0.,0.,1.));
#6205 = PLANE('',#6206);
#6206 = AXIS2_PLACEMENT_3D('',#6207,#6208,#6209);
#6207 = CARTESIAN_POINT('',(176.,6.,25.));
#6208 = DIRECTION('',(-1.,1.110223024625E-16,0.));
#6209 = DIRECTION('',(0.,0.,1.));
#6210 = ADVANCED_FACE('',(#6211),#6236,.F.);
#6211 = FACE_BOUND('',#6212,.F.);
#6212 = EDGE_LOOP('',(#6213,#6219,#6220,#6226,#6227,#6233,#6234,#6235));
#6213 = ORIENTED_EDGE('',*,*,#6214,.T.);
#6214 = EDGE_CURVE('',#6192,#6159,#6215,.T.);
#6215 = LINE('',#6216,#6217);
#6216 = CARTESIAN_POINT('',(176.,6.,31.));
#6217 = VECTOR('',#6218,1.);
#6218 = DIRECTION('',(-1.,1.110223024625E-16,0.));
#6219 = ORIENTED_EDGE('',*,*,#6158,.T.);
#6220 = ORIENTED_EDGE('',*,*,#6221,.T.);
#6221 = EDGE_CURVE('',#5901,#5946,#6222,.T.);
#6222 = LINE('',#6223,#6224);
#6223 = CARTESIAN_POINT('',(126.,6.,31.));
#6224 = VECTOR('',#6225,1.);
#6225 = DIRECTION('',(1.110223024625E-16,1.,0.));
#6226 = ORIENTED_EDGE('',*,*,#5969,.T.);
#6227 = ORIENTED_EDGE('',*,*,#6228,.F.);
#6228 = EDGE_CURVE('',#6050,#5970,#6229,.T.);
#6229 = LINE('',#6230,#6231);
#6230 = CARTESIAN_POINT('',(176.,64.,31.));
#6231 = VECTOR('',#6232,1.);
#6232 = DIRECTION('',(-1.,1.110223024625E-16,0.));
#6233 = ORIENTED_EDGE('',*,*,#6049,.F.);
#6234 = ORIENTED_EDGE('',*,*,#5409,.F.);
#6235 = ORIENTED_EDGE('',*,*,#6191,.F.);
#6236 = PLANE('',#6237);
#6237 = AXIS2_PLACEMENT_3D('',#6238,#6239,#6240);
#6238 = CARTESIAN_POINT('',(176.,6.,31.));
#6239 = DIRECTION('',(0.,0.,-1.));
#6240 = DIRECTION('',(1.110223024625E-16,1.,0.));
#6241 = ADVANCED_FACE('',(#6242,#6248,#6251,#6257,#6260),#6263,.T.);
#6242 = FACE_BOUND('',#6243,.T.);
#6243 = EDGE_LOOP('',(#6244,#6245,#6246,#6247));
#6244 = ORIENTED_EDGE('',*,*,#5594,.F.);
#6245 = ORIENTED_EDGE('',*,*,#5626,.F.);
#6246 = ORIENTED_EDGE('',*,*,#5673,.T.);
#6247 = ORIENTED_EDGE('',*,*,#5640,.T.);
#6248 = FACE_BOUND('',#6249,.T.);
#6249 = EDGE_LOOP('',(#6250));
#6250 = ORIENTED_EDGE('',*,*,#5813,.F.);
#6251 = FACE_BOUND('',#6252,.T.);
#6252 = EDGE_LOOP('',(#6253,#6254,#6255,#6256));
#6253 = ORIENTED_EDGE('',*,*,#5740,.F.);
#6254 = ORIENTED_EDGE('',*,*,#5799,.T.);
#6255 = ORIENTED_EDGE('',*,*,#5763,.F.);
#6256 = ORIENTED_EDGE('',*,*,#5928,.F.);
#6257 = FACE_BOUND('',#6258,.T.);
#6258 = EDGE_LOOP('',(#6259));
#6259 = ORIENTED_EDGE('',*,*,#5838,.F.);
#6260 = FACE_BOUND('',#6261,.T.);
#6261 = EDGE_LOOP('',(#6262));
#6262 = ORIENTED_EDGE('',*,*,#5713,.F.);
#6263 = PLANE('',#6264);
#6264 = AXIS2_PLACEMENT_3D('',#6265,#6266,#6267);
#6265 = CARTESIAN_POINT('',(121.5,6.550315845288E-15,0.));
#6266 = DIRECTION('',(-1.,1.110223024625E-16,0.));
#6267 = DIRECTION('',(0.,0.,1.));
#6268 = ADVANCED_FACE('',(#6269),#6275,.T.);
#6269 = FACE_BOUND('',#6270,.T.);
#6270 = EDGE_LOOP('',(#6271,#6272,#6273,#6274));
#6271 = ORIENTED_EDGE('',*,*,#5909,.F.);
#6272 = ORIENTED_EDGE('',*,*,#6221,.T.);
#6273 = ORIENTED_EDGE('',*,*,#5945,.F.);
#6274 = ORIENTED_EDGE('',*,*,#5874,.F.);
#6275 = PLANE('',#6276);
#6276 = AXIS2_PLACEMENT_3D('',#6277,#6278,#6279);
#6277 = CARTESIAN_POINT('',(126.,35.,25.));
#6278 = DIRECTION('',(-1.,1.110223024625E-16,0.));
#6279 = DIRECTION('',(0.,0.,1.));
#6280 = ADVANCED_FACE('',(#6281),#6292,.T.);
#6281 = FACE_BOUND('',#6282,.T.);
#6282 = EDGE_LOOP('',(#6283,#6284,#6285,#6286));
#6283 = ORIENTED_EDGE('',*,*,#5987,.F.);
#6284 = ORIENTED_EDGE('',*,*,#6228,.F.);
#6285 = ORIENTED_EDGE('',*,*,#6067,.T.);
#6286 = ORIENTED_EDGE('',*,*,#6287,.T.);
#6287 = EDGE_CURVE('',#6060,#5980,#6288,.T.);
#6288 = LINE('',#6289,#6290);
#6289 = CARTESIAN_POINT('',(176.,64.,19.));
#6290 = VECTOR('',#6291,1.);
#6291 = DIRECTION('',(-1.,1.110223024625E-16,0.));
#6292 = CYLINDRICAL_SURFACE('',#6293,6.);
#6293 = AXIS2_PLACEMENT_3D('',#6294,#6295,#6296);
#6294 = CARTESIAN_POINT('',(176.,64.,25.));
#6295 = DIRECTION('',(-1.,1.110223024625E-16,0.));
#6296 = DIRECTION('',(0.,0.,1.));
#6297 = ADVANCED_FACE('',(#6298),#6313,.F.);
#6298 = FACE_BOUND('',#6299,.F.);
#6299 = EDGE_LOOP('',(#6300,#6301,#6302,#6303,#6304,#6310,#6311,#6312));
#6300 = ORIENTED_EDGE('',*,*,#6287,.T.);
#6301 = ORIENTED_EDGE('',*,*,#5979,.T.);
#6302 = ORIENTED_EDGE('',*,*,#6010,.T.);
#6303 = ORIENTED_EDGE('',*,*,#6148,.T.);
#6304 = ORIENTED_EDGE('',*,*,#6305,.F.);
#6305 = EDGE_CURVE('',#6182,#6149,#6306,.T.);
#6306 = LINE('',#6307,#6308);
#6307 = CARTESIAN_POINT('',(176.,6.,19.));
#6308 = VECTOR('',#6309,1.);
#6309 = DIRECTION('',(-1.,1.110223024625E-16,0.));
#6310 = ORIENTED_EDGE('',*,*,#6181,.F.);
#6311 = ORIENTED_EDGE('',*,*,#6085,.F.);
#6312 = ORIENTED_EDGE('',*,*,#6059,.F.);
#6313 = PLANE('',#6314);
#6314 = AXIS2_PLACEMENT_3D('',#6315,#6316,#6317);
#6315 = CARTESIAN_POINT('',(176.,64.,19.));
#6316 = DIRECTION('',(0.,0.,1.));
#6317 = DIRECTION('',(-1.110223024625E-16,-1.,0.));
#6318 = ADVANCED_FACE('',(#6319),#6323,.F.);
#6319 = FACE_BOUND('',#6320,.F.);
#6320 = EDGE_LOOP('',(#6321,#6322));
#6321 = ORIENTED_EDGE('',*,*,#6134,.T.);
#6322 = ORIENTED_EDGE('',*,*,#6099,.T.);
#6323 = PLANE('',#6324);
#6324 = AXIS2_PLACEMENT_3D('',#6325,#6326,#6327);
#6325 = CARTESIAN_POINT('',(170.,64.,25.));
#6326 = DIRECTION('',(-1.,1.110223024625E-16,0.));
#6327 = DIRECTION('',(0.,0.,1.));
#6328 = ADVANCED_FACE('',(#6329),#6335,.T.);
#6329 = FACE_BOUND('',#6330,.T.);
#6330 = EDGE_LOOP('',(#6331,#6332,#6333,#6334));
#6331 = ORIENTED_EDGE('',*,*,#6214,.T.);
#6332 = ORIENTED_EDGE('',*,*,#6166,.F.);
#6333 = ORIENTED_EDGE('',*,*,#6305,.F.);
#6334 = ORIENTED_EDGE('',*,*,#6199,.T.);
#6335 = CYLINDRICAL_SURFACE('',#6336,6.);
#6336 = AXIS2_PLACEMENT_3D('',#6337,#6338,#6339);
#6337 = CARTESIAN_POINT('',(176.,6.,25.));
#6338 = DIRECTION('',(-1.,1.110223024625E-16,0.));
#6339 = DIRECTION('',(0.,0.,1.));
#6340 = ORIENTED_CLOSED_SHELL('',*,#6341,.F.);
#6341 = CLOSED_SHELL('',(#6342,#6375,#6406,#6431,#6448));
#6342 = ADVANCED_FACE('',(#6343),#6370,.T.);
#6343 = FACE_BOUND('',#6344,.T.);
#6344 = EDGE_LOOP('',(#6345,#6355,#6363));
#6345 = ORIENTED_EDGE('',*,*,#6346,.F.);
#6346 = EDGE_CURVE('',#6347,#6349,#6351,.T.);
#6347 = VERTEX_POINT('',#6348);
#6348 = CARTESIAN_POINT('',(126.,62.8,30.));
#6349 = VERTEX_POINT('',#6350);
#6350 = CARTESIAN_POINT('',(126.,62.918389696825,29.881610303175));
#6351 = LINE('',#6352,#6353);
#6352 = CARTESIAN_POINT('',(126.,64.65,28.15));
#6353 = VECTOR('',#6354,1.);
#6354 = DIRECTION('',(7.850462293419E-17,0.707106781187,-0.707106781187)
  );
#6355 = ORIENTED_EDGE('',*,*,#6356,.T.);
#6356 = EDGE_CURVE('',#6347,#6357,#6359,.T.);
#6357 = VERTEX_POINT('',#6358);
#6358 = CARTESIAN_POINT('',(126.,64.,30.));
#6359 = LINE('',#6360,#6361);
#6360 = CARTESIAN_POINT('',(126.,6.,30.));
#6361 = VECTOR('',#6362,1.);
#6362 = DIRECTION('',(1.110223024625E-16,1.,0.));
#6363 = ORIENTED_EDGE('',*,*,#6364,.F.);
#6364 = EDGE_CURVE('',#6349,#6357,#6365,.T.);
#6365 = CIRCLE('',#6366,5.);
#6366 = AXIS2_PLACEMENT_3D('',#6367,#6368,#6369);
#6367 = CARTESIAN_POINT('',(126.,64.,25.));
#6368 = DIRECTION('',(-1.,1.110223024625E-16,0.));
#6369 = DIRECTION('',(0.,0.,1.));
#6370 = PLANE('',#6371);
#6371 = AXIS2_PLACEMENT_3D('',#6372,#6373,#6374);
#6372 = CARTESIAN_POINT('',(126.,64.,25.));
#6373 = DIRECTION('',(-1.,1.110223024625E-16,0.));
#6374 = DIRECTION('',(0.,0.,1.));
#6375 = ADVANCED_FACE('',(#6376),#6401,.F.);
#6376 = FACE_BOUND('',#6377,.F.);
#6377 = EDGE_LOOP('',(#6378,#6386,#6394,#6400));
#6378 = ORIENTED_EDGE('',*,*,#6379,.F.);
#6379 = EDGE_CURVE('',#6380,#6347,#6382,.T.);
#6380 = VERTEX_POINT('',#6381);
#6381 = CARTESIAN_POINT('',(176.,62.8,30.));
#6382 = LINE('',#6383,#6384);
#6383 = CARTESIAN_POINT('',(178.5,62.8,30.));
#6384 = VECTOR('',#6385,1.);
#6385 = DIRECTION('',(-1.,1.110223024625E-16,0.));
#6386 = ORIENTED_EDGE('',*,*,#6387,.T.);
#6387 = EDGE_CURVE('',#6380,#6388,#6390,.T.);
#6388 = VERTEX_POINT('',#6389);
#6389 = CARTESIAN_POINT('',(176.,62.918389696825,29.881610303175));
#6390 = LINE('',#6391,#6392);
#6391 = CARTESIAN_POINT('',(176.,64.65,28.15));
#6392 = VECTOR('',#6393,1.);
#6393 = DIRECTION('',(7.850462293419E-17,0.707106781187,-0.707106781187)
  );
#6394 = ORIENTED_EDGE('',*,*,#6395,.T.);
#6395 = EDGE_CURVE('',#6388,#6349,#6396,.T.);
#6396 = LINE('',#6397,#6398);
#6397 = CARTESIAN_POINT('',(176.,62.918389696825,29.881610303175));
#6398 = VECTOR('',#6399,1.);
#6399 = DIRECTION('',(-1.,1.110223024625E-16,0.));
#6400 = ORIENTED_EDGE('',*,*,#6346,.F.);
#6401 = PLANE('',#6402);
#6402 = AXIS2_PLACEMENT_3D('',#6403,#6404,#6405);
#6403 = CARTESIAN_POINT('',(178.5,63.4,29.4));
#6404 = DIRECTION('',(6.442841347715E-17,0.707106781187,0.707106781187)
  );
#6405 = DIRECTION('',(-1.,1.01068919302E-16,-9.953383160478E-18));
#6406 = ADVANCED_FACE('',(#6407),#6426,.F.);
#6407 = FACE_BOUND('',#6408,.F.);
#6408 = EDGE_LOOP('',(#6409,#6417,#6418,#6419));
#6409 = ORIENTED_EDGE('',*,*,#6410,.T.);
#6410 = EDGE_CURVE('',#6411,#6357,#6413,.T.);
#6411 = VERTEX_POINT('',#6412);
#6412 = CARTESIAN_POINT('',(176.,64.,30.));
#6413 = LINE('',#6414,#6415);
#6414 = CARTESIAN_POINT('',(176.,64.,30.));
#6415 = VECTOR('',#6416,1.);
#6416 = DIRECTION('',(-1.,1.110223024625E-16,0.));
#6417 = ORIENTED_EDGE('',*,*,#6364,.F.);
#6418 = ORIENTED_EDGE('',*,*,#6395,.F.);
#6419 = ORIENTED_EDGE('',*,*,#6420,.T.);
#6420 = EDGE_CURVE('',#6388,#6411,#6421,.T.);
#6421 = CIRCLE('',#6422,5.);
#6422 = AXIS2_PLACEMENT_3D('',#6423,#6424,#6425);
#6423 = CARTESIAN_POINT('',(176.,64.,25.));
#6424 = DIRECTION('',(-1.,1.110223024625E-16,0.));
#6425 = DIRECTION('',(0.,0.,1.));
#6426 = CYLINDRICAL_SURFACE('',#6427,5.);
#6427 = AXIS2_PLACEMENT_3D('',#6428,#6429,#6430);
#6428 = CARTESIAN_POINT('',(176.,64.,25.));
#6429 = DIRECTION('',(-1.,1.110223024625E-16,0.));
#6430 = DIRECTION('',(0.,0.,1.));
#6431 = ADVANCED_FACE('',(#6432),#6443,.F.);
#6432 = FACE_BOUND('',#6433,.F.);
#6433 = EDGE_LOOP('',(#6434,#6440,#6441,#6442));
#6434 = ORIENTED_EDGE('',*,*,#6435,.F.);
#6435 = EDGE_CURVE('',#6380,#6411,#6436,.T.);
#6436 = LINE('',#6437,#6438);
#6437 = CARTESIAN_POINT('',(176.,6.,30.));
#6438 = VECTOR('',#6439,1.);
#6439 = DIRECTION('',(1.110223024625E-16,1.,0.));
#6440 = ORIENTED_EDGE('',*,*,#6379,.T.);
#6441 = ORIENTED_EDGE('',*,*,#6356,.T.);
#6442 = ORIENTED_EDGE('',*,*,#6410,.F.);
#6443 = PLANE('',#6444);
#6444 = AXIS2_PLACEMENT_3D('',#6445,#6446,#6447);
#6445 = CARTESIAN_POINT('',(176.,6.,30.));
#6446 = DIRECTION('',(0.,0.,-1.));
#6447 = DIRECTION('',(1.110223024625E-16,1.,0.));
#6448 = ADVANCED_FACE('',(#6449),#6454,.F.);
#6449 = FACE_BOUND('',#6450,.F.);
#6450 = EDGE_LOOP('',(#6451,#6452,#6453));
#6451 = ORIENTED_EDGE('',*,*,#6387,.F.);
#6452 = ORIENTED_EDGE('',*,*,#6435,.T.);
#6453 = ORIENTED_EDGE('',*,*,#6420,.F.);
#6454 = PLANE('',#6455);
#6455 = AXIS2_PLACEMENT_3D('',#6456,#6457,#6458);
#6456 = CARTESIAN_POINT('',(176.,64.,25.));
#6457 = DIRECTION('',(-1.,1.110223024625E-16,0.));
#6458 = DIRECTION('',(0.,0.,1.));
#6459 = ORIENTED_CLOSED_SHELL('',*,#6460,.F.);
#6460 = CLOSED_SHELL('',(#6461,#6494,#6526,#6550,#6567));
#6461 = ADVANCED_FACE('',(#6462),#6489,.T.);
#6462 = FACE_BOUND('',#6463,.T.);
#6463 = EDGE_LOOP('',(#6464,#6475,#6483));
#6464 = ORIENTED_EDGE('',*,*,#6465,.F.);
#6465 = EDGE_CURVE('',#6466,#6468,#6470,.T.);
#6466 = VERTEX_POINT('',#6467);
#6467 = CARTESIAN_POINT('',(126.,6.,30.));
#6468 = VERTEX_POINT('',#6469);
#6469 = CARTESIAN_POINT('',(126.,7.081610303175,29.881610303175));
#6470 = CIRCLE('',#6471,5.);
#6471 = AXIS2_PLACEMENT_3D('',#6472,#6473,#6474);
#6472 = CARTESIAN_POINT('',(126.,6.,25.));
#6473 = DIRECTION('',(-1.,1.110223024625E-16,0.));
#6474 = DIRECTION('',(0.,0.,1.));
#6475 = ORIENTED_EDGE('',*,*,#6476,.T.);
#6476 = EDGE_CURVE('',#6466,#6477,#6479,.T.);
#6477 = VERTEX_POINT('',#6478);
#6478 = CARTESIAN_POINT('',(126.,7.2,30.));
#6479 = LINE('',#6480,#6481);
#6480 = CARTESIAN_POINT('',(126.,6.,30.));
#6481 = VECTOR('',#6482,1.);
#6482 = DIRECTION('',(1.110223024625E-16,1.,0.));
#6483 = ORIENTED_EDGE('',*,*,#6484,.T.);
#6484 = EDGE_CURVE('',#6477,#6468,#6485,.T.);
#6485 = LINE('',#6486,#6487);
#6486 = CARTESIAN_POINT('',(126.,5.35,28.15));
#6487 = VECTOR('',#6488,1.);
#6488 = DIRECTION('',(-7.850462293419E-17,-0.707106781187,
    -0.707106781187));
#6489 = PLANE('',#6490);
#6490 = AXIS2_PLACEMENT_3D('',#6491,#6492,#6493);
#6491 = CARTESIAN_POINT('',(126.,6.,25.));
#6492 = DIRECTION('',(-1.,1.110223024625E-16,0.));
#6493 = DIRECTION('',(0.,0.,1.));
#6494 = ADVANCED_FACE('',(#6495),#6521,.F.);
#6495 = FACE_BOUND('',#6496,.F.);
#6496 = EDGE_LOOP('',(#6497,#6498,#6506,#6515));
#6497 = ORIENTED_EDGE('',*,*,#6465,.F.);
#6498 = ORIENTED_EDGE('',*,*,#6499,.F.);
#6499 = EDGE_CURVE('',#6500,#6466,#6502,.T.);
#6500 = VERTEX_POINT('',#6501);
#6501 = CARTESIAN_POINT('',(176.,6.,30.));
#6502 = LINE('',#6503,#6504);
#6503 = CARTESIAN_POINT('',(176.,6.,30.));
#6504 = VECTOR('',#6505,1.);
#6505 = DIRECTION('',(-1.,1.110223024625E-16,0.));
#6506 = ORIENTED_EDGE('',*,*,#6507,.T.);
#6507 = EDGE_CURVE('',#6500,#6508,#6510,.T.);
#6508 = VERTEX_POINT('',#6509);
#6509 = CARTESIAN_POINT('',(176.,7.081610303175,29.881610303175));
#6510 = CIRCLE('',#6511,5.);
#6511 = AXIS2_PLACEMENT_3D('',#6512,#6513,#6514);
#6512 = CARTESIAN_POINT('',(176.,6.,25.));
#6513 = DIRECTION('',(-1.,1.110223024625E-16,0.));
#6514 = DIRECTION('',(0.,0.,1.));
#6515 = ORIENTED_EDGE('',*,*,#6516,.T.);
#6516 = EDGE_CURVE('',#6508,#6468,#6517,.T.);
#6517 = LINE('',#6518,#6519);
#6518 = CARTESIAN_POINT('',(176.,7.081610303175,29.881610303175));
#6519 = VECTOR('',#6520,1.);
#6520 = DIRECTION('',(-1.,1.110223024625E-16,0.));
#6521 = CYLINDRICAL_SURFACE('',#6522,5.);
#6522 = AXIS2_PLACEMENT_3D('',#6523,#6524,#6525);
#6523 = CARTESIAN_POINT('',(176.,6.,25.));
#6524 = DIRECTION('',(-1.,1.110223024625E-16,0.));
#6525 = DIRECTION('',(0.,0.,1.));
#6526 = ADVANCED_FACE('',(#6527),#6545,.T.);
#6527 = FACE_BOUND('',#6528,.T.);
#6528 = EDGE_LOOP('',(#6529,#6537,#6543,#6544));
#6529 = ORIENTED_EDGE('',*,*,#6530,.F.);
#6530 = EDGE_CURVE('',#6531,#6477,#6533,.T.);
#6531 = VERTEX_POINT('',#6532);
#6532 = CARTESIAN_POINT('',(176.,7.2,30.));
#6533 = LINE('',#6534,#6535);
#6534 = CARTESIAN_POINT('',(178.5,7.2,30.));
#6535 = VECTOR('',#6536,1.);
#6536 = DIRECTION('',(-1.,1.110223024625E-16,0.));
#6537 = ORIENTED_EDGE('',*,*,#6538,.T.);
#6538 = EDGE_CURVE('',#6531,#6508,#6539,.T.);
#6539 = LINE('',#6540,#6541);
#6540 = CARTESIAN_POINT('',(176.,5.35,28.15));
#6541 = VECTOR('',#6542,1.);
#6542 = DIRECTION('',(-7.850462293419E-17,-0.707106781187,
    -0.707106781187));
#6543 = ORIENTED_EDGE('',*,*,#6516,.T.);
#6544 = ORIENTED_EDGE('',*,*,#6484,.F.);
#6545 = PLANE('',#6546);
#6546 = AXIS2_PLACEMENT_3D('',#6547,#6548,#6549);
#6547 = CARTESIAN_POINT('',(178.5,6.6,29.4));
#6548 = DIRECTION('',(7.850462293419E-17,0.707106781187,-0.707106781187)
  );
#6549 = DIRECTION('',(-1.,1.110223024625E-16,0.));
#6550 = ADVANCED_FACE('',(#6551),#6562,.F.);
#6551 = FACE_BOUND('',#6552,.F.);
#6552 = EDGE_LOOP('',(#6553,#6559,#6560,#6561));
#6553 = ORIENTED_EDGE('',*,*,#6554,.F.);
#6554 = EDGE_CURVE('',#6500,#6531,#6555,.T.);
#6555 = LINE('',#6556,#6557);
#6556 = CARTESIAN_POINT('',(176.,6.,30.));
#6557 = VECTOR('',#6558,1.);
#6558 = DIRECTION('',(1.110223024625E-16,1.,0.));
#6559 = ORIENTED_EDGE('',*,*,#6499,.T.);
#6560 = ORIENTED_EDGE('',*,*,#6476,.T.);
#6561 = ORIENTED_EDGE('',*,*,#6530,.F.);
#6562 = PLANE('',#6563);
#6563 = AXIS2_PLACEMENT_3D('',#6564,#6565,#6566);
#6564 = CARTESIAN_POINT('',(176.,6.,30.));
#6565 = DIRECTION('',(0.,0.,-1.));
#6566 = DIRECTION('',(1.110223024625E-16,1.,0.));
#6567 = ADVANCED_FACE('',(#6568),#6573,.F.);
#6568 = FACE_BOUND('',#6569,.F.);
#6569 = EDGE_LOOP('',(#6570,#6571,#6572));
#6570 = ORIENTED_EDGE('',*,*,#6507,.F.);
#6571 = ORIENTED_EDGE('',*,*,#6554,.T.);
#6572 = ORIENTED_EDGE('',*,*,#6538,.T.);
#6573 = PLANE('',#6574);
#6574 = AXIS2_PLACEMENT_3D('',#6575,#6576,#6577);
#6575 = CARTESIAN_POINT('',(176.,6.,25.));
#6576 = DIRECTION('',(-1.,1.110223024625E-16,0.));
#6577 = DIRECTION('',(0.,0.,1.));
#6578 = BREP_WITH_VOIDS('',#6579,(#9619,#9738));
#6579 = CLOSED_SHELL('',(#6580,#6620,#6741,#6765,#6930,#6947,#6966,#6997
    ,#7021,#7056,#7073,#7095,#7112,#7136,#7155,#7172,#7219,#7243,#7283,
    #7300,#7379,#7403,#7603,#7659,#7691,#7715,#7738,#7755,#7801,#7826,
    #7838,#7855,#7995,#8007,#8042,#8060,#8103,#8120,#8145,#8167,#8208,
    #8225,#8243,#8286,#8329,#8362,#8387,#8420,#8463,#8502,#8513,#8546,
    #8579,#8614,#8657,#8682,#8715,#8734,#8753,#8796,#8821,#8838,#8855,
    #8867,#8898,#8922,#8946,#8963,#8988,#9020,#9044,#9070,#9110,#9136,
    #9148,#9173,#9200,#9217,#9244,#9277,#9299,#9324,#9357,#9374,#9406,
    #9423,#9456,#9489,#9520,#9547,#9559,#9576,#9597,#9607));
#6580 = ADVANCED_FACE('',(#6581),#6615,.F.);
#6581 = FACE_BOUND('',#6582,.F.);
#6582 = EDGE_LOOP('',(#6583,#6593,#6601,#6609));
#6583 = ORIENTED_EDGE('',*,*,#6584,.F.);
#6584 = EDGE_CURVE('',#6585,#6587,#6589,.T.);
#6585 = VERTEX_POINT('',#6586);
#6586 = CARTESIAN_POINT('',(181.5,71.5,0.));
#6587 = VERTEX_POINT('',#6588);
#6588 = CARTESIAN_POINT('',(181.5,71.5,35.));
#6589 = LINE('',#6590,#6591);
#6590 = CARTESIAN_POINT('',(181.5,71.5,0.));
#6591 = VECTOR('',#6592,1.);
#6592 = DIRECTION('',(0.,0.,1.));
#6593 = ORIENTED_EDGE('',*,*,#6594,.T.);
#6594 = EDGE_CURVE('',#6585,#6595,#6597,.T.);
#6595 = VERTEX_POINT('',#6596);
#6596 = CARTESIAN_POINT('',(178.5,71.5,0.));
#6597 = LINE('',#6598,#6599);
#6598 = CARTESIAN_POINT('',(181.5,71.5,0.));
#6599 = VECTOR('',#6600,1.);
#6600 = DIRECTION('',(-1.,1.110223024625E-16,0.));
#6601 = ORIENTED_EDGE('',*,*,#6602,.T.);
#6602 = EDGE_CURVE('',#6595,#6603,#6605,.T.);
#6603 = VERTEX_POINT('',#6604);
#6604 = CARTESIAN_POINT('',(178.5,71.5,35.));
#6605 = LINE('',#6606,#6607);
#6606 = CARTESIAN_POINT('',(178.5,71.5,0.));
#6607 = VECTOR('',#6608,1.);
#6608 = DIRECTION('',(0.,0.,1.));
#6609 = ORIENTED_EDGE('',*,*,#6610,.F.);
#6610 = EDGE_CURVE('',#6587,#6603,#6611,.T.);
#6611 = LINE('',#6612,#6613);
#6612 = CARTESIAN_POINT('',(181.5,71.5,35.));
#6613 = VECTOR('',#6614,1.);
#6614 = DIRECTION('',(-1.,1.110223024625E-16,0.));
#6615 = PLANE('',#6616);
#6616 = AXIS2_PLACEMENT_3D('',#6617,#6618,#6619);
#6617 = CARTESIAN_POINT('',(181.5,71.5,0.));
#6618 = DIRECTION('',(1.110223024625E-16,1.,0.));
#6619 = DIRECTION('',(0.,0.,1.));
#6620 = ADVANCED_FACE('',(#6621,#6678,#6689,#6725),#6736,.F.);
#6621 = FACE_BOUND('',#6622,.F.);
#6622 = EDGE_LOOP('',(#6623,#6633,#6639,#6640,#6648,#6656,#6664,#6672));
#6623 = ORIENTED_EDGE('',*,*,#6624,.F.);
#6624 = EDGE_CURVE('',#6625,#6627,#6629,.T.);
#6625 = VERTEX_POINT('',#6626);
#6626 = CARTESIAN_POINT('',(181.5,191.5,0.));
#6627 = VERTEX_POINT('',#6628);
#6628 = CARTESIAN_POINT('',(181.5,191.5,16.1));
#6629 = LINE('',#6630,#6631);
#6630 = CARTESIAN_POINT('',(181.5,191.5,0.));
#6631 = VECTOR('',#6632,1.);
#6632 = DIRECTION('',(0.,0.,1.));
#6633 = ORIENTED_EDGE('',*,*,#6634,.F.);
#6634 = EDGE_CURVE('',#6585,#6625,#6635,.T.);
#6635 = LINE('',#6636,#6637);
#6636 = CARTESIAN_POINT('',(181.5,71.5,0.));
#6637 = VECTOR('',#6638,1.);
#6638 = DIRECTION('',(1.110223024625E-16,1.,0.));
#6639 = ORIENTED_EDGE('',*,*,#6584,.T.);
#6640 = ORIENTED_EDGE('',*,*,#6641,.T.);
#6641 = EDGE_CURVE('',#6587,#6642,#6644,.T.);
#6642 = VERTEX_POINT('',#6643);
#6643 = CARTESIAN_POINT('',(181.5,191.5,35.));
#6644 = LINE('',#6645,#6646);
#6645 = CARTESIAN_POINT('',(181.5,71.5,35.));
#6646 = VECTOR('',#6647,1.);
#6647 = DIRECTION('',(1.110223024625E-16,1.,0.));
#6648 = ORIENTED_EDGE('',*,*,#6649,.F.);
#6649 = EDGE_CURVE('',#6650,#6642,#6652,.T.);
#6650 = VERTEX_POINT('',#6651);
#6651 = CARTESIAN_POINT('',(181.5,191.5,33.9));
#6652 = LINE('',#6653,#6654);
#6653 = CARTESIAN_POINT('',(181.5,191.5,0.));
#6654 = VECTOR('',#6655,1.);
#6655 = DIRECTION('',(0.,0.,1.));
#6656 = ORIENTED_EDGE('',*,*,#6657,.F.);
#6657 = EDGE_CURVE('',#6658,#6650,#6660,.T.);
#6658 = VERTEX_POINT('',#6659);
#6659 = CARTESIAN_POINT('',(181.5,177.6,33.9));
#6660 = LINE('',#6661,#6662);
#6661 = CARTESIAN_POINT('',(181.5,177.6,33.9));
#6662 = VECTOR('',#6663,1.);
#6663 = DIRECTION('',(1.110223024625E-16,1.,0.));
#6664 = ORIENTED_EDGE('',*,*,#6665,.F.);
#6665 = EDGE_CURVE('',#6666,#6658,#6668,.T.);
#6666 = VERTEX_POINT('',#6667);
#6667 = CARTESIAN_POINT('',(181.5,177.6,16.1));
#6668 = LINE('',#6669,#6670);
#6669 = CARTESIAN_POINT('',(181.5,177.6,16.1));
#6670 = VECTOR('',#6671,1.);
#6671 = DIRECTION('',(0.,0.,1.));
#6672 = ORIENTED_EDGE('',*,*,#6673,.T.);
#6673 = EDGE_CURVE('',#6666,#6627,#6674,.T.);
#6674 = LINE('',#6675,#6676);
#6675 = CARTESIAN_POINT('',(181.5,177.6,16.1));
#6676 = VECTOR('',#6677,1.);
#6677 = DIRECTION('',(1.110223024625E-16,1.,0.));
#6678 = FACE_BOUND('',#6679,.F.);
#6679 = EDGE_LOOP('',(#6680));
#6680 = ORIENTED_EDGE('',*,*,#6681,.F.);
#6681 = EDGE_CURVE('',#6682,#6682,#6684,.T.);
#6682 = VERTEX_POINT('',#6683);
#6683 = CARTESIAN_POINT('',(181.5,95.5,8.6));
#6684 = CIRCLE('',#6685,1.6);
#6685 = AXIS2_PLACEMENT_3D('',#6686,#6687,#6688);
#6686 = CARTESIAN_POINT('',(181.5,95.5,7.));
#6687 = DIRECTION('',(-1.,1.110223024625E-16,0.));
#6688 = DIRECTION('',(0.,0.,1.));
#6689 = FACE_BOUND('',#6690,.F.);
#6690 = EDGE_LOOP('',(#6691,#6702,#6710,#6719));
#6691 = ORIENTED_EDGE('',*,*,#6692,.F.);
#6692 = EDGE_CURVE('',#6693,#6695,#6697,.T.);
#6693 = VERTEX_POINT('',#6694);
#6694 = CARTESIAN_POINT('',(181.5,77.5,22.75));
#6695 = VERTEX_POINT('',#6696);
#6696 = CARTESIAN_POINT('',(181.5,77.5,27.25));
#6697 = CIRCLE('',#6698,2.25);
#6698 = AXIS2_PLACEMENT_3D('',#6699,#6700,#6701);
#6699 = CARTESIAN_POINT('',(181.5,77.5,25.));
#6700 = DIRECTION('',(-1.,1.110223024625E-16,0.));
#6701 = DIRECTION('',(0.,0.,1.));
#6702 = ORIENTED_EDGE('',*,*,#6703,.T.);
#6703 = EDGE_CURVE('',#6693,#6704,#6706,.T.);
#6704 = VERTEX_POINT('',#6705);
#6705 = CARTESIAN_POINT('',(181.5,85.5,22.75));
#6706 = LINE('',#6707,#6708);
#6707 = CARTESIAN_POINT('',(181.5,74.5,22.75));
#6708 = VECTOR('',#6709,1.);
#6709 = DIRECTION('',(1.110223024625E-16,1.,0.));
#6710 = ORIENTED_EDGE('',*,*,#6711,.F.);
#6711 = EDGE_CURVE('',#6712,#6704,#6714,.T.);
#6712 = VERTEX_POINT('',#6713);
#6713 = CARTESIAN_POINT('',(181.5,85.5,27.25));
#6714 = CIRCLE('',#6715,2.25);
#6715 = AXIS2_PLACEMENT_3D('',#6716,#6717,#6718);
#6716 = CARTESIAN_POINT('',(181.5,85.5,25.));
#6717 = DIRECTION('',(-1.,1.110223024625E-16,0.));
#6718 = DIRECTION('',(0.,0.,1.));
#6719 = ORIENTED_EDGE('',*,*,#6720,.F.);
#6720 = EDGE_CURVE('',#6695,#6712,#6721,.T.);
#6721 = LINE('',#6722,#6723);
#6722 = CARTESIAN_POINT('',(181.5,74.5,27.25));
#6723 = VECTOR('',#6724,1.);
#6724 = DIRECTION('',(1.110223024625E-16,1.,0.));
#6725 = FACE_BOUND('',#6726,.F.);
#6726 = EDGE_LOOP('',(#6727));
#6727 = ORIENTED_EDGE('',*,*,#6728,.F.);
#6728 = EDGE_CURVE('',#6729,#6729,#6731,.T.);
#6729 = VERTEX_POINT('',#6730);
#6730 = CARTESIAN_POINT('',(181.5,167.5,8.6));
#6731 = CIRCLE('',#6732,1.6);
#6732 = AXIS2_PLACEMENT_3D('',#6733,#6734,#6735);
#6733 = CARTESIAN_POINT('',(181.5,167.5,7.));
#6734 = DIRECTION('',(-1.,1.110223024625E-16,0.));
#6735 = DIRECTION('',(0.,0.,1.));
#6736 = PLANE('',#6737);
#6737 = AXIS2_PLACEMENT_3D('',#6738,#6739,#6740);
#6738 = CARTESIAN_POINT('',(181.5,71.5,0.));
#6739 = DIRECTION('',(-1.,1.110223024625E-16,0.));
#6740 = DIRECTION('',(0.,0.,1.));
#6741 = ADVANCED_FACE('',(#6742),#6760,.T.);
#6742 = FACE_BOUND('',#6743,.T.);
#6743 = EDGE_LOOP('',(#6744,#6745,#6746,#6754));
#6744 = ORIENTED_EDGE('',*,*,#6610,.F.);
#6745 = ORIENTED_EDGE('',*,*,#6641,.T.);
#6746 = ORIENTED_EDGE('',*,*,#6747,.T.);
#6747 = EDGE_CURVE('',#6642,#6748,#6750,.T.);
#6748 = VERTEX_POINT('',#6749);
#6749 = CARTESIAN_POINT('',(178.5,191.5,35.));
#6750 = LINE('',#6751,#6752);
#6751 = CARTESIAN_POINT('',(181.5,191.5,35.));
#6752 = VECTOR('',#6753,1.);
#6753 = DIRECTION('',(-1.,1.110223024625E-16,0.));
#6754 = ORIENTED_EDGE('',*,*,#6755,.F.);
#6755 = EDGE_CURVE('',#6603,#6748,#6756,.T.);
#6756 = LINE('',#6757,#6758);
#6757 = CARTESIAN_POINT('',(178.5,71.5,35.));
#6758 = VECTOR('',#6759,1.);
#6759 = DIRECTION('',(1.110223024625E-16,1.,0.));
#6760 = PLANE('',#6761);
#6761 = AXIS2_PLACEMENT_3D('',#6762,#6763,#6764);
#6762 = CARTESIAN_POINT('',(181.5,71.5,35.));
#6763 = DIRECTION('',(0.,0.,1.));
#6764 = DIRECTION('',(1.110223024625E-16,1.,0.));
#6765 = ADVANCED_FACE('',(#6766,#6784,#6795,#6829,#6840),#6925,.T.);
#6766 = FACE_BOUND('',#6767,.T.);
#6767 = EDGE_LOOP('',(#6768,#6776,#6777,#6778));
#6768 = ORIENTED_EDGE('',*,*,#6769,.F.);
#6769 = EDGE_CURVE('',#6595,#6770,#6772,.T.);
#6770 = VERTEX_POINT('',#6771);
#6771 = CARTESIAN_POINT('',(178.5,191.5,0.));
#6772 = LINE('',#6773,#6774);
#6773 = CARTESIAN_POINT('',(178.5,71.5,0.));
#6774 = VECTOR('',#6775,1.);
#6775 = DIRECTION('',(1.110223024625E-16,1.,0.));
#6776 = ORIENTED_EDGE('',*,*,#6602,.T.);
#6777 = ORIENTED_EDGE('',*,*,#6755,.T.);
#6778 = ORIENTED_EDGE('',*,*,#6779,.F.);
#6779 = EDGE_CURVE('',#6770,#6748,#6780,.T.);
#6780 = LINE('',#6781,#6782);
#6781 = CARTESIAN_POINT('',(178.5,191.5,0.));
#6782 = VECTOR('',#6783,1.);
#6783 = DIRECTION('',(0.,0.,1.));
#6784 = FACE_BOUND('',#6785,.T.);
#6785 = EDGE_LOOP('',(#6786));
#6786 = ORIENTED_EDGE('',*,*,#6787,.F.);
#6787 = EDGE_CURVE('',#6788,#6788,#6790,.T.);
#6788 = VERTEX_POINT('',#6789);
#6789 = CARTESIAN_POINT('',(178.5,95.5,8.6));
#6790 = CIRCLE('',#6791,1.6);
#6791 = AXIS2_PLACEMENT_3D('',#6792,#6793,#6794);
#6792 = CARTESIAN_POINT('',(178.5,95.5,7.));
#6793 = DIRECTION('',(-1.,1.110223024625E-16,0.));
#6794 = DIRECTION('',(0.,0.,1.));
#6795 = FACE_BOUND('',#6796,.T.);
#6796 = EDGE_LOOP('',(#6797,#6807,#6815,#6823));
#6797 = ORIENTED_EDGE('',*,*,#6798,.F.);
#6798 = EDGE_CURVE('',#6799,#6801,#6803,.T.);
#6799 = VERTEX_POINT('',#6800);
#6800 = CARTESIAN_POINT('',(178.5,87.5,15.5));
#6801 = VERTEX_POINT('',#6802);
#6802 = CARTESIAN_POINT('',(178.5,87.5,17.3));
#6803 = LINE('',#6804,#6805);
#6804 = CARTESIAN_POINT('',(178.5,87.5,15.5));
#6805 = VECTOR('',#6806,1.);
#6806 = DIRECTION('',(0.,0.,1.));
#6807 = ORIENTED_EDGE('',*,*,#6808,.T.);
#6808 = EDGE_CURVE('',#6799,#6809,#6811,.T.);
#6809 = VERTEX_POINT('',#6810);
#6810 = CARTESIAN_POINT('',(178.5,175.5,15.5));
#6811 = LINE('',#6812,#6813);
#6812 = CARTESIAN_POINT('',(178.5,87.5,15.5));
#6813 = VECTOR('',#6814,1.);
#6814 = DIRECTION('',(1.110223024625E-16,1.,0.));
#6815 = ORIENTED_EDGE('',*,*,#6816,.T.);
#6816 = EDGE_CURVE('',#6809,#6817,#6819,.T.);
#6817 = VERTEX_POINT('',#6818);
#6818 = CARTESIAN_POINT('',(178.5,175.5,17.3));
#6819 = LINE('',#6820,#6821);
#6820 = CARTESIAN_POINT('',(178.5,175.5,15.5));
#6821 = VECTOR('',#6822,1.);
#6822 = DIRECTION('',(0.,0.,1.));
#6823 = ORIENTED_EDGE('',*,*,#6824,.F.);
#6824 = EDGE_CURVE('',#6801,#6817,#6825,.T.);
#6825 = LINE('',#6826,#6827);
#6826 = CARTESIAN_POINT('',(178.5,87.5,17.3));
#6827 = VECTOR('',#6828,1.);
#6828 = DIRECTION('',(1.110223024625E-16,1.,0.));
#6829 = FACE_BOUND('',#6830,.T.);
#6830 = EDGE_LOOP('',(#6831));
#6831 = ORIENTED_EDGE('',*,*,#6832,.F.);
#6832 = EDGE_CURVE('',#6833,#6833,#6835,.T.);
#6833 = VERTEX_POINT('',#6834);
#6834 = CARTESIAN_POINT('',(178.5,167.5,8.6));
#6835 = CIRCLE('',#6836,1.6);
#6836 = AXIS2_PLACEMENT_3D('',#6837,#6838,#6839);
#6837 = CARTESIAN_POINT('',(178.5,167.5,7.));
#6838 = DIRECTION('',(-1.,1.110223024625E-16,0.));
#6839 = DIRECTION('',(0.,0.,1.));
#6840 = FACE_BOUND('',#6841,.T.);
#6841 = EDGE_LOOP('',(#6842,#6853,#6861,#6870,#6878,#6887,#6895,#6903,
    #6911,#6919));
#6842 = ORIENTED_EDGE('',*,*,#6843,.F.);
#6843 = EDGE_CURVE('',#6844,#6846,#6848,.T.);
#6844 = VERTEX_POINT('',#6845);
#6845 = CARTESIAN_POINT('',(178.5,77.5,22.75));
#6846 = VERTEX_POINT('',#6847);
#6847 = CARTESIAN_POINT('',(178.5,77.5,27.25));
#6848 = CIRCLE('',#6849,2.25);
#6849 = AXIS2_PLACEMENT_3D('',#6850,#6851,#6852);
#6850 = CARTESIAN_POINT('',(178.5,77.5,25.));
#6851 = DIRECTION('',(-1.,1.110223024625E-16,0.));
#6852 = DIRECTION('',(0.,0.,1.));
#6853 = ORIENTED_EDGE('',*,*,#6854,.T.);
#6854 = EDGE_CURVE('',#6844,#6855,#6857,.T.);
#6855 = VERTEX_POINT('',#6856);
#6856 = CARTESIAN_POINT('',(178.5,85.5,22.75));
#6857 = LINE('',#6858,#6859);
#6858 = CARTESIAN_POINT('',(178.5,74.5,22.75));
#6859 = VECTOR('',#6860,1.);
#6860 = DIRECTION('',(1.110223024625E-16,1.,0.));
#6861 = ORIENTED_EDGE('',*,*,#6862,.F.);
#6862 = EDGE_CURVE('',#6863,#6855,#6865,.T.);
#6863 = VERTEX_POINT('',#6864);
#6864 = CARTESIAN_POINT('',(178.5,86.530776406404,27.));
#6865 = CIRCLE('',#6866,2.25);
#6866 = AXIS2_PLACEMENT_3D('',#6867,#6868,#6869);
#6867 = CARTESIAN_POINT('',(178.5,85.5,25.));
#6868 = DIRECTION('',(-1.,1.110223024625E-16,0.));
#6869 = DIRECTION('',(0.,0.,1.));
#6870 = ORIENTED_EDGE('',*,*,#6871,.T.);
#6871 = EDGE_CURVE('',#6863,#6872,#6874,.T.);
#6872 = VERTEX_POINT('',#6873);
#6873 = CARTESIAN_POINT('',(178.5,184.36421833084,27.));
#6874 = LINE('',#6875,#6876);
#6875 = CARTESIAN_POINT('',(178.5,77.5,27.));
#6876 = VECTOR('',#6877,1.);
#6877 = DIRECTION('',(1.110223024625E-16,1.,0.));
#6878 = ORIENTED_EDGE('',*,*,#6879,.F.);
#6879 = EDGE_CURVE('',#6880,#6872,#6882,.T.);
#6880 = VERTEX_POINT('',#6881);
#6881 = CARTESIAN_POINT('',(178.5,185.5,27.3));
#6882 = CIRCLE('',#6883,2.3);
#6883 = AXIS2_PLACEMENT_3D('',#6884,#6885,#6886);
#6884 = CARTESIAN_POINT('',(178.5,185.5,25.));
#6885 = DIRECTION('',(-1.,1.110223024625E-16,0.));
#6886 = DIRECTION('',(0.,0.,1.));
#6887 = ORIENTED_EDGE('',*,*,#6888,.T.);
#6888 = EDGE_CURVE('',#6880,#6889,#6891,.T.);
#6889 = VERTEX_POINT('',#6890);
#6890 = CARTESIAN_POINT('',(178.5,185.5,28.8));
#6891 = LINE('',#6892,#6893);
#6892 = CARTESIAN_POINT('',(178.5,185.5,27.));
#6893 = VECTOR('',#6894,1.);
#6894 = DIRECTION('',(0.,0.,1.));
#6895 = ORIENTED_EDGE('',*,*,#6896,.T.);
#6896 = EDGE_CURVE('',#6889,#6897,#6899,.T.);
#6897 = VERTEX_POINT('',#6898);
#6898 = CARTESIAN_POINT('',(178.5,184.3,30.));
#6899 = LINE('',#6900,#6901);
#6900 = CARTESIAN_POINT('',(178.5,158.65,55.65));
#6901 = VECTOR('',#6902,1.);
#6902 = DIRECTION('',(-7.850462293419E-17,-0.707106781187,0.707106781187
    ));
#6903 = ORIENTED_EDGE('',*,*,#6904,.F.);
#6904 = EDGE_CURVE('',#6905,#6897,#6907,.T.);
#6905 = VERTEX_POINT('',#6906);
#6906 = CARTESIAN_POINT('',(178.5,78.7,30.));
#6907 = LINE('',#6908,#6909);
#6908 = CARTESIAN_POINT('',(178.5,77.5,30.));
#6909 = VECTOR('',#6910,1.);
#6910 = DIRECTION('',(1.110223024625E-16,1.,0.));
#6911 = ORIENTED_EDGE('',*,*,#6912,.F.);
#6912 = EDGE_CURVE('',#6913,#6905,#6915,.T.);
#6913 = VERTEX_POINT('',#6914);
#6914 = CARTESIAN_POINT('',(178.5,77.5,28.8));
#6915 = LINE('',#6916,#6917);
#6916 = CARTESIAN_POINT('',(178.5,77.35,28.65));
#6917 = VECTOR('',#6918,1.);
#6918 = DIRECTION('',(7.850462293419E-17,0.707106781187,0.707106781187)
  );
#6919 = ORIENTED_EDGE('',*,*,#6920,.F.);
#6920 = EDGE_CURVE('',#6846,#6913,#6921,.T.);
#6921 = LINE('',#6922,#6923);
#6922 = CARTESIAN_POINT('',(178.5,77.5,27.));
#6923 = VECTOR('',#6924,1.);
#6924 = DIRECTION('',(0.,0.,1.));
#6925 = PLANE('',#6926);
#6926 = AXIS2_PLACEMENT_3D('',#6927,#6928,#6929);
#6927 = CARTESIAN_POINT('',(178.5,71.5,0.));
#6928 = DIRECTION('',(-1.,1.110223024625E-16,0.));
#6929 = DIRECTION('',(0.,0.,1.));
#6930 = ADVANCED_FACE('',(#6931),#6942,.F.);
#6931 = FACE_BOUND('',#6932,.F.);
#6932 = EDGE_LOOP('',(#6933,#6934,#6935,#6941));
#6933 = ORIENTED_EDGE('',*,*,#6594,.F.);
#6934 = ORIENTED_EDGE('',*,*,#6634,.T.);
#6935 = ORIENTED_EDGE('',*,*,#6936,.T.);
#6936 = EDGE_CURVE('',#6625,#6770,#6937,.T.);
#6937 = LINE('',#6938,#6939);
#6938 = CARTESIAN_POINT('',(181.5,191.5,0.));
#6939 = VECTOR('',#6940,1.);
#6940 = DIRECTION('',(-1.,1.110223024625E-16,0.));
#6941 = ORIENTED_EDGE('',*,*,#6769,.F.);
#6942 = PLANE('',#6943);
#6943 = AXIS2_PLACEMENT_3D('',#6944,#6945,#6946);
#6944 = CARTESIAN_POINT('',(181.5,71.5,0.));
#6945 = DIRECTION('',(0.,0.,1.));
#6946 = DIRECTION('',(1.110223024625E-16,1.,0.));
#6947 = ADVANCED_FACE('',(#6948),#6961,.T.);
#6948 = FACE_BOUND('',#6949,.T.);
#6949 = EDGE_LOOP('',(#6950,#6951,#6952,#6953,#6954,#6955));
#6950 = ORIENTED_EDGE('',*,*,#6624,.F.);
#6951 = ORIENTED_EDGE('',*,*,#6936,.T.);
#6952 = ORIENTED_EDGE('',*,*,#6779,.T.);
#6953 = ORIENTED_EDGE('',*,*,#6747,.F.);
#6954 = ORIENTED_EDGE('',*,*,#6649,.F.);
#6955 = ORIENTED_EDGE('',*,*,#6956,.F.);
#6956 = EDGE_CURVE('',#6627,#6650,#6957,.T.);
#6957 = LINE('',#6958,#6959);
#6958 = CARTESIAN_POINT('',(181.5,191.5,0.));
#6959 = VECTOR('',#6960,1.);
#6960 = DIRECTION('',(0.,0.,1.));
#6961 = PLANE('',#6962);
#6962 = AXIS2_PLACEMENT_3D('',#6963,#6964,#6965);
#6963 = CARTESIAN_POINT('',(181.5,191.5,0.));
#6964 = DIRECTION('',(1.110223024625E-16,1.,0.));
#6965 = DIRECTION('',(0.,0.,1.));
#6966 = ADVANCED_FACE('',(#6967),#6992,.F.);
#6967 = FACE_BOUND('',#6968,.F.);
#6968 = EDGE_LOOP('',(#6969,#6970,#6978,#6986));
#6969 = ORIENTED_EDGE('',*,*,#6673,.F.);
#6970 = ORIENTED_EDGE('',*,*,#6971,.F.);
#6971 = EDGE_CURVE('',#6972,#6666,#6974,.T.);
#6972 = VERTEX_POINT('',#6973);
#6973 = CARTESIAN_POINT('',(207.5,177.6,16.1));
#6974 = LINE('',#6975,#6976);
#6975 = CARTESIAN_POINT('',(207.5,177.6,16.1));
#6976 = VECTOR('',#6977,1.);
#6977 = DIRECTION('',(-1.,1.110223024625E-16,0.));
#6978 = ORIENTED_EDGE('',*,*,#6979,.T.);
#6979 = EDGE_CURVE('',#6972,#6980,#6982,.T.);
#6980 = VERTEX_POINT('',#6981);
#6981 = CARTESIAN_POINT('',(207.5,191.5,16.1));
#6982 = LINE('',#6983,#6984);
#6983 = CARTESIAN_POINT('',(207.5,177.6,16.1));
#6984 = VECTOR('',#6985,1.);
#6985 = DIRECTION('',(1.110223024625E-16,1.,0.));
#6986 = ORIENTED_EDGE('',*,*,#6987,.T.);
#6987 = EDGE_CURVE('',#6980,#6627,#6988,.T.);
#6988 = LINE('',#6989,#6990);
#6989 = CARTESIAN_POINT('',(208.,191.5,16.1));
#6990 = VECTOR('',#6991,1.);
#6991 = DIRECTION('',(-1.,1.110223024625E-16,0.));
#6992 = PLANE('',#6993);
#6993 = AXIS2_PLACEMENT_3D('',#6994,#6995,#6996);
#6994 = CARTESIAN_POINT('',(207.5,177.6,16.1));
#6995 = DIRECTION('',(0.,0.,1.));
#6996 = DIRECTION('',(1.110223024625E-16,1.,0.));
#6997 = ADVANCED_FACE('',(#6998),#7016,.F.);
#6998 = FACE_BOUND('',#6999,.F.);
#6999 = EDGE_LOOP('',(#7000,#7008,#7009,#7010));
#7000 = ORIENTED_EDGE('',*,*,#7001,.F.);
#7001 = EDGE_CURVE('',#6972,#7002,#7004,.T.);
#7002 = VERTEX_POINT('',#7003);
#7003 = CARTESIAN_POINT('',(207.5,177.6,33.9));
#7004 = LINE('',#7005,#7006);
#7005 = CARTESIAN_POINT('',(207.5,177.6,16.1));
#7006 = VECTOR('',#7007,1.);
#7007 = DIRECTION('',(0.,0.,1.));
#7008 = ORIENTED_EDGE('',*,*,#6971,.T.);
#7009 = ORIENTED_EDGE('',*,*,#6665,.T.);
#7010 = ORIENTED_EDGE('',*,*,#7011,.F.);
#7011 = EDGE_CURVE('',#7002,#6658,#7012,.T.);
#7012 = LINE('',#7013,#7014);
#7013 = CARTESIAN_POINT('',(207.5,177.6,33.9));
#7014 = VECTOR('',#7015,1.);
#7015 = DIRECTION('',(-1.,1.110223024625E-16,0.));
#7016 = PLANE('',#7017);
#7017 = AXIS2_PLACEMENT_3D('',#7018,#7019,#7020);
#7018 = CARTESIAN_POINT('',(207.5,177.6,16.1));
#7019 = DIRECTION('',(1.110223024625E-16,1.,0.));
#7020 = DIRECTION('',(0.,0.,1.));
#7021 = ADVANCED_FACE('',(#7022,#7040),#7051,.T.);
#7022 = FACE_BOUND('',#7023,.T.);
#7023 = EDGE_LOOP('',(#7024,#7025,#7026,#7034));
#7024 = ORIENTED_EDGE('',*,*,#6657,.F.);
#7025 = ORIENTED_EDGE('',*,*,#7011,.F.);
#7026 = ORIENTED_EDGE('',*,*,#7027,.T.);
#7027 = EDGE_CURVE('',#7002,#7028,#7030,.T.);
#7028 = VERTEX_POINT('',#7029);
#7029 = CARTESIAN_POINT('',(207.5,191.5,33.9));
#7030 = LINE('',#7031,#7032);
#7031 = CARTESIAN_POINT('',(207.5,177.6,33.9));
#7032 = VECTOR('',#7033,1.);
#7033 = DIRECTION('',(1.110223024625E-16,1.,0.));
#7034 = ORIENTED_EDGE('',*,*,#7035,.T.);
#7035 = EDGE_CURVE('',#7028,#6650,#7036,.T.);
#7036 = LINE('',#7037,#7038);
#7037 = CARTESIAN_POINT('',(208.,191.5,33.9));
#7038 = VECTOR('',#7039,1.);
#7039 = DIRECTION('',(-1.,1.110223024625E-16,0.));
#7040 = FACE_BOUND('',#7041,.T.);
#7041 = EDGE_LOOP('',(#7042));
#7042 = ORIENTED_EDGE('',*,*,#7043,.F.);
#7043 = EDGE_CURVE('',#7044,#7044,#7046,.T.);
#7044 = VERTEX_POINT('',#7045);
#7045 = CARTESIAN_POINT('',(194.5,186.6,33.9));
#7046 = CIRCLE('',#7047,1.1);
#7047 = AXIS2_PLACEMENT_3D('',#7048,#7049,#7050);
#7048 = CARTESIAN_POINT('',(194.5,185.5,33.9));
#7049 = DIRECTION('',(0.,-0.,1.));
#7050 = DIRECTION('',(1.110223024625E-16,1.,0.));
#7051 = PLANE('',#7052);
#7052 = AXIS2_PLACEMENT_3D('',#7053,#7054,#7055);
#7053 = CARTESIAN_POINT('',(207.5,177.6,33.9));
#7054 = DIRECTION('',(0.,0.,1.));
#7055 = DIRECTION('',(1.110223024625E-16,1.,0.));
#7056 = ADVANCED_FACE('',(#7057),#7068,.F.);
#7057 = FACE_BOUND('',#7058,.F.);
#7058 = EDGE_LOOP('',(#7059,#7060,#7066,#7067));
#7059 = ORIENTED_EDGE('',*,*,#6787,.F.);
#7060 = ORIENTED_EDGE('',*,*,#7061,.F.);
#7061 = EDGE_CURVE('',#6682,#6788,#7062,.T.);
#7062 = LINE('',#7063,#7064);
#7063 = CARTESIAN_POINT('',(182.5,95.5,8.6));
#7064 = VECTOR('',#7065,1.);
#7065 = DIRECTION('',(-1.,1.110223024625E-16,0.));
#7066 = ORIENTED_EDGE('',*,*,#6681,.T.);
#7067 = ORIENTED_EDGE('',*,*,#7061,.T.);
#7068 = CYLINDRICAL_SURFACE('',#7069,1.6);
#7069 = AXIS2_PLACEMENT_3D('',#7070,#7071,#7072);
#7070 = CARTESIAN_POINT('',(182.5,95.5,7.));
#7071 = DIRECTION('',(-1.,1.110223024625E-16,0.));
#7072 = DIRECTION('',(0.,0.,1.));
#7073 = ADVANCED_FACE('',(#7074),#7090,.F.);
#7074 = FACE_BOUND('',#7075,.F.);
#7075 = EDGE_LOOP('',(#7076,#7077,#7083,#7084));
#7076 = ORIENTED_EDGE('',*,*,#6692,.T.);
#7077 = ORIENTED_EDGE('',*,*,#7078,.T.);
#7078 = EDGE_CURVE('',#6695,#6846,#7079,.T.);
#7079 = LINE('',#7080,#7081);
#7080 = CARTESIAN_POINT('',(182.5,77.5,27.25));
#7081 = VECTOR('',#7082,1.);
#7082 = DIRECTION('',(-1.,1.110223024625E-16,0.));
#7083 = ORIENTED_EDGE('',*,*,#6843,.F.);
#7084 = ORIENTED_EDGE('',*,*,#7085,.F.);
#7085 = EDGE_CURVE('',#6693,#6844,#7086,.T.);
#7086 = LINE('',#7087,#7088);
#7087 = CARTESIAN_POINT('',(182.5,77.5,22.75));
#7088 = VECTOR('',#7089,1.);
#7089 = DIRECTION('',(-1.,1.110223024625E-16,0.));
#7090 = CYLINDRICAL_SURFACE('',#7091,2.25);
#7091 = AXIS2_PLACEMENT_3D('',#7092,#7093,#7094);
#7092 = CARTESIAN_POINT('',(182.5,77.5,25.));
#7093 = DIRECTION('',(-1.,1.110223024625E-16,0.));
#7094 = DIRECTION('',(0.,0.,1.));
#7095 = ADVANCED_FACE('',(#7096),#7107,.T.);
#7096 = FACE_BOUND('',#7097,.T.);
#7097 = EDGE_LOOP('',(#7098,#7099,#7100,#7106));
#7098 = ORIENTED_EDGE('',*,*,#7085,.F.);
#7099 = ORIENTED_EDGE('',*,*,#6703,.T.);
#7100 = ORIENTED_EDGE('',*,*,#7101,.T.);
#7101 = EDGE_CURVE('',#6704,#6855,#7102,.T.);
#7102 = LINE('',#7103,#7104);
#7103 = CARTESIAN_POINT('',(182.5,85.5,22.75));
#7104 = VECTOR('',#7105,1.);
#7105 = DIRECTION('',(-1.,1.110223024625E-16,0.));
#7106 = ORIENTED_EDGE('',*,*,#6854,.F.);
#7107 = PLANE('',#7108);
#7108 = AXIS2_PLACEMENT_3D('',#7109,#7110,#7111);
#7109 = CARTESIAN_POINT('',(182.5,77.5,22.75));
#7110 = DIRECTION('',(0.,0.,1.));
#7111 = DIRECTION('',(1.110223024625E-16,1.,0.));
#7112 = ADVANCED_FACE('',(#7113),#7131,.F.);
#7113 = FACE_BOUND('',#7114,.F.);
#7114 = EDGE_LOOP('',(#7115,#7116,#7117,#7125));
#7115 = ORIENTED_EDGE('',*,*,#7078,.F.);
#7116 = ORIENTED_EDGE('',*,*,#6720,.T.);
#7117 = ORIENTED_EDGE('',*,*,#7118,.T.);
#7118 = EDGE_CURVE('',#6712,#7119,#7121,.T.);
#7119 = VERTEX_POINT('',#7120);
#7120 = CARTESIAN_POINT('',(178.5,85.5,27.25));
#7121 = LINE('',#7122,#7123);
#7122 = CARTESIAN_POINT('',(182.5,85.5,27.25));
#7123 = VECTOR('',#7124,1.);
#7124 = DIRECTION('',(-1.,1.110223024625E-16,0.));
#7125 = ORIENTED_EDGE('',*,*,#7126,.F.);
#7126 = EDGE_CURVE('',#6846,#7119,#7127,.T.);
#7127 = LINE('',#7128,#7129);
#7128 = CARTESIAN_POINT('',(178.5,74.5,27.25));
#7129 = VECTOR('',#7130,1.);
#7130 = DIRECTION('',(1.110223024625E-16,1.,0.));
#7131 = PLANE('',#7132);
#7132 = AXIS2_PLACEMENT_3D('',#7133,#7134,#7135);
#7133 = CARTESIAN_POINT('',(182.5,77.5,27.25));
#7134 = DIRECTION('',(0.,0.,1.));
#7135 = DIRECTION('',(1.110223024625E-16,1.,0.));
#7136 = ADVANCED_FACE('',(#7137),#7150,.F.);
#7137 = FACE_BOUND('',#7138,.F.);
#7138 = EDGE_LOOP('',(#7139,#7146,#7147,#7148,#7149));
#7139 = ORIENTED_EDGE('',*,*,#7140,.F.);
#7140 = EDGE_CURVE('',#7119,#6863,#7141,.T.);
#7141 = CIRCLE('',#7142,2.25);
#7142 = AXIS2_PLACEMENT_3D('',#7143,#7144,#7145);
#7143 = CARTESIAN_POINT('',(178.5,85.5,25.));
#7144 = DIRECTION('',(-1.,1.110223024625E-16,0.));
#7145 = DIRECTION('',(0.,0.,1.));
#7146 = ORIENTED_EDGE('',*,*,#7118,.F.);
#7147 = ORIENTED_EDGE('',*,*,#6711,.T.);
#7148 = ORIENTED_EDGE('',*,*,#7101,.T.);
#7149 = ORIENTED_EDGE('',*,*,#6862,.F.);
#7150 = CYLINDRICAL_SURFACE('',#7151,2.25);
#7151 = AXIS2_PLACEMENT_3D('',#7152,#7153,#7154);
#7152 = CARTESIAN_POINT('',(182.5,85.5,25.));
#7153 = DIRECTION('',(-1.,1.110223024625E-16,0.));
#7154 = DIRECTION('',(0.,0.,1.));
#7155 = ADVANCED_FACE('',(#7156),#7167,.F.);
#7156 = FACE_BOUND('',#7157,.F.);
#7157 = EDGE_LOOP('',(#7158,#7159,#7165,#7166));
#7158 = ORIENTED_EDGE('',*,*,#6832,.F.);
#7159 = ORIENTED_EDGE('',*,*,#7160,.F.);
#7160 = EDGE_CURVE('',#6729,#6833,#7161,.T.);
#7161 = LINE('',#7162,#7163);
#7162 = CARTESIAN_POINT('',(182.5,167.5,8.6));
#7163 = VECTOR('',#7164,1.);
#7164 = DIRECTION('',(-1.,1.110223024625E-16,0.));
#7165 = ORIENTED_EDGE('',*,*,#6728,.T.);
#7166 = ORIENTED_EDGE('',*,*,#7160,.T.);
#7167 = CYLINDRICAL_SURFACE('',#7168,1.6);
#7168 = AXIS2_PLACEMENT_3D('',#7169,#7170,#7171);
#7169 = CARTESIAN_POINT('',(182.5,167.5,7.));
#7170 = DIRECTION('',(-1.,1.110223024625E-16,0.));
#7171 = DIRECTION('',(0.,0.,1.));
#7172 = ADVANCED_FACE('',(#7173),#7214,.F.);
#7173 = FACE_BOUND('',#7174,.F.);
#7174 = EDGE_LOOP('',(#7175,#7176,#7184,#7192,#7200,#7208));
#7175 = ORIENTED_EDGE('',*,*,#6798,.F.);
#7176 = ORIENTED_EDGE('',*,*,#7177,.T.);
#7177 = EDGE_CURVE('',#6799,#7178,#7180,.T.);
#7178 = VERTEX_POINT('',#7179);
#7179 = CARTESIAN_POINT('',(123.5,87.5,15.5));
#7180 = LINE('',#7181,#7182);
#7181 = CARTESIAN_POINT('',(178.5,87.5,15.5));
#7182 = VECTOR('',#7183,1.);
#7183 = DIRECTION('',(-1.,1.110223024625E-16,0.));
#7184 = ORIENTED_EDGE('',*,*,#7185,.T.);
#7185 = EDGE_CURVE('',#7178,#7186,#7188,.T.);
#7186 = VERTEX_POINT('',#7187);
#7187 = CARTESIAN_POINT('',(123.5,87.5,17.3));
#7188 = LINE('',#7189,#7190);
#7189 = CARTESIAN_POINT('',(123.5,87.5,15.5));
#7190 = VECTOR('',#7191,1.);
#7191 = DIRECTION('',(0.,0.,1.));
#7192 = ORIENTED_EDGE('',*,*,#7193,.T.);
#7193 = EDGE_CURVE('',#7186,#7194,#7196,.T.);
#7194 = VERTEX_POINT('',#7195);
#7195 = CARTESIAN_POINT('',(124.7,87.5,18.5));
#7196 = LINE('',#7197,#7198);
#7197 = CARTESIAN_POINT('',(137.1,87.5,30.9));
#7198 = VECTOR('',#7199,1.);
#7199 = DIRECTION('',(0.707106781187,-7.850462293419E-17,0.707106781187)
  );
#7200 = ORIENTED_EDGE('',*,*,#7201,.F.);
#7201 = EDGE_CURVE('',#7202,#7194,#7204,.T.);
#7202 = VERTEX_POINT('',#7203);
#7203 = CARTESIAN_POINT('',(177.3,87.5,18.5));
#7204 = LINE('',#7205,#7206);
#7205 = CARTESIAN_POINT('',(178.5,87.5,18.5));
#7206 = VECTOR('',#7207,1.);
#7207 = DIRECTION('',(-1.,1.110223024625E-16,0.));
#7208 = ORIENTED_EDGE('',*,*,#7209,.F.);
#7209 = EDGE_CURVE('',#6801,#7202,#7210,.T.);
#7210 = LINE('',#7211,#7212);
#7211 = CARTESIAN_POINT('',(178.65,87.5,17.15));
#7212 = VECTOR('',#7213,1.);
#7213 = DIRECTION('',(-0.707106781187,7.850462293419E-17,0.707106781187)
  );
#7214 = PLANE('',#7215);
#7215 = AXIS2_PLACEMENT_3D('',#7216,#7217,#7218);
#7216 = CARTESIAN_POINT('',(178.5,87.5,15.5));
#7217 = DIRECTION('',(1.110223024625E-16,1.,0.));
#7218 = DIRECTION('',(0.,0.,1.));
#7219 = ADVANCED_FACE('',(#7220),#7238,.F.);
#7220 = FACE_BOUND('',#7221,.T.);
#7221 = EDGE_LOOP('',(#7222,#7223,#7224,#7232));
#7222 = ORIENTED_EDGE('',*,*,#7209,.F.);
#7223 = ORIENTED_EDGE('',*,*,#6824,.T.);
#7224 = ORIENTED_EDGE('',*,*,#7225,.T.);
#7225 = EDGE_CURVE('',#6817,#7226,#7228,.T.);
#7226 = VERTEX_POINT('',#7227);
#7227 = CARTESIAN_POINT('',(177.3,175.5,18.5));
#7228 = LINE('',#7229,#7230);
#7229 = CARTESIAN_POINT('',(178.65,175.5,17.15));
#7230 = VECTOR('',#7231,1.);
#7231 = DIRECTION('',(-0.707106781187,7.850462293419E-17,0.707106781187)
  );
#7232 = ORIENTED_EDGE('',*,*,#7233,.F.);
#7233 = EDGE_CURVE('',#7202,#7226,#7234,.T.);
#7234 = LINE('',#7235,#7236);
#7235 = CARTESIAN_POINT('',(177.3,87.5,18.5));
#7236 = VECTOR('',#7237,1.);
#7237 = DIRECTION('',(1.110223024625E-16,1.,0.));
#7238 = PLANE('',#7239);
#7239 = AXIS2_PLACEMENT_3D('',#7240,#7241,#7242);
#7240 = CARTESIAN_POINT('',(177.9,87.5,17.9));
#7241 = DIRECTION('',(-0.707106781187,7.850462293419E-17,-0.707106781187
    ));
#7242 = DIRECTION('',(-1.110223024625E-16,-1.,0.));
#7243 = ADVANCED_FACE('',(#7244),#7278,.T.);
#7244 = FACE_BOUND('',#7245,.T.);
#7245 = EDGE_LOOP('',(#7246,#7247,#7255,#7263,#7271,#7277));
#7246 = ORIENTED_EDGE('',*,*,#6816,.F.);
#7247 = ORIENTED_EDGE('',*,*,#7248,.T.);
#7248 = EDGE_CURVE('',#6809,#7249,#7251,.T.);
#7249 = VERTEX_POINT('',#7250);
#7250 = CARTESIAN_POINT('',(123.5,175.5,15.5));
#7251 = LINE('',#7252,#7253);
#7252 = CARTESIAN_POINT('',(178.5,175.5,15.5));
#7253 = VECTOR('',#7254,1.);
#7254 = DIRECTION('',(-1.,1.110223024625E-16,0.));
#7255 = ORIENTED_EDGE('',*,*,#7256,.T.);
#7256 = EDGE_CURVE('',#7249,#7257,#7259,.T.);
#7257 = VERTEX_POINT('',#7258);
#7258 = CARTESIAN_POINT('',(123.5,175.5,17.3));
#7259 = LINE('',#7260,#7261);
#7260 = CARTESIAN_POINT('',(123.5,175.5,15.5));
#7261 = VECTOR('',#7262,1.);
#7262 = DIRECTION('',(0.,0.,1.));
#7263 = ORIENTED_EDGE('',*,*,#7264,.T.);
#7264 = EDGE_CURVE('',#7257,#7265,#7267,.T.);
#7265 = VERTEX_POINT('',#7266);
#7266 = CARTESIAN_POINT('',(124.7,175.5,18.5));
#7267 = LINE('',#7268,#7269);
#7268 = CARTESIAN_POINT('',(137.1,175.5,30.9));
#7269 = VECTOR('',#7270,1.);
#7270 = DIRECTION('',(0.707106781187,-7.850462293419E-17,0.707106781187)
  );
#7271 = ORIENTED_EDGE('',*,*,#7272,.F.);
#7272 = EDGE_CURVE('',#7226,#7265,#7273,.T.);
#7273 = LINE('',#7274,#7275);
#7274 = CARTESIAN_POINT('',(178.5,175.5,18.5));
#7275 = VECTOR('',#7276,1.);
#7276 = DIRECTION('',(-1.,1.110223024625E-16,0.));
#7277 = ORIENTED_EDGE('',*,*,#7225,.F.);
#7278 = PLANE('',#7279);
#7279 = AXIS2_PLACEMENT_3D('',#7280,#7281,#7282);
#7280 = CARTESIAN_POINT('',(178.5,175.5,15.5));
#7281 = DIRECTION('',(1.110223024625E-16,1.,0.));
#7282 = DIRECTION('',(0.,0.,1.));
#7283 = ADVANCED_FACE('',(#7284),#7295,.F.);
#7284 = FACE_BOUND('',#7285,.F.);
#7285 = EDGE_LOOP('',(#7286,#7287,#7288,#7289));
#7286 = ORIENTED_EDGE('',*,*,#7177,.F.);
#7287 = ORIENTED_EDGE('',*,*,#6808,.T.);
#7288 = ORIENTED_EDGE('',*,*,#7248,.T.);
#7289 = ORIENTED_EDGE('',*,*,#7290,.F.);
#7290 = EDGE_CURVE('',#7178,#7249,#7291,.T.);
#7291 = LINE('',#7292,#7293);
#7292 = CARTESIAN_POINT('',(123.5,87.5,15.5));
#7293 = VECTOR('',#7294,1.);
#7294 = DIRECTION('',(1.110223024625E-16,1.,0.));
#7295 = PLANE('',#7296);
#7296 = AXIS2_PLACEMENT_3D('',#7297,#7298,#7299);
#7297 = CARTESIAN_POINT('',(178.5,87.5,15.5));
#7298 = DIRECTION('',(0.,0.,1.));
#7299 = DIRECTION('',(1.110223024625E-16,1.,0.));
#7300 = ADVANCED_FACE('',(#7301),#7374,.F.);
#7301 = FACE_BOUND('',#7302,.F.);
#7302 = EDGE_LOOP('',(#7303,#7311,#7319,#7327,#7335,#7343,#7351,#7359,
    #7367,#7373));
#7303 = ORIENTED_EDGE('',*,*,#7304,.F.);
#7304 = EDGE_CURVE('',#7305,#6846,#7307,.T.);
#7305 = VERTEX_POINT('',#7306);
#7306 = CARTESIAN_POINT('',(178.5,77.5,27.));
#7307 = LINE('',#7308,#7309);
#7308 = CARTESIAN_POINT('',(178.5,77.5,27.));
#7309 = VECTOR('',#7310,1.);
#7310 = DIRECTION('',(0.,0.,1.));
#7311 = ORIENTED_EDGE('',*,*,#7312,.T.);
#7312 = EDGE_CURVE('',#7305,#7313,#7315,.T.);
#7313 = VERTEX_POINT('',#7314);
#7314 = CARTESIAN_POINT('',(123.5,77.5,27.));
#7315 = LINE('',#7316,#7317);
#7316 = CARTESIAN_POINT('',(178.5,77.5,27.));
#7317 = VECTOR('',#7318,1.);
#7318 = DIRECTION('',(-1.,1.110223024625E-16,0.));
#7319 = ORIENTED_EDGE('',*,*,#7320,.T.);
#7320 = EDGE_CURVE('',#7313,#7321,#7323,.T.);
#7321 = VERTEX_POINT('',#7322);
#7322 = CARTESIAN_POINT('',(123.5,77.5,27.25));
#7323 = LINE('',#7324,#7325);
#7324 = CARTESIAN_POINT('',(123.5,77.5,27.));
#7325 = VECTOR('',#7326,1.);
#7326 = DIRECTION('',(0.,0.,1.));
#7327 = ORIENTED_EDGE('',*,*,#7328,.T.);
#7328 = EDGE_CURVE('',#7321,#7329,#7331,.T.);
#7329 = VERTEX_POINT('',#7330);
#7330 = CARTESIAN_POINT('',(123.5,77.5,28.8));
#7331 = LINE('',#7332,#7333);
#7332 = CARTESIAN_POINT('',(123.5,77.5,27.));
#7333 = VECTOR('',#7334,1.);
#7334 = DIRECTION('',(0.,0.,1.));
#7335 = ORIENTED_EDGE('',*,*,#7336,.F.);
#7336 = EDGE_CURVE('',#7337,#7329,#7339,.T.);
#7337 = VERTEX_POINT('',#7338);
#7338 = CARTESIAN_POINT('',(124.5,77.5,28.8));
#7339 = LINE('',#7340,#7341);
#7340 = CARTESIAN_POINT('',(178.5,77.5,28.8));
#7341 = VECTOR('',#7342,1.);
#7342 = DIRECTION('',(-1.,1.110223024625E-16,0.));
#7343 = ORIENTED_EDGE('',*,*,#7344,.T.);
#7344 = EDGE_CURVE('',#7337,#7345,#7347,.T.);
#7345 = VERTEX_POINT('',#7346);
#7346 = CARTESIAN_POINT('',(124.5,77.5,27.2));
#7347 = LINE('',#7348,#7349);
#7348 = CARTESIAN_POINT('',(124.5,77.5,26.));
#7349 = VECTOR('',#7350,1.);
#7350 = DIRECTION('',(-0.,0.,-1.));
#7351 = ORIENTED_EDGE('',*,*,#7352,.F.);
#7352 = EDGE_CURVE('',#7353,#7345,#7355,.T.);
#7353 = VERTEX_POINT('',#7354);
#7354 = CARTESIAN_POINT('',(177.5,77.5,27.2));
#7355 = LINE('',#7356,#7357);
#7356 = CARTESIAN_POINT('',(178.5,77.5,27.2));
#7357 = VECTOR('',#7358,1.);
#7358 = DIRECTION('',(-1.,1.110223024625E-16,0.));
#7359 = ORIENTED_EDGE('',*,*,#7360,.F.);
#7360 = EDGE_CURVE('',#7361,#7353,#7363,.T.);
#7361 = VERTEX_POINT('',#7362);
#7362 = CARTESIAN_POINT('',(177.5,77.5,28.8));
#7363 = LINE('',#7364,#7365);
#7364 = CARTESIAN_POINT('',(177.5,77.5,26.));
#7365 = VECTOR('',#7366,1.);
#7366 = DIRECTION('',(-0.,0.,-1.));
#7367 = ORIENTED_EDGE('',*,*,#7368,.F.);
#7368 = EDGE_CURVE('',#6913,#7361,#7369,.T.);
#7369 = LINE('',#7370,#7371);
#7370 = CARTESIAN_POINT('',(178.5,77.5,28.8));
#7371 = VECTOR('',#7372,1.);
#7372 = DIRECTION('',(-1.,1.110223024625E-16,0.));
#7373 = ORIENTED_EDGE('',*,*,#6920,.F.);
#7374 = PLANE('',#7375);
#7375 = AXIS2_PLACEMENT_3D('',#7376,#7377,#7378);
#7376 = CARTESIAN_POINT('',(178.5,77.5,27.));
#7377 = DIRECTION('',(1.110223024625E-16,1.,0.));
#7378 = DIRECTION('',(0.,0.,1.));
#7379 = ADVANCED_FACE('',(#7380),#7398,.F.);
#7380 = FACE_BOUND('',#7381,.F.);
#7381 = EDGE_LOOP('',(#7382,#7383,#7384,#7392));
#7382 = ORIENTED_EDGE('',*,*,#6912,.F.);
#7383 = ORIENTED_EDGE('',*,*,#7368,.T.);
#7384 = ORIENTED_EDGE('',*,*,#7385,.F.);
#7385 = EDGE_CURVE('',#7386,#7361,#7388,.T.);
#7386 = VERTEX_POINT('',#7387);
#7387 = CARTESIAN_POINT('',(177.5,78.7,30.));
#7388 = LINE('',#7389,#7390);
#7389 = CARTESIAN_POINT('',(177.5,76.85,28.15));
#7390 = VECTOR('',#7391,1.);
#7391 = DIRECTION('',(-7.850462293419E-17,-0.707106781187,
    -0.707106781187));
#7392 = ORIENTED_EDGE('',*,*,#7393,.F.);
#7393 = EDGE_CURVE('',#6905,#7386,#7394,.T.);
#7394 = LINE('',#7395,#7396);
#7395 = CARTESIAN_POINT('',(178.5,78.7,30.));
#7396 = VECTOR('',#7397,1.);
#7397 = DIRECTION('',(-1.,1.110223024625E-16,0.));
#7398 = PLANE('',#7399);
#7399 = AXIS2_PLACEMENT_3D('',#7400,#7401,#7402);
#7400 = CARTESIAN_POINT('',(178.5,78.1,29.4));
#7401 = DIRECTION('',(7.850462293419E-17,0.707106781187,-0.707106781187)
  );
#7402 = DIRECTION('',(-1.,1.110223024625E-16,0.));
#7403 = ADVANCED_FACE('',(#7404,#7532),#7598,.F.);
#7404 = FACE_BOUND('',#7405,.F.);
#7405 = EDGE_LOOP('',(#7406,#7414,#7415,#7421,#7422,#7430,#7438,#7446,
    #7454,#7462,#7470,#7478,#7486,#7494,#7502,#7510,#7518,#7526));
#7406 = ORIENTED_EDGE('',*,*,#7407,.F.);
#7407 = EDGE_CURVE('',#7313,#7408,#7410,.T.);
#7408 = VERTEX_POINT('',#7409);
#7409 = CARTESIAN_POINT('',(123.5,86.530776406404,27.));
#7410 = LINE('',#7411,#7412);
#7411 = CARTESIAN_POINT('',(123.5,77.5,27.));
#7412 = VECTOR('',#7413,1.);
#7413 = DIRECTION('',(1.110223024625E-16,1.,0.));
#7414 = ORIENTED_EDGE('',*,*,#7312,.F.);
#7415 = ORIENTED_EDGE('',*,*,#7416,.T.);
#7416 = EDGE_CURVE('',#7305,#6863,#7417,.T.);
#7417 = LINE('',#7418,#7419);
#7418 = CARTESIAN_POINT('',(178.5,77.5,27.));
#7419 = VECTOR('',#7420,1.);
#7420 = DIRECTION('',(1.110223024625E-16,1.,0.));
#7421 = ORIENTED_EDGE('',*,*,#6871,.T.);
#7422 = ORIENTED_EDGE('',*,*,#7423,.T.);
#7423 = EDGE_CURVE('',#6872,#7424,#7426,.T.);
#7424 = VERTEX_POINT('',#7425);
#7425 = CARTESIAN_POINT('',(178.5,185.5,27.));
#7426 = LINE('',#7427,#7428);
#7427 = CARTESIAN_POINT('',(178.5,77.5,27.));
#7428 = VECTOR('',#7429,1.);
#7429 = DIRECTION('',(1.110223024625E-16,1.,0.));
#7430 = ORIENTED_EDGE('',*,*,#7431,.T.);
#7431 = EDGE_CURVE('',#7424,#7432,#7434,.T.);
#7432 = VERTEX_POINT('',#7433);
#7433 = CARTESIAN_POINT('',(177.5,185.5,27.));
#7434 = LINE('',#7435,#7436);
#7435 = CARTESIAN_POINT('',(178.5,185.5,27.));
#7436 = VECTOR('',#7437,1.);
#7437 = DIRECTION('',(-1.,1.110223024625E-16,0.));
#7438 = ORIENTED_EDGE('',*,*,#7439,.F.);
#7439 = EDGE_CURVE('',#7440,#7432,#7442,.T.);
#7440 = VERTEX_POINT('',#7441);
#7441 = CARTESIAN_POINT('',(177.5,179.31534156157,27.));
#7442 = LINE('',#7443,#7444);
#7443 = CARTESIAN_POINT('',(177.5,131.5,27.));
#7444 = VECTOR('',#7445,1.);
#7445 = DIRECTION('',(1.110223024625E-16,1.,0.));
#7446 = ORIENTED_EDGE('',*,*,#7447,.T.);
#7447 = EDGE_CURVE('',#7440,#7448,#7450,.T.);
#7448 = VERTEX_POINT('',#7449);
#7449 = CARTESIAN_POINT('',(176.,179.31534156157,27.));
#7450 = LINE('',#7451,#7452);
#7451 = CARTESIAN_POINT('',(177.5,179.31534156157,27.));
#7452 = VECTOR('',#7453,1.);
#7453 = DIRECTION('',(-1.,1.110223024625E-16,0.));
#7454 = ORIENTED_EDGE('',*,*,#7455,.T.);
#7455 = EDGE_CURVE('',#7448,#7456,#7458,.T.);
#7456 = VERTEX_POINT('',#7457);
#7457 = CARTESIAN_POINT('',(176.,180.91742430504,27.));
#7458 = LINE('',#7459,#7460);
#7459 = CARTESIAN_POINT('',(176.,131.5,27.));
#7460 = VECTOR('',#7461,1.);
#7461 = DIRECTION('',(1.110223024625E-16,1.,0.));
#7462 = ORIENTED_EDGE('',*,*,#7463,.T.);
#7463 = EDGE_CURVE('',#7456,#7464,#7466,.T.);
#7464 = VERTEX_POINT('',#7465);
#7465 = CARTESIAN_POINT('',(126.,180.91742430504,27.));
#7466 = LINE('',#7467,#7468);
#7467 = CARTESIAN_POINT('',(176.,180.91742430504,27.));
#7468 = VECTOR('',#7469,1.);
#7469 = DIRECTION('',(-1.,1.110223024625E-16,0.));
#7470 = ORIENTED_EDGE('',*,*,#7471,.F.);
#7471 = EDGE_CURVE('',#7472,#7464,#7474,.T.);
#7472 = VERTEX_POINT('',#7473);
#7473 = CARTESIAN_POINT('',(126.,179.31534156157,27.));
#7474 = LINE('',#7475,#7476);
#7475 = CARTESIAN_POINT('',(126.,131.5,27.));
#7476 = VECTOR('',#7477,1.);
#7477 = DIRECTION('',(1.110223024625E-16,1.,0.));
#7478 = ORIENTED_EDGE('',*,*,#7479,.T.);
#7479 = EDGE_CURVE('',#7472,#7480,#7482,.T.);
#7480 = VERTEX_POINT('',#7481);
#7481 = CARTESIAN_POINT('',(124.5,179.31534156157,27.));
#7482 = LINE('',#7483,#7484);
#7483 = CARTESIAN_POINT('',(126.,179.31534156157,27.));
#7484 = VECTOR('',#7485,1.);
#7485 = DIRECTION('',(-1.,1.110223024625E-16,0.));
#7486 = ORIENTED_EDGE('',*,*,#7487,.T.);
#7487 = EDGE_CURVE('',#7480,#7488,#7490,.T.);
#7488 = VERTEX_POINT('',#7489);
#7489 = CARTESIAN_POINT('',(124.5,184.583484861,27.));
#7490 = LINE('',#7491,#7492);
#7491 = CARTESIAN_POINT('',(124.5,131.5,27.));
#7492 = VECTOR('',#7493,1.);
#7493 = DIRECTION('',(1.110223024625E-16,1.,0.));
#7494 = ORIENTED_EDGE('',*,*,#7495,.F.);
#7495 = EDGE_CURVE('',#7496,#7488,#7498,.T.);
#7496 = VERTEX_POINT('',#7497);
#7497 = CARTESIAN_POINT('',(169.5,184.583484861,27.));
#7498 = LINE('',#7499,#7500);
#7499 = CARTESIAN_POINT('',(169.5,184.583484861,27.));
#7500 = VECTOR('',#7501,1.);
#7501 = DIRECTION('',(-1.,1.110223024625E-16,0.));
#7502 = ORIENTED_EDGE('',*,*,#7503,.T.);
#7503 = EDGE_CURVE('',#7496,#7504,#7506,.T.);
#7504 = VERTEX_POINT('',#7505);
#7505 = CARTESIAN_POINT('',(169.5,185.5,27.));
#7506 = LINE('',#7507,#7508);
#7507 = CARTESIAN_POINT('',(169.5,131.5,27.));
#7508 = VECTOR('',#7509,1.);
#7509 = DIRECTION('',(1.110223024625E-16,1.,0.));
#7510 = ORIENTED_EDGE('',*,*,#7511,.T.);
#7511 = EDGE_CURVE('',#7504,#7512,#7514,.T.);
#7512 = VERTEX_POINT('',#7513);
#7513 = CARTESIAN_POINT('',(123.5,185.5,27.));
#7514 = LINE('',#7515,#7516);
#7515 = CARTESIAN_POINT('',(178.5,185.5,27.));
#7516 = VECTOR('',#7517,1.);
#7517 = DIRECTION('',(-1.,1.110223024625E-16,0.));
#7518 = ORIENTED_EDGE('',*,*,#7519,.F.);
#7519 = EDGE_CURVE('',#7520,#7512,#7522,.T.);
#7520 = VERTEX_POINT('',#7521);
#7521 = CARTESIAN_POINT('',(123.5,184.583484861,27.));
#7522 = LINE('',#7523,#7524);
#7523 = CARTESIAN_POINT('',(123.5,77.5,27.));
#7524 = VECTOR('',#7525,1.);
#7525 = DIRECTION('',(1.110223024625E-16,1.,0.));
#7526 = ORIENTED_EDGE('',*,*,#7527,.F.);
#7527 = EDGE_CURVE('',#7408,#7520,#7528,.T.);
#7528 = LINE('',#7529,#7530);
#7529 = CARTESIAN_POINT('',(123.5,77.5,27.));
#7530 = VECTOR('',#7531,1.);
#7531 = DIRECTION('',(1.110223024625E-16,1.,0.));
#7532 = FACE_BOUND('',#7533,.F.);
#7533 = EDGE_LOOP('',(#7534,#7544,#7552,#7560,#7568,#7576,#7584,#7592));
#7534 = ORIENTED_EDGE('',*,*,#7535,.F.);
#7535 = EDGE_CURVE('',#7536,#7538,#7540,.T.);
#7536 = VERTEX_POINT('',#7537);
#7537 = CARTESIAN_POINT('',(176.,82.082575694956,27.));
#7538 = VERTEX_POINT('',#7539);
#7539 = CARTESIAN_POINT('',(126.,82.082575694956,27.));
#7540 = LINE('',#7541,#7542);
#7541 = CARTESIAN_POINT('',(176.,82.082575694956,27.));
#7542 = VECTOR('',#7543,1.);
#7543 = DIRECTION('',(-1.,1.110223024625E-16,0.));
#7544 = ORIENTED_EDGE('',*,*,#7545,.T.);
#7545 = EDGE_CURVE('',#7536,#7546,#7548,.T.);
#7546 = VERTEX_POINT('',#7547);
#7547 = CARTESIAN_POINT('',(176.,83.684658438426,27.));
#7548 = LINE('',#7549,#7550);
#7549 = CARTESIAN_POINT('',(176.,77.5,27.));
#7550 = VECTOR('',#7551,1.);
#7551 = DIRECTION('',(1.110223024625E-16,1.,0.));
#7552 = ORIENTED_EDGE('',*,*,#7553,.F.);
#7553 = EDGE_CURVE('',#7554,#7546,#7556,.T.);
#7554 = VERTEX_POINT('',#7555);
#7555 = CARTESIAN_POINT('',(177.5,83.684658438426,27.));
#7556 = LINE('',#7557,#7558);
#7557 = CARTESIAN_POINT('',(177.5,83.684658438426,27.));
#7558 = VECTOR('',#7559,1.);
#7559 = DIRECTION('',(-1.,1.110223024625E-16,0.));
#7560 = ORIENTED_EDGE('',*,*,#7561,.F.);
#7561 = EDGE_CURVE('',#7562,#7554,#7564,.T.);
#7562 = VERTEX_POINT('',#7563);
#7563 = CARTESIAN_POINT('',(177.5,78.416515138991,27.));
#7564 = LINE('',#7565,#7566);
#7565 = CARTESIAN_POINT('',(177.5,77.5,27.));
#7566 = VECTOR('',#7567,1.);
#7567 = DIRECTION('',(1.110223024625E-16,1.,0.));
#7568 = ORIENTED_EDGE('',*,*,#7569,.T.);
#7569 = EDGE_CURVE('',#7562,#7570,#7572,.T.);
#7570 = VERTEX_POINT('',#7571);
#7571 = CARTESIAN_POINT('',(124.5,78.416515138991,27.));
#7572 = LINE('',#7573,#7574);
#7573 = CARTESIAN_POINT('',(178.5,78.416515138991,27.));
#7574 = VECTOR('',#7575,1.);
#7575 = DIRECTION('',(-1.,1.110223024625E-16,0.));
#7576 = ORIENTED_EDGE('',*,*,#7577,.T.);
#7577 = EDGE_CURVE('',#7570,#7578,#7580,.T.);
#7578 = VERTEX_POINT('',#7579);
#7579 = CARTESIAN_POINT('',(124.5,83.684658438426,27.));
#7580 = LINE('',#7581,#7582);
#7581 = CARTESIAN_POINT('',(124.5,77.5,27.));
#7582 = VECTOR('',#7583,1.);
#7583 = DIRECTION('',(1.110223024625E-16,1.,0.));
#7584 = ORIENTED_EDGE('',*,*,#7585,.F.);
#7585 = EDGE_CURVE('',#7586,#7578,#7588,.T.);
#7586 = VERTEX_POINT('',#7587);
#7587 = CARTESIAN_POINT('',(126.,83.684658438426,27.));
#7588 = LINE('',#7589,#7590);
#7589 = CARTESIAN_POINT('',(126.,83.684658438426,27.));
#7590 = VECTOR('',#7591,1.);
#7591 = DIRECTION('',(-1.,1.110223024625E-16,0.));
#7592 = ORIENTED_EDGE('',*,*,#7593,.F.);
#7593 = EDGE_CURVE('',#7538,#7586,#7594,.T.);
#7594 = LINE('',#7595,#7596);
#7595 = CARTESIAN_POINT('',(126.,77.5,27.));
#7596 = VECTOR('',#7597,1.);
#7597 = DIRECTION('',(1.110223024625E-16,1.,0.));
#7598 = PLANE('',#7599);
#7599 = AXIS2_PLACEMENT_3D('',#7600,#7601,#7602);
#7600 = CARTESIAN_POINT('',(178.5,77.5,27.));
#7601 = DIRECTION('',(0.,0.,1.));
#7602 = DIRECTION('',(1.110223024625E-16,1.,0.));
#7603 = ADVANCED_FACE('',(#7604),#7654,.T.);
#7604 = FACE_BOUND('',#7605,.T.);
#7605 = EDGE_LOOP('',(#7606,#7616,#7624,#7630,#7631,#7632,#7640,#7648));
#7606 = ORIENTED_EDGE('',*,*,#7607,.F.);
#7607 = EDGE_CURVE('',#7608,#7610,#7612,.T.);
#7608 = VERTEX_POINT('',#7609);
#7609 = CARTESIAN_POINT('',(176.,81.653311931459,30.));
#7610 = VERTEX_POINT('',#7611);
#7611 = CARTESIAN_POINT('',(176.,181.34668806854,30.));
#7612 = LINE('',#7613,#7614);
#7613 = CARTESIAN_POINT('',(176.,77.5,30.));
#7614 = VECTOR('',#7615,1.);
#7615 = DIRECTION('',(1.110223024625E-16,1.,0.));
#7616 = ORIENTED_EDGE('',*,*,#7617,.F.);
#7617 = EDGE_CURVE('',#7618,#7608,#7620,.T.);
#7618 = VERTEX_POINT('',#7619);
#7619 = CARTESIAN_POINT('',(177.5,81.653311931459,30.));
#7620 = LINE('',#7621,#7622);
#7621 = CARTESIAN_POINT('',(177.5,81.653311931459,30.));
#7622 = VECTOR('',#7623,1.);
#7623 = DIRECTION('',(-1.,1.110223024625E-16,0.));
#7624 = ORIENTED_EDGE('',*,*,#7625,.F.);
#7625 = EDGE_CURVE('',#7386,#7618,#7626,.T.);
#7626 = LINE('',#7627,#7628);
#7627 = CARTESIAN_POINT('',(177.5,77.5,30.));
#7628 = VECTOR('',#7629,1.);
#7629 = DIRECTION('',(1.110223024625E-16,1.,0.));
#7630 = ORIENTED_EDGE('',*,*,#7393,.F.);
#7631 = ORIENTED_EDGE('',*,*,#6904,.T.);
#7632 = ORIENTED_EDGE('',*,*,#7633,.T.);
#7633 = EDGE_CURVE('',#6897,#7634,#7636,.T.);
#7634 = VERTEX_POINT('',#7635);
#7635 = CARTESIAN_POINT('',(177.5,184.3,30.));
#7636 = LINE('',#7637,#7638);
#7637 = CARTESIAN_POINT('',(178.5,184.3,30.));
#7638 = VECTOR('',#7639,1.);
#7639 = DIRECTION('',(-1.,1.110223024625E-16,0.));
#7640 = ORIENTED_EDGE('',*,*,#7641,.F.);
#7641 = EDGE_CURVE('',#7642,#7634,#7644,.T.);
#7642 = VERTEX_POINT('',#7643);
#7643 = CARTESIAN_POINT('',(177.5,181.34668806854,30.));
#7644 = LINE('',#7645,#7646);
#7645 = CARTESIAN_POINT('',(177.5,131.5,30.));
#7646 = VECTOR('',#7647,1.);
#7647 = DIRECTION('',(1.110223024625E-16,1.,0.));
#7648 = ORIENTED_EDGE('',*,*,#7649,.T.);
#7649 = EDGE_CURVE('',#7642,#7610,#7650,.T.);
#7650 = LINE('',#7651,#7652);
#7651 = CARTESIAN_POINT('',(177.5,181.34668806854,30.));
#7652 = VECTOR('',#7653,1.);
#7653 = DIRECTION('',(-1.,1.110223024625E-16,0.));
#7654 = PLANE('',#7655);
#7655 = AXIS2_PLACEMENT_3D('',#7656,#7657,#7658);
#7656 = CARTESIAN_POINT('',(178.5,77.5,30.));
#7657 = DIRECTION('',(0.,0.,1.));
#7658 = DIRECTION('',(1.110223024625E-16,1.,0.));
#7659 = ADVANCED_FACE('',(#7660),#7686,.F.);
#7660 = FACE_BOUND('',#7661,.F.);
#7661 = EDGE_LOOP('',(#7662,#7671,#7677,#7684,#7685));
#7662 = ORIENTED_EDGE('',*,*,#7663,.T.);
#7663 = EDGE_CURVE('',#7664,#7664,#7666,.T.);
#7664 = VERTEX_POINT('',#7665);
#7665 = CARTESIAN_POINT('',(181.,185.5,27.3));
#7666 = CIRCLE('',#7667,2.3);
#7667 = AXIS2_PLACEMENT_3D('',#7668,#7669,#7670);
#7668 = CARTESIAN_POINT('',(181.,185.5,25.));
#7669 = DIRECTION('',(-1.,1.110223024625E-16,0.));
#7670 = DIRECTION('',(0.,0.,1.));
#7671 = ORIENTED_EDGE('',*,*,#7672,.T.);
#7672 = EDGE_CURVE('',#7664,#6880,#7673,.T.);
#7673 = LINE('',#7674,#7675);
#7674 = CARTESIAN_POINT('',(182.5,185.5,27.3));
#7675 = VECTOR('',#7676,1.);
#7676 = DIRECTION('',(-1.,1.110223024625E-16,0.));
#7677 = ORIENTED_EDGE('',*,*,#7678,.F.);
#7678 = EDGE_CURVE('',#6872,#6880,#7679,.T.);
#7679 = CIRCLE('',#7680,2.3);
#7680 = AXIS2_PLACEMENT_3D('',#7681,#7682,#7683);
#7681 = CARTESIAN_POINT('',(178.5,185.5,25.));
#7682 = DIRECTION('',(-1.,1.110223024625E-16,0.));
#7683 = DIRECTION('',(0.,0.,1.));
#7684 = ORIENTED_EDGE('',*,*,#6879,.F.);
#7685 = ORIENTED_EDGE('',*,*,#7672,.F.);
#7686 = CYLINDRICAL_SURFACE('',#7687,2.3);
#7687 = AXIS2_PLACEMENT_3D('',#7688,#7689,#7690);
#7688 = CARTESIAN_POINT('',(182.5,185.5,25.));
#7689 = DIRECTION('',(-1.,1.110223024625E-16,0.));
#7690 = DIRECTION('',(0.,0.,1.));
#7691 = ADVANCED_FACE('',(#7692),#7710,.T.);
#7692 = FACE_BOUND('',#7693,.T.);
#7693 = EDGE_LOOP('',(#7694,#7695,#7703,#7709));
#7694 = ORIENTED_EDGE('',*,*,#6896,.F.);
#7695 = ORIENTED_EDGE('',*,*,#7696,.T.);
#7696 = EDGE_CURVE('',#6889,#7697,#7699,.T.);
#7697 = VERTEX_POINT('',#7698);
#7698 = CARTESIAN_POINT('',(177.5,185.5,28.8));
#7699 = LINE('',#7700,#7701);
#7700 = CARTESIAN_POINT('',(178.5,185.5,28.8));
#7701 = VECTOR('',#7702,1.);
#7702 = DIRECTION('',(-1.,1.110223024625E-16,0.));
#7703 = ORIENTED_EDGE('',*,*,#7704,.F.);
#7704 = EDGE_CURVE('',#7634,#7697,#7705,.T.);
#7705 = LINE('',#7706,#7707);
#7706 = CARTESIAN_POINT('',(177.5,186.15,28.15));
#7707 = VECTOR('',#7708,1.);
#7708 = DIRECTION('',(7.850462293419E-17,0.707106781187,-0.707106781187)
  );
#7709 = ORIENTED_EDGE('',*,*,#7633,.F.);
#7710 = PLANE('',#7711);
#7711 = AXIS2_PLACEMENT_3D('',#7712,#7713,#7714);
#7712 = CARTESIAN_POINT('',(178.5,184.9,29.4));
#7713 = DIRECTION('',(6.442841347715E-17,0.707106781187,0.707106781187)
  );
#7714 = DIRECTION('',(-1.,1.01068919302E-16,-9.953383160478E-18));
#7715 = ADVANCED_FACE('',(#7716),#7733,.T.);
#7716 = FACE_BOUND('',#7717,.T.);
#7717 = EDGE_LOOP('',(#7718,#7724,#7725,#7731,#7732));
#7718 = ORIENTED_EDGE('',*,*,#7719,.F.);
#7719 = EDGE_CURVE('',#7424,#6880,#7720,.T.);
#7720 = LINE('',#7721,#7722);
#7721 = CARTESIAN_POINT('',(178.5,185.5,27.));
#7722 = VECTOR('',#7723,1.);
#7723 = DIRECTION('',(0.,0.,1.));
#7724 = ORIENTED_EDGE('',*,*,#7431,.T.);
#7725 = ORIENTED_EDGE('',*,*,#7726,.F.);
#7726 = EDGE_CURVE('',#7697,#7432,#7727,.T.);
#7727 = LINE('',#7728,#7729);
#7728 = CARTESIAN_POINT('',(177.5,185.5,26.));
#7729 = VECTOR('',#7730,1.);
#7730 = DIRECTION('',(-0.,0.,-1.));
#7731 = ORIENTED_EDGE('',*,*,#7696,.F.);
#7732 = ORIENTED_EDGE('',*,*,#6888,.F.);
#7733 = PLANE('',#7734);
#7734 = AXIS2_PLACEMENT_3D('',#7735,#7736,#7737);
#7735 = CARTESIAN_POINT('',(178.5,185.5,27.));
#7736 = DIRECTION('',(1.110223024625E-16,1.,0.));
#7737 = DIRECTION('',(0.,0.,1.));
#7738 = ADVANCED_FACE('',(#7739),#7750,.T.);
#7739 = FACE_BOUND('',#7740,.T.);
#7740 = EDGE_LOOP('',(#7741,#7742,#7748,#7749));
#7741 = ORIENTED_EDGE('',*,*,#7035,.F.);
#7742 = ORIENTED_EDGE('',*,*,#7743,.T.);
#7743 = EDGE_CURVE('',#7028,#6980,#7744,.T.);
#7744 = LINE('',#7745,#7746);
#7745 = CARTESIAN_POINT('',(207.5,191.5,-9.45));
#7746 = VECTOR('',#7747,1.);
#7747 = DIRECTION('',(-0.,0.,-1.));
#7748 = ORIENTED_EDGE('',*,*,#6987,.T.);
#7749 = ORIENTED_EDGE('',*,*,#6956,.T.);
#7750 = PLANE('',#7751);
#7751 = AXIS2_PLACEMENT_3D('',#7752,#7753,#7754);
#7752 = CARTESIAN_POINT('',(208.5,191.5,-35.));
#7753 = DIRECTION('',(1.110223024625E-16,1.,0.));
#7754 = DIRECTION('',(0.,0.,1.));
#7755 = ADVANCED_FACE('',(#7756,#7762),#7796,.F.);
#7756 = FACE_BOUND('',#7757,.F.);
#7757 = EDGE_LOOP('',(#7758,#7759,#7760,#7761));
#7758 = ORIENTED_EDGE('',*,*,#6979,.F.);
#7759 = ORIENTED_EDGE('',*,*,#7001,.T.);
#7760 = ORIENTED_EDGE('',*,*,#7027,.T.);
#7761 = ORIENTED_EDGE('',*,*,#7743,.T.);
#7762 = FACE_BOUND('',#7763,.F.);
#7763 = EDGE_LOOP('',(#7764,#7774,#7782,#7790));
#7764 = ORIENTED_EDGE('',*,*,#7765,.F.);
#7765 = EDGE_CURVE('',#7766,#7768,#7770,.T.);
#7766 = VERTEX_POINT('',#7767);
#7767 = CARTESIAN_POINT('',(207.5,180.1,31.4));
#7768 = VERTEX_POINT('',#7769);
#7769 = CARTESIAN_POINT('',(207.5,190.9,31.4));
#7770 = LINE('',#7771,#7772);
#7771 = CARTESIAN_POINT('',(207.5,178.85,31.4));
#7772 = VECTOR('',#7773,1.);
#7773 = DIRECTION('',(1.110223024625E-16,1.,0.));
#7774 = ORIENTED_EDGE('',*,*,#7775,.T.);
#7775 = EDGE_CURVE('',#7766,#7776,#7778,.T.);
#7776 = VERTEX_POINT('',#7777);
#7777 = CARTESIAN_POINT('',(207.5,180.1,18.6));
#7778 = LINE('',#7779,#7780);
#7779 = CARTESIAN_POINT('',(207.5,180.1,17.35));
#7780 = VECTOR('',#7781,1.);
#7781 = DIRECTION('',(-0.,0.,-1.));
#7782 = ORIENTED_EDGE('',*,*,#7783,.T.);
#7783 = EDGE_CURVE('',#7776,#7784,#7786,.T.);
#7784 = VERTEX_POINT('',#7785);
#7785 = CARTESIAN_POINT('',(207.5,190.9,18.6));
#7786 = LINE('',#7787,#7788);
#7787 = CARTESIAN_POINT('',(207.5,178.85,18.6));
#7788 = VECTOR('',#7789,1.);
#7789 = DIRECTION('',(1.110223024625E-16,1.,0.));
#7790 = ORIENTED_EDGE('',*,*,#7791,.F.);
#7791 = EDGE_CURVE('',#7768,#7784,#7792,.T.);
#7792 = LINE('',#7793,#7794);
#7793 = CARTESIAN_POINT('',(207.5,190.9,17.35));
#7794 = VECTOR('',#7795,1.);
#7795 = DIRECTION('',(-0.,0.,-1.));
#7796 = PLANE('',#7797);
#7797 = AXIS2_PLACEMENT_3D('',#7798,#7799,#7800);
#7798 = CARTESIAN_POINT('',(207.5,177.6,16.1));
#7799 = DIRECTION('',(-1.,1.110223024625E-16,0.));
#7800 = DIRECTION('',(0.,0.,1.));
#7801 = ADVANCED_FACE('',(#7802),#7821,.F.);
#7802 = FACE_BOUND('',#7803,.F.);
#7803 = EDGE_LOOP('',(#7804,#7805,#7813,#7820));
#7804 = ORIENTED_EDGE('',*,*,#7043,.F.);
#7805 = ORIENTED_EDGE('',*,*,#7806,.F.);
#7806 = EDGE_CURVE('',#7807,#7044,#7809,.T.);
#7807 = VERTEX_POINT('',#7808);
#7808 = CARTESIAN_POINT('',(194.5,186.6,31.4));
#7809 = LINE('',#7810,#7811);
#7810 = CARTESIAN_POINT('',(194.5,186.6,25.));
#7811 = VECTOR('',#7812,1.);
#7812 = DIRECTION('',(0.,0.,1.));
#7813 = ORIENTED_EDGE('',*,*,#7814,.T.);
#7814 = EDGE_CURVE('',#7807,#7807,#7815,.T.);
#7815 = CIRCLE('',#7816,1.1);
#7816 = AXIS2_PLACEMENT_3D('',#7817,#7818,#7819);
#7817 = CARTESIAN_POINT('',(194.5,185.5,31.4));
#7818 = DIRECTION('',(0.,-0.,1.));
#7819 = DIRECTION('',(1.110223024625E-16,1.,0.));
#7820 = ORIENTED_EDGE('',*,*,#7806,.T.);
#7821 = CYLINDRICAL_SURFACE('',#7822,1.1);
#7822 = AXIS2_PLACEMENT_3D('',#7823,#7824,#7825);
#7823 = CARTESIAN_POINT('',(194.5,185.5,25.));
#7824 = DIRECTION('',(0.,0.,1.));
#7825 = DIRECTION('',(1.110223024625E-16,1.,0.));
#7826 = ADVANCED_FACE('',(#7827),#7833,.F.);
#7827 = FACE_BOUND('',#7828,.F.);
#7828 = EDGE_LOOP('',(#7829,#7830,#7831,#7832));
#7829 = ORIENTED_EDGE('',*,*,#7140,.T.);
#7830 = ORIENTED_EDGE('',*,*,#7416,.F.);
#7831 = ORIENTED_EDGE('',*,*,#7304,.T.);
#7832 = ORIENTED_EDGE('',*,*,#7126,.T.);
#7833 = PLANE('',#7834);
#7834 = AXIS2_PLACEMENT_3D('',#7835,#7836,#7837);
#7835 = CARTESIAN_POINT('',(178.5,77.5,27.));
#7836 = DIRECTION('',(-1.,1.110223024625E-16,0.));
#7837 = DIRECTION('',(0.,0.,1.));
#7838 = ADVANCED_FACE('',(#7839),#7850,.T.);
#7839 = FACE_BOUND('',#7840,.T.);
#7840 = EDGE_LOOP('',(#7841,#7842,#7843,#7844));
#7841 = ORIENTED_EDGE('',*,*,#7201,.F.);
#7842 = ORIENTED_EDGE('',*,*,#7233,.T.);
#7843 = ORIENTED_EDGE('',*,*,#7272,.T.);
#7844 = ORIENTED_EDGE('',*,*,#7845,.F.);
#7845 = EDGE_CURVE('',#7194,#7265,#7846,.T.);
#7846 = LINE('',#7847,#7848);
#7847 = CARTESIAN_POINT('',(124.7,87.5,18.5));
#7848 = VECTOR('',#7849,1.);
#7849 = DIRECTION('',(1.110223024625E-16,1.,0.));
#7850 = PLANE('',#7851);
#7851 = AXIS2_PLACEMENT_3D('',#7852,#7853,#7854);
#7852 = CARTESIAN_POINT('',(178.5,87.5,18.5));
#7853 = DIRECTION('',(0.,0.,1.));
#7854 = DIRECTION('',(1.110223024625E-16,1.,0.));
#7855 = ADVANCED_FACE('',(#7856,#7890,#7901,#7968,#7979),#7990,.F.);
#7856 = FACE_BOUND('',#7857,.F.);
#7857 = EDGE_LOOP('',(#7858,#7868,#7876,#7884));
#7858 = ORIENTED_EDGE('',*,*,#7859,.F.);
#7859 = EDGE_CURVE('',#7860,#7862,#7864,.T.);
#7860 = VERTEX_POINT('',#7861);
#7861 = CARTESIAN_POINT('',(123.5,71.5,0.));
#7862 = VERTEX_POINT('',#7863);
#7863 = CARTESIAN_POINT('',(123.5,191.5,0.));
#7864 = LINE('',#7865,#7866);
#7865 = CARTESIAN_POINT('',(123.5,71.5,0.));
#7866 = VECTOR('',#7867,1.);
#7867 = DIRECTION('',(1.110223024625E-16,1.,0.));
#7868 = ORIENTED_EDGE('',*,*,#7869,.T.);
#7869 = EDGE_CURVE('',#7860,#7870,#7872,.T.);
#7870 = VERTEX_POINT('',#7871);
#7871 = CARTESIAN_POINT('',(123.5,71.5,35.));
#7872 = LINE('',#7873,#7874);
#7873 = CARTESIAN_POINT('',(123.5,71.5,0.));
#7874 = VECTOR('',#7875,1.);
#7875 = DIRECTION('',(0.,0.,1.));
#7876 = ORIENTED_EDGE('',*,*,#7877,.T.);
#7877 = EDGE_CURVE('',#7870,#7878,#7880,.T.);
#7878 = VERTEX_POINT('',#7879);
#7879 = CARTESIAN_POINT('',(123.5,191.5,35.));
#7880 = LINE('',#7881,#7882);
#7881 = CARTESIAN_POINT('',(123.5,71.5,35.));
#7882 = VECTOR('',#7883,1.);
#7883 = DIRECTION('',(1.110223024625E-16,1.,0.));
#7884 = ORIENTED_EDGE('',*,*,#7885,.F.);
#7885 = EDGE_CURVE('',#7862,#7878,#7886,.T.);
#7886 = LINE('',#7887,#7888);
#7887 = CARTESIAN_POINT('',(123.5,191.5,0.));
#7888 = VECTOR('',#7889,1.);
#7889 = DIRECTION('',(0.,0.,1.));
#7890 = FACE_BOUND('',#7891,.F.);
#7891 = EDGE_LOOP('',(#7892));
#7892 = ORIENTED_EDGE('',*,*,#7893,.F.);
#7893 = EDGE_CURVE('',#7894,#7894,#7896,.T.);
#7894 = VERTEX_POINT('',#7895);
#7895 = CARTESIAN_POINT('',(123.5,95.5,8.6));
#7896 = CIRCLE('',#7897,1.6);
#7897 = AXIS2_PLACEMENT_3D('',#7898,#7899,#7900);
#7898 = CARTESIAN_POINT('',(123.5,95.5,7.));
#7899 = DIRECTION('',(-1.,1.110223024625E-16,0.));
#7900 = DIRECTION('',(0.,0.,1.));
#7901 = FACE_BOUND('',#7902,.F.);
#7902 = EDGE_LOOP('',(#7903,#7912,#7920,#7927,#7928,#7937,#7945,#7953,
    #7961,#7967));
#7903 = ORIENTED_EDGE('',*,*,#7904,.F.);
#7904 = EDGE_CURVE('',#7905,#7321,#7907,.T.);
#7905 = VERTEX_POINT('',#7906);
#7906 = CARTESIAN_POINT('',(123.5,77.5,22.75));
#7907 = CIRCLE('',#7908,2.25);
#7908 = AXIS2_PLACEMENT_3D('',#7909,#7910,#7911);
#7909 = CARTESIAN_POINT('',(123.5,77.5,25.));
#7910 = DIRECTION('',(-1.,1.110223024625E-16,0.));
#7911 = DIRECTION('',(0.,0.,1.));
#7912 = ORIENTED_EDGE('',*,*,#7913,.T.);
#7913 = EDGE_CURVE('',#7905,#7914,#7916,.T.);
#7914 = VERTEX_POINT('',#7915);
#7915 = CARTESIAN_POINT('',(123.5,85.5,22.75));
#7916 = LINE('',#7917,#7918);
#7917 = CARTESIAN_POINT('',(123.5,74.5,22.75));
#7918 = VECTOR('',#7919,1.);
#7919 = DIRECTION('',(1.110223024625E-16,1.,0.));
#7920 = ORIENTED_EDGE('',*,*,#7921,.F.);
#7921 = EDGE_CURVE('',#7408,#7914,#7922,.T.);
#7922 = CIRCLE('',#7923,2.25);
#7923 = AXIS2_PLACEMENT_3D('',#7924,#7925,#7926);
#7924 = CARTESIAN_POINT('',(123.5,85.5,25.));
#7925 = DIRECTION('',(-1.,1.110223024625E-16,0.));
#7926 = DIRECTION('',(0.,0.,1.));
#7927 = ORIENTED_EDGE('',*,*,#7527,.T.);
#7928 = ORIENTED_EDGE('',*,*,#7929,.F.);
#7929 = EDGE_CURVE('',#7930,#7520,#7932,.T.);
#7930 = VERTEX_POINT('',#7931);
#7931 = CARTESIAN_POINT('',(123.5,185.5,27.2));
#7932 = CIRCLE('',#7933,2.2);
#7933 = AXIS2_PLACEMENT_3D('',#7934,#7935,#7936);
#7934 = CARTESIAN_POINT('',(123.5,185.5,25.));
#7935 = DIRECTION('',(-1.,1.110223024625E-16,0.));
#7936 = DIRECTION('',(0.,0.,1.));
#7937 = ORIENTED_EDGE('',*,*,#7938,.T.);
#7938 = EDGE_CURVE('',#7930,#7939,#7941,.T.);
#7939 = VERTEX_POINT('',#7940);
#7940 = CARTESIAN_POINT('',(123.5,185.5,28.8));
#7941 = LINE('',#7942,#7943);
#7942 = CARTESIAN_POINT('',(123.5,185.5,27.));
#7943 = VECTOR('',#7944,1.);
#7944 = DIRECTION('',(0.,0.,1.));
#7945 = ORIENTED_EDGE('',*,*,#7946,.T.);
#7946 = EDGE_CURVE('',#7939,#7947,#7949,.T.);
#7947 = VERTEX_POINT('',#7948);
#7948 = CARTESIAN_POINT('',(123.5,184.3,30.));
#7949 = LINE('',#7950,#7951);
#7950 = CARTESIAN_POINT('',(123.5,158.65,55.65));
#7951 = VECTOR('',#7952,1.);
#7952 = DIRECTION('',(-7.850462293419E-17,-0.707106781187,0.707106781187
    ));
#7953 = ORIENTED_EDGE('',*,*,#7954,.F.);
#7954 = EDGE_CURVE('',#7955,#7947,#7957,.T.);
#7955 = VERTEX_POINT('',#7956);
#7956 = CARTESIAN_POINT('',(123.5,78.7,30.));
#7957 = LINE('',#7958,#7959);
#7958 = CARTESIAN_POINT('',(123.5,77.5,30.));
#7959 = VECTOR('',#7960,1.);
#7960 = DIRECTION('',(1.110223024625E-16,1.,0.));
#7961 = ORIENTED_EDGE('',*,*,#7962,.F.);
#7962 = EDGE_CURVE('',#7329,#7955,#7963,.T.);
#7963 = LINE('',#7964,#7965);
#7964 = CARTESIAN_POINT('',(123.5,77.35,28.65));
#7965 = VECTOR('',#7966,1.);
#7966 = DIRECTION('',(7.850462293419E-17,0.707106781187,0.707106781187)
  );
#7967 = ORIENTED_EDGE('',*,*,#7328,.F.);
#7968 = FACE_BOUND('',#7969,.F.);
#7969 = EDGE_LOOP('',(#7970,#7971,#7972,#7973));
#7970 = ORIENTED_EDGE('',*,*,#7185,.F.);
#7971 = ORIENTED_EDGE('',*,*,#7290,.T.);
#7972 = ORIENTED_EDGE('',*,*,#7256,.T.);
#7973 = ORIENTED_EDGE('',*,*,#7974,.F.);
#7974 = EDGE_CURVE('',#7186,#7257,#7975,.T.);
#7975 = LINE('',#7976,#7977);
#7976 = CARTESIAN_POINT('',(123.5,87.5,17.3));
#7977 = VECTOR('',#7978,1.);
#7978 = DIRECTION('',(1.110223024625E-16,1.,0.));
#7979 = FACE_BOUND('',#7980,.F.);
#7980 = EDGE_LOOP('',(#7981));
#7981 = ORIENTED_EDGE('',*,*,#7982,.F.);
#7982 = EDGE_CURVE('',#7983,#7983,#7985,.T.);
#7983 = VERTEX_POINT('',#7984);
#7984 = CARTESIAN_POINT('',(123.5,167.5,8.6));
#7985 = CIRCLE('',#7986,1.6);
#7986 = AXIS2_PLACEMENT_3D('',#7987,#7988,#7989);
#7987 = CARTESIAN_POINT('',(123.5,167.5,7.));
#7988 = DIRECTION('',(-1.,1.110223024625E-16,0.));
#7989 = DIRECTION('',(0.,0.,1.));
#7990 = PLANE('',#7991);
#7991 = AXIS2_PLACEMENT_3D('',#7992,#7993,#7994);
#7992 = CARTESIAN_POINT('',(123.5,71.5,0.));
#7993 = DIRECTION('',(-1.,1.110223024625E-16,0.));
#7994 = DIRECTION('',(0.,0.,1.));
#7995 = ADVANCED_FACE('',(#7996),#8002,.T.);
#7996 = FACE_BOUND('',#7997,.F.);
#7997 = EDGE_LOOP('',(#7998,#7999,#8000,#8001));
#7998 = ORIENTED_EDGE('',*,*,#7193,.F.);
#7999 = ORIENTED_EDGE('',*,*,#7974,.T.);
#8000 = ORIENTED_EDGE('',*,*,#7264,.T.);
#8001 = ORIENTED_EDGE('',*,*,#7845,.F.);
#8002 = PLANE('',#8003);
#8003 = AXIS2_PLACEMENT_3D('',#8004,#8005,#8006);
#8004 = CARTESIAN_POINT('',(124.1,87.5,17.9));
#8005 = DIRECTION('',(-0.707106781187,6.442841347715E-17,0.707106781187)
  );
#8006 = DIRECTION('',(-1.01068919302E-16,-1.,-9.953383160478E-18));
#8007 = ADVANCED_FACE('',(#8008),#8037,.F.);
#8008 = FACE_BOUND('',#8009,.F.);
#8009 = EDGE_LOOP('',(#8010,#8019,#8026,#8027,#8028,#8029,#8036));
#8010 = ORIENTED_EDGE('',*,*,#8011,.T.);
#8011 = EDGE_CURVE('',#7554,#8012,#8014,.T.);
#8012 = VERTEX_POINT('',#8013);
#8013 = CARTESIAN_POINT('',(177.5,77.5,31.5));
#8014 = CIRCLE('',#8015,6.5);
#8015 = AXIS2_PLACEMENT_3D('',#8016,#8017,#8018);
#8016 = CARTESIAN_POINT('',(177.5,77.5,25.));
#8017 = DIRECTION('',(-1.,1.110223024625E-16,0.));
#8018 = DIRECTION('',(0.,0.,1.));
#8019 = ORIENTED_EDGE('',*,*,#8020,.T.);
#8020 = EDGE_CURVE('',#8012,#7618,#8021,.T.);
#8021 = CIRCLE('',#8022,6.5);
#8022 = AXIS2_PLACEMENT_3D('',#8023,#8024,#8025);
#8023 = CARTESIAN_POINT('',(177.5,77.5,25.));
#8024 = DIRECTION('',(-1.,1.110223024625E-16,0.));
#8025 = DIRECTION('',(0.,0.,1.));
#8026 = ORIENTED_EDGE('',*,*,#7625,.F.);
#8027 = ORIENTED_EDGE('',*,*,#7385,.T.);
#8028 = ORIENTED_EDGE('',*,*,#7360,.T.);
#8029 = ORIENTED_EDGE('',*,*,#8030,.F.);
#8030 = EDGE_CURVE('',#7562,#7353,#8031,.T.);
#8031 = CIRCLE('',#8032,2.2);
#8032 = AXIS2_PLACEMENT_3D('',#8033,#8034,#8035);
#8033 = CARTESIAN_POINT('',(177.5,77.5,25.));
#8034 = DIRECTION('',(-1.,1.110223024625E-16,0.));
#8035 = DIRECTION('',(0.,0.,1.));
#8036 = ORIENTED_EDGE('',*,*,#7561,.T.);
#8037 = PLANE('',#8038);
#8038 = AXIS2_PLACEMENT_3D('',#8039,#8040,#8041);
#8039 = CARTESIAN_POINT('',(177.5,77.5,25.));
#8040 = DIRECTION('',(-1.,1.110223024625E-16,0.));
#8041 = DIRECTION('',(0.,0.,1.));
#8042 = ADVANCED_FACE('',(#8043),#8055,.F.);
#8043 = FACE_BOUND('',#8044,.F.);
#8044 = EDGE_LOOP('',(#8045,#8046,#8053,#8054));
#8045 = ORIENTED_EDGE('',*,*,#7352,.T.);
#8046 = ORIENTED_EDGE('',*,*,#8047,.F.);
#8047 = EDGE_CURVE('',#7570,#7345,#8048,.T.);
#8048 = CIRCLE('',#8049,2.2);
#8049 = AXIS2_PLACEMENT_3D('',#8050,#8051,#8052);
#8050 = CARTESIAN_POINT('',(124.5,77.5,25.));
#8051 = DIRECTION('',(-1.,1.110223024625E-16,0.));
#8052 = DIRECTION('',(0.,0.,1.));
#8053 = ORIENTED_EDGE('',*,*,#7569,.F.);
#8054 = ORIENTED_EDGE('',*,*,#8030,.T.);
#8055 = CYLINDRICAL_SURFACE('',#8056,2.2);
#8056 = AXIS2_PLACEMENT_3D('',#8057,#8058,#8059);
#8057 = CARTESIAN_POINT('',(178.5,77.5,25.));
#8058 = DIRECTION('',(-1.,1.110223024625E-16,0.));
#8059 = DIRECTION('',(0.,0.,1.));
#8060 = ADVANCED_FACE('',(#8061),#8098,.T.);
#8061 = FACE_BOUND('',#8062,.T.);
#8062 = EDGE_LOOP('',(#8063,#8072,#8081,#8089,#8095,#8096,#8097));
#8063 = ORIENTED_EDGE('',*,*,#8064,.T.);
#8064 = EDGE_CURVE('',#7578,#8065,#8067,.T.);
#8065 = VERTEX_POINT('',#8066);
#8066 = CARTESIAN_POINT('',(124.5,77.5,31.5));
#8067 = CIRCLE('',#8068,6.5);
#8068 = AXIS2_PLACEMENT_3D('',#8069,#8070,#8071);
#8069 = CARTESIAN_POINT('',(124.5,77.5,25.));
#8070 = DIRECTION('',(-1.,1.110223024625E-16,0.));
#8071 = DIRECTION('',(0.,0.,1.));
#8072 = ORIENTED_EDGE('',*,*,#8073,.T.);
#8073 = EDGE_CURVE('',#8065,#8074,#8076,.T.);
#8074 = VERTEX_POINT('',#8075);
#8075 = CARTESIAN_POINT('',(124.5,81.653311931459,30.));
#8076 = CIRCLE('',#8077,6.5);
#8077 = AXIS2_PLACEMENT_3D('',#8078,#8079,#8080);
#8078 = CARTESIAN_POINT('',(124.5,77.5,25.));
#8079 = DIRECTION('',(-1.,1.110223024625E-16,0.));
#8080 = DIRECTION('',(0.,0.,1.));
#8081 = ORIENTED_EDGE('',*,*,#8082,.F.);
#8082 = EDGE_CURVE('',#8083,#8074,#8085,.T.);
#8083 = VERTEX_POINT('',#8084);
#8084 = CARTESIAN_POINT('',(124.5,78.7,30.));
#8085 = LINE('',#8086,#8087);
#8086 = CARTESIAN_POINT('',(124.5,77.5,30.));
#8087 = VECTOR('',#8088,1.);
#8088 = DIRECTION('',(1.110223024625E-16,1.,0.));
#8089 = ORIENTED_EDGE('',*,*,#8090,.T.);
#8090 = EDGE_CURVE('',#8083,#7337,#8091,.T.);
#8091 = LINE('',#8092,#8093);
#8092 = CARTESIAN_POINT('',(124.5,76.85,28.15));
#8093 = VECTOR('',#8094,1.);
#8094 = DIRECTION('',(-7.850462293419E-17,-0.707106781187,
    -0.707106781187));
#8095 = ORIENTED_EDGE('',*,*,#7344,.T.);
#8096 = ORIENTED_EDGE('',*,*,#8047,.F.);
#8097 = ORIENTED_EDGE('',*,*,#7577,.T.);
#8098 = PLANE('',#8099);
#8099 = AXIS2_PLACEMENT_3D('',#8100,#8101,#8102);
#8100 = CARTESIAN_POINT('',(124.5,77.5,25.));
#8101 = DIRECTION('',(-1.,1.110223024625E-16,0.));
#8102 = DIRECTION('',(0.,0.,1.));
#8103 = ADVANCED_FACE('',(#8104),#8115,.F.);
#8104 = FACE_BOUND('',#8105,.F.);
#8105 = EDGE_LOOP('',(#8106,#8107,#8108,#8109));
#8106 = ORIENTED_EDGE('',*,*,#8090,.T.);
#8107 = ORIENTED_EDGE('',*,*,#7336,.T.);
#8108 = ORIENTED_EDGE('',*,*,#7962,.T.);
#8109 = ORIENTED_EDGE('',*,*,#8110,.F.);
#8110 = EDGE_CURVE('',#8083,#7955,#8111,.T.);
#8111 = LINE('',#8112,#8113);
#8112 = CARTESIAN_POINT('',(178.5,78.7,30.));
#8113 = VECTOR('',#8114,1.);
#8114 = DIRECTION('',(-1.,1.110223024625E-16,0.));
#8115 = PLANE('',#8116);
#8116 = AXIS2_PLACEMENT_3D('',#8117,#8118,#8119);
#8117 = CARTESIAN_POINT('',(178.5,78.1,29.4));
#8118 = DIRECTION('',(7.850462293419E-17,0.707106781187,-0.707106781187)
  );
#8119 = DIRECTION('',(-1.,1.110223024625E-16,0.));
#8120 = ADVANCED_FACE('',(#8121),#8140,.T.);
#8121 = FACE_BOUND('',#8122,.T.);
#8122 = EDGE_LOOP('',(#8123,#8132,#8133,#8134));
#8123 = ORIENTED_EDGE('',*,*,#8124,.T.);
#8124 = EDGE_CURVE('',#8125,#7408,#8127,.T.);
#8125 = VERTEX_POINT('',#8126);
#8126 = CARTESIAN_POINT('',(123.5,85.5,27.25));
#8127 = CIRCLE('',#8128,2.25);
#8128 = AXIS2_PLACEMENT_3D('',#8129,#8130,#8131);
#8129 = CARTESIAN_POINT('',(123.5,85.5,25.));
#8130 = DIRECTION('',(-1.,1.110223024625E-16,0.));
#8131 = DIRECTION('',(0.,0.,1.));
#8132 = ORIENTED_EDGE('',*,*,#7407,.F.);
#8133 = ORIENTED_EDGE('',*,*,#7320,.T.);
#8134 = ORIENTED_EDGE('',*,*,#8135,.T.);
#8135 = EDGE_CURVE('',#7321,#8125,#8136,.T.);
#8136 = LINE('',#8137,#8138);
#8137 = CARTESIAN_POINT('',(123.5,74.5,27.25));
#8138 = VECTOR('',#8139,1.);
#8139 = DIRECTION('',(1.110223024625E-16,1.,0.));
#8140 = PLANE('',#8141);
#8141 = AXIS2_PLACEMENT_3D('',#8142,#8143,#8144);
#8142 = CARTESIAN_POINT('',(123.5,77.5,27.));
#8143 = DIRECTION('',(-1.,1.110223024625E-16,0.));
#8144 = DIRECTION('',(0.,0.,1.));
#8145 = ADVANCED_FACE('',(#8146),#8162,.T.);
#8146 = FACE_BOUND('',#8147,.T.);
#8147 = EDGE_LOOP('',(#8148,#8154,#8155));
#8148 = ORIENTED_EDGE('',*,*,#8149,.F.);
#8149 = EDGE_CURVE('',#7512,#7930,#8150,.T.);
#8150 = LINE('',#8151,#8152);
#8151 = CARTESIAN_POINT('',(123.5,185.5,27.));
#8152 = VECTOR('',#8153,1.);
#8153 = DIRECTION('',(0.,0.,1.));
#8154 = ORIENTED_EDGE('',*,*,#7519,.F.);
#8155 = ORIENTED_EDGE('',*,*,#8156,.T.);
#8156 = EDGE_CURVE('',#7520,#7930,#8157,.T.);
#8157 = CIRCLE('',#8158,2.2);
#8158 = AXIS2_PLACEMENT_3D('',#8159,#8160,#8161);
#8159 = CARTESIAN_POINT('',(123.5,185.5,25.));
#8160 = DIRECTION('',(-1.,1.110223024625E-16,0.));
#8161 = DIRECTION('',(0.,0.,1.));
#8162 = PLANE('',#8163);
#8163 = AXIS2_PLACEMENT_3D('',#8164,#8165,#8166);
#8164 = CARTESIAN_POINT('',(123.5,77.5,27.));
#8165 = DIRECTION('',(-1.,1.110223024625E-16,0.));
#8166 = DIRECTION('',(0.,0.,1.));
#8167 = ADVANCED_FACE('',(#8168),#8203,.T.);
#8168 = FACE_BOUND('',#8169,.T.);
#8169 = EDGE_LOOP('',(#8170,#8178,#8179,#8180,#8181,#8189,#8197));
#8170 = ORIENTED_EDGE('',*,*,#8171,.T.);
#8171 = EDGE_CURVE('',#8172,#7504,#8174,.T.);
#8172 = VERTEX_POINT('',#8173);
#8173 = CARTESIAN_POINT('',(169.5,185.5,27.2));
#8174 = LINE('',#8175,#8176);
#8175 = CARTESIAN_POINT('',(169.5,185.5,26.));
#8176 = VECTOR('',#8177,1.);
#8177 = DIRECTION('',(-0.,0.,-1.));
#8178 = ORIENTED_EDGE('',*,*,#7511,.T.);
#8179 = ORIENTED_EDGE('',*,*,#8149,.T.);
#8180 = ORIENTED_EDGE('',*,*,#7938,.T.);
#8181 = ORIENTED_EDGE('',*,*,#8182,.F.);
#8182 = EDGE_CURVE('',#8183,#7939,#8185,.T.);
#8183 = VERTEX_POINT('',#8184);
#8184 = CARTESIAN_POINT('',(124.5,185.5,28.8));
#8185 = LINE('',#8186,#8187);
#8186 = CARTESIAN_POINT('',(178.5,185.5,28.8));
#8187 = VECTOR('',#8188,1.);
#8188 = DIRECTION('',(-1.,1.110223024625E-16,0.));
#8189 = ORIENTED_EDGE('',*,*,#8190,.T.);
#8190 = EDGE_CURVE('',#8183,#8191,#8193,.T.);
#8191 = VERTEX_POINT('',#8192);
#8192 = CARTESIAN_POINT('',(124.5,185.5,27.2));
#8193 = LINE('',#8194,#8195);
#8194 = CARTESIAN_POINT('',(124.5,185.5,26.));
#8195 = VECTOR('',#8196,1.);
#8196 = DIRECTION('',(-0.,0.,-1.));
#8197 = ORIENTED_EDGE('',*,*,#8198,.F.);
#8198 = EDGE_CURVE('',#8172,#8191,#8199,.T.);
#8199 = LINE('',#8200,#8201);
#8200 = CARTESIAN_POINT('',(169.5,185.5,27.2));
#8201 = VECTOR('',#8202,1.);
#8202 = DIRECTION('',(-1.,1.110223024625E-16,0.));
#8203 = PLANE('',#8204);
#8204 = AXIS2_PLACEMENT_3D('',#8205,#8206,#8207);
#8205 = CARTESIAN_POINT('',(178.5,185.5,27.));
#8206 = DIRECTION('',(1.110223024625E-16,1.,0.));
#8207 = DIRECTION('',(0.,0.,1.));
#8208 = ADVANCED_FACE('',(#8209),#8220,.T.);
#8209 = FACE_BOUND('',#8210,.T.);
#8210 = EDGE_LOOP('',(#8211,#8212,#8219));
#8211 = ORIENTED_EDGE('',*,*,#8171,.F.);
#8212 = ORIENTED_EDGE('',*,*,#8213,.T.);
#8213 = EDGE_CURVE('',#8172,#7496,#8214,.T.);
#8214 = CIRCLE('',#8215,2.2);
#8215 = AXIS2_PLACEMENT_3D('',#8216,#8217,#8218);
#8216 = CARTESIAN_POINT('',(169.5,185.5,25.));
#8217 = DIRECTION('',(-1.,1.110223024625E-16,0.));
#8218 = DIRECTION('',(0.,0.,1.));
#8219 = ORIENTED_EDGE('',*,*,#7503,.T.);
#8220 = PLANE('',#8221);
#8221 = AXIS2_PLACEMENT_3D('',#8222,#8223,#8224);
#8222 = CARTESIAN_POINT('',(169.5,185.5,25.));
#8223 = DIRECTION('',(-1.,1.110223024625E-16,0.));
#8224 = DIRECTION('',(0.,0.,1.));
#8225 = ADVANCED_FACE('',(#8226),#8238,.F.);
#8226 = FACE_BOUND('',#8227,.F.);
#8227 = EDGE_LOOP('',(#8228,#8235,#8236,#8237));
#8228 = ORIENTED_EDGE('',*,*,#8229,.F.);
#8229 = EDGE_CURVE('',#8191,#7488,#8230,.T.);
#8230 = CIRCLE('',#8231,2.2);
#8231 = AXIS2_PLACEMENT_3D('',#8232,#8233,#8234);
#8232 = CARTESIAN_POINT('',(124.5,185.5,25.));
#8233 = DIRECTION('',(-1.,1.110223024625E-16,0.));
#8234 = DIRECTION('',(0.,0.,1.));
#8235 = ORIENTED_EDGE('',*,*,#8198,.F.);
#8236 = ORIENTED_EDGE('',*,*,#8213,.T.);
#8237 = ORIENTED_EDGE('',*,*,#7495,.T.);
#8238 = CYLINDRICAL_SURFACE('',#8239,2.2);
#8239 = AXIS2_PLACEMENT_3D('',#8240,#8241,#8242);
#8240 = CARTESIAN_POINT('',(169.5,185.5,25.));
#8241 = DIRECTION('',(-1.,1.110223024625E-16,0.));
#8242 = DIRECTION('',(0.,0.,1.));
#8243 = ADVANCED_FACE('',(#8244),#8281,.T.);
#8244 = FACE_BOUND('',#8245,.T.);
#8245 = EDGE_LOOP('',(#8246,#8257,#8264,#8265,#8266,#8267,#8275));
#8246 = ORIENTED_EDGE('',*,*,#8247,.T.);
#8247 = EDGE_CURVE('',#8248,#8250,#8252,.T.);
#8248 = VERTEX_POINT('',#8249);
#8249 = CARTESIAN_POINT('',(124.5,181.34668806854,30.));
#8250 = VERTEX_POINT('',#8251);
#8251 = CARTESIAN_POINT('',(124.5,185.5,31.5));
#8252 = CIRCLE('',#8253,6.5);
#8253 = AXIS2_PLACEMENT_3D('',#8254,#8255,#8256);
#8254 = CARTESIAN_POINT('',(124.5,185.5,25.));
#8255 = DIRECTION('',(-1.,1.110223024625E-16,0.));
#8256 = DIRECTION('',(0.,0.,1.));
#8257 = ORIENTED_EDGE('',*,*,#8258,.T.);
#8258 = EDGE_CURVE('',#8250,#7480,#8259,.T.);
#8259 = CIRCLE('',#8260,6.5);
#8260 = AXIS2_PLACEMENT_3D('',#8261,#8262,#8263);
#8261 = CARTESIAN_POINT('',(124.5,185.5,25.));
#8262 = DIRECTION('',(-1.,1.110223024625E-16,0.));
#8263 = DIRECTION('',(0.,0.,1.));
#8264 = ORIENTED_EDGE('',*,*,#7487,.T.);
#8265 = ORIENTED_EDGE('',*,*,#8229,.F.);
#8266 = ORIENTED_EDGE('',*,*,#8190,.F.);
#8267 = ORIENTED_EDGE('',*,*,#8268,.F.);
#8268 = EDGE_CURVE('',#8269,#8183,#8271,.T.);
#8269 = VERTEX_POINT('',#8270);
#8270 = CARTESIAN_POINT('',(124.5,184.3,30.));
#8271 = LINE('',#8272,#8273);
#8272 = CARTESIAN_POINT('',(124.5,186.15,28.15));
#8273 = VECTOR('',#8274,1.);
#8274 = DIRECTION('',(7.850462293419E-17,0.707106781187,-0.707106781187)
  );
#8275 = ORIENTED_EDGE('',*,*,#8276,.F.);
#8276 = EDGE_CURVE('',#8248,#8269,#8277,.T.);
#8277 = LINE('',#8278,#8279);
#8278 = CARTESIAN_POINT('',(124.5,131.5,30.));
#8279 = VECTOR('',#8280,1.);
#8280 = DIRECTION('',(1.110223024625E-16,1.,0.));
#8281 = PLANE('',#8282);
#8282 = AXIS2_PLACEMENT_3D('',#8283,#8284,#8285);
#8283 = CARTESIAN_POINT('',(124.5,185.5,25.));
#8284 = DIRECTION('',(-1.,1.110223024625E-16,0.));
#8285 = DIRECTION('',(0.,0.,1.));
#8286 = ADVANCED_FACE('',(#8287),#8324,.T.);
#8287 = FACE_BOUND('',#8288,.T.);
#8288 = EDGE_LOOP('',(#8289,#8290,#8298,#8307,#8316,#8323));
#8289 = ORIENTED_EDGE('',*,*,#8258,.F.);
#8290 = ORIENTED_EDGE('',*,*,#8291,.F.);
#8291 = EDGE_CURVE('',#8292,#8250,#8294,.T.);
#8292 = VERTEX_POINT('',#8293);
#8293 = CARTESIAN_POINT('',(126.,185.5,31.5));
#8294 = LINE('',#8295,#8296);
#8295 = CARTESIAN_POINT('',(126.,185.5,31.5));
#8296 = VECTOR('',#8297,1.);
#8297 = DIRECTION('',(-1.,1.110223024625E-16,0.));
#8298 = ORIENTED_EDGE('',*,*,#8299,.T.);
#8299 = EDGE_CURVE('',#8292,#8300,#8302,.T.);
#8300 = VERTEX_POINT('',#8301);
#8301 = CARTESIAN_POINT('',(126.,183.,19.));
#8302 = CIRCLE('',#8303,6.5);
#8303 = AXIS2_PLACEMENT_3D('',#8304,#8305,#8306);
#8304 = CARTESIAN_POINT('',(126.,185.5,25.));
#8305 = DIRECTION('',(-1.,1.110223024625E-16,0.));
#8306 = DIRECTION('',(0.,0.,1.));
#8307 = ORIENTED_EDGE('',*,*,#8308,.T.);
#8308 = EDGE_CURVE('',#8300,#8309,#8311,.T.);
#8309 = VERTEX_POINT('',#8310);
#8310 = CARTESIAN_POINT('',(126.,181.34668806854,20.));
#8311 = CIRCLE('',#8312,6.5);
#8312 = AXIS2_PLACEMENT_3D('',#8313,#8314,#8315);
#8313 = CARTESIAN_POINT('',(126.,185.5,25.));
#8314 = DIRECTION('',(-1.,1.110223024625E-16,0.));
#8315 = DIRECTION('',(0.,0.,1.));
#8316 = ORIENTED_EDGE('',*,*,#8317,.T.);
#8317 = EDGE_CURVE('',#8309,#7472,#8318,.T.);
#8318 = CIRCLE('',#8319,6.5);
#8319 = AXIS2_PLACEMENT_3D('',#8320,#8321,#8322);
#8320 = CARTESIAN_POINT('',(126.,185.5,25.));
#8321 = DIRECTION('',(-1.,1.110223024625E-16,0.));
#8322 = DIRECTION('',(0.,0.,1.));
#8323 = ORIENTED_EDGE('',*,*,#7479,.T.);
#8324 = CYLINDRICAL_SURFACE('',#8325,6.5);
#8325 = AXIS2_PLACEMENT_3D('',#8326,#8327,#8328);
#8326 = CARTESIAN_POINT('',(126.,185.5,25.));
#8327 = DIRECTION('',(-1.,1.110223024625E-16,0.));
#8328 = DIRECTION('',(0.,0.,1.));
#8329 = ADVANCED_FACE('',(#8330),#8357,.F.);
#8330 = FACE_BOUND('',#8331,.F.);
#8331 = EDGE_LOOP('',(#8332,#8340,#8341,#8342,#8351));
#8332 = ORIENTED_EDGE('',*,*,#8333,.T.);
#8333 = EDGE_CURVE('',#8334,#8309,#8336,.T.);
#8334 = VERTEX_POINT('',#8335);
#8335 = CARTESIAN_POINT('',(126.,182.18337520964,20.));
#8336 = LINE('',#8337,#8338);
#8337 = CARTESIAN_POINT('',(126.,185.5,20.));
#8338 = VECTOR('',#8339,1.);
#8339 = DIRECTION('',(-1.110223024625E-16,-1.,0.));
#8340 = ORIENTED_EDGE('',*,*,#8317,.T.);
#8341 = ORIENTED_EDGE('',*,*,#7471,.T.);
#8342 = ORIENTED_EDGE('',*,*,#8343,.F.);
#8343 = EDGE_CURVE('',#8344,#7464,#8346,.T.);
#8344 = VERTEX_POINT('',#8345);
#8345 = CARTESIAN_POINT('',(126.,185.5,20.));
#8346 = CIRCLE('',#8347,5.);
#8347 = AXIS2_PLACEMENT_3D('',#8348,#8349,#8350);
#8348 = CARTESIAN_POINT('',(126.,185.5,25.));
#8349 = DIRECTION('',(-1.,1.110223024625E-16,0.));
#8350 = DIRECTION('',(0.,0.,1.));
#8351 = ORIENTED_EDGE('',*,*,#8352,.T.);
#8352 = EDGE_CURVE('',#8344,#8334,#8353,.T.);
#8353 = LINE('',#8354,#8355);
#8354 = CARTESIAN_POINT('',(126.,185.5,20.));
#8355 = VECTOR('',#8356,1.);
#8356 = DIRECTION('',(-1.110223024625E-16,-1.,0.));
#8357 = PLANE('',#8358);
#8358 = AXIS2_PLACEMENT_3D('',#8359,#8360,#8361);
#8359 = CARTESIAN_POINT('',(126.,185.5,25.));
#8360 = DIRECTION('',(-1.,1.110223024625E-16,0.));
#8361 = DIRECTION('',(0.,0.,1.));
#8362 = ADVANCED_FACE('',(#8363),#8382,.T.);
#8363 = FACE_BOUND('',#8364,.T.);
#8364 = EDGE_LOOP('',(#8365,#8366,#8374,#8381));
#8365 = ORIENTED_EDGE('',*,*,#8343,.F.);
#8366 = ORIENTED_EDGE('',*,*,#8367,.F.);
#8367 = EDGE_CURVE('',#8368,#8344,#8370,.T.);
#8368 = VERTEX_POINT('',#8369);
#8369 = CARTESIAN_POINT('',(176.,185.5,20.));
#8370 = LINE('',#8371,#8372);
#8371 = CARTESIAN_POINT('',(176.,185.5,20.));
#8372 = VECTOR('',#8373,1.);
#8373 = DIRECTION('',(-1.,1.110223024625E-16,0.));
#8374 = ORIENTED_EDGE('',*,*,#8375,.T.);
#8375 = EDGE_CURVE('',#8368,#7456,#8376,.T.);
#8376 = CIRCLE('',#8377,5.);
#8377 = AXIS2_PLACEMENT_3D('',#8378,#8379,#8380);
#8378 = CARTESIAN_POINT('',(176.,185.5,25.));
#8379 = DIRECTION('',(-1.,1.110223024625E-16,0.));
#8380 = DIRECTION('',(0.,0.,1.));
#8381 = ORIENTED_EDGE('',*,*,#7463,.T.);
#8382 = CYLINDRICAL_SURFACE('',#8383,5.);
#8383 = AXIS2_PLACEMENT_3D('',#8384,#8385,#8386);
#8384 = CARTESIAN_POINT('',(176.,185.5,25.));
#8385 = DIRECTION('',(-1.,1.110223024625E-16,0.));
#8386 = DIRECTION('',(0.,0.,1.));
#8387 = ADVANCED_FACE('',(#8388),#8415,.T.);
#8388 = FACE_BOUND('',#8389,.T.);
#8389 = EDGE_LOOP('',(#8390,#8400,#8407,#8408,#8409));
#8390 = ORIENTED_EDGE('',*,*,#8391,.T.);
#8391 = EDGE_CURVE('',#8392,#8394,#8396,.T.);
#8392 = VERTEX_POINT('',#8393);
#8393 = CARTESIAN_POINT('',(176.,182.18337520964,20.));
#8394 = VERTEX_POINT('',#8395);
#8395 = CARTESIAN_POINT('',(176.,181.34668806854,20.));
#8396 = LINE('',#8397,#8398);
#8397 = CARTESIAN_POINT('',(176.,185.5,20.));
#8398 = VECTOR('',#8399,1.);
#8399 = DIRECTION('',(-1.110223024625E-16,-1.,0.));
#8400 = ORIENTED_EDGE('',*,*,#8401,.T.);
#8401 = EDGE_CURVE('',#8394,#7448,#8402,.T.);
#8402 = CIRCLE('',#8403,6.5);
#8403 = AXIS2_PLACEMENT_3D('',#8404,#8405,#8406);
#8404 = CARTESIAN_POINT('',(176.,185.5,25.));
#8405 = DIRECTION('',(-1.,1.110223024625E-16,0.));
#8406 = DIRECTION('',(0.,0.,1.));
#8407 = ORIENTED_EDGE('',*,*,#7455,.T.);
#8408 = ORIENTED_EDGE('',*,*,#8375,.F.);
#8409 = ORIENTED_EDGE('',*,*,#8410,.T.);
#8410 = EDGE_CURVE('',#8368,#8392,#8411,.T.);
#8411 = LINE('',#8412,#8413);
#8412 = CARTESIAN_POINT('',(176.,185.5,20.));
#8413 = VECTOR('',#8414,1.);
#8414 = DIRECTION('',(-1.110223024625E-16,-1.,0.));
#8415 = PLANE('',#8416);
#8416 = AXIS2_PLACEMENT_3D('',#8417,#8418,#8419);
#8417 = CARTESIAN_POINT('',(176.,185.5,25.));
#8418 = DIRECTION('',(-1.,1.110223024625E-16,0.));
#8419 = DIRECTION('',(0.,0.,1.));
#8420 = ADVANCED_FACE('',(#8421),#8458,.T.);
#8421 = FACE_BOUND('',#8422,.T.);
#8422 = EDGE_LOOP('',(#8423,#8434,#8442,#8449,#8450,#8451));
#8423 = ORIENTED_EDGE('',*,*,#8424,.F.);
#8424 = EDGE_CURVE('',#8425,#8427,#8429,.T.);
#8425 = VERTEX_POINT('',#8426);
#8426 = CARTESIAN_POINT('',(176.,185.5,31.5));
#8427 = VERTEX_POINT('',#8428);
#8428 = CARTESIAN_POINT('',(176.,183.,19.));
#8429 = CIRCLE('',#8430,6.5);
#8430 = AXIS2_PLACEMENT_3D('',#8431,#8432,#8433);
#8431 = CARTESIAN_POINT('',(176.,185.5,25.));
#8432 = DIRECTION('',(-1.,1.110223024625E-16,0.));
#8433 = DIRECTION('',(0.,0.,1.));
#8434 = ORIENTED_EDGE('',*,*,#8435,.F.);
#8435 = EDGE_CURVE('',#8436,#8425,#8438,.T.);
#8436 = VERTEX_POINT('',#8437);
#8437 = CARTESIAN_POINT('',(177.5,185.5,31.5));
#8438 = LINE('',#8439,#8440);
#8439 = CARTESIAN_POINT('',(177.5,185.5,31.5));
#8440 = VECTOR('',#8441,1.);
#8441 = DIRECTION('',(-1.,1.110223024625E-16,0.));
#8442 = ORIENTED_EDGE('',*,*,#8443,.T.);
#8443 = EDGE_CURVE('',#8436,#7440,#8444,.T.);
#8444 = CIRCLE('',#8445,6.5);
#8445 = AXIS2_PLACEMENT_3D('',#8446,#8447,#8448);
#8446 = CARTESIAN_POINT('',(177.5,185.5,25.));
#8447 = DIRECTION('',(-1.,1.110223024625E-16,0.));
#8448 = DIRECTION('',(0.,0.,1.));
#8449 = ORIENTED_EDGE('',*,*,#7447,.T.);
#8450 = ORIENTED_EDGE('',*,*,#8401,.F.);
#8451 = ORIENTED_EDGE('',*,*,#8452,.F.);
#8452 = EDGE_CURVE('',#8427,#8394,#8453,.T.);
#8453 = CIRCLE('',#8454,6.5);
#8454 = AXIS2_PLACEMENT_3D('',#8455,#8456,#8457);
#8455 = CARTESIAN_POINT('',(176.,185.5,25.));
#8456 = DIRECTION('',(-1.,1.110223024625E-16,0.));
#8457 = DIRECTION('',(0.,0.,1.));
#8458 = CYLINDRICAL_SURFACE('',#8459,6.5);
#8459 = AXIS2_PLACEMENT_3D('',#8460,#8461,#8462);
#8460 = CARTESIAN_POINT('',(177.5,185.5,25.));
#8461 = DIRECTION('',(-1.,1.110223024625E-16,0.));
#8462 = DIRECTION('',(0.,0.,1.));
#8463 = ADVANCED_FACE('',(#8464,#8478),#8497,.F.);
#8464 = FACE_BOUND('',#8465,.F.);
#8465 = EDGE_LOOP('',(#8466,#8473,#8474,#8475,#8476,#8477));
#8466 = ORIENTED_EDGE('',*,*,#8467,.T.);
#8467 = EDGE_CURVE('',#7642,#8436,#8468,.T.);
#8468 = CIRCLE('',#8469,6.5);
#8469 = AXIS2_PLACEMENT_3D('',#8470,#8471,#8472);
#8470 = CARTESIAN_POINT('',(177.5,185.5,25.));
#8471 = DIRECTION('',(-1.,1.110223024625E-16,0.));
#8472 = DIRECTION('',(0.,0.,1.));
#8473 = ORIENTED_EDGE('',*,*,#8443,.T.);
#8474 = ORIENTED_EDGE('',*,*,#7439,.T.);
#8475 = ORIENTED_EDGE('',*,*,#7726,.F.);
#8476 = ORIENTED_EDGE('',*,*,#7704,.F.);
#8477 = ORIENTED_EDGE('',*,*,#7641,.F.);
#8478 = FACE_BOUND('',#8479,.F.);
#8479 = EDGE_LOOP('',(#8480,#8491));
#8480 = ORIENTED_EDGE('',*,*,#8481,.F.);
#8481 = EDGE_CURVE('',#8482,#8484,#8486,.T.);
#8482 = VERTEX_POINT('',#8483);
#8483 = CARTESIAN_POINT('',(177.5,186.81244047484,26.));
#8484 = VERTEX_POINT('',#8485);
#8485 = CARTESIAN_POINT('',(177.5,184.18755952515,26.));
#8486 = CIRCLE('',#8487,1.65);
#8487 = AXIS2_PLACEMENT_3D('',#8488,#8489,#8490);
#8488 = CARTESIAN_POINT('',(177.5,185.5,25.));
#8489 = DIRECTION('',(-1.,1.110223024625E-16,0.));
#8490 = DIRECTION('',(0.,0.,1.));
#8491 = ORIENTED_EDGE('',*,*,#8492,.F.);
#8492 = EDGE_CURVE('',#8484,#8482,#8493,.T.);
#8493 = LINE('',#8494,#8495);
#8494 = CARTESIAN_POINT('',(177.5,184.25,26.));
#8495 = VECTOR('',#8496,1.);
#8496 = DIRECTION('',(1.110223024625E-16,1.,0.));
#8497 = PLANE('',#8498);
#8498 = AXIS2_PLACEMENT_3D('',#8499,#8500,#8501);
#8499 = CARTESIAN_POINT('',(177.5,185.5,25.));
#8500 = DIRECTION('',(-1.,1.110223024625E-16,0.));
#8501 = DIRECTION('',(0.,0.,1.));
#8502 = ADVANCED_FACE('',(#8503),#8508,.F.);
#8503 = FACE_BOUND('',#8504,.F.);
#8504 = EDGE_LOOP('',(#8505,#8506,#8507));
#8505 = ORIENTED_EDGE('',*,*,#7719,.F.);
#8506 = ORIENTED_EDGE('',*,*,#7423,.F.);
#8507 = ORIENTED_EDGE('',*,*,#7678,.T.);
#8508 = PLANE('',#8509);
#8509 = AXIS2_PLACEMENT_3D('',#8510,#8511,#8512);
#8510 = CARTESIAN_POINT('',(178.5,77.5,27.));
#8511 = DIRECTION('',(-1.,1.110223024625E-16,0.));
#8512 = DIRECTION('',(0.,0.,1.));
#8513 = ADVANCED_FACE('',(#8514),#8541,.T.);
#8514 = FACE_BOUND('',#8515,.T.);
#8515 = EDGE_LOOP('',(#8516,#8525,#8533,#8540));
#8516 = ORIENTED_EDGE('',*,*,#8517,.T.);
#8517 = EDGE_CURVE('',#7536,#8518,#8520,.T.);
#8518 = VERTEX_POINT('',#8519);
#8519 = CARTESIAN_POINT('',(176.,77.5,20.));
#8520 = CIRCLE('',#8521,5.);
#8521 = AXIS2_PLACEMENT_3D('',#8522,#8523,#8524);
#8522 = CARTESIAN_POINT('',(176.,77.5,25.));
#8523 = DIRECTION('',(-1.,1.110223024625E-16,0.));
#8524 = DIRECTION('',(0.,0.,1.));
#8525 = ORIENTED_EDGE('',*,*,#8526,.T.);
#8526 = EDGE_CURVE('',#8518,#8527,#8529,.T.);
#8527 = VERTEX_POINT('',#8528);
#8528 = CARTESIAN_POINT('',(126.,77.5,20.));
#8529 = LINE('',#8530,#8531);
#8530 = CARTESIAN_POINT('',(176.,77.5,20.));
#8531 = VECTOR('',#8532,1.);
#8532 = DIRECTION('',(-1.,1.110223024625E-16,0.));
#8533 = ORIENTED_EDGE('',*,*,#8534,.F.);
#8534 = EDGE_CURVE('',#7538,#8527,#8535,.T.);
#8535 = CIRCLE('',#8536,5.);
#8536 = AXIS2_PLACEMENT_3D('',#8537,#8538,#8539);
#8537 = CARTESIAN_POINT('',(126.,77.5,25.));
#8538 = DIRECTION('',(-1.,1.110223024625E-16,0.));
#8539 = DIRECTION('',(0.,0.,1.));
#8540 = ORIENTED_EDGE('',*,*,#7535,.F.);
#8541 = CYLINDRICAL_SURFACE('',#8542,5.);
#8542 = AXIS2_PLACEMENT_3D('',#8543,#8544,#8545);
#8543 = CARTESIAN_POINT('',(176.,77.5,25.));
#8544 = DIRECTION('',(-1.,1.110223024625E-16,0.));
#8545 = DIRECTION('',(0.,0.,1.));
#8546 = ADVANCED_FACE('',(#8547),#8574,.F.);
#8547 = FACE_BOUND('',#8548,.F.);
#8548 = EDGE_LOOP('',(#8549,#8550,#8559,#8567,#8573));
#8549 = ORIENTED_EDGE('',*,*,#7593,.T.);
#8550 = ORIENTED_EDGE('',*,*,#8551,.T.);
#8551 = EDGE_CURVE('',#7586,#8552,#8554,.T.);
#8552 = VERTEX_POINT('',#8553);
#8553 = CARTESIAN_POINT('',(126.,81.653311931459,20.));
#8554 = CIRCLE('',#8555,6.5);
#8555 = AXIS2_PLACEMENT_3D('',#8556,#8557,#8558);
#8556 = CARTESIAN_POINT('',(126.,77.5,25.));
#8557 = DIRECTION('',(-1.,1.110223024625E-16,0.));
#8558 = DIRECTION('',(0.,0.,1.));
#8559 = ORIENTED_EDGE('',*,*,#8560,.T.);
#8560 = EDGE_CURVE('',#8552,#8561,#8563,.T.);
#8561 = VERTEX_POINT('',#8562);
#8562 = CARTESIAN_POINT('',(126.,80.816624790355,20.));
#8563 = LINE('',#8564,#8565);
#8564 = CARTESIAN_POINT('',(126.,185.5,20.));
#8565 = VECTOR('',#8566,1.);
#8566 = DIRECTION('',(-1.110223024625E-16,-1.,0.));
#8567 = ORIENTED_EDGE('',*,*,#8568,.T.);
#8568 = EDGE_CURVE('',#8561,#8527,#8569,.T.);
#8569 = LINE('',#8570,#8571);
#8570 = CARTESIAN_POINT('',(126.,185.5,20.));
#8571 = VECTOR('',#8572,1.);
#8572 = DIRECTION('',(-1.110223024625E-16,-1.,0.));
#8573 = ORIENTED_EDGE('',*,*,#8534,.F.);
#8574 = PLANE('',#8575);
#8575 = AXIS2_PLACEMENT_3D('',#8576,#8577,#8578);
#8576 = CARTESIAN_POINT('',(126.,77.5,25.));
#8577 = DIRECTION('',(-1.,1.110223024625E-16,0.));
#8578 = DIRECTION('',(0.,0.,1.));
#8579 = ADVANCED_FACE('',(#8580),#8609,.T.);
#8580 = FACE_BOUND('',#8581,.T.);
#8581 = EDGE_LOOP('',(#8582,#8590,#8591,#8592,#8593,#8602));
#8582 = ORIENTED_EDGE('',*,*,#8583,.T.);
#8583 = EDGE_CURVE('',#8584,#8065,#8586,.T.);
#8584 = VERTEX_POINT('',#8585);
#8585 = CARTESIAN_POINT('',(126.,77.5,31.5));
#8586 = LINE('',#8587,#8588);
#8587 = CARTESIAN_POINT('',(126.,77.5,31.5));
#8588 = VECTOR('',#8589,1.);
#8589 = DIRECTION('',(-1.,1.110223024625E-16,0.));
#8590 = ORIENTED_EDGE('',*,*,#8064,.F.);
#8591 = ORIENTED_EDGE('',*,*,#7585,.F.);
#8592 = ORIENTED_EDGE('',*,*,#8551,.T.);
#8593 = ORIENTED_EDGE('',*,*,#8594,.T.);
#8594 = EDGE_CURVE('',#8552,#8595,#8597,.T.);
#8595 = VERTEX_POINT('',#8596);
#8596 = CARTESIAN_POINT('',(126.,80.,19.));
#8597 = CIRCLE('',#8598,6.5);
#8598 = AXIS2_PLACEMENT_3D('',#8599,#8600,#8601);
#8599 = CARTESIAN_POINT('',(126.,77.5,25.));
#8600 = DIRECTION('',(-1.,1.110223024625E-16,0.));
#8601 = DIRECTION('',(0.,0.,1.));
#8602 = ORIENTED_EDGE('',*,*,#8603,.T.);
#8603 = EDGE_CURVE('',#8595,#8584,#8604,.T.);
#8604 = CIRCLE('',#8605,6.5);
#8605 = AXIS2_PLACEMENT_3D('',#8606,#8607,#8608);
#8606 = CARTESIAN_POINT('',(126.,77.5,25.));
#8607 = DIRECTION('',(-1.,1.110223024625E-16,0.));
#8608 = DIRECTION('',(0.,0.,1.));
#8609 = CYLINDRICAL_SURFACE('',#8610,6.5);
#8610 = AXIS2_PLACEMENT_3D('',#8611,#8612,#8613);
#8611 = CARTESIAN_POINT('',(126.,77.5,25.));
#8612 = DIRECTION('',(-1.,1.110223024625E-16,0.));
#8613 = DIRECTION('',(0.,0.,1.));
#8614 = ADVANCED_FACE('',(#8615),#8652,.T.);
#8615 = FACE_BOUND('',#8616,.T.);
#8616 = EDGE_LOOP('',(#8617,#8625,#8634,#8643,#8650,#8651));
#8617 = ORIENTED_EDGE('',*,*,#8618,.T.);
#8618 = EDGE_CURVE('',#8012,#8619,#8621,.T.);
#8619 = VERTEX_POINT('',#8620);
#8620 = CARTESIAN_POINT('',(176.,77.5,31.5));
#8621 = LINE('',#8622,#8623);
#8622 = CARTESIAN_POINT('',(177.5,77.5,31.5));
#8623 = VECTOR('',#8624,1.);
#8624 = DIRECTION('',(-1.,1.110223024625E-16,0.));
#8625 = ORIENTED_EDGE('',*,*,#8626,.F.);
#8626 = EDGE_CURVE('',#8627,#8619,#8629,.T.);
#8627 = VERTEX_POINT('',#8628);
#8628 = CARTESIAN_POINT('',(176.,80.,19.));
#8629 = CIRCLE('',#8630,6.5);
#8630 = AXIS2_PLACEMENT_3D('',#8631,#8632,#8633);
#8631 = CARTESIAN_POINT('',(176.,77.5,25.));
#8632 = DIRECTION('',(-1.,1.110223024625E-16,0.));
#8633 = DIRECTION('',(0.,0.,1.));
#8634 = ORIENTED_EDGE('',*,*,#8635,.F.);
#8635 = EDGE_CURVE('',#8636,#8627,#8638,.T.);
#8636 = VERTEX_POINT('',#8637);
#8637 = CARTESIAN_POINT('',(176.,81.653311931459,20.));
#8638 = CIRCLE('',#8639,6.5);
#8639 = AXIS2_PLACEMENT_3D('',#8640,#8641,#8642);
#8640 = CARTESIAN_POINT('',(176.,77.5,25.));
#8641 = DIRECTION('',(-1.,1.110223024625E-16,0.));
#8642 = DIRECTION('',(0.,0.,1.));
#8643 = ORIENTED_EDGE('',*,*,#8644,.F.);
#8644 = EDGE_CURVE('',#7546,#8636,#8645,.T.);
#8645 = CIRCLE('',#8646,6.5);
#8646 = AXIS2_PLACEMENT_3D('',#8647,#8648,#8649);
#8647 = CARTESIAN_POINT('',(176.,77.5,25.));
#8648 = DIRECTION('',(-1.,1.110223024625E-16,0.));
#8649 = DIRECTION('',(0.,0.,1.));
#8650 = ORIENTED_EDGE('',*,*,#7553,.F.);
#8651 = ORIENTED_EDGE('',*,*,#8011,.T.);
#8652 = CYLINDRICAL_SURFACE('',#8653,6.5);
#8653 = AXIS2_PLACEMENT_3D('',#8654,#8655,#8656);
#8654 = CARTESIAN_POINT('',(177.5,77.5,25.));
#8655 = DIRECTION('',(-1.,1.110223024625E-16,0.));
#8656 = DIRECTION('',(0.,0.,1.));
#8657 = ADVANCED_FACE('',(#8658),#8677,.T.);
#8658 = FACE_BOUND('',#8659,.T.);
#8659 = EDGE_LOOP('',(#8660,#8661,#8662,#8670,#8676));
#8660 = ORIENTED_EDGE('',*,*,#7545,.T.);
#8661 = ORIENTED_EDGE('',*,*,#8644,.T.);
#8662 = ORIENTED_EDGE('',*,*,#8663,.T.);
#8663 = EDGE_CURVE('',#8636,#8664,#8666,.T.);
#8664 = VERTEX_POINT('',#8665);
#8665 = CARTESIAN_POINT('',(176.,80.816624790355,20.));
#8666 = LINE('',#8667,#8668);
#8667 = CARTESIAN_POINT('',(176.,185.5,20.));
#8668 = VECTOR('',#8669,1.);
#8669 = DIRECTION('',(-1.110223024625E-16,-1.,0.));
#8670 = ORIENTED_EDGE('',*,*,#8671,.T.);
#8671 = EDGE_CURVE('',#8664,#8518,#8672,.T.);
#8672 = LINE('',#8673,#8674);
#8673 = CARTESIAN_POINT('',(176.,185.5,20.));
#8674 = VECTOR('',#8675,1.);
#8675 = DIRECTION('',(-1.110223024625E-16,-1.,0.));
#8676 = ORIENTED_EDGE('',*,*,#8517,.F.);
#8677 = PLANE('',#8678);
#8678 = AXIS2_PLACEMENT_3D('',#8679,#8680,#8681);
#8679 = CARTESIAN_POINT('',(176.,77.5,25.));
#8680 = DIRECTION('',(-1.,1.110223024625E-16,0.));
#8681 = DIRECTION('',(0.,0.,1.));
#8682 = ADVANCED_FACE('',(#8683),#8710,.F.);
#8683 = FACE_BOUND('',#8684,.F.);
#8684 = EDGE_LOOP('',(#8685,#8694,#8702,#8709));
#8685 = ORIENTED_EDGE('',*,*,#8686,.F.);
#8686 = EDGE_CURVE('',#8687,#7608,#8689,.T.);
#8687 = VERTEX_POINT('',#8688);
#8688 = CARTESIAN_POINT('',(176.,80.,31.));
#8689 = CIRCLE('',#8690,6.5);
#8690 = AXIS2_PLACEMENT_3D('',#8691,#8692,#8693);
#8691 = CARTESIAN_POINT('',(176.,77.5,25.));
#8692 = DIRECTION('',(-1.,1.110223024625E-16,0.));
#8693 = DIRECTION('',(0.,0.,1.));
#8694 = ORIENTED_EDGE('',*,*,#8695,.T.);
#8695 = EDGE_CURVE('',#8687,#8696,#8698,.T.);
#8696 = VERTEX_POINT('',#8697);
#8697 = CARTESIAN_POINT('',(176.,183.,31.));
#8698 = LINE('',#8699,#8700);
#8699 = CARTESIAN_POINT('',(176.,77.5,31.));
#8700 = VECTOR('',#8701,1.);
#8701 = DIRECTION('',(1.110223024625E-16,1.,0.));
#8702 = ORIENTED_EDGE('',*,*,#8703,.F.);
#8703 = EDGE_CURVE('',#7610,#8696,#8704,.T.);
#8704 = CIRCLE('',#8705,6.5);
#8705 = AXIS2_PLACEMENT_3D('',#8706,#8707,#8708);
#8706 = CARTESIAN_POINT('',(176.,185.5,25.));
#8707 = DIRECTION('',(-1.,1.110223024625E-16,0.));
#8708 = DIRECTION('',(0.,0.,1.));
#8709 = ORIENTED_EDGE('',*,*,#7607,.F.);
#8710 = PLANE('',#8711);
#8711 = AXIS2_PLACEMENT_3D('',#8712,#8713,#8714);
#8712 = CARTESIAN_POINT('',(176.,131.5,25.));
#8713 = DIRECTION('',(-1.,1.110223024625E-16,0.));
#8714 = DIRECTION('',(0.,0.,1.));
#8715 = ADVANCED_FACE('',(#8716),#8729,.T.);
#8716 = FACE_BOUND('',#8717,.T.);
#8717 = EDGE_LOOP('',(#8718,#8719,#8726,#8727,#8728));
#8718 = ORIENTED_EDGE('',*,*,#8435,.T.);
#8719 = ORIENTED_EDGE('',*,*,#8720,.F.);
#8720 = EDGE_CURVE('',#8696,#8425,#8721,.T.);
#8721 = CIRCLE('',#8722,6.5);
#8722 = AXIS2_PLACEMENT_3D('',#8723,#8724,#8725);
#8723 = CARTESIAN_POINT('',(176.,185.5,25.));
#8724 = DIRECTION('',(-1.,1.110223024625E-16,0.));
#8725 = DIRECTION('',(0.,0.,1.));
#8726 = ORIENTED_EDGE('',*,*,#8703,.F.);
#8727 = ORIENTED_EDGE('',*,*,#7649,.F.);
#8728 = ORIENTED_EDGE('',*,*,#8467,.T.);
#8729 = CYLINDRICAL_SURFACE('',#8730,6.5);
#8730 = AXIS2_PLACEMENT_3D('',#8731,#8732,#8733);
#8731 = CARTESIAN_POINT('',(177.5,185.5,25.));
#8732 = DIRECTION('',(-1.,1.110223024625E-16,0.));
#8733 = DIRECTION('',(0.,0.,1.));
#8734 = ADVANCED_FACE('',(#8735),#8748,.T.);
#8735 = FACE_BOUND('',#8736,.T.);
#8736 = EDGE_LOOP('',(#8737,#8744,#8745,#8746,#8747));
#8737 = ORIENTED_EDGE('',*,*,#8738,.F.);
#8738 = EDGE_CURVE('',#8619,#8687,#8739,.T.);
#8739 = CIRCLE('',#8740,6.5);
#8740 = AXIS2_PLACEMENT_3D('',#8741,#8742,#8743);
#8741 = CARTESIAN_POINT('',(176.,77.5,25.));
#8742 = DIRECTION('',(-1.,1.110223024625E-16,0.));
#8743 = DIRECTION('',(0.,0.,1.));
#8744 = ORIENTED_EDGE('',*,*,#8618,.F.);
#8745 = ORIENTED_EDGE('',*,*,#8020,.T.);
#8746 = ORIENTED_EDGE('',*,*,#7617,.T.);
#8747 = ORIENTED_EDGE('',*,*,#8686,.F.);
#8748 = CYLINDRICAL_SURFACE('',#8749,6.5);
#8749 = AXIS2_PLACEMENT_3D('',#8750,#8751,#8752);
#8750 = CARTESIAN_POINT('',(177.5,77.5,25.));
#8751 = DIRECTION('',(-1.,1.110223024625E-16,0.));
#8752 = DIRECTION('',(0.,0.,1.));
#8753 = ADVANCED_FACE('',(#8754,#8788),#8791,.F.);
#8754 = FACE_BOUND('',#8755,.F.);
#8755 = EDGE_LOOP('',(#8756,#8766,#8774,#8782));
#8756 = ORIENTED_EDGE('',*,*,#8757,.F.);
#8757 = EDGE_CURVE('',#8758,#8760,#8762,.T.);
#8758 = VERTEX_POINT('',#8759);
#8759 = CARTESIAN_POINT('',(181.,180.1,18.6));
#8760 = VERTEX_POINT('',#8761);
#8761 = CARTESIAN_POINT('',(181.,190.9,18.6));
#8762 = LINE('',#8763,#8764);
#8763 = CARTESIAN_POINT('',(181.,180.1,18.6));
#8764 = VECTOR('',#8765,1.);
#8765 = DIRECTION('',(1.110223024625E-16,1.,0.));
#8766 = ORIENTED_EDGE('',*,*,#8767,.T.);
#8767 = EDGE_CURVE('',#8758,#8768,#8770,.T.);
#8768 = VERTEX_POINT('',#8769);
#8769 = CARTESIAN_POINT('',(181.,180.1,31.4));
#8770 = LINE('',#8771,#8772);
#8771 = CARTESIAN_POINT('',(181.,180.1,18.6));
#8772 = VECTOR('',#8773,1.);
#8773 = DIRECTION('',(0.,0.,1.));
#8774 = ORIENTED_EDGE('',*,*,#8775,.T.);
#8775 = EDGE_CURVE('',#8768,#8776,#8778,.T.);
#8776 = VERTEX_POINT('',#8777);
#8777 = CARTESIAN_POINT('',(181.,190.9,31.4));
#8778 = LINE('',#8779,#8780);
#8779 = CARTESIAN_POINT('',(181.,180.1,31.4));
#8780 = VECTOR('',#8781,1.);
#8781 = DIRECTION('',(1.110223024625E-16,1.,0.));
#8782 = ORIENTED_EDGE('',*,*,#8783,.F.);
#8783 = EDGE_CURVE('',#8760,#8776,#8784,.T.);
#8784 = LINE('',#8785,#8786);
#8785 = CARTESIAN_POINT('',(181.,190.9,18.6));
#8786 = VECTOR('',#8787,1.);
#8787 = DIRECTION('',(0.,0.,1.));
#8788 = FACE_BOUND('',#8789,.F.);
#8789 = EDGE_LOOP('',(#8790));
#8790 = ORIENTED_EDGE('',*,*,#7663,.F.);
#8791 = PLANE('',#8792);
#8792 = AXIS2_PLACEMENT_3D('',#8793,#8794,#8795);
#8793 = CARTESIAN_POINT('',(181.,180.1,18.6));
#8794 = DIRECTION('',(-1.,1.110223024625E-16,0.));
#8795 = DIRECTION('',(0.,0.,1.));
#8796 = ADVANCED_FACE('',(#8797,#8813),#8816,.F.);
#8797 = FACE_BOUND('',#8798,.F.);
#8798 = EDGE_LOOP('',(#8799,#8805,#8806,#8812));
#8799 = ORIENTED_EDGE('',*,*,#8800,.F.);
#8800 = EDGE_CURVE('',#7766,#8768,#8801,.T.);
#8801 = LINE('',#8802,#8803);
#8802 = CARTESIAN_POINT('',(208.,180.1,31.4));
#8803 = VECTOR('',#8804,1.);
#8804 = DIRECTION('',(-1.,1.110223024625E-16,0.));
#8805 = ORIENTED_EDGE('',*,*,#7765,.T.);
#8806 = ORIENTED_EDGE('',*,*,#8807,.T.);
#8807 = EDGE_CURVE('',#7768,#8776,#8808,.T.);
#8808 = LINE('',#8809,#8810);
#8809 = CARTESIAN_POINT('',(208.,190.9,31.4));
#8810 = VECTOR('',#8811,1.);
#8811 = DIRECTION('',(-1.,1.110223024625E-16,0.));
#8812 = ORIENTED_EDGE('',*,*,#8775,.F.);
#8813 = FACE_BOUND('',#8814,.F.);
#8814 = EDGE_LOOP('',(#8815));
#8815 = ORIENTED_EDGE('',*,*,#7814,.F.);
#8816 = PLANE('',#8817);
#8817 = AXIS2_PLACEMENT_3D('',#8818,#8819,#8820);
#8818 = CARTESIAN_POINT('',(208.,180.1,31.4));
#8819 = DIRECTION('',(0.,0.,1.));
#8820 = DIRECTION('',(1.110223024625E-16,1.,0.));
#8821 = ADVANCED_FACE('',(#8822),#8833,.F.);
#8822 = FACE_BOUND('',#8823,.F.);
#8823 = EDGE_LOOP('',(#8824,#8825,#8826,#8832));
#8824 = ORIENTED_EDGE('',*,*,#8807,.F.);
#8825 = ORIENTED_EDGE('',*,*,#7791,.T.);
#8826 = ORIENTED_EDGE('',*,*,#8827,.T.);
#8827 = EDGE_CURVE('',#7784,#8760,#8828,.T.);
#8828 = LINE('',#8829,#8830);
#8829 = CARTESIAN_POINT('',(208.,190.9,18.6));
#8830 = VECTOR('',#8831,1.);
#8831 = DIRECTION('',(-1.,1.110223024625E-16,0.));
#8832 = ORIENTED_EDGE('',*,*,#8783,.T.);
#8833 = PLANE('',#8834);
#8834 = AXIS2_PLACEMENT_3D('',#8835,#8836,#8837);
#8835 = CARTESIAN_POINT('',(208.,190.9,18.6));
#8836 = DIRECTION('',(1.110223024625E-16,1.,0.));
#8837 = DIRECTION('',(0.,0.,1.));
#8838 = ADVANCED_FACE('',(#8839),#8850,.T.);
#8839 = FACE_BOUND('',#8840,.T.);
#8840 = EDGE_LOOP('',(#8841,#8847,#8848,#8849));
#8841 = ORIENTED_EDGE('',*,*,#8842,.F.);
#8842 = EDGE_CURVE('',#7776,#8758,#8843,.T.);
#8843 = LINE('',#8844,#8845);
#8844 = CARTESIAN_POINT('',(208.,180.1,18.6));
#8845 = VECTOR('',#8846,1.);
#8846 = DIRECTION('',(-1.,1.110223024625E-16,0.));
#8847 = ORIENTED_EDGE('',*,*,#7783,.T.);
#8848 = ORIENTED_EDGE('',*,*,#8827,.T.);
#8849 = ORIENTED_EDGE('',*,*,#8757,.F.);
#8850 = PLANE('',#8851);
#8851 = AXIS2_PLACEMENT_3D('',#8852,#8853,#8854);
#8852 = CARTESIAN_POINT('',(208.,180.1,18.6));
#8853 = DIRECTION('',(0.,0.,1.));
#8854 = DIRECTION('',(1.110223024625E-16,1.,0.));
#8855 = ADVANCED_FACE('',(#8856),#8862,.T.);
#8856 = FACE_BOUND('',#8857,.T.);
#8857 = EDGE_LOOP('',(#8858,#8859,#8860,#8861));
#8858 = ORIENTED_EDGE('',*,*,#8800,.F.);
#8859 = ORIENTED_EDGE('',*,*,#7775,.T.);
#8860 = ORIENTED_EDGE('',*,*,#8842,.T.);
#8861 = ORIENTED_EDGE('',*,*,#8767,.T.);
#8862 = PLANE('',#8863);
#8863 = AXIS2_PLACEMENT_3D('',#8864,#8865,#8866);
#8864 = CARTESIAN_POINT('',(208.,180.1,18.6));
#8865 = DIRECTION('',(1.110223024625E-16,1.,0.));
#8866 = DIRECTION('',(0.,0.,1.));
#8867 = ADVANCED_FACE('',(#8868),#8893,.F.);
#8868 = FACE_BOUND('',#8869,.F.);
#8869 = EDGE_LOOP('',(#8870,#8878,#8879,#8887));
#8870 = ORIENTED_EDGE('',*,*,#8871,.F.);
#8871 = EDGE_CURVE('',#7860,#8872,#8874,.T.);
#8872 = VERTEX_POINT('',#8873);
#8873 = CARTESIAN_POINT('',(120.5,71.5,0.));
#8874 = LINE('',#8875,#8876);
#8875 = CARTESIAN_POINT('',(123.5,71.5,0.));
#8876 = VECTOR('',#8877,1.);
#8877 = DIRECTION('',(-1.,1.110223024625E-16,0.));
#8878 = ORIENTED_EDGE('',*,*,#7859,.T.);
#8879 = ORIENTED_EDGE('',*,*,#8880,.T.);
#8880 = EDGE_CURVE('',#7862,#8881,#8883,.T.);
#8881 = VERTEX_POINT('',#8882);
#8882 = CARTESIAN_POINT('',(120.5,191.5,0.));
#8883 = LINE('',#8884,#8885);
#8884 = CARTESIAN_POINT('',(123.5,191.5,0.));
#8885 = VECTOR('',#8886,1.);
#8886 = DIRECTION('',(-1.,1.110223024625E-16,0.));
#8887 = ORIENTED_EDGE('',*,*,#8888,.F.);
#8888 = EDGE_CURVE('',#8872,#8881,#8889,.T.);
#8889 = LINE('',#8890,#8891);
#8890 = CARTESIAN_POINT('',(120.5,71.5,0.));
#8891 = VECTOR('',#8892,1.);
#8892 = DIRECTION('',(1.110223024625E-16,1.,0.));
#8893 = PLANE('',#8894);
#8894 = AXIS2_PLACEMENT_3D('',#8895,#8896,#8897);
#8895 = CARTESIAN_POINT('',(123.5,71.5,0.));
#8896 = DIRECTION('',(0.,0.,1.));
#8897 = DIRECTION('',(1.110223024625E-16,1.,0.));
#8898 = ADVANCED_FACE('',(#8899),#8917,.T.);
#8899 = FACE_BOUND('',#8900,.T.);
#8900 = EDGE_LOOP('',(#8901,#8902,#8903,#8911));
#8901 = ORIENTED_EDGE('',*,*,#7885,.F.);
#8902 = ORIENTED_EDGE('',*,*,#8880,.T.);
#8903 = ORIENTED_EDGE('',*,*,#8904,.T.);
#8904 = EDGE_CURVE('',#8881,#8905,#8907,.T.);
#8905 = VERTEX_POINT('',#8906);
#8906 = CARTESIAN_POINT('',(120.5,191.5,35.));
#8907 = LINE('',#8908,#8909);
#8908 = CARTESIAN_POINT('',(120.5,191.5,0.));
#8909 = VECTOR('',#8910,1.);
#8910 = DIRECTION('',(0.,0.,1.));
#8911 = ORIENTED_EDGE('',*,*,#8912,.F.);
#8912 = EDGE_CURVE('',#7878,#8905,#8913,.T.);
#8913 = LINE('',#8914,#8915);
#8914 = CARTESIAN_POINT('',(123.5,191.5,35.));
#8915 = VECTOR('',#8916,1.);
#8916 = DIRECTION('',(-1.,1.110223024625E-16,0.));
#8917 = PLANE('',#8918);
#8918 = AXIS2_PLACEMENT_3D('',#8919,#8920,#8921);
#8919 = CARTESIAN_POINT('',(123.5,191.5,0.));
#8920 = DIRECTION('',(1.110223024625E-16,1.,0.));
#8921 = DIRECTION('',(0.,0.,1.));
#8922 = ADVANCED_FACE('',(#8923),#8941,.F.);
#8923 = FACE_BOUND('',#8924,.F.);
#8924 = EDGE_LOOP('',(#8925,#8926,#8927,#8935));
#8925 = ORIENTED_EDGE('',*,*,#7869,.F.);
#8926 = ORIENTED_EDGE('',*,*,#8871,.T.);
#8927 = ORIENTED_EDGE('',*,*,#8928,.T.);
#8928 = EDGE_CURVE('',#8872,#8929,#8931,.T.);
#8929 = VERTEX_POINT('',#8930);
#8930 = CARTESIAN_POINT('',(120.5,71.5,35.));
#8931 = LINE('',#8932,#8933);
#8932 = CARTESIAN_POINT('',(120.5,71.5,0.));
#8933 = VECTOR('',#8934,1.);
#8934 = DIRECTION('',(0.,0.,1.));
#8935 = ORIENTED_EDGE('',*,*,#8936,.F.);
#8936 = EDGE_CURVE('',#7870,#8929,#8937,.T.);
#8937 = LINE('',#8938,#8939);
#8938 = CARTESIAN_POINT('',(123.5,71.5,35.));
#8939 = VECTOR('',#8940,1.);
#8940 = DIRECTION('',(-1.,1.110223024625E-16,0.));
#8941 = PLANE('',#8942);
#8942 = AXIS2_PLACEMENT_3D('',#8943,#8944,#8945);
#8943 = CARTESIAN_POINT('',(123.5,71.5,0.));
#8944 = DIRECTION('',(1.110223024625E-16,1.,0.));
#8945 = DIRECTION('',(0.,0.,1.));
#8946 = ADVANCED_FACE('',(#8947),#8958,.T.);
#8947 = FACE_BOUND('',#8948,.T.);
#8948 = EDGE_LOOP('',(#8949,#8950,#8951,#8952));
#8949 = ORIENTED_EDGE('',*,*,#8936,.F.);
#8950 = ORIENTED_EDGE('',*,*,#7877,.T.);
#8951 = ORIENTED_EDGE('',*,*,#8912,.T.);
#8952 = ORIENTED_EDGE('',*,*,#8953,.F.);
#8953 = EDGE_CURVE('',#8929,#8905,#8954,.T.);
#8954 = LINE('',#8955,#8956);
#8955 = CARTESIAN_POINT('',(120.5,71.5,35.));
#8956 = VECTOR('',#8957,1.);
#8957 = DIRECTION('',(1.110223024625E-16,1.,0.));
#8958 = PLANE('',#8959);
#8959 = AXIS2_PLACEMENT_3D('',#8960,#8961,#8962);
#8960 = CARTESIAN_POINT('',(123.5,71.5,35.));
#8961 = DIRECTION('',(0.,0.,1.));
#8962 = DIRECTION('',(1.110223024625E-16,1.,0.));
#8963 = ADVANCED_FACE('',(#8964),#8983,.F.);
#8964 = FACE_BOUND('',#8965,.F.);
#8965 = EDGE_LOOP('',(#8966,#8975,#8981,#8982));
#8966 = ORIENTED_EDGE('',*,*,#8967,.F.);
#8967 = EDGE_CURVE('',#8968,#8968,#8970,.T.);
#8968 = VERTEX_POINT('',#8969);
#8969 = CARTESIAN_POINT('',(120.5,95.5,8.6));
#8970 = CIRCLE('',#8971,1.6);
#8971 = AXIS2_PLACEMENT_3D('',#8972,#8973,#8974);
#8972 = CARTESIAN_POINT('',(120.5,95.5,7.));
#8973 = DIRECTION('',(-1.,1.110223024625E-16,0.));
#8974 = DIRECTION('',(0.,0.,1.));
#8975 = ORIENTED_EDGE('',*,*,#8976,.F.);
#8976 = EDGE_CURVE('',#7894,#8968,#8977,.T.);
#8977 = LINE('',#8978,#8979);
#8978 = CARTESIAN_POINT('',(124.5,95.5,8.6));
#8979 = VECTOR('',#8980,1.);
#8980 = DIRECTION('',(-1.,1.110223024625E-16,0.));
#8981 = ORIENTED_EDGE('',*,*,#7893,.T.);
#8982 = ORIENTED_EDGE('',*,*,#8976,.T.);
#8983 = CYLINDRICAL_SURFACE('',#8984,1.6);
#8984 = AXIS2_PLACEMENT_3D('',#8985,#8986,#8987);
#8985 = CARTESIAN_POINT('',(124.5,95.5,7.));
#8986 = DIRECTION('',(-1.,1.110223024625E-16,0.));
#8987 = DIRECTION('',(0.,0.,1.));
#8988 = ADVANCED_FACE('',(#8989),#9015,.F.);
#8989 = FACE_BOUND('',#8990,.F.);
#8990 = EDGE_LOOP('',(#8991,#8992,#9000,#9009));
#8991 = ORIENTED_EDGE('',*,*,#7904,.T.);
#8992 = ORIENTED_EDGE('',*,*,#8993,.T.);
#8993 = EDGE_CURVE('',#7321,#8994,#8996,.T.);
#8994 = VERTEX_POINT('',#8995);
#8995 = CARTESIAN_POINT('',(120.5,77.5,27.25));
#8996 = LINE('',#8997,#8998);
#8997 = CARTESIAN_POINT('',(124.5,77.5,27.25));
#8998 = VECTOR('',#8999,1.);
#8999 = DIRECTION('',(-1.,1.110223024625E-16,0.));
#9000 = ORIENTED_EDGE('',*,*,#9001,.F.);
#9001 = EDGE_CURVE('',#9002,#8994,#9004,.T.);
#9002 = VERTEX_POINT('',#9003);
#9003 = CARTESIAN_POINT('',(120.5,77.5,22.75));
#9004 = CIRCLE('',#9005,2.25);
#9005 = AXIS2_PLACEMENT_3D('',#9006,#9007,#9008);
#9006 = CARTESIAN_POINT('',(120.5,77.5,25.));
#9007 = DIRECTION('',(-1.,1.110223024625E-16,0.));
#9008 = DIRECTION('',(0.,0.,1.));
#9009 = ORIENTED_EDGE('',*,*,#9010,.F.);
#9010 = EDGE_CURVE('',#7905,#9002,#9011,.T.);
#9011 = LINE('',#9012,#9013);
#9012 = CARTESIAN_POINT('',(124.5,77.5,22.75));
#9013 = VECTOR('',#9014,1.);
#9014 = DIRECTION('',(-1.,1.110223024625E-16,0.));
#9015 = CYLINDRICAL_SURFACE('',#9016,2.25);
#9016 = AXIS2_PLACEMENT_3D('',#9017,#9018,#9019);
#9017 = CARTESIAN_POINT('',(124.5,77.5,25.));
#9018 = DIRECTION('',(-1.,1.110223024625E-16,0.));
#9019 = DIRECTION('',(0.,0.,1.));
#9020 = ADVANCED_FACE('',(#9021),#9039,.T.);
#9021 = FACE_BOUND('',#9022,.T.);
#9022 = EDGE_LOOP('',(#9023,#9024,#9025,#9033));
#9023 = ORIENTED_EDGE('',*,*,#9010,.F.);
#9024 = ORIENTED_EDGE('',*,*,#7913,.T.);
#9025 = ORIENTED_EDGE('',*,*,#9026,.T.);
#9026 = EDGE_CURVE('',#7914,#9027,#9029,.T.);
#9027 = VERTEX_POINT('',#9028);
#9028 = CARTESIAN_POINT('',(120.5,85.5,22.75));
#9029 = LINE('',#9030,#9031);
#9030 = CARTESIAN_POINT('',(124.5,85.5,22.75));
#9031 = VECTOR('',#9032,1.);
#9032 = DIRECTION('',(-1.,1.110223024625E-16,0.));
#9033 = ORIENTED_EDGE('',*,*,#9034,.F.);
#9034 = EDGE_CURVE('',#9002,#9027,#9035,.T.);
#9035 = LINE('',#9036,#9037);
#9036 = CARTESIAN_POINT('',(120.5,74.5,22.75));
#9037 = VECTOR('',#9038,1.);
#9038 = DIRECTION('',(1.110223024625E-16,1.,0.));
#9039 = PLANE('',#9040);
#9040 = AXIS2_PLACEMENT_3D('',#9041,#9042,#9043);
#9041 = CARTESIAN_POINT('',(124.5,77.5,22.75));
#9042 = DIRECTION('',(0.,0.,1.));
#9043 = DIRECTION('',(1.110223024625E-16,1.,0.));
#9044 = ADVANCED_FACE('',(#9045),#9065,.F.);
#9045 = FACE_BOUND('',#9046,.F.);
#9046 = EDGE_LOOP('',(#9047,#9056,#9062,#9063,#9064));
#9047 = ORIENTED_EDGE('',*,*,#9048,.F.);
#9048 = EDGE_CURVE('',#9049,#9027,#9051,.T.);
#9049 = VERTEX_POINT('',#9050);
#9050 = CARTESIAN_POINT('',(120.5,85.5,27.25));
#9051 = CIRCLE('',#9052,2.25);
#9052 = AXIS2_PLACEMENT_3D('',#9053,#9054,#9055);
#9053 = CARTESIAN_POINT('',(120.5,85.5,25.));
#9054 = DIRECTION('',(-1.,1.110223024625E-16,0.));
#9055 = DIRECTION('',(0.,0.,1.));
#9056 = ORIENTED_EDGE('',*,*,#9057,.F.);
#9057 = EDGE_CURVE('',#8125,#9049,#9058,.T.);
#9058 = LINE('',#9059,#9060);
#9059 = CARTESIAN_POINT('',(124.5,85.5,27.25));
#9060 = VECTOR('',#9061,1.);
#9061 = DIRECTION('',(-1.,1.110223024625E-16,0.));
#9062 = ORIENTED_EDGE('',*,*,#8124,.T.);
#9063 = ORIENTED_EDGE('',*,*,#7921,.T.);
#9064 = ORIENTED_EDGE('',*,*,#9026,.T.);
#9065 = CYLINDRICAL_SURFACE('',#9066,2.25);
#9066 = AXIS2_PLACEMENT_3D('',#9067,#9068,#9069);
#9067 = CARTESIAN_POINT('',(124.5,85.5,25.));
#9068 = DIRECTION('',(-1.,1.110223024625E-16,0.));
#9069 = DIRECTION('',(0.,0.,1.));
#9070 = ADVANCED_FACE('',(#9071),#9105,.T.);
#9071 = FACE_BOUND('',#9072,.T.);
#9072 = EDGE_LOOP('',(#9073,#9074,#9075,#9076,#9084,#9092,#9098,#9099));
#9073 = ORIENTED_EDGE('',*,*,#7954,.F.);
#9074 = ORIENTED_EDGE('',*,*,#8110,.F.);
#9075 = ORIENTED_EDGE('',*,*,#8082,.T.);
#9076 = ORIENTED_EDGE('',*,*,#9077,.F.);
#9077 = EDGE_CURVE('',#9078,#8074,#9080,.T.);
#9078 = VERTEX_POINT('',#9079);
#9079 = CARTESIAN_POINT('',(126.,81.653311931459,30.));
#9080 = LINE('',#9081,#9082);
#9081 = CARTESIAN_POINT('',(126.,81.653311931459,30.));
#9082 = VECTOR('',#9083,1.);
#9083 = DIRECTION('',(-1.,1.110223024625E-16,0.));
#9084 = ORIENTED_EDGE('',*,*,#9085,.T.);
#9085 = EDGE_CURVE('',#9078,#9086,#9088,.T.);
#9086 = VERTEX_POINT('',#9087);
#9087 = CARTESIAN_POINT('',(126.,181.34668806854,30.));
#9088 = LINE('',#9089,#9090);
#9089 = CARTESIAN_POINT('',(126.,77.5,30.));
#9090 = VECTOR('',#9091,1.);
#9091 = DIRECTION('',(1.110223024625E-16,1.,0.));
#9092 = ORIENTED_EDGE('',*,*,#9093,.T.);
#9093 = EDGE_CURVE('',#9086,#8248,#9094,.T.);
#9094 = LINE('',#9095,#9096);
#9095 = CARTESIAN_POINT('',(126.,181.34668806854,30.));
#9096 = VECTOR('',#9097,1.);
#9097 = DIRECTION('',(-1.,1.110223024625E-16,0.));
#9098 = ORIENTED_EDGE('',*,*,#8276,.T.);
#9099 = ORIENTED_EDGE('',*,*,#9100,.T.);
#9100 = EDGE_CURVE('',#8269,#7947,#9101,.T.);
#9101 = LINE('',#9102,#9103);
#9102 = CARTESIAN_POINT('',(178.5,184.3,30.));
#9103 = VECTOR('',#9104,1.);
#9104 = DIRECTION('',(-1.,1.110223024625E-16,0.));
#9105 = PLANE('',#9106);
#9106 = AXIS2_PLACEMENT_3D('',#9107,#9108,#9109);
#9107 = CARTESIAN_POINT('',(178.5,77.5,30.));
#9108 = DIRECTION('',(0.,0.,1.));
#9109 = DIRECTION('',(1.110223024625E-16,1.,0.));
#9110 = ADVANCED_FACE('',(#9111),#9131,.F.);
#9111 = FACE_BOUND('',#9112,.F.);
#9112 = EDGE_LOOP('',(#9113,#9121,#9128,#9129,#9130));
#9113 = ORIENTED_EDGE('',*,*,#9114,.T.);
#9114 = EDGE_CURVE('',#7930,#9115,#9117,.T.);
#9115 = VERTEX_POINT('',#9116);
#9116 = CARTESIAN_POINT('',(120.5,185.5,27.2));
#9117 = LINE('',#9118,#9119);
#9118 = CARTESIAN_POINT('',(124.5,185.5,27.2));
#9119 = VECTOR('',#9120,1.);
#9120 = DIRECTION('',(-1.,1.110223024625E-16,0.));
#9121 = ORIENTED_EDGE('',*,*,#9122,.F.);
#9122 = EDGE_CURVE('',#9115,#9115,#9123,.T.);
#9123 = CIRCLE('',#9124,2.2);
#9124 = AXIS2_PLACEMENT_3D('',#9125,#9126,#9127);
#9125 = CARTESIAN_POINT('',(120.5,185.5,25.));
#9126 = DIRECTION('',(-1.,1.110223024625E-16,0.));
#9127 = DIRECTION('',(0.,0.,1.));
#9128 = ORIENTED_EDGE('',*,*,#9114,.F.);
#9129 = ORIENTED_EDGE('',*,*,#7929,.T.);
#9130 = ORIENTED_EDGE('',*,*,#8156,.T.);
#9131 = CYLINDRICAL_SURFACE('',#9132,2.2);
#9132 = AXIS2_PLACEMENT_3D('',#9133,#9134,#9135);
#9133 = CARTESIAN_POINT('',(124.5,185.5,25.));
#9134 = DIRECTION('',(-1.,1.110223024625E-16,0.));
#9135 = DIRECTION('',(0.,0.,1.));
#9136 = ADVANCED_FACE('',(#9137),#9143,.T.);
#9137 = FACE_BOUND('',#9138,.T.);
#9138 = EDGE_LOOP('',(#9139,#9140,#9141,#9142));
#9139 = ORIENTED_EDGE('',*,*,#8268,.T.);
#9140 = ORIENTED_EDGE('',*,*,#8182,.T.);
#9141 = ORIENTED_EDGE('',*,*,#7946,.T.);
#9142 = ORIENTED_EDGE('',*,*,#9100,.F.);
#9143 = PLANE('',#9144);
#9144 = AXIS2_PLACEMENT_3D('',#9145,#9146,#9147);
#9145 = CARTESIAN_POINT('',(178.5,184.9,29.4));
#9146 = DIRECTION('',(6.442841347715E-17,0.707106781187,0.707106781187)
  );
#9147 = DIRECTION('',(-1.,1.01068919302E-16,-9.953383160478E-18));
#9148 = ADVANCED_FACE('',(#9149),#9168,.F.);
#9149 = FACE_BOUND('',#9150,.F.);
#9150 = EDGE_LOOP('',(#9151,#9160,#9166,#9167));
#9151 = ORIENTED_EDGE('',*,*,#9152,.F.);
#9152 = EDGE_CURVE('',#9153,#9153,#9155,.T.);
#9153 = VERTEX_POINT('',#9154);
#9154 = CARTESIAN_POINT('',(120.5,167.5,8.6));
#9155 = CIRCLE('',#9156,1.6);
#9156 = AXIS2_PLACEMENT_3D('',#9157,#9158,#9159);
#9157 = CARTESIAN_POINT('',(120.5,167.5,7.));
#9158 = DIRECTION('',(-1.,1.110223024625E-16,0.));
#9159 = DIRECTION('',(0.,0.,1.));
#9160 = ORIENTED_EDGE('',*,*,#9161,.F.);
#9161 = EDGE_CURVE('',#7983,#9153,#9162,.T.);
#9162 = LINE('',#9163,#9164);
#9163 = CARTESIAN_POINT('',(124.5,167.5,8.6));
#9164 = VECTOR('',#9165,1.);
#9165 = DIRECTION('',(-1.,1.110223024625E-16,0.));
#9166 = ORIENTED_EDGE('',*,*,#7982,.T.);
#9167 = ORIENTED_EDGE('',*,*,#9161,.T.);
#9168 = CYLINDRICAL_SURFACE('',#9169,1.6);
#9169 = AXIS2_PLACEMENT_3D('',#9170,#9171,#9172);
#9170 = CARTESIAN_POINT('',(124.5,167.5,7.));
#9171 = DIRECTION('',(-1.,1.110223024625E-16,0.));
#9172 = DIRECTION('',(0.,0.,1.));
#9173 = ADVANCED_FACE('',(#9174),#9195,.T.);
#9174 = FACE_BOUND('',#9175,.T.);
#9175 = EDGE_LOOP('',(#9176,#9177,#9178,#9187,#9194));
#9176 = ORIENTED_EDGE('',*,*,#8073,.F.);
#9177 = ORIENTED_EDGE('',*,*,#8583,.F.);
#9178 = ORIENTED_EDGE('',*,*,#9179,.T.);
#9179 = EDGE_CURVE('',#8584,#9180,#9182,.T.);
#9180 = VERTEX_POINT('',#9181);
#9181 = CARTESIAN_POINT('',(126.,80.,31.));
#9182 = CIRCLE('',#9183,6.5);
#9183 = AXIS2_PLACEMENT_3D('',#9184,#9185,#9186);
#9184 = CARTESIAN_POINT('',(126.,77.5,25.));
#9185 = DIRECTION('',(-1.,1.110223024625E-16,0.));
#9186 = DIRECTION('',(0.,0.,1.));
#9187 = ORIENTED_EDGE('',*,*,#9188,.T.);
#9188 = EDGE_CURVE('',#9180,#9078,#9189,.T.);
#9189 = CIRCLE('',#9190,6.5);
#9190 = AXIS2_PLACEMENT_3D('',#9191,#9192,#9193);
#9191 = CARTESIAN_POINT('',(126.,77.5,25.));
#9192 = DIRECTION('',(-1.,1.110223024625E-16,0.));
#9193 = DIRECTION('',(0.,0.,1.));
#9194 = ORIENTED_EDGE('',*,*,#9077,.T.);
#9195 = CYLINDRICAL_SURFACE('',#9196,6.5);
#9196 = AXIS2_PLACEMENT_3D('',#9197,#9198,#9199);
#9197 = CARTESIAN_POINT('',(126.,77.5,25.));
#9198 = DIRECTION('',(-1.,1.110223024625E-16,0.));
#9199 = DIRECTION('',(0.,0.,1.));
#9200 = ADVANCED_FACE('',(#9201),#9212,.F.);
#9201 = FACE_BOUND('',#9202,.F.);
#9202 = EDGE_LOOP('',(#9203,#9204,#9205,#9206));
#9203 = ORIENTED_EDGE('',*,*,#8993,.F.);
#9204 = ORIENTED_EDGE('',*,*,#8135,.T.);
#9205 = ORIENTED_EDGE('',*,*,#9057,.T.);
#9206 = ORIENTED_EDGE('',*,*,#9207,.F.);
#9207 = EDGE_CURVE('',#8994,#9049,#9208,.T.);
#9208 = LINE('',#9209,#9210);
#9209 = CARTESIAN_POINT('',(120.5,74.5,27.25));
#9210 = VECTOR('',#9211,1.);
#9211 = DIRECTION('',(1.110223024625E-16,1.,0.));
#9212 = PLANE('',#9213);
#9213 = AXIS2_PLACEMENT_3D('',#9214,#9215,#9216);
#9214 = CARTESIAN_POINT('',(124.5,77.5,27.25));
#9215 = DIRECTION('',(0.,0.,1.));
#9216 = DIRECTION('',(1.110223024625E-16,1.,0.));
#9217 = ADVANCED_FACE('',(#9218),#9239,.T.);
#9218 = FACE_BOUND('',#9219,.T.);
#9219 = EDGE_LOOP('',(#9220,#9221,#9222,#9223,#9232));
#9220 = ORIENTED_EDGE('',*,*,#8291,.T.);
#9221 = ORIENTED_EDGE('',*,*,#8247,.F.);
#9222 = ORIENTED_EDGE('',*,*,#9093,.F.);
#9223 = ORIENTED_EDGE('',*,*,#9224,.T.);
#9224 = EDGE_CURVE('',#9086,#9225,#9227,.T.);
#9225 = VERTEX_POINT('',#9226);
#9226 = CARTESIAN_POINT('',(126.,183.,31.));
#9227 = CIRCLE('',#9228,6.5);
#9228 = AXIS2_PLACEMENT_3D('',#9229,#9230,#9231);
#9229 = CARTESIAN_POINT('',(126.,185.5,25.));
#9230 = DIRECTION('',(-1.,1.110223024625E-16,0.));
#9231 = DIRECTION('',(0.,0.,1.));
#9232 = ORIENTED_EDGE('',*,*,#9233,.T.);
#9233 = EDGE_CURVE('',#9225,#8292,#9234,.T.);
#9234 = CIRCLE('',#9235,6.5);
#9235 = AXIS2_PLACEMENT_3D('',#9236,#9237,#9238);
#9236 = CARTESIAN_POINT('',(126.,185.5,25.));
#9237 = DIRECTION('',(-1.,1.110223024625E-16,0.));
#9238 = DIRECTION('',(0.,0.,1.));
#9239 = CYLINDRICAL_SURFACE('',#9240,6.5);
#9240 = AXIS2_PLACEMENT_3D('',#9241,#9242,#9243);
#9241 = CARTESIAN_POINT('',(126.,185.5,25.));
#9242 = DIRECTION('',(-1.,1.110223024625E-16,0.));
#9243 = DIRECTION('',(0.,0.,1.));
#9244 = ADVANCED_FACE('',(#9245),#9272,.F.);
#9245 = FACE_BOUND('',#9246,.F.);
#9246 = EDGE_LOOP('',(#9247,#9255,#9256,#9257,#9265));
#9247 = ORIENTED_EDGE('',*,*,#9248,.F.);
#9248 = EDGE_CURVE('',#9225,#9249,#9251,.T.);
#9249 = VERTEX_POINT('',#9250);
#9250 = CARTESIAN_POINT('',(126.,185.5,31.));
#9251 = LINE('',#9252,#9253);
#9252 = CARTESIAN_POINT('',(126.,77.5,31.));
#9253 = VECTOR('',#9254,1.);
#9254 = DIRECTION('',(1.110223024625E-16,1.,0.));
#9255 = ORIENTED_EDGE('',*,*,#9233,.T.);
#9256 = ORIENTED_EDGE('',*,*,#8299,.T.);
#9257 = ORIENTED_EDGE('',*,*,#9258,.F.);
#9258 = EDGE_CURVE('',#9259,#8300,#9261,.T.);
#9259 = VERTEX_POINT('',#9260);
#9260 = CARTESIAN_POINT('',(126.,185.5,19.));
#9261 = LINE('',#9262,#9263);
#9262 = CARTESIAN_POINT('',(126.,185.5,19.));
#9263 = VECTOR('',#9264,1.);
#9264 = DIRECTION('',(-1.110223024625E-16,-1.,0.));
#9265 = ORIENTED_EDGE('',*,*,#9266,.F.);
#9266 = EDGE_CURVE('',#9249,#9259,#9267,.T.);
#9267 = CIRCLE('',#9268,6.);
#9268 = AXIS2_PLACEMENT_3D('',#9269,#9270,#9271);
#9269 = CARTESIAN_POINT('',(126.,185.5,25.));
#9270 = DIRECTION('',(-1.,1.110223024625E-16,0.));
#9271 = DIRECTION('',(0.,0.,1.));
#9272 = PLANE('',#9273);
#9273 = AXIS2_PLACEMENT_3D('',#9274,#9275,#9276);
#9274 = CARTESIAN_POINT('',(126.,185.5,25.));
#9275 = DIRECTION('',(-1.,1.110223024625E-16,0.));
#9276 = DIRECTION('',(0.,0.,1.));
#9277 = ADVANCED_FACE('',(#9278),#9294,.T.);
#9278 = FACE_BOUND('',#9279,.T.);
#9279 = EDGE_LOOP('',(#9280,#9281,#9287,#9288));
#9280 = ORIENTED_EDGE('',*,*,#8594,.F.);
#9281 = ORIENTED_EDGE('',*,*,#9282,.F.);
#9282 = EDGE_CURVE('',#8309,#8552,#9283,.T.);
#9283 = LINE('',#9284,#9285);
#9284 = CARTESIAN_POINT('',(126.,185.5,20.));
#9285 = VECTOR('',#9286,1.);
#9286 = DIRECTION('',(-1.110223024625E-16,-1.,0.));
#9287 = ORIENTED_EDGE('',*,*,#8308,.F.);
#9288 = ORIENTED_EDGE('',*,*,#9289,.T.);
#9289 = EDGE_CURVE('',#8300,#8595,#9290,.T.);
#9290 = LINE('',#9291,#9292);
#9291 = CARTESIAN_POINT('',(126.,185.5,19.));
#9292 = VECTOR('',#9293,1.);
#9293 = DIRECTION('',(-1.110223024625E-16,-1.,0.));
#9294 = PLANE('',#9295);
#9295 = AXIS2_PLACEMENT_3D('',#9296,#9297,#9298);
#9296 = CARTESIAN_POINT('',(126.,131.5,25.));
#9297 = DIRECTION('',(-1.,1.110223024625E-16,0.));
#9298 = DIRECTION('',(0.,0.,1.));
#9299 = ADVANCED_FACE('',(#9300),#9319,.T.);
#9300 = FACE_BOUND('',#9301,.T.);
#9301 = EDGE_LOOP('',(#9302,#9303,#9304,#9305,#9306,#9307,#9308,#9309,
    #9310,#9311,#9317,#9318));
#9302 = ORIENTED_EDGE('',*,*,#8367,.T.);
#9303 = ORIENTED_EDGE('',*,*,#8352,.T.);
#9304 = ORIENTED_EDGE('',*,*,#8333,.T.);
#9305 = ORIENTED_EDGE('',*,*,#9282,.T.);
#9306 = ORIENTED_EDGE('',*,*,#8560,.T.);
#9307 = ORIENTED_EDGE('',*,*,#8568,.T.);
#9308 = ORIENTED_EDGE('',*,*,#8526,.F.);
#9309 = ORIENTED_EDGE('',*,*,#8671,.F.);
#9310 = ORIENTED_EDGE('',*,*,#8663,.F.);
#9311 = ORIENTED_EDGE('',*,*,#9312,.F.);
#9312 = EDGE_CURVE('',#8394,#8636,#9313,.T.);
#9313 = LINE('',#9314,#9315);
#9314 = CARTESIAN_POINT('',(176.,185.5,20.));
#9315 = VECTOR('',#9316,1.);
#9316 = DIRECTION('',(-1.110223024625E-16,-1.,0.));
#9317 = ORIENTED_EDGE('',*,*,#8391,.F.);
#9318 = ORIENTED_EDGE('',*,*,#8410,.F.);
#9319 = PLANE('',#9320);
#9320 = AXIS2_PLACEMENT_3D('',#9321,#9322,#9323);
#9321 = CARTESIAN_POINT('',(176.,185.5,20.));
#9322 = DIRECTION('',(0.,0.,1.));
#9323 = DIRECTION('',(-1.110223024625E-16,-1.,0.));
#9324 = ADVANCED_FACE('',(#9325),#9352,.T.);
#9325 = FACE_BOUND('',#9326,.T.);
#9326 = EDGE_LOOP('',(#9327,#9335,#9336,#9337,#9345));
#9327 = ORIENTED_EDGE('',*,*,#9328,.F.);
#9328 = EDGE_CURVE('',#8696,#9329,#9331,.T.);
#9329 = VERTEX_POINT('',#9330);
#9330 = CARTESIAN_POINT('',(176.,185.5,31.));
#9331 = LINE('',#9332,#9333);
#9332 = CARTESIAN_POINT('',(176.,77.5,31.));
#9333 = VECTOR('',#9334,1.);
#9334 = DIRECTION('',(1.110223024625E-16,1.,0.));
#9335 = ORIENTED_EDGE('',*,*,#8720,.T.);
#9336 = ORIENTED_EDGE('',*,*,#8424,.T.);
#9337 = ORIENTED_EDGE('',*,*,#9338,.F.);
#9338 = EDGE_CURVE('',#9339,#8427,#9341,.T.);
#9339 = VERTEX_POINT('',#9340);
#9340 = CARTESIAN_POINT('',(176.,185.5,19.));
#9341 = LINE('',#9342,#9343);
#9342 = CARTESIAN_POINT('',(176.,185.5,19.));
#9343 = VECTOR('',#9344,1.);
#9344 = DIRECTION('',(-1.110223024625E-16,-1.,0.));
#9345 = ORIENTED_EDGE('',*,*,#9346,.F.);
#9346 = EDGE_CURVE('',#9329,#9339,#9347,.T.);
#9347 = CIRCLE('',#9348,6.);
#9348 = AXIS2_PLACEMENT_3D('',#9349,#9350,#9351);
#9349 = CARTESIAN_POINT('',(176.,185.5,25.));
#9350 = DIRECTION('',(-1.,1.110223024625E-16,0.));
#9351 = DIRECTION('',(0.,0.,1.));
#9352 = PLANE('',#9353);
#9353 = AXIS2_PLACEMENT_3D('',#9354,#9355,#9356);
#9354 = CARTESIAN_POINT('',(176.,185.5,25.));
#9355 = DIRECTION('',(-1.,1.110223024625E-16,0.));
#9356 = DIRECTION('',(0.,0.,1.));
#9357 = ADVANCED_FACE('',(#9358),#9369,.F.);
#9358 = FACE_BOUND('',#9359,.F.);
#9359 = EDGE_LOOP('',(#9360,#9361,#9362,#9363));
#9360 = ORIENTED_EDGE('',*,*,#8635,.F.);
#9361 = ORIENTED_EDGE('',*,*,#9312,.F.);
#9362 = ORIENTED_EDGE('',*,*,#8452,.F.);
#9363 = ORIENTED_EDGE('',*,*,#9364,.T.);
#9364 = EDGE_CURVE('',#8427,#8627,#9365,.T.);
#9365 = LINE('',#9366,#9367);
#9366 = CARTESIAN_POINT('',(176.,185.5,19.));
#9367 = VECTOR('',#9368,1.);
#9368 = DIRECTION('',(-1.110223024625E-16,-1.,0.));
#9369 = PLANE('',#9370);
#9370 = AXIS2_PLACEMENT_3D('',#9371,#9372,#9373);
#9371 = CARTESIAN_POINT('',(176.,131.5,25.));
#9372 = DIRECTION('',(-1.,1.110223024625E-16,0.));
#9373 = DIRECTION('',(0.,0.,1.));
#9374 = ADVANCED_FACE('',(#9375),#9401,.F.);
#9375 = FACE_BOUND('',#9376,.F.);
#9376 = EDGE_LOOP('',(#9377,#9388,#9394,#9395));
#9377 = ORIENTED_EDGE('',*,*,#9378,.F.);
#9378 = EDGE_CURVE('',#9379,#9381,#9383,.T.);
#9379 = VERTEX_POINT('',#9380);
#9380 = CARTESIAN_POINT('',(170.,186.81244047484,26.));
#9381 = VERTEX_POINT('',#9382);
#9382 = CARTESIAN_POINT('',(170.,184.18755952515,26.));
#9383 = CIRCLE('',#9384,1.65);
#9384 = AXIS2_PLACEMENT_3D('',#9385,#9386,#9387);
#9385 = CARTESIAN_POINT('',(170.,185.5,25.));
#9386 = DIRECTION('',(-1.,1.110223024625E-16,0.));
#9387 = DIRECTION('',(0.,0.,1.));
#9388 = ORIENTED_EDGE('',*,*,#9389,.F.);
#9389 = EDGE_CURVE('',#8482,#9379,#9390,.T.);
#9390 = LINE('',#9391,#9392);
#9391 = CARTESIAN_POINT('',(178.,186.81244047484,26.));
#9392 = VECTOR('',#9393,1.);
#9393 = DIRECTION('',(-1.,1.110223024625E-16,0.));
#9394 = ORIENTED_EDGE('',*,*,#8481,.T.);
#9395 = ORIENTED_EDGE('',*,*,#9396,.T.);
#9396 = EDGE_CURVE('',#8484,#9381,#9397,.T.);
#9397 = LINE('',#9398,#9399);
#9398 = CARTESIAN_POINT('',(178.,184.18755952515,26.));
#9399 = VECTOR('',#9400,1.);
#9400 = DIRECTION('',(-1.,1.110223024625E-16,0.));
#9401 = CYLINDRICAL_SURFACE('',#9402,1.65);
#9402 = AXIS2_PLACEMENT_3D('',#9403,#9404,#9405);
#9403 = CARTESIAN_POINT('',(178.,185.5,25.));
#9404 = DIRECTION('',(-1.,1.110223024625E-16,0.));
#9405 = DIRECTION('',(0.,0.,1.));
#9406 = ADVANCED_FACE('',(#9407),#9418,.F.);
#9407 = FACE_BOUND('',#9408,.F.);
#9408 = EDGE_LOOP('',(#9409,#9410,#9411,#9412));
#9409 = ORIENTED_EDGE('',*,*,#9396,.F.);
#9410 = ORIENTED_EDGE('',*,*,#8492,.T.);
#9411 = ORIENTED_EDGE('',*,*,#9389,.T.);
#9412 = ORIENTED_EDGE('',*,*,#9413,.F.);
#9413 = EDGE_CURVE('',#9381,#9379,#9414,.T.);
#9414 = LINE('',#9415,#9416);
#9415 = CARTESIAN_POINT('',(170.,184.25,26.));
#9416 = VECTOR('',#9417,1.);
#9417 = DIRECTION('',(1.110223024625E-16,1.,0.));
#9418 = PLANE('',#9419);
#9419 = AXIS2_PLACEMENT_3D('',#9420,#9421,#9422);
#9420 = CARTESIAN_POINT('',(178.5,183.,26.));
#9421 = DIRECTION('',(0.,0.,1.));
#9422 = DIRECTION('',(1.110223024625E-16,1.,0.));
#9423 = ADVANCED_FACE('',(#9424),#9451,.F.);
#9424 = FACE_BOUND('',#9425,.F.);
#9425 = EDGE_LOOP('',(#9426,#9434,#9435,#9436,#9444));
#9426 = ORIENTED_EDGE('',*,*,#9427,.F.);
#9427 = EDGE_CURVE('',#8595,#9428,#9430,.T.);
#9428 = VERTEX_POINT('',#9429);
#9429 = CARTESIAN_POINT('',(126.,77.5,19.));
#9430 = LINE('',#9431,#9432);
#9431 = CARTESIAN_POINT('',(126.,185.5,19.));
#9432 = VECTOR('',#9433,1.);
#9433 = DIRECTION('',(-1.110223024625E-16,-1.,0.));
#9434 = ORIENTED_EDGE('',*,*,#8603,.T.);
#9435 = ORIENTED_EDGE('',*,*,#9179,.T.);
#9436 = ORIENTED_EDGE('',*,*,#9437,.F.);
#9437 = EDGE_CURVE('',#9438,#9180,#9440,.T.);
#9438 = VERTEX_POINT('',#9439);
#9439 = CARTESIAN_POINT('',(126.,77.5,31.));
#9440 = LINE('',#9441,#9442);
#9441 = CARTESIAN_POINT('',(126.,77.5,31.));
#9442 = VECTOR('',#9443,1.);
#9443 = DIRECTION('',(1.110223024625E-16,1.,0.));
#9444 = ORIENTED_EDGE('',*,*,#9445,.F.);
#9445 = EDGE_CURVE('',#9428,#9438,#9446,.T.);
#9446 = CIRCLE('',#9447,6.);
#9447 = AXIS2_PLACEMENT_3D('',#9448,#9449,#9450);
#9448 = CARTESIAN_POINT('',(126.,77.5,25.));
#9449 = DIRECTION('',(-1.,1.110223024625E-16,0.));
#9450 = DIRECTION('',(0.,0.,1.));
#9451 = PLANE('',#9452);
#9452 = AXIS2_PLACEMENT_3D('',#9453,#9454,#9455);
#9453 = CARTESIAN_POINT('',(126.,77.5,25.));
#9454 = DIRECTION('',(-1.,1.110223024625E-16,0.));
#9455 = DIRECTION('',(0.,0.,1.));
#9456 = ADVANCED_FACE('',(#9457),#9484,.T.);
#9457 = FACE_BOUND('',#9458,.T.);
#9458 = EDGE_LOOP('',(#9459,#9467,#9468,#9469,#9477));
#9459 = ORIENTED_EDGE('',*,*,#9460,.F.);
#9460 = EDGE_CURVE('',#8627,#9461,#9463,.T.);
#9461 = VERTEX_POINT('',#9462);
#9462 = CARTESIAN_POINT('',(176.,77.5,19.));
#9463 = LINE('',#9464,#9465);
#9464 = CARTESIAN_POINT('',(176.,185.5,19.));
#9465 = VECTOR('',#9466,1.);
#9466 = DIRECTION('',(-1.110223024625E-16,-1.,0.));
#9467 = ORIENTED_EDGE('',*,*,#8626,.T.);
#9468 = ORIENTED_EDGE('',*,*,#8738,.T.);
#9469 = ORIENTED_EDGE('',*,*,#9470,.F.);
#9470 = EDGE_CURVE('',#9471,#8687,#9473,.T.);
#9471 = VERTEX_POINT('',#9472);
#9472 = CARTESIAN_POINT('',(176.,77.5,31.));
#9473 = LINE('',#9474,#9475);
#9474 = CARTESIAN_POINT('',(176.,77.5,31.));
#9475 = VECTOR('',#9476,1.);
#9476 = DIRECTION('',(1.110223024625E-16,1.,0.));
#9477 = ORIENTED_EDGE('',*,*,#9478,.F.);
#9478 = EDGE_CURVE('',#9461,#9471,#9479,.T.);
#9479 = CIRCLE('',#9480,6.);
#9480 = AXIS2_PLACEMENT_3D('',#9481,#9482,#9483);
#9481 = CARTESIAN_POINT('',(176.,77.5,25.));
#9482 = DIRECTION('',(-1.,1.110223024625E-16,0.));
#9483 = DIRECTION('',(0.,0.,1.));
#9484 = PLANE('',#9485);
#9485 = AXIS2_PLACEMENT_3D('',#9486,#9487,#9488);
#9486 = CARTESIAN_POINT('',(176.,77.5,25.));
#9487 = DIRECTION('',(-1.,1.110223024625E-16,0.));
#9488 = DIRECTION('',(0.,0.,1.));
#9489 = ADVANCED_FACE('',(#9490),#9515,.F.);
#9490 = FACE_BOUND('',#9491,.F.);
#9491 = EDGE_LOOP('',(#9492,#9498,#9499,#9505,#9506,#9512,#9513,#9514));
#9492 = ORIENTED_EDGE('',*,*,#9493,.T.);
#9493 = EDGE_CURVE('',#9471,#9438,#9494,.T.);
#9494 = LINE('',#9495,#9496);
#9495 = CARTESIAN_POINT('',(176.,77.5,31.));
#9496 = VECTOR('',#9497,1.);
#9497 = DIRECTION('',(-1.,1.110223024625E-16,0.));
#9498 = ORIENTED_EDGE('',*,*,#9437,.T.);
#9499 = ORIENTED_EDGE('',*,*,#9500,.T.);
#9500 = EDGE_CURVE('',#9180,#9225,#9501,.T.);
#9501 = LINE('',#9502,#9503);
#9502 = CARTESIAN_POINT('',(126.,77.5,31.));
#9503 = VECTOR('',#9504,1.);
#9504 = DIRECTION('',(1.110223024625E-16,1.,0.));
#9505 = ORIENTED_EDGE('',*,*,#9248,.T.);
#9506 = ORIENTED_EDGE('',*,*,#9507,.F.);
#9507 = EDGE_CURVE('',#9329,#9249,#9508,.T.);
#9508 = LINE('',#9509,#9510);
#9509 = CARTESIAN_POINT('',(176.,185.5,31.));
#9510 = VECTOR('',#9511,1.);
#9511 = DIRECTION('',(-1.,1.110223024625E-16,0.));
#9512 = ORIENTED_EDGE('',*,*,#9328,.F.);
#9513 = ORIENTED_EDGE('',*,*,#8695,.F.);
#9514 = ORIENTED_EDGE('',*,*,#9470,.F.);
#9515 = PLANE('',#9516);
#9516 = AXIS2_PLACEMENT_3D('',#9517,#9518,#9519);
#9517 = CARTESIAN_POINT('',(176.,77.5,31.));
#9518 = DIRECTION('',(0.,0.,-1.));
#9519 = DIRECTION('',(1.110223024625E-16,1.,0.));
#9520 = ADVANCED_FACE('',(#9521,#9527,#9530,#9536,#9539),#9542,.T.);
#9521 = FACE_BOUND('',#9522,.T.);
#9522 = EDGE_LOOP('',(#9523,#9524,#9525,#9526));
#9523 = ORIENTED_EDGE('',*,*,#8888,.F.);
#9524 = ORIENTED_EDGE('',*,*,#8928,.T.);
#9525 = ORIENTED_EDGE('',*,*,#8953,.T.);
#9526 = ORIENTED_EDGE('',*,*,#8904,.F.);
#9527 = FACE_BOUND('',#9528,.T.);
#9528 = EDGE_LOOP('',(#9529));
#9529 = ORIENTED_EDGE('',*,*,#8967,.F.);
#9530 = FACE_BOUND('',#9531,.T.);
#9531 = EDGE_LOOP('',(#9532,#9533,#9534,#9535));
#9532 = ORIENTED_EDGE('',*,*,#9001,.F.);
#9533 = ORIENTED_EDGE('',*,*,#9034,.T.);
#9534 = ORIENTED_EDGE('',*,*,#9048,.F.);
#9535 = ORIENTED_EDGE('',*,*,#9207,.F.);
#9536 = FACE_BOUND('',#9537,.T.);
#9537 = EDGE_LOOP('',(#9538));
#9538 = ORIENTED_EDGE('',*,*,#9152,.F.);
#9539 = FACE_BOUND('',#9540,.T.);
#9540 = EDGE_LOOP('',(#9541));
#9541 = ORIENTED_EDGE('',*,*,#9122,.F.);
#9542 = PLANE('',#9543);
#9543 = AXIS2_PLACEMENT_3D('',#9544,#9545,#9546);
#9544 = CARTESIAN_POINT('',(120.5,71.5,0.));
#9545 = DIRECTION('',(-1.,1.110223024625E-16,0.));
#9546 = DIRECTION('',(0.,0.,1.));
#9547 = ADVANCED_FACE('',(#9548),#9554,.T.);
#9548 = FACE_BOUND('',#9549,.T.);
#9549 = EDGE_LOOP('',(#9550,#9551,#9552,#9553));
#9550 = ORIENTED_EDGE('',*,*,#9188,.F.);
#9551 = ORIENTED_EDGE('',*,*,#9500,.T.);
#9552 = ORIENTED_EDGE('',*,*,#9224,.F.);
#9553 = ORIENTED_EDGE('',*,*,#9085,.F.);
#9554 = PLANE('',#9555);
#9555 = AXIS2_PLACEMENT_3D('',#9556,#9557,#9558);
#9556 = CARTESIAN_POINT('',(126.,131.5,25.));
#9557 = DIRECTION('',(-1.,1.110223024625E-16,0.));
#9558 = DIRECTION('',(0.,0.,1.));
#9559 = ADVANCED_FACE('',(#9560),#9571,.T.);
#9560 = FACE_BOUND('',#9561,.T.);
#9561 = EDGE_LOOP('',(#9562,#9563,#9564,#9565));
#9562 = ORIENTED_EDGE('',*,*,#9266,.F.);
#9563 = ORIENTED_EDGE('',*,*,#9507,.F.);
#9564 = ORIENTED_EDGE('',*,*,#9346,.T.);
#9565 = ORIENTED_EDGE('',*,*,#9566,.T.);
#9566 = EDGE_CURVE('',#9339,#9259,#9567,.T.);
#9567 = LINE('',#9568,#9569);
#9568 = CARTESIAN_POINT('',(176.,185.5,19.));
#9569 = VECTOR('',#9570,1.);
#9570 = DIRECTION('',(-1.,1.110223024625E-16,0.));
#9571 = CYLINDRICAL_SURFACE('',#9572,6.);
#9572 = AXIS2_PLACEMENT_3D('',#9573,#9574,#9575);
#9573 = CARTESIAN_POINT('',(176.,185.5,25.));
#9574 = DIRECTION('',(-1.,1.110223024625E-16,0.));
#9575 = DIRECTION('',(0.,0.,1.));
#9576 = ADVANCED_FACE('',(#9577),#9592,.F.);
#9577 = FACE_BOUND('',#9578,.F.);
#9578 = EDGE_LOOP('',(#9579,#9580,#9581,#9582,#9583,#9589,#9590,#9591));
#9579 = ORIENTED_EDGE('',*,*,#9566,.T.);
#9580 = ORIENTED_EDGE('',*,*,#9258,.T.);
#9581 = ORIENTED_EDGE('',*,*,#9289,.T.);
#9582 = ORIENTED_EDGE('',*,*,#9427,.T.);
#9583 = ORIENTED_EDGE('',*,*,#9584,.F.);
#9584 = EDGE_CURVE('',#9461,#9428,#9585,.T.);
#9585 = LINE('',#9586,#9587);
#9586 = CARTESIAN_POINT('',(176.,77.5,19.));
#9587 = VECTOR('',#9588,1.);
#9588 = DIRECTION('',(-1.,1.110223024625E-16,0.));
#9589 = ORIENTED_EDGE('',*,*,#9460,.F.);
#9590 = ORIENTED_EDGE('',*,*,#9364,.F.);
#9591 = ORIENTED_EDGE('',*,*,#9338,.F.);
#9592 = PLANE('',#9593);
#9593 = AXIS2_PLACEMENT_3D('',#9594,#9595,#9596);
#9594 = CARTESIAN_POINT('',(176.,185.5,19.));
#9595 = DIRECTION('',(0.,0.,1.));
#9596 = DIRECTION('',(-1.110223024625E-16,-1.,0.));
#9597 = ADVANCED_FACE('',(#9598),#9602,.F.);
#9598 = FACE_BOUND('',#9599,.F.);
#9599 = EDGE_LOOP('',(#9600,#9601));
#9600 = ORIENTED_EDGE('',*,*,#9413,.T.);
#9601 = ORIENTED_EDGE('',*,*,#9378,.T.);
#9602 = PLANE('',#9603);
#9603 = AXIS2_PLACEMENT_3D('',#9604,#9605,#9606);
#9604 = CARTESIAN_POINT('',(170.,185.5,25.));
#9605 = DIRECTION('',(-1.,1.110223024625E-16,0.));
#9606 = DIRECTION('',(0.,0.,1.));
#9607 = ADVANCED_FACE('',(#9608),#9614,.T.);
#9608 = FACE_BOUND('',#9609,.T.);
#9609 = EDGE_LOOP('',(#9610,#9611,#9612,#9613));
#9610 = ORIENTED_EDGE('',*,*,#9493,.T.);
#9611 = ORIENTED_EDGE('',*,*,#9445,.F.);
#9612 = ORIENTED_EDGE('',*,*,#9584,.F.);
#9613 = ORIENTED_EDGE('',*,*,#9478,.T.);
#9614 = CYLINDRICAL_SURFACE('',#9615,6.);
#9615 = AXIS2_PLACEMENT_3D('',#9616,#9617,#9618);
#9616 = CARTESIAN_POINT('',(176.,77.5,25.));
#9617 = DIRECTION('',(-1.,1.110223024625E-16,0.));
#9618 = DIRECTION('',(0.,0.,1.));
#9619 = ORIENTED_CLOSED_SHELL('',*,#9620,.F.);
#9620 = CLOSED_SHELL('',(#9621,#9654,#9685,#9710,#9727));
#9621 = ADVANCED_FACE('',(#9622),#9649,.T.);
#9622 = FACE_BOUND('',#9623,.T.);
#9623 = EDGE_LOOP('',(#9624,#9634,#9642));
#9624 = ORIENTED_EDGE('',*,*,#9625,.F.);
#9625 = EDGE_CURVE('',#9626,#9628,#9630,.T.);
#9626 = VERTEX_POINT('',#9627);
#9627 = CARTESIAN_POINT('',(126.,184.3,30.));
#9628 = VERTEX_POINT('',#9629);
#9629 = CARTESIAN_POINT('',(126.,184.41838969682,29.881610303175));
#9630 = LINE('',#9631,#9632);
#9631 = CARTESIAN_POINT('',(126.,186.15,28.15));
#9632 = VECTOR('',#9633,1.);
#9633 = DIRECTION('',(7.850462293419E-17,0.707106781187,-0.707106781187)
  );
#9634 = ORIENTED_EDGE('',*,*,#9635,.T.);
#9635 = EDGE_CURVE('',#9626,#9636,#9638,.T.);
#9636 = VERTEX_POINT('',#9637);
#9637 = CARTESIAN_POINT('',(126.,185.5,30.));
#9638 = LINE('',#9639,#9640);
#9639 = CARTESIAN_POINT('',(126.,77.5,30.));
#9640 = VECTOR('',#9641,1.);
#9641 = DIRECTION('',(1.110223024625E-16,1.,0.));
#9642 = ORIENTED_EDGE('',*,*,#9643,.F.);
#9643 = EDGE_CURVE('',#9628,#9636,#9644,.T.);
#9644 = CIRCLE('',#9645,5.);
#9645 = AXIS2_PLACEMENT_3D('',#9646,#9647,#9648);
#9646 = CARTESIAN_POINT('',(126.,185.5,25.));
#9647 = DIRECTION('',(-1.,1.110223024625E-16,0.));
#9648 = DIRECTION('',(0.,0.,1.));
#9649 = PLANE('',#9650);
#9650 = AXIS2_PLACEMENT_3D('',#9651,#9652,#9653);
#9651 = CARTESIAN_POINT('',(126.,185.5,25.));
#9652 = DIRECTION('',(-1.,1.110223024625E-16,0.));
#9653 = DIRECTION('',(0.,0.,1.));
#9654 = ADVANCED_FACE('',(#9655),#9680,.F.);
#9655 = FACE_BOUND('',#9656,.F.);
#9656 = EDGE_LOOP('',(#9657,#9665,#9673,#9679));
#9657 = ORIENTED_EDGE('',*,*,#9658,.F.);
#9658 = EDGE_CURVE('',#9659,#9626,#9661,.T.);
#9659 = VERTEX_POINT('',#9660);
#9660 = CARTESIAN_POINT('',(176.,184.3,30.));
#9661 = LINE('',#9662,#9663);
#9662 = CARTESIAN_POINT('',(178.5,184.3,30.));
#9663 = VECTOR('',#9664,1.);
#9664 = DIRECTION('',(-1.,1.110223024625E-16,0.));
#9665 = ORIENTED_EDGE('',*,*,#9666,.T.);
#9666 = EDGE_CURVE('',#9659,#9667,#9669,.T.);
#9667 = VERTEX_POINT('',#9668);
#9668 = CARTESIAN_POINT('',(176.,184.41838969682,29.881610303175));
#9669 = LINE('',#9670,#9671);
#9670 = CARTESIAN_POINT('',(176.,186.15,28.15));
#9671 = VECTOR('',#9672,1.);
#9672 = DIRECTION('',(7.850462293419E-17,0.707106781187,-0.707106781187)
  );
#9673 = ORIENTED_EDGE('',*,*,#9674,.T.);
#9674 = EDGE_CURVE('',#9667,#9628,#9675,.T.);
#9675 = LINE('',#9676,#9677);
#9676 = CARTESIAN_POINT('',(176.,184.41838969682,29.881610303175));
#9677 = VECTOR('',#9678,1.);
#9678 = DIRECTION('',(-1.,1.110223024625E-16,0.));
#9679 = ORIENTED_EDGE('',*,*,#9625,.F.);
#9680 = PLANE('',#9681);
#9681 = AXIS2_PLACEMENT_3D('',#9682,#9683,#9684);
#9682 = CARTESIAN_POINT('',(178.5,184.9,29.4));
#9683 = DIRECTION('',(6.442841347715E-17,0.707106781187,0.707106781187)
  );
#9684 = DIRECTION('',(-1.,1.01068919302E-16,-9.953383160478E-18));
#9685 = ADVANCED_FACE('',(#9686),#9705,.F.);
#9686 = FACE_BOUND('',#9687,.F.);
#9687 = EDGE_LOOP('',(#9688,#9696,#9697,#9698));
#9688 = ORIENTED_EDGE('',*,*,#9689,.T.);
#9689 = EDGE_CURVE('',#9690,#9636,#9692,.T.);
#9690 = VERTEX_POINT('',#9691);
#9691 = CARTESIAN_POINT('',(176.,185.5,30.));
#9692 = LINE('',#9693,#9694);
#9693 = CARTESIAN_POINT('',(176.,185.5,30.));
#9694 = VECTOR('',#9695,1.);
#9695 = DIRECTION('',(-1.,1.110223024625E-16,0.));
#9696 = ORIENTED_EDGE('',*,*,#9643,.F.);
#9697 = ORIENTED_EDGE('',*,*,#9674,.F.);
#9698 = ORIENTED_EDGE('',*,*,#9699,.T.);
#9699 = EDGE_CURVE('',#9667,#9690,#9700,.T.);
#9700 = CIRCLE('',#9701,5.);
#9701 = AXIS2_PLACEMENT_3D('',#9702,#9703,#9704);
#9702 = CARTESIAN_POINT('',(176.,185.5,25.));
#9703 = DIRECTION('',(-1.,1.110223024625E-16,0.));
#9704 = DIRECTION('',(0.,0.,1.));
#9705 = CYLINDRICAL_SURFACE('',#9706,5.);
#9706 = AXIS2_PLACEMENT_3D('',#9707,#9708,#9709);
#9707 = CARTESIAN_POINT('',(176.,185.5,25.));
#9708 = DIRECTION('',(-1.,1.110223024625E-16,0.));
#9709 = DIRECTION('',(0.,0.,1.));
#9710 = ADVANCED_FACE('',(#9711),#9722,.F.);
#9711 = FACE_BOUND('',#9712,.F.);
#9712 = EDGE_LOOP('',(#9713,#9719,#9720,#9721));
#9713 = ORIENTED_EDGE('',*,*,#9714,.F.);
#9714 = EDGE_CURVE('',#9659,#9690,#9715,.T.);
#9715 = LINE('',#9716,#9717);
#9716 = CARTESIAN_POINT('',(176.,77.5,30.));
#9717 = VECTOR('',#9718,1.);
#9718 = DIRECTION('',(1.110223024625E-16,1.,0.));
#9719 = ORIENTED_EDGE('',*,*,#9658,.T.);
#9720 = ORIENTED_EDGE('',*,*,#9635,.T.);
#9721 = ORIENTED_EDGE('',*,*,#9689,.F.);
#9722 = PLANE('',#9723);
#9723 = AXIS2_PLACEMENT_3D('',#9724,#9725,#9726);
#9724 = CARTESIAN_POINT('',(176.,77.5,30.));
#9725 = DIRECTION('',(0.,0.,-1.));
#9726 = DIRECTION('',(1.110223024625E-16,1.,0.));
#9727 = ADVANCED_FACE('',(#9728),#9733,.F.);
#9728 = FACE_BOUND('',#9729,.F.);
#9729 = EDGE_LOOP('',(#9730,#9731,#9732));
#9730 = ORIENTED_EDGE('',*,*,#9666,.F.);
#9731 = ORIENTED_EDGE('',*,*,#9714,.T.);
#9732 = ORIENTED_EDGE('',*,*,#9699,.F.);
#9733 = PLANE('',#9734);
#9734 = AXIS2_PLACEMENT_3D('',#9735,#9736,#9737);
#9735 = CARTESIAN_POINT('',(176.,185.5,25.));
#9736 = DIRECTION('',(-1.,1.110223024625E-16,0.));
#9737 = DIRECTION('',(0.,0.,1.));
#9738 = ORIENTED_CLOSED_SHELL('',*,#9739,.F.);
#9739 = CLOSED_SHELL('',(#9740,#9773,#9805,#9829,#9846));
#9740 = ADVANCED_FACE('',(#9741),#9768,.T.);
#9741 = FACE_BOUND('',#9742,.T.);
#9742 = EDGE_LOOP('',(#9743,#9754,#9762));
#9743 = ORIENTED_EDGE('',*,*,#9744,.F.);
#9744 = EDGE_CURVE('',#9745,#9747,#9749,.T.);
#9745 = VERTEX_POINT('',#9746);
#9746 = CARTESIAN_POINT('',(126.,77.5,30.));
#9747 = VERTEX_POINT('',#9748);
#9748 = CARTESIAN_POINT('',(126.,78.581610303175,29.881610303175));
#9749 = CIRCLE('',#9750,5.);
#9750 = AXIS2_PLACEMENT_3D('',#9751,#9752,#9753);
#9751 = CARTESIAN_POINT('',(126.,77.5,25.));
#9752 = DIRECTION('',(-1.,1.110223024625E-16,0.));
#9753 = DIRECTION('',(0.,0.,1.));
#9754 = ORIENTED_EDGE('',*,*,#9755,.T.);
#9755 = EDGE_CURVE('',#9745,#9756,#9758,.T.);
#9756 = VERTEX_POINT('',#9757);
#9757 = CARTESIAN_POINT('',(126.,78.7,30.));
#9758 = LINE('',#9759,#9760);
#9759 = CARTESIAN_POINT('',(126.,77.5,30.));
#9760 = VECTOR('',#9761,1.);
#9761 = DIRECTION('',(1.110223024625E-16,1.,0.));
#9762 = ORIENTED_EDGE('',*,*,#9763,.T.);
#9763 = EDGE_CURVE('',#9756,#9747,#9764,.T.);
#9764 = LINE('',#9765,#9766);
#9765 = CARTESIAN_POINT('',(126.,76.85,28.15));
#9766 = VECTOR('',#9767,1.);
#9767 = DIRECTION('',(-7.850462293419E-17,-0.707106781187,
    -0.707106781187));
#9768 = PLANE('',#9769);
#9769 = AXIS2_PLACEMENT_3D('',#9770,#9771,#9772);
#9770 = CARTESIAN_POINT('',(126.,77.5,25.));
#9771 = DIRECTION('',(-1.,1.110223024625E-16,0.));
#9772 = DIRECTION('',(0.,0.,1.));
#9773 = ADVANCED_FACE('',(#9774),#9800,.F.);
#9774 = FACE_BOUND('',#9775,.F.);
#9775 = EDGE_LOOP('',(#9776,#9777,#9785,#9794));
#9776 = ORIENTED_EDGE('',*,*,#9744,.F.);
#9777 = ORIENTED_EDGE('',*,*,#9778,.F.);
#9778 = EDGE_CURVE('',#9779,#9745,#9781,.T.);
#9779 = VERTEX_POINT('',#9780);
#9780 = CARTESIAN_POINT('',(176.,77.5,30.));
#9781 = LINE('',#9782,#9783);
#9782 = CARTESIAN_POINT('',(176.,77.5,30.));
#9783 = VECTOR('',#9784,1.);
#9784 = DIRECTION('',(-1.,1.110223024625E-16,0.));
#9785 = ORIENTED_EDGE('',*,*,#9786,.T.);
#9786 = EDGE_CURVE('',#9779,#9787,#9789,.T.);
#9787 = VERTEX_POINT('',#9788);
#9788 = CARTESIAN_POINT('',(176.,78.581610303175,29.881610303175));
#9789 = CIRCLE('',#9790,5.);
#9790 = AXIS2_PLACEMENT_3D('',#9791,#9792,#9793);
#9791 = CARTESIAN_POINT('',(176.,77.5,25.));
#9792 = DIRECTION('',(-1.,1.110223024625E-16,0.));
#9793 = DIRECTION('',(0.,0.,1.));
#9794 = ORIENTED_EDGE('',*,*,#9795,.T.);
#9795 = EDGE_CURVE('',#9787,#9747,#9796,.T.);
#9796 = LINE('',#9797,#9798);
#9797 = CARTESIAN_POINT('',(176.,78.581610303175,29.881610303175));
#9798 = VECTOR('',#9799,1.);
#9799 = DIRECTION('',(-1.,1.110223024625E-16,0.));
#9800 = CYLINDRICAL_SURFACE('',#9801,5.);
#9801 = AXIS2_PLACEMENT_3D('',#9802,#9803,#9804);
#9802 = CARTESIAN_POINT('',(176.,77.5,25.));
#9803 = DIRECTION('',(-1.,1.110223024625E-16,0.));
#9804 = DIRECTION('',(0.,0.,1.));
#9805 = ADVANCED_FACE('',(#9806),#9824,.T.);
#9806 = FACE_BOUND('',#9807,.T.);
#9807 = EDGE_LOOP('',(#9808,#9816,#9822,#9823));
#9808 = ORIENTED_EDGE('',*,*,#9809,.F.);
#9809 = EDGE_CURVE('',#9810,#9756,#9812,.T.);
#9810 = VERTEX_POINT('',#9811);
#9811 = CARTESIAN_POINT('',(176.,78.7,30.));
#9812 = LINE('',#9813,#9814);
#9813 = CARTESIAN_POINT('',(178.5,78.7,30.));
#9814 = VECTOR('',#9815,1.);
#9815 = DIRECTION('',(-1.,1.110223024625E-16,0.));
#9816 = ORIENTED_EDGE('',*,*,#9817,.T.);
#9817 = EDGE_CURVE('',#9810,#9787,#9818,.T.);
#9818 = LINE('',#9819,#9820);
#9819 = CARTESIAN_POINT('',(176.,76.85,28.15));
#9820 = VECTOR('',#9821,1.);
#9821 = DIRECTION('',(-7.850462293419E-17,-0.707106781187,
    -0.707106781187));
#9822 = ORIENTED_EDGE('',*,*,#9795,.T.);
#9823 = ORIENTED_EDGE('',*,*,#9763,.F.);
#9824 = PLANE('',#9825);
#9825 = AXIS2_PLACEMENT_3D('',#9826,#9827,#9828);
#9826 = CARTESIAN_POINT('',(178.5,78.1,29.4));
#9827 = DIRECTION('',(7.850462293419E-17,0.707106781187,-0.707106781187)
  );
#9828 = DIRECTION('',(-1.,1.110223024625E-16,0.));
#9829 = ADVANCED_FACE('',(#9830),#9841,.F.);
#9830 = FACE_BOUND('',#9831,.F.);
#9831 = EDGE_LOOP('',(#9832,#9838,#9839,#9840));
#9832 = ORIENTED_EDGE('',*,*,#9833,.F.);
#9833 = EDGE_CURVE('',#9779,#9810,#9834,.T.);
#9834 = LINE('',#9835,#9836);
#9835 = CARTESIAN_POINT('',(176.,77.5,30.));
#9836 = VECTOR('',#9837,1.);
#9837 = DIRECTION('',(1.110223024625E-16,1.,0.));
#9838 = ORIENTED_EDGE('',*,*,#9778,.T.);
#9839 = ORIENTED_EDGE('',*,*,#9755,.T.);
#9840 = ORIENTED_EDGE('',*,*,#9809,.F.);
#9841 = PLANE('',#9842);
#9842 = AXIS2_PLACEMENT_3D('',#9843,#9844,#9845);
#9843 = CARTESIAN_POINT('',(176.,77.5,30.));
#9844 = DIRECTION('',(0.,0.,-1.));
#9845 = DIRECTION('',(1.110223024625E-16,1.,0.));
#9846 = ADVANCED_FACE('',(#9847),#9852,.F.);
#9847 = FACE_BOUND('',#9848,.F.);
#9848 = EDGE_LOOP('',(#9849,#9850,#9851));
#9849 = ORIENTED_EDGE('',*,*,#9786,.F.);
#9850 = ORIENTED_EDGE('',*,*,#9833,.T.);
#9851 = ORIENTED_EDGE('',*,*,#9817,.T.);
#9852 = PLANE('',#9853);
#9853 = AXIS2_PLACEMENT_3D('',#9854,#9855,#9856);
#9854 = CARTESIAN_POINT('',(176.,77.5,25.));
#9855 = DIRECTION('',(-1.,1.110223024625E-16,0.));
#9856 = DIRECTION('',(0.,0.,1.));
#9857 = ( GEOMETRIC_REPRESENTATION_CONTEXT(3) 
GLOBAL_UNCERTAINTY_ASSIGNED_CONTEXT((#9861)) 
GLOBAL_UNIT_ASSIGNED_CONTEXT((#9858,#9859,#9860)) REPRESENTATION_CONTEXT
('Context #1','3D Context with UNIT and UNCERTAINTY') );
#9858 = ( LENGTH_UNIT() NAMED_UNIT(*) SI_UNIT(.MILLI.,.METRE.) );
#9859 = ( NAMED_UNIT(*) PLANE_ANGLE_UNIT() SI_UNIT($,.RADIAN.) );
#9860 = ( NAMED_UNIT(*) SI_UNIT($,.STERADIAN.) SOLID_ANGLE_UNIT() );
#9861 = UNCERTAINTY_MEASURE_WITH_UNIT(LENGTH_MEASURE(1.E-07),#9858,
  'distance_accuracy_value','confusion accuracy');
#9862 = PRODUCT_RELATED_PRODUCT_CATEGORY('part',$,(#7));
ENDSEC;
END-ISO-10303-21;
