ISO-10303-21;
HEADER;
FILE_DESCRIPTION(('FreeCAD Model'),'2;1');
FILE_NAME('Open CASCADE Shape Model','2026-08-10T11:05:54',('FreeCAD'),(
    'FreeCAD'),'Open CASCADE STEP processor 7.8','FreeCAD','Unknown');
FILE_SCHEMA(('AUTOMOTIVE_DESIGN { 1 0 10303 214 1 1 1 1 }'));
ENDSEC;
DATA;
#1 = APPLICATION_PROTOCOL_DEFINITION('international standard',
  'automotive_design',2000,#2);
#2 = APPLICATION_CONTEXT(
  'core data for automotive mechanical design processes');
#3 = SHAPE_DEFINITION_REPRESENTATION(#4,#10);
#4 = PRODUCT_DEFINITION_SHAPE('','',#5);
#5 = PRODUCT_DEFINITION('design','',#6,#9);
#6 = PRODUCT_DEFINITION_FORMATION('','',#7);
#7 = PRODUCT('Open CASCADE STEP translator 7.8 14',
  'Open CASCADE STEP translator 7.8 14','',(#8));
#8 = PRODUCT_CONTEXT('',#2,'mechanical');
#9 = PRODUCT_DEFINITION_CONTEXT('part definition',#2,'design');
#10 = ADVANCED_BREP_SHAPE_REPRESENTATION('',(#11,#15),#3299);
#11 = AXIS2_PLACEMENT_3D('',#12,#13,#14);
#12 = CARTESIAN_POINT('',(0.,0.,0.));
#13 = DIRECTION('',(0.,0.,1.));
#14 = DIRECTION('',(1.,0.,-0.));
#15 = BREP_WITH_VOIDS('',#16,(#3061,#3180));
#16 = CLOSED_SHELL('',(#17,#57,#178,#202,#367,#384,#403,#434,#458,#493,
    #510,#532,#549,#573,#592,#609,#656,#680,#720,#737,#816,#840,#1040,
    #1096,#1128,#1152,#1175,#1192,#1238,#1263,#1275,#1292,#1430,#1442,
    #1477,#1495,#1538,#1555,#1580,#1602,#1643,#1660,#1678,#1721,#1764,
    #1797,#1822,#1855,#1898,#1937,#1948,#1981,#2014,#2049,#2092,#2117,
    #2150,#2169,#2188,#2231,#2256,#2273,#2290,#2302,#2333,#2357,#2388,
    #2405,#2422,#2448,#2480,#2513,#2530,#2555,#2580,#2615,#2642,#2659,
    #2686,#2719,#2741,#2766,#2799,#2816,#2848,#2865,#2898,#2931,#2962,
    #2989,#3001,#3018,#3039,#3049));
#17 = ADVANCED_FACE('',(#18),#52,.F.);
#18 = FACE_BOUND('',#19,.F.);
#19 = EDGE_LOOP('',(#20,#30,#38,#46));
#20 = ORIENTED_EDGE('',*,*,#21,.F.);
#21 = EDGE_CURVE('',#22,#24,#26,.T.);
#22 = VERTEX_POINT('',#23);
#23 = CARTESIAN_POINT('',(0.,0.,0.));
#24 = VERTEX_POINT('',#25);
#25 = CARTESIAN_POINT('',(0.,0.,35.));
#26 = LINE('',#27,#28);
#27 = CARTESIAN_POINT('',(0.,0.,0.));
#28 = VECTOR('',#29,1.);
#29 = DIRECTION('',(0.,0.,1.));
#30 = ORIENTED_EDGE('',*,*,#31,.T.);
#31 = EDGE_CURVE('',#22,#32,#34,.T.);
#32 = VERTEX_POINT('',#33);
#33 = CARTESIAN_POINT('',(0.,2.,0.));
#34 = LINE('',#35,#36);
#35 = CARTESIAN_POINT('',(0.,0.,0.));
#36 = VECTOR('',#37,1.);
#37 = DIRECTION('',(-0.,1.,0.));
#38 = ORIENTED_EDGE('',*,*,#39,.T.);
#39 = EDGE_CURVE('',#32,#40,#42,.T.);
#40 = VERTEX_POINT('',#41);
#41 = CARTESIAN_POINT('',(0.,2.,35.));
#42 = LINE('',#43,#44);
#43 = CARTESIAN_POINT('',(0.,2.,0.));
#44 = VECTOR('',#45,1.);
#45 = DIRECTION('',(0.,0.,1.));
#46 = ORIENTED_EDGE('',*,*,#47,.F.);
#47 = EDGE_CURVE('',#24,#40,#48,.T.);
#48 = LINE('',#49,#50);
#49 = CARTESIAN_POINT('',(0.,0.,35.));
#50 = VECTOR('',#51,1.);
#51 = DIRECTION('',(-0.,1.,0.));
#52 = PLANE('',#53);
#53 = AXIS2_PLACEMENT_3D('',#54,#55,#56);
#54 = CARTESIAN_POINT('',(0.,0.,0.));
#55 = DIRECTION('',(1.,0.,-0.));
#56 = DIRECTION('',(0.,0.,1.));
#57 = ADVANCED_FACE('',(#58,#115,#126,#162),#173,.F.);
#58 = FACE_BOUND('',#59,.F.);
#59 = EDGE_LOOP('',(#60,#70,#76,#77,#85,#93,#101,#109));
#60 = ORIENTED_EDGE('',*,*,#61,.F.);
#61 = EDGE_CURVE('',#62,#64,#66,.T.);
#62 = VERTEX_POINT('',#63);
#63 = CARTESIAN_POINT('',(70.,0.,0.));
#64 = VERTEX_POINT('',#65);
#65 = CARTESIAN_POINT('',(70.,0.,16.1));
#66 = LINE('',#67,#68);
#67 = CARTESIAN_POINT('',(70.,0.,0.));
#68 = VECTOR('',#69,1.);
#69 = DIRECTION('',(0.,0.,1.));
#70 = ORIENTED_EDGE('',*,*,#71,.F.);
#71 = EDGE_CURVE('',#22,#62,#72,.T.);
#72 = LINE('',#73,#74);
#73 = CARTESIAN_POINT('',(0.,0.,0.));
#74 = VECTOR('',#75,1.);
#75 = DIRECTION('',(1.,0.,-0.));
#76 = ORIENTED_EDGE('',*,*,#21,.T.);
#77 = ORIENTED_EDGE('',*,*,#78,.T.);
#78 = EDGE_CURVE('',#24,#79,#81,.T.);
#79 = VERTEX_POINT('',#80);
#80 = CARTESIAN_POINT('',(70.,0.,35.));
#81 = LINE('',#82,#83);
#82 = CARTESIAN_POINT('',(0.,0.,35.));
#83 = VECTOR('',#84,1.);
#84 = DIRECTION('',(1.,0.,-0.));
#85 = ORIENTED_EDGE('',*,*,#86,.F.);
#86 = EDGE_CURVE('',#87,#79,#89,.T.);
#87 = VERTEX_POINT('',#88);
#88 = CARTESIAN_POINT('',(70.,0.,33.9));
#89 = LINE('',#90,#91);
#90 = CARTESIAN_POINT('',(70.,0.,0.));
#91 = VECTOR('',#92,1.);
#92 = DIRECTION('',(0.,0.,1.));
#93 = ORIENTED_EDGE('',*,*,#94,.F.);
#94 = EDGE_CURVE('',#95,#87,#97,.T.);
#95 = VERTEX_POINT('',#96);
#96 = CARTESIAN_POINT('',(56.1,0.,33.9));
#97 = LINE('',#98,#99);
#98 = CARTESIAN_POINT('',(56.1,0.,33.9));
#99 = VECTOR('',#100,1.);
#100 = DIRECTION('',(1.,0.,-0.));
#101 = ORIENTED_EDGE('',*,*,#102,.F.);
#102 = EDGE_CURVE('',#103,#95,#105,.T.);
#103 = VERTEX_POINT('',#104);
#104 = CARTESIAN_POINT('',(56.1,0.,16.1));
#105 = LINE('',#106,#107);
#106 = CARTESIAN_POINT('',(56.1,0.,16.1));
#107 = VECTOR('',#108,1.);
#108 = DIRECTION('',(0.,0.,1.));
#109 = ORIENTED_EDGE('',*,*,#110,.T.);
#110 = EDGE_CURVE('',#103,#64,#111,.T.);
#111 = LINE('',#112,#113);
#112 = CARTESIAN_POINT('',(56.1,0.,16.1));
#113 = VECTOR('',#114,1.);
#114 = DIRECTION('',(1.,0.,-0.));
#115 = FACE_BOUND('',#116,.F.);
#116 = EDGE_LOOP('',(#117));
#117 = ORIENTED_EDGE('',*,*,#118,.F.);
#118 = EDGE_CURVE('',#119,#119,#121,.T.);
#119 = VERTEX_POINT('',#120);
#120 = CARTESIAN_POINT('',(24.,0.,8.6));
#121 = CIRCLE('',#122,1.6);
#122 = AXIS2_PLACEMENT_3D('',#123,#124,#125);
#123 = CARTESIAN_POINT('',(24.,0.,7.));
#124 = DIRECTION('',(0.,1.,0.));
#125 = DIRECTION('',(0.,-0.,1.));
#126 = FACE_BOUND('',#127,.F.);
#127 = EDGE_LOOP('',(#128,#139,#147,#156));
#128 = ORIENTED_EDGE('',*,*,#129,.F.);
#129 = EDGE_CURVE('',#130,#132,#134,.T.);
#130 = VERTEX_POINT('',#131);
#131 = CARTESIAN_POINT('',(6.,0.,22.75));
#132 = VERTEX_POINT('',#133);
#133 = CARTESIAN_POINT('',(6.,0.,27.25));
#134 = CIRCLE('',#135,2.25);
#135 = AXIS2_PLACEMENT_3D('',#136,#137,#138);
#136 = CARTESIAN_POINT('',(6.,0.,25.));
#137 = DIRECTION('',(0.,1.,0.));
#138 = DIRECTION('',(0.,-0.,1.));
#139 = ORIENTED_EDGE('',*,*,#140,.T.);
#140 = EDGE_CURVE('',#130,#141,#143,.T.);
#141 = VERTEX_POINT('',#142);
#142 = CARTESIAN_POINT('',(14.,0.,22.75));
#143 = LINE('',#144,#145);
#144 = CARTESIAN_POINT('',(3.,0.,22.75));
#145 = VECTOR('',#146,1.);
#146 = DIRECTION('',(1.,0.,-0.));
#147 = ORIENTED_EDGE('',*,*,#148,.F.);
#148 = EDGE_CURVE('',#149,#141,#151,.T.);
#149 = VERTEX_POINT('',#150);
#150 = CARTESIAN_POINT('',(14.,0.,27.25));
#151 = CIRCLE('',#152,2.25);
#152 = AXIS2_PLACEMENT_3D('',#153,#154,#155);
#153 = CARTESIAN_POINT('',(14.,0.,25.));
#154 = DIRECTION('',(0.,1.,0.));
#155 = DIRECTION('',(0.,-0.,1.));
#156 = ORIENTED_EDGE('',*,*,#157,.F.);
#157 = EDGE_CURVE('',#132,#149,#158,.T.);
#158 = LINE('',#159,#160);
#159 = CARTESIAN_POINT('',(3.,0.,27.25));
#160 = VECTOR('',#161,1.);
#161 = DIRECTION('',(1.,0.,-0.));
#162 = FACE_BOUND('',#163,.F.);
#163 = EDGE_LOOP('',(#164));
#164 = ORIENTED_EDGE('',*,*,#165,.F.);
#165 = EDGE_CURVE('',#166,#166,#168,.T.);
#166 = VERTEX_POINT('',#167);
#167 = CARTESIAN_POINT('',(46.,0.,8.6));
#168 = CIRCLE('',#169,1.6);
#169 = AXIS2_PLACEMENT_3D('',#170,#171,#172);
#170 = CARTESIAN_POINT('',(46.,0.,7.));
#171 = DIRECTION('',(0.,1.,0.));
#172 = DIRECTION('',(0.,-0.,1.));
#173 = PLANE('',#174);
#174 = AXIS2_PLACEMENT_3D('',#175,#176,#177);
#175 = CARTESIAN_POINT('',(0.,0.,0.));
#176 = DIRECTION('',(-0.,1.,0.));
#177 = DIRECTION('',(0.,0.,1.));
#178 = ADVANCED_FACE('',(#179),#197,.T.);
#179 = FACE_BOUND('',#180,.T.);
#180 = EDGE_LOOP('',(#181,#182,#183,#191));
#181 = ORIENTED_EDGE('',*,*,#47,.F.);
#182 = ORIENTED_EDGE('',*,*,#78,.T.);
#183 = ORIENTED_EDGE('',*,*,#184,.T.);
#184 = EDGE_CURVE('',#79,#185,#187,.T.);
#185 = VERTEX_POINT('',#186);
#186 = CARTESIAN_POINT('',(70.,2.,35.));
#187 = LINE('',#188,#189);
#188 = CARTESIAN_POINT('',(70.,0.,35.));
#189 = VECTOR('',#190,1.);
#190 = DIRECTION('',(-0.,1.,0.));
#191 = ORIENTED_EDGE('',*,*,#192,.F.);
#192 = EDGE_CURVE('',#40,#185,#193,.T.);
#193 = LINE('',#194,#195);
#194 = CARTESIAN_POINT('',(0.,2.,35.));
#195 = VECTOR('',#196,1.);
#196 = DIRECTION('',(1.,0.,-0.));
#197 = PLANE('',#198);
#198 = AXIS2_PLACEMENT_3D('',#199,#200,#201);
#199 = CARTESIAN_POINT('',(0.,0.,35.));
#200 = DIRECTION('',(0.,0.,1.));
#201 = DIRECTION('',(1.,0.,-0.));
#202 = ADVANCED_FACE('',(#203,#221,#232,#266,#277),#362,.T.);
#203 = FACE_BOUND('',#204,.T.);
#204 = EDGE_LOOP('',(#205,#213,#214,#215));
#205 = ORIENTED_EDGE('',*,*,#206,.F.);
#206 = EDGE_CURVE('',#32,#207,#209,.T.);
#207 = VERTEX_POINT('',#208);
#208 = CARTESIAN_POINT('',(70.,2.,0.));
#209 = LINE('',#210,#211);
#210 = CARTESIAN_POINT('',(0.,2.,0.));
#211 = VECTOR('',#212,1.);
#212 = DIRECTION('',(1.,0.,-0.));
#213 = ORIENTED_EDGE('',*,*,#39,.T.);
#214 = ORIENTED_EDGE('',*,*,#192,.T.);
#215 = ORIENTED_EDGE('',*,*,#216,.F.);
#216 = EDGE_CURVE('',#207,#185,#217,.T.);
#217 = LINE('',#218,#219);
#218 = CARTESIAN_POINT('',(70.,2.,0.));
#219 = VECTOR('',#220,1.);
#220 = DIRECTION('',(0.,0.,1.));
#221 = FACE_BOUND('',#222,.T.);
#222 = EDGE_LOOP('',(#223));
#223 = ORIENTED_EDGE('',*,*,#224,.F.);
#224 = EDGE_CURVE('',#225,#225,#227,.T.);
#225 = VERTEX_POINT('',#226);
#226 = CARTESIAN_POINT('',(24.,2.,8.6));
#227 = CIRCLE('',#228,1.6);
#228 = AXIS2_PLACEMENT_3D('',#229,#230,#231);
#229 = CARTESIAN_POINT('',(24.,2.,7.));
#230 = DIRECTION('',(0.,1.,0.));
#231 = DIRECTION('',(0.,-0.,1.));
#232 = FACE_BOUND('',#233,.T.);
#233 = EDGE_LOOP('',(#234,#244,#252,#260));
#234 = ORIENTED_EDGE('',*,*,#235,.F.);
#235 = EDGE_CURVE('',#236,#238,#240,.T.);
#236 = VERTEX_POINT('',#237);
#237 = CARTESIAN_POINT('',(16.,2.,15.5));
#238 = VERTEX_POINT('',#239);
#239 = CARTESIAN_POINT('',(16.,2.,17.3));
#240 = LINE('',#241,#242);
#241 = CARTESIAN_POINT('',(16.,2.,15.5));
#242 = VECTOR('',#243,1.);
#243 = DIRECTION('',(0.,0.,1.));
#244 = ORIENTED_EDGE('',*,*,#245,.T.);
#245 = EDGE_CURVE('',#236,#246,#248,.T.);
#246 = VERTEX_POINT('',#247);
#247 = CARTESIAN_POINT('',(54.,2.,15.5));
#248 = LINE('',#249,#250);
#249 = CARTESIAN_POINT('',(16.,2.,15.5));
#250 = VECTOR('',#251,1.);
#251 = DIRECTION('',(1.,0.,-0.));
#252 = ORIENTED_EDGE('',*,*,#253,.T.);
#253 = EDGE_CURVE('',#246,#254,#256,.T.);
#254 = VERTEX_POINT('',#255);
#255 = CARTESIAN_POINT('',(54.,2.,17.3));
#256 = LINE('',#257,#258);
#257 = CARTESIAN_POINT('',(54.,2.,15.5));
#258 = VECTOR('',#259,1.);
#259 = DIRECTION('',(0.,0.,1.));
#260 = ORIENTED_EDGE('',*,*,#261,.F.);
#261 = EDGE_CURVE('',#238,#254,#262,.T.);
#262 = LINE('',#263,#264);
#263 = CARTESIAN_POINT('',(16.,2.,17.3));
#264 = VECTOR('',#265,1.);
#265 = DIRECTION('',(1.,0.,-0.));
#266 = FACE_BOUND('',#267,.T.);
#267 = EDGE_LOOP('',(#268));
#268 = ORIENTED_EDGE('',*,*,#269,.F.);
#269 = EDGE_CURVE('',#270,#270,#272,.T.);
#270 = VERTEX_POINT('',#271);
#271 = CARTESIAN_POINT('',(46.,2.,8.6));
#272 = CIRCLE('',#273,1.6);
#273 = AXIS2_PLACEMENT_3D('',#274,#275,#276);
#274 = CARTESIAN_POINT('',(46.,2.,7.));
#275 = DIRECTION('',(0.,1.,0.));
#276 = DIRECTION('',(0.,-0.,1.));
#277 = FACE_BOUND('',#278,.T.);
#278 = EDGE_LOOP('',(#279,#290,#298,#307,#315,#324,#332,#340,#348,#356)
  );
#279 = ORIENTED_EDGE('',*,*,#280,.F.);
#280 = EDGE_CURVE('',#281,#283,#285,.T.);
#281 = VERTEX_POINT('',#282);
#282 = CARTESIAN_POINT('',(6.,2.,22.75));
#283 = VERTEX_POINT('',#284);
#284 = CARTESIAN_POINT('',(6.,2.,27.25));
#285 = CIRCLE('',#286,2.25);
#286 = AXIS2_PLACEMENT_3D('',#287,#288,#289);
#287 = CARTESIAN_POINT('',(6.,2.,25.));
#288 = DIRECTION('',(0.,1.,0.));
#289 = DIRECTION('',(0.,-0.,1.));
#290 = ORIENTED_EDGE('',*,*,#291,.T.);
#291 = EDGE_CURVE('',#281,#292,#294,.T.);
#292 = VERTEX_POINT('',#293);
#293 = CARTESIAN_POINT('',(14.,2.,22.75));
#294 = LINE('',#295,#296);
#295 = CARTESIAN_POINT('',(3.,2.,22.75));
#296 = VECTOR('',#297,1.);
#297 = DIRECTION('',(1.,0.,-0.));
#298 = ORIENTED_EDGE('',*,*,#299,.F.);
#299 = EDGE_CURVE('',#300,#292,#302,.T.);
#300 = VERTEX_POINT('',#301);
#301 = CARTESIAN_POINT('',(15.030776406404,2.,27.));
#302 = CIRCLE('',#303,2.25);
#303 = AXIS2_PLACEMENT_3D('',#304,#305,#306);
#304 = CARTESIAN_POINT('',(14.,2.,25.));
#305 = DIRECTION('',(0.,1.,0.));
#306 = DIRECTION('',(0.,-0.,1.));
#307 = ORIENTED_EDGE('',*,*,#308,.T.);
#308 = EDGE_CURVE('',#300,#309,#311,.T.);
#309 = VERTEX_POINT('',#310);
#310 = CARTESIAN_POINT('',(62.86421833084,2.,27.));
#311 = LINE('',#312,#313);
#312 = CARTESIAN_POINT('',(6.,2.,27.));
#313 = VECTOR('',#314,1.);
#314 = DIRECTION('',(1.,0.,-0.));
#315 = ORIENTED_EDGE('',*,*,#316,.F.);
#316 = EDGE_CURVE('',#317,#309,#319,.T.);
#317 = VERTEX_POINT('',#318);
#318 = CARTESIAN_POINT('',(64.,2.,27.3));
#319 = CIRCLE('',#320,2.3);
#320 = AXIS2_PLACEMENT_3D('',#321,#322,#323);
#321 = CARTESIAN_POINT('',(64.,2.,25.));
#322 = DIRECTION('',(0.,1.,0.));
#323 = DIRECTION('',(0.,-0.,1.));
#324 = ORIENTED_EDGE('',*,*,#325,.T.);
#325 = EDGE_CURVE('',#317,#326,#328,.T.);
#326 = VERTEX_POINT('',#327);
#327 = CARTESIAN_POINT('',(64.,2.,28.8));
#328 = LINE('',#329,#330);
#329 = CARTESIAN_POINT('',(64.,2.,27.));
#330 = VECTOR('',#331,1.);
#331 = DIRECTION('',(0.,0.,1.));
#332 = ORIENTED_EDGE('',*,*,#333,.T.);
#333 = EDGE_CURVE('',#326,#334,#336,.T.);
#334 = VERTEX_POINT('',#335);
#335 = CARTESIAN_POINT('',(62.8,2.,30.));
#336 = LINE('',#337,#338);
#337 = CARTESIAN_POINT('',(49.65,2.,43.15));
#338 = VECTOR('',#339,1.);
#339 = DIRECTION('',(-0.707106781187,-0.,0.707106781187));
#340 = ORIENTED_EDGE('',*,*,#341,.F.);
#341 = EDGE_CURVE('',#342,#334,#344,.T.);
#342 = VERTEX_POINT('',#343);
#343 = CARTESIAN_POINT('',(7.2,2.,30.));
#344 = LINE('',#345,#346);
#345 = CARTESIAN_POINT('',(6.,2.,30.));
#346 = VECTOR('',#347,1.);
#347 = DIRECTION('',(1.,0.,-0.));
#348 = ORIENTED_EDGE('',*,*,#349,.F.);
#349 = EDGE_CURVE('',#350,#342,#352,.T.);
#350 = VERTEX_POINT('',#351);
#351 = CARTESIAN_POINT('',(6.,2.,28.8));
#352 = LINE('',#353,#354);
#353 = CARTESIAN_POINT('',(5.85,2.,28.65));
#354 = VECTOR('',#355,1.);
#355 = DIRECTION('',(0.707106781187,0.,0.707106781187));
#356 = ORIENTED_EDGE('',*,*,#357,.F.);
#357 = EDGE_CURVE('',#283,#350,#358,.T.);
#358 = LINE('',#359,#360);
#359 = CARTESIAN_POINT('',(6.,2.,27.));
#360 = VECTOR('',#361,1.);
#361 = DIRECTION('',(0.,0.,1.));
#362 = PLANE('',#363);
#363 = AXIS2_PLACEMENT_3D('',#364,#365,#366);
#364 = CARTESIAN_POINT('',(0.,2.,0.));
#365 = DIRECTION('',(-0.,1.,0.));
#366 = DIRECTION('',(0.,0.,1.));
#367 = ADVANCED_FACE('',(#368),#379,.F.);
#368 = FACE_BOUND('',#369,.F.);
#369 = EDGE_LOOP('',(#370,#371,#372,#378));
#370 = ORIENTED_EDGE('',*,*,#31,.F.);
#371 = ORIENTED_EDGE('',*,*,#71,.T.);
#372 = ORIENTED_EDGE('',*,*,#373,.T.);
#373 = EDGE_CURVE('',#62,#207,#374,.T.);
#374 = LINE('',#375,#376);
#375 = CARTESIAN_POINT('',(70.,0.,0.));
#376 = VECTOR('',#377,1.);
#377 = DIRECTION('',(-0.,1.,0.));
#378 = ORIENTED_EDGE('',*,*,#206,.F.);
#379 = PLANE('',#380);
#380 = AXIS2_PLACEMENT_3D('',#381,#382,#383);
#381 = CARTESIAN_POINT('',(0.,0.,0.));
#382 = DIRECTION('',(0.,0.,1.));
#383 = DIRECTION('',(1.,0.,-0.));
#384 = ADVANCED_FACE('',(#385),#398,.T.);
#385 = FACE_BOUND('',#386,.T.);
#386 = EDGE_LOOP('',(#387,#388,#389,#390,#391,#392));
#387 = ORIENTED_EDGE('',*,*,#61,.F.);
#388 = ORIENTED_EDGE('',*,*,#373,.T.);
#389 = ORIENTED_EDGE('',*,*,#216,.T.);
#390 = ORIENTED_EDGE('',*,*,#184,.F.);
#391 = ORIENTED_EDGE('',*,*,#86,.F.);
#392 = ORIENTED_EDGE('',*,*,#393,.F.);
#393 = EDGE_CURVE('',#64,#87,#394,.T.);
#394 = LINE('',#395,#396);
#395 = CARTESIAN_POINT('',(70.,0.,0.));
#396 = VECTOR('',#397,1.);
#397 = DIRECTION('',(0.,0.,1.));
#398 = PLANE('',#399);
#399 = AXIS2_PLACEMENT_3D('',#400,#401,#402);
#400 = CARTESIAN_POINT('',(70.,0.,0.));
#401 = DIRECTION('',(1.,0.,-0.));
#402 = DIRECTION('',(0.,0.,1.));
#403 = ADVANCED_FACE('',(#404),#429,.F.);
#404 = FACE_BOUND('',#405,.F.);
#405 = EDGE_LOOP('',(#406,#407,#415,#423));
#406 = ORIENTED_EDGE('',*,*,#110,.F.);
#407 = ORIENTED_EDGE('',*,*,#408,.F.);
#408 = EDGE_CURVE('',#409,#103,#411,.T.);
#409 = VERTEX_POINT('',#410);
#410 = CARTESIAN_POINT('',(56.1,-26.,16.1));
#411 = LINE('',#412,#413);
#412 = CARTESIAN_POINT('',(56.1,-26.,16.1));
#413 = VECTOR('',#414,1.);
#414 = DIRECTION('',(-0.,1.,0.));
#415 = ORIENTED_EDGE('',*,*,#416,.T.);
#416 = EDGE_CURVE('',#409,#417,#419,.T.);
#417 = VERTEX_POINT('',#418);
#418 = CARTESIAN_POINT('',(70.,-26.,16.1));
#419 = LINE('',#420,#421);
#420 = CARTESIAN_POINT('',(56.1,-26.,16.1));
#421 = VECTOR('',#422,1.);
#422 = DIRECTION('',(1.,0.,-0.));
#423 = ORIENTED_EDGE('',*,*,#424,.T.);
#424 = EDGE_CURVE('',#417,#64,#425,.T.);
#425 = LINE('',#426,#427);
#426 = CARTESIAN_POINT('',(70.,-26.5,16.1));
#427 = VECTOR('',#428,1.);
#428 = DIRECTION('',(-0.,1.,0.));
#429 = PLANE('',#430);
#430 = AXIS2_PLACEMENT_3D('',#431,#432,#433);
#431 = CARTESIAN_POINT('',(56.1,-26.,16.1));
#432 = DIRECTION('',(0.,0.,1.));
#433 = DIRECTION('',(1.,0.,-0.));
#434 = ADVANCED_FACE('',(#435),#453,.F.);
#435 = FACE_BOUND('',#436,.F.);
#436 = EDGE_LOOP('',(#437,#445,#446,#447));
#437 = ORIENTED_EDGE('',*,*,#438,.F.);
#438 = EDGE_CURVE('',#409,#439,#441,.T.);
#439 = VERTEX_POINT('',#440);
#440 = CARTESIAN_POINT('',(56.1,-26.,33.9));
#441 = LINE('',#442,#443);
#442 = CARTESIAN_POINT('',(56.1,-26.,16.1));
#443 = VECTOR('',#444,1.);
#444 = DIRECTION('',(0.,0.,1.));
#445 = ORIENTED_EDGE('',*,*,#408,.T.);
#446 = ORIENTED_EDGE('',*,*,#102,.T.);
#447 = ORIENTED_EDGE('',*,*,#448,.F.);
#448 = EDGE_CURVE('',#439,#95,#449,.T.);
#449 = LINE('',#450,#451);
#450 = CARTESIAN_POINT('',(56.1,-26.,33.9));
#451 = VECTOR('',#452,1.);
#452 = DIRECTION('',(-0.,1.,0.));
#453 = PLANE('',#454);
#454 = AXIS2_PLACEMENT_3D('',#455,#456,#457);
#455 = CARTESIAN_POINT('',(56.1,-26.,16.1));
#456 = DIRECTION('',(1.,0.,-0.));
#457 = DIRECTION('',(0.,0.,1.));
#458 = ADVANCED_FACE('',(#459,#477),#488,.T.);
#459 = FACE_BOUND('',#460,.T.);
#460 = EDGE_LOOP('',(#461,#462,#463,#471));
#461 = ORIENTED_EDGE('',*,*,#94,.F.);
#462 = ORIENTED_EDGE('',*,*,#448,.F.);
#463 = ORIENTED_EDGE('',*,*,#464,.T.);
#464 = EDGE_CURVE('',#439,#465,#467,.T.);
#465 = VERTEX_POINT('',#466);
#466 = CARTESIAN_POINT('',(70.,-26.,33.9));
#467 = LINE('',#468,#469);
#468 = CARTESIAN_POINT('',(56.1,-26.,33.9));
#469 = VECTOR('',#470,1.);
#470 = DIRECTION('',(1.,0.,-0.));
#471 = ORIENTED_EDGE('',*,*,#472,.T.);
#472 = EDGE_CURVE('',#465,#87,#473,.T.);
#473 = LINE('',#474,#475);
#474 = CARTESIAN_POINT('',(70.,-26.5,33.9));
#475 = VECTOR('',#476,1.);
#476 = DIRECTION('',(-0.,1.,0.));
#477 = FACE_BOUND('',#478,.T.);
#478 = EDGE_LOOP('',(#479));
#479 = ORIENTED_EDGE('',*,*,#480,.F.);
#480 = EDGE_CURVE('',#481,#481,#483,.T.);
#481 = VERTEX_POINT('',#482);
#482 = CARTESIAN_POINT('',(65.1,-13.,33.9));
#483 = CIRCLE('',#484,1.1);
#484 = AXIS2_PLACEMENT_3D('',#485,#486,#487);
#485 = CARTESIAN_POINT('',(64.,-13.,33.9));
#486 = DIRECTION('',(0.,0.,1.));
#487 = DIRECTION('',(1.,0.,-0.));
#488 = PLANE('',#489);
#489 = AXIS2_PLACEMENT_3D('',#490,#491,#492);
#490 = CARTESIAN_POINT('',(56.1,-26.,33.9));
#491 = DIRECTION('',(0.,0.,1.));
#492 = DIRECTION('',(1.,0.,-0.));
#493 = ADVANCED_FACE('',(#494),#505,.F.);
#494 = FACE_BOUND('',#495,.F.);
#495 = EDGE_LOOP('',(#496,#497,#503,#504));
#496 = ORIENTED_EDGE('',*,*,#224,.F.);
#497 = ORIENTED_EDGE('',*,*,#498,.F.);
#498 = EDGE_CURVE('',#119,#225,#499,.T.);
#499 = LINE('',#500,#501);
#500 = CARTESIAN_POINT('',(24.,-1.,8.6));
#501 = VECTOR('',#502,1.);
#502 = DIRECTION('',(0.,1.,0.));
#503 = ORIENTED_EDGE('',*,*,#118,.T.);
#504 = ORIENTED_EDGE('',*,*,#498,.T.);
#505 = CYLINDRICAL_SURFACE('',#506,1.6);
#506 = AXIS2_PLACEMENT_3D('',#507,#508,#509);
#507 = CARTESIAN_POINT('',(24.,-1.,7.));
#508 = DIRECTION('',(0.,1.,0.));
#509 = DIRECTION('',(0.,-0.,1.));
#510 = ADVANCED_FACE('',(#511),#527,.F.);
#511 = FACE_BOUND('',#512,.F.);
#512 = EDGE_LOOP('',(#513,#514,#520,#521));
#513 = ORIENTED_EDGE('',*,*,#129,.T.);
#514 = ORIENTED_EDGE('',*,*,#515,.T.);
#515 = EDGE_CURVE('',#132,#283,#516,.T.);
#516 = LINE('',#517,#518);
#517 = CARTESIAN_POINT('',(6.,-1.,27.25));
#518 = VECTOR('',#519,1.);
#519 = DIRECTION('',(-0.,1.,0.));
#520 = ORIENTED_EDGE('',*,*,#280,.F.);
#521 = ORIENTED_EDGE('',*,*,#522,.F.);
#522 = EDGE_CURVE('',#130,#281,#523,.T.);
#523 = LINE('',#524,#525);
#524 = CARTESIAN_POINT('',(6.,-1.,22.75));
#525 = VECTOR('',#526,1.);
#526 = DIRECTION('',(-0.,1.,0.));
#527 = CYLINDRICAL_SURFACE('',#528,2.25);
#528 = AXIS2_PLACEMENT_3D('',#529,#530,#531);
#529 = CARTESIAN_POINT('',(6.,-1.,25.));
#530 = DIRECTION('',(0.,1.,0.));
#531 = DIRECTION('',(0.,-0.,1.));
#532 = ADVANCED_FACE('',(#533),#544,.T.);
#533 = FACE_BOUND('',#534,.T.);
#534 = EDGE_LOOP('',(#535,#536,#537,#543));
#535 = ORIENTED_EDGE('',*,*,#522,.F.);
#536 = ORIENTED_EDGE('',*,*,#140,.T.);
#537 = ORIENTED_EDGE('',*,*,#538,.T.);
#538 = EDGE_CURVE('',#141,#292,#539,.T.);
#539 = LINE('',#540,#541);
#540 = CARTESIAN_POINT('',(14.,-1.,22.75));
#541 = VECTOR('',#542,1.);
#542 = DIRECTION('',(-0.,1.,0.));
#543 = ORIENTED_EDGE('',*,*,#291,.F.);
#544 = PLANE('',#545);
#545 = AXIS2_PLACEMENT_3D('',#546,#547,#548);
#546 = CARTESIAN_POINT('',(6.,-1.,22.75));
#547 = DIRECTION('',(0.,0.,1.));
#548 = DIRECTION('',(1.,0.,-0.));
#549 = ADVANCED_FACE('',(#550),#568,.F.);
#550 = FACE_BOUND('',#551,.F.);
#551 = EDGE_LOOP('',(#552,#553,#554,#562));
#552 = ORIENTED_EDGE('',*,*,#515,.F.);
#553 = ORIENTED_EDGE('',*,*,#157,.T.);
#554 = ORIENTED_EDGE('',*,*,#555,.T.);
#555 = EDGE_CURVE('',#149,#556,#558,.T.);
#556 = VERTEX_POINT('',#557);
#557 = CARTESIAN_POINT('',(14.,2.,27.25));
#558 = LINE('',#559,#560);
#559 = CARTESIAN_POINT('',(14.,-1.,27.25));
#560 = VECTOR('',#561,1.);
#561 = DIRECTION('',(-0.,1.,0.));
#562 = ORIENTED_EDGE('',*,*,#563,.F.);
#563 = EDGE_CURVE('',#283,#556,#564,.T.);
#564 = LINE('',#565,#566);
#565 = CARTESIAN_POINT('',(3.,2.,27.25));
#566 = VECTOR('',#567,1.);
#567 = DIRECTION('',(1.,0.,-0.));
#568 = PLANE('',#569);
#569 = AXIS2_PLACEMENT_3D('',#570,#571,#572);
#570 = CARTESIAN_POINT('',(6.,-1.,27.25));
#571 = DIRECTION('',(0.,0.,1.));
#572 = DIRECTION('',(1.,0.,-0.));
#573 = ADVANCED_FACE('',(#574),#587,.F.);
#574 = FACE_BOUND('',#575,.F.);
#575 = EDGE_LOOP('',(#576,#583,#584,#585,#586));
#576 = ORIENTED_EDGE('',*,*,#577,.F.);
#577 = EDGE_CURVE('',#556,#300,#578,.T.);
#578 = CIRCLE('',#579,2.25);
#579 = AXIS2_PLACEMENT_3D('',#580,#581,#582);
#580 = CARTESIAN_POINT('',(14.,2.,25.));
#581 = DIRECTION('',(0.,1.,0.));
#582 = DIRECTION('',(0.,-0.,1.));
#583 = ORIENTED_EDGE('',*,*,#555,.F.);
#584 = ORIENTED_EDGE('',*,*,#148,.T.);
#585 = ORIENTED_EDGE('',*,*,#538,.T.);
#586 = ORIENTED_EDGE('',*,*,#299,.F.);
#587 = CYLINDRICAL_SURFACE('',#588,2.25);
#588 = AXIS2_PLACEMENT_3D('',#589,#590,#591);
#589 = CARTESIAN_POINT('',(14.,-1.,25.));
#590 = DIRECTION('',(0.,1.,0.));
#591 = DIRECTION('',(0.,-0.,1.));
#592 = ADVANCED_FACE('',(#593),#604,.F.);
#593 = FACE_BOUND('',#594,.F.);
#594 = EDGE_LOOP('',(#595,#596,#602,#603));
#595 = ORIENTED_EDGE('',*,*,#269,.F.);
#596 = ORIENTED_EDGE('',*,*,#597,.F.);
#597 = EDGE_CURVE('',#166,#270,#598,.T.);
#598 = LINE('',#599,#600);
#599 = CARTESIAN_POINT('',(46.,-1.,8.6));
#600 = VECTOR('',#601,1.);
#601 = DIRECTION('',(0.,1.,0.));
#602 = ORIENTED_EDGE('',*,*,#165,.T.);
#603 = ORIENTED_EDGE('',*,*,#597,.T.);
#604 = CYLINDRICAL_SURFACE('',#605,1.6);
#605 = AXIS2_PLACEMENT_3D('',#606,#607,#608);
#606 = CARTESIAN_POINT('',(46.,-1.,7.));
#607 = DIRECTION('',(0.,1.,0.));
#608 = DIRECTION('',(0.,-0.,1.));
#609 = ADVANCED_FACE('',(#610),#651,.F.);
#610 = FACE_BOUND('',#611,.F.);
#611 = EDGE_LOOP('',(#612,#613,#621,#629,#637,#645));
#612 = ORIENTED_EDGE('',*,*,#235,.F.);
#613 = ORIENTED_EDGE('',*,*,#614,.T.);
#614 = EDGE_CURVE('',#236,#615,#617,.T.);
#615 = VERTEX_POINT('',#616);
#616 = CARTESIAN_POINT('',(16.,57.,15.5));
#617 = LINE('',#618,#619);
#618 = CARTESIAN_POINT('',(16.,2.,15.5));
#619 = VECTOR('',#620,1.);
#620 = DIRECTION('',(-0.,1.,0.));
#621 = ORIENTED_EDGE('',*,*,#622,.T.);
#622 = EDGE_CURVE('',#615,#623,#625,.T.);
#623 = VERTEX_POINT('',#624);
#624 = CARTESIAN_POINT('',(16.,57.,17.3));
#625 = LINE('',#626,#627);
#626 = CARTESIAN_POINT('',(16.,57.,15.5));
#627 = VECTOR('',#628,1.);
#628 = DIRECTION('',(0.,0.,1.));
#629 = ORIENTED_EDGE('',*,*,#630,.T.);
#630 = EDGE_CURVE('',#623,#631,#633,.T.);
#631 = VERTEX_POINT('',#632);
#632 = CARTESIAN_POINT('',(16.,55.8,18.5));
#633 = LINE('',#634,#635);
#634 = CARTESIAN_POINT('',(16.,43.4,30.9));
#635 = VECTOR('',#636,1.);
#636 = DIRECTION('',(0.,-0.707106781187,0.707106781187));
#637 = ORIENTED_EDGE('',*,*,#638,.F.);
#638 = EDGE_CURVE('',#639,#631,#641,.T.);
#639 = VERTEX_POINT('',#640);
#640 = CARTESIAN_POINT('',(16.,3.2,18.5));
#641 = LINE('',#642,#643);
#642 = CARTESIAN_POINT('',(16.,2.,18.5));
#643 = VECTOR('',#644,1.);
#644 = DIRECTION('',(-0.,1.,0.));
#645 = ORIENTED_EDGE('',*,*,#646,.F.);
#646 = EDGE_CURVE('',#238,#639,#647,.T.);
#647 = LINE('',#648,#649);
#648 = CARTESIAN_POINT('',(16.,1.85,17.15));
#649 = VECTOR('',#650,1.);
#650 = DIRECTION('',(0.,0.707106781187,0.707106781187));
#651 = PLANE('',#652);
#652 = AXIS2_PLACEMENT_3D('',#653,#654,#655);
#653 = CARTESIAN_POINT('',(16.,2.,15.5));
#654 = DIRECTION('',(1.,0.,-0.));
#655 = DIRECTION('',(0.,0.,1.));
#656 = ADVANCED_FACE('',(#657),#675,.F.);
#657 = FACE_BOUND('',#658,.T.);
#658 = EDGE_LOOP('',(#659,#660,#661,#669));
#659 = ORIENTED_EDGE('',*,*,#646,.F.);
#660 = ORIENTED_EDGE('',*,*,#261,.T.);
#661 = ORIENTED_EDGE('',*,*,#662,.T.);
#662 = EDGE_CURVE('',#254,#663,#665,.T.);
#663 = VERTEX_POINT('',#664);
#664 = CARTESIAN_POINT('',(54.,3.2,18.5));
#665 = LINE('',#666,#667);
#666 = CARTESIAN_POINT('',(54.,1.85,17.15));
#667 = VECTOR('',#668,1.);
#668 = DIRECTION('',(0.,0.707106781187,0.707106781187));
#669 = ORIENTED_EDGE('',*,*,#670,.F.);
#670 = EDGE_CURVE('',#639,#663,#671,.T.);
#671 = LINE('',#672,#673);
#672 = CARTESIAN_POINT('',(16.,3.2,18.5));
#673 = VECTOR('',#674,1.);
#674 = DIRECTION('',(1.,0.,-0.));
#675 = PLANE('',#676);
#676 = AXIS2_PLACEMENT_3D('',#677,#678,#679);
#677 = CARTESIAN_POINT('',(16.,2.6,17.9));
#678 = DIRECTION('',(0.,0.707106781187,-0.707106781187));
#679 = DIRECTION('',(-1.,0.,-0.));
#680 = ADVANCED_FACE('',(#681),#715,.T.);
#681 = FACE_BOUND('',#682,.T.);
#682 = EDGE_LOOP('',(#683,#684,#692,#700,#708,#714));
#683 = ORIENTED_EDGE('',*,*,#253,.F.);
#684 = ORIENTED_EDGE('',*,*,#685,.T.);
#685 = EDGE_CURVE('',#246,#686,#688,.T.);
#686 = VERTEX_POINT('',#687);
#687 = CARTESIAN_POINT('',(54.,57.,15.5));
#688 = LINE('',#689,#690);
#689 = CARTESIAN_POINT('',(54.,2.,15.5));
#690 = VECTOR('',#691,1.);
#691 = DIRECTION('',(-0.,1.,0.));
#692 = ORIENTED_EDGE('',*,*,#693,.T.);
#693 = EDGE_CURVE('',#686,#694,#696,.T.);
#694 = VERTEX_POINT('',#695);
#695 = CARTESIAN_POINT('',(54.,57.,17.3));
#696 = LINE('',#697,#698);
#697 = CARTESIAN_POINT('',(54.,57.,15.5));
#698 = VECTOR('',#699,1.);
#699 = DIRECTION('',(0.,0.,1.));
#700 = ORIENTED_EDGE('',*,*,#701,.T.);
#701 = EDGE_CURVE('',#694,#702,#704,.T.);
#702 = VERTEX_POINT('',#703);
#703 = CARTESIAN_POINT('',(54.,55.8,18.5));
#704 = LINE('',#705,#706);
#705 = CARTESIAN_POINT('',(54.,43.4,30.9));
#706 = VECTOR('',#707,1.);
#707 = DIRECTION('',(0.,-0.707106781187,0.707106781187));
#708 = ORIENTED_EDGE('',*,*,#709,.F.);
#709 = EDGE_CURVE('',#663,#702,#710,.T.);
#710 = LINE('',#711,#712);
#711 = CARTESIAN_POINT('',(54.,2.,18.5));
#712 = VECTOR('',#713,1.);
#713 = DIRECTION('',(-0.,1.,0.));
#714 = ORIENTED_EDGE('',*,*,#662,.F.);
#715 = PLANE('',#716);
#716 = AXIS2_PLACEMENT_3D('',#717,#718,#719);
#717 = CARTESIAN_POINT('',(54.,2.,15.5));
#718 = DIRECTION('',(1.,0.,-0.));
#719 = DIRECTION('',(0.,0.,1.));
#720 = ADVANCED_FACE('',(#721),#732,.F.);
#721 = FACE_BOUND('',#722,.F.);
#722 = EDGE_LOOP('',(#723,#724,#725,#726));
#723 = ORIENTED_EDGE('',*,*,#614,.F.);
#724 = ORIENTED_EDGE('',*,*,#245,.T.);
#725 = ORIENTED_EDGE('',*,*,#685,.T.);
#726 = ORIENTED_EDGE('',*,*,#727,.F.);
#727 = EDGE_CURVE('',#615,#686,#728,.T.);
#728 = LINE('',#729,#730);
#729 = CARTESIAN_POINT('',(16.,57.,15.5));
#730 = VECTOR('',#731,1.);
#731 = DIRECTION('',(1.,0.,-0.));
#732 = PLANE('',#733);
#733 = AXIS2_PLACEMENT_3D('',#734,#735,#736);
#734 = CARTESIAN_POINT('',(16.,2.,15.5));
#735 = DIRECTION('',(0.,0.,1.));
#736 = DIRECTION('',(1.,0.,-0.));
#737 = ADVANCED_FACE('',(#738),#811,.F.);
#738 = FACE_BOUND('',#739,.F.);
#739 = EDGE_LOOP('',(#740,#748,#756,#764,#772,#780,#788,#796,#804,#810)
  );
#740 = ORIENTED_EDGE('',*,*,#741,.F.);
#741 = EDGE_CURVE('',#742,#283,#744,.T.);
#742 = VERTEX_POINT('',#743);
#743 = CARTESIAN_POINT('',(6.,2.,27.));
#744 = LINE('',#745,#746);
#745 = CARTESIAN_POINT('',(6.,2.,27.));
#746 = VECTOR('',#747,1.);
#747 = DIRECTION('',(0.,0.,1.));
#748 = ORIENTED_EDGE('',*,*,#749,.T.);
#749 = EDGE_CURVE('',#742,#750,#752,.T.);
#750 = VERTEX_POINT('',#751);
#751 = CARTESIAN_POINT('',(6.,57.,27.));
#752 = LINE('',#753,#754);
#753 = CARTESIAN_POINT('',(6.,2.,27.));
#754 = VECTOR('',#755,1.);
#755 = DIRECTION('',(-0.,1.,0.));
#756 = ORIENTED_EDGE('',*,*,#757,.T.);
#757 = EDGE_CURVE('',#750,#758,#760,.T.);
#758 = VERTEX_POINT('',#759);
#759 = CARTESIAN_POINT('',(6.,57.,27.25));
#760 = LINE('',#761,#762);
#761 = CARTESIAN_POINT('',(6.,57.,27.));
#762 = VECTOR('',#763,1.);
#763 = DIRECTION('',(0.,0.,1.));
#764 = ORIENTED_EDGE('',*,*,#765,.T.);
#765 = EDGE_CURVE('',#758,#766,#768,.T.);
#766 = VERTEX_POINT('',#767);
#767 = CARTESIAN_POINT('',(6.,57.,28.8));
#768 = LINE('',#769,#770);
#769 = CARTESIAN_POINT('',(6.,57.,27.));
#770 = VECTOR('',#771,1.);
#771 = DIRECTION('',(0.,0.,1.));
#772 = ORIENTED_EDGE('',*,*,#773,.F.);
#773 = EDGE_CURVE('',#774,#766,#776,.T.);
#774 = VERTEX_POINT('',#775);
#775 = CARTESIAN_POINT('',(6.,56.,28.8));
#776 = LINE('',#777,#778);
#777 = CARTESIAN_POINT('',(6.,2.,28.8));
#778 = VECTOR('',#779,1.);
#779 = DIRECTION('',(-0.,1.,0.));
#780 = ORIENTED_EDGE('',*,*,#781,.T.);
#781 = EDGE_CURVE('',#774,#782,#784,.T.);
#782 = VERTEX_POINT('',#783);
#783 = CARTESIAN_POINT('',(6.,56.,27.2));
#784 = LINE('',#785,#786);
#785 = CARTESIAN_POINT('',(6.,56.,26.));
#786 = VECTOR('',#787,1.);
#787 = DIRECTION('',(-0.,0.,-1.));
#788 = ORIENTED_EDGE('',*,*,#789,.F.);
#789 = EDGE_CURVE('',#790,#782,#792,.T.);
#790 = VERTEX_POINT('',#791);
#791 = CARTESIAN_POINT('',(6.,3.,27.2));
#792 = LINE('',#793,#794);
#793 = CARTESIAN_POINT('',(6.,2.,27.2));
#794 = VECTOR('',#795,1.);
#795 = DIRECTION('',(0.,1.,0.));
#796 = ORIENTED_EDGE('',*,*,#797,.F.);
#797 = EDGE_CURVE('',#798,#790,#800,.T.);
#798 = VERTEX_POINT('',#799);
#799 = CARTESIAN_POINT('',(6.,3.,28.8));
#800 = LINE('',#801,#802);
#801 = CARTESIAN_POINT('',(6.,3.,26.));
#802 = VECTOR('',#803,1.);
#803 = DIRECTION('',(-0.,0.,-1.));
#804 = ORIENTED_EDGE('',*,*,#805,.F.);
#805 = EDGE_CURVE('',#350,#798,#806,.T.);
#806 = LINE('',#807,#808);
#807 = CARTESIAN_POINT('',(6.,2.,28.8));
#808 = VECTOR('',#809,1.);
#809 = DIRECTION('',(-0.,1.,0.));
#810 = ORIENTED_EDGE('',*,*,#357,.F.);
#811 = PLANE('',#812);
#812 = AXIS2_PLACEMENT_3D('',#813,#814,#815);
#813 = CARTESIAN_POINT('',(6.,2.,27.));
#814 = DIRECTION('',(1.,0.,-0.));
#815 = DIRECTION('',(0.,0.,1.));
#816 = ADVANCED_FACE('',(#817),#835,.F.);
#817 = FACE_BOUND('',#818,.F.);
#818 = EDGE_LOOP('',(#819,#820,#821,#829));
#819 = ORIENTED_EDGE('',*,*,#349,.F.);
#820 = ORIENTED_EDGE('',*,*,#805,.T.);
#821 = ORIENTED_EDGE('',*,*,#822,.F.);
#822 = EDGE_CURVE('',#823,#798,#825,.T.);
#823 = VERTEX_POINT('',#824);
#824 = CARTESIAN_POINT('',(7.2,3.,30.));
#825 = LINE('',#826,#827);
#826 = CARTESIAN_POINT('',(5.35,3.,28.15));
#827 = VECTOR('',#828,1.);
#828 = DIRECTION('',(-0.707106781187,0.,-0.707106781187));
#829 = ORIENTED_EDGE('',*,*,#830,.F.);
#830 = EDGE_CURVE('',#342,#823,#831,.T.);
#831 = LINE('',#832,#833);
#832 = CARTESIAN_POINT('',(7.2,2.,30.));
#833 = VECTOR('',#834,1.);
#834 = DIRECTION('',(-0.,1.,0.));
#835 = PLANE('',#836);
#836 = AXIS2_PLACEMENT_3D('',#837,#838,#839);
#837 = CARTESIAN_POINT('',(6.6,2.,29.4));
#838 = DIRECTION('',(0.707106781187,0.,-0.707106781187));
#839 = DIRECTION('',(0.,1.,0.));
#840 = ADVANCED_FACE('',(#841,#969),#1035,.F.);
#841 = FACE_BOUND('',#842,.F.);
#842 = EDGE_LOOP('',(#843,#851,#852,#858,#859,#867,#875,#883,#891,#899,
    #907,#915,#923,#931,#939,#947,#955,#963));
#843 = ORIENTED_EDGE('',*,*,#844,.F.);
#844 = EDGE_CURVE('',#750,#845,#847,.T.);
#845 = VERTEX_POINT('',#846);
#846 = CARTESIAN_POINT('',(15.030776406404,57.,27.));
#847 = LINE('',#848,#849);
#848 = CARTESIAN_POINT('',(6.,57.,27.));
#849 = VECTOR('',#850,1.);
#850 = DIRECTION('',(1.,0.,-0.));
#851 = ORIENTED_EDGE('',*,*,#749,.F.);
#852 = ORIENTED_EDGE('',*,*,#853,.T.);
#853 = EDGE_CURVE('',#742,#300,#854,.T.);
#854 = LINE('',#855,#856);
#855 = CARTESIAN_POINT('',(6.,2.,27.));
#856 = VECTOR('',#857,1.);
#857 = DIRECTION('',(1.,0.,-0.));
#858 = ORIENTED_EDGE('',*,*,#308,.T.);
#859 = ORIENTED_EDGE('',*,*,#860,.T.);
#860 = EDGE_CURVE('',#309,#861,#863,.T.);
#861 = VERTEX_POINT('',#862);
#862 = CARTESIAN_POINT('',(64.,2.,27.));
#863 = LINE('',#864,#865);
#864 = CARTESIAN_POINT('',(6.,2.,27.));
#865 = VECTOR('',#866,1.);
#866 = DIRECTION('',(1.,0.,-0.));
#867 = ORIENTED_EDGE('',*,*,#868,.T.);
#868 = EDGE_CURVE('',#861,#869,#871,.T.);
#869 = VERTEX_POINT('',#870);
#870 = CARTESIAN_POINT('',(64.,3.,27.));
#871 = LINE('',#872,#873);
#872 = CARTESIAN_POINT('',(64.,2.,27.));
#873 = VECTOR('',#874,1.);
#874 = DIRECTION('',(-0.,1.,0.));
#875 = ORIENTED_EDGE('',*,*,#876,.F.);
#876 = EDGE_CURVE('',#877,#869,#879,.T.);
#877 = VERTEX_POINT('',#878);
#878 = CARTESIAN_POINT('',(57.815341561574,3.,27.));
#879 = LINE('',#880,#881);
#880 = CARTESIAN_POINT('',(35.,3.,27.));
#881 = VECTOR('',#882,1.);
#882 = DIRECTION('',(1.,0.,0.));
#883 = ORIENTED_EDGE('',*,*,#884,.T.);
#884 = EDGE_CURVE('',#877,#885,#887,.T.);
#885 = VERTEX_POINT('',#886);
#886 = CARTESIAN_POINT('',(57.815341561574,4.5,27.));
#887 = LINE('',#888,#889);
#888 = CARTESIAN_POINT('',(57.815341561574,3.,27.));
#889 = VECTOR('',#890,1.);
#890 = DIRECTION('',(0.,1.,0.));
#891 = ORIENTED_EDGE('',*,*,#892,.T.);
#892 = EDGE_CURVE('',#885,#893,#895,.T.);
#893 = VERTEX_POINT('',#894);
#894 = CARTESIAN_POINT('',(59.417424305044,4.5,27.));
#895 = LINE('',#896,#897);
#896 = CARTESIAN_POINT('',(35.,4.5,27.));
#897 = VECTOR('',#898,1.);
#898 = DIRECTION('',(1.,0.,0.));
#899 = ORIENTED_EDGE('',*,*,#900,.T.);
#900 = EDGE_CURVE('',#893,#901,#903,.T.);
#901 = VERTEX_POINT('',#902);
#902 = CARTESIAN_POINT('',(59.417424305044,54.5,27.));
#903 = LINE('',#904,#905);
#904 = CARTESIAN_POINT('',(59.417424305044,4.5,27.));
#905 = VECTOR('',#906,1.);
#906 = DIRECTION('',(0.,1.,0.));
#907 = ORIENTED_EDGE('',*,*,#908,.F.);
#908 = EDGE_CURVE('',#909,#901,#911,.T.);
#909 = VERTEX_POINT('',#910);
#910 = CARTESIAN_POINT('',(57.815341561574,54.5,27.));
#911 = LINE('',#912,#913);
#912 = CARTESIAN_POINT('',(35.,54.5,27.));
#913 = VECTOR('',#914,1.);
#914 = DIRECTION('',(1.,0.,0.));
#915 = ORIENTED_EDGE('',*,*,#916,.T.);
#916 = EDGE_CURVE('',#909,#917,#919,.T.);
#917 = VERTEX_POINT('',#918);
#918 = CARTESIAN_POINT('',(57.815341561574,56.,27.));
#919 = LINE('',#920,#921);
#920 = CARTESIAN_POINT('',(57.815341561574,54.5,27.));
#921 = VECTOR('',#922,1.);
#922 = DIRECTION('',(0.,1.,0.));
#923 = ORIENTED_EDGE('',*,*,#924,.T.);
#924 = EDGE_CURVE('',#917,#925,#927,.T.);
#925 = VERTEX_POINT('',#926);
#926 = CARTESIAN_POINT('',(63.083484861009,56.,27.));
#927 = LINE('',#928,#929);
#928 = CARTESIAN_POINT('',(35.,56.,27.));
#929 = VECTOR('',#930,1.);
#930 = DIRECTION('',(1.,0.,0.));
#931 = ORIENTED_EDGE('',*,*,#932,.F.);
#932 = EDGE_CURVE('',#933,#925,#935,.T.);
#933 = VERTEX_POINT('',#934);
#934 = CARTESIAN_POINT('',(63.083484861009,11.,27.));
#935 = LINE('',#936,#937);
#936 = CARTESIAN_POINT('',(63.083484861009,11.,27.));
#937 = VECTOR('',#938,1.);
#938 = DIRECTION('',(0.,1.,0.));
#939 = ORIENTED_EDGE('',*,*,#940,.T.);
#940 = EDGE_CURVE('',#933,#941,#943,.T.);
#941 = VERTEX_POINT('',#942);
#942 = CARTESIAN_POINT('',(64.,11.,27.));
#943 = LINE('',#944,#945);
#944 = CARTESIAN_POINT('',(35.,11.,27.));
#945 = VECTOR('',#946,1.);
#946 = DIRECTION('',(1.,0.,0.));
#947 = ORIENTED_EDGE('',*,*,#948,.T.);
#948 = EDGE_CURVE('',#941,#949,#951,.T.);
#949 = VERTEX_POINT('',#950);
#950 = CARTESIAN_POINT('',(64.,57.,27.));
#951 = LINE('',#952,#953);
#952 = CARTESIAN_POINT('',(64.,2.,27.));
#953 = VECTOR('',#954,1.);
#954 = DIRECTION('',(-0.,1.,0.));
#955 = ORIENTED_EDGE('',*,*,#956,.F.);
#956 = EDGE_CURVE('',#957,#949,#959,.T.);
#957 = VERTEX_POINT('',#958);
#958 = CARTESIAN_POINT('',(63.083484861009,57.,27.));
#959 = LINE('',#960,#961);
#960 = CARTESIAN_POINT('',(6.,57.,27.));
#961 = VECTOR('',#962,1.);
#962 = DIRECTION('',(1.,0.,-0.));
#963 = ORIENTED_EDGE('',*,*,#964,.F.);
#964 = EDGE_CURVE('',#845,#957,#965,.T.);
#965 = LINE('',#966,#967);
#966 = CARTESIAN_POINT('',(6.,57.,27.));
#967 = VECTOR('',#968,1.);
#968 = DIRECTION('',(1.,0.,-0.));
#969 = FACE_BOUND('',#970,.F.);
#970 = EDGE_LOOP('',(#971,#981,#989,#997,#1005,#1013,#1021,#1029));
#971 = ORIENTED_EDGE('',*,*,#972,.F.);
#972 = EDGE_CURVE('',#973,#975,#977,.T.);
#973 = VERTEX_POINT('',#974);
#974 = CARTESIAN_POINT('',(10.582575694956,4.5,27.));
#975 = VERTEX_POINT('',#976);
#976 = CARTESIAN_POINT('',(10.582575694956,54.5,27.));
#977 = LINE('',#978,#979);
#978 = CARTESIAN_POINT('',(10.582575694956,4.5,27.));
#979 = VECTOR('',#980,1.);
#980 = DIRECTION('',(0.,1.,0.));
#981 = ORIENTED_EDGE('',*,*,#982,.T.);
#982 = EDGE_CURVE('',#973,#983,#985,.T.);
#983 = VERTEX_POINT('',#984);
#984 = CARTESIAN_POINT('',(12.184658438426,4.5,27.));
#985 = LINE('',#986,#987);
#986 = CARTESIAN_POINT('',(6.,4.5,27.));
#987 = VECTOR('',#988,1.);
#988 = DIRECTION('',(1.,0.,0.));
#989 = ORIENTED_EDGE('',*,*,#990,.F.);
#990 = EDGE_CURVE('',#991,#983,#993,.T.);
#991 = VERTEX_POINT('',#992);
#992 = CARTESIAN_POINT('',(12.184658438426,3.,27.));
#993 = LINE('',#994,#995);
#994 = CARTESIAN_POINT('',(12.184658438426,3.,27.));
#995 = VECTOR('',#996,1.);
#996 = DIRECTION('',(0.,1.,0.));
#997 = ORIENTED_EDGE('',*,*,#998,.F.);
#998 = EDGE_CURVE('',#999,#991,#1001,.T.);
#999 = VERTEX_POINT('',#1000);
#1000 = CARTESIAN_POINT('',(6.916515138991,3.,27.));
#1001 = LINE('',#1002,#1003);
#1002 = CARTESIAN_POINT('',(6.,3.,27.));
#1003 = VECTOR('',#1004,1.);
#1004 = DIRECTION('',(1.,0.,0.));
#1005 = ORIENTED_EDGE('',*,*,#1006,.T.);
#1006 = EDGE_CURVE('',#999,#1007,#1009,.T.);
#1007 = VERTEX_POINT('',#1008);
#1008 = CARTESIAN_POINT('',(6.916515138991,56.,27.));
#1009 = LINE('',#1010,#1011);
#1010 = CARTESIAN_POINT('',(6.916515138991,2.,27.));
#1011 = VECTOR('',#1012,1.);
#1012 = DIRECTION('',(0.,1.,0.));
#1013 = ORIENTED_EDGE('',*,*,#1014,.T.);
#1014 = EDGE_CURVE('',#1007,#1015,#1017,.T.);
#1015 = VERTEX_POINT('',#1016);
#1016 = CARTESIAN_POINT('',(12.184658438426,56.,27.));
#1017 = LINE('',#1018,#1019);
#1018 = CARTESIAN_POINT('',(6.,56.,27.));
#1019 = VECTOR('',#1020,1.);
#1020 = DIRECTION('',(1.,0.,0.));
#1021 = ORIENTED_EDGE('',*,*,#1022,.F.);
#1022 = EDGE_CURVE('',#1023,#1015,#1025,.T.);
#1023 = VERTEX_POINT('',#1024);
#1024 = CARTESIAN_POINT('',(12.184658438426,54.5,27.));
#1025 = LINE('',#1026,#1027);
#1026 = CARTESIAN_POINT('',(12.184658438426,54.5,27.));
#1027 = VECTOR('',#1028,1.);
#1028 = DIRECTION('',(0.,1.,0.));
#1029 = ORIENTED_EDGE('',*,*,#1030,.F.);
#1030 = EDGE_CURVE('',#975,#1023,#1031,.T.);
#1031 = LINE('',#1032,#1033);
#1032 = CARTESIAN_POINT('',(6.,54.5,27.));
#1033 = VECTOR('',#1034,1.);
#1034 = DIRECTION('',(1.,0.,0.));
#1035 = PLANE('',#1036);
#1036 = AXIS2_PLACEMENT_3D('',#1037,#1038,#1039);
#1037 = CARTESIAN_POINT('',(6.,2.,27.));
#1038 = DIRECTION('',(0.,0.,1.));
#1039 = DIRECTION('',(1.,0.,-0.));
#1040 = ADVANCED_FACE('',(#1041),#1091,.T.);
#1041 = FACE_BOUND('',#1042,.T.);
#1042 = EDGE_LOOP('',(#1043,#1053,#1061,#1067,#1068,#1069,#1077,#1085));
#1043 = ORIENTED_EDGE('',*,*,#1044,.F.);
#1044 = EDGE_CURVE('',#1045,#1047,#1049,.T.);
#1045 = VERTEX_POINT('',#1046);
#1046 = CARTESIAN_POINT('',(10.153311931459,4.5,30.));
#1047 = VERTEX_POINT('',#1048);
#1048 = CARTESIAN_POINT('',(59.846688068541,4.5,30.));
#1049 = LINE('',#1050,#1051);
#1050 = CARTESIAN_POINT('',(6.,4.5,30.));
#1051 = VECTOR('',#1052,1.);
#1052 = DIRECTION('',(1.,0.,0.));
#1053 = ORIENTED_EDGE('',*,*,#1054,.F.);
#1054 = EDGE_CURVE('',#1055,#1045,#1057,.T.);
#1055 = VERTEX_POINT('',#1056);
#1056 = CARTESIAN_POINT('',(10.153311931459,3.,30.));
#1057 = LINE('',#1058,#1059);
#1058 = CARTESIAN_POINT('',(10.153311931459,3.,30.));
#1059 = VECTOR('',#1060,1.);
#1060 = DIRECTION('',(0.,1.,0.));
#1061 = ORIENTED_EDGE('',*,*,#1062,.F.);
#1062 = EDGE_CURVE('',#823,#1055,#1063,.T.);
#1063 = LINE('',#1064,#1065);
#1064 = CARTESIAN_POINT('',(6.,3.,30.));
#1065 = VECTOR('',#1066,1.);
#1066 = DIRECTION('',(1.,0.,0.));
#1067 = ORIENTED_EDGE('',*,*,#830,.F.);
#1068 = ORIENTED_EDGE('',*,*,#341,.T.);
#1069 = ORIENTED_EDGE('',*,*,#1070,.T.);
#1070 = EDGE_CURVE('',#334,#1071,#1073,.T.);
#1071 = VERTEX_POINT('',#1072);
#1072 = CARTESIAN_POINT('',(62.8,3.,30.));
#1073 = LINE('',#1074,#1075);
#1074 = CARTESIAN_POINT('',(62.8,2.,30.));
#1075 = VECTOR('',#1076,1.);
#1076 = DIRECTION('',(-0.,1.,0.));
#1077 = ORIENTED_EDGE('',*,*,#1078,.F.);
#1078 = EDGE_CURVE('',#1079,#1071,#1081,.T.);
#1079 = VERTEX_POINT('',#1080);
#1080 = CARTESIAN_POINT('',(59.846688068541,3.,30.));
#1081 = LINE('',#1082,#1083);
#1082 = CARTESIAN_POINT('',(35.,3.,30.));
#1083 = VECTOR('',#1084,1.);
#1084 = DIRECTION('',(1.,0.,0.));
#1085 = ORIENTED_EDGE('',*,*,#1086,.T.);
#1086 = EDGE_CURVE('',#1079,#1047,#1087,.T.);
#1087 = LINE('',#1088,#1089);
#1088 = CARTESIAN_POINT('',(59.846688068541,3.,30.));
#1089 = VECTOR('',#1090,1.);
#1090 = DIRECTION('',(0.,1.,0.));
#1091 = PLANE('',#1092);
#1092 = AXIS2_PLACEMENT_3D('',#1093,#1094,#1095);
#1093 = CARTESIAN_POINT('',(6.,2.,30.));
#1094 = DIRECTION('',(0.,0.,1.));
#1095 = DIRECTION('',(1.,0.,-0.));
#1096 = ADVANCED_FACE('',(#1097),#1123,.F.);
#1097 = FACE_BOUND('',#1098,.F.);
#1098 = EDGE_LOOP('',(#1099,#1108,#1114,#1121,#1122));
#1099 = ORIENTED_EDGE('',*,*,#1100,.T.);
#1100 = EDGE_CURVE('',#1101,#1101,#1103,.T.);
#1101 = VERTEX_POINT('',#1102);
#1102 = CARTESIAN_POINT('',(64.,0.5,27.3));
#1103 = CIRCLE('',#1104,2.3);
#1104 = AXIS2_PLACEMENT_3D('',#1105,#1106,#1107);
#1105 = CARTESIAN_POINT('',(64.,0.5,25.));
#1106 = DIRECTION('',(0.,1.,0.));
#1107 = DIRECTION('',(0.,-0.,1.));
#1108 = ORIENTED_EDGE('',*,*,#1109,.T.);
#1109 = EDGE_CURVE('',#1101,#317,#1110,.T.);
#1110 = LINE('',#1111,#1112);
#1111 = CARTESIAN_POINT('',(64.,-1.,27.3));
#1112 = VECTOR('',#1113,1.);
#1113 = DIRECTION('',(0.,1.,0.));
#1114 = ORIENTED_EDGE('',*,*,#1115,.F.);
#1115 = EDGE_CURVE('',#309,#317,#1116,.T.);
#1116 = CIRCLE('',#1117,2.3);
#1117 = AXIS2_PLACEMENT_3D('',#1118,#1119,#1120);
#1118 = CARTESIAN_POINT('',(64.,2.,25.));
#1119 = DIRECTION('',(0.,1.,0.));
#1120 = DIRECTION('',(0.,-0.,1.));
#1121 = ORIENTED_EDGE('',*,*,#316,.F.);
#1122 = ORIENTED_EDGE('',*,*,#1109,.F.);
#1123 = CYLINDRICAL_SURFACE('',#1124,2.3);
#1124 = AXIS2_PLACEMENT_3D('',#1125,#1126,#1127);
#1125 = CARTESIAN_POINT('',(64.,-1.,25.));
#1126 = DIRECTION('',(0.,1.,0.));
#1127 = DIRECTION('',(0.,-0.,1.));
#1128 = ADVANCED_FACE('',(#1129),#1147,.T.);
#1129 = FACE_BOUND('',#1130,.T.);
#1130 = EDGE_LOOP('',(#1131,#1132,#1140,#1146));
#1131 = ORIENTED_EDGE('',*,*,#333,.F.);
#1132 = ORIENTED_EDGE('',*,*,#1133,.T.);
#1133 = EDGE_CURVE('',#326,#1134,#1136,.T.);
#1134 = VERTEX_POINT('',#1135);
#1135 = CARTESIAN_POINT('',(64.,3.,28.8));
#1136 = LINE('',#1137,#1138);
#1137 = CARTESIAN_POINT('',(64.,2.,28.8));
#1138 = VECTOR('',#1139,1.);
#1139 = DIRECTION('',(-0.,1.,0.));
#1140 = ORIENTED_EDGE('',*,*,#1141,.F.);
#1141 = EDGE_CURVE('',#1071,#1134,#1142,.T.);
#1142 = LINE('',#1143,#1144);
#1143 = CARTESIAN_POINT('',(64.65,3.,28.15));
#1144 = VECTOR('',#1145,1.);
#1145 = DIRECTION('',(0.707106781187,0.,-0.707106781187));
#1146 = ORIENTED_EDGE('',*,*,#1070,.F.);
#1147 = PLANE('',#1148);
#1148 = AXIS2_PLACEMENT_3D('',#1149,#1150,#1151);
#1149 = CARTESIAN_POINT('',(63.4,2.,29.4));
#1150 = DIRECTION('',(0.707106781187,1.407620945704E-17,0.707106781187)
  );
#1151 = DIRECTION('',(-9.953383160478E-18,1.,-9.953383160478E-18));
#1152 = ADVANCED_FACE('',(#1153),#1170,.T.);
#1153 = FACE_BOUND('',#1154,.T.);
#1154 = EDGE_LOOP('',(#1155,#1161,#1162,#1168,#1169));
#1155 = ORIENTED_EDGE('',*,*,#1156,.F.);
#1156 = EDGE_CURVE('',#861,#317,#1157,.T.);
#1157 = LINE('',#1158,#1159);
#1158 = CARTESIAN_POINT('',(64.,2.,27.));
#1159 = VECTOR('',#1160,1.);
#1160 = DIRECTION('',(0.,0.,1.));
#1161 = ORIENTED_EDGE('',*,*,#868,.T.);
#1162 = ORIENTED_EDGE('',*,*,#1163,.F.);
#1163 = EDGE_CURVE('',#1134,#869,#1164,.T.);
#1164 = LINE('',#1165,#1166);
#1165 = CARTESIAN_POINT('',(64.,3.,26.));
#1166 = VECTOR('',#1167,1.);
#1167 = DIRECTION('',(-0.,0.,-1.));
#1168 = ORIENTED_EDGE('',*,*,#1133,.F.);
#1169 = ORIENTED_EDGE('',*,*,#325,.F.);
#1170 = PLANE('',#1171);
#1171 = AXIS2_PLACEMENT_3D('',#1172,#1173,#1174);
#1172 = CARTESIAN_POINT('',(64.,2.,27.));
#1173 = DIRECTION('',(1.,0.,-0.));
#1174 = DIRECTION('',(0.,0.,1.));
#1175 = ADVANCED_FACE('',(#1176),#1187,.T.);
#1176 = FACE_BOUND('',#1177,.T.);
#1177 = EDGE_LOOP('',(#1178,#1179,#1185,#1186));
#1178 = ORIENTED_EDGE('',*,*,#472,.F.);
#1179 = ORIENTED_EDGE('',*,*,#1180,.T.);
#1180 = EDGE_CURVE('',#465,#417,#1181,.T.);
#1181 = LINE('',#1182,#1183);
#1182 = CARTESIAN_POINT('',(70.,-26.,-9.45));
#1183 = VECTOR('',#1184,1.);
#1184 = DIRECTION('',(-0.,0.,-1.));
#1185 = ORIENTED_EDGE('',*,*,#424,.T.);
#1186 = ORIENTED_EDGE('',*,*,#393,.T.);
#1187 = PLANE('',#1188);
#1188 = AXIS2_PLACEMENT_3D('',#1189,#1190,#1191);
#1189 = CARTESIAN_POINT('',(70.,-27.,-35.));
#1190 = DIRECTION('',(1.,0.,-0.));
#1191 = DIRECTION('',(0.,0.,1.));
#1192 = ADVANCED_FACE('',(#1193,#1199),#1233,.F.);
#1193 = FACE_BOUND('',#1194,.F.);
#1194 = EDGE_LOOP('',(#1195,#1196,#1197,#1198));
#1195 = ORIENTED_EDGE('',*,*,#416,.F.);
#1196 = ORIENTED_EDGE('',*,*,#438,.T.);
#1197 = ORIENTED_EDGE('',*,*,#464,.T.);
#1198 = ORIENTED_EDGE('',*,*,#1180,.T.);
#1199 = FACE_BOUND('',#1200,.F.);
#1200 = EDGE_LOOP('',(#1201,#1211,#1219,#1227));
#1201 = ORIENTED_EDGE('',*,*,#1202,.F.);
#1202 = EDGE_CURVE('',#1203,#1205,#1207,.T.);
#1203 = VERTEX_POINT('',#1204);
#1204 = CARTESIAN_POINT('',(58.6,-26.,31.4));
#1205 = VERTEX_POINT('',#1206);
#1206 = CARTESIAN_POINT('',(69.4,-26.,31.4));
#1207 = LINE('',#1208,#1209);
#1208 = CARTESIAN_POINT('',(57.35,-26.,31.4));
#1209 = VECTOR('',#1210,1.);
#1210 = DIRECTION('',(1.,0.,-0.));
#1211 = ORIENTED_EDGE('',*,*,#1212,.T.);
#1212 = EDGE_CURVE('',#1203,#1213,#1215,.T.);
#1213 = VERTEX_POINT('',#1214);
#1214 = CARTESIAN_POINT('',(58.6,-26.,18.6));
#1215 = LINE('',#1216,#1217);
#1216 = CARTESIAN_POINT('',(58.6,-26.,17.35));
#1217 = VECTOR('',#1218,1.);
#1218 = DIRECTION('',(-0.,0.,-1.));
#1219 = ORIENTED_EDGE('',*,*,#1220,.T.);
#1220 = EDGE_CURVE('',#1213,#1221,#1223,.T.);
#1221 = VERTEX_POINT('',#1222);
#1222 = CARTESIAN_POINT('',(69.4,-26.,18.6));
#1223 = LINE('',#1224,#1225);
#1224 = CARTESIAN_POINT('',(57.35,-26.,18.6));
#1225 = VECTOR('',#1226,1.);
#1226 = DIRECTION('',(1.,0.,-0.));
#1227 = ORIENTED_EDGE('',*,*,#1228,.F.);
#1228 = EDGE_CURVE('',#1205,#1221,#1229,.T.);
#1229 = LINE('',#1230,#1231);
#1230 = CARTESIAN_POINT('',(69.4,-26.,17.35));
#1231 = VECTOR('',#1232,1.);
#1232 = DIRECTION('',(-0.,0.,-1.));
#1233 = PLANE('',#1234);
#1234 = AXIS2_PLACEMENT_3D('',#1235,#1236,#1237);
#1235 = CARTESIAN_POINT('',(56.1,-26.,16.1));
#1236 = DIRECTION('',(-0.,1.,0.));
#1237 = DIRECTION('',(0.,0.,1.));
#1238 = ADVANCED_FACE('',(#1239),#1258,.F.);
#1239 = FACE_BOUND('',#1240,.F.);
#1240 = EDGE_LOOP('',(#1241,#1242,#1250,#1257));
#1241 = ORIENTED_EDGE('',*,*,#480,.F.);
#1242 = ORIENTED_EDGE('',*,*,#1243,.F.);
#1243 = EDGE_CURVE('',#1244,#481,#1246,.T.);
#1244 = VERTEX_POINT('',#1245);
#1245 = CARTESIAN_POINT('',(65.1,-13.,31.4));
#1246 = LINE('',#1247,#1248);
#1247 = CARTESIAN_POINT('',(65.1,-13.,25.));
#1248 = VECTOR('',#1249,1.);
#1249 = DIRECTION('',(0.,0.,1.));
#1250 = ORIENTED_EDGE('',*,*,#1251,.T.);
#1251 = EDGE_CURVE('',#1244,#1244,#1252,.T.);
#1252 = CIRCLE('',#1253,1.1);
#1253 = AXIS2_PLACEMENT_3D('',#1254,#1255,#1256);
#1254 = CARTESIAN_POINT('',(64.,-13.,31.4));
#1255 = DIRECTION('',(0.,0.,1.));
#1256 = DIRECTION('',(1.,0.,-0.));
#1257 = ORIENTED_EDGE('',*,*,#1243,.T.);
#1258 = CYLINDRICAL_SURFACE('',#1259,1.1);
#1259 = AXIS2_PLACEMENT_3D('',#1260,#1261,#1262);
#1260 = CARTESIAN_POINT('',(64.,-13.,25.));
#1261 = DIRECTION('',(0.,0.,1.));
#1262 = DIRECTION('',(1.,0.,-0.));
#1263 = ADVANCED_FACE('',(#1264),#1270,.F.);
#1264 = FACE_BOUND('',#1265,.F.);
#1265 = EDGE_LOOP('',(#1266,#1267,#1268,#1269));
#1266 = ORIENTED_EDGE('',*,*,#577,.T.);
#1267 = ORIENTED_EDGE('',*,*,#853,.F.);
#1268 = ORIENTED_EDGE('',*,*,#741,.T.);
#1269 = ORIENTED_EDGE('',*,*,#563,.T.);
#1270 = PLANE('',#1271);
#1271 = AXIS2_PLACEMENT_3D('',#1272,#1273,#1274);
#1272 = CARTESIAN_POINT('',(6.,2.,27.));
#1273 = DIRECTION('',(-0.,1.,0.));
#1274 = DIRECTION('',(0.,0.,1.));
#1275 = ADVANCED_FACE('',(#1276),#1287,.T.);
#1276 = FACE_BOUND('',#1277,.T.);
#1277 = EDGE_LOOP('',(#1278,#1279,#1280,#1281));
#1278 = ORIENTED_EDGE('',*,*,#638,.F.);
#1279 = ORIENTED_EDGE('',*,*,#670,.T.);
#1280 = ORIENTED_EDGE('',*,*,#709,.T.);
#1281 = ORIENTED_EDGE('',*,*,#1282,.F.);
#1282 = EDGE_CURVE('',#631,#702,#1283,.T.);
#1283 = LINE('',#1284,#1285);
#1284 = CARTESIAN_POINT('',(16.,55.8,18.5));
#1285 = VECTOR('',#1286,1.);
#1286 = DIRECTION('',(1.,0.,-0.));
#1287 = PLANE('',#1288);
#1288 = AXIS2_PLACEMENT_3D('',#1289,#1290,#1291);
#1289 = CARTESIAN_POINT('',(16.,2.,18.5));
#1290 = DIRECTION('',(0.,0.,1.));
#1291 = DIRECTION('',(1.,0.,-0.));
#1292 = ADVANCED_FACE('',(#1293,#1392,#1403,#1414),#1425,.F.);
#1293 = FACE_BOUND('',#1294,.F.);
#1294 = EDGE_LOOP('',(#1295,#1305,#1313,#1321,#1329,#1335,#1336,#1345,
    #1353,#1360,#1361,#1370,#1378,#1386));
#1295 = ORIENTED_EDGE('',*,*,#1296,.F.);
#1296 = EDGE_CURVE('',#1297,#1299,#1301,.T.);
#1297 = VERTEX_POINT('',#1298);
#1298 = CARTESIAN_POINT('',(70.,57.,0.));
#1299 = VERTEX_POINT('',#1300);
#1300 = CARTESIAN_POINT('',(70.,57.,30.));
#1301 = LINE('',#1302,#1303);
#1302 = CARTESIAN_POINT('',(70.,57.,0.));
#1303 = VECTOR('',#1304,1.);
#1304 = DIRECTION('',(0.,0.,1.));
#1305 = ORIENTED_EDGE('',*,*,#1306,.F.);
#1306 = EDGE_CURVE('',#1307,#1297,#1309,.T.);
#1307 = VERTEX_POINT('',#1308);
#1308 = CARTESIAN_POINT('',(0.,57.,0.));
#1309 = LINE('',#1310,#1311);
#1310 = CARTESIAN_POINT('',(0.,57.,0.));
#1311 = VECTOR('',#1312,1.);
#1312 = DIRECTION('',(1.,0.,-0.));
#1313 = ORIENTED_EDGE('',*,*,#1314,.T.);
#1314 = EDGE_CURVE('',#1307,#1315,#1317,.T.);
#1315 = VERTEX_POINT('',#1316);
#1316 = CARTESIAN_POINT('',(0.,57.,30.));
#1317 = LINE('',#1318,#1319);
#1318 = CARTESIAN_POINT('',(0.,57.,0.));
#1319 = VECTOR('',#1320,1.);
#1320 = DIRECTION('',(0.,0.,1.));
#1321 = ORIENTED_EDGE('',*,*,#1322,.T.);
#1322 = EDGE_CURVE('',#1315,#1323,#1325,.T.);
#1323 = VERTEX_POINT('',#1324);
#1324 = CARTESIAN_POINT('',(7.2,57.,30.));
#1325 = LINE('',#1326,#1327);
#1326 = CARTESIAN_POINT('',(-17.5,57.,30.));
#1327 = VECTOR('',#1328,1.);
#1328 = DIRECTION('',(1.,0.,-0.));
#1329 = ORIENTED_EDGE('',*,*,#1330,.F.);
#1330 = EDGE_CURVE('',#766,#1323,#1331,.T.);
#1331 = LINE('',#1332,#1333);
#1332 = CARTESIAN_POINT('',(5.85,57.,28.65));
#1333 = VECTOR('',#1334,1.);
#1334 = DIRECTION('',(0.707106781187,0.,0.707106781187));
#1335 = ORIENTED_EDGE('',*,*,#765,.F.);
#1336 = ORIENTED_EDGE('',*,*,#1337,.F.);
#1337 = EDGE_CURVE('',#1338,#758,#1340,.T.);
#1338 = VERTEX_POINT('',#1339);
#1339 = CARTESIAN_POINT('',(6.,57.,22.75));
#1340 = CIRCLE('',#1341,2.25);
#1341 = AXIS2_PLACEMENT_3D('',#1342,#1343,#1344);
#1342 = CARTESIAN_POINT('',(6.,57.,25.));
#1343 = DIRECTION('',(0.,1.,0.));
#1344 = DIRECTION('',(0.,-0.,1.));
#1345 = ORIENTED_EDGE('',*,*,#1346,.T.);
#1346 = EDGE_CURVE('',#1338,#1347,#1349,.T.);
#1347 = VERTEX_POINT('',#1348);
#1348 = CARTESIAN_POINT('',(14.,57.,22.75));
#1349 = LINE('',#1350,#1351);
#1350 = CARTESIAN_POINT('',(3.,57.,22.75));
#1351 = VECTOR('',#1352,1.);
#1352 = DIRECTION('',(1.,0.,-0.));
#1353 = ORIENTED_EDGE('',*,*,#1354,.F.);
#1354 = EDGE_CURVE('',#845,#1347,#1355,.T.);
#1355 = CIRCLE('',#1356,2.25);
#1356 = AXIS2_PLACEMENT_3D('',#1357,#1358,#1359);
#1357 = CARTESIAN_POINT('',(14.,57.,25.));
#1358 = DIRECTION('',(0.,1.,0.));
#1359 = DIRECTION('',(0.,-0.,1.));
#1360 = ORIENTED_EDGE('',*,*,#964,.T.);
#1361 = ORIENTED_EDGE('',*,*,#1362,.F.);
#1362 = EDGE_CURVE('',#1363,#957,#1365,.T.);
#1363 = VERTEX_POINT('',#1364);
#1364 = CARTESIAN_POINT('',(64.,57.,27.2));
#1365 = CIRCLE('',#1366,2.2);
#1366 = AXIS2_PLACEMENT_3D('',#1367,#1368,#1369);
#1367 = CARTESIAN_POINT('',(64.,57.,25.));
#1368 = DIRECTION('',(0.,1.,0.));
#1369 = DIRECTION('',(0.,-0.,1.));
#1370 = ORIENTED_EDGE('',*,*,#1371,.T.);
#1371 = EDGE_CURVE('',#1363,#1372,#1374,.T.);
#1372 = VERTEX_POINT('',#1373);
#1373 = CARTESIAN_POINT('',(64.,57.,28.8));
#1374 = LINE('',#1375,#1376);
#1375 = CARTESIAN_POINT('',(64.,57.,27.));
#1376 = VECTOR('',#1377,1.);
#1377 = DIRECTION('',(0.,0.,1.));
#1378 = ORIENTED_EDGE('',*,*,#1379,.T.);
#1379 = EDGE_CURVE('',#1372,#1380,#1382,.T.);
#1380 = VERTEX_POINT('',#1381);
#1381 = CARTESIAN_POINT('',(62.8,57.,30.));
#1382 = LINE('',#1383,#1384);
#1383 = CARTESIAN_POINT('',(49.65,57.,43.15));
#1384 = VECTOR('',#1385,1.);
#1385 = DIRECTION('',(-0.707106781187,-0.,0.707106781187));
#1386 = ORIENTED_EDGE('',*,*,#1387,.T.);
#1387 = EDGE_CURVE('',#1380,#1299,#1388,.T.);
#1388 = LINE('',#1389,#1390);
#1389 = CARTESIAN_POINT('',(-17.5,57.,30.));
#1390 = VECTOR('',#1391,1.);
#1391 = DIRECTION('',(1.,0.,-0.));
#1392 = FACE_BOUND('',#1393,.F.);
#1393 = EDGE_LOOP('',(#1394));
#1394 = ORIENTED_EDGE('',*,*,#1395,.F.);
#1395 = EDGE_CURVE('',#1396,#1396,#1398,.T.);
#1396 = VERTEX_POINT('',#1397);
#1397 = CARTESIAN_POINT('',(24.,57.,8.6));
#1398 = CIRCLE('',#1399,1.6);
#1399 = AXIS2_PLACEMENT_3D('',#1400,#1401,#1402);
#1400 = CARTESIAN_POINT('',(24.,57.,7.));
#1401 = DIRECTION('',(0.,1.,0.));
#1402 = DIRECTION('',(0.,-0.,1.));
#1403 = FACE_BOUND('',#1404,.F.);
#1404 = EDGE_LOOP('',(#1405));
#1405 = ORIENTED_EDGE('',*,*,#1406,.F.);
#1406 = EDGE_CURVE('',#1407,#1407,#1409,.T.);
#1407 = VERTEX_POINT('',#1408);
#1408 = CARTESIAN_POINT('',(46.,57.,8.6));
#1409 = CIRCLE('',#1410,1.6);
#1410 = AXIS2_PLACEMENT_3D('',#1411,#1412,#1413);
#1411 = CARTESIAN_POINT('',(46.,57.,7.));
#1412 = DIRECTION('',(0.,1.,0.));
#1413 = DIRECTION('',(0.,-0.,1.));
#1414 = FACE_BOUND('',#1415,.F.);
#1415 = EDGE_LOOP('',(#1416,#1417,#1418,#1419));
#1416 = ORIENTED_EDGE('',*,*,#622,.F.);
#1417 = ORIENTED_EDGE('',*,*,#727,.T.);
#1418 = ORIENTED_EDGE('',*,*,#693,.T.);
#1419 = ORIENTED_EDGE('',*,*,#1420,.F.);
#1420 = EDGE_CURVE('',#623,#694,#1421,.T.);
#1421 = LINE('',#1422,#1423);
#1422 = CARTESIAN_POINT('',(16.,57.,17.3));
#1423 = VECTOR('',#1424,1.);
#1424 = DIRECTION('',(1.,0.,-0.));
#1425 = PLANE('',#1426);
#1426 = AXIS2_PLACEMENT_3D('',#1427,#1428,#1429);
#1427 = CARTESIAN_POINT('',(0.,57.,0.));
#1428 = DIRECTION('',(-0.,1.,0.));
#1429 = DIRECTION('',(0.,0.,1.));
#1430 = ADVANCED_FACE('',(#1431),#1437,.T.);
#1431 = FACE_BOUND('',#1432,.F.);
#1432 = EDGE_LOOP('',(#1433,#1434,#1435,#1436));
#1433 = ORIENTED_EDGE('',*,*,#630,.F.);
#1434 = ORIENTED_EDGE('',*,*,#1420,.T.);
#1435 = ORIENTED_EDGE('',*,*,#701,.T.);
#1436 = ORIENTED_EDGE('',*,*,#1282,.F.);
#1437 = PLANE('',#1438);
#1438 = AXIS2_PLACEMENT_3D('',#1439,#1440,#1441);
#1439 = CARTESIAN_POINT('',(16.,56.4,17.9));
#1440 = DIRECTION('',(-1.407620945704E-17,0.707106781187,0.707106781187)
  );
#1441 = DIRECTION('',(-1.,-9.953383160478E-18,-9.953383160478E-18));
#1442 = ADVANCED_FACE('',(#1443),#1472,.F.);
#1443 = FACE_BOUND('',#1444,.F.);
#1444 = EDGE_LOOP('',(#1445,#1454,#1461,#1462,#1463,#1464,#1471));
#1445 = ORIENTED_EDGE('',*,*,#1446,.T.);
#1446 = EDGE_CURVE('',#991,#1447,#1449,.T.);
#1447 = VERTEX_POINT('',#1448);
#1448 = CARTESIAN_POINT('',(6.,3.,31.5));
#1449 = CIRCLE('',#1450,6.5);
#1450 = AXIS2_PLACEMENT_3D('',#1451,#1452,#1453);
#1451 = CARTESIAN_POINT('',(6.,3.,25.));
#1452 = DIRECTION('',(0.,1.,0.));
#1453 = DIRECTION('',(0.,-0.,1.));
#1454 = ORIENTED_EDGE('',*,*,#1455,.T.);
#1455 = EDGE_CURVE('',#1447,#1055,#1456,.T.);
#1456 = CIRCLE('',#1457,6.5);
#1457 = AXIS2_PLACEMENT_3D('',#1458,#1459,#1460);
#1458 = CARTESIAN_POINT('',(6.,3.,25.));
#1459 = DIRECTION('',(0.,1.,0.));
#1460 = DIRECTION('',(0.,-0.,1.));
#1461 = ORIENTED_EDGE('',*,*,#1062,.F.);
#1462 = ORIENTED_EDGE('',*,*,#822,.T.);
#1463 = ORIENTED_EDGE('',*,*,#797,.T.);
#1464 = ORIENTED_EDGE('',*,*,#1465,.F.);
#1465 = EDGE_CURVE('',#999,#790,#1466,.T.);
#1466 = CIRCLE('',#1467,2.2);
#1467 = AXIS2_PLACEMENT_3D('',#1468,#1469,#1470);
#1468 = CARTESIAN_POINT('',(6.,3.,25.));
#1469 = DIRECTION('',(0.,1.,0.));
#1470 = DIRECTION('',(0.,-0.,1.));
#1471 = ORIENTED_EDGE('',*,*,#998,.T.);
#1472 = PLANE('',#1473);
#1473 = AXIS2_PLACEMENT_3D('',#1474,#1475,#1476);
#1474 = CARTESIAN_POINT('',(6.,3.,25.));
#1475 = DIRECTION('',(0.,1.,0.));
#1476 = DIRECTION('',(0.,-0.,1.));
#1477 = ADVANCED_FACE('',(#1478),#1490,.F.);
#1478 = FACE_BOUND('',#1479,.F.);
#1479 = EDGE_LOOP('',(#1480,#1481,#1488,#1489));
#1480 = ORIENTED_EDGE('',*,*,#789,.T.);
#1481 = ORIENTED_EDGE('',*,*,#1482,.F.);
#1482 = EDGE_CURVE('',#1007,#782,#1483,.T.);
#1483 = CIRCLE('',#1484,2.2);
#1484 = AXIS2_PLACEMENT_3D('',#1485,#1486,#1487);
#1485 = CARTESIAN_POINT('',(6.,56.,25.));
#1486 = DIRECTION('',(0.,1.,0.));
#1487 = DIRECTION('',(0.,-0.,1.));
#1488 = ORIENTED_EDGE('',*,*,#1006,.F.);
#1489 = ORIENTED_EDGE('',*,*,#1465,.T.);
#1490 = CYLINDRICAL_SURFACE('',#1491,2.2);
#1491 = AXIS2_PLACEMENT_3D('',#1492,#1493,#1494);
#1492 = CARTESIAN_POINT('',(6.,2.,25.));
#1493 = DIRECTION('',(0.,1.,0.));
#1494 = DIRECTION('',(0.,-0.,1.));
#1495 = ADVANCED_FACE('',(#1496),#1533,.T.);
#1496 = FACE_BOUND('',#1497,.T.);
#1497 = EDGE_LOOP('',(#1498,#1507,#1516,#1524,#1530,#1531,#1532));
#1498 = ORIENTED_EDGE('',*,*,#1499,.T.);
#1499 = EDGE_CURVE('',#1015,#1500,#1502,.T.);
#1500 = VERTEX_POINT('',#1501);
#1501 = CARTESIAN_POINT('',(6.,56.,31.5));
#1502 = CIRCLE('',#1503,6.5);
#1503 = AXIS2_PLACEMENT_3D('',#1504,#1505,#1506);
#1504 = CARTESIAN_POINT('',(6.,56.,25.));
#1505 = DIRECTION('',(0.,1.,0.));
#1506 = DIRECTION('',(0.,-0.,1.));
#1507 = ORIENTED_EDGE('',*,*,#1508,.T.);
#1508 = EDGE_CURVE('',#1500,#1509,#1511,.T.);
#1509 = VERTEX_POINT('',#1510);
#1510 = CARTESIAN_POINT('',(10.153311931459,56.,30.));
#1511 = CIRCLE('',#1512,6.5);
#1512 = AXIS2_PLACEMENT_3D('',#1513,#1514,#1515);
#1513 = CARTESIAN_POINT('',(6.,56.,25.));
#1514 = DIRECTION('',(0.,1.,0.));
#1515 = DIRECTION('',(0.,-0.,1.));
#1516 = ORIENTED_EDGE('',*,*,#1517,.F.);
#1517 = EDGE_CURVE('',#1518,#1509,#1520,.T.);
#1518 = VERTEX_POINT('',#1519);
#1519 = CARTESIAN_POINT('',(7.2,56.,30.));
#1520 = LINE('',#1521,#1522);
#1521 = CARTESIAN_POINT('',(6.,56.,30.));
#1522 = VECTOR('',#1523,1.);
#1523 = DIRECTION('',(1.,0.,0.));
#1524 = ORIENTED_EDGE('',*,*,#1525,.T.);
#1525 = EDGE_CURVE('',#1518,#774,#1526,.T.);
#1526 = LINE('',#1527,#1528);
#1527 = CARTESIAN_POINT('',(5.35,56.,28.15));
#1528 = VECTOR('',#1529,1.);
#1529 = DIRECTION('',(-0.707106781187,0.,-0.707106781187));
#1530 = ORIENTED_EDGE('',*,*,#781,.T.);
#1531 = ORIENTED_EDGE('',*,*,#1482,.F.);
#1532 = ORIENTED_EDGE('',*,*,#1014,.T.);
#1533 = PLANE('',#1534);
#1534 = AXIS2_PLACEMENT_3D('',#1535,#1536,#1537);
#1535 = CARTESIAN_POINT('',(6.,56.,25.));
#1536 = DIRECTION('',(0.,1.,0.));
#1537 = DIRECTION('',(0.,-0.,1.));
#1538 = ADVANCED_FACE('',(#1539),#1550,.F.);
#1539 = FACE_BOUND('',#1540,.F.);
#1540 = EDGE_LOOP('',(#1541,#1542,#1543,#1544));
#1541 = ORIENTED_EDGE('',*,*,#1525,.T.);
#1542 = ORIENTED_EDGE('',*,*,#773,.T.);
#1543 = ORIENTED_EDGE('',*,*,#1330,.T.);
#1544 = ORIENTED_EDGE('',*,*,#1545,.F.);
#1545 = EDGE_CURVE('',#1518,#1323,#1546,.T.);
#1546 = LINE('',#1547,#1548);
#1547 = CARTESIAN_POINT('',(7.2,2.,30.));
#1548 = VECTOR('',#1549,1.);
#1549 = DIRECTION('',(-0.,1.,0.));
#1550 = PLANE('',#1551);
#1551 = AXIS2_PLACEMENT_3D('',#1552,#1553,#1554);
#1552 = CARTESIAN_POINT('',(6.6,2.,29.4));
#1553 = DIRECTION('',(0.707106781187,0.,-0.707106781187));
#1554 = DIRECTION('',(0.,1.,0.));
#1555 = ADVANCED_FACE('',(#1556),#1575,.T.);
#1556 = FACE_BOUND('',#1557,.T.);
#1557 = EDGE_LOOP('',(#1558,#1567,#1568,#1569));
#1558 = ORIENTED_EDGE('',*,*,#1559,.T.);
#1559 = EDGE_CURVE('',#1560,#845,#1562,.T.);
#1560 = VERTEX_POINT('',#1561);
#1561 = CARTESIAN_POINT('',(14.,57.,27.25));
#1562 = CIRCLE('',#1563,2.25);
#1563 = AXIS2_PLACEMENT_3D('',#1564,#1565,#1566);
#1564 = CARTESIAN_POINT('',(14.,57.,25.));
#1565 = DIRECTION('',(0.,1.,0.));
#1566 = DIRECTION('',(0.,-0.,1.));
#1567 = ORIENTED_EDGE('',*,*,#844,.F.);
#1568 = ORIENTED_EDGE('',*,*,#757,.T.);
#1569 = ORIENTED_EDGE('',*,*,#1570,.T.);
#1570 = EDGE_CURVE('',#758,#1560,#1571,.T.);
#1571 = LINE('',#1572,#1573);
#1572 = CARTESIAN_POINT('',(3.,57.,27.25));
#1573 = VECTOR('',#1574,1.);
#1574 = DIRECTION('',(1.,0.,-0.));
#1575 = PLANE('',#1576);
#1576 = AXIS2_PLACEMENT_3D('',#1577,#1578,#1579);
#1577 = CARTESIAN_POINT('',(6.,57.,27.));
#1578 = DIRECTION('',(-0.,1.,0.));
#1579 = DIRECTION('',(0.,0.,1.));
#1580 = ADVANCED_FACE('',(#1581),#1597,.T.);
#1581 = FACE_BOUND('',#1582,.T.);
#1582 = EDGE_LOOP('',(#1583,#1589,#1590));
#1583 = ORIENTED_EDGE('',*,*,#1584,.F.);
#1584 = EDGE_CURVE('',#949,#1363,#1585,.T.);
#1585 = LINE('',#1586,#1587);
#1586 = CARTESIAN_POINT('',(64.,57.,27.));
#1587 = VECTOR('',#1588,1.);
#1588 = DIRECTION('',(0.,0.,1.));
#1589 = ORIENTED_EDGE('',*,*,#956,.F.);
#1590 = ORIENTED_EDGE('',*,*,#1591,.T.);
#1591 = EDGE_CURVE('',#957,#1363,#1592,.T.);
#1592 = CIRCLE('',#1593,2.2);
#1593 = AXIS2_PLACEMENT_3D('',#1594,#1595,#1596);
#1594 = CARTESIAN_POINT('',(64.,57.,25.));
#1595 = DIRECTION('',(0.,1.,0.));
#1596 = DIRECTION('',(0.,-0.,1.));
#1597 = PLANE('',#1598);
#1598 = AXIS2_PLACEMENT_3D('',#1599,#1600,#1601);
#1599 = CARTESIAN_POINT('',(6.,57.,27.));
#1600 = DIRECTION('',(-0.,1.,0.));
#1601 = DIRECTION('',(0.,0.,1.));
#1602 = ADVANCED_FACE('',(#1603),#1638,.T.);
#1603 = FACE_BOUND('',#1604,.T.);
#1604 = EDGE_LOOP('',(#1605,#1613,#1614,#1615,#1616,#1624,#1632));
#1605 = ORIENTED_EDGE('',*,*,#1606,.T.);
#1606 = EDGE_CURVE('',#1607,#941,#1609,.T.);
#1607 = VERTEX_POINT('',#1608);
#1608 = CARTESIAN_POINT('',(64.,11.,27.2));
#1609 = LINE('',#1610,#1611);
#1610 = CARTESIAN_POINT('',(64.,11.,26.));
#1611 = VECTOR('',#1612,1.);
#1612 = DIRECTION('',(-0.,0.,-1.));
#1613 = ORIENTED_EDGE('',*,*,#948,.T.);
#1614 = ORIENTED_EDGE('',*,*,#1584,.T.);
#1615 = ORIENTED_EDGE('',*,*,#1371,.T.);
#1616 = ORIENTED_EDGE('',*,*,#1617,.F.);
#1617 = EDGE_CURVE('',#1618,#1372,#1620,.T.);
#1618 = VERTEX_POINT('',#1619);
#1619 = CARTESIAN_POINT('',(64.,56.,28.8));
#1620 = LINE('',#1621,#1622);
#1621 = CARTESIAN_POINT('',(64.,2.,28.8));
#1622 = VECTOR('',#1623,1.);
#1623 = DIRECTION('',(-0.,1.,0.));
#1624 = ORIENTED_EDGE('',*,*,#1625,.T.);
#1625 = EDGE_CURVE('',#1618,#1626,#1628,.T.);
#1626 = VERTEX_POINT('',#1627);
#1627 = CARTESIAN_POINT('',(64.,56.,27.2));
#1628 = LINE('',#1629,#1630);
#1629 = CARTESIAN_POINT('',(64.,56.,26.));
#1630 = VECTOR('',#1631,1.);
#1631 = DIRECTION('',(-0.,0.,-1.));
#1632 = ORIENTED_EDGE('',*,*,#1633,.F.);
#1633 = EDGE_CURVE('',#1607,#1626,#1634,.T.);
#1634 = LINE('',#1635,#1636);
#1635 = CARTESIAN_POINT('',(64.,11.,27.2));
#1636 = VECTOR('',#1637,1.);
#1637 = DIRECTION('',(0.,1.,0.));
#1638 = PLANE('',#1639);
#1639 = AXIS2_PLACEMENT_3D('',#1640,#1641,#1642);
#1640 = CARTESIAN_POINT('',(64.,2.,27.));
#1641 = DIRECTION('',(1.,0.,-0.));
#1642 = DIRECTION('',(0.,0.,1.));
#1643 = ADVANCED_FACE('',(#1644),#1655,.T.);
#1644 = FACE_BOUND('',#1645,.T.);
#1645 = EDGE_LOOP('',(#1646,#1647,#1654));
#1646 = ORIENTED_EDGE('',*,*,#1606,.F.);
#1647 = ORIENTED_EDGE('',*,*,#1648,.T.);
#1648 = EDGE_CURVE('',#1607,#933,#1649,.T.);
#1649 = CIRCLE('',#1650,2.2);
#1650 = AXIS2_PLACEMENT_3D('',#1651,#1652,#1653);
#1651 = CARTESIAN_POINT('',(64.,11.,25.));
#1652 = DIRECTION('',(0.,1.,0.));
#1653 = DIRECTION('',(0.,-0.,1.));
#1654 = ORIENTED_EDGE('',*,*,#940,.T.);
#1655 = PLANE('',#1656);
#1656 = AXIS2_PLACEMENT_3D('',#1657,#1658,#1659);
#1657 = CARTESIAN_POINT('',(64.,11.,25.));
#1658 = DIRECTION('',(0.,1.,0.));
#1659 = DIRECTION('',(0.,-0.,1.));
#1660 = ADVANCED_FACE('',(#1661),#1673,.F.);
#1661 = FACE_BOUND('',#1662,.F.);
#1662 = EDGE_LOOP('',(#1663,#1670,#1671,#1672));
#1663 = ORIENTED_EDGE('',*,*,#1664,.F.);
#1664 = EDGE_CURVE('',#1626,#925,#1665,.T.);
#1665 = CIRCLE('',#1666,2.2);
#1666 = AXIS2_PLACEMENT_3D('',#1667,#1668,#1669);
#1667 = CARTESIAN_POINT('',(64.,56.,25.));
#1668 = DIRECTION('',(0.,1.,0.));
#1669 = DIRECTION('',(0.,-0.,1.));
#1670 = ORIENTED_EDGE('',*,*,#1633,.F.);
#1671 = ORIENTED_EDGE('',*,*,#1648,.T.);
#1672 = ORIENTED_EDGE('',*,*,#932,.T.);
#1673 = CYLINDRICAL_SURFACE('',#1674,2.2);
#1674 = AXIS2_PLACEMENT_3D('',#1675,#1676,#1677);
#1675 = CARTESIAN_POINT('',(64.,11.,25.));
#1676 = DIRECTION('',(0.,1.,0.));
#1677 = DIRECTION('',(0.,-0.,1.));
#1678 = ADVANCED_FACE('',(#1679),#1716,.T.);
#1679 = FACE_BOUND('',#1680,.T.);
#1680 = EDGE_LOOP('',(#1681,#1692,#1699,#1700,#1701,#1702,#1710));
#1681 = ORIENTED_EDGE('',*,*,#1682,.T.);
#1682 = EDGE_CURVE('',#1683,#1685,#1687,.T.);
#1683 = VERTEX_POINT('',#1684);
#1684 = CARTESIAN_POINT('',(59.846688068541,56.,30.));
#1685 = VERTEX_POINT('',#1686);
#1686 = CARTESIAN_POINT('',(64.,56.,31.5));
#1687 = CIRCLE('',#1688,6.5);
#1688 = AXIS2_PLACEMENT_3D('',#1689,#1690,#1691);
#1689 = CARTESIAN_POINT('',(64.,56.,25.));
#1690 = DIRECTION('',(0.,1.,0.));
#1691 = DIRECTION('',(0.,-0.,1.));
#1692 = ORIENTED_EDGE('',*,*,#1693,.T.);
#1693 = EDGE_CURVE('',#1685,#917,#1694,.T.);
#1694 = CIRCLE('',#1695,6.5);
#1695 = AXIS2_PLACEMENT_3D('',#1696,#1697,#1698);
#1696 = CARTESIAN_POINT('',(64.,56.,25.));
#1697 = DIRECTION('',(0.,1.,0.));
#1698 = DIRECTION('',(0.,-0.,1.));
#1699 = ORIENTED_EDGE('',*,*,#924,.T.);
#1700 = ORIENTED_EDGE('',*,*,#1664,.F.);
#1701 = ORIENTED_EDGE('',*,*,#1625,.F.);
#1702 = ORIENTED_EDGE('',*,*,#1703,.F.);
#1703 = EDGE_CURVE('',#1704,#1618,#1706,.T.);
#1704 = VERTEX_POINT('',#1705);
#1705 = CARTESIAN_POINT('',(62.8,56.,30.));
#1706 = LINE('',#1707,#1708);
#1707 = CARTESIAN_POINT('',(64.65,56.,28.15));
#1708 = VECTOR('',#1709,1.);
#1709 = DIRECTION('',(0.707106781187,0.,-0.707106781187));
#1710 = ORIENTED_EDGE('',*,*,#1711,.F.);
#1711 = EDGE_CURVE('',#1683,#1704,#1712,.T.);
#1712 = LINE('',#1713,#1714);
#1713 = CARTESIAN_POINT('',(35.,56.,30.));
#1714 = VECTOR('',#1715,1.);
#1715 = DIRECTION('',(1.,0.,0.));
#1716 = PLANE('',#1717);
#1717 = AXIS2_PLACEMENT_3D('',#1718,#1719,#1720);
#1718 = CARTESIAN_POINT('',(64.,56.,25.));
#1719 = DIRECTION('',(0.,1.,0.));
#1720 = DIRECTION('',(0.,-0.,1.));
#1721 = ADVANCED_FACE('',(#1722),#1759,.T.);
#1722 = FACE_BOUND('',#1723,.T.);
#1723 = EDGE_LOOP('',(#1724,#1725,#1733,#1742,#1751,#1758));
#1724 = ORIENTED_EDGE('',*,*,#1693,.F.);
#1725 = ORIENTED_EDGE('',*,*,#1726,.F.);
#1726 = EDGE_CURVE('',#1727,#1685,#1729,.T.);
#1727 = VERTEX_POINT('',#1728);
#1728 = CARTESIAN_POINT('',(64.,54.5,31.5));
#1729 = LINE('',#1730,#1731);
#1730 = CARTESIAN_POINT('',(64.,54.5,31.5));
#1731 = VECTOR('',#1732,1.);
#1732 = DIRECTION('',(0.,1.,0.));
#1733 = ORIENTED_EDGE('',*,*,#1734,.T.);
#1734 = EDGE_CURVE('',#1727,#1735,#1737,.T.);
#1735 = VERTEX_POINT('',#1736);
#1736 = CARTESIAN_POINT('',(61.5,54.5,19.));
#1737 = CIRCLE('',#1738,6.5);
#1738 = AXIS2_PLACEMENT_3D('',#1739,#1740,#1741);
#1739 = CARTESIAN_POINT('',(64.,54.5,25.));
#1740 = DIRECTION('',(0.,1.,0.));
#1741 = DIRECTION('',(0.,-0.,1.));
#1742 = ORIENTED_EDGE('',*,*,#1743,.T.);
#1743 = EDGE_CURVE('',#1735,#1744,#1746,.T.);
#1744 = VERTEX_POINT('',#1745);
#1745 = CARTESIAN_POINT('',(59.846688068541,54.5,20.));
#1746 = CIRCLE('',#1747,6.5);
#1747 = AXIS2_PLACEMENT_3D('',#1748,#1749,#1750);
#1748 = CARTESIAN_POINT('',(64.,54.5,25.));
#1749 = DIRECTION('',(0.,1.,0.));
#1750 = DIRECTION('',(0.,-0.,1.));
#1751 = ORIENTED_EDGE('',*,*,#1752,.T.);
#1752 = EDGE_CURVE('',#1744,#909,#1753,.T.);
#1753 = CIRCLE('',#1754,6.5);
#1754 = AXIS2_PLACEMENT_3D('',#1755,#1756,#1757);
#1755 = CARTESIAN_POINT('',(64.,54.5,25.));
#1756 = DIRECTION('',(0.,1.,0.));
#1757 = DIRECTION('',(0.,-0.,1.));
#1758 = ORIENTED_EDGE('',*,*,#916,.T.);
#1759 = CYLINDRICAL_SURFACE('',#1760,6.5);
#1760 = AXIS2_PLACEMENT_3D('',#1761,#1762,#1763);
#1761 = CARTESIAN_POINT('',(64.,54.5,25.));
#1762 = DIRECTION('',(0.,1.,0.));
#1763 = DIRECTION('',(0.,-0.,1.));
#1764 = ADVANCED_FACE('',(#1765),#1792,.F.);
#1765 = FACE_BOUND('',#1766,.F.);
#1766 = EDGE_LOOP('',(#1767,#1775,#1776,#1777,#1786));
#1767 = ORIENTED_EDGE('',*,*,#1768,.T.);
#1768 = EDGE_CURVE('',#1769,#1744,#1771,.T.);
#1769 = VERTEX_POINT('',#1770);
#1770 = CARTESIAN_POINT('',(60.683375209645,54.5,20.));
#1771 = LINE('',#1772,#1773);
#1772 = CARTESIAN_POINT('',(64.,54.5,20.));
#1773 = VECTOR('',#1774,1.);
#1774 = DIRECTION('',(-1.,0.,0.));
#1775 = ORIENTED_EDGE('',*,*,#1752,.T.);
#1776 = ORIENTED_EDGE('',*,*,#908,.T.);
#1777 = ORIENTED_EDGE('',*,*,#1778,.F.);
#1778 = EDGE_CURVE('',#1779,#901,#1781,.T.);
#1779 = VERTEX_POINT('',#1780);
#1780 = CARTESIAN_POINT('',(64.,54.5,20.));
#1781 = CIRCLE('',#1782,5.);
#1782 = AXIS2_PLACEMENT_3D('',#1783,#1784,#1785);
#1783 = CARTESIAN_POINT('',(64.,54.5,25.));
#1784 = DIRECTION('',(0.,1.,0.));
#1785 = DIRECTION('',(0.,-0.,1.));
#1786 = ORIENTED_EDGE('',*,*,#1787,.T.);
#1787 = EDGE_CURVE('',#1779,#1769,#1788,.T.);
#1788 = LINE('',#1789,#1790);
#1789 = CARTESIAN_POINT('',(64.,54.5,20.));
#1790 = VECTOR('',#1791,1.);
#1791 = DIRECTION('',(-1.,0.,0.));
#1792 = PLANE('',#1793);
#1793 = AXIS2_PLACEMENT_3D('',#1794,#1795,#1796);
#1794 = CARTESIAN_POINT('',(64.,54.5,25.));
#1795 = DIRECTION('',(0.,1.,0.));
#1796 = DIRECTION('',(0.,-0.,1.));
#1797 = ADVANCED_FACE('',(#1798),#1817,.T.);
#1798 = FACE_BOUND('',#1799,.T.);
#1799 = EDGE_LOOP('',(#1800,#1801,#1809,#1816));
#1800 = ORIENTED_EDGE('',*,*,#1778,.F.);
#1801 = ORIENTED_EDGE('',*,*,#1802,.F.);
#1802 = EDGE_CURVE('',#1803,#1779,#1805,.T.);
#1803 = VERTEX_POINT('',#1804);
#1804 = CARTESIAN_POINT('',(64.,4.5,20.));
#1805 = LINE('',#1806,#1807);
#1806 = CARTESIAN_POINT('',(64.,4.5,20.));
#1807 = VECTOR('',#1808,1.);
#1808 = DIRECTION('',(0.,1.,0.));
#1809 = ORIENTED_EDGE('',*,*,#1810,.T.);
#1810 = EDGE_CURVE('',#1803,#893,#1811,.T.);
#1811 = CIRCLE('',#1812,5.);
#1812 = AXIS2_PLACEMENT_3D('',#1813,#1814,#1815);
#1813 = CARTESIAN_POINT('',(64.,4.5,25.));
#1814 = DIRECTION('',(0.,1.,0.));
#1815 = DIRECTION('',(0.,-0.,1.));
#1816 = ORIENTED_EDGE('',*,*,#900,.T.);
#1817 = CYLINDRICAL_SURFACE('',#1818,5.);
#1818 = AXIS2_PLACEMENT_3D('',#1819,#1820,#1821);
#1819 = CARTESIAN_POINT('',(64.,4.5,25.));
#1820 = DIRECTION('',(0.,1.,0.));
#1821 = DIRECTION('',(0.,-0.,1.));
#1822 = ADVANCED_FACE('',(#1823),#1850,.T.);
#1823 = FACE_BOUND('',#1824,.T.);
#1824 = EDGE_LOOP('',(#1825,#1835,#1842,#1843,#1844));
#1825 = ORIENTED_EDGE('',*,*,#1826,.T.);
#1826 = EDGE_CURVE('',#1827,#1829,#1831,.T.);
#1827 = VERTEX_POINT('',#1828);
#1828 = CARTESIAN_POINT('',(60.683375209645,4.5,20.));
#1829 = VERTEX_POINT('',#1830);
#1830 = CARTESIAN_POINT('',(59.846688068541,4.5,20.));
#1831 = LINE('',#1832,#1833);
#1832 = CARTESIAN_POINT('',(64.,4.5,20.));
#1833 = VECTOR('',#1834,1.);
#1834 = DIRECTION('',(-1.,0.,0.));
#1835 = ORIENTED_EDGE('',*,*,#1836,.T.);
#1836 = EDGE_CURVE('',#1829,#885,#1837,.T.);
#1837 = CIRCLE('',#1838,6.5);
#1838 = AXIS2_PLACEMENT_3D('',#1839,#1840,#1841);
#1839 = CARTESIAN_POINT('',(64.,4.5,25.));
#1840 = DIRECTION('',(0.,1.,0.));
#1841 = DIRECTION('',(0.,-0.,1.));
#1842 = ORIENTED_EDGE('',*,*,#892,.T.);
#1843 = ORIENTED_EDGE('',*,*,#1810,.F.);
#1844 = ORIENTED_EDGE('',*,*,#1845,.T.);
#1845 = EDGE_CURVE('',#1803,#1827,#1846,.T.);
#1846 = LINE('',#1847,#1848);
#1847 = CARTESIAN_POINT('',(64.,4.5,20.));
#1848 = VECTOR('',#1849,1.);
#1849 = DIRECTION('',(-1.,0.,0.));
#1850 = PLANE('',#1851);
#1851 = AXIS2_PLACEMENT_3D('',#1852,#1853,#1854);
#1852 = CARTESIAN_POINT('',(64.,4.5,25.));
#1853 = DIRECTION('',(0.,1.,0.));
#1854 = DIRECTION('',(0.,-0.,1.));
#1855 = ADVANCED_FACE('',(#1856),#1893,.T.);
#1856 = FACE_BOUND('',#1857,.T.);
#1857 = EDGE_LOOP('',(#1858,#1869,#1877,#1884,#1885,#1886));
#1858 = ORIENTED_EDGE('',*,*,#1859,.F.);
#1859 = EDGE_CURVE('',#1860,#1862,#1864,.T.);
#1860 = VERTEX_POINT('',#1861);
#1861 = CARTESIAN_POINT('',(64.,4.5,31.5));
#1862 = VERTEX_POINT('',#1863);
#1863 = CARTESIAN_POINT('',(61.5,4.5,19.));
#1864 = CIRCLE('',#1865,6.5);
#1865 = AXIS2_PLACEMENT_3D('',#1866,#1867,#1868);
#1866 = CARTESIAN_POINT('',(64.,4.5,25.));
#1867 = DIRECTION('',(0.,1.,0.));
#1868 = DIRECTION('',(0.,-0.,1.));
#1869 = ORIENTED_EDGE('',*,*,#1870,.F.);
#1870 = EDGE_CURVE('',#1871,#1860,#1873,.T.);
#1871 = VERTEX_POINT('',#1872);
#1872 = CARTESIAN_POINT('',(64.,3.,31.5));
#1873 = LINE('',#1874,#1875);
#1874 = CARTESIAN_POINT('',(64.,3.,31.5));
#1875 = VECTOR('',#1876,1.);
#1876 = DIRECTION('',(0.,1.,0.));
#1877 = ORIENTED_EDGE('',*,*,#1878,.T.);
#1878 = EDGE_CURVE('',#1871,#877,#1879,.T.);
#1879 = CIRCLE('',#1880,6.5);
#1880 = AXIS2_PLACEMENT_3D('',#1881,#1882,#1883);
#1881 = CARTESIAN_POINT('',(64.,3.,25.));
#1882 = DIRECTION('',(0.,1.,0.));
#1883 = DIRECTION('',(0.,-0.,1.));
#1884 = ORIENTED_EDGE('',*,*,#884,.T.);
#1885 = ORIENTED_EDGE('',*,*,#1836,.F.);
#1886 = ORIENTED_EDGE('',*,*,#1887,.F.);
#1887 = EDGE_CURVE('',#1862,#1829,#1888,.T.);
#1888 = CIRCLE('',#1889,6.5);
#1889 = AXIS2_PLACEMENT_3D('',#1890,#1891,#1892);
#1890 = CARTESIAN_POINT('',(64.,4.5,25.));
#1891 = DIRECTION('',(0.,1.,0.));
#1892 = DIRECTION('',(0.,-0.,1.));
#1893 = CYLINDRICAL_SURFACE('',#1894,6.5);
#1894 = AXIS2_PLACEMENT_3D('',#1895,#1896,#1897);
#1895 = CARTESIAN_POINT('',(64.,3.,25.));
#1896 = DIRECTION('',(0.,1.,0.));
#1897 = DIRECTION('',(0.,-0.,1.));
#1898 = ADVANCED_FACE('',(#1899,#1913),#1932,.F.);
#1899 = FACE_BOUND('',#1900,.F.);
#1900 = EDGE_LOOP('',(#1901,#1908,#1909,#1910,#1911,#1912));
#1901 = ORIENTED_EDGE('',*,*,#1902,.T.);
#1902 = EDGE_CURVE('',#1079,#1871,#1903,.T.);
#1903 = CIRCLE('',#1904,6.5);
#1904 = AXIS2_PLACEMENT_3D('',#1905,#1906,#1907);
#1905 = CARTESIAN_POINT('',(64.,3.,25.));
#1906 = DIRECTION('',(0.,1.,0.));
#1907 = DIRECTION('',(0.,-0.,1.));
#1908 = ORIENTED_EDGE('',*,*,#1878,.T.);
#1909 = ORIENTED_EDGE('',*,*,#876,.T.);
#1910 = ORIENTED_EDGE('',*,*,#1163,.F.);
#1911 = ORIENTED_EDGE('',*,*,#1141,.F.);
#1912 = ORIENTED_EDGE('',*,*,#1078,.F.);
#1913 = FACE_BOUND('',#1914,.F.);
#1914 = EDGE_LOOP('',(#1915,#1926));
#1915 = ORIENTED_EDGE('',*,*,#1916,.F.);
#1916 = EDGE_CURVE('',#1917,#1919,#1921,.T.);
#1917 = VERTEX_POINT('',#1918);
#1918 = CARTESIAN_POINT('',(65.312440474841,3.,26.));
#1919 = VERTEX_POINT('',#1920);
#1920 = CARTESIAN_POINT('',(62.687559525159,3.,26.));
#1921 = CIRCLE('',#1922,1.65);
#1922 = AXIS2_PLACEMENT_3D('',#1923,#1924,#1925);
#1923 = CARTESIAN_POINT('',(64.,3.,25.));
#1924 = DIRECTION('',(0.,1.,0.));
#1925 = DIRECTION('',(0.,-0.,1.));
#1926 = ORIENTED_EDGE('',*,*,#1927,.F.);
#1927 = EDGE_CURVE('',#1919,#1917,#1928,.T.);
#1928 = LINE('',#1929,#1930);
#1929 = CARTESIAN_POINT('',(62.75,3.,26.));
#1930 = VECTOR('',#1931,1.);
#1931 = DIRECTION('',(1.,0.,0.));
#1932 = PLANE('',#1933);
#1933 = AXIS2_PLACEMENT_3D('',#1934,#1935,#1936);
#1934 = CARTESIAN_POINT('',(64.,3.,25.));
#1935 = DIRECTION('',(0.,1.,0.));
#1936 = DIRECTION('',(0.,-0.,1.));
#1937 = ADVANCED_FACE('',(#1938),#1943,.F.);
#1938 = FACE_BOUND('',#1939,.F.);
#1939 = EDGE_LOOP('',(#1940,#1941,#1942));
#1940 = ORIENTED_EDGE('',*,*,#1156,.F.);
#1941 = ORIENTED_EDGE('',*,*,#860,.F.);
#1942 = ORIENTED_EDGE('',*,*,#1115,.T.);
#1943 = PLANE('',#1944);
#1944 = AXIS2_PLACEMENT_3D('',#1945,#1946,#1947);
#1945 = CARTESIAN_POINT('',(6.,2.,27.));
#1946 = DIRECTION('',(-0.,1.,0.));
#1947 = DIRECTION('',(0.,0.,1.));
#1948 = ADVANCED_FACE('',(#1949),#1976,.T.);
#1949 = FACE_BOUND('',#1950,.T.);
#1950 = EDGE_LOOP('',(#1951,#1960,#1968,#1975));
#1951 = ORIENTED_EDGE('',*,*,#1952,.T.);
#1952 = EDGE_CURVE('',#973,#1953,#1955,.T.);
#1953 = VERTEX_POINT('',#1954);
#1954 = CARTESIAN_POINT('',(6.,4.5,20.));
#1955 = CIRCLE('',#1956,5.);
#1956 = AXIS2_PLACEMENT_3D('',#1957,#1958,#1959);
#1957 = CARTESIAN_POINT('',(6.,4.5,25.));
#1958 = DIRECTION('',(0.,1.,0.));
#1959 = DIRECTION('',(0.,-0.,1.));
#1960 = ORIENTED_EDGE('',*,*,#1961,.T.);
#1961 = EDGE_CURVE('',#1953,#1962,#1964,.T.);
#1962 = VERTEX_POINT('',#1963);
#1963 = CARTESIAN_POINT('',(6.,54.5,20.));
#1964 = LINE('',#1965,#1966);
#1965 = CARTESIAN_POINT('',(6.,4.5,20.));
#1966 = VECTOR('',#1967,1.);
#1967 = DIRECTION('',(0.,1.,0.));
#1968 = ORIENTED_EDGE('',*,*,#1969,.F.);
#1969 = EDGE_CURVE('',#975,#1962,#1970,.T.);
#1970 = CIRCLE('',#1971,5.);
#1971 = AXIS2_PLACEMENT_3D('',#1972,#1973,#1974);
#1972 = CARTESIAN_POINT('',(6.,54.5,25.));
#1973 = DIRECTION('',(0.,1.,0.));
#1974 = DIRECTION('',(0.,-0.,1.));
#1975 = ORIENTED_EDGE('',*,*,#972,.F.);
#1976 = CYLINDRICAL_SURFACE('',#1977,5.);
#1977 = AXIS2_PLACEMENT_3D('',#1978,#1979,#1980);
#1978 = CARTESIAN_POINT('',(6.,4.5,25.));
#1979 = DIRECTION('',(0.,1.,0.));
#1980 = DIRECTION('',(0.,-0.,1.));
#1981 = ADVANCED_FACE('',(#1982),#2009,.F.);
#1982 = FACE_BOUND('',#1983,.F.);
#1983 = EDGE_LOOP('',(#1984,#1985,#1994,#2002,#2008));
#1984 = ORIENTED_EDGE('',*,*,#1030,.T.);
#1985 = ORIENTED_EDGE('',*,*,#1986,.T.);
#1986 = EDGE_CURVE('',#1023,#1987,#1989,.T.);
#1987 = VERTEX_POINT('',#1988);
#1988 = CARTESIAN_POINT('',(10.153311931459,54.5,20.));
#1989 = CIRCLE('',#1990,6.5);
#1990 = AXIS2_PLACEMENT_3D('',#1991,#1992,#1993);
#1991 = CARTESIAN_POINT('',(6.,54.5,25.));
#1992 = DIRECTION('',(0.,1.,0.));
#1993 = DIRECTION('',(0.,-0.,1.));
#1994 = ORIENTED_EDGE('',*,*,#1995,.T.);
#1995 = EDGE_CURVE('',#1987,#1996,#1998,.T.);
#1996 = VERTEX_POINT('',#1997);
#1997 = CARTESIAN_POINT('',(9.316624790355,54.5,20.));
#1998 = LINE('',#1999,#2000);
#1999 = CARTESIAN_POINT('',(64.,54.5,20.));
#2000 = VECTOR('',#2001,1.);
#2001 = DIRECTION('',(-1.,0.,0.));
#2002 = ORIENTED_EDGE('',*,*,#2003,.T.);
#2003 = EDGE_CURVE('',#1996,#1962,#2004,.T.);
#2004 = LINE('',#2005,#2006);
#2005 = CARTESIAN_POINT('',(64.,54.5,20.));
#2006 = VECTOR('',#2007,1.);
#2007 = DIRECTION('',(-1.,0.,0.));
#2008 = ORIENTED_EDGE('',*,*,#1969,.F.);
#2009 = PLANE('',#2010);
#2010 = AXIS2_PLACEMENT_3D('',#2011,#2012,#2013);
#2011 = CARTESIAN_POINT('',(6.,54.5,25.));
#2012 = DIRECTION('',(0.,1.,0.));
#2013 = DIRECTION('',(0.,-0.,1.));
#2014 = ADVANCED_FACE('',(#2015),#2044,.T.);
#2015 = FACE_BOUND('',#2016,.T.);
#2016 = EDGE_LOOP('',(#2017,#2025,#2026,#2027,#2028,#2037));
#2017 = ORIENTED_EDGE('',*,*,#2018,.T.);
#2018 = EDGE_CURVE('',#2019,#1500,#2021,.T.);
#2019 = VERTEX_POINT('',#2020);
#2020 = CARTESIAN_POINT('',(6.,54.5,31.5));
#2021 = LINE('',#2022,#2023);
#2022 = CARTESIAN_POINT('',(6.,54.5,31.5));
#2023 = VECTOR('',#2024,1.);
#2024 = DIRECTION('',(0.,1.,0.));
#2025 = ORIENTED_EDGE('',*,*,#1499,.F.);
#2026 = ORIENTED_EDGE('',*,*,#1022,.F.);
#2027 = ORIENTED_EDGE('',*,*,#1986,.T.);
#2028 = ORIENTED_EDGE('',*,*,#2029,.T.);
#2029 = EDGE_CURVE('',#1987,#2030,#2032,.T.);
#2030 = VERTEX_POINT('',#2031);
#2031 = CARTESIAN_POINT('',(8.5,54.5,19.));
#2032 = CIRCLE('',#2033,6.5);
#2033 = AXIS2_PLACEMENT_3D('',#2034,#2035,#2036);
#2034 = CARTESIAN_POINT('',(6.,54.5,25.));
#2035 = DIRECTION('',(0.,1.,0.));
#2036 = DIRECTION('',(0.,-0.,1.));
#2037 = ORIENTED_EDGE('',*,*,#2038,.T.);
#2038 = EDGE_CURVE('',#2030,#2019,#2039,.T.);
#2039 = CIRCLE('',#2040,6.5);
#2040 = AXIS2_PLACEMENT_3D('',#2041,#2042,#2043);
#2041 = CARTESIAN_POINT('',(6.,54.5,25.));
#2042 = DIRECTION('',(0.,1.,0.));
#2043 = DIRECTION('',(0.,-0.,1.));
#2044 = CYLINDRICAL_SURFACE('',#2045,6.5);
#2045 = AXIS2_PLACEMENT_3D('',#2046,#2047,#2048);
#2046 = CARTESIAN_POINT('',(6.,54.5,25.));
#2047 = DIRECTION('',(0.,1.,0.));
#2048 = DIRECTION('',(0.,-0.,1.));
#2049 = ADVANCED_FACE('',(#2050),#2087,.T.);
#2050 = FACE_BOUND('',#2051,.T.);
#2051 = EDGE_LOOP('',(#2052,#2060,#2069,#2078,#2085,#2086));
#2052 = ORIENTED_EDGE('',*,*,#2053,.T.);
#2053 = EDGE_CURVE('',#1447,#2054,#2056,.T.);
#2054 = VERTEX_POINT('',#2055);
#2055 = CARTESIAN_POINT('',(6.,4.5,31.5));
#2056 = LINE('',#2057,#2058);
#2057 = CARTESIAN_POINT('',(6.,3.,31.5));
#2058 = VECTOR('',#2059,1.);
#2059 = DIRECTION('',(0.,1.,0.));
#2060 = ORIENTED_EDGE('',*,*,#2061,.F.);
#2061 = EDGE_CURVE('',#2062,#2054,#2064,.T.);
#2062 = VERTEX_POINT('',#2063);
#2063 = CARTESIAN_POINT('',(8.5,4.5,19.));
#2064 = CIRCLE('',#2065,6.5);
#2065 = AXIS2_PLACEMENT_3D('',#2066,#2067,#2068);
#2066 = CARTESIAN_POINT('',(6.,4.5,25.));
#2067 = DIRECTION('',(0.,1.,0.));
#2068 = DIRECTION('',(0.,-0.,1.));
#2069 = ORIENTED_EDGE('',*,*,#2070,.F.);
#2070 = EDGE_CURVE('',#2071,#2062,#2073,.T.);
#2071 = VERTEX_POINT('',#2072);
#2072 = CARTESIAN_POINT('',(10.153311931459,4.5,20.));
#2073 = CIRCLE('',#2074,6.5);
#2074 = AXIS2_PLACEMENT_3D('',#2075,#2076,#2077);
#2075 = CARTESIAN_POINT('',(6.,4.5,25.));
#2076 = DIRECTION('',(0.,1.,0.));
#2077 = DIRECTION('',(0.,-0.,1.));
#2078 = ORIENTED_EDGE('',*,*,#2079,.F.);
#2079 = EDGE_CURVE('',#983,#2071,#2080,.T.);
#2080 = CIRCLE('',#2081,6.5);
#2081 = AXIS2_PLACEMENT_3D('',#2082,#2083,#2084);
#2082 = CARTESIAN_POINT('',(6.,4.5,25.));
#2083 = DIRECTION('',(0.,1.,0.));
#2084 = DIRECTION('',(0.,-0.,1.));
#2085 = ORIENTED_EDGE('',*,*,#990,.F.);
#2086 = ORIENTED_EDGE('',*,*,#1446,.T.);
#2087 = CYLINDRICAL_SURFACE('',#2088,6.5);
#2088 = AXIS2_PLACEMENT_3D('',#2089,#2090,#2091);
#2089 = CARTESIAN_POINT('',(6.,3.,25.));
#2090 = DIRECTION('',(0.,1.,0.));
#2091 = DIRECTION('',(0.,-0.,1.));
#2092 = ADVANCED_FACE('',(#2093),#2112,.T.);
#2093 = FACE_BOUND('',#2094,.T.);
#2094 = EDGE_LOOP('',(#2095,#2096,#2097,#2105,#2111));
#2095 = ORIENTED_EDGE('',*,*,#982,.T.);
#2096 = ORIENTED_EDGE('',*,*,#2079,.T.);
#2097 = ORIENTED_EDGE('',*,*,#2098,.T.);
#2098 = EDGE_CURVE('',#2071,#2099,#2101,.T.);
#2099 = VERTEX_POINT('',#2100);
#2100 = CARTESIAN_POINT('',(9.316624790355,4.5,20.));
#2101 = LINE('',#2102,#2103);
#2102 = CARTESIAN_POINT('',(64.,4.5,20.));
#2103 = VECTOR('',#2104,1.);
#2104 = DIRECTION('',(-1.,0.,0.));
#2105 = ORIENTED_EDGE('',*,*,#2106,.T.);
#2106 = EDGE_CURVE('',#2099,#1953,#2107,.T.);
#2107 = LINE('',#2108,#2109);
#2108 = CARTESIAN_POINT('',(64.,4.5,20.));
#2109 = VECTOR('',#2110,1.);
#2110 = DIRECTION('',(-1.,0.,0.));
#2111 = ORIENTED_EDGE('',*,*,#1952,.F.);
#2112 = PLANE('',#2113);
#2113 = AXIS2_PLACEMENT_3D('',#2114,#2115,#2116);
#2114 = CARTESIAN_POINT('',(6.,4.5,25.));
#2115 = DIRECTION('',(0.,1.,0.));
#2116 = DIRECTION('',(0.,-0.,1.));
#2117 = ADVANCED_FACE('',(#2118),#2145,.F.);
#2118 = FACE_BOUND('',#2119,.F.);
#2119 = EDGE_LOOP('',(#2120,#2129,#2137,#2144));
#2120 = ORIENTED_EDGE('',*,*,#2121,.F.);
#2121 = EDGE_CURVE('',#2122,#1045,#2124,.T.);
#2122 = VERTEX_POINT('',#2123);
#2123 = CARTESIAN_POINT('',(8.5,4.5,31.));
#2124 = CIRCLE('',#2125,6.5);
#2125 = AXIS2_PLACEMENT_3D('',#2126,#2127,#2128);
#2126 = CARTESIAN_POINT('',(6.,4.5,25.));
#2127 = DIRECTION('',(0.,1.,0.));
#2128 = DIRECTION('',(0.,-0.,1.));
#2129 = ORIENTED_EDGE('',*,*,#2130,.T.);
#2130 = EDGE_CURVE('',#2122,#2131,#2133,.T.);
#2131 = VERTEX_POINT('',#2132);
#2132 = CARTESIAN_POINT('',(61.5,4.5,31.));
#2133 = LINE('',#2134,#2135);
#2134 = CARTESIAN_POINT('',(6.,4.5,31.));
#2135 = VECTOR('',#2136,1.);
#2136 = DIRECTION('',(1.,0.,0.));
#2137 = ORIENTED_EDGE('',*,*,#2138,.F.);
#2138 = EDGE_CURVE('',#1047,#2131,#2139,.T.);
#2139 = CIRCLE('',#2140,6.5);
#2140 = AXIS2_PLACEMENT_3D('',#2141,#2142,#2143);
#2141 = CARTESIAN_POINT('',(64.,4.5,25.));
#2142 = DIRECTION('',(0.,1.,0.));
#2143 = DIRECTION('',(0.,-0.,1.));
#2144 = ORIENTED_EDGE('',*,*,#1044,.F.);
#2145 = PLANE('',#2146);
#2146 = AXIS2_PLACEMENT_3D('',#2147,#2148,#2149);
#2147 = CARTESIAN_POINT('',(35.,4.5,25.));
#2148 = DIRECTION('',(0.,1.,0.));
#2149 = DIRECTION('',(0.,-0.,1.));
#2150 = ADVANCED_FACE('',(#2151),#2164,.T.);
#2151 = FACE_BOUND('',#2152,.T.);
#2152 = EDGE_LOOP('',(#2153,#2154,#2161,#2162,#2163));
#2153 = ORIENTED_EDGE('',*,*,#1870,.T.);
#2154 = ORIENTED_EDGE('',*,*,#2155,.F.);
#2155 = EDGE_CURVE('',#2131,#1860,#2156,.T.);
#2156 = CIRCLE('',#2157,6.5);
#2157 = AXIS2_PLACEMENT_3D('',#2158,#2159,#2160);
#2158 = CARTESIAN_POINT('',(64.,4.5,25.));
#2159 = DIRECTION('',(0.,1.,0.));
#2160 = DIRECTION('',(0.,-0.,1.));
#2161 = ORIENTED_EDGE('',*,*,#2138,.F.);
#2162 = ORIENTED_EDGE('',*,*,#1086,.F.);
#2163 = ORIENTED_EDGE('',*,*,#1902,.T.);
#2164 = CYLINDRICAL_SURFACE('',#2165,6.5);
#2165 = AXIS2_PLACEMENT_3D('',#2166,#2167,#2168);
#2166 = CARTESIAN_POINT('',(64.,3.,25.));
#2167 = DIRECTION('',(0.,1.,0.));
#2168 = DIRECTION('',(0.,-0.,1.));
#2169 = ADVANCED_FACE('',(#2170),#2183,.T.);
#2170 = FACE_BOUND('',#2171,.T.);
#2171 = EDGE_LOOP('',(#2172,#2179,#2180,#2181,#2182));
#2172 = ORIENTED_EDGE('',*,*,#2173,.F.);
#2173 = EDGE_CURVE('',#2054,#2122,#2174,.T.);
#2174 = CIRCLE('',#2175,6.5);
#2175 = AXIS2_PLACEMENT_3D('',#2176,#2177,#2178);
#2176 = CARTESIAN_POINT('',(6.,4.5,25.));
#2177 = DIRECTION('',(0.,1.,0.));
#2178 = DIRECTION('',(0.,-0.,1.));
#2179 = ORIENTED_EDGE('',*,*,#2053,.F.);
#2180 = ORIENTED_EDGE('',*,*,#1455,.T.);
#2181 = ORIENTED_EDGE('',*,*,#1054,.T.);
#2182 = ORIENTED_EDGE('',*,*,#2121,.F.);
#2183 = CYLINDRICAL_SURFACE('',#2184,6.5);
#2184 = AXIS2_PLACEMENT_3D('',#2185,#2186,#2187);
#2185 = CARTESIAN_POINT('',(6.,3.,25.));
#2186 = DIRECTION('',(0.,1.,0.));
#2187 = DIRECTION('',(0.,-0.,1.));
#2188 = ADVANCED_FACE('',(#2189,#2223),#2226,.F.);
#2189 = FACE_BOUND('',#2190,.F.);
#2190 = EDGE_LOOP('',(#2191,#2201,#2209,#2217));
#2191 = ORIENTED_EDGE('',*,*,#2192,.F.);
#2192 = EDGE_CURVE('',#2193,#2195,#2197,.T.);
#2193 = VERTEX_POINT('',#2194);
#2194 = CARTESIAN_POINT('',(58.6,0.5,18.6));
#2195 = VERTEX_POINT('',#2196);
#2196 = CARTESIAN_POINT('',(69.4,0.5,18.6));
#2197 = LINE('',#2198,#2199);
#2198 = CARTESIAN_POINT('',(58.6,0.5,18.6));
#2199 = VECTOR('',#2200,1.);
#2200 = DIRECTION('',(1.,0.,-0.));
#2201 = ORIENTED_EDGE('',*,*,#2202,.T.);
#2202 = EDGE_CURVE('',#2193,#2203,#2205,.T.);
#2203 = VERTEX_POINT('',#2204);
#2204 = CARTESIAN_POINT('',(58.6,0.5,31.4));
#2205 = LINE('',#2206,#2207);
#2206 = CARTESIAN_POINT('',(58.6,0.5,18.6));
#2207 = VECTOR('',#2208,1.);
#2208 = DIRECTION('',(0.,0.,1.));
#2209 = ORIENTED_EDGE('',*,*,#2210,.T.);
#2210 = EDGE_CURVE('',#2203,#2211,#2213,.T.);
#2211 = VERTEX_POINT('',#2212);
#2212 = CARTESIAN_POINT('',(69.4,0.5,31.4));
#2213 = LINE('',#2214,#2215);
#2214 = CARTESIAN_POINT('',(58.6,0.5,31.4));
#2215 = VECTOR('',#2216,1.);
#2216 = DIRECTION('',(1.,0.,-0.));
#2217 = ORIENTED_EDGE('',*,*,#2218,.F.);
#2218 = EDGE_CURVE('',#2195,#2211,#2219,.T.);
#2219 = LINE('',#2220,#2221);
#2220 = CARTESIAN_POINT('',(69.4,0.5,18.6));
#2221 = VECTOR('',#2222,1.);
#2222 = DIRECTION('',(0.,0.,1.));
#2223 = FACE_BOUND('',#2224,.F.);
#2224 = EDGE_LOOP('',(#2225));
#2225 = ORIENTED_EDGE('',*,*,#1100,.F.);
#2226 = PLANE('',#2227);
#2227 = AXIS2_PLACEMENT_3D('',#2228,#2229,#2230);
#2228 = CARTESIAN_POINT('',(58.6,0.5,18.6));
#2229 = DIRECTION('',(-0.,1.,0.));
#2230 = DIRECTION('',(0.,0.,1.));
#2231 = ADVANCED_FACE('',(#2232,#2248),#2251,.F.);
#2232 = FACE_BOUND('',#2233,.F.);
#2233 = EDGE_LOOP('',(#2234,#2240,#2241,#2247));
#2234 = ORIENTED_EDGE('',*,*,#2235,.F.);
#2235 = EDGE_CURVE('',#1203,#2203,#2236,.T.);
#2236 = LINE('',#2237,#2238);
#2237 = CARTESIAN_POINT('',(58.6,-26.5,31.4));
#2238 = VECTOR('',#2239,1.);
#2239 = DIRECTION('',(-0.,1.,0.));
#2240 = ORIENTED_EDGE('',*,*,#1202,.T.);
#2241 = ORIENTED_EDGE('',*,*,#2242,.T.);
#2242 = EDGE_CURVE('',#1205,#2211,#2243,.T.);
#2243 = LINE('',#2244,#2245);
#2244 = CARTESIAN_POINT('',(69.4,-26.5,31.4));
#2245 = VECTOR('',#2246,1.);
#2246 = DIRECTION('',(-0.,1.,0.));
#2247 = ORIENTED_EDGE('',*,*,#2210,.F.);
#2248 = FACE_BOUND('',#2249,.F.);
#2249 = EDGE_LOOP('',(#2250));
#2250 = ORIENTED_EDGE('',*,*,#1251,.F.);
#2251 = PLANE('',#2252);
#2252 = AXIS2_PLACEMENT_3D('',#2253,#2254,#2255);
#2253 = CARTESIAN_POINT('',(58.6,-26.5,31.4));
#2254 = DIRECTION('',(0.,0.,1.));
#2255 = DIRECTION('',(1.,0.,-0.));
#2256 = ADVANCED_FACE('',(#2257),#2268,.F.);
#2257 = FACE_BOUND('',#2258,.F.);
#2258 = EDGE_LOOP('',(#2259,#2260,#2261,#2267));
#2259 = ORIENTED_EDGE('',*,*,#2242,.F.);
#2260 = ORIENTED_EDGE('',*,*,#1228,.T.);
#2261 = ORIENTED_EDGE('',*,*,#2262,.T.);
#2262 = EDGE_CURVE('',#1221,#2195,#2263,.T.);
#2263 = LINE('',#2264,#2265);
#2264 = CARTESIAN_POINT('',(69.4,-26.5,18.6));
#2265 = VECTOR('',#2266,1.);
#2266 = DIRECTION('',(-0.,1.,0.));
#2267 = ORIENTED_EDGE('',*,*,#2218,.T.);
#2268 = PLANE('',#2269);
#2269 = AXIS2_PLACEMENT_3D('',#2270,#2271,#2272);
#2270 = CARTESIAN_POINT('',(69.4,-26.5,18.6));
#2271 = DIRECTION('',(1.,0.,-0.));
#2272 = DIRECTION('',(0.,0.,1.));
#2273 = ADVANCED_FACE('',(#2274),#2285,.T.);
#2274 = FACE_BOUND('',#2275,.T.);
#2275 = EDGE_LOOP('',(#2276,#2282,#2283,#2284));
#2276 = ORIENTED_EDGE('',*,*,#2277,.F.);
#2277 = EDGE_CURVE('',#1213,#2193,#2278,.T.);
#2278 = LINE('',#2279,#2280);
#2279 = CARTESIAN_POINT('',(58.6,-26.5,18.6));
#2280 = VECTOR('',#2281,1.);
#2281 = DIRECTION('',(-0.,1.,0.));
#2282 = ORIENTED_EDGE('',*,*,#1220,.T.);
#2283 = ORIENTED_EDGE('',*,*,#2262,.T.);
#2284 = ORIENTED_EDGE('',*,*,#2192,.F.);
#2285 = PLANE('',#2286);
#2286 = AXIS2_PLACEMENT_3D('',#2287,#2288,#2289);
#2287 = CARTESIAN_POINT('',(58.6,-26.5,18.6));
#2288 = DIRECTION('',(0.,0.,1.));
#2289 = DIRECTION('',(1.,0.,-0.));
#2290 = ADVANCED_FACE('',(#2291),#2297,.T.);
#2291 = FACE_BOUND('',#2292,.T.);
#2292 = EDGE_LOOP('',(#2293,#2294,#2295,#2296));
#2293 = ORIENTED_EDGE('',*,*,#2235,.F.);
#2294 = ORIENTED_EDGE('',*,*,#1212,.T.);
#2295 = ORIENTED_EDGE('',*,*,#2277,.T.);
#2296 = ORIENTED_EDGE('',*,*,#2202,.T.);
#2297 = PLANE('',#2298);
#2298 = AXIS2_PLACEMENT_3D('',#2299,#2300,#2301);
#2299 = CARTESIAN_POINT('',(58.6,-26.5,18.6));
#2300 = DIRECTION('',(1.,0.,-0.));
#2301 = DIRECTION('',(0.,0.,1.));
#2302 = ADVANCED_FACE('',(#2303),#2328,.T.);
#2303 = FACE_BOUND('',#2304,.T.);
#2304 = EDGE_LOOP('',(#2305,#2306,#2314,#2322));
#2305 = ORIENTED_EDGE('',*,*,#1296,.F.);
#2306 = ORIENTED_EDGE('',*,*,#2307,.T.);
#2307 = EDGE_CURVE('',#1297,#2308,#2310,.T.);
#2308 = VERTEX_POINT('',#2309);
#2309 = CARTESIAN_POINT('',(70.,59.,0.));
#2310 = LINE('',#2311,#2312);
#2311 = CARTESIAN_POINT('',(70.,57.,0.));
#2312 = VECTOR('',#2313,1.);
#2313 = DIRECTION('',(-0.,1.,0.));
#2314 = ORIENTED_EDGE('',*,*,#2315,.T.);
#2315 = EDGE_CURVE('',#2308,#2316,#2318,.T.);
#2316 = VERTEX_POINT('',#2317);
#2317 = CARTESIAN_POINT('',(70.,59.,30.));
#2318 = LINE('',#2319,#2320);
#2319 = CARTESIAN_POINT('',(70.,59.,0.));
#2320 = VECTOR('',#2321,1.);
#2321 = DIRECTION('',(0.,0.,1.));
#2322 = ORIENTED_EDGE('',*,*,#2323,.T.);
#2323 = EDGE_CURVE('',#2316,#1299,#2324,.T.);
#2324 = LINE('',#2325,#2326);
#2325 = CARTESIAN_POINT('',(70.,56.5,30.));
#2326 = VECTOR('',#2327,1.);
#2327 = DIRECTION('',(0.,-1.,0.));
#2328 = PLANE('',#2329);
#2329 = AXIS2_PLACEMENT_3D('',#2330,#2331,#2332);
#2330 = CARTESIAN_POINT('',(70.,57.,0.));
#2331 = DIRECTION('',(1.,0.,-0.));
#2332 = DIRECTION('',(0.,0.,1.));
#2333 = ADVANCED_FACE('',(#2334),#2352,.F.);
#2334 = FACE_BOUND('',#2335,.F.);
#2335 = EDGE_LOOP('',(#2336,#2344,#2345,#2346));
#2336 = ORIENTED_EDGE('',*,*,#2337,.F.);
#2337 = EDGE_CURVE('',#1307,#2338,#2340,.T.);
#2338 = VERTEX_POINT('',#2339);
#2339 = CARTESIAN_POINT('',(0.,59.,0.));
#2340 = LINE('',#2341,#2342);
#2341 = CARTESIAN_POINT('',(0.,57.,0.));
#2342 = VECTOR('',#2343,1.);
#2343 = DIRECTION('',(-0.,1.,0.));
#2344 = ORIENTED_EDGE('',*,*,#1306,.T.);
#2345 = ORIENTED_EDGE('',*,*,#2307,.T.);
#2346 = ORIENTED_EDGE('',*,*,#2347,.F.);
#2347 = EDGE_CURVE('',#2338,#2308,#2348,.T.);
#2348 = LINE('',#2349,#2350);
#2349 = CARTESIAN_POINT('',(0.,59.,0.));
#2350 = VECTOR('',#2351,1.);
#2351 = DIRECTION('',(1.,0.,-0.));
#2352 = PLANE('',#2353);
#2353 = AXIS2_PLACEMENT_3D('',#2354,#2355,#2356);
#2354 = CARTESIAN_POINT('',(0.,57.,0.));
#2355 = DIRECTION('',(0.,0.,1.));
#2356 = DIRECTION('',(1.,0.,-0.));
#2357 = ADVANCED_FACE('',(#2358),#2383,.T.);
#2358 = FACE_BOUND('',#2359,.T.);
#2359 = EDGE_LOOP('',(#2360,#2368,#2374,#2375,#2381,#2382));
#2360 = ORIENTED_EDGE('',*,*,#2361,.F.);
#2361 = EDGE_CURVE('',#2362,#2316,#2364,.T.);
#2362 = VERTEX_POINT('',#2363);
#2363 = CARTESIAN_POINT('',(0.,59.,30.));
#2364 = LINE('',#2365,#2366);
#2365 = CARTESIAN_POINT('',(-17.5,59.,30.));
#2366 = VECTOR('',#2367,1.);
#2367 = DIRECTION('',(1.,0.,-0.));
#2368 = ORIENTED_EDGE('',*,*,#2369,.T.);
#2369 = EDGE_CURVE('',#2362,#1315,#2370,.T.);
#2370 = LINE('',#2371,#2372);
#2371 = CARTESIAN_POINT('',(0.,56.5,30.));
#2372 = VECTOR('',#2373,1.);
#2373 = DIRECTION('',(0.,-1.,0.));
#2374 = ORIENTED_EDGE('',*,*,#1322,.T.);
#2375 = ORIENTED_EDGE('',*,*,#2376,.T.);
#2376 = EDGE_CURVE('',#1323,#1380,#2377,.T.);
#2377 = LINE('',#2378,#2379);
#2378 = CARTESIAN_POINT('',(-17.5,57.,30.));
#2379 = VECTOR('',#2380,1.);
#2380 = DIRECTION('',(1.,0.,-0.));
#2381 = ORIENTED_EDGE('',*,*,#1387,.T.);
#2382 = ORIENTED_EDGE('',*,*,#2323,.F.);
#2383 = PLANE('',#2384);
#2384 = AXIS2_PLACEMENT_3D('',#2385,#2386,#2387);
#2385 = CARTESIAN_POINT('',(-35.,56.,30.));
#2386 = DIRECTION('',(0.,0.,1.));
#2387 = DIRECTION('',(1.,0.,-0.));
#2388 = ADVANCED_FACE('',(#2389),#2400,.F.);
#2389 = FACE_BOUND('',#2390,.F.);
#2390 = EDGE_LOOP('',(#2391,#2392,#2393,#2399));
#2391 = ORIENTED_EDGE('',*,*,#1314,.F.);
#2392 = ORIENTED_EDGE('',*,*,#2337,.T.);
#2393 = ORIENTED_EDGE('',*,*,#2394,.T.);
#2394 = EDGE_CURVE('',#2338,#2362,#2395,.T.);
#2395 = LINE('',#2396,#2397);
#2396 = CARTESIAN_POINT('',(0.,59.,0.));
#2397 = VECTOR('',#2398,1.);
#2398 = DIRECTION('',(0.,0.,1.));
#2399 = ORIENTED_EDGE('',*,*,#2369,.T.);
#2400 = PLANE('',#2401);
#2401 = AXIS2_PLACEMENT_3D('',#2402,#2403,#2404);
#2402 = CARTESIAN_POINT('',(0.,57.,0.));
#2403 = DIRECTION('',(1.,0.,-0.));
#2404 = DIRECTION('',(0.,0.,1.));
#2405 = ADVANCED_FACE('',(#2406),#2417,.T.);
#2406 = FACE_BOUND('',#2407,.T.);
#2407 = EDGE_LOOP('',(#2408,#2409,#2410,#2411));
#2408 = ORIENTED_EDGE('',*,*,#1703,.T.);
#2409 = ORIENTED_EDGE('',*,*,#1617,.T.);
#2410 = ORIENTED_EDGE('',*,*,#1379,.T.);
#2411 = ORIENTED_EDGE('',*,*,#2412,.F.);
#2412 = EDGE_CURVE('',#1704,#1380,#2413,.T.);
#2413 = LINE('',#2414,#2415);
#2414 = CARTESIAN_POINT('',(62.8,2.,30.));
#2415 = VECTOR('',#2416,1.);
#2416 = DIRECTION('',(-0.,1.,0.));
#2417 = PLANE('',#2418);
#2418 = AXIS2_PLACEMENT_3D('',#2419,#2420,#2421);
#2419 = CARTESIAN_POINT('',(63.4,2.,29.4));
#2420 = DIRECTION('',(0.707106781187,1.407620945704E-17,0.707106781187)
  );
#2421 = DIRECTION('',(-9.953383160478E-18,1.,-9.953383160478E-18));
#2422 = ADVANCED_FACE('',(#2423),#2443,.F.);
#2423 = FACE_BOUND('',#2424,.F.);
#2424 = EDGE_LOOP('',(#2425,#2433,#2440,#2441,#2442));
#2425 = ORIENTED_EDGE('',*,*,#2426,.T.);
#2426 = EDGE_CURVE('',#1363,#2427,#2429,.T.);
#2427 = VERTEX_POINT('',#2428);
#2428 = CARTESIAN_POINT('',(64.,59.,27.2));
#2429 = LINE('',#2430,#2431);
#2430 = CARTESIAN_POINT('',(64.,56.,27.2));
#2431 = VECTOR('',#2432,1.);
#2432 = DIRECTION('',(0.,1.,0.));
#2433 = ORIENTED_EDGE('',*,*,#2434,.F.);
#2434 = EDGE_CURVE('',#2427,#2427,#2435,.T.);
#2435 = CIRCLE('',#2436,2.2);
#2436 = AXIS2_PLACEMENT_3D('',#2437,#2438,#2439);
#2437 = CARTESIAN_POINT('',(64.,59.,25.));
#2438 = DIRECTION('',(0.,1.,0.));
#2439 = DIRECTION('',(0.,-0.,1.));
#2440 = ORIENTED_EDGE('',*,*,#2426,.F.);
#2441 = ORIENTED_EDGE('',*,*,#1362,.T.);
#2442 = ORIENTED_EDGE('',*,*,#1591,.T.);
#2443 = CYLINDRICAL_SURFACE('',#2444,2.2);
#2444 = AXIS2_PLACEMENT_3D('',#2445,#2446,#2447);
#2445 = CARTESIAN_POINT('',(64.,56.,25.));
#2446 = DIRECTION('',(0.,1.,0.));
#2447 = DIRECTION('',(0.,-0.,1.));
#2448 = ADVANCED_FACE('',(#2449),#2475,.F.);
#2449 = FACE_BOUND('',#2450,.F.);
#2450 = EDGE_LOOP('',(#2451,#2452,#2460,#2469));
#2451 = ORIENTED_EDGE('',*,*,#1337,.T.);
#2452 = ORIENTED_EDGE('',*,*,#2453,.T.);
#2453 = EDGE_CURVE('',#758,#2454,#2456,.T.);
#2454 = VERTEX_POINT('',#2455);
#2455 = CARTESIAN_POINT('',(6.,59.,27.25));
#2456 = LINE('',#2457,#2458);
#2457 = CARTESIAN_POINT('',(6.,56.,27.25));
#2458 = VECTOR('',#2459,1.);
#2459 = DIRECTION('',(-0.,1.,0.));
#2460 = ORIENTED_EDGE('',*,*,#2461,.F.);
#2461 = EDGE_CURVE('',#2462,#2454,#2464,.T.);
#2462 = VERTEX_POINT('',#2463);
#2463 = CARTESIAN_POINT('',(6.,59.,22.75));
#2464 = CIRCLE('',#2465,2.25);
#2465 = AXIS2_PLACEMENT_3D('',#2466,#2467,#2468);
#2466 = CARTESIAN_POINT('',(6.,59.,25.));
#2467 = DIRECTION('',(0.,1.,0.));
#2468 = DIRECTION('',(0.,-0.,1.));
#2469 = ORIENTED_EDGE('',*,*,#2470,.F.);
#2470 = EDGE_CURVE('',#1338,#2462,#2471,.T.);
#2471 = LINE('',#2472,#2473);
#2472 = CARTESIAN_POINT('',(6.,56.,22.75));
#2473 = VECTOR('',#2474,1.);
#2474 = DIRECTION('',(-0.,1.,0.));
#2475 = CYLINDRICAL_SURFACE('',#2476,2.25);
#2476 = AXIS2_PLACEMENT_3D('',#2477,#2478,#2479);
#2477 = CARTESIAN_POINT('',(6.,56.,25.));
#2478 = DIRECTION('',(0.,1.,0.));
#2479 = DIRECTION('',(0.,-0.,1.));
#2480 = ADVANCED_FACE('',(#2481),#2508,.F.);
#2481 = FACE_BOUND('',#2482,.F.);
#2482 = EDGE_LOOP('',(#2483,#2494,#2500,#2501,#2502));
#2483 = ORIENTED_EDGE('',*,*,#2484,.F.);
#2484 = EDGE_CURVE('',#2485,#2487,#2489,.T.);
#2485 = VERTEX_POINT('',#2486);
#2486 = CARTESIAN_POINT('',(14.,59.,27.25));
#2487 = VERTEX_POINT('',#2488);
#2488 = CARTESIAN_POINT('',(14.,59.,22.75));
#2489 = CIRCLE('',#2490,2.25);
#2490 = AXIS2_PLACEMENT_3D('',#2491,#2492,#2493);
#2491 = CARTESIAN_POINT('',(14.,59.,25.));
#2492 = DIRECTION('',(0.,1.,0.));
#2493 = DIRECTION('',(0.,-0.,1.));
#2494 = ORIENTED_EDGE('',*,*,#2495,.F.);
#2495 = EDGE_CURVE('',#1560,#2485,#2496,.T.);
#2496 = LINE('',#2497,#2498);
#2497 = CARTESIAN_POINT('',(14.,56.,27.25));
#2498 = VECTOR('',#2499,1.);
#2499 = DIRECTION('',(-0.,1.,0.));
#2500 = ORIENTED_EDGE('',*,*,#1559,.T.);
#2501 = ORIENTED_EDGE('',*,*,#1354,.T.);
#2502 = ORIENTED_EDGE('',*,*,#2503,.T.);
#2503 = EDGE_CURVE('',#1347,#2487,#2504,.T.);
#2504 = LINE('',#2505,#2506);
#2505 = CARTESIAN_POINT('',(14.,56.,22.75));
#2506 = VECTOR('',#2507,1.);
#2507 = DIRECTION('',(-0.,1.,0.));
#2508 = CYLINDRICAL_SURFACE('',#2509,2.25);
#2509 = AXIS2_PLACEMENT_3D('',#2510,#2511,#2512);
#2510 = CARTESIAN_POINT('',(14.,56.,25.));
#2511 = DIRECTION('',(0.,1.,0.));
#2512 = DIRECTION('',(0.,-0.,1.));
#2513 = ADVANCED_FACE('',(#2514),#2525,.T.);
#2514 = FACE_BOUND('',#2515,.T.);
#2515 = EDGE_LOOP('',(#2516,#2517,#2518,#2519));
#2516 = ORIENTED_EDGE('',*,*,#2470,.F.);
#2517 = ORIENTED_EDGE('',*,*,#1346,.T.);
#2518 = ORIENTED_EDGE('',*,*,#2503,.T.);
#2519 = ORIENTED_EDGE('',*,*,#2520,.F.);
#2520 = EDGE_CURVE('',#2462,#2487,#2521,.T.);
#2521 = LINE('',#2522,#2523);
#2522 = CARTESIAN_POINT('',(3.,59.,22.75));
#2523 = VECTOR('',#2524,1.);
#2524 = DIRECTION('',(1.,0.,-0.));
#2525 = PLANE('',#2526);
#2526 = AXIS2_PLACEMENT_3D('',#2527,#2528,#2529);
#2527 = CARTESIAN_POINT('',(6.,56.,22.75));
#2528 = DIRECTION('',(0.,0.,1.));
#2529 = DIRECTION('',(1.,0.,-0.));
#2530 = ADVANCED_FACE('',(#2531),#2550,.F.);
#2531 = FACE_BOUND('',#2532,.F.);
#2532 = EDGE_LOOP('',(#2533,#2542,#2548,#2549));
#2533 = ORIENTED_EDGE('',*,*,#2534,.F.);
#2534 = EDGE_CURVE('',#2535,#2535,#2537,.T.);
#2535 = VERTEX_POINT('',#2536);
#2536 = CARTESIAN_POINT('',(24.,59.,8.6));
#2537 = CIRCLE('',#2538,1.6);
#2538 = AXIS2_PLACEMENT_3D('',#2539,#2540,#2541);
#2539 = CARTESIAN_POINT('',(24.,59.,7.));
#2540 = DIRECTION('',(0.,1.,0.));
#2541 = DIRECTION('',(0.,-0.,1.));
#2542 = ORIENTED_EDGE('',*,*,#2543,.F.);
#2543 = EDGE_CURVE('',#1396,#2535,#2544,.T.);
#2544 = LINE('',#2545,#2546);
#2545 = CARTESIAN_POINT('',(24.,56.,8.6));
#2546 = VECTOR('',#2547,1.);
#2547 = DIRECTION('',(0.,1.,0.));
#2548 = ORIENTED_EDGE('',*,*,#1395,.T.);
#2549 = ORIENTED_EDGE('',*,*,#2543,.T.);
#2550 = CYLINDRICAL_SURFACE('',#2551,1.6);
#2551 = AXIS2_PLACEMENT_3D('',#2552,#2553,#2554);
#2552 = CARTESIAN_POINT('',(24.,56.,7.));
#2553 = DIRECTION('',(0.,1.,0.));
#2554 = DIRECTION('',(0.,-0.,1.));
#2555 = ADVANCED_FACE('',(#2556),#2575,.F.);
#2556 = FACE_BOUND('',#2557,.F.);
#2557 = EDGE_LOOP('',(#2558,#2567,#2573,#2574));
#2558 = ORIENTED_EDGE('',*,*,#2559,.F.);
#2559 = EDGE_CURVE('',#2560,#2560,#2562,.T.);
#2560 = VERTEX_POINT('',#2561);
#2561 = CARTESIAN_POINT('',(46.,59.,8.6));
#2562 = CIRCLE('',#2563,1.6);
#2563 = AXIS2_PLACEMENT_3D('',#2564,#2565,#2566);
#2564 = CARTESIAN_POINT('',(46.,59.,7.));
#2565 = DIRECTION('',(0.,1.,0.));
#2566 = DIRECTION('',(0.,-0.,1.));
#2567 = ORIENTED_EDGE('',*,*,#2568,.F.);
#2568 = EDGE_CURVE('',#1407,#2560,#2569,.T.);
#2569 = LINE('',#2570,#2571);
#2570 = CARTESIAN_POINT('',(46.,56.,8.6));
#2571 = VECTOR('',#2572,1.);
#2572 = DIRECTION('',(0.,1.,0.));
#2573 = ORIENTED_EDGE('',*,*,#1406,.T.);
#2574 = ORIENTED_EDGE('',*,*,#2568,.T.);
#2575 = CYLINDRICAL_SURFACE('',#2576,1.6);
#2576 = AXIS2_PLACEMENT_3D('',#2577,#2578,#2579);
#2577 = CARTESIAN_POINT('',(46.,56.,7.));
#2578 = DIRECTION('',(0.,1.,0.));
#2579 = DIRECTION('',(0.,-0.,1.));
#2580 = ADVANCED_FACE('',(#2581),#2610,.T.);
#2581 = FACE_BOUND('',#2582,.T.);
#2582 = EDGE_LOOP('',(#2583,#2584,#2585,#2586,#2594,#2602,#2608,#2609));
#2583 = ORIENTED_EDGE('',*,*,#2376,.F.);
#2584 = ORIENTED_EDGE('',*,*,#1545,.F.);
#2585 = ORIENTED_EDGE('',*,*,#1517,.T.);
#2586 = ORIENTED_EDGE('',*,*,#2587,.F.);
#2587 = EDGE_CURVE('',#2588,#1509,#2590,.T.);
#2588 = VERTEX_POINT('',#2589);
#2589 = CARTESIAN_POINT('',(10.153311931459,54.5,30.));
#2590 = LINE('',#2591,#2592);
#2591 = CARTESIAN_POINT('',(10.153311931459,54.5,30.));
#2592 = VECTOR('',#2593,1.);
#2593 = DIRECTION('',(0.,1.,0.));
#2594 = ORIENTED_EDGE('',*,*,#2595,.T.);
#2595 = EDGE_CURVE('',#2588,#2596,#2598,.T.);
#2596 = VERTEX_POINT('',#2597);
#2597 = CARTESIAN_POINT('',(59.846688068541,54.5,30.));
#2598 = LINE('',#2599,#2600);
#2599 = CARTESIAN_POINT('',(6.,54.5,30.));
#2600 = VECTOR('',#2601,1.);
#2601 = DIRECTION('',(1.,0.,0.));
#2602 = ORIENTED_EDGE('',*,*,#2603,.T.);
#2603 = EDGE_CURVE('',#2596,#1683,#2604,.T.);
#2604 = LINE('',#2605,#2606);
#2605 = CARTESIAN_POINT('',(59.846688068541,54.5,30.));
#2606 = VECTOR('',#2607,1.);
#2607 = DIRECTION('',(0.,1.,0.));
#2608 = ORIENTED_EDGE('',*,*,#1711,.T.);
#2609 = ORIENTED_EDGE('',*,*,#2412,.T.);
#2610 = PLANE('',#2611);
#2611 = AXIS2_PLACEMENT_3D('',#2612,#2613,#2614);
#2612 = CARTESIAN_POINT('',(6.,2.,30.));
#2613 = DIRECTION('',(0.,0.,1.));
#2614 = DIRECTION('',(1.,0.,-0.));
#2615 = ADVANCED_FACE('',(#2616),#2637,.T.);
#2616 = FACE_BOUND('',#2617,.T.);
#2617 = EDGE_LOOP('',(#2618,#2619,#2620,#2629,#2636));
#2618 = ORIENTED_EDGE('',*,*,#1508,.F.);
#2619 = ORIENTED_EDGE('',*,*,#2018,.F.);
#2620 = ORIENTED_EDGE('',*,*,#2621,.T.);
#2621 = EDGE_CURVE('',#2019,#2622,#2624,.T.);
#2622 = VERTEX_POINT('',#2623);
#2623 = CARTESIAN_POINT('',(8.5,54.5,31.));
#2624 = CIRCLE('',#2625,6.5);
#2625 = AXIS2_PLACEMENT_3D('',#2626,#2627,#2628);
#2626 = CARTESIAN_POINT('',(6.,54.5,25.));
#2627 = DIRECTION('',(0.,1.,0.));
#2628 = DIRECTION('',(0.,-0.,1.));
#2629 = ORIENTED_EDGE('',*,*,#2630,.T.);
#2630 = EDGE_CURVE('',#2622,#2588,#2631,.T.);
#2631 = CIRCLE('',#2632,6.5);
#2632 = AXIS2_PLACEMENT_3D('',#2633,#2634,#2635);
#2633 = CARTESIAN_POINT('',(6.,54.5,25.));
#2634 = DIRECTION('',(0.,1.,0.));
#2635 = DIRECTION('',(0.,-0.,1.));
#2636 = ORIENTED_EDGE('',*,*,#2587,.T.);
#2637 = CYLINDRICAL_SURFACE('',#2638,6.5);
#2638 = AXIS2_PLACEMENT_3D('',#2639,#2640,#2641);
#2639 = CARTESIAN_POINT('',(6.,54.5,25.));
#2640 = DIRECTION('',(0.,1.,0.));
#2641 = DIRECTION('',(0.,-0.,1.));
#2642 = ADVANCED_FACE('',(#2643),#2654,.F.);
#2643 = FACE_BOUND('',#2644,.F.);
#2644 = EDGE_LOOP('',(#2645,#2646,#2647,#2648));
#2645 = ORIENTED_EDGE('',*,*,#2453,.F.);
#2646 = ORIENTED_EDGE('',*,*,#1570,.T.);
#2647 = ORIENTED_EDGE('',*,*,#2495,.T.);
#2648 = ORIENTED_EDGE('',*,*,#2649,.F.);
#2649 = EDGE_CURVE('',#2454,#2485,#2650,.T.);
#2650 = LINE('',#2651,#2652);
#2651 = CARTESIAN_POINT('',(3.,59.,27.25));
#2652 = VECTOR('',#2653,1.);
#2653 = DIRECTION('',(1.,0.,-0.));
#2654 = PLANE('',#2655);
#2655 = AXIS2_PLACEMENT_3D('',#2656,#2657,#2658);
#2656 = CARTESIAN_POINT('',(6.,56.,27.25));
#2657 = DIRECTION('',(0.,0.,1.));
#2658 = DIRECTION('',(1.,0.,-0.));
#2659 = ADVANCED_FACE('',(#2660),#2681,.T.);
#2660 = FACE_BOUND('',#2661,.T.);
#2661 = EDGE_LOOP('',(#2662,#2663,#2664,#2665,#2674));
#2662 = ORIENTED_EDGE('',*,*,#1726,.T.);
#2663 = ORIENTED_EDGE('',*,*,#1682,.F.);
#2664 = ORIENTED_EDGE('',*,*,#2603,.F.);
#2665 = ORIENTED_EDGE('',*,*,#2666,.T.);
#2666 = EDGE_CURVE('',#2596,#2667,#2669,.T.);
#2667 = VERTEX_POINT('',#2668);
#2668 = CARTESIAN_POINT('',(61.5,54.5,31.));
#2669 = CIRCLE('',#2670,6.5);
#2670 = AXIS2_PLACEMENT_3D('',#2671,#2672,#2673);
#2671 = CARTESIAN_POINT('',(64.,54.5,25.));
#2672 = DIRECTION('',(0.,1.,0.));
#2673 = DIRECTION('',(0.,-0.,1.));
#2674 = ORIENTED_EDGE('',*,*,#2675,.T.);
#2675 = EDGE_CURVE('',#2667,#1727,#2676,.T.);
#2676 = CIRCLE('',#2677,6.5);
#2677 = AXIS2_PLACEMENT_3D('',#2678,#2679,#2680);
#2678 = CARTESIAN_POINT('',(64.,54.5,25.));
#2679 = DIRECTION('',(0.,1.,0.));
#2680 = DIRECTION('',(0.,-0.,1.));
#2681 = CYLINDRICAL_SURFACE('',#2682,6.5);
#2682 = AXIS2_PLACEMENT_3D('',#2683,#2684,#2685);
#2683 = CARTESIAN_POINT('',(64.,54.5,25.));
#2684 = DIRECTION('',(0.,1.,0.));
#2685 = DIRECTION('',(0.,-0.,1.));
#2686 = ADVANCED_FACE('',(#2687),#2714,.F.);
#2687 = FACE_BOUND('',#2688,.F.);
#2688 = EDGE_LOOP('',(#2689,#2697,#2698,#2699,#2707));
#2689 = ORIENTED_EDGE('',*,*,#2690,.F.);
#2690 = EDGE_CURVE('',#2667,#2691,#2693,.T.);
#2691 = VERTEX_POINT('',#2692);
#2692 = CARTESIAN_POINT('',(64.,54.5,31.));
#2693 = LINE('',#2694,#2695);
#2694 = CARTESIAN_POINT('',(6.,54.5,31.));
#2695 = VECTOR('',#2696,1.);
#2696 = DIRECTION('',(1.,0.,0.));
#2697 = ORIENTED_EDGE('',*,*,#2675,.T.);
#2698 = ORIENTED_EDGE('',*,*,#1734,.T.);
#2699 = ORIENTED_EDGE('',*,*,#2700,.F.);
#2700 = EDGE_CURVE('',#2701,#1735,#2703,.T.);
#2701 = VERTEX_POINT('',#2702);
#2702 = CARTESIAN_POINT('',(64.,54.5,19.));
#2703 = LINE('',#2704,#2705);
#2704 = CARTESIAN_POINT('',(64.,54.5,19.));
#2705 = VECTOR('',#2706,1.);
#2706 = DIRECTION('',(-1.,0.,0.));
#2707 = ORIENTED_EDGE('',*,*,#2708,.F.);
#2708 = EDGE_CURVE('',#2691,#2701,#2709,.T.);
#2709 = CIRCLE('',#2710,6.);
#2710 = AXIS2_PLACEMENT_3D('',#2711,#2712,#2713);
#2711 = CARTESIAN_POINT('',(64.,54.5,25.));
#2712 = DIRECTION('',(0.,1.,0.));
#2713 = DIRECTION('',(0.,-0.,1.));
#2714 = PLANE('',#2715);
#2715 = AXIS2_PLACEMENT_3D('',#2716,#2717,#2718);
#2716 = CARTESIAN_POINT('',(64.,54.5,25.));
#2717 = DIRECTION('',(0.,1.,0.));
#2718 = DIRECTION('',(0.,-0.,1.));
#2719 = ADVANCED_FACE('',(#2720),#2736,.T.);
#2720 = FACE_BOUND('',#2721,.T.);
#2721 = EDGE_LOOP('',(#2722,#2723,#2729,#2730));
#2722 = ORIENTED_EDGE('',*,*,#2029,.F.);
#2723 = ORIENTED_EDGE('',*,*,#2724,.F.);
#2724 = EDGE_CURVE('',#1744,#1987,#2725,.T.);
#2725 = LINE('',#2726,#2727);
#2726 = CARTESIAN_POINT('',(64.,54.5,20.));
#2727 = VECTOR('',#2728,1.);
#2728 = DIRECTION('',(-1.,0.,0.));
#2729 = ORIENTED_EDGE('',*,*,#1743,.F.);
#2730 = ORIENTED_EDGE('',*,*,#2731,.T.);
#2731 = EDGE_CURVE('',#1735,#2030,#2732,.T.);
#2732 = LINE('',#2733,#2734);
#2733 = CARTESIAN_POINT('',(64.,54.5,19.));
#2734 = VECTOR('',#2735,1.);
#2735 = DIRECTION('',(-1.,0.,0.));
#2736 = PLANE('',#2737);
#2737 = AXIS2_PLACEMENT_3D('',#2738,#2739,#2740);
#2738 = CARTESIAN_POINT('',(35.,54.5,25.));
#2739 = DIRECTION('',(0.,1.,0.));
#2740 = DIRECTION('',(0.,-0.,1.));
#2741 = ADVANCED_FACE('',(#2742),#2761,.T.);
#2742 = FACE_BOUND('',#2743,.T.);
#2743 = EDGE_LOOP('',(#2744,#2745,#2746,#2747,#2748,#2749,#2750,#2751,
    #2752,#2753,#2759,#2760));
#2744 = ORIENTED_EDGE('',*,*,#1802,.T.);
#2745 = ORIENTED_EDGE('',*,*,#1787,.T.);
#2746 = ORIENTED_EDGE('',*,*,#1768,.T.);
#2747 = ORIENTED_EDGE('',*,*,#2724,.T.);
#2748 = ORIENTED_EDGE('',*,*,#1995,.T.);
#2749 = ORIENTED_EDGE('',*,*,#2003,.T.);
#2750 = ORIENTED_EDGE('',*,*,#1961,.F.);
#2751 = ORIENTED_EDGE('',*,*,#2106,.F.);
#2752 = ORIENTED_EDGE('',*,*,#2098,.F.);
#2753 = ORIENTED_EDGE('',*,*,#2754,.F.);
#2754 = EDGE_CURVE('',#1829,#2071,#2755,.T.);
#2755 = LINE('',#2756,#2757);
#2756 = CARTESIAN_POINT('',(64.,4.5,20.));
#2757 = VECTOR('',#2758,1.);
#2758 = DIRECTION('',(-1.,0.,0.));
#2759 = ORIENTED_EDGE('',*,*,#1826,.F.);
#2760 = ORIENTED_EDGE('',*,*,#1845,.F.);
#2761 = PLANE('',#2762);
#2762 = AXIS2_PLACEMENT_3D('',#2763,#2764,#2765);
#2763 = CARTESIAN_POINT('',(64.,4.5,20.));
#2764 = DIRECTION('',(0.,-0.,1.));
#2765 = DIRECTION('',(-1.,0.,0.));
#2766 = ADVANCED_FACE('',(#2767),#2794,.T.);
#2767 = FACE_BOUND('',#2768,.T.);
#2768 = EDGE_LOOP('',(#2769,#2777,#2778,#2779,#2787));
#2769 = ORIENTED_EDGE('',*,*,#2770,.F.);
#2770 = EDGE_CURVE('',#2131,#2771,#2773,.T.);
#2771 = VERTEX_POINT('',#2772);
#2772 = CARTESIAN_POINT('',(64.,4.5,31.));
#2773 = LINE('',#2774,#2775);
#2774 = CARTESIAN_POINT('',(6.,4.5,31.));
#2775 = VECTOR('',#2776,1.);
#2776 = DIRECTION('',(1.,0.,0.));
#2777 = ORIENTED_EDGE('',*,*,#2155,.T.);
#2778 = ORIENTED_EDGE('',*,*,#1859,.T.);
#2779 = ORIENTED_EDGE('',*,*,#2780,.F.);
#2780 = EDGE_CURVE('',#2781,#1862,#2783,.T.);
#2781 = VERTEX_POINT('',#2782);
#2782 = CARTESIAN_POINT('',(64.,4.5,19.));
#2783 = LINE('',#2784,#2785);
#2784 = CARTESIAN_POINT('',(64.,4.5,19.));
#2785 = VECTOR('',#2786,1.);
#2786 = DIRECTION('',(-1.,0.,0.));
#2787 = ORIENTED_EDGE('',*,*,#2788,.F.);
#2788 = EDGE_CURVE('',#2771,#2781,#2789,.T.);
#2789 = CIRCLE('',#2790,6.);
#2790 = AXIS2_PLACEMENT_3D('',#2791,#2792,#2793);
#2791 = CARTESIAN_POINT('',(64.,4.5,25.));
#2792 = DIRECTION('',(0.,1.,0.));
#2793 = DIRECTION('',(0.,-0.,1.));
#2794 = PLANE('',#2795);
#2795 = AXIS2_PLACEMENT_3D('',#2796,#2797,#2798);
#2796 = CARTESIAN_POINT('',(64.,4.5,25.));
#2797 = DIRECTION('',(0.,1.,0.));
#2798 = DIRECTION('',(0.,-0.,1.));
#2799 = ADVANCED_FACE('',(#2800),#2811,.F.);
#2800 = FACE_BOUND('',#2801,.F.);
#2801 = EDGE_LOOP('',(#2802,#2803,#2804,#2805));
#2802 = ORIENTED_EDGE('',*,*,#2070,.F.);
#2803 = ORIENTED_EDGE('',*,*,#2754,.F.);
#2804 = ORIENTED_EDGE('',*,*,#1887,.F.);
#2805 = ORIENTED_EDGE('',*,*,#2806,.T.);
#2806 = EDGE_CURVE('',#1862,#2062,#2807,.T.);
#2807 = LINE('',#2808,#2809);
#2808 = CARTESIAN_POINT('',(64.,4.5,19.));
#2809 = VECTOR('',#2810,1.);
#2810 = DIRECTION('',(-1.,0.,0.));
#2811 = PLANE('',#2812);
#2812 = AXIS2_PLACEMENT_3D('',#2813,#2814,#2815);
#2813 = CARTESIAN_POINT('',(35.,4.5,25.));
#2814 = DIRECTION('',(0.,1.,0.));
#2815 = DIRECTION('',(0.,-0.,1.));
#2816 = ADVANCED_FACE('',(#2817),#2843,.F.);
#2817 = FACE_BOUND('',#2818,.F.);
#2818 = EDGE_LOOP('',(#2819,#2830,#2836,#2837));
#2819 = ORIENTED_EDGE('',*,*,#2820,.F.);
#2820 = EDGE_CURVE('',#2821,#2823,#2825,.T.);
#2821 = VERTEX_POINT('',#2822);
#2822 = CARTESIAN_POINT('',(65.312440474841,10.5,26.));
#2823 = VERTEX_POINT('',#2824);
#2824 = CARTESIAN_POINT('',(62.687559525159,10.5,26.));
#2825 = CIRCLE('',#2826,1.65);
#2826 = AXIS2_PLACEMENT_3D('',#2827,#2828,#2829);
#2827 = CARTESIAN_POINT('',(64.,10.5,25.));
#2828 = DIRECTION('',(0.,1.,0.));
#2829 = DIRECTION('',(0.,-0.,1.));
#2830 = ORIENTED_EDGE('',*,*,#2831,.F.);
#2831 = EDGE_CURVE('',#1917,#2821,#2832,.T.);
#2832 = LINE('',#2833,#2834);
#2833 = CARTESIAN_POINT('',(65.312440474841,2.5,26.));
#2834 = VECTOR('',#2835,1.);
#2835 = DIRECTION('',(0.,1.,0.));
#2836 = ORIENTED_EDGE('',*,*,#1916,.T.);
#2837 = ORIENTED_EDGE('',*,*,#2838,.T.);
#2838 = EDGE_CURVE('',#1919,#2823,#2839,.T.);
#2839 = LINE('',#2840,#2841);
#2840 = CARTESIAN_POINT('',(62.687559525159,2.5,26.));
#2841 = VECTOR('',#2842,1.);
#2842 = DIRECTION('',(0.,1.,0.));
#2843 = CYLINDRICAL_SURFACE('',#2844,1.65);
#2844 = AXIS2_PLACEMENT_3D('',#2845,#2846,#2847);
#2845 = CARTESIAN_POINT('',(64.,2.5,25.));
#2846 = DIRECTION('',(0.,1.,0.));
#2847 = DIRECTION('',(0.,-0.,1.));
#2848 = ADVANCED_FACE('',(#2849),#2860,.F.);
#2849 = FACE_BOUND('',#2850,.F.);
#2850 = EDGE_LOOP('',(#2851,#2852,#2853,#2854));
#2851 = ORIENTED_EDGE('',*,*,#2838,.F.);
#2852 = ORIENTED_EDGE('',*,*,#1927,.T.);
#2853 = ORIENTED_EDGE('',*,*,#2831,.T.);
#2854 = ORIENTED_EDGE('',*,*,#2855,.F.);
#2855 = EDGE_CURVE('',#2823,#2821,#2856,.T.);
#2856 = LINE('',#2857,#2858);
#2857 = CARTESIAN_POINT('',(62.75,10.5,26.));
#2858 = VECTOR('',#2859,1.);
#2859 = DIRECTION('',(1.,0.,0.));
#2860 = PLANE('',#2861);
#2861 = AXIS2_PLACEMENT_3D('',#2862,#2863,#2864);
#2862 = CARTESIAN_POINT('',(61.5,2.,26.));
#2863 = DIRECTION('',(0.,0.,1.));
#2864 = DIRECTION('',(1.,0.,-0.));
#2865 = ADVANCED_FACE('',(#2866),#2893,.F.);
#2866 = FACE_BOUND('',#2867,.F.);
#2867 = EDGE_LOOP('',(#2868,#2876,#2877,#2878,#2886));
#2868 = ORIENTED_EDGE('',*,*,#2869,.F.);
#2869 = EDGE_CURVE('',#2030,#2870,#2872,.T.);
#2870 = VERTEX_POINT('',#2871);
#2871 = CARTESIAN_POINT('',(6.,54.5,19.));
#2872 = LINE('',#2873,#2874);
#2873 = CARTESIAN_POINT('',(64.,54.5,19.));
#2874 = VECTOR('',#2875,1.);
#2875 = DIRECTION('',(-1.,0.,0.));
#2876 = ORIENTED_EDGE('',*,*,#2038,.T.);
#2877 = ORIENTED_EDGE('',*,*,#2621,.T.);
#2878 = ORIENTED_EDGE('',*,*,#2879,.F.);
#2879 = EDGE_CURVE('',#2880,#2622,#2882,.T.);
#2880 = VERTEX_POINT('',#2881);
#2881 = CARTESIAN_POINT('',(6.,54.5,31.));
#2882 = LINE('',#2883,#2884);
#2883 = CARTESIAN_POINT('',(6.,54.5,31.));
#2884 = VECTOR('',#2885,1.);
#2885 = DIRECTION('',(1.,0.,0.));
#2886 = ORIENTED_EDGE('',*,*,#2887,.F.);
#2887 = EDGE_CURVE('',#2870,#2880,#2888,.T.);
#2888 = CIRCLE('',#2889,6.);
#2889 = AXIS2_PLACEMENT_3D('',#2890,#2891,#2892);
#2890 = CARTESIAN_POINT('',(6.,54.5,25.));
#2891 = DIRECTION('',(0.,1.,0.));
#2892 = DIRECTION('',(0.,-0.,1.));
#2893 = PLANE('',#2894);
#2894 = AXIS2_PLACEMENT_3D('',#2895,#2896,#2897);
#2895 = CARTESIAN_POINT('',(6.,54.5,25.));
#2896 = DIRECTION('',(0.,1.,0.));
#2897 = DIRECTION('',(0.,-0.,1.));
#2898 = ADVANCED_FACE('',(#2899),#2926,.T.);
#2899 = FACE_BOUND('',#2900,.T.);
#2900 = EDGE_LOOP('',(#2901,#2909,#2910,#2911,#2919));
#2901 = ORIENTED_EDGE('',*,*,#2902,.F.);
#2902 = EDGE_CURVE('',#2062,#2903,#2905,.T.);
#2903 = VERTEX_POINT('',#2904);
#2904 = CARTESIAN_POINT('',(6.,4.5,19.));
#2905 = LINE('',#2906,#2907);
#2906 = CARTESIAN_POINT('',(64.,4.5,19.));
#2907 = VECTOR('',#2908,1.);
#2908 = DIRECTION('',(-1.,0.,0.));
#2909 = ORIENTED_EDGE('',*,*,#2061,.T.);
#2910 = ORIENTED_EDGE('',*,*,#2173,.T.);
#2911 = ORIENTED_EDGE('',*,*,#2912,.F.);
#2912 = EDGE_CURVE('',#2913,#2122,#2915,.T.);
#2913 = VERTEX_POINT('',#2914);
#2914 = CARTESIAN_POINT('',(6.,4.5,31.));
#2915 = LINE('',#2916,#2917);
#2916 = CARTESIAN_POINT('',(6.,4.5,31.));
#2917 = VECTOR('',#2918,1.);
#2918 = DIRECTION('',(1.,0.,0.));
#2919 = ORIENTED_EDGE('',*,*,#2920,.F.);
#2920 = EDGE_CURVE('',#2903,#2913,#2921,.T.);
#2921 = CIRCLE('',#2922,6.);
#2922 = AXIS2_PLACEMENT_3D('',#2923,#2924,#2925);
#2923 = CARTESIAN_POINT('',(6.,4.5,25.));
#2924 = DIRECTION('',(0.,1.,0.));
#2925 = DIRECTION('',(0.,-0.,1.));
#2926 = PLANE('',#2927);
#2927 = AXIS2_PLACEMENT_3D('',#2928,#2929,#2930);
#2928 = CARTESIAN_POINT('',(6.,4.5,25.));
#2929 = DIRECTION('',(0.,1.,0.));
#2930 = DIRECTION('',(0.,-0.,1.));
#2931 = ADVANCED_FACE('',(#2932),#2957,.F.);
#2932 = FACE_BOUND('',#2933,.F.);
#2933 = EDGE_LOOP('',(#2934,#2940,#2941,#2947,#2948,#2954,#2955,#2956));
#2934 = ORIENTED_EDGE('',*,*,#2935,.T.);
#2935 = EDGE_CURVE('',#2913,#2880,#2936,.T.);
#2936 = LINE('',#2937,#2938);
#2937 = CARTESIAN_POINT('',(6.,4.5,31.));
#2938 = VECTOR('',#2939,1.);
#2939 = DIRECTION('',(0.,1.,0.));
#2940 = ORIENTED_EDGE('',*,*,#2879,.T.);
#2941 = ORIENTED_EDGE('',*,*,#2942,.T.);
#2942 = EDGE_CURVE('',#2622,#2667,#2943,.T.);
#2943 = LINE('',#2944,#2945);
#2944 = CARTESIAN_POINT('',(6.,54.5,31.));
#2945 = VECTOR('',#2946,1.);
#2946 = DIRECTION('',(1.,0.,0.));
#2947 = ORIENTED_EDGE('',*,*,#2690,.T.);
#2948 = ORIENTED_EDGE('',*,*,#2949,.F.);
#2949 = EDGE_CURVE('',#2771,#2691,#2950,.T.);
#2950 = LINE('',#2951,#2952);
#2951 = CARTESIAN_POINT('',(64.,4.5,31.));
#2952 = VECTOR('',#2953,1.);
#2953 = DIRECTION('',(0.,1.,0.));
#2954 = ORIENTED_EDGE('',*,*,#2770,.F.);
#2955 = ORIENTED_EDGE('',*,*,#2130,.F.);
#2956 = ORIENTED_EDGE('',*,*,#2912,.F.);
#2957 = PLANE('',#2958);
#2958 = AXIS2_PLACEMENT_3D('',#2959,#2960,#2961);
#2959 = CARTESIAN_POINT('',(6.,4.5,31.));
#2960 = DIRECTION('',(0.,0.,-1.));
#2961 = DIRECTION('',(1.,0.,0.));
#2962 = ADVANCED_FACE('',(#2963,#2969,#2972,#2978,#2981),#2984,.T.);
#2963 = FACE_BOUND('',#2964,.T.);
#2964 = EDGE_LOOP('',(#2965,#2966,#2967,#2968));
#2965 = ORIENTED_EDGE('',*,*,#2315,.F.);
#2966 = ORIENTED_EDGE('',*,*,#2347,.F.);
#2967 = ORIENTED_EDGE('',*,*,#2394,.T.);
#2968 = ORIENTED_EDGE('',*,*,#2361,.T.);
#2969 = FACE_BOUND('',#2970,.T.);
#2970 = EDGE_LOOP('',(#2971));
#2971 = ORIENTED_EDGE('',*,*,#2534,.F.);
#2972 = FACE_BOUND('',#2973,.T.);
#2973 = EDGE_LOOP('',(#2974,#2975,#2976,#2977));
#2974 = ORIENTED_EDGE('',*,*,#2461,.F.);
#2975 = ORIENTED_EDGE('',*,*,#2520,.T.);
#2976 = ORIENTED_EDGE('',*,*,#2484,.F.);
#2977 = ORIENTED_EDGE('',*,*,#2649,.F.);
#2978 = FACE_BOUND('',#2979,.T.);
#2979 = EDGE_LOOP('',(#2980));
#2980 = ORIENTED_EDGE('',*,*,#2559,.F.);
#2981 = FACE_BOUND('',#2982,.T.);
#2982 = EDGE_LOOP('',(#2983));
#2983 = ORIENTED_EDGE('',*,*,#2434,.F.);
#2984 = PLANE('',#2985);
#2985 = AXIS2_PLACEMENT_3D('',#2986,#2987,#2988);
#2986 = CARTESIAN_POINT('',(0.,59.,0.));
#2987 = DIRECTION('',(-0.,1.,0.));
#2988 = DIRECTION('',(0.,0.,1.));
#2989 = ADVANCED_FACE('',(#2990),#2996,.T.);
#2990 = FACE_BOUND('',#2991,.T.);
#2991 = EDGE_LOOP('',(#2992,#2993,#2994,#2995));
#2992 = ORIENTED_EDGE('',*,*,#2630,.F.);
#2993 = ORIENTED_EDGE('',*,*,#2942,.T.);
#2994 = ORIENTED_EDGE('',*,*,#2666,.F.);
#2995 = ORIENTED_EDGE('',*,*,#2595,.F.);
#2996 = PLANE('',#2997);
#2997 = AXIS2_PLACEMENT_3D('',#2998,#2999,#3000);
#2998 = CARTESIAN_POINT('',(35.,54.5,25.));
#2999 = DIRECTION('',(0.,1.,0.));
#3000 = DIRECTION('',(0.,-0.,1.));
#3001 = ADVANCED_FACE('',(#3002),#3013,.T.);
#3002 = FACE_BOUND('',#3003,.T.);
#3003 = EDGE_LOOP('',(#3004,#3005,#3006,#3007));
#3004 = ORIENTED_EDGE('',*,*,#2708,.F.);
#3005 = ORIENTED_EDGE('',*,*,#2949,.F.);
#3006 = ORIENTED_EDGE('',*,*,#2788,.T.);
#3007 = ORIENTED_EDGE('',*,*,#3008,.T.);
#3008 = EDGE_CURVE('',#2781,#2701,#3009,.T.);
#3009 = LINE('',#3010,#3011);
#3010 = CARTESIAN_POINT('',(64.,4.5,19.));
#3011 = VECTOR('',#3012,1.);
#3012 = DIRECTION('',(0.,1.,0.));
#3013 = CYLINDRICAL_SURFACE('',#3014,6.);
#3014 = AXIS2_PLACEMENT_3D('',#3015,#3016,#3017);
#3015 = CARTESIAN_POINT('',(64.,4.5,25.));
#3016 = DIRECTION('',(0.,1.,0.));
#3017 = DIRECTION('',(0.,-0.,1.));
#3018 = ADVANCED_FACE('',(#3019),#3034,.F.);
#3019 = FACE_BOUND('',#3020,.F.);
#3020 = EDGE_LOOP('',(#3021,#3022,#3023,#3024,#3025,#3031,#3032,#3033));
#3021 = ORIENTED_EDGE('',*,*,#3008,.T.);
#3022 = ORIENTED_EDGE('',*,*,#2700,.T.);
#3023 = ORIENTED_EDGE('',*,*,#2731,.T.);
#3024 = ORIENTED_EDGE('',*,*,#2869,.T.);
#3025 = ORIENTED_EDGE('',*,*,#3026,.F.);
#3026 = EDGE_CURVE('',#2903,#2870,#3027,.T.);
#3027 = LINE('',#3028,#3029);
#3028 = CARTESIAN_POINT('',(6.,4.5,19.));
#3029 = VECTOR('',#3030,1.);
#3030 = DIRECTION('',(0.,1.,0.));
#3031 = ORIENTED_EDGE('',*,*,#2902,.F.);
#3032 = ORIENTED_EDGE('',*,*,#2806,.F.);
#3033 = ORIENTED_EDGE('',*,*,#2780,.F.);
#3034 = PLANE('',#3035);
#3035 = AXIS2_PLACEMENT_3D('',#3036,#3037,#3038);
#3036 = CARTESIAN_POINT('',(64.,4.5,19.));
#3037 = DIRECTION('',(0.,-0.,1.));
#3038 = DIRECTION('',(-1.,0.,0.));
#3039 = ADVANCED_FACE('',(#3040),#3044,.F.);
#3040 = FACE_BOUND('',#3041,.F.);
#3041 = EDGE_LOOP('',(#3042,#3043));
#3042 = ORIENTED_EDGE('',*,*,#2855,.T.);
#3043 = ORIENTED_EDGE('',*,*,#2820,.T.);
#3044 = PLANE('',#3045);
#3045 = AXIS2_PLACEMENT_3D('',#3046,#3047,#3048);
#3046 = CARTESIAN_POINT('',(64.,10.5,25.));
#3047 = DIRECTION('',(0.,1.,0.));
#3048 = DIRECTION('',(0.,-0.,1.));
#3049 = ADVANCED_FACE('',(#3050),#3056,.T.);
#3050 = FACE_BOUND('',#3051,.T.);
#3051 = EDGE_LOOP('',(#3052,#3053,#3054,#3055));
#3052 = ORIENTED_EDGE('',*,*,#2935,.T.);
#3053 = ORIENTED_EDGE('',*,*,#2887,.F.);
#3054 = ORIENTED_EDGE('',*,*,#3026,.F.);
#3055 = ORIENTED_EDGE('',*,*,#2920,.T.);
#3056 = CYLINDRICAL_SURFACE('',#3057,6.);
#3057 = AXIS2_PLACEMENT_3D('',#3058,#3059,#3060);
#3058 = CARTESIAN_POINT('',(6.,4.5,25.));
#3059 = DIRECTION('',(0.,1.,0.));
#3060 = DIRECTION('',(0.,-0.,1.));
#3061 = ORIENTED_CLOSED_SHELL('',*,#3062,.F.);
#3062 = CLOSED_SHELL('',(#3063,#3096,#3127,#3152,#3169));
#3063 = ADVANCED_FACE('',(#3064),#3091,.T.);
#3064 = FACE_BOUND('',#3065,.T.);
#3065 = EDGE_LOOP('',(#3066,#3076,#3084));
#3066 = ORIENTED_EDGE('',*,*,#3067,.F.);
#3067 = EDGE_CURVE('',#3068,#3070,#3072,.T.);
#3068 = VERTEX_POINT('',#3069);
#3069 = CARTESIAN_POINT('',(62.8,54.5,30.));
#3070 = VERTEX_POINT('',#3071);
#3071 = CARTESIAN_POINT('',(62.918389696825,54.5,29.881610303175));
#3072 = LINE('',#3073,#3074);
#3073 = CARTESIAN_POINT('',(64.65,54.5,28.15));
#3074 = VECTOR('',#3075,1.);
#3075 = DIRECTION('',(0.707106781187,0.,-0.707106781187));
#3076 = ORIENTED_EDGE('',*,*,#3077,.T.);
#3077 = EDGE_CURVE('',#3068,#3078,#3080,.T.);
#3078 = VERTEX_POINT('',#3079);
#3079 = CARTESIAN_POINT('',(64.,54.5,30.));
#3080 = LINE('',#3081,#3082);
#3081 = CARTESIAN_POINT('',(6.,54.5,30.));
#3082 = VECTOR('',#3083,1.);
#3083 = DIRECTION('',(1.,0.,0.));
#3084 = ORIENTED_EDGE('',*,*,#3085,.F.);
#3085 = EDGE_CURVE('',#3070,#3078,#3086,.T.);
#3086 = CIRCLE('',#3087,5.);
#3087 = AXIS2_PLACEMENT_3D('',#3088,#3089,#3090);
#3088 = CARTESIAN_POINT('',(64.,54.5,25.));
#3089 = DIRECTION('',(0.,1.,0.));
#3090 = DIRECTION('',(0.,-0.,1.));
#3091 = PLANE('',#3092);
#3092 = AXIS2_PLACEMENT_3D('',#3093,#3094,#3095);
#3093 = CARTESIAN_POINT('',(64.,54.5,25.));
#3094 = DIRECTION('',(0.,1.,0.));
#3095 = DIRECTION('',(0.,-0.,1.));
#3096 = ADVANCED_FACE('',(#3097),#3122,.F.);
#3097 = FACE_BOUND('',#3098,.F.);
#3098 = EDGE_LOOP('',(#3099,#3107,#3115,#3121));
#3099 = ORIENTED_EDGE('',*,*,#3100,.F.);
#3100 = EDGE_CURVE('',#3101,#3068,#3103,.T.);
#3101 = VERTEX_POINT('',#3102);
#3102 = CARTESIAN_POINT('',(62.8,4.5,30.));
#3103 = LINE('',#3104,#3105);
#3104 = CARTESIAN_POINT('',(62.8,2.,30.));
#3105 = VECTOR('',#3106,1.);
#3106 = DIRECTION('',(-0.,1.,0.));
#3107 = ORIENTED_EDGE('',*,*,#3108,.T.);
#3108 = EDGE_CURVE('',#3101,#3109,#3111,.T.);
#3109 = VERTEX_POINT('',#3110);
#3110 = CARTESIAN_POINT('',(62.918389696825,4.5,29.881610303175));
#3111 = LINE('',#3112,#3113);
#3112 = CARTESIAN_POINT('',(64.65,4.5,28.15));
#3113 = VECTOR('',#3114,1.);
#3114 = DIRECTION('',(0.707106781187,0.,-0.707106781187));
#3115 = ORIENTED_EDGE('',*,*,#3116,.T.);
#3116 = EDGE_CURVE('',#3109,#3070,#3117,.T.);
#3117 = LINE('',#3118,#3119);
#3118 = CARTESIAN_POINT('',(62.918389696825,4.5,29.881610303175));
#3119 = VECTOR('',#3120,1.);
#3120 = DIRECTION('',(0.,1.,0.));
#3121 = ORIENTED_EDGE('',*,*,#3067,.F.);
#3122 = PLANE('',#3123);
#3123 = AXIS2_PLACEMENT_3D('',#3124,#3125,#3126);
#3124 = CARTESIAN_POINT('',(63.4,2.,29.4));
#3125 = DIRECTION('',(0.707106781187,1.407620945704E-17,0.707106781187)
  );
#3126 = DIRECTION('',(-9.953383160478E-18,1.,-9.953383160478E-18));
#3127 = ADVANCED_FACE('',(#3128),#3147,.F.);
#3128 = FACE_BOUND('',#3129,.F.);
#3129 = EDGE_LOOP('',(#3130,#3138,#3139,#3140));
#3130 = ORIENTED_EDGE('',*,*,#3131,.T.);
#3131 = EDGE_CURVE('',#3132,#3078,#3134,.T.);
#3132 = VERTEX_POINT('',#3133);
#3133 = CARTESIAN_POINT('',(64.,4.5,30.));
#3134 = LINE('',#3135,#3136);
#3135 = CARTESIAN_POINT('',(64.,4.5,30.));
#3136 = VECTOR('',#3137,1.);
#3137 = DIRECTION('',(0.,1.,0.));
#3138 = ORIENTED_EDGE('',*,*,#3085,.F.);
#3139 = ORIENTED_EDGE('',*,*,#3116,.F.);
#3140 = ORIENTED_EDGE('',*,*,#3141,.T.);
#3141 = EDGE_CURVE('',#3109,#3132,#3142,.T.);
#3142 = CIRCLE('',#3143,5.);
#3143 = AXIS2_PLACEMENT_3D('',#3144,#3145,#3146);
#3144 = CARTESIAN_POINT('',(64.,4.5,25.));
#3145 = DIRECTION('',(0.,1.,0.));
#3146 = DIRECTION('',(0.,-0.,1.));
#3147 = CYLINDRICAL_SURFACE('',#3148,5.);
#3148 = AXIS2_PLACEMENT_3D('',#3149,#3150,#3151);
#3149 = CARTESIAN_POINT('',(64.,4.5,25.));
#3150 = DIRECTION('',(0.,1.,0.));
#3151 = DIRECTION('',(0.,-0.,1.));
#3152 = ADVANCED_FACE('',(#3153),#3164,.F.);
#3153 = FACE_BOUND('',#3154,.F.);
#3154 = EDGE_LOOP('',(#3155,#3161,#3162,#3163));
#3155 = ORIENTED_EDGE('',*,*,#3156,.F.);
#3156 = EDGE_CURVE('',#3101,#3132,#3157,.T.);
#3157 = LINE('',#3158,#3159);
#3158 = CARTESIAN_POINT('',(6.,4.5,30.));
#3159 = VECTOR('',#3160,1.);
#3160 = DIRECTION('',(1.,0.,0.));
#3161 = ORIENTED_EDGE('',*,*,#3100,.T.);
#3162 = ORIENTED_EDGE('',*,*,#3077,.T.);
#3163 = ORIENTED_EDGE('',*,*,#3131,.F.);
#3164 = PLANE('',#3165);
#3165 = AXIS2_PLACEMENT_3D('',#3166,#3167,#3168);
#3166 = CARTESIAN_POINT('',(6.,4.5,30.));
#3167 = DIRECTION('',(0.,0.,-1.));
#3168 = DIRECTION('',(1.,0.,0.));
#3169 = ADVANCED_FACE('',(#3170),#3175,.F.);
#3170 = FACE_BOUND('',#3171,.F.);
#3171 = EDGE_LOOP('',(#3172,#3173,#3174));
#3172 = ORIENTED_EDGE('',*,*,#3108,.F.);
#3173 = ORIENTED_EDGE('',*,*,#3156,.T.);
#3174 = ORIENTED_EDGE('',*,*,#3141,.F.);
#3175 = PLANE('',#3176);
#3176 = AXIS2_PLACEMENT_3D('',#3177,#3178,#3179);
#3177 = CARTESIAN_POINT('',(64.,4.5,25.));
#3178 = DIRECTION('',(0.,1.,0.));
#3179 = DIRECTION('',(0.,-0.,1.));
#3180 = ORIENTED_CLOSED_SHELL('',*,#3181,.F.);
#3181 = CLOSED_SHELL('',(#3182,#3215,#3247,#3271,#3288));
#3182 = ADVANCED_FACE('',(#3183),#3210,.T.);
#3183 = FACE_BOUND('',#3184,.T.);
#3184 = EDGE_LOOP('',(#3185,#3196,#3204));
#3185 = ORIENTED_EDGE('',*,*,#3186,.F.);
#3186 = EDGE_CURVE('',#3187,#3189,#3191,.T.);
#3187 = VERTEX_POINT('',#3188);
#3188 = CARTESIAN_POINT('',(6.,54.5,30.));
#3189 = VERTEX_POINT('',#3190);
#3190 = CARTESIAN_POINT('',(7.081610303175,54.5,29.881610303175));
#3191 = CIRCLE('',#3192,5.);
#3192 = AXIS2_PLACEMENT_3D('',#3193,#3194,#3195);
#3193 = CARTESIAN_POINT('',(6.,54.5,25.));
#3194 = DIRECTION('',(0.,1.,0.));
#3195 = DIRECTION('',(0.,-0.,1.));
#3196 = ORIENTED_EDGE('',*,*,#3197,.T.);
#3197 = EDGE_CURVE('',#3187,#3198,#3200,.T.);
#3198 = VERTEX_POINT('',#3199);
#3199 = CARTESIAN_POINT('',(7.2,54.5,30.));
#3200 = LINE('',#3201,#3202);
#3201 = CARTESIAN_POINT('',(6.,54.5,30.));
#3202 = VECTOR('',#3203,1.);
#3203 = DIRECTION('',(1.,0.,0.));
#3204 = ORIENTED_EDGE('',*,*,#3205,.T.);
#3205 = EDGE_CURVE('',#3198,#3189,#3206,.T.);
#3206 = LINE('',#3207,#3208);
#3207 = CARTESIAN_POINT('',(5.35,54.5,28.15));
#3208 = VECTOR('',#3209,1.);
#3209 = DIRECTION('',(-0.707106781187,0.,-0.707106781187));
#3210 = PLANE('',#3211);
#3211 = AXIS2_PLACEMENT_3D('',#3212,#3213,#3214);
#3212 = CARTESIAN_POINT('',(6.,54.5,25.));
#3213 = DIRECTION('',(0.,1.,0.));
#3214 = DIRECTION('',(0.,-0.,1.));
#3215 = ADVANCED_FACE('',(#3216),#3242,.F.);
#3216 = FACE_BOUND('',#3217,.F.);
#3217 = EDGE_LOOP('',(#3218,#3219,#3227,#3236));
#3218 = ORIENTED_EDGE('',*,*,#3186,.F.);
#3219 = ORIENTED_EDGE('',*,*,#3220,.F.);
#3220 = EDGE_CURVE('',#3221,#3187,#3223,.T.);
#3221 = VERTEX_POINT('',#3222);
#3222 = CARTESIAN_POINT('',(6.,4.5,30.));
#3223 = LINE('',#3224,#3225);
#3224 = CARTESIAN_POINT('',(6.,4.5,30.));
#3225 = VECTOR('',#3226,1.);
#3226 = DIRECTION('',(0.,1.,0.));
#3227 = ORIENTED_EDGE('',*,*,#3228,.T.);
#3228 = EDGE_CURVE('',#3221,#3229,#3231,.T.);
#3229 = VERTEX_POINT('',#3230);
#3230 = CARTESIAN_POINT('',(7.081610303175,4.5,29.881610303175));
#3231 = CIRCLE('',#3232,5.);
#3232 = AXIS2_PLACEMENT_3D('',#3233,#3234,#3235);
#3233 = CARTESIAN_POINT('',(6.,4.5,25.));
#3234 = DIRECTION('',(0.,1.,0.));
#3235 = DIRECTION('',(0.,-0.,1.));
#3236 = ORIENTED_EDGE('',*,*,#3237,.T.);
#3237 = EDGE_CURVE('',#3229,#3189,#3238,.T.);
#3238 = LINE('',#3239,#3240);
#3239 = CARTESIAN_POINT('',(7.081610303175,4.5,29.881610303175));
#3240 = VECTOR('',#3241,1.);
#3241 = DIRECTION('',(0.,1.,0.));
#3242 = CYLINDRICAL_SURFACE('',#3243,5.);
#3243 = AXIS2_PLACEMENT_3D('',#3244,#3245,#3246);
#3244 = CARTESIAN_POINT('',(6.,4.5,25.));
#3245 = DIRECTION('',(0.,1.,0.));
#3246 = DIRECTION('',(0.,-0.,1.));
#3247 = ADVANCED_FACE('',(#3248),#3266,.T.);
#3248 = FACE_BOUND('',#3249,.T.);
#3249 = EDGE_LOOP('',(#3250,#3258,#3264,#3265));
#3250 = ORIENTED_EDGE('',*,*,#3251,.F.);
#3251 = EDGE_CURVE('',#3252,#3198,#3254,.T.);
#3252 = VERTEX_POINT('',#3253);
#3253 = CARTESIAN_POINT('',(7.2,4.5,30.));
#3254 = LINE('',#3255,#3256);
#3255 = CARTESIAN_POINT('',(7.2,2.,30.));
#3256 = VECTOR('',#3257,1.);
#3257 = DIRECTION('',(-0.,1.,0.));
#3258 = ORIENTED_EDGE('',*,*,#3259,.T.);
#3259 = EDGE_CURVE('',#3252,#3229,#3260,.T.);
#3260 = LINE('',#3261,#3262);
#3261 = CARTESIAN_POINT('',(5.35,4.5,28.15));
#3262 = VECTOR('',#3263,1.);
#3263 = DIRECTION('',(-0.707106781187,0.,-0.707106781187));
#3264 = ORIENTED_EDGE('',*,*,#3237,.T.);
#3265 = ORIENTED_EDGE('',*,*,#3205,.F.);
#3266 = PLANE('',#3267);
#3267 = AXIS2_PLACEMENT_3D('',#3268,#3269,#3270);
#3268 = CARTESIAN_POINT('',(6.6,2.,29.4));
#3269 = DIRECTION('',(0.707106781187,0.,-0.707106781187));
#3270 = DIRECTION('',(0.,1.,0.));
#3271 = ADVANCED_FACE('',(#3272),#3283,.F.);
#3272 = FACE_BOUND('',#3273,.F.);
#3273 = EDGE_LOOP('',(#3274,#3280,#3281,#3282));
#3274 = ORIENTED_EDGE('',*,*,#3275,.F.);
#3275 = EDGE_CURVE('',#3221,#3252,#3276,.T.);
#3276 = LINE('',#3277,#3278);
#3277 = CARTESIAN_POINT('',(6.,4.5,30.));
#3278 = VECTOR('',#3279,1.);
#3279 = DIRECTION('',(1.,0.,0.));
#3280 = ORIENTED_EDGE('',*,*,#3220,.T.);
#3281 = ORIENTED_EDGE('',*,*,#3197,.T.);
#3282 = ORIENTED_EDGE('',*,*,#3251,.F.);
#3283 = PLANE('',#3284);
#3284 = AXIS2_PLACEMENT_3D('',#3285,#3286,#3287);
#3285 = CARTESIAN_POINT('',(6.,4.5,30.));
#3286 = DIRECTION('',(0.,0.,-1.));
#3287 = DIRECTION('',(1.,0.,0.));
#3288 = ADVANCED_FACE('',(#3289),#3294,.F.);
#3289 = FACE_BOUND('',#3290,.F.);
#3290 = EDGE_LOOP('',(#3291,#3292,#3293));
#3291 = ORIENTED_EDGE('',*,*,#3228,.F.);
#3292 = ORIENTED_EDGE('',*,*,#3275,.T.);
#3293 = ORIENTED_EDGE('',*,*,#3259,.T.);
#3294 = PLANE('',#3295);
#3295 = AXIS2_PLACEMENT_3D('',#3296,#3297,#3298);
#3296 = CARTESIAN_POINT('',(6.,4.5,25.));
#3297 = DIRECTION('',(0.,1.,0.));
#3298 = DIRECTION('',(0.,-0.,1.));
#3299 = ( GEOMETRIC_REPRESENTATION_CONTEXT(3) 
GLOBAL_UNCERTAINTY_ASSIGNED_CONTEXT((#3303)) 
GLOBAL_UNIT_ASSIGNED_CONTEXT((#3300,#3301,#3302)) REPRESENTATION_CONTEXT
('Context #1','3D Context with UNIT and UNCERTAINTY') );
#3300 = ( LENGTH_UNIT() NAMED_UNIT(*) SI_UNIT(.MILLI.,.METRE.) );
#3301 = ( NAMED_UNIT(*) PLANE_ANGLE_UNIT() SI_UNIT($,.RADIAN.) );
#3302 = ( NAMED_UNIT(*) SI_UNIT($,.STERADIAN.) SOLID_ANGLE_UNIT() );
#3303 = UNCERTAINTY_MEASURE_WITH_UNIT(LENGTH_MEASURE(1.E-07),#3300,
  'distance_accuracy_value','confusion accuracy');
#3304 = PRODUCT_RELATED_PRODUCT_CATEGORY('part',$,(#7));
ENDSEC;
END-ISO-10303-21;
