ISO-10303-21;
HEADER;
FILE_DESCRIPTION(('FreeCAD Model'),'2;1');
FILE_NAME('Open CASCADE Shape Model','2026-09-26T11:04:26',('FreeCAD'),(
    'FreeCAD'),'Open CASCADE STEP processor 7.8','FreeCAD','Unknown');
FILE_SCHEMA(('AUTOMOTIVE_DESIGN { 1 0 10303 214 1 1 1 1 }'));
ENDSEC;
DATA;
#1 = APPLICATION_PROTOCOL_DEFINITION('international standard',
  'automotive_design',2000,#2);
#2 = APPLICATION_CONTEXT(
  'core data for automotive mechanical design processes');
#3 = SHAPE_DEFINITION_REPRESENTATION(#4,#10);
#4 = PRODUCT_DEFINITION_SHAPE('','',#5);
#5 = PRODUCT_DEFINITION('design','',#6,#9);
#6 = PRODUCT_DEFINITION_FORMATION('','',#7);
#7 = PRODUCT('Open CASCADE STEP translator 7.8 1',
  'Open CASCADE STEP translator 7.8 1','',(#8));
#8 = PRODUCT_CONTEXT('',#2,'mechanical');
#9 = PRODUCT_DEFINITION_CONTEXT('part definition',#2,'design');
#10 = ADVANCED_BREP_SHAPE_REPRESENTATION('',(#11,#15),#2514);
#11 = AXIS2_PLACEMENT_3D('',#12,#13,#14);
#12 = CARTESIAN_POINT('',(0.,0.,0.));
#13 = DIRECTION('',(0.,0.,1.));
#14 = DIRECTION('',(1.,0.,-0.));
#15 = MANIFOLD_SOLID_BREP('',#16);
#16 = CLOSED_SHELL('',(#17,#73,#337,#368,#392,#628,#645,#667,#684,#696,
    #720,#744,#761,#778,#800,#817,#834,#851,#868,#885,#902,#914,#968,
    #1048,#1072,#1145,#1180,#1204,#1271,#1288,#1313,#1330,#1342,#1373,
    #1390,#1421,#1445,#1469,#1486,#1511,#1542,#1566,#1590,#1607,#1638,
    #1666,#1683,#1695,#1707,#1732,#1757,#1774,#1805,#1829,#1853,#1877,
    #1901,#1918,#1977,#1994,#2017,#2029,#2088,#2100,#2125,#2150,#2167,
    #2189,#2206,#2223,#2240,#2257,#2269,#2294,#2353,#2412,#2434,#2451,
    #2468,#2485,#2502));
#17 = ADVANCED_FACE('',(#18),#68,.F.);
#18 = FACE_BOUND('',#19,.F.);
#19 = EDGE_LOOP('',(#20,#30,#38,#46,#54,#62));
#20 = ORIENTED_EDGE('',*,*,#21,.F.);
#21 = EDGE_CURVE('',#22,#24,#26,.T.);
#22 = VERTEX_POINT('',#23);
#23 = CARTESIAN_POINT('',(0.,0.,0.));
#24 = VERTEX_POINT('',#25);
#25 = CARTESIAN_POINT('',(0.,0.,14.));
#26 = LINE('',#27,#28);
#27 = CARTESIAN_POINT('',(0.,0.,0.));
#28 = VECTOR('',#29,1.);
#29 = DIRECTION('',(0.,0.,1.));
#30 = ORIENTED_EDGE('',*,*,#31,.T.);
#31 = EDGE_CURVE('',#22,#32,#34,.T.);
#32 = VERTEX_POINT('',#33);
#33 = CARTESIAN_POINT('',(0.,3.,0.));
#34 = LINE('',#35,#36);
#35 = CARTESIAN_POINT('',(0.,0.,0.));
#36 = VECTOR('',#37,1.);
#37 = DIRECTION('',(-0.,1.,0.));
#38 = ORIENTED_EDGE('',*,*,#39,.T.);
#39 = EDGE_CURVE('',#32,#40,#42,.T.);
#40 = VERTEX_POINT('',#41);
#41 = CARTESIAN_POINT('',(0.,3.,35.));
#42 = LINE('',#43,#44);
#43 = CARTESIAN_POINT('',(0.,3.,0.));
#44 = VECTOR('',#45,1.);
#45 = DIRECTION('',(0.,0.,1.));
#46 = ORIENTED_EDGE('',*,*,#47,.F.);
#47 = EDGE_CURVE('',#48,#40,#50,.T.);
#48 = VERTEX_POINT('',#49);
#49 = CARTESIAN_POINT('',(0.,0.,35.));
#50 = LINE('',#51,#52);
#51 = CARTESIAN_POINT('',(0.,0.,35.));
#52 = VECTOR('',#53,1.);
#53 = DIRECTION('',(-0.,1.,0.));
#54 = ORIENTED_EDGE('',*,*,#55,.F.);
#55 = EDGE_CURVE('',#56,#48,#58,.T.);
#56 = VERTEX_POINT('',#57);
#57 = CARTESIAN_POINT('',(0.,0.,17.));
#58 = LINE('',#59,#60);
#59 = CARTESIAN_POINT('',(0.,0.,0.));
#60 = VECTOR('',#61,1.);
#61 = DIRECTION('',(0.,0.,1.));
#62 = ORIENTED_EDGE('',*,*,#63,.F.);
#63 = EDGE_CURVE('',#24,#56,#64,.T.);
#64 = LINE('',#65,#66);
#65 = CARTESIAN_POINT('',(0.,0.,0.));
#66 = VECTOR('',#67,1.);
#67 = DIRECTION('',(0.,0.,1.));
#68 = PLANE('',#69);
#69 = AXIS2_PLACEMENT_3D('',#70,#71,#72);
#70 = CARTESIAN_POINT('',(0.,0.,0.));
#71 = DIRECTION('',(1.,0.,-0.));
#72 = DIRECTION('',(0.,0.,1.));
#73 = ADVANCED_FACE('',(#74,#154,#165,#233,#299,#310,#321),#332,.F.);
#74 = FACE_BOUND('',#75,.F.);
#75 = EDGE_LOOP('',(#76,#86,#94,#100,#101,#109,#117,#123,#124,#132,#140,
    #148));
#76 = ORIENTED_EDGE('',*,*,#77,.T.);
#77 = EDGE_CURVE('',#78,#80,#82,.T.);
#78 = VERTEX_POINT('',#79);
#79 = CARTESIAN_POINT('',(119.5,0.,35.));
#80 = VERTEX_POINT('',#81);
#81 = CARTESIAN_POINT('',(120.,0.,35.));
#82 = LINE('',#83,#84);
#83 = CARTESIAN_POINT('',(0.,0.,35.));
#84 = VECTOR('',#85,1.);
#85 = DIRECTION('',(1.,0.,-0.));
#86 = ORIENTED_EDGE('',*,*,#87,.F.);
#87 = EDGE_CURVE('',#88,#80,#90,.T.);
#88 = VERTEX_POINT('',#89);
#89 = CARTESIAN_POINT('',(120.,0.,0.));
#90 = LINE('',#91,#92);
#91 = CARTESIAN_POINT('',(120.,0.,0.));
#92 = VECTOR('',#93,1.);
#93 = DIRECTION('',(0.,0.,1.));
#94 = ORIENTED_EDGE('',*,*,#95,.F.);
#95 = EDGE_CURVE('',#22,#88,#96,.T.);
#96 = LINE('',#97,#98);
#97 = CARTESIAN_POINT('',(0.,0.,0.));
#98 = VECTOR('',#99,1.);
#99 = DIRECTION('',(1.,0.,-0.));
#100 = ORIENTED_EDGE('',*,*,#21,.T.);
#101 = ORIENTED_EDGE('',*,*,#102,.T.);
#102 = EDGE_CURVE('',#24,#103,#105,.T.);
#103 = VERTEX_POINT('',#104);
#104 = CARTESIAN_POINT('',(22.,0.,14.));
#105 = LINE('',#106,#107);
#106 = CARTESIAN_POINT('',(0.,0.,14.));
#107 = VECTOR('',#108,1.);
#108 = DIRECTION('',(1.,0.,-0.));
#109 = ORIENTED_EDGE('',*,*,#110,.T.);
#110 = EDGE_CURVE('',#103,#111,#113,.T.);
#111 = VERTEX_POINT('',#112);
#112 = CARTESIAN_POINT('',(22.,0.,17.));
#113 = LINE('',#114,#115);
#114 = CARTESIAN_POINT('',(22.,0.,14.));
#115 = VECTOR('',#116,1.);
#116 = DIRECTION('',(0.,0.,1.));
#117 = ORIENTED_EDGE('',*,*,#118,.F.);
#118 = EDGE_CURVE('',#56,#111,#119,.T.);
#119 = LINE('',#120,#121);
#120 = CARTESIAN_POINT('',(0.,0.,17.));
#121 = VECTOR('',#122,1.);
#122 = DIRECTION('',(1.,0.,-0.));
#123 = ORIENTED_EDGE('',*,*,#55,.T.);
#124 = ORIENTED_EDGE('',*,*,#125,.T.);
#125 = EDGE_CURVE('',#48,#126,#128,.T.);
#126 = VERTEX_POINT('',#127);
#127 = CARTESIAN_POINT('',(108.5,0.,35.));
#128 = LINE('',#129,#130);
#129 = CARTESIAN_POINT('',(0.,0.,35.));
#130 = VECTOR('',#131,1.);
#131 = DIRECTION('',(1.,0.,-0.));
#132 = ORIENTED_EDGE('',*,*,#133,.F.);
#133 = EDGE_CURVE('',#134,#126,#136,.T.);
#134 = VERTEX_POINT('',#135);
#135 = CARTESIAN_POINT('',(108.5,0.,34.8));
#136 = LINE('',#137,#138);
#137 = CARTESIAN_POINT('',(108.5,0.,34.8));
#138 = VECTOR('',#139,1.);
#139 = DIRECTION('',(0.,0.,1.));
#140 = ORIENTED_EDGE('',*,*,#141,.T.);
#141 = EDGE_CURVE('',#134,#142,#144,.T.);
#142 = VERTEX_POINT('',#143);
#143 = CARTESIAN_POINT('',(119.5,0.,34.8));
#144 = LINE('',#145,#146);
#145 = CARTESIAN_POINT('',(108.5,0.,34.8));
#146 = VECTOR('',#147,1.);
#147 = DIRECTION('',(1.,0.,-0.));
#148 = ORIENTED_EDGE('',*,*,#149,.T.);
#149 = EDGE_CURVE('',#142,#78,#150,.T.);
#150 = LINE('',#151,#152);
#151 = CARTESIAN_POINT('',(119.5,0.,34.8));
#152 = VECTOR('',#153,1.);
#153 = DIRECTION('',(0.,0.,1.));
#154 = FACE_BOUND('',#155,.F.);
#155 = EDGE_LOOP('',(#156));
#156 = ORIENTED_EDGE('',*,*,#157,.F.);
#157 = EDGE_CURVE('',#158,#158,#160,.T.);
#158 = VERTEX_POINT('',#159);
#159 = CARTESIAN_POINT('',(18.,0.,7.75));
#160 = CIRCLE('',#161,1.75);
#161 = AXIS2_PLACEMENT_3D('',#162,#163,#164);
#162 = CARTESIAN_POINT('',(18.,0.,6.));
#163 = DIRECTION('',(0.,1.,0.));
#164 = DIRECTION('',(0.,-0.,1.));
#165 = FACE_BOUND('',#166,.F.);
#166 = EDGE_LOOP('',(#167,#178,#186,#194,#202,#211,#219,#227));
#167 = ORIENTED_EDGE('',*,*,#168,.F.);
#168 = EDGE_CURVE('',#169,#171,#173,.T.);
#169 = VERTEX_POINT('',#170);
#170 = CARTESIAN_POINT('',(6.,0.,22.7639320225));
#171 = VERTEX_POINT('',#172);
#172 = CARTESIAN_POINT('',(6.,0.,27.2360679775));
#173 = CIRCLE('',#174,2.25);
#174 = AXIS2_PLACEMENT_3D('',#175,#176,#177);
#175 = CARTESIAN_POINT('',(6.25,0.,25.));
#176 = DIRECTION('',(0.,1.,0.));
#177 = DIRECTION('',(0.,-0.,1.));
#178 = ORIENTED_EDGE('',*,*,#179,.T.);
#179 = EDGE_CURVE('',#169,#180,#182,.T.);
#180 = VERTEX_POINT('',#181);
#181 = CARTESIAN_POINT('',(6.,0.,22.75));
#182 = LINE('',#183,#184);
#183 = CARTESIAN_POINT('',(6.,0.,11.375));
#184 = VECTOR('',#185,1.);
#185 = DIRECTION('',(-0.,0.,-1.));
#186 = ORIENTED_EDGE('',*,*,#187,.T.);
#187 = EDGE_CURVE('',#180,#188,#190,.T.);
#188 = VERTEX_POINT('',#189);
#189 = CARTESIAN_POINT('',(6.25,0.,22.75));
#190 = LINE('',#191,#192);
#191 = CARTESIAN_POINT('',(3.,0.,22.75));
#192 = VECTOR('',#193,1.);
#193 = DIRECTION('',(1.,0.,-0.));
#194 = ORIENTED_EDGE('',*,*,#195,.T.);
#195 = EDGE_CURVE('',#188,#196,#198,.T.);
#196 = VERTEX_POINT('',#197);
#197 = CARTESIAN_POINT('',(14.,0.,22.75));
#198 = LINE('',#199,#200);
#199 = CARTESIAN_POINT('',(3.,0.,22.75));
#200 = VECTOR('',#201,1.);
#201 = DIRECTION('',(1.,0.,-0.));
#202 = ORIENTED_EDGE('',*,*,#203,.F.);
#203 = EDGE_CURVE('',#204,#196,#206,.T.);
#204 = VERTEX_POINT('',#205);
#205 = CARTESIAN_POINT('',(14.,0.,27.25));
#206 = CIRCLE('',#207,2.25);
#207 = AXIS2_PLACEMENT_3D('',#208,#209,#210);
#208 = CARTESIAN_POINT('',(14.,0.,25.));
#209 = DIRECTION('',(0.,1.,0.));
#210 = DIRECTION('',(0.,-0.,1.));
#211 = ORIENTED_EDGE('',*,*,#212,.F.);
#212 = EDGE_CURVE('',#213,#204,#215,.T.);
#213 = VERTEX_POINT('',#214);
#214 = CARTESIAN_POINT('',(6.25,0.,27.25));
#215 = LINE('',#216,#217);
#216 = CARTESIAN_POINT('',(3.,0.,27.25));
#217 = VECTOR('',#218,1.);
#218 = DIRECTION('',(1.,0.,-0.));
#219 = ORIENTED_EDGE('',*,*,#220,.F.);
#220 = EDGE_CURVE('',#221,#213,#223,.T.);
#221 = VERTEX_POINT('',#222);
#222 = CARTESIAN_POINT('',(6.,0.,27.25));
#223 = LINE('',#224,#225);
#224 = CARTESIAN_POINT('',(3.,0.,27.25));
#225 = VECTOR('',#226,1.);
#226 = DIRECTION('',(1.,0.,-0.));
#227 = ORIENTED_EDGE('',*,*,#228,.T.);
#228 = EDGE_CURVE('',#221,#171,#229,.T.);
#229 = LINE('',#230,#231);
#230 = CARTESIAN_POINT('',(6.,0.,11.375));
#231 = VECTOR('',#232,1.);
#232 = DIRECTION('',(-0.,0.,-1.));
#233 = FACE_BOUND('',#234,.F.);
#234 = EDGE_LOOP('',(#235,#245,#253,#261,#269,#277,#285,#293));
#235 = ORIENTED_EDGE('',*,*,#236,.F.);
#236 = EDGE_CURVE('',#237,#239,#241,.T.);
#237 = VERTEX_POINT('',#238);
#238 = CARTESIAN_POINT('',(20.,0.,30.));
#239 = VERTEX_POINT('',#240);
#240 = CARTESIAN_POINT('',(23.8,0.,30.));
#241 = LINE('',#242,#243);
#242 = CARTESIAN_POINT('',(10.,0.,30.));
#243 = VECTOR('',#244,1.);
#244 = DIRECTION('',(1.,0.,-0.));
#245 = ORIENTED_EDGE('',*,*,#246,.T.);
#246 = EDGE_CURVE('',#237,#247,#249,.T.);
#247 = VERTEX_POINT('',#248);
#248 = CARTESIAN_POINT('',(20.,0.,20.));
#249 = LINE('',#250,#251);
#250 = CARTESIAN_POINT('',(20.,0.,10.));
#251 = VECTOR('',#252,1.);
#252 = DIRECTION('',(-0.,0.,-1.));
#253 = ORIENTED_EDGE('',*,*,#254,.T.);
#254 = EDGE_CURVE('',#247,#255,#257,.T.);
#255 = VERTEX_POINT('',#256);
#256 = CARTESIAN_POINT('',(27.6,0.,20.));
#257 = LINE('',#258,#259);
#258 = CARTESIAN_POINT('',(10.,0.,20.));
#259 = VECTOR('',#260,1.);
#260 = DIRECTION('',(1.,0.,-0.));
#261 = ORIENTED_EDGE('',*,*,#262,.F.);
#262 = EDGE_CURVE('',#263,#255,#265,.T.);
#263 = VERTEX_POINT('',#264);
#264 = CARTESIAN_POINT('',(27.6,0.,30.));
#265 = LINE('',#266,#267);
#266 = CARTESIAN_POINT('',(27.6,0.,10.));
#267 = VECTOR('',#268,1.);
#268 = DIRECTION('',(-0.,0.,-1.));
#269 = ORIENTED_EDGE('',*,*,#270,.F.);
#270 = EDGE_CURVE('',#271,#263,#273,.T.);
#271 = VERTEX_POINT('',#272);
#272 = CARTESIAN_POINT('',(26.4,0.,30.));
#273 = LINE('',#274,#275);
#274 = CARTESIAN_POINT('',(10.,0.,30.));
#275 = VECTOR('',#276,1.);
#276 = DIRECTION('',(1.,0.,-0.));
#277 = ORIENTED_EDGE('',*,*,#278,.T.);
#278 = EDGE_CURVE('',#271,#279,#281,.T.);
#279 = VERTEX_POINT('',#280);
#280 = CARTESIAN_POINT('',(26.4,0.,21.6513684387));
#281 = LINE('',#282,#283);
#282 = CARTESIAN_POINT('',(26.4,0.,10.82568421935));
#283 = VECTOR('',#284,1.);
#284 = DIRECTION('',(-0.,0.,-1.));
#285 = ORIENTED_EDGE('',*,*,#286,.F.);
#286 = EDGE_CURVE('',#287,#279,#289,.T.);
#287 = VERTEX_POINT('',#288);
#288 = CARTESIAN_POINT('',(23.8,0.,21.6513684387));
#289 = LINE('',#290,#291);
#290 = CARTESIAN_POINT('',(11.9,0.,21.6513684387));
#291 = VECTOR('',#292,1.);
#292 = DIRECTION('',(1.,0.,-0.));
#293 = ORIENTED_EDGE('',*,*,#294,.F.);
#294 = EDGE_CURVE('',#239,#287,#295,.T.);
#295 = LINE('',#296,#297);
#296 = CARTESIAN_POINT('',(23.8,0.,10.82568421935));
#297 = VECTOR('',#298,1.);
#298 = DIRECTION('',(-0.,0.,-1.));
#299 = FACE_BOUND('',#300,.F.);
#300 = EDGE_LOOP('',(#301));
#301 = ORIENTED_EDGE('',*,*,#302,.F.);
#302 = EDGE_CURVE('',#303,#303,#305,.T.);
#303 = VERTEX_POINT('',#304);
#304 = CARTESIAN_POINT('',(102.,0.,7.75));
#305 = CIRCLE('',#306,1.75);
#306 = AXIS2_PLACEMENT_3D('',#307,#308,#309);
#307 = CARTESIAN_POINT('',(102.,0.,6.));
#308 = DIRECTION('',(0.,1.,0.));
#309 = DIRECTION('',(0.,-0.,1.));
#310 = FACE_BOUND('',#311,.F.);
#311 = EDGE_LOOP('',(#312));
#312 = ORIENTED_EDGE('',*,*,#313,.F.);
#313 = EDGE_CURVE('',#314,#314,#316,.T.);
#314 = VERTEX_POINT('',#315);
#315 = CARTESIAN_POINT('',(114.,0.,11.3));
#316 = CIRCLE('',#317,2.3);
#317 = AXIS2_PLACEMENT_3D('',#318,#319,#320);
#318 = CARTESIAN_POINT('',(114.,0.,9.));
#319 = DIRECTION('',(0.,1.,0.));
#320 = DIRECTION('',(0.,-0.,1.));
#321 = FACE_BOUND('',#322,.F.);
#322 = EDGE_LOOP('',(#323));
#323 = ORIENTED_EDGE('',*,*,#324,.F.);
#324 = EDGE_CURVE('',#325,#325,#327,.T.);
#325 = VERTEX_POINT('',#326);
#326 = CARTESIAN_POINT('',(114.,0.,29.));
#327 = CIRCLE('',#328,4.);
#328 = AXIS2_PLACEMENT_3D('',#329,#330,#331);
#329 = CARTESIAN_POINT('',(114.,0.,25.));
#330 = DIRECTION('',(0.,1.,0.));
#331 = DIRECTION('',(0.,-0.,1.));
#332 = PLANE('',#333);
#333 = AXIS2_PLACEMENT_3D('',#334,#335,#336);
#334 = CARTESIAN_POINT('',(0.,0.,0.));
#335 = DIRECTION('',(-0.,1.,0.));
#336 = DIRECTION('',(0.,0.,1.));
#337 = ADVANCED_FACE('',(#338),#363,.F.);
#338 = FACE_BOUND('',#339,.F.);
#339 = EDGE_LOOP('',(#340,#350,#356,#357));
#340 = ORIENTED_EDGE('',*,*,#341,.F.);
#341 = EDGE_CURVE('',#342,#344,#346,.T.);
#342 = VERTEX_POINT('',#343);
#343 = CARTESIAN_POINT('',(0.,-2.5,14.));
#344 = VERTEX_POINT('',#345);
#345 = CARTESIAN_POINT('',(0.,-2.5,17.));
#346 = LINE('',#347,#348);
#347 = CARTESIAN_POINT('',(0.,-2.5,14.));
#348 = VECTOR('',#349,1.);
#349 = DIRECTION('',(0.,0.,1.));
#350 = ORIENTED_EDGE('',*,*,#351,.T.);
#351 = EDGE_CURVE('',#342,#24,#352,.T.);
#352 = LINE('',#353,#354);
#353 = CARTESIAN_POINT('',(0.,-2.5,14.));
#354 = VECTOR('',#355,1.);
#355 = DIRECTION('',(-0.,1.,0.));
#356 = ORIENTED_EDGE('',*,*,#63,.T.);
#357 = ORIENTED_EDGE('',*,*,#358,.F.);
#358 = EDGE_CURVE('',#344,#56,#359,.T.);
#359 = LINE('',#360,#361);
#360 = CARTESIAN_POINT('',(0.,-2.5,17.));
#361 = VECTOR('',#362,1.);
#362 = DIRECTION('',(-0.,1.,0.));
#363 = PLANE('',#364);
#364 = AXIS2_PLACEMENT_3D('',#365,#366,#367);
#365 = CARTESIAN_POINT('',(0.,-2.5,14.));
#366 = DIRECTION('',(1.,0.,-0.));
#367 = DIRECTION('',(0.,0.,1.));
#368 = ADVANCED_FACE('',(#369),#387,.T.);
#369 = FACE_BOUND('',#370,.T.);
#370 = EDGE_LOOP('',(#371,#379,#380,#381));
#371 = ORIENTED_EDGE('',*,*,#372,.F.);
#372 = EDGE_CURVE('',#40,#373,#375,.T.);
#373 = VERTEX_POINT('',#374);
#374 = CARTESIAN_POINT('',(108.5,3.,35.));
#375 = LINE('',#376,#377);
#376 = CARTESIAN_POINT('',(0.,3.,35.));
#377 = VECTOR('',#378,1.);
#378 = DIRECTION('',(1.,0.,-0.));
#379 = ORIENTED_EDGE('',*,*,#47,.F.);
#380 = ORIENTED_EDGE('',*,*,#125,.T.);
#381 = ORIENTED_EDGE('',*,*,#382,.T.);
#382 = EDGE_CURVE('',#126,#373,#383,.T.);
#383 = LINE('',#384,#385);
#384 = CARTESIAN_POINT('',(108.5,0.,35.));
#385 = VECTOR('',#386,1.);
#386 = DIRECTION('',(-0.,1.,0.));
#387 = PLANE('',#388);
#388 = AXIS2_PLACEMENT_3D('',#389,#390,#391);
#389 = CARTESIAN_POINT('',(0.,0.,35.));
#390 = DIRECTION('',(0.,0.,1.));
#391 = DIRECTION('',(1.,0.,-0.));
#392 = ADVANCED_FACE('',(#393,#443,#454,#522,#556,#567,#578,#612),#623,
  .T.);
#393 = FACE_BOUND('',#394,.T.);
#394 = EDGE_LOOP('',(#395,#405,#411,#412,#413,#421,#429,#437));
#395 = ORIENTED_EDGE('',*,*,#396,.F.);
#396 = EDGE_CURVE('',#397,#399,#401,.T.);
#397 = VERTEX_POINT('',#398);
#398 = CARTESIAN_POINT('',(120.,3.,0.));
#399 = VERTEX_POINT('',#400);
#400 = CARTESIAN_POINT('',(120.,3.,35.));
#401 = LINE('',#402,#403);
#402 = CARTESIAN_POINT('',(120.,3.,0.));
#403 = VECTOR('',#404,1.);
#404 = DIRECTION('',(0.,0.,1.));
#405 = ORIENTED_EDGE('',*,*,#406,.F.);
#406 = EDGE_CURVE('',#32,#397,#407,.T.);
#407 = LINE('',#408,#409);
#408 = CARTESIAN_POINT('',(0.,3.,0.));
#409 = VECTOR('',#410,1.);
#410 = DIRECTION('',(1.,0.,-0.));
#411 = ORIENTED_EDGE('',*,*,#39,.T.);
#412 = ORIENTED_EDGE('',*,*,#372,.T.);
#413 = ORIENTED_EDGE('',*,*,#414,.F.);
#414 = EDGE_CURVE('',#415,#373,#417,.T.);
#415 = VERTEX_POINT('',#416);
#416 = CARTESIAN_POINT('',(108.5,3.,34.8));
#417 = LINE('',#418,#419);
#418 = CARTESIAN_POINT('',(108.5,3.,34.8));
#419 = VECTOR('',#420,1.);
#420 = DIRECTION('',(0.,0.,1.));
#421 = ORIENTED_EDGE('',*,*,#422,.T.);
#422 = EDGE_CURVE('',#415,#423,#425,.T.);
#423 = VERTEX_POINT('',#424);
#424 = CARTESIAN_POINT('',(119.5,3.,34.8));
#425 = LINE('',#426,#427);
#426 = CARTESIAN_POINT('',(108.5,3.,34.8));
#427 = VECTOR('',#428,1.);
#428 = DIRECTION('',(1.,0.,-0.));
#429 = ORIENTED_EDGE('',*,*,#430,.T.);
#430 = EDGE_CURVE('',#423,#431,#433,.T.);
#431 = VERTEX_POINT('',#432);
#432 = CARTESIAN_POINT('',(119.5,3.,35.));
#433 = LINE('',#434,#435);
#434 = CARTESIAN_POINT('',(119.5,3.,34.8));
#435 = VECTOR('',#436,1.);
#436 = DIRECTION('',(0.,0.,1.));
#437 = ORIENTED_EDGE('',*,*,#438,.T.);
#438 = EDGE_CURVE('',#431,#399,#439,.T.);
#439 = LINE('',#440,#441);
#440 = CARTESIAN_POINT('',(0.,3.,35.));
#441 = VECTOR('',#442,1.);
#442 = DIRECTION('',(1.,0.,-0.));
#443 = FACE_BOUND('',#444,.T.);
#444 = EDGE_LOOP('',(#445));
#445 = ORIENTED_EDGE('',*,*,#446,.F.);
#446 = EDGE_CURVE('',#447,#447,#449,.T.);
#447 = VERTEX_POINT('',#448);
#448 = CARTESIAN_POINT('',(18.,3.,7.75));
#449 = CIRCLE('',#450,1.75);
#450 = AXIS2_PLACEMENT_3D('',#451,#452,#453);
#451 = CARTESIAN_POINT('',(18.,3.,6.));
#452 = DIRECTION('',(0.,1.,0.));
#453 = DIRECTION('',(0.,-0.,1.));
#454 = FACE_BOUND('',#455,.T.);
#455 = EDGE_LOOP('',(#456,#467,#475,#483,#491,#500,#508,#516));
#456 = ORIENTED_EDGE('',*,*,#457,.F.);
#457 = EDGE_CURVE('',#458,#460,#462,.T.);
#458 = VERTEX_POINT('',#459);
#459 = CARTESIAN_POINT('',(6.,3.,22.7639320225));
#460 = VERTEX_POINT('',#461);
#461 = CARTESIAN_POINT('',(6.,3.,27.2360679775));
#462 = CIRCLE('',#463,2.25);
#463 = AXIS2_PLACEMENT_3D('',#464,#465,#466);
#464 = CARTESIAN_POINT('',(6.25,3.,25.));
#465 = DIRECTION('',(0.,1.,0.));
#466 = DIRECTION('',(0.,-0.,1.));
#467 = ORIENTED_EDGE('',*,*,#468,.T.);
#468 = EDGE_CURVE('',#458,#469,#471,.T.);
#469 = VERTEX_POINT('',#470);
#470 = CARTESIAN_POINT('',(6.,3.,22.75));
#471 = LINE('',#472,#473);
#472 = CARTESIAN_POINT('',(6.,3.,11.375));
#473 = VECTOR('',#474,1.);
#474 = DIRECTION('',(-0.,0.,-1.));
#475 = ORIENTED_EDGE('',*,*,#476,.T.);
#476 = EDGE_CURVE('',#469,#477,#479,.T.);
#477 = VERTEX_POINT('',#478);
#478 = CARTESIAN_POINT('',(6.25,3.,22.75));
#479 = LINE('',#480,#481);
#480 = CARTESIAN_POINT('',(3.,3.,22.75));
#481 = VECTOR('',#482,1.);
#482 = DIRECTION('',(1.,0.,-0.));
#483 = ORIENTED_EDGE('',*,*,#484,.T.);
#484 = EDGE_CURVE('',#477,#485,#487,.T.);
#485 = VERTEX_POINT('',#486);
#486 = CARTESIAN_POINT('',(14.,3.,22.75));
#487 = LINE('',#488,#489);
#488 = CARTESIAN_POINT('',(3.,3.,22.75));
#489 = VECTOR('',#490,1.);
#490 = DIRECTION('',(1.,0.,-0.));
#491 = ORIENTED_EDGE('',*,*,#492,.F.);
#492 = EDGE_CURVE('',#493,#485,#495,.T.);
#493 = VERTEX_POINT('',#494);
#494 = CARTESIAN_POINT('',(14.,3.,27.25));
#495 = CIRCLE('',#496,2.25);
#496 = AXIS2_PLACEMENT_3D('',#497,#498,#499);
#497 = CARTESIAN_POINT('',(14.,3.,25.));
#498 = DIRECTION('',(0.,1.,0.));
#499 = DIRECTION('',(0.,-0.,1.));
#500 = ORIENTED_EDGE('',*,*,#501,.F.);
#501 = EDGE_CURVE('',#502,#493,#504,.T.);
#502 = VERTEX_POINT('',#503);
#503 = CARTESIAN_POINT('',(6.25,3.,27.25));
#504 = LINE('',#505,#506);
#505 = CARTESIAN_POINT('',(3.,3.,27.25));
#506 = VECTOR('',#507,1.);
#507 = DIRECTION('',(1.,0.,-0.));
#508 = ORIENTED_EDGE('',*,*,#509,.F.);
#509 = EDGE_CURVE('',#510,#502,#512,.T.);
#510 = VERTEX_POINT('',#511);
#511 = CARTESIAN_POINT('',(6.,3.,27.25));
#512 = LINE('',#513,#514);
#513 = CARTESIAN_POINT('',(3.,3.,27.25));
#514 = VECTOR('',#515,1.);
#515 = DIRECTION('',(1.,0.,-0.));
#516 = ORIENTED_EDGE('',*,*,#517,.T.);
#517 = EDGE_CURVE('',#510,#460,#518,.T.);
#518 = LINE('',#519,#520);
#519 = CARTESIAN_POINT('',(6.,3.,11.375));
#520 = VECTOR('',#521,1.);
#521 = DIRECTION('',(-0.,0.,-1.));
#522 = FACE_BOUND('',#523,.T.);
#523 = EDGE_LOOP('',(#524,#534,#542,#550));
#524 = ORIENTED_EDGE('',*,*,#525,.F.);
#525 = EDGE_CURVE('',#526,#528,#530,.T.);
#526 = VERTEX_POINT('',#527);
#527 = CARTESIAN_POINT('',(29.6,3.,16.05));
#528 = VERTEX_POINT('',#529);
#529 = CARTESIAN_POINT('',(29.6,3.,17.75));
#530 = LINE('',#531,#532);
#531 = CARTESIAN_POINT('',(29.6,3.,16.05));
#532 = VECTOR('',#533,1.);
#533 = DIRECTION('',(0.,0.,1.));
#534 = ORIENTED_EDGE('',*,*,#535,.T.);
#535 = EDGE_CURVE('',#526,#536,#538,.T.);
#536 = VERTEX_POINT('',#537);
#537 = CARTESIAN_POINT('',(90.4,3.,16.05));
#538 = LINE('',#539,#540);
#539 = CARTESIAN_POINT('',(29.6,3.,16.05));
#540 = VECTOR('',#541,1.);
#541 = DIRECTION('',(1.,0.,-0.));
#542 = ORIENTED_EDGE('',*,*,#543,.T.);
#543 = EDGE_CURVE('',#536,#544,#546,.T.);
#544 = VERTEX_POINT('',#545);
#545 = CARTESIAN_POINT('',(90.4,3.,17.75));
#546 = LINE('',#547,#548);
#547 = CARTESIAN_POINT('',(90.4,3.,16.05));
#548 = VECTOR('',#549,1.);
#549 = DIRECTION('',(0.,0.,1.));
#550 = ORIENTED_EDGE('',*,*,#551,.F.);
#551 = EDGE_CURVE('',#528,#544,#552,.T.);
#552 = LINE('',#553,#554);
#553 = CARTESIAN_POINT('',(29.6,3.,17.75));
#554 = VECTOR('',#555,1.);
#555 = DIRECTION('',(1.,0.,-0.));
#556 = FACE_BOUND('',#557,.T.);
#557 = EDGE_LOOP('',(#558));
#558 = ORIENTED_EDGE('',*,*,#559,.F.);
#559 = EDGE_CURVE('',#560,#560,#562,.T.);
#560 = VERTEX_POINT('',#561);
#561 = CARTESIAN_POINT('',(102.,3.,7.75));
#562 = CIRCLE('',#563,1.75);
#563 = AXIS2_PLACEMENT_3D('',#564,#565,#566);
#564 = CARTESIAN_POINT('',(102.,3.,6.));
#565 = DIRECTION('',(0.,1.,0.));
#566 = DIRECTION('',(0.,-0.,1.));
#567 = FACE_BOUND('',#568,.T.);
#568 = EDGE_LOOP('',(#569));
#569 = ORIENTED_EDGE('',*,*,#570,.F.);
#570 = EDGE_CURVE('',#571,#571,#573,.T.);
#571 = VERTEX_POINT('',#572);
#572 = CARTESIAN_POINT('',(114.,3.,14.214656965084));
#573 = CIRCLE('',#574,5.214656965084);
#574 = AXIS2_PLACEMENT_3D('',#575,#576,#577);
#575 = CARTESIAN_POINT('',(114.,3.,9.));
#576 = DIRECTION('',(0.,1.,0.));
#577 = DIRECTION('',(0.,-0.,1.));
#578 = FACE_BOUND('',#579,.T.);
#579 = EDGE_LOOP('',(#580,#590,#598,#606));
#580 = ORIENTED_EDGE('',*,*,#581,.F.);
#581 = EDGE_CURVE('',#582,#584,#586,.T.);
#582 = VERTEX_POINT('',#583);
#583 = CARTESIAN_POINT('',(24.572908596731,3.,27.6));
#584 = VERTEX_POINT('',#585);
#585 = CARTESIAN_POINT('',(24.572908596731,3.,29.3));
#586 = LINE('',#587,#588);
#587 = CARTESIAN_POINT('',(24.572908596731,3.,27.6));
#588 = VECTOR('',#589,1.);
#589 = DIRECTION('',(0.,0.,1.));
#590 = ORIENTED_EDGE('',*,*,#591,.T.);
#591 = EDGE_CURVE('',#582,#592,#594,.T.);
#592 = VERTEX_POINT('',#593);
#593 = CARTESIAN_POINT('',(105.00728670836,3.,27.6));
#594 = LINE('',#595,#596);
#595 = CARTESIAN_POINT('',(24.572908596731,3.,27.6));
#596 = VECTOR('',#597,1.);
#597 = DIRECTION('',(1.,0.,-0.));
#598 = ORIENTED_EDGE('',*,*,#599,.T.);
#599 = EDGE_CURVE('',#592,#600,#602,.T.);
#600 = VERTEX_POINT('',#601);
#601 = CARTESIAN_POINT('',(105.00728670836,3.,29.3));
#602 = LINE('',#603,#604);
#603 = CARTESIAN_POINT('',(105.00728670836,3.,27.6));
#604 = VECTOR('',#605,1.);
#605 = DIRECTION('',(0.,0.,1.));
#606 = ORIENTED_EDGE('',*,*,#607,.F.);
#607 = EDGE_CURVE('',#584,#600,#608,.T.);
#608 = LINE('',#609,#610);
#609 = CARTESIAN_POINT('',(24.572908596731,3.,29.3));
#610 = VECTOR('',#611,1.);
#611 = DIRECTION('',(1.,0.,-0.));
#612 = FACE_BOUND('',#613,.T.);
#613 = EDGE_LOOP('',(#614));
#614 = ORIENTED_EDGE('',*,*,#615,.F.);
#615 = EDGE_CURVE('',#616,#616,#618,.T.);
#616 = VERTEX_POINT('',#617);
#617 = CARTESIAN_POINT('',(114.,3.,29.));
#618 = CIRCLE('',#619,4.);
#619 = AXIS2_PLACEMENT_3D('',#620,#621,#622);
#620 = CARTESIAN_POINT('',(114.,3.,25.));
#621 = DIRECTION('',(0.,1.,0.));
#622 = DIRECTION('',(0.,-0.,1.));
#623 = PLANE('',#624);
#624 = AXIS2_PLACEMENT_3D('',#625,#626,#627);
#625 = CARTESIAN_POINT('',(0.,3.,0.));
#626 = DIRECTION('',(-0.,1.,0.));
#627 = DIRECTION('',(0.,0.,1.));
#628 = ADVANCED_FACE('',(#629),#640,.F.);
#629 = FACE_BOUND('',#630,.F.);
#630 = EDGE_LOOP('',(#631,#632,#633,#639));
#631 = ORIENTED_EDGE('',*,*,#31,.F.);
#632 = ORIENTED_EDGE('',*,*,#95,.T.);
#633 = ORIENTED_EDGE('',*,*,#634,.T.);
#634 = EDGE_CURVE('',#88,#397,#635,.T.);
#635 = LINE('',#636,#637);
#636 = CARTESIAN_POINT('',(120.,0.,0.));
#637 = VECTOR('',#638,1.);
#638 = DIRECTION('',(-0.,1.,0.));
#639 = ORIENTED_EDGE('',*,*,#406,.F.);
#640 = PLANE('',#641);
#641 = AXIS2_PLACEMENT_3D('',#642,#643,#644);
#642 = CARTESIAN_POINT('',(0.,0.,0.));
#643 = DIRECTION('',(0.,0.,1.));
#644 = DIRECTION('',(1.,0.,-0.));
#645 = ADVANCED_FACE('',(#646),#662,.T.);
#646 = FACE_BOUND('',#647,.T.);
#647 = EDGE_LOOP('',(#648,#649,#655,#656));
#648 = ORIENTED_EDGE('',*,*,#438,.F.);
#649 = ORIENTED_EDGE('',*,*,#650,.F.);
#650 = EDGE_CURVE('',#78,#431,#651,.T.);
#651 = LINE('',#652,#653);
#652 = CARTESIAN_POINT('',(119.5,0.,35.));
#653 = VECTOR('',#654,1.);
#654 = DIRECTION('',(-0.,1.,0.));
#655 = ORIENTED_EDGE('',*,*,#77,.T.);
#656 = ORIENTED_EDGE('',*,*,#657,.T.);
#657 = EDGE_CURVE('',#80,#399,#658,.T.);
#658 = LINE('',#659,#660);
#659 = CARTESIAN_POINT('',(120.,0.,35.));
#660 = VECTOR('',#661,1.);
#661 = DIRECTION('',(-0.,1.,0.));
#662 = PLANE('',#663);
#663 = AXIS2_PLACEMENT_3D('',#664,#665,#666);
#664 = CARTESIAN_POINT('',(0.,0.,35.));
#665 = DIRECTION('',(0.,0.,1.));
#666 = DIRECTION('',(1.,0.,-0.));
#667 = ADVANCED_FACE('',(#668),#679,.F.);
#668 = FACE_BOUND('',#669,.F.);
#669 = EDGE_LOOP('',(#670,#676,#677,#678));
#670 = ORIENTED_EDGE('',*,*,#671,.T.);
#671 = EDGE_CURVE('',#126,#78,#672,.T.);
#672 = LINE('',#673,#674);
#673 = CARTESIAN_POINT('',(0.,0.,35.));
#674 = VECTOR('',#675,1.);
#675 = DIRECTION('',(1.,0.,-0.));
#676 = ORIENTED_EDGE('',*,*,#149,.F.);
#677 = ORIENTED_EDGE('',*,*,#141,.F.);
#678 = ORIENTED_EDGE('',*,*,#133,.T.);
#679 = PLANE('',#680);
#680 = AXIS2_PLACEMENT_3D('',#681,#682,#683);
#681 = CARTESIAN_POINT('',(0.,0.,0.));
#682 = DIRECTION('',(-0.,1.,0.));
#683 = DIRECTION('',(0.,0.,1.));
#684 = ADVANCED_FACE('',(#685),#691,.T.);
#685 = FACE_BOUND('',#686,.T.);
#686 = EDGE_LOOP('',(#687,#688,#689,#690));
#687 = ORIENTED_EDGE('',*,*,#87,.F.);
#688 = ORIENTED_EDGE('',*,*,#634,.T.);
#689 = ORIENTED_EDGE('',*,*,#396,.T.);
#690 = ORIENTED_EDGE('',*,*,#657,.F.);
#691 = PLANE('',#692);
#692 = AXIS2_PLACEMENT_3D('',#693,#694,#695);
#693 = CARTESIAN_POINT('',(120.,0.,0.));
#694 = DIRECTION('',(1.,0.,-0.));
#695 = DIRECTION('',(0.,0.,1.));
#696 = ADVANCED_FACE('',(#697),#715,.F.);
#697 = FACE_BOUND('',#698,.F.);
#698 = EDGE_LOOP('',(#699,#700,#708,#714));
#699 = ORIENTED_EDGE('',*,*,#351,.F.);
#700 = ORIENTED_EDGE('',*,*,#701,.T.);
#701 = EDGE_CURVE('',#342,#702,#704,.T.);
#702 = VERTEX_POINT('',#703);
#703 = CARTESIAN_POINT('',(22.,-2.5,14.));
#704 = LINE('',#705,#706);
#705 = CARTESIAN_POINT('',(0.,-2.5,14.));
#706 = VECTOR('',#707,1.);
#707 = DIRECTION('',(1.,0.,-0.));
#708 = ORIENTED_EDGE('',*,*,#709,.T.);
#709 = EDGE_CURVE('',#702,#103,#710,.T.);
#710 = LINE('',#711,#712);
#711 = CARTESIAN_POINT('',(22.,-2.5,14.));
#712 = VECTOR('',#713,1.);
#713 = DIRECTION('',(-0.,1.,0.));
#714 = ORIENTED_EDGE('',*,*,#102,.F.);
#715 = PLANE('',#716);
#716 = AXIS2_PLACEMENT_3D('',#717,#718,#719);
#717 = CARTESIAN_POINT('',(0.,-2.5,14.));
#718 = DIRECTION('',(0.,0.,1.));
#719 = DIRECTION('',(1.,0.,-0.));
#720 = ADVANCED_FACE('',(#721),#739,.T.);
#721 = FACE_BOUND('',#722,.T.);
#722 = EDGE_LOOP('',(#723,#731,#732,#733));
#723 = ORIENTED_EDGE('',*,*,#724,.F.);
#724 = EDGE_CURVE('',#702,#725,#727,.T.);
#725 = VERTEX_POINT('',#726);
#726 = CARTESIAN_POINT('',(22.,-2.5,17.));
#727 = LINE('',#728,#729);
#728 = CARTESIAN_POINT('',(22.,-2.5,14.));
#729 = VECTOR('',#730,1.);
#730 = DIRECTION('',(0.,0.,1.));
#731 = ORIENTED_EDGE('',*,*,#709,.T.);
#732 = ORIENTED_EDGE('',*,*,#110,.T.);
#733 = ORIENTED_EDGE('',*,*,#734,.F.);
#734 = EDGE_CURVE('',#725,#111,#735,.T.);
#735 = LINE('',#736,#737);
#736 = CARTESIAN_POINT('',(22.,-2.5,17.));
#737 = VECTOR('',#738,1.);
#738 = DIRECTION('',(-0.,1.,0.));
#739 = PLANE('',#740);
#740 = AXIS2_PLACEMENT_3D('',#741,#742,#743);
#741 = CARTESIAN_POINT('',(22.,-2.5,14.));
#742 = DIRECTION('',(1.,0.,-0.));
#743 = DIRECTION('',(0.,0.,1.));
#744 = ADVANCED_FACE('',(#745),#756,.T.);
#745 = FACE_BOUND('',#746,.T.);
#746 = EDGE_LOOP('',(#747,#748,#754,#755));
#747 = ORIENTED_EDGE('',*,*,#358,.F.);
#748 = ORIENTED_EDGE('',*,*,#749,.T.);
#749 = EDGE_CURVE('',#344,#725,#750,.T.);
#750 = LINE('',#751,#752);
#751 = CARTESIAN_POINT('',(0.,-2.5,17.));
#752 = VECTOR('',#753,1.);
#753 = DIRECTION('',(1.,0.,-0.));
#754 = ORIENTED_EDGE('',*,*,#734,.T.);
#755 = ORIENTED_EDGE('',*,*,#118,.F.);
#756 = PLANE('',#757);
#757 = AXIS2_PLACEMENT_3D('',#758,#759,#760);
#758 = CARTESIAN_POINT('',(0.,-2.5,17.));
#759 = DIRECTION('',(0.,0.,1.));
#760 = DIRECTION('',(1.,0.,-0.));
#761 = ADVANCED_FACE('',(#762),#773,.F.);
#762 = FACE_BOUND('',#763,.F.);
#763 = EDGE_LOOP('',(#764,#765,#771,#772));
#764 = ORIENTED_EDGE('',*,*,#446,.F.);
#765 = ORIENTED_EDGE('',*,*,#766,.F.);
#766 = EDGE_CURVE('',#158,#447,#767,.T.);
#767 = LINE('',#768,#769);
#768 = CARTESIAN_POINT('',(18.,-1.,7.75));
#769 = VECTOR('',#770,1.);
#770 = DIRECTION('',(0.,1.,0.));
#771 = ORIENTED_EDGE('',*,*,#157,.T.);
#772 = ORIENTED_EDGE('',*,*,#766,.T.);
#773 = CYLINDRICAL_SURFACE('',#774,1.75);
#774 = AXIS2_PLACEMENT_3D('',#775,#776,#777);
#775 = CARTESIAN_POINT('',(18.,-1.,6.));
#776 = DIRECTION('',(0.,1.,0.));
#777 = DIRECTION('',(0.,-0.,1.));
#778 = ADVANCED_FACE('',(#779),#795,.F.);
#779 = FACE_BOUND('',#780,.F.);
#780 = EDGE_LOOP('',(#781,#782,#788,#789));
#781 = ORIENTED_EDGE('',*,*,#168,.T.);
#782 = ORIENTED_EDGE('',*,*,#783,.T.);
#783 = EDGE_CURVE('',#171,#460,#784,.T.);
#784 = LINE('',#785,#786);
#785 = CARTESIAN_POINT('',(6.,-1.,27.2360679775));
#786 = VECTOR('',#787,1.);
#787 = DIRECTION('',(0.,1.,0.));
#788 = ORIENTED_EDGE('',*,*,#457,.F.);
#789 = ORIENTED_EDGE('',*,*,#790,.F.);
#790 = EDGE_CURVE('',#169,#458,#791,.T.);
#791 = LINE('',#792,#793);
#792 = CARTESIAN_POINT('',(6.,-1.,22.7639320225));
#793 = VECTOR('',#794,1.);
#794 = DIRECTION('',(0.,1.,0.));
#795 = CYLINDRICAL_SURFACE('',#796,2.25);
#796 = AXIS2_PLACEMENT_3D('',#797,#798,#799);
#797 = CARTESIAN_POINT('',(6.25,-1.,25.));
#798 = DIRECTION('',(0.,1.,0.));
#799 = DIRECTION('',(0.,-0.,1.));
#800 = ADVANCED_FACE('',(#801),#812,.T.);
#801 = FACE_BOUND('',#802,.T.);
#802 = EDGE_LOOP('',(#803,#804,#810,#811));
#803 = ORIENTED_EDGE('',*,*,#179,.T.);
#804 = ORIENTED_EDGE('',*,*,#805,.T.);
#805 = EDGE_CURVE('',#180,#469,#806,.T.);
#806 = LINE('',#807,#808);
#807 = CARTESIAN_POINT('',(6.,-1.,22.75));
#808 = VECTOR('',#809,1.);
#809 = DIRECTION('',(-0.,1.,0.));
#810 = ORIENTED_EDGE('',*,*,#468,.F.);
#811 = ORIENTED_EDGE('',*,*,#790,.F.);
#812 = PLANE('',#813);
#813 = AXIS2_PLACEMENT_3D('',#814,#815,#816);
#814 = CARTESIAN_POINT('',(6.,-1.,22.75));
#815 = DIRECTION('',(1.,0.,-0.));
#816 = DIRECTION('',(0.,0.,1.));
#817 = ADVANCED_FACE('',(#818),#829,.T.);
#818 = FACE_BOUND('',#819,.T.);
#819 = EDGE_LOOP('',(#820,#821,#822,#823));
#820 = ORIENTED_EDGE('',*,*,#228,.T.);
#821 = ORIENTED_EDGE('',*,*,#783,.T.);
#822 = ORIENTED_EDGE('',*,*,#517,.F.);
#823 = ORIENTED_EDGE('',*,*,#824,.F.);
#824 = EDGE_CURVE('',#221,#510,#825,.T.);
#825 = LINE('',#826,#827);
#826 = CARTESIAN_POINT('',(6.,-1.,27.25));
#827 = VECTOR('',#828,1.);
#828 = DIRECTION('',(-0.,1.,0.));
#829 = PLANE('',#830);
#830 = AXIS2_PLACEMENT_3D('',#831,#832,#833);
#831 = CARTESIAN_POINT('',(6.,-1.,22.75));
#832 = DIRECTION('',(1.,0.,-0.));
#833 = DIRECTION('',(0.,0.,1.));
#834 = ADVANCED_FACE('',(#835),#846,.T.);
#835 = FACE_BOUND('',#836,.T.);
#836 = EDGE_LOOP('',(#837,#838,#839,#840));
#837 = ORIENTED_EDGE('',*,*,#476,.F.);
#838 = ORIENTED_EDGE('',*,*,#805,.F.);
#839 = ORIENTED_EDGE('',*,*,#187,.T.);
#840 = ORIENTED_EDGE('',*,*,#841,.T.);
#841 = EDGE_CURVE('',#188,#477,#842,.T.);
#842 = LINE('',#843,#844);
#843 = CARTESIAN_POINT('',(6.25,-1.,22.75));
#844 = VECTOR('',#845,1.);
#845 = DIRECTION('',(0.,1.,0.));
#846 = PLANE('',#847);
#847 = AXIS2_PLACEMENT_3D('',#848,#849,#850);
#848 = CARTESIAN_POINT('',(6.,-1.,22.75));
#849 = DIRECTION('',(0.,0.,1.));
#850 = DIRECTION('',(1.,0.,-0.));
#851 = ADVANCED_FACE('',(#852),#863,.F.);
#852 = FACE_BOUND('',#853,.F.);
#853 = EDGE_LOOP('',(#854,#855,#856,#857));
#854 = ORIENTED_EDGE('',*,*,#509,.F.);
#855 = ORIENTED_EDGE('',*,*,#824,.F.);
#856 = ORIENTED_EDGE('',*,*,#220,.T.);
#857 = ORIENTED_EDGE('',*,*,#858,.T.);
#858 = EDGE_CURVE('',#213,#502,#859,.T.);
#859 = LINE('',#860,#861);
#860 = CARTESIAN_POINT('',(6.25,-1.,27.25));
#861 = VECTOR('',#862,1.);
#862 = DIRECTION('',(0.,1.,0.));
#863 = PLANE('',#864);
#864 = AXIS2_PLACEMENT_3D('',#865,#866,#867);
#865 = CARTESIAN_POINT('',(6.,-1.,27.25));
#866 = DIRECTION('',(0.,0.,1.));
#867 = DIRECTION('',(1.,0.,-0.));
#868 = ADVANCED_FACE('',(#869),#880,.T.);
#869 = FACE_BOUND('',#870,.T.);
#870 = EDGE_LOOP('',(#871,#872,#873,#874));
#871 = ORIENTED_EDGE('',*,*,#484,.F.);
#872 = ORIENTED_EDGE('',*,*,#841,.F.);
#873 = ORIENTED_EDGE('',*,*,#195,.T.);
#874 = ORIENTED_EDGE('',*,*,#875,.T.);
#875 = EDGE_CURVE('',#196,#485,#876,.T.);
#876 = LINE('',#877,#878);
#877 = CARTESIAN_POINT('',(14.,-1.,22.75));
#878 = VECTOR('',#879,1.);
#879 = DIRECTION('',(-0.,1.,0.));
#880 = PLANE('',#881);
#881 = AXIS2_PLACEMENT_3D('',#882,#883,#884);
#882 = CARTESIAN_POINT('',(6.,-1.,22.75));
#883 = DIRECTION('',(0.,0.,1.));
#884 = DIRECTION('',(1.,0.,-0.));
#885 = ADVANCED_FACE('',(#886),#897,.F.);
#886 = FACE_BOUND('',#887,.F.);
#887 = EDGE_LOOP('',(#888,#889,#890,#891));
#888 = ORIENTED_EDGE('',*,*,#501,.F.);
#889 = ORIENTED_EDGE('',*,*,#858,.F.);
#890 = ORIENTED_EDGE('',*,*,#212,.T.);
#891 = ORIENTED_EDGE('',*,*,#892,.T.);
#892 = EDGE_CURVE('',#204,#493,#893,.T.);
#893 = LINE('',#894,#895);
#894 = CARTESIAN_POINT('',(14.,-1.,27.25));
#895 = VECTOR('',#896,1.);
#896 = DIRECTION('',(-0.,1.,0.));
#897 = PLANE('',#898);
#898 = AXIS2_PLACEMENT_3D('',#899,#900,#901);
#899 = CARTESIAN_POINT('',(6.,-1.,27.25));
#900 = DIRECTION('',(0.,0.,1.));
#901 = DIRECTION('',(1.,0.,-0.));
#902 = ADVANCED_FACE('',(#903),#909,.F.);
#903 = FACE_BOUND('',#904,.F.);
#904 = EDGE_LOOP('',(#905,#906,#907,#908));
#905 = ORIENTED_EDGE('',*,*,#492,.F.);
#906 = ORIENTED_EDGE('',*,*,#892,.F.);
#907 = ORIENTED_EDGE('',*,*,#203,.T.);
#908 = ORIENTED_EDGE('',*,*,#875,.T.);
#909 = CYLINDRICAL_SURFACE('',#910,2.25);
#910 = AXIS2_PLACEMENT_3D('',#911,#912,#913);
#911 = CARTESIAN_POINT('',(14.,-1.,25.));
#912 = DIRECTION('',(0.,1.,0.));
#913 = DIRECTION('',(0.,-0.,1.));
#914 = ADVANCED_FACE('',(#915),#963,.T.);
#915 = FACE_BOUND('',#916,.T.);
#916 = EDGE_LOOP('',(#917,#925,#933,#939,#940,#948,#956,#962));
#917 = ORIENTED_EDGE('',*,*,#918,.F.);
#918 = EDGE_CURVE('',#919,#237,#921,.T.);
#919 = VERTEX_POINT('',#920);
#920 = CARTESIAN_POINT('',(20.,-7.5,30.));
#921 = LINE('',#922,#923);
#922 = CARTESIAN_POINT('',(20.,-7.5,30.));
#923 = VECTOR('',#924,1.);
#924 = DIRECTION('',(-0.,1.,0.));
#925 = ORIENTED_EDGE('',*,*,#926,.T.);
#926 = EDGE_CURVE('',#919,#927,#929,.T.);
#927 = VERTEX_POINT('',#928);
#928 = CARTESIAN_POINT('',(27.6,-7.5,30.));
#929 = LINE('',#930,#931);
#930 = CARTESIAN_POINT('',(20.,-7.5,30.));
#931 = VECTOR('',#932,1.);
#932 = DIRECTION('',(1.,0.,-0.));
#933 = ORIENTED_EDGE('',*,*,#934,.T.);
#934 = EDGE_CURVE('',#927,#263,#935,.T.);
#935 = LINE('',#936,#937);
#936 = CARTESIAN_POINT('',(27.6,-7.5,30.));
#937 = VECTOR('',#938,1.);
#938 = DIRECTION('',(-0.,1.,0.));
#939 = ORIENTED_EDGE('',*,*,#270,.F.);
#940 = ORIENTED_EDGE('',*,*,#941,.F.);
#941 = EDGE_CURVE('',#942,#271,#944,.T.);
#942 = VERTEX_POINT('',#943);
#943 = CARTESIAN_POINT('',(26.4,-6.3486315613,30.));
#944 = LINE('',#945,#946);
#945 = CARTESIAN_POINT('',(26.4,-6.92431578065,30.));
#946 = VECTOR('',#947,1.);
#947 = DIRECTION('',(-0.,1.,0.));
#948 = ORIENTED_EDGE('',*,*,#949,.T.);
#949 = EDGE_CURVE('',#942,#950,#952,.T.);
#950 = VERTEX_POINT('',#951);
#951 = CARTESIAN_POINT('',(23.8,-6.3486315613,30.));
#952 = LINE('',#953,#954);
#953 = CARTESIAN_POINT('',(21.9,-6.3486315613,30.));
#954 = VECTOR('',#955,1.);
#955 = DIRECTION('',(-1.,-0.,0.));
#956 = ORIENTED_EDGE('',*,*,#957,.T.);
#957 = EDGE_CURVE('',#950,#239,#958,.T.);
#958 = LINE('',#959,#960);
#959 = CARTESIAN_POINT('',(23.8,-6.92431578065,30.));
#960 = VECTOR('',#961,1.);
#961 = DIRECTION('',(-0.,1.,0.));
#962 = ORIENTED_EDGE('',*,*,#236,.F.);
#963 = PLANE('',#964);
#964 = AXIS2_PLACEMENT_3D('',#965,#966,#967);
#965 = CARTESIAN_POINT('',(20.,-7.5,30.));
#966 = DIRECTION('',(0.,0.,1.));
#967 = DIRECTION('',(1.,0.,-0.));
#968 = ADVANCED_FACE('',(#969,#995),#1043,.T.);
#969 = FACE_BOUND('',#970,.T.);
#970 = EDGE_LOOP('',(#971,#979,#987,#993,#994));
#971 = ORIENTED_EDGE('',*,*,#972,.F.);
#972 = EDGE_CURVE('',#973,#950,#975,.T.);
#973 = VERTEX_POINT('',#974);
#974 = CARTESIAN_POINT('',(23.8,-6.3486315613,21.6513684387));
#975 = LINE('',#976,#977);
#976 = CARTESIAN_POINT('',(23.8,-6.3486315613,21.6513684387));
#977 = VECTOR('',#978,1.);
#978 = DIRECTION('',(0.,0.,1.));
#979 = ORIENTED_EDGE('',*,*,#980,.T.);
#980 = EDGE_CURVE('',#973,#981,#983,.T.);
#981 = VERTEX_POINT('',#982);
#982 = CARTESIAN_POINT('',(23.8,-3.,21.6513684387));
#983 = LINE('',#984,#985);
#984 = CARTESIAN_POINT('',(23.8,-6.3486315613,21.6513684387));
#985 = VECTOR('',#986,1.);
#986 = DIRECTION('',(-0.,1.,0.));
#987 = ORIENTED_EDGE('',*,*,#988,.T.);
#988 = EDGE_CURVE('',#981,#287,#989,.T.);
#989 = LINE('',#990,#991);
#990 = CARTESIAN_POINT('',(23.8,-6.3486315613,21.6513684387));
#991 = VECTOR('',#992,1.);
#992 = DIRECTION('',(-0.,1.,0.));
#993 = ORIENTED_EDGE('',*,*,#294,.F.);
#994 = ORIENTED_EDGE('',*,*,#957,.F.);
#995 = FACE_BOUND('',#996,.T.);
#996 = EDGE_LOOP('',(#997,#1005,#1013,#1021,#1029,#1037));
#997 = ORIENTED_EDGE('',*,*,#998,.F.);
#998 = EDGE_CURVE('',#981,#999,#1001,.T.);
#999 = VERTEX_POINT('',#1000);
#1000 = CARTESIAN_POINT('',(23.8,-0.1,23.32568421935));
#1001 = LINE('',#1002,#1003);
#1002 = CARTESIAN_POINT('',(23.8,-3.,21.6513684387));
#1003 = VECTOR('',#1004,1.);
#1004 = DIRECTION('',(0.,0.866025403784,0.5));
#1005 = ORIENTED_EDGE('',*,*,#1006,.F.);
#1006 = EDGE_CURVE('',#1007,#981,#1009,.T.);
#1007 = VERTEX_POINT('',#1008);
#1008 = CARTESIAN_POINT('',(23.8,-5.9,23.32568421935));
#1009 = LINE('',#1010,#1011);
#1010 = CARTESIAN_POINT('',(23.8,-5.9,23.32568421935));
#1011 = VECTOR('',#1012,1.);
#1012 = DIRECTION('',(0.,0.866025403784,-0.5));
#1013 = ORIENTED_EDGE('',*,*,#1014,.F.);
#1014 = EDGE_CURVE('',#1015,#1007,#1017,.T.);
#1015 = VERTEX_POINT('',#1016);
#1016 = CARTESIAN_POINT('',(23.8,-5.9,26.67431578065));
#1017 = LINE('',#1018,#1019);
#1018 = CARTESIAN_POINT('',(23.8,-5.9,26.67431578065));
#1019 = VECTOR('',#1020,1.);
#1020 = DIRECTION('',(0.,2.652362326046E-16,-1.));
#1021 = ORIENTED_EDGE('',*,*,#1022,.F.);
#1022 = EDGE_CURVE('',#1023,#1015,#1025,.T.);
#1023 = VERTEX_POINT('',#1024);
#1024 = CARTESIAN_POINT('',(23.8,-3.,28.3486315613));
#1025 = LINE('',#1026,#1027);
#1026 = CARTESIAN_POINT('',(23.8,-3.,28.3486315613));
#1027 = VECTOR('',#1028,1.);
#1028 = DIRECTION('',(0.,-0.866025403784,-0.5));
#1029 = ORIENTED_EDGE('',*,*,#1030,.F.);
#1030 = EDGE_CURVE('',#1031,#1023,#1033,.T.);
#1031 = VERTEX_POINT('',#1032);
#1032 = CARTESIAN_POINT('',(23.8,-0.1,26.67431578065));
#1033 = LINE('',#1034,#1035);
#1034 = CARTESIAN_POINT('',(23.8,-0.1,26.67431578065));
#1035 = VECTOR('',#1036,1.);
#1036 = DIRECTION('',(0.,-0.866025403784,0.5));
#1037 = ORIENTED_EDGE('',*,*,#1038,.F.);
#1038 = EDGE_CURVE('',#999,#1031,#1039,.T.);
#1039 = LINE('',#1040,#1041);
#1040 = CARTESIAN_POINT('',(23.8,-0.1,23.32568421935));
#1041 = VECTOR('',#1042,1.);
#1042 = DIRECTION('',(0.,3.978543489069E-16,1.));
#1043 = PLANE('',#1044);
#1044 = AXIS2_PLACEMENT_3D('',#1045,#1046,#1047);
#1045 = CARTESIAN_POINT('',(23.8,-6.3486315613,21.6513684387));
#1046 = DIRECTION('',(1.,0.,-0.));
#1047 = DIRECTION('',(0.,0.,1.));
#1048 = ADVANCED_FACE('',(#1049),#1067,.T.);
#1049 = FACE_BOUND('',#1050,.T.);
#1050 = EDGE_LOOP('',(#1051,#1052,#1060,#1066));
#1051 = ORIENTED_EDGE('',*,*,#988,.F.);
#1052 = ORIENTED_EDGE('',*,*,#1053,.T.);
#1053 = EDGE_CURVE('',#981,#1054,#1056,.T.);
#1054 = VERTEX_POINT('',#1055);
#1055 = CARTESIAN_POINT('',(26.4,-3.,21.6513684387));
#1056 = LINE('',#1057,#1058);
#1057 = CARTESIAN_POINT('',(23.8,-3.,21.6513684387));
#1058 = VECTOR('',#1059,1.);
#1059 = DIRECTION('',(1.,0.,0.));
#1060 = ORIENTED_EDGE('',*,*,#1061,.T.);
#1061 = EDGE_CURVE('',#1054,#279,#1062,.T.);
#1062 = LINE('',#1063,#1064);
#1063 = CARTESIAN_POINT('',(26.4,-6.3486315613,21.6513684387));
#1064 = VECTOR('',#1065,1.);
#1065 = DIRECTION('',(-0.,1.,0.));
#1066 = ORIENTED_EDGE('',*,*,#286,.F.);
#1067 = PLANE('',#1068);
#1068 = AXIS2_PLACEMENT_3D('',#1069,#1070,#1071);
#1069 = CARTESIAN_POINT('',(23.8,-6.3486315613,21.6513684387));
#1070 = DIRECTION('',(0.,0.,1.));
#1071 = DIRECTION('',(1.,0.,-0.));
#1072 = ADVANCED_FACE('',(#1073,#1092),#1140,.F.);
#1073 = FACE_BOUND('',#1074,.F.);
#1074 = EDGE_LOOP('',(#1075,#1083,#1089,#1090,#1091));
#1075 = ORIENTED_EDGE('',*,*,#1076,.F.);
#1076 = EDGE_CURVE('',#1077,#942,#1079,.T.);
#1077 = VERTEX_POINT('',#1078);
#1078 = CARTESIAN_POINT('',(26.4,-6.3486315613,21.6513684387));
#1079 = LINE('',#1080,#1081);
#1080 = CARTESIAN_POINT('',(26.4,-6.3486315613,21.6513684387));
#1081 = VECTOR('',#1082,1.);
#1082 = DIRECTION('',(0.,0.,1.));
#1083 = ORIENTED_EDGE('',*,*,#1084,.T.);
#1084 = EDGE_CURVE('',#1077,#1054,#1085,.T.);
#1085 = LINE('',#1086,#1087);
#1086 = CARTESIAN_POINT('',(26.4,-6.3486315613,21.6513684387));
#1087 = VECTOR('',#1088,1.);
#1088 = DIRECTION('',(-0.,1.,0.));
#1089 = ORIENTED_EDGE('',*,*,#1061,.T.);
#1090 = ORIENTED_EDGE('',*,*,#278,.F.);
#1091 = ORIENTED_EDGE('',*,*,#941,.F.);
#1092 = FACE_BOUND('',#1093,.F.);
#1093 = EDGE_LOOP('',(#1094,#1102,#1110,#1118,#1126,#1134));
#1094 = ORIENTED_EDGE('',*,*,#1095,.F.);
#1095 = EDGE_CURVE('',#1054,#1096,#1098,.T.);
#1096 = VERTEX_POINT('',#1097);
#1097 = CARTESIAN_POINT('',(26.4,-0.1,23.32568421935));
#1098 = LINE('',#1099,#1100);
#1099 = CARTESIAN_POINT('',(26.4,-3.,21.6513684387));
#1100 = VECTOR('',#1101,1.);
#1101 = DIRECTION('',(0.,0.866025403784,0.5));
#1102 = ORIENTED_EDGE('',*,*,#1103,.F.);
#1103 = EDGE_CURVE('',#1104,#1054,#1106,.T.);
#1104 = VERTEX_POINT('',#1105);
#1105 = CARTESIAN_POINT('',(26.4,-5.9,23.32568421935));
#1106 = LINE('',#1107,#1108);
#1107 = CARTESIAN_POINT('',(26.4,-5.9,23.32568421935));
#1108 = VECTOR('',#1109,1.);
#1109 = DIRECTION('',(0.,0.866025403784,-0.5));
#1110 = ORIENTED_EDGE('',*,*,#1111,.F.);
#1111 = EDGE_CURVE('',#1112,#1104,#1114,.T.);
#1112 = VERTEX_POINT('',#1113);
#1113 = CARTESIAN_POINT('',(26.4,-5.9,26.67431578065));
#1114 = LINE('',#1115,#1116);
#1115 = CARTESIAN_POINT('',(26.4,-5.9,26.67431578065));
#1116 = VECTOR('',#1117,1.);
#1117 = DIRECTION('',(0.,2.652362326046E-16,-1.));
#1118 = ORIENTED_EDGE('',*,*,#1119,.F.);
#1119 = EDGE_CURVE('',#1120,#1112,#1122,.T.);
#1120 = VERTEX_POINT('',#1121);
#1121 = CARTESIAN_POINT('',(26.4,-3.,28.3486315613));
#1122 = LINE('',#1123,#1124);
#1123 = CARTESIAN_POINT('',(26.4,-3.,28.3486315613));
#1124 = VECTOR('',#1125,1.);
#1125 = DIRECTION('',(0.,-0.866025403784,-0.5));
#1126 = ORIENTED_EDGE('',*,*,#1127,.F.);
#1127 = EDGE_CURVE('',#1128,#1120,#1130,.T.);
#1128 = VERTEX_POINT('',#1129);
#1129 = CARTESIAN_POINT('',(26.4,-0.1,26.67431578065));
#1130 = LINE('',#1131,#1132);
#1131 = CARTESIAN_POINT('',(26.4,-0.1,26.67431578065));
#1132 = VECTOR('',#1133,1.);
#1133 = DIRECTION('',(0.,-0.866025403784,0.5));
#1134 = ORIENTED_EDGE('',*,*,#1135,.F.);
#1135 = EDGE_CURVE('',#1096,#1128,#1136,.T.);
#1136 = LINE('',#1137,#1138);
#1137 = CARTESIAN_POINT('',(26.4,-0.1,23.32568421935));
#1138 = VECTOR('',#1139,1.);
#1139 = DIRECTION('',(0.,3.978543489069E-16,1.));
#1140 = PLANE('',#1141);
#1141 = AXIS2_PLACEMENT_3D('',#1142,#1143,#1144);
#1142 = CARTESIAN_POINT('',(26.4,-6.3486315613,21.6513684387));
#1143 = DIRECTION('',(1.,0.,-0.));
#1144 = DIRECTION('',(0.,0.,1.));
#1145 = ADVANCED_FACE('',(#1146,#1164),#1175,.T.);
#1146 = FACE_BOUND('',#1147,.T.);
#1147 = EDGE_LOOP('',(#1148,#1149,#1157,#1163));
#1148 = ORIENTED_EDGE('',*,*,#934,.F.);
#1149 = ORIENTED_EDGE('',*,*,#1150,.F.);
#1150 = EDGE_CURVE('',#1151,#927,#1153,.T.);
#1151 = VERTEX_POINT('',#1152);
#1152 = CARTESIAN_POINT('',(27.6,-7.5,20.));
#1153 = LINE('',#1154,#1155);
#1154 = CARTESIAN_POINT('',(27.6,-7.5,20.));
#1155 = VECTOR('',#1156,1.);
#1156 = DIRECTION('',(0.,0.,1.));
#1157 = ORIENTED_EDGE('',*,*,#1158,.T.);
#1158 = EDGE_CURVE('',#1151,#255,#1159,.T.);
#1159 = LINE('',#1160,#1161);
#1160 = CARTESIAN_POINT('',(27.6,-7.5,20.));
#1161 = VECTOR('',#1162,1.);
#1162 = DIRECTION('',(-0.,1.,0.));
#1163 = ORIENTED_EDGE('',*,*,#262,.F.);
#1164 = FACE_BOUND('',#1165,.T.);
#1165 = EDGE_LOOP('',(#1166));
#1166 = ORIENTED_EDGE('',*,*,#1167,.F.);
#1167 = EDGE_CURVE('',#1168,#1168,#1170,.T.);
#1168 = VERTEX_POINT('',#1169);
#1169 = CARTESIAN_POINT('',(27.6,-3.,26.75));
#1170 = CIRCLE('',#1171,1.75);
#1171 = AXIS2_PLACEMENT_3D('',#1172,#1173,#1174);
#1172 = CARTESIAN_POINT('',(27.6,-3.,25.));
#1173 = DIRECTION('',(1.,0.,0.));
#1174 = DIRECTION('',(-0.,0.,1.));
#1175 = PLANE('',#1176);
#1176 = AXIS2_PLACEMENT_3D('',#1177,#1178,#1179);
#1177 = CARTESIAN_POINT('',(27.6,-7.5,20.));
#1178 = DIRECTION('',(1.,0.,-0.));
#1179 = DIRECTION('',(0.,0.,1.));
#1180 = ADVANCED_FACE('',(#1181),#1199,.F.);
#1181 = FACE_BOUND('',#1182,.F.);
#1182 = EDGE_LOOP('',(#1183,#1191,#1197,#1198));
#1183 = ORIENTED_EDGE('',*,*,#1184,.F.);
#1184 = EDGE_CURVE('',#1185,#247,#1187,.T.);
#1185 = VERTEX_POINT('',#1186);
#1186 = CARTESIAN_POINT('',(20.,-7.5,20.));
#1187 = LINE('',#1188,#1189);
#1188 = CARTESIAN_POINT('',(20.,-7.5,20.));
#1189 = VECTOR('',#1190,1.);
#1190 = DIRECTION('',(-0.,1.,0.));
#1191 = ORIENTED_EDGE('',*,*,#1192,.T.);
#1192 = EDGE_CURVE('',#1185,#1151,#1193,.T.);
#1193 = LINE('',#1194,#1195);
#1194 = CARTESIAN_POINT('',(20.,-7.5,20.));
#1195 = VECTOR('',#1196,1.);
#1196 = DIRECTION('',(1.,0.,-0.));
#1197 = ORIENTED_EDGE('',*,*,#1158,.T.);
#1198 = ORIENTED_EDGE('',*,*,#254,.F.);
#1199 = PLANE('',#1200);
#1200 = AXIS2_PLACEMENT_3D('',#1201,#1202,#1203);
#1201 = CARTESIAN_POINT('',(20.,-7.5,20.));
#1202 = DIRECTION('',(0.,0.,1.));
#1203 = DIRECTION('',(1.,0.,-0.));
#1204 = ADVANCED_FACE('',(#1205,#1216),#1266,.F.);
#1205 = FACE_BOUND('',#1206,.F.);
#1206 = EDGE_LOOP('',(#1207,#1208,#1214,#1215));
#1207 = ORIENTED_EDGE('',*,*,#918,.F.);
#1208 = ORIENTED_EDGE('',*,*,#1209,.F.);
#1209 = EDGE_CURVE('',#1185,#919,#1210,.T.);
#1210 = LINE('',#1211,#1212);
#1211 = CARTESIAN_POINT('',(20.,-7.5,20.));
#1212 = VECTOR('',#1213,1.);
#1213 = DIRECTION('',(0.,0.,1.));
#1214 = ORIENTED_EDGE('',*,*,#1184,.T.);
#1215 = ORIENTED_EDGE('',*,*,#246,.F.);
#1216 = FACE_BOUND('',#1217,.F.);
#1217 = EDGE_LOOP('',(#1218,#1228,#1236,#1244,#1252,#1260));
#1218 = ORIENTED_EDGE('',*,*,#1219,.T.);
#1219 = EDGE_CURVE('',#1220,#1222,#1224,.T.);
#1220 = VERTEX_POINT('',#1221);
#1221 = CARTESIAN_POINT('',(20.,-5.9,26.67431578065));
#1222 = VERTEX_POINT('',#1223);
#1223 = CARTESIAN_POINT('',(20.,-3.,28.3486315613));
#1224 = LINE('',#1225,#1226);
#1225 = CARTESIAN_POINT('',(20.,-6.495031754731,26.33077403688));
#1226 = VECTOR('',#1227,1.);
#1227 = DIRECTION('',(0.,0.866025403784,0.5));
#1228 = ORIENTED_EDGE('',*,*,#1229,.T.);
#1229 = EDGE_CURVE('',#1222,#1230,#1232,.T.);
#1230 = VERTEX_POINT('',#1231);
#1231 = CARTESIAN_POINT('',(20.,-0.1,26.67431578065));
#1232 = LINE('',#1233,#1234);
#1233 = CARTESIAN_POINT('',(20.,-1.429968245269,27.44217330507));
#1234 = VECTOR('',#1235,1.);
#1235 = DIRECTION('',(-0.,0.866025403784,-0.5));
#1236 = ORIENTED_EDGE('',*,*,#1237,.T.);
#1237 = EDGE_CURVE('',#1230,#1238,#1240,.T.);
#1238 = VERTEX_POINT('',#1239);
#1239 = CARTESIAN_POINT('',(20.,-0.1,23.32568421935));
#1240 = LINE('',#1241,#1242);
#1241 = CARTESIAN_POINT('',(20.,-0.1,21.662842109675));
#1242 = VECTOR('',#1243,1.);
#1243 = DIRECTION('',(0.,-3.978543489069E-16,-1.));
#1244 = ORIENTED_EDGE('',*,*,#1245,.T.);
#1245 = EDGE_CURVE('',#1238,#1246,#1248,.T.);
#1246 = VERTEX_POINT('',#1247);
#1247 = CARTESIAN_POINT('',(20.,-3.,21.6513684387));
#1248 = LINE('',#1249,#1250);
#1249 = CARTESIAN_POINT('',(20.,-5.045031754731,20.470668804605));
#1250 = VECTOR('',#1251,1.);
#1251 = DIRECTION('',(0.,-0.866025403784,-0.5));
#1252 = ORIENTED_EDGE('',*,*,#1253,.T.);
#1253 = EDGE_CURVE('',#1246,#1254,#1256,.T.);
#1254 = VERTEX_POINT('',#1255);
#1255 = CARTESIAN_POINT('',(20.,-5.9,23.32568421935));
#1256 = LINE('',#1257,#1258);
#1257 = CARTESIAN_POINT('',(20.,-5.779968245269,23.256383853445));
#1258 = VECTOR('',#1259,1.);
#1259 = DIRECTION('',(0.,-0.866025403784,0.5));
#1260 = ORIENTED_EDGE('',*,*,#1261,.T.);
#1261 = EDGE_CURVE('',#1254,#1220,#1262,.T.);
#1262 = LINE('',#1263,#1264);
#1263 = CARTESIAN_POINT('',(20.,-5.9,23.337157890325));
#1264 = VECTOR('',#1265,1.);
#1265 = DIRECTION('',(0.,-2.652362326046E-16,1.));
#1266 = PLANE('',#1267);
#1267 = AXIS2_PLACEMENT_3D('',#1268,#1269,#1270);
#1268 = CARTESIAN_POINT('',(20.,-7.5,20.));
#1269 = DIRECTION('',(1.,0.,-0.));
#1270 = DIRECTION('',(0.,0.,1.));
#1271 = ADVANCED_FACE('',(#1272),#1283,.F.);
#1272 = FACE_BOUND('',#1273,.F.);
#1273 = EDGE_LOOP('',(#1274,#1275,#1281,#1282));
#1274 = ORIENTED_EDGE('',*,*,#559,.F.);
#1275 = ORIENTED_EDGE('',*,*,#1276,.F.);
#1276 = EDGE_CURVE('',#303,#560,#1277,.T.);
#1277 = LINE('',#1278,#1279);
#1278 = CARTESIAN_POINT('',(102.,-1.,7.75));
#1279 = VECTOR('',#1280,1.);
#1280 = DIRECTION('',(0.,1.,0.));
#1281 = ORIENTED_EDGE('',*,*,#302,.T.);
#1282 = ORIENTED_EDGE('',*,*,#1276,.T.);
#1283 = CYLINDRICAL_SURFACE('',#1284,1.75);
#1284 = AXIS2_PLACEMENT_3D('',#1285,#1286,#1287);
#1285 = CARTESIAN_POINT('',(102.,-1.,6.));
#1286 = DIRECTION('',(0.,1.,0.));
#1287 = DIRECTION('',(0.,-0.,1.));
#1288 = ADVANCED_FACE('',(#1289),#1308,.F.);
#1289 = FACE_BOUND('',#1290,.F.);
#1290 = EDGE_LOOP('',(#1291,#1300,#1306,#1307));
#1291 = ORIENTED_EDGE('',*,*,#1292,.F.);
#1292 = EDGE_CURVE('',#1293,#1293,#1295,.T.);
#1293 = VERTEX_POINT('',#1294);
#1294 = CARTESIAN_POINT('',(114.,1.2,11.3));
#1295 = CIRCLE('',#1296,2.3);
#1296 = AXIS2_PLACEMENT_3D('',#1297,#1298,#1299);
#1297 = CARTESIAN_POINT('',(114.,1.2,9.));
#1298 = DIRECTION('',(0.,1.,0.));
#1299 = DIRECTION('',(0.,-0.,1.));
#1300 = ORIENTED_EDGE('',*,*,#1301,.F.);
#1301 = EDGE_CURVE('',#314,#1293,#1302,.T.);
#1302 = LINE('',#1303,#1304);
#1303 = CARTESIAN_POINT('',(114.,-1.,11.3));
#1304 = VECTOR('',#1305,1.);
#1305 = DIRECTION('',(0.,1.,0.));
#1306 = ORIENTED_EDGE('',*,*,#313,.T.);
#1307 = ORIENTED_EDGE('',*,*,#1301,.T.);
#1308 = CYLINDRICAL_SURFACE('',#1309,2.3);
#1309 = AXIS2_PLACEMENT_3D('',#1310,#1311,#1312);
#1310 = CARTESIAN_POINT('',(114.,-1.,9.));
#1311 = DIRECTION('',(0.,1.,0.));
#1312 = DIRECTION('',(0.,-0.,1.));
#1313 = ADVANCED_FACE('',(#1314),#1325,.F.);
#1314 = FACE_BOUND('',#1315,.F.);
#1315 = EDGE_LOOP('',(#1316,#1317,#1323,#1324));
#1316 = ORIENTED_EDGE('',*,*,#615,.F.);
#1317 = ORIENTED_EDGE('',*,*,#1318,.F.);
#1318 = EDGE_CURVE('',#325,#616,#1319,.T.);
#1319 = LINE('',#1320,#1321);
#1320 = CARTESIAN_POINT('',(114.,-1.,29.));
#1321 = VECTOR('',#1322,1.);
#1322 = DIRECTION('',(0.,1.,0.));
#1323 = ORIENTED_EDGE('',*,*,#324,.T.);
#1324 = ORIENTED_EDGE('',*,*,#1318,.T.);
#1325 = CYLINDRICAL_SURFACE('',#1326,4.);
#1326 = AXIS2_PLACEMENT_3D('',#1327,#1328,#1329);
#1327 = CARTESIAN_POINT('',(114.,-1.,25.));
#1328 = DIRECTION('',(0.,1.,0.));
#1329 = DIRECTION('',(0.,-0.,1.));
#1330 = ADVANCED_FACE('',(#1331),#1337,.F.);
#1331 = FACE_BOUND('',#1332,.F.);
#1332 = EDGE_LOOP('',(#1333,#1334,#1335,#1336));
#1333 = ORIENTED_EDGE('',*,*,#701,.F.);
#1334 = ORIENTED_EDGE('',*,*,#341,.T.);
#1335 = ORIENTED_EDGE('',*,*,#749,.T.);
#1336 = ORIENTED_EDGE('',*,*,#724,.F.);
#1337 = PLANE('',#1338);
#1338 = AXIS2_PLACEMENT_3D('',#1339,#1340,#1341);
#1339 = CARTESIAN_POINT('',(0.,-2.5,14.));
#1340 = DIRECTION('',(-0.,1.,0.));
#1341 = DIRECTION('',(0.,0.,1.));
#1342 = ADVANCED_FACE('',(#1343),#1368,.F.);
#1343 = FACE_BOUND('',#1344,.F.);
#1344 = EDGE_LOOP('',(#1345,#1353,#1354,#1362));
#1345 = ORIENTED_EDGE('',*,*,#1346,.F.);
#1346 = EDGE_CURVE('',#126,#1347,#1349,.T.);
#1347 = VERTEX_POINT('',#1348);
#1348 = CARTESIAN_POINT('',(108.5,0.,46.5));
#1349 = LINE('',#1350,#1351);
#1350 = CARTESIAN_POINT('',(108.5,0.,34.8));
#1351 = VECTOR('',#1352,1.);
#1352 = DIRECTION('',(0.,0.,1.));
#1353 = ORIENTED_EDGE('',*,*,#382,.T.);
#1354 = ORIENTED_EDGE('',*,*,#1355,.T.);
#1355 = EDGE_CURVE('',#373,#1356,#1358,.T.);
#1356 = VERTEX_POINT('',#1357);
#1357 = CARTESIAN_POINT('',(108.5,3.,46.5));
#1358 = LINE('',#1359,#1360);
#1359 = CARTESIAN_POINT('',(108.5,3.,34.8));
#1360 = VECTOR('',#1361,1.);
#1361 = DIRECTION('',(0.,0.,1.));
#1362 = ORIENTED_EDGE('',*,*,#1363,.F.);
#1363 = EDGE_CURVE('',#1347,#1356,#1364,.T.);
#1364 = LINE('',#1365,#1366);
#1365 = CARTESIAN_POINT('',(108.5,0.,46.5));
#1366 = VECTOR('',#1367,1.);
#1367 = DIRECTION('',(-0.,1.,0.));
#1368 = PLANE('',#1369);
#1369 = AXIS2_PLACEMENT_3D('',#1370,#1371,#1372);
#1370 = CARTESIAN_POINT('',(108.5,0.,34.8));
#1371 = DIRECTION('',(1.,0.,-0.));
#1372 = DIRECTION('',(0.,0.,1.));
#1373 = ADVANCED_FACE('',(#1374),#1385,.T.);
#1374 = FACE_BOUND('',#1375,.T.);
#1375 = EDGE_LOOP('',(#1376,#1382,#1383,#1384));
#1376 = ORIENTED_EDGE('',*,*,#1377,.T.);
#1377 = EDGE_CURVE('',#373,#431,#1378,.T.);
#1378 = LINE('',#1379,#1380);
#1379 = CARTESIAN_POINT('',(0.,3.,35.));
#1380 = VECTOR('',#1381,1.);
#1381 = DIRECTION('',(1.,0.,-0.));
#1382 = ORIENTED_EDGE('',*,*,#430,.F.);
#1383 = ORIENTED_EDGE('',*,*,#422,.F.);
#1384 = ORIENTED_EDGE('',*,*,#414,.T.);
#1385 = PLANE('',#1386);
#1386 = AXIS2_PLACEMENT_3D('',#1387,#1388,#1389);
#1387 = CARTESIAN_POINT('',(0.,3.,0.));
#1388 = DIRECTION('',(-0.,1.,0.));
#1389 = DIRECTION('',(0.,0.,1.));
#1390 = ADVANCED_FACE('',(#1391),#1416,.T.);
#1391 = FACE_BOUND('',#1392,.T.);
#1392 = EDGE_LOOP('',(#1393,#1403,#1409,#1410));
#1393 = ORIENTED_EDGE('',*,*,#1394,.F.);
#1394 = EDGE_CURVE('',#1395,#1397,#1399,.T.);
#1395 = VERTEX_POINT('',#1396);
#1396 = CARTESIAN_POINT('',(29.6,1.8,16.05));
#1397 = VERTEX_POINT('',#1398);
#1398 = CARTESIAN_POINT('',(29.6,1.8,17.75));
#1399 = LINE('',#1400,#1401);
#1400 = CARTESIAN_POINT('',(29.6,1.8,16.05));
#1401 = VECTOR('',#1402,1.);
#1402 = DIRECTION('',(0.,0.,1.));
#1403 = ORIENTED_EDGE('',*,*,#1404,.T.);
#1404 = EDGE_CURVE('',#1395,#526,#1405,.T.);
#1405 = LINE('',#1406,#1407);
#1406 = CARTESIAN_POINT('',(29.6,1.8,16.05));
#1407 = VECTOR('',#1408,1.);
#1408 = DIRECTION('',(-0.,1.,0.));
#1409 = ORIENTED_EDGE('',*,*,#525,.T.);
#1410 = ORIENTED_EDGE('',*,*,#1411,.F.);
#1411 = EDGE_CURVE('',#1397,#528,#1412,.T.);
#1412 = LINE('',#1413,#1414);
#1413 = CARTESIAN_POINT('',(29.6,1.8,17.75));
#1414 = VECTOR('',#1415,1.);
#1415 = DIRECTION('',(-0.,1.,0.));
#1416 = PLANE('',#1417);
#1417 = AXIS2_PLACEMENT_3D('',#1418,#1419,#1420);
#1418 = CARTESIAN_POINT('',(29.6,1.8,16.05));
#1419 = DIRECTION('',(1.,0.,-0.));
#1420 = DIRECTION('',(0.,0.,1.));
#1421 = ADVANCED_FACE('',(#1422),#1440,.F.);
#1422 = FACE_BOUND('',#1423,.F.);
#1423 = EDGE_LOOP('',(#1424,#1425,#1433,#1439));
#1424 = ORIENTED_EDGE('',*,*,#1411,.F.);
#1425 = ORIENTED_EDGE('',*,*,#1426,.T.);
#1426 = EDGE_CURVE('',#1397,#1427,#1429,.T.);
#1427 = VERTEX_POINT('',#1428);
#1428 = CARTESIAN_POINT('',(90.4,1.8,17.75));
#1429 = LINE('',#1430,#1431);
#1430 = CARTESIAN_POINT('',(29.6,1.8,17.75));
#1431 = VECTOR('',#1432,1.);
#1432 = DIRECTION('',(1.,0.,-0.));
#1433 = ORIENTED_EDGE('',*,*,#1434,.T.);
#1434 = EDGE_CURVE('',#1427,#544,#1435,.T.);
#1435 = LINE('',#1436,#1437);
#1436 = CARTESIAN_POINT('',(90.4,1.8,17.75));
#1437 = VECTOR('',#1438,1.);
#1438 = DIRECTION('',(-0.,1.,0.));
#1439 = ORIENTED_EDGE('',*,*,#551,.F.);
#1440 = PLANE('',#1441);
#1441 = AXIS2_PLACEMENT_3D('',#1442,#1443,#1444);
#1442 = CARTESIAN_POINT('',(29.6,1.8,17.75));
#1443 = DIRECTION('',(0.,0.,1.));
#1444 = DIRECTION('',(1.,0.,-0.));
#1445 = ADVANCED_FACE('',(#1446),#1464,.F.);
#1446 = FACE_BOUND('',#1447,.F.);
#1447 = EDGE_LOOP('',(#1448,#1456,#1462,#1463));
#1448 = ORIENTED_EDGE('',*,*,#1449,.F.);
#1449 = EDGE_CURVE('',#1450,#1427,#1452,.T.);
#1450 = VERTEX_POINT('',#1451);
#1451 = CARTESIAN_POINT('',(90.4,1.8,16.05));
#1452 = LINE('',#1453,#1454);
#1453 = CARTESIAN_POINT('',(90.4,1.8,16.05));
#1454 = VECTOR('',#1455,1.);
#1455 = DIRECTION('',(0.,0.,1.));
#1456 = ORIENTED_EDGE('',*,*,#1457,.T.);
#1457 = EDGE_CURVE('',#1450,#536,#1458,.T.);
#1458 = LINE('',#1459,#1460);
#1459 = CARTESIAN_POINT('',(90.4,1.8,16.05));
#1460 = VECTOR('',#1461,1.);
#1461 = DIRECTION('',(-0.,1.,0.));
#1462 = ORIENTED_EDGE('',*,*,#543,.T.);
#1463 = ORIENTED_EDGE('',*,*,#1434,.F.);
#1464 = PLANE('',#1465);
#1465 = AXIS2_PLACEMENT_3D('',#1466,#1467,#1468);
#1466 = CARTESIAN_POINT('',(90.4,1.8,16.05));
#1467 = DIRECTION('',(1.,0.,-0.));
#1468 = DIRECTION('',(0.,0.,1.));
#1469 = ADVANCED_FACE('',(#1470),#1481,.T.);
#1470 = FACE_BOUND('',#1471,.T.);
#1471 = EDGE_LOOP('',(#1472,#1473,#1479,#1480));
#1472 = ORIENTED_EDGE('',*,*,#1404,.F.);
#1473 = ORIENTED_EDGE('',*,*,#1474,.T.);
#1474 = EDGE_CURVE('',#1395,#1450,#1475,.T.);
#1475 = LINE('',#1476,#1477);
#1476 = CARTESIAN_POINT('',(29.6,1.8,16.05));
#1477 = VECTOR('',#1478,1.);
#1478 = DIRECTION('',(1.,0.,-0.));
#1479 = ORIENTED_EDGE('',*,*,#1457,.T.);
#1480 = ORIENTED_EDGE('',*,*,#535,.F.);
#1481 = PLANE('',#1482);
#1482 = AXIS2_PLACEMENT_3D('',#1483,#1484,#1485);
#1483 = CARTESIAN_POINT('',(29.6,1.8,16.05));
#1484 = DIRECTION('',(0.,0.,1.));
#1485 = DIRECTION('',(1.,0.,-0.));
#1486 = ADVANCED_FACE('',(#1487),#1506,.T.);
#1487 = FACE_BOUND('',#1488,.T.);
#1488 = EDGE_LOOP('',(#1489,#1497,#1504,#1505));
#1489 = ORIENTED_EDGE('',*,*,#1490,.T.);
#1490 = EDGE_CURVE('',#571,#1491,#1493,.T.);
#1491 = VERTEX_POINT('',#1492);
#1492 = CARTESIAN_POINT('',(114.,4.6,14.214656965084));
#1493 = LINE('',#1494,#1495);
#1494 = CARTESIAN_POINT('',(114.,2.8,14.214656965084));
#1495 = VECTOR('',#1496,1.);
#1496 = DIRECTION('',(0.,1.,0.));
#1497 = ORIENTED_EDGE('',*,*,#1498,.F.);
#1498 = EDGE_CURVE('',#1491,#1491,#1499,.T.);
#1499 = CIRCLE('',#1500,5.214656965084);
#1500 = AXIS2_PLACEMENT_3D('',#1501,#1502,#1503);
#1501 = CARTESIAN_POINT('',(114.,4.6,9.));
#1502 = DIRECTION('',(0.,1.,0.));
#1503 = DIRECTION('',(0.,-0.,1.));
#1504 = ORIENTED_EDGE('',*,*,#1490,.F.);
#1505 = ORIENTED_EDGE('',*,*,#570,.T.);
#1506 = CYLINDRICAL_SURFACE('',#1507,5.214656965084);
#1507 = AXIS2_PLACEMENT_3D('',#1508,#1509,#1510);
#1508 = CARTESIAN_POINT('',(114.,2.8,9.));
#1509 = DIRECTION('',(0.,1.,0.));
#1510 = DIRECTION('',(0.,-0.,1.));
#1511 = ADVANCED_FACE('',(#1512),#1537,.T.);
#1512 = FACE_BOUND('',#1513,.T.);
#1513 = EDGE_LOOP('',(#1514,#1524,#1530,#1531));
#1514 = ORIENTED_EDGE('',*,*,#1515,.F.);
#1515 = EDGE_CURVE('',#1516,#1518,#1520,.T.);
#1516 = VERTEX_POINT('',#1517);
#1517 = CARTESIAN_POINT('',(24.572908596731,1.8,27.6));
#1518 = VERTEX_POINT('',#1519);
#1519 = CARTESIAN_POINT('',(24.572908596731,1.8,29.3));
#1520 = LINE('',#1521,#1522);
#1521 = CARTESIAN_POINT('',(24.572908596731,1.8,27.6));
#1522 = VECTOR('',#1523,1.);
#1523 = DIRECTION('',(0.,0.,1.));
#1524 = ORIENTED_EDGE('',*,*,#1525,.T.);
#1525 = EDGE_CURVE('',#1516,#582,#1526,.T.);
#1526 = LINE('',#1527,#1528);
#1527 = CARTESIAN_POINT('',(24.572908596731,1.8,27.6));
#1528 = VECTOR('',#1529,1.);
#1529 = DIRECTION('',(-0.,1.,0.));
#1530 = ORIENTED_EDGE('',*,*,#581,.T.);
#1531 = ORIENTED_EDGE('',*,*,#1532,.F.);
#1532 = EDGE_CURVE('',#1518,#584,#1533,.T.);
#1533 = LINE('',#1534,#1535);
#1534 = CARTESIAN_POINT('',(24.572908596731,1.8,29.3));
#1535 = VECTOR('',#1536,1.);
#1536 = DIRECTION('',(-0.,1.,0.));
#1537 = PLANE('',#1538);
#1538 = AXIS2_PLACEMENT_3D('',#1539,#1540,#1541);
#1539 = CARTESIAN_POINT('',(24.572908596731,1.8,27.6));
#1540 = DIRECTION('',(1.,0.,-0.));
#1541 = DIRECTION('',(0.,0.,1.));
#1542 = ADVANCED_FACE('',(#1543),#1561,.T.);
#1543 = FACE_BOUND('',#1544,.T.);
#1544 = EDGE_LOOP('',(#1545,#1546,#1554,#1560));
#1545 = ORIENTED_EDGE('',*,*,#1525,.F.);
#1546 = ORIENTED_EDGE('',*,*,#1547,.T.);
#1547 = EDGE_CURVE('',#1516,#1548,#1550,.T.);
#1548 = VERTEX_POINT('',#1549);
#1549 = CARTESIAN_POINT('',(105.00728670836,1.8,27.6));
#1550 = LINE('',#1551,#1552);
#1551 = CARTESIAN_POINT('',(24.572908596731,1.8,27.6));
#1552 = VECTOR('',#1553,1.);
#1553 = DIRECTION('',(1.,0.,-0.));
#1554 = ORIENTED_EDGE('',*,*,#1555,.T.);
#1555 = EDGE_CURVE('',#1548,#592,#1556,.T.);
#1556 = LINE('',#1557,#1558);
#1557 = CARTESIAN_POINT('',(105.00728670836,1.8,27.6));
#1558 = VECTOR('',#1559,1.);
#1559 = DIRECTION('',(-0.,1.,0.));
#1560 = ORIENTED_EDGE('',*,*,#591,.F.);
#1561 = PLANE('',#1562);
#1562 = AXIS2_PLACEMENT_3D('',#1563,#1564,#1565);
#1563 = CARTESIAN_POINT('',(24.572908596731,1.8,27.6));
#1564 = DIRECTION('',(0.,0.,1.));
#1565 = DIRECTION('',(1.,0.,-0.));
#1566 = ADVANCED_FACE('',(#1567),#1585,.F.);
#1567 = FACE_BOUND('',#1568,.F.);
#1568 = EDGE_LOOP('',(#1569,#1570,#1578,#1584));
#1569 = ORIENTED_EDGE('',*,*,#1532,.F.);
#1570 = ORIENTED_EDGE('',*,*,#1571,.T.);
#1571 = EDGE_CURVE('',#1518,#1572,#1574,.T.);
#1572 = VERTEX_POINT('',#1573);
#1573 = CARTESIAN_POINT('',(105.00728670836,1.8,29.3));
#1574 = LINE('',#1575,#1576);
#1575 = CARTESIAN_POINT('',(24.572908596731,1.8,29.3));
#1576 = VECTOR('',#1577,1.);
#1577 = DIRECTION('',(1.,0.,-0.));
#1578 = ORIENTED_EDGE('',*,*,#1579,.T.);
#1579 = EDGE_CURVE('',#1572,#600,#1580,.T.);
#1580 = LINE('',#1581,#1582);
#1581 = CARTESIAN_POINT('',(105.00728670836,1.8,29.3));
#1582 = VECTOR('',#1583,1.);
#1583 = DIRECTION('',(-0.,1.,0.));
#1584 = ORIENTED_EDGE('',*,*,#607,.F.);
#1585 = PLANE('',#1586);
#1586 = AXIS2_PLACEMENT_3D('',#1587,#1588,#1589);
#1587 = CARTESIAN_POINT('',(24.572908596731,1.8,29.3));
#1588 = DIRECTION('',(0.,0.,1.));
#1589 = DIRECTION('',(1.,0.,-0.));
#1590 = ADVANCED_FACE('',(#1591),#1602,.F.);
#1591 = FACE_BOUND('',#1592,.F.);
#1592 = EDGE_LOOP('',(#1593,#1599,#1600,#1601));
#1593 = ORIENTED_EDGE('',*,*,#1594,.F.);
#1594 = EDGE_CURVE('',#1548,#1572,#1595,.T.);
#1595 = LINE('',#1596,#1597);
#1596 = CARTESIAN_POINT('',(105.00728670836,1.8,27.6));
#1597 = VECTOR('',#1598,1.);
#1598 = DIRECTION('',(0.,0.,1.));
#1599 = ORIENTED_EDGE('',*,*,#1555,.T.);
#1600 = ORIENTED_EDGE('',*,*,#599,.T.);
#1601 = ORIENTED_EDGE('',*,*,#1579,.F.);
#1602 = PLANE('',#1603);
#1603 = AXIS2_PLACEMENT_3D('',#1604,#1605,#1606);
#1604 = CARTESIAN_POINT('',(105.00728670836,1.8,27.6));
#1605 = DIRECTION('',(1.,0.,-0.));
#1606 = DIRECTION('',(0.,0.,1.));
#1607 = ADVANCED_FACE('',(#1608),#1633,.T.);
#1608 = FACE_BOUND('',#1609,.T.);
#1609 = EDGE_LOOP('',(#1610,#1618,#1619,#1627));
#1610 = ORIENTED_EDGE('',*,*,#1611,.F.);
#1611 = EDGE_CURVE('',#78,#1612,#1614,.T.);
#1612 = VERTEX_POINT('',#1613);
#1613 = CARTESIAN_POINT('',(119.5,0.,46.5));
#1614 = LINE('',#1615,#1616);
#1615 = CARTESIAN_POINT('',(119.5,0.,34.8));
#1616 = VECTOR('',#1617,1.);
#1617 = DIRECTION('',(0.,0.,1.));
#1618 = ORIENTED_EDGE('',*,*,#650,.T.);
#1619 = ORIENTED_EDGE('',*,*,#1620,.T.);
#1620 = EDGE_CURVE('',#431,#1621,#1623,.T.);
#1621 = VERTEX_POINT('',#1622);
#1622 = CARTESIAN_POINT('',(119.5,3.,46.5));
#1623 = LINE('',#1624,#1625);
#1624 = CARTESIAN_POINT('',(119.5,3.,34.8));
#1625 = VECTOR('',#1626,1.);
#1626 = DIRECTION('',(0.,0.,1.));
#1627 = ORIENTED_EDGE('',*,*,#1628,.F.);
#1628 = EDGE_CURVE('',#1612,#1621,#1629,.T.);
#1629 = LINE('',#1630,#1631);
#1630 = CARTESIAN_POINT('',(119.5,0.,46.5));
#1631 = VECTOR('',#1632,1.);
#1632 = DIRECTION('',(-0.,1.,0.));
#1633 = PLANE('',#1634);
#1634 = AXIS2_PLACEMENT_3D('',#1635,#1636,#1637);
#1635 = CARTESIAN_POINT('',(119.5,0.,34.8));
#1636 = DIRECTION('',(1.,0.,-0.));
#1637 = DIRECTION('',(0.,0.,1.));
#1638 = ADVANCED_FACE('',(#1639,#1650),#1661,.F.);
#1639 = FACE_BOUND('',#1640,.F.);
#1640 = EDGE_LOOP('',(#1641,#1642,#1643,#1649));
#1641 = ORIENTED_EDGE('',*,*,#671,.F.);
#1642 = ORIENTED_EDGE('',*,*,#1346,.T.);
#1643 = ORIENTED_EDGE('',*,*,#1644,.T.);
#1644 = EDGE_CURVE('',#1347,#1612,#1645,.T.);
#1645 = LINE('',#1646,#1647);
#1646 = CARTESIAN_POINT('',(108.5,0.,46.5));
#1647 = VECTOR('',#1648,1.);
#1648 = DIRECTION('',(1.,0.,-0.));
#1649 = ORIENTED_EDGE('',*,*,#1611,.F.);
#1650 = FACE_BOUND('',#1651,.F.);
#1651 = EDGE_LOOP('',(#1652));
#1652 = ORIENTED_EDGE('',*,*,#1653,.F.);
#1653 = EDGE_CURVE('',#1654,#1654,#1656,.T.);
#1654 = VERTEX_POINT('',#1655);
#1655 = CARTESIAN_POINT('',(114.,0.,43.3));
#1656 = CIRCLE('',#1657,2.3);
#1657 = AXIS2_PLACEMENT_3D('',#1658,#1659,#1660);
#1658 = CARTESIAN_POINT('',(114.,0.,41.));
#1659 = DIRECTION('',(0.,1.,0.));
#1660 = DIRECTION('',(0.,-0.,1.));
#1661 = PLANE('',#1662);
#1662 = AXIS2_PLACEMENT_3D('',#1663,#1664,#1665);
#1663 = CARTESIAN_POINT('',(108.5,0.,34.8));
#1664 = DIRECTION('',(-0.,1.,0.));
#1665 = DIRECTION('',(0.,0.,1.));
#1666 = ADVANCED_FACE('',(#1667),#1678,.T.);
#1667 = FACE_BOUND('',#1668,.T.);
#1668 = EDGE_LOOP('',(#1669,#1670,#1676,#1677));
#1669 = ORIENTED_EDGE('',*,*,#1076,.F.);
#1670 = ORIENTED_EDGE('',*,*,#1671,.F.);
#1671 = EDGE_CURVE('',#973,#1077,#1672,.T.);
#1672 = LINE('',#1673,#1674);
#1673 = CARTESIAN_POINT('',(23.8,-6.3486315613,21.6513684387));
#1674 = VECTOR('',#1675,1.);
#1675 = DIRECTION('',(1.,0.,-0.));
#1676 = ORIENTED_EDGE('',*,*,#972,.T.);
#1677 = ORIENTED_EDGE('',*,*,#949,.F.);
#1678 = PLANE('',#1679);
#1679 = AXIS2_PLACEMENT_3D('',#1680,#1681,#1682);
#1680 = CARTESIAN_POINT('',(23.8,-6.3486315613,21.6513684387));
#1681 = DIRECTION('',(-0.,1.,0.));
#1682 = DIRECTION('',(0.,0.,1.));
#1683 = ADVANCED_FACE('',(#1684),#1690,.F.);
#1684 = FACE_BOUND('',#1685,.F.);
#1685 = EDGE_LOOP('',(#1686,#1687,#1688,#1689));
#1686 = ORIENTED_EDGE('',*,*,#1192,.F.);
#1687 = ORIENTED_EDGE('',*,*,#1209,.T.);
#1688 = ORIENTED_EDGE('',*,*,#926,.T.);
#1689 = ORIENTED_EDGE('',*,*,#1150,.F.);
#1690 = PLANE('',#1691);
#1691 = AXIS2_PLACEMENT_3D('',#1692,#1693,#1694);
#1692 = CARTESIAN_POINT('',(20.,-7.5,20.));
#1693 = DIRECTION('',(-0.,1.,0.));
#1694 = DIRECTION('',(0.,0.,1.));
#1695 = ADVANCED_FACE('',(#1696),#1702,.T.);
#1696 = FACE_BOUND('',#1697,.T.);
#1697 = EDGE_LOOP('',(#1698,#1699,#1700,#1701));
#1698 = ORIENTED_EDGE('',*,*,#980,.F.);
#1699 = ORIENTED_EDGE('',*,*,#1671,.T.);
#1700 = ORIENTED_EDGE('',*,*,#1084,.T.);
#1701 = ORIENTED_EDGE('',*,*,#1053,.F.);
#1702 = PLANE('',#1703);
#1703 = AXIS2_PLACEMENT_3D('',#1704,#1705,#1706);
#1704 = CARTESIAN_POINT('',(23.8,-6.3486315613,21.6513684387));
#1705 = DIRECTION('',(0.,0.,1.));
#1706 = DIRECTION('',(1.,0.,-0.));
#1707 = ADVANCED_FACE('',(#1708,#1716),#1727,.T.);
#1708 = FACE_BOUND('',#1709,.T.);
#1709 = EDGE_LOOP('',(#1710,#1711,#1712,#1713,#1714,#1715));
#1710 = ORIENTED_EDGE('',*,*,#1030,.T.);
#1711 = ORIENTED_EDGE('',*,*,#1022,.T.);
#1712 = ORIENTED_EDGE('',*,*,#1014,.T.);
#1713 = ORIENTED_EDGE('',*,*,#1006,.T.);
#1714 = ORIENTED_EDGE('',*,*,#998,.T.);
#1715 = ORIENTED_EDGE('',*,*,#1038,.T.);
#1716 = FACE_BOUND('',#1717,.T.);
#1717 = EDGE_LOOP('',(#1718));
#1718 = ORIENTED_EDGE('',*,*,#1719,.F.);
#1719 = EDGE_CURVE('',#1720,#1720,#1722,.T.);
#1720 = VERTEX_POINT('',#1721);
#1721 = CARTESIAN_POINT('',(23.8,-3.,26.75));
#1722 = CIRCLE('',#1723,1.75);
#1723 = AXIS2_PLACEMENT_3D('',#1724,#1725,#1726);
#1724 = CARTESIAN_POINT('',(23.8,-3.,25.));
#1725 = DIRECTION('',(1.,0.,0.));
#1726 = DIRECTION('',(-0.,0.,1.));
#1727 = PLANE('',#1728);
#1728 = AXIS2_PLACEMENT_3D('',#1729,#1730,#1731);
#1729 = CARTESIAN_POINT('',(23.8,-3.,25.));
#1730 = DIRECTION('',(1.,0.,0.));
#1731 = DIRECTION('',(-0.,0.,1.));
#1732 = ADVANCED_FACE('',(#1733,#1741),#1752,.F.);
#1733 = FACE_BOUND('',#1734,.F.);
#1734 = EDGE_LOOP('',(#1735,#1736,#1737,#1738,#1739,#1740));
#1735 = ORIENTED_EDGE('',*,*,#1127,.T.);
#1736 = ORIENTED_EDGE('',*,*,#1119,.T.);
#1737 = ORIENTED_EDGE('',*,*,#1111,.T.);
#1738 = ORIENTED_EDGE('',*,*,#1103,.T.);
#1739 = ORIENTED_EDGE('',*,*,#1095,.T.);
#1740 = ORIENTED_EDGE('',*,*,#1135,.T.);
#1741 = FACE_BOUND('',#1742,.F.);
#1742 = EDGE_LOOP('',(#1743));
#1743 = ORIENTED_EDGE('',*,*,#1744,.F.);
#1744 = EDGE_CURVE('',#1745,#1745,#1747,.T.);
#1745 = VERTEX_POINT('',#1746);
#1746 = CARTESIAN_POINT('',(26.4,-3.,26.75));
#1747 = CIRCLE('',#1748,1.75);
#1748 = AXIS2_PLACEMENT_3D('',#1749,#1750,#1751);
#1749 = CARTESIAN_POINT('',(26.4,-3.,25.));
#1750 = DIRECTION('',(1.,0.,0.));
#1751 = DIRECTION('',(-0.,0.,1.));
#1752 = PLANE('',#1753);
#1753 = AXIS2_PLACEMENT_3D('',#1754,#1755,#1756);
#1754 = CARTESIAN_POINT('',(26.4,-3.,25.));
#1755 = DIRECTION('',(1.,0.,0.));
#1756 = DIRECTION('',(-0.,0.,1.));
#1757 = ADVANCED_FACE('',(#1758),#1769,.F.);
#1758 = FACE_BOUND('',#1759,.F.);
#1759 = EDGE_LOOP('',(#1760,#1761,#1767,#1768));
#1760 = ORIENTED_EDGE('',*,*,#1167,.F.);
#1761 = ORIENTED_EDGE('',*,*,#1762,.F.);
#1762 = EDGE_CURVE('',#1745,#1168,#1763,.T.);
#1763 = LINE('',#1764,#1765);
#1764 = CARTESIAN_POINT('',(19.5,-3.,26.75));
#1765 = VECTOR('',#1766,1.);
#1766 = DIRECTION('',(1.,0.,0.));
#1767 = ORIENTED_EDGE('',*,*,#1744,.T.);
#1768 = ORIENTED_EDGE('',*,*,#1762,.T.);
#1769 = CYLINDRICAL_SURFACE('',#1770,1.75);
#1770 = AXIS2_PLACEMENT_3D('',#1771,#1772,#1773);
#1771 = CARTESIAN_POINT('',(19.5,-3.,25.));
#1772 = DIRECTION('',(1.,0.,0.));
#1773 = DIRECTION('',(-0.,0.,1.));
#1774 = ADVANCED_FACE('',(#1775),#1800,.T.);
#1775 = FACE_BOUND('',#1776,.T.);
#1776 = EDGE_LOOP('',(#1777,#1778,#1786,#1794));
#1777 = ORIENTED_EDGE('',*,*,#1219,.T.);
#1778 = ORIENTED_EDGE('',*,*,#1779,.T.);
#1779 = EDGE_CURVE('',#1222,#1780,#1782,.T.);
#1780 = VERTEX_POINT('',#1781);
#1781 = CARTESIAN_POINT('',(22.6,-3.,28.3486315613));
#1782 = LINE('',#1783,#1784);
#1783 = CARTESIAN_POINT('',(19.7,-3.,28.3486315613));
#1784 = VECTOR('',#1785,1.);
#1785 = DIRECTION('',(1.,0.,0.));
#1786 = ORIENTED_EDGE('',*,*,#1787,.T.);
#1787 = EDGE_CURVE('',#1780,#1788,#1790,.T.);
#1788 = VERTEX_POINT('',#1789);
#1789 = CARTESIAN_POINT('',(22.6,-5.9,26.67431578065));
#1790 = LINE('',#1791,#1792);
#1791 = CARTESIAN_POINT('',(22.6,-3.,28.3486315613));
#1792 = VECTOR('',#1793,1.);
#1793 = DIRECTION('',(0.,-0.866025403784,-0.5));
#1794 = ORIENTED_EDGE('',*,*,#1795,.F.);
#1795 = EDGE_CURVE('',#1220,#1788,#1796,.T.);
#1796 = LINE('',#1797,#1798);
#1797 = CARTESIAN_POINT('',(19.7,-5.9,26.67431578065));
#1798 = VECTOR('',#1799,1.);
#1799 = DIRECTION('',(1.,0.,0.));
#1800 = PLANE('',#1801);
#1801 = AXIS2_PLACEMENT_3D('',#1802,#1803,#1804);
#1802 = CARTESIAN_POINT('',(19.7,-3.,28.3486315613));
#1803 = DIRECTION('',(0.,0.5,-0.866025403784));
#1804 = DIRECTION('',(0.,-0.866025403784,-0.5));
#1805 = ADVANCED_FACE('',(#1806),#1824,.T.);
#1806 = FACE_BOUND('',#1807,.T.);
#1807 = EDGE_LOOP('',(#1808,#1809,#1810,#1818));
#1808 = ORIENTED_EDGE('',*,*,#1261,.T.);
#1809 = ORIENTED_EDGE('',*,*,#1795,.T.);
#1810 = ORIENTED_EDGE('',*,*,#1811,.T.);
#1811 = EDGE_CURVE('',#1788,#1812,#1814,.T.);
#1812 = VERTEX_POINT('',#1813);
#1813 = CARTESIAN_POINT('',(22.6,-5.9,23.32568421935));
#1814 = LINE('',#1815,#1816);
#1815 = CARTESIAN_POINT('',(22.6,-5.9,26.67431578065));
#1816 = VECTOR('',#1817,1.);
#1817 = DIRECTION('',(0.,2.652362326046E-16,-1.));
#1818 = ORIENTED_EDGE('',*,*,#1819,.F.);
#1819 = EDGE_CURVE('',#1254,#1812,#1820,.T.);
#1820 = LINE('',#1821,#1822);
#1821 = CARTESIAN_POINT('',(19.7,-5.9,23.32568421935));
#1822 = VECTOR('',#1823,1.);
#1823 = DIRECTION('',(1.,0.,0.));
#1824 = PLANE('',#1825);
#1825 = AXIS2_PLACEMENT_3D('',#1826,#1827,#1828);
#1826 = CARTESIAN_POINT('',(19.7,-5.9,26.67431578065));
#1827 = DIRECTION('',(-0.,1.,2.652362326046E-16));
#1828 = DIRECTION('',(0.,2.652362326046E-16,-1.));
#1829 = ADVANCED_FACE('',(#1830),#1848,.T.);
#1830 = FACE_BOUND('',#1831,.T.);
#1831 = EDGE_LOOP('',(#1832,#1833,#1841,#1847));
#1832 = ORIENTED_EDGE('',*,*,#1229,.T.);
#1833 = ORIENTED_EDGE('',*,*,#1834,.T.);
#1834 = EDGE_CURVE('',#1230,#1835,#1837,.T.);
#1835 = VERTEX_POINT('',#1836);
#1836 = CARTESIAN_POINT('',(22.6,-0.1,26.67431578065));
#1837 = LINE('',#1838,#1839);
#1838 = CARTESIAN_POINT('',(19.7,-0.1,26.67431578065));
#1839 = VECTOR('',#1840,1.);
#1840 = DIRECTION('',(1.,0.,0.));
#1841 = ORIENTED_EDGE('',*,*,#1842,.T.);
#1842 = EDGE_CURVE('',#1835,#1780,#1843,.T.);
#1843 = LINE('',#1844,#1845);
#1844 = CARTESIAN_POINT('',(22.6,-0.1,26.67431578065));
#1845 = VECTOR('',#1846,1.);
#1846 = DIRECTION('',(0.,-0.866025403784,0.5));
#1847 = ORIENTED_EDGE('',*,*,#1779,.F.);
#1848 = PLANE('',#1849);
#1849 = AXIS2_PLACEMENT_3D('',#1850,#1851,#1852);
#1850 = CARTESIAN_POINT('',(19.7,-0.1,26.67431578065));
#1851 = DIRECTION('',(0.,-0.5,-0.866025403784));
#1852 = DIRECTION('',(0.,-0.866025403784,0.5));
#1853 = ADVANCED_FACE('',(#1854),#1872,.T.);
#1854 = FACE_BOUND('',#1855,.T.);
#1855 = EDGE_LOOP('',(#1856,#1857,#1858,#1866));
#1856 = ORIENTED_EDGE('',*,*,#1253,.T.);
#1857 = ORIENTED_EDGE('',*,*,#1819,.T.);
#1858 = ORIENTED_EDGE('',*,*,#1859,.T.);
#1859 = EDGE_CURVE('',#1812,#1860,#1862,.T.);
#1860 = VERTEX_POINT('',#1861);
#1861 = CARTESIAN_POINT('',(22.6,-3.,21.6513684387));
#1862 = LINE('',#1863,#1864);
#1863 = CARTESIAN_POINT('',(22.6,-5.9,23.32568421935));
#1864 = VECTOR('',#1865,1.);
#1865 = DIRECTION('',(0.,0.866025403784,-0.5));
#1866 = ORIENTED_EDGE('',*,*,#1867,.F.);
#1867 = EDGE_CURVE('',#1246,#1860,#1868,.T.);
#1868 = LINE('',#1869,#1870);
#1869 = CARTESIAN_POINT('',(19.7,-3.,21.6513684387));
#1870 = VECTOR('',#1871,1.);
#1871 = DIRECTION('',(1.,0.,0.));
#1872 = PLANE('',#1873);
#1873 = AXIS2_PLACEMENT_3D('',#1874,#1875,#1876);
#1874 = CARTESIAN_POINT('',(19.7,-5.9,23.32568421935));
#1875 = DIRECTION('',(-0.,0.5,0.866025403784));
#1876 = DIRECTION('',(0.,0.866025403784,-0.5));
#1877 = ADVANCED_FACE('',(#1878),#1896,.T.);
#1878 = FACE_BOUND('',#1879,.T.);
#1879 = EDGE_LOOP('',(#1880,#1881,#1889,#1895));
#1880 = ORIENTED_EDGE('',*,*,#1237,.T.);
#1881 = ORIENTED_EDGE('',*,*,#1882,.T.);
#1882 = EDGE_CURVE('',#1238,#1883,#1885,.T.);
#1883 = VERTEX_POINT('',#1884);
#1884 = CARTESIAN_POINT('',(22.6,-0.1,23.32568421935));
#1885 = LINE('',#1886,#1887);
#1886 = CARTESIAN_POINT('',(19.7,-0.1,23.32568421935));
#1887 = VECTOR('',#1888,1.);
#1888 = DIRECTION('',(1.,0.,0.));
#1889 = ORIENTED_EDGE('',*,*,#1890,.T.);
#1890 = EDGE_CURVE('',#1883,#1835,#1891,.T.);
#1891 = LINE('',#1892,#1893);
#1892 = CARTESIAN_POINT('',(22.6,-0.1,23.32568421935));
#1893 = VECTOR('',#1894,1.);
#1894 = DIRECTION('',(0.,3.978543489069E-16,1.));
#1895 = ORIENTED_EDGE('',*,*,#1834,.F.);
#1896 = PLANE('',#1897);
#1897 = AXIS2_PLACEMENT_3D('',#1898,#1899,#1900);
#1898 = CARTESIAN_POINT('',(19.7,-0.1,23.32568421935));
#1899 = DIRECTION('',(0.,-1.,3.978543489069E-16));
#1900 = DIRECTION('',(0.,3.978543489069E-16,1.));
#1901 = ADVANCED_FACE('',(#1902),#1913,.T.);
#1902 = FACE_BOUND('',#1903,.T.);
#1903 = EDGE_LOOP('',(#1904,#1905,#1906,#1912));
#1904 = ORIENTED_EDGE('',*,*,#1245,.T.);
#1905 = ORIENTED_EDGE('',*,*,#1867,.T.);
#1906 = ORIENTED_EDGE('',*,*,#1907,.T.);
#1907 = EDGE_CURVE('',#1860,#1883,#1908,.T.);
#1908 = LINE('',#1909,#1910);
#1909 = CARTESIAN_POINT('',(22.6,-3.,21.6513684387));
#1910 = VECTOR('',#1911,1.);
#1911 = DIRECTION('',(0.,0.866025403784,0.5));
#1912 = ORIENTED_EDGE('',*,*,#1882,.F.);
#1913 = PLANE('',#1914);
#1914 = AXIS2_PLACEMENT_3D('',#1915,#1916,#1917);
#1915 = CARTESIAN_POINT('',(19.7,-3.,21.6513684387));
#1916 = DIRECTION('',(0.,-0.5,0.866025403784));
#1917 = DIRECTION('',(0.,0.866025403784,0.5));
#1918 = ADVANCED_FACE('',(#1919,#1969),#1972,.F.);
#1919 = FACE_BOUND('',#1920,.F.);
#1920 = EDGE_LOOP('',(#1921,#1931,#1939,#1947,#1955,#1963));
#1921 = ORIENTED_EDGE('',*,*,#1922,.T.);
#1922 = EDGE_CURVE('',#1923,#1925,#1927,.T.);
#1923 = VERTEX_POINT('',#1924);
#1924 = CARTESIAN_POINT('',(117.65,1.2,11.107328482542));
#1925 = VERTEX_POINT('',#1926);
#1926 = CARTESIAN_POINT('',(114.,1.2,13.214656965084));
#1927 = LINE('',#1928,#1929);
#1928 = CARTESIAN_POINT('',(117.65,1.2,11.107328482542));
#1929 = VECTOR('',#1930,1.);
#1930 = DIRECTION('',(-0.866025403784,0.,0.5));
#1931 = ORIENTED_EDGE('',*,*,#1932,.T.);
#1932 = EDGE_CURVE('',#1925,#1933,#1935,.T.);
#1933 = VERTEX_POINT('',#1934);
#1934 = CARTESIAN_POINT('',(110.35,1.2,11.107328482542));
#1935 = LINE('',#1936,#1937);
#1936 = CARTESIAN_POINT('',(114.,1.2,13.214656965084));
#1937 = VECTOR('',#1938,1.);
#1938 = DIRECTION('',(-0.866025403784,0.,-0.5));
#1939 = ORIENTED_EDGE('',*,*,#1940,.T.);
#1940 = EDGE_CURVE('',#1933,#1941,#1943,.T.);
#1941 = VERTEX_POINT('',#1942);
#1942 = CARTESIAN_POINT('',(110.35,1.2,6.892671517458));
#1943 = LINE('',#1944,#1945);
#1944 = CARTESIAN_POINT('',(110.35,1.2,11.107328482542));
#1945 = VECTOR('',#1946,1.);
#1946 = DIRECTION('',(0.,0.,-1.));
#1947 = ORIENTED_EDGE('',*,*,#1948,.T.);
#1948 = EDGE_CURVE('',#1941,#1949,#1951,.T.);
#1949 = VERTEX_POINT('',#1950);
#1950 = CARTESIAN_POINT('',(114.,1.2,4.785343034916));
#1951 = LINE('',#1952,#1953);
#1952 = CARTESIAN_POINT('',(110.35,1.2,6.892671517458));
#1953 = VECTOR('',#1954,1.);
#1954 = DIRECTION('',(0.866025403784,0.,-0.5));
#1955 = ORIENTED_EDGE('',*,*,#1956,.T.);
#1956 = EDGE_CURVE('',#1949,#1957,#1959,.T.);
#1957 = VERTEX_POINT('',#1958);
#1958 = CARTESIAN_POINT('',(117.65,1.2,6.892671517458));
#1959 = LINE('',#1960,#1961);
#1960 = CARTESIAN_POINT('',(114.,1.2,4.785343034916));
#1961 = VECTOR('',#1962,1.);
#1962 = DIRECTION('',(0.866025403784,0.,0.5));
#1963 = ORIENTED_EDGE('',*,*,#1964,.T.);
#1964 = EDGE_CURVE('',#1957,#1923,#1965,.T.);
#1965 = LINE('',#1966,#1967);
#1966 = CARTESIAN_POINT('',(117.65,1.2,6.892671517458));
#1967 = VECTOR('',#1968,1.);
#1968 = DIRECTION('',(3.371770189823E-15,0.,1.));
#1969 = FACE_BOUND('',#1970,.F.);
#1970 = EDGE_LOOP('',(#1971));
#1971 = ORIENTED_EDGE('',*,*,#1292,.T.);
#1972 = PLANE('',#1973);
#1973 = AXIS2_PLACEMENT_3D('',#1974,#1975,#1976);
#1974 = CARTESIAN_POINT('',(114.,1.2,9.));
#1975 = DIRECTION('',(-0.,-1.,-0.));
#1976 = DIRECTION('',(0.,0.,-1.));
#1977 = ADVANCED_FACE('',(#1978),#1989,.T.);
#1978 = FACE_BOUND('',#1979,.T.);
#1979 = EDGE_LOOP('',(#1980,#1981,#1982,#1983));
#1980 = ORIENTED_EDGE('',*,*,#1363,.F.);
#1981 = ORIENTED_EDGE('',*,*,#1644,.T.);
#1982 = ORIENTED_EDGE('',*,*,#1628,.T.);
#1983 = ORIENTED_EDGE('',*,*,#1984,.F.);
#1984 = EDGE_CURVE('',#1356,#1621,#1985,.T.);
#1985 = LINE('',#1986,#1987);
#1986 = CARTESIAN_POINT('',(108.5,3.,46.5));
#1987 = VECTOR('',#1988,1.);
#1988 = DIRECTION('',(1.,0.,-0.));
#1989 = PLANE('',#1990);
#1990 = AXIS2_PLACEMENT_3D('',#1991,#1992,#1993);
#1991 = CARTESIAN_POINT('',(108.5,0.,46.5));
#1992 = DIRECTION('',(0.,0.,1.));
#1993 = DIRECTION('',(1.,0.,-0.));
#1994 = ADVANCED_FACE('',(#1995,#2001),#2012,.T.);
#1995 = FACE_BOUND('',#1996,.T.);
#1996 = EDGE_LOOP('',(#1997,#1998,#1999,#2000));
#1997 = ORIENTED_EDGE('',*,*,#1377,.F.);
#1998 = ORIENTED_EDGE('',*,*,#1355,.T.);
#1999 = ORIENTED_EDGE('',*,*,#1984,.T.);
#2000 = ORIENTED_EDGE('',*,*,#1620,.F.);
#2001 = FACE_BOUND('',#2002,.T.);
#2002 = EDGE_LOOP('',(#2003));
#2003 = ORIENTED_EDGE('',*,*,#2004,.F.);
#2004 = EDGE_CURVE('',#2005,#2005,#2007,.T.);
#2005 = VERTEX_POINT('',#2006);
#2006 = CARTESIAN_POINT('',(114.,3.,46.214656965084));
#2007 = CIRCLE('',#2008,5.214656965084);
#2008 = AXIS2_PLACEMENT_3D('',#2009,#2010,#2011);
#2009 = CARTESIAN_POINT('',(114.,3.,41.));
#2010 = DIRECTION('',(0.,1.,0.));
#2011 = DIRECTION('',(0.,-0.,1.));
#2012 = PLANE('',#2013);
#2013 = AXIS2_PLACEMENT_3D('',#2014,#2015,#2016);
#2014 = CARTESIAN_POINT('',(108.5,3.,34.8));
#2015 = DIRECTION('',(-0.,1.,0.));
#2016 = DIRECTION('',(0.,0.,1.));
#2017 = ADVANCED_FACE('',(#2018),#2024,.T.);
#2018 = FACE_BOUND('',#2019,.T.);
#2019 = EDGE_LOOP('',(#2020,#2021,#2022,#2023));
#2020 = ORIENTED_EDGE('',*,*,#1474,.F.);
#2021 = ORIENTED_EDGE('',*,*,#1394,.T.);
#2022 = ORIENTED_EDGE('',*,*,#1426,.T.);
#2023 = ORIENTED_EDGE('',*,*,#1449,.F.);
#2024 = PLANE('',#2025);
#2025 = AXIS2_PLACEMENT_3D('',#2026,#2027,#2028);
#2026 = CARTESIAN_POINT('',(29.6,1.8,16.05));
#2027 = DIRECTION('',(-0.,1.,0.));
#2028 = DIRECTION('',(0.,0.,1.));
#2029 = ADVANCED_FACE('',(#2030,#2033),#2083,.T.);
#2030 = FACE_BOUND('',#2031,.T.);
#2031 = EDGE_LOOP('',(#2032));
#2032 = ORIENTED_EDGE('',*,*,#1498,.T.);
#2033 = FACE_BOUND('',#2034,.T.);
#2034 = EDGE_LOOP('',(#2035,#2045,#2053,#2061,#2069,#2077));
#2035 = ORIENTED_EDGE('',*,*,#2036,.F.);
#2036 = EDGE_CURVE('',#2037,#2039,#2041,.T.);
#2037 = VERTEX_POINT('',#2038);
#2038 = CARTESIAN_POINT('',(114.,4.6,13.214656965084));
#2039 = VERTEX_POINT('',#2040);
#2040 = CARTESIAN_POINT('',(117.65,4.6,11.107328482542));
#2041 = LINE('',#2042,#2043);
#2042 = CARTESIAN_POINT('',(116.7375,4.6,11.634160603178));
#2043 = VECTOR('',#2044,1.);
#2044 = DIRECTION('',(0.866025403784,0.,-0.5));
#2045 = ORIENTED_EDGE('',*,*,#2046,.F.);
#2046 = EDGE_CURVE('',#2047,#2037,#2049,.T.);
#2047 = VERTEX_POINT('',#2048);
#2048 = CARTESIAN_POINT('',(110.35,4.6,11.107328482542));
#2049 = LINE('',#2050,#2051);
#2050 = CARTESIAN_POINT('',(113.0875,4.6,12.687824844449));
#2051 = VECTOR('',#2052,1.);
#2052 = DIRECTION('',(0.866025403784,-0.,0.5));
#2053 = ORIENTED_EDGE('',*,*,#2054,.F.);
#2054 = EDGE_CURVE('',#2055,#2047,#2057,.T.);
#2055 = VERTEX_POINT('',#2056);
#2056 = CARTESIAN_POINT('',(110.35,4.6,6.892671517458));
#2057 = LINE('',#2058,#2059);
#2058 = CARTESIAN_POINT('',(110.35,4.6,10.053664241271));
#2059 = VECTOR('',#2060,1.);
#2060 = DIRECTION('',(0.,-0.,1.));
#2061 = ORIENTED_EDGE('',*,*,#2062,.F.);
#2062 = EDGE_CURVE('',#2063,#2055,#2065,.T.);
#2063 = VERTEX_POINT('',#2064);
#2064 = CARTESIAN_POINT('',(114.,4.6,4.785343034916));
#2065 = LINE('',#2066,#2067);
#2066 = CARTESIAN_POINT('',(111.2625,4.6,6.365839396822));
#2067 = VECTOR('',#2068,1.);
#2068 = DIRECTION('',(-0.866025403784,0.,0.5));
#2069 = ORIENTED_EDGE('',*,*,#2070,.F.);
#2070 = EDGE_CURVE('',#2071,#2063,#2073,.T.);
#2071 = VERTEX_POINT('',#2072);
#2072 = CARTESIAN_POINT('',(117.65,4.6,6.892671517458));
#2073 = LINE('',#2074,#2075);
#2074 = CARTESIAN_POINT('',(114.9125,4.6,5.312175155551));
#2075 = VECTOR('',#2076,1.);
#2076 = DIRECTION('',(-0.866025403784,0.,-0.5));
#2077 = ORIENTED_EDGE('',*,*,#2078,.F.);
#2078 = EDGE_CURVE('',#2039,#2071,#2079,.T.);
#2079 = LINE('',#2080,#2081);
#2080 = CARTESIAN_POINT('',(117.65,4.6,7.946335758729));
#2081 = VECTOR('',#2082,1.);
#2082 = DIRECTION('',(-3.371770189823E-15,0.,-1.));
#2083 = PLANE('',#2084);
#2084 = AXIS2_PLACEMENT_3D('',#2085,#2086,#2087);
#2085 = CARTESIAN_POINT('',(114.,4.6,9.));
#2086 = DIRECTION('',(0.,1.,0.));
#2087 = DIRECTION('',(0.,-0.,1.));
#2088 = ADVANCED_FACE('',(#2089),#2095,.T.);
#2089 = FACE_BOUND('',#2090,.T.);
#2090 = EDGE_LOOP('',(#2091,#2092,#2093,#2094));
#2091 = ORIENTED_EDGE('',*,*,#1547,.F.);
#2092 = ORIENTED_EDGE('',*,*,#1515,.T.);
#2093 = ORIENTED_EDGE('',*,*,#1571,.T.);
#2094 = ORIENTED_EDGE('',*,*,#1594,.F.);
#2095 = PLANE('',#2096);
#2096 = AXIS2_PLACEMENT_3D('',#2097,#2098,#2099);
#2097 = CARTESIAN_POINT('',(24.572908596731,1.8,27.6));
#2098 = DIRECTION('',(-0.,1.,0.));
#2099 = DIRECTION('',(0.,0.,1.));
#2100 = ADVANCED_FACE('',(#2101),#2120,.F.);
#2101 = FACE_BOUND('',#2102,.F.);
#2102 = EDGE_LOOP('',(#2103,#2112,#2118,#2119));
#2103 = ORIENTED_EDGE('',*,*,#2104,.F.);
#2104 = EDGE_CURVE('',#2105,#2105,#2107,.T.);
#2105 = VERTEX_POINT('',#2106);
#2106 = CARTESIAN_POINT('',(114.,1.2,43.3));
#2107 = CIRCLE('',#2108,2.3);
#2108 = AXIS2_PLACEMENT_3D('',#2109,#2110,#2111);
#2109 = CARTESIAN_POINT('',(114.,1.2,41.));
#2110 = DIRECTION('',(0.,1.,0.));
#2111 = DIRECTION('',(0.,-0.,1.));
#2112 = ORIENTED_EDGE('',*,*,#2113,.F.);
#2113 = EDGE_CURVE('',#1654,#2105,#2114,.T.);
#2114 = LINE('',#2115,#2116);
#2115 = CARTESIAN_POINT('',(114.,-1.,43.3));
#2116 = VECTOR('',#2117,1.);
#2117 = DIRECTION('',(0.,1.,0.));
#2118 = ORIENTED_EDGE('',*,*,#1653,.T.);
#2119 = ORIENTED_EDGE('',*,*,#2113,.T.);
#2120 = CYLINDRICAL_SURFACE('',#2121,2.3);
#2121 = AXIS2_PLACEMENT_3D('',#2122,#2123,#2124);
#2122 = CARTESIAN_POINT('',(114.,-1.,41.));
#2123 = DIRECTION('',(0.,1.,0.));
#2124 = DIRECTION('',(0.,-0.,1.));
#2125 = ADVANCED_FACE('',(#2126),#2145,.F.);
#2126 = FACE_BOUND('',#2127,.F.);
#2127 = EDGE_LOOP('',(#2128,#2129,#2137,#2144));
#2128 = ORIENTED_EDGE('',*,*,#1719,.F.);
#2129 = ORIENTED_EDGE('',*,*,#2130,.F.);
#2130 = EDGE_CURVE('',#2131,#1720,#2133,.T.);
#2131 = VERTEX_POINT('',#2132);
#2132 = CARTESIAN_POINT('',(22.6,-3.,26.75));
#2133 = LINE('',#2134,#2135);
#2134 = CARTESIAN_POINT('',(19.5,-3.,26.75));
#2135 = VECTOR('',#2136,1.);
#2136 = DIRECTION('',(1.,0.,0.));
#2137 = ORIENTED_EDGE('',*,*,#2138,.T.);
#2138 = EDGE_CURVE('',#2131,#2131,#2139,.T.);
#2139 = CIRCLE('',#2140,1.75);
#2140 = AXIS2_PLACEMENT_3D('',#2141,#2142,#2143);
#2141 = CARTESIAN_POINT('',(22.6,-3.,25.));
#2142 = DIRECTION('',(1.,0.,0.));
#2143 = DIRECTION('',(-0.,0.,1.));
#2144 = ORIENTED_EDGE('',*,*,#2130,.T.);
#2145 = CYLINDRICAL_SURFACE('',#2146,1.75);
#2146 = AXIS2_PLACEMENT_3D('',#2147,#2148,#2149);
#2147 = CARTESIAN_POINT('',(19.5,-3.,25.));
#2148 = DIRECTION('',(1.,0.,0.));
#2149 = DIRECTION('',(-0.,0.,1.));
#2150 = ADVANCED_FACE('',(#2151,#2159),#2162,.F.);
#2151 = FACE_BOUND('',#2152,.F.);
#2152 = EDGE_LOOP('',(#2153,#2154,#2155,#2156,#2157,#2158));
#2153 = ORIENTED_EDGE('',*,*,#1842,.T.);
#2154 = ORIENTED_EDGE('',*,*,#1787,.T.);
#2155 = ORIENTED_EDGE('',*,*,#1811,.T.);
#2156 = ORIENTED_EDGE('',*,*,#1859,.T.);
#2157 = ORIENTED_EDGE('',*,*,#1907,.T.);
#2158 = ORIENTED_EDGE('',*,*,#1890,.T.);
#2159 = FACE_BOUND('',#2160,.F.);
#2160 = EDGE_LOOP('',(#2161));
#2161 = ORIENTED_EDGE('',*,*,#2138,.F.);
#2162 = PLANE('',#2163);
#2163 = AXIS2_PLACEMENT_3D('',#2164,#2165,#2166);
#2164 = CARTESIAN_POINT('',(22.6,-3.,25.));
#2165 = DIRECTION('',(1.,0.,0.));
#2166 = DIRECTION('',(-0.,0.,1.));
#2167 = ADVANCED_FACE('',(#2168),#2184,.F.);
#2168 = FACE_BOUND('',#2169,.F.);
#2169 = EDGE_LOOP('',(#2170,#2171,#2177,#2178));
#2170 = ORIENTED_EDGE('',*,*,#1922,.F.);
#2171 = ORIENTED_EDGE('',*,*,#2172,.T.);
#2172 = EDGE_CURVE('',#1923,#2039,#2173,.T.);
#2173 = LINE('',#2174,#2175);
#2174 = CARTESIAN_POINT('',(117.65,1.2,11.107328482542));
#2175 = VECTOR('',#2176,1.);
#2176 = DIRECTION('',(0.,1.,0.));
#2177 = ORIENTED_EDGE('',*,*,#2036,.F.);
#2178 = ORIENTED_EDGE('',*,*,#2179,.F.);
#2179 = EDGE_CURVE('',#1925,#2037,#2180,.T.);
#2180 = LINE('',#2181,#2182);
#2181 = CARTESIAN_POINT('',(114.,1.2,13.214656965084));
#2182 = VECTOR('',#2183,1.);
#2183 = DIRECTION('',(0.,1.,0.));
#2184 = PLANE('',#2185);
#2185 = AXIS2_PLACEMENT_3D('',#2186,#2187,#2188);
#2186 = CARTESIAN_POINT('',(117.65,1.2,11.107328482542));
#2187 = DIRECTION('',(0.5,-0.,0.866025403784));
#2188 = DIRECTION('',(-0.866025403784,0.,0.5));
#2189 = ADVANCED_FACE('',(#2190),#2201,.F.);
#2190 = FACE_BOUND('',#2191,.F.);
#2191 = EDGE_LOOP('',(#2192,#2193,#2199,#2200));
#2192 = ORIENTED_EDGE('',*,*,#1964,.F.);
#2193 = ORIENTED_EDGE('',*,*,#2194,.T.);
#2194 = EDGE_CURVE('',#1957,#2071,#2195,.T.);
#2195 = LINE('',#2196,#2197);
#2196 = CARTESIAN_POINT('',(117.65,1.2,6.892671517458));
#2197 = VECTOR('',#2198,1.);
#2198 = DIRECTION('',(0.,1.,0.));
#2199 = ORIENTED_EDGE('',*,*,#2078,.F.);
#2200 = ORIENTED_EDGE('',*,*,#2172,.F.);
#2201 = PLANE('',#2202);
#2202 = AXIS2_PLACEMENT_3D('',#2203,#2204,#2205);
#2203 = CARTESIAN_POINT('',(117.65,1.2,6.892671517458));
#2204 = DIRECTION('',(1.,0.,-3.371770189823E-15));
#2205 = DIRECTION('',(3.371770189823E-15,0.,1.));
#2206 = ADVANCED_FACE('',(#2207),#2218,.F.);
#2207 = FACE_BOUND('',#2208,.F.);
#2208 = EDGE_LOOP('',(#2209,#2210,#2211,#2212));
#2209 = ORIENTED_EDGE('',*,*,#1932,.F.);
#2210 = ORIENTED_EDGE('',*,*,#2179,.T.);
#2211 = ORIENTED_EDGE('',*,*,#2046,.F.);
#2212 = ORIENTED_EDGE('',*,*,#2213,.F.);
#2213 = EDGE_CURVE('',#1933,#2047,#2214,.T.);
#2214 = LINE('',#2215,#2216);
#2215 = CARTESIAN_POINT('',(110.35,1.2,11.107328482542));
#2216 = VECTOR('',#2217,1.);
#2217 = DIRECTION('',(0.,1.,0.));
#2218 = PLANE('',#2219);
#2219 = AXIS2_PLACEMENT_3D('',#2220,#2221,#2222);
#2220 = CARTESIAN_POINT('',(114.,1.2,13.214656965084));
#2221 = DIRECTION('',(-0.5,0.,0.866025403784));
#2222 = DIRECTION('',(-0.866025403784,0.,-0.5));
#2223 = ADVANCED_FACE('',(#2224),#2235,.F.);
#2224 = FACE_BOUND('',#2225,.F.);
#2225 = EDGE_LOOP('',(#2226,#2227,#2233,#2234));
#2226 = ORIENTED_EDGE('',*,*,#1956,.F.);
#2227 = ORIENTED_EDGE('',*,*,#2228,.T.);
#2228 = EDGE_CURVE('',#1949,#2063,#2229,.T.);
#2229 = LINE('',#2230,#2231);
#2230 = CARTESIAN_POINT('',(114.,1.2,4.785343034916));
#2231 = VECTOR('',#2232,1.);
#2232 = DIRECTION('',(0.,1.,0.));
#2233 = ORIENTED_EDGE('',*,*,#2070,.F.);
#2234 = ORIENTED_EDGE('',*,*,#2194,.F.);
#2235 = PLANE('',#2236);
#2236 = AXIS2_PLACEMENT_3D('',#2237,#2238,#2239);
#2237 = CARTESIAN_POINT('',(114.,1.2,4.785343034916));
#2238 = DIRECTION('',(0.5,0.,-0.866025403784));
#2239 = DIRECTION('',(0.866025403784,0.,0.5));
#2240 = ADVANCED_FACE('',(#2241),#2252,.F.);
#2241 = FACE_BOUND('',#2242,.F.);
#2242 = EDGE_LOOP('',(#2243,#2244,#2245,#2246));
#2243 = ORIENTED_EDGE('',*,*,#1940,.F.);
#2244 = ORIENTED_EDGE('',*,*,#2213,.T.);
#2245 = ORIENTED_EDGE('',*,*,#2054,.F.);
#2246 = ORIENTED_EDGE('',*,*,#2247,.F.);
#2247 = EDGE_CURVE('',#1941,#2055,#2248,.T.);
#2248 = LINE('',#2249,#2250);
#2249 = CARTESIAN_POINT('',(110.35,1.2,6.892671517458));
#2250 = VECTOR('',#2251,1.);
#2251 = DIRECTION('',(0.,1.,0.));
#2252 = PLANE('',#2253);
#2253 = AXIS2_PLACEMENT_3D('',#2254,#2255,#2256);
#2254 = CARTESIAN_POINT('',(110.35,1.2,11.107328482542));
#2255 = DIRECTION('',(-1.,0.,0.));
#2256 = DIRECTION('',(0.,0.,-1.));
#2257 = ADVANCED_FACE('',(#2258),#2264,.F.);
#2258 = FACE_BOUND('',#2259,.F.);
#2259 = EDGE_LOOP('',(#2260,#2261,#2262,#2263));
#2260 = ORIENTED_EDGE('',*,*,#1948,.F.);
#2261 = ORIENTED_EDGE('',*,*,#2247,.T.);
#2262 = ORIENTED_EDGE('',*,*,#2062,.F.);
#2263 = ORIENTED_EDGE('',*,*,#2228,.F.);
#2264 = PLANE('',#2265);
#2265 = AXIS2_PLACEMENT_3D('',#2266,#2267,#2268);
#2266 = CARTESIAN_POINT('',(110.35,1.2,6.892671517458));
#2267 = DIRECTION('',(-0.5,0.,-0.866025403784));
#2268 = DIRECTION('',(0.866025403784,0.,-0.5));
#2269 = ADVANCED_FACE('',(#2270),#2289,.T.);
#2270 = FACE_BOUND('',#2271,.T.);
#2271 = EDGE_LOOP('',(#2272,#2280,#2287,#2288));
#2272 = ORIENTED_EDGE('',*,*,#2273,.T.);
#2273 = EDGE_CURVE('',#2005,#2274,#2276,.T.);
#2274 = VERTEX_POINT('',#2275);
#2275 = CARTESIAN_POINT('',(114.,4.6,46.214656965084));
#2276 = LINE('',#2277,#2278);
#2277 = CARTESIAN_POINT('',(114.,2.8,46.214656965084));
#2278 = VECTOR('',#2279,1.);
#2279 = DIRECTION('',(0.,1.,0.));
#2280 = ORIENTED_EDGE('',*,*,#2281,.F.);
#2281 = EDGE_CURVE('',#2274,#2274,#2282,.T.);
#2282 = CIRCLE('',#2283,5.214656965084);
#2283 = AXIS2_PLACEMENT_3D('',#2284,#2285,#2286);
#2284 = CARTESIAN_POINT('',(114.,4.6,41.));
#2285 = DIRECTION('',(0.,1.,0.));
#2286 = DIRECTION('',(0.,-0.,1.));
#2287 = ORIENTED_EDGE('',*,*,#2273,.F.);
#2288 = ORIENTED_EDGE('',*,*,#2004,.T.);
#2289 = CYLINDRICAL_SURFACE('',#2290,5.214656965084);
#2290 = AXIS2_PLACEMENT_3D('',#2291,#2292,#2293);
#2291 = CARTESIAN_POINT('',(114.,2.8,41.));
#2292 = DIRECTION('',(0.,1.,0.));
#2293 = DIRECTION('',(0.,-0.,1.));
#2294 = ADVANCED_FACE('',(#2295,#2345),#2348,.F.);
#2295 = FACE_BOUND('',#2296,.F.);
#2296 = EDGE_LOOP('',(#2297,#2307,#2315,#2323,#2331,#2339));
#2297 = ORIENTED_EDGE('',*,*,#2298,.T.);
#2298 = EDGE_CURVE('',#2299,#2301,#2303,.T.);
#2299 = VERTEX_POINT('',#2300);
#2300 = CARTESIAN_POINT('',(117.65,1.2,43.107328482542));
#2301 = VERTEX_POINT('',#2302);
#2302 = CARTESIAN_POINT('',(114.,1.2,45.214656965084));
#2303 = LINE('',#2304,#2305);
#2304 = CARTESIAN_POINT('',(117.65,1.2,43.107328482542));
#2305 = VECTOR('',#2306,1.);
#2306 = DIRECTION('',(-0.866025403784,0.,0.5));
#2307 = ORIENTED_EDGE('',*,*,#2308,.T.);
#2308 = EDGE_CURVE('',#2301,#2309,#2311,.T.);
#2309 = VERTEX_POINT('',#2310);
#2310 = CARTESIAN_POINT('',(110.35,1.2,43.107328482542));
#2311 = LINE('',#2312,#2313);
#2312 = CARTESIAN_POINT('',(114.,1.2,45.214656965084));
#2313 = VECTOR('',#2314,1.);
#2314 = DIRECTION('',(-0.866025403784,0.,-0.5));
#2315 = ORIENTED_EDGE('',*,*,#2316,.T.);
#2316 = EDGE_CURVE('',#2309,#2317,#2319,.T.);
#2317 = VERTEX_POINT('',#2318);
#2318 = CARTESIAN_POINT('',(110.35,1.2,38.892671517458));
#2319 = LINE('',#2320,#2321);
#2320 = CARTESIAN_POINT('',(110.35,1.2,43.107328482542));
#2321 = VECTOR('',#2322,1.);
#2322 = DIRECTION('',(0.,0.,-1.));
#2323 = ORIENTED_EDGE('',*,*,#2324,.T.);
#2324 = EDGE_CURVE('',#2317,#2325,#2327,.T.);
#2325 = VERTEX_POINT('',#2326);
#2326 = CARTESIAN_POINT('',(114.,1.2,36.785343034916));
#2327 = LINE('',#2328,#2329);
#2328 = CARTESIAN_POINT('',(110.35,1.2,38.892671517458));
#2329 = VECTOR('',#2330,1.);
#2330 = DIRECTION('',(0.866025403784,0.,-0.5));
#2331 = ORIENTED_EDGE('',*,*,#2332,.T.);
#2332 = EDGE_CURVE('',#2325,#2333,#2335,.T.);
#2333 = VERTEX_POINT('',#2334);
#2334 = CARTESIAN_POINT('',(117.65,1.2,38.892671517458));
#2335 = LINE('',#2336,#2337);
#2336 = CARTESIAN_POINT('',(114.,1.2,36.785343034916));
#2337 = VECTOR('',#2338,1.);
#2338 = DIRECTION('',(0.866025403784,0.,0.5));
#2339 = ORIENTED_EDGE('',*,*,#2340,.T.);
#2340 = EDGE_CURVE('',#2333,#2299,#2341,.T.);
#2341 = LINE('',#2342,#2343);
#2342 = CARTESIAN_POINT('',(117.65,1.2,38.892671517458));
#2343 = VECTOR('',#2344,1.);
#2344 = DIRECTION('',(3.371770189823E-15,0.,1.));
#2345 = FACE_BOUND('',#2346,.F.);
#2346 = EDGE_LOOP('',(#2347));
#2347 = ORIENTED_EDGE('',*,*,#2104,.T.);
#2348 = PLANE('',#2349);
#2349 = AXIS2_PLACEMENT_3D('',#2350,#2351,#2352);
#2350 = CARTESIAN_POINT('',(114.,1.2,41.));
#2351 = DIRECTION('',(-0.,-1.,-0.));
#2352 = DIRECTION('',(0.,0.,-1.));
#2353 = ADVANCED_FACE('',(#2354,#2357),#2407,.T.);
#2354 = FACE_BOUND('',#2355,.T.);
#2355 = EDGE_LOOP('',(#2356));
#2356 = ORIENTED_EDGE('',*,*,#2281,.T.);
#2357 = FACE_BOUND('',#2358,.T.);
#2358 = EDGE_LOOP('',(#2359,#2369,#2377,#2385,#2393,#2401));
#2359 = ORIENTED_EDGE('',*,*,#2360,.F.);
#2360 = EDGE_CURVE('',#2361,#2363,#2365,.T.);
#2361 = VERTEX_POINT('',#2362);
#2362 = CARTESIAN_POINT('',(114.,4.6,45.214656965084));
#2363 = VERTEX_POINT('',#2364);
#2364 = CARTESIAN_POINT('',(117.65,4.6,43.107328482542));
#2365 = LINE('',#2366,#2367);
#2366 = CARTESIAN_POINT('',(116.7375,4.6,43.634160603178));
#2367 = VECTOR('',#2368,1.);
#2368 = DIRECTION('',(0.866025403784,0.,-0.5));
#2369 = ORIENTED_EDGE('',*,*,#2370,.F.);
#2370 = EDGE_CURVE('',#2371,#2361,#2373,.T.);
#2371 = VERTEX_POINT('',#2372);
#2372 = CARTESIAN_POINT('',(110.35,4.6,43.107328482542));
#2373 = LINE('',#2374,#2375);
#2374 = CARTESIAN_POINT('',(113.0875,4.6,44.687824844449));
#2375 = VECTOR('',#2376,1.);
#2376 = DIRECTION('',(0.866025403784,-0.,0.5));
#2377 = ORIENTED_EDGE('',*,*,#2378,.F.);
#2378 = EDGE_CURVE('',#2379,#2371,#2381,.T.);
#2379 = VERTEX_POINT('',#2380);
#2380 = CARTESIAN_POINT('',(110.35,4.6,38.892671517458));
#2381 = LINE('',#2382,#2383);
#2382 = CARTESIAN_POINT('',(110.35,4.6,42.053664241271));
#2383 = VECTOR('',#2384,1.);
#2384 = DIRECTION('',(0.,-0.,1.));
#2385 = ORIENTED_EDGE('',*,*,#2386,.F.);
#2386 = EDGE_CURVE('',#2387,#2379,#2389,.T.);
#2387 = VERTEX_POINT('',#2388);
#2388 = CARTESIAN_POINT('',(114.,4.6,36.785343034916));
#2389 = LINE('',#2390,#2391);
#2390 = CARTESIAN_POINT('',(111.2625,4.6,38.365839396822));
#2391 = VECTOR('',#2392,1.);
#2392 = DIRECTION('',(-0.866025403784,0.,0.5));
#2393 = ORIENTED_EDGE('',*,*,#2394,.F.);
#2394 = EDGE_CURVE('',#2395,#2387,#2397,.T.);
#2395 = VERTEX_POINT('',#2396);
#2396 = CARTESIAN_POINT('',(117.65,4.6,38.892671517458));
#2397 = LINE('',#2398,#2399);
#2398 = CARTESIAN_POINT('',(114.9125,4.6,37.312175155551));
#2399 = VECTOR('',#2400,1.);
#2400 = DIRECTION('',(-0.866025403784,0.,-0.5));
#2401 = ORIENTED_EDGE('',*,*,#2402,.F.);
#2402 = EDGE_CURVE('',#2363,#2395,#2403,.T.);
#2403 = LINE('',#2404,#2405);
#2404 = CARTESIAN_POINT('',(117.65,4.6,39.946335758729));
#2405 = VECTOR('',#2406,1.);
#2406 = DIRECTION('',(-3.371770189823E-15,0.,-1.));
#2407 = PLANE('',#2408);
#2408 = AXIS2_PLACEMENT_3D('',#2409,#2410,#2411);
#2409 = CARTESIAN_POINT('',(114.,4.6,41.));
#2410 = DIRECTION('',(0.,1.,0.));
#2411 = DIRECTION('',(0.,-0.,1.));
#2412 = ADVANCED_FACE('',(#2413),#2429,.F.);
#2413 = FACE_BOUND('',#2414,.F.);
#2414 = EDGE_LOOP('',(#2415,#2416,#2422,#2423));
#2415 = ORIENTED_EDGE('',*,*,#2298,.F.);
#2416 = ORIENTED_EDGE('',*,*,#2417,.T.);
#2417 = EDGE_CURVE('',#2299,#2363,#2418,.T.);
#2418 = LINE('',#2419,#2420);
#2419 = CARTESIAN_POINT('',(117.65,1.2,43.107328482542));
#2420 = VECTOR('',#2421,1.);
#2421 = DIRECTION('',(0.,1.,0.));
#2422 = ORIENTED_EDGE('',*,*,#2360,.F.);
#2423 = ORIENTED_EDGE('',*,*,#2424,.F.);
#2424 = EDGE_CURVE('',#2301,#2361,#2425,.T.);
#2425 = LINE('',#2426,#2427);
#2426 = CARTESIAN_POINT('',(114.,1.2,45.214656965084));
#2427 = VECTOR('',#2428,1.);
#2428 = DIRECTION('',(0.,1.,0.));
#2429 = PLANE('',#2430);
#2430 = AXIS2_PLACEMENT_3D('',#2431,#2432,#2433);
#2431 = CARTESIAN_POINT('',(117.65,1.2,43.107328482542));
#2432 = DIRECTION('',(0.5,-0.,0.866025403784));
#2433 = DIRECTION('',(-0.866025403784,0.,0.5));
#2434 = ADVANCED_FACE('',(#2435),#2446,.F.);
#2435 = FACE_BOUND('',#2436,.F.);
#2436 = EDGE_LOOP('',(#2437,#2438,#2444,#2445));
#2437 = ORIENTED_EDGE('',*,*,#2340,.F.);
#2438 = ORIENTED_EDGE('',*,*,#2439,.T.);
#2439 = EDGE_CURVE('',#2333,#2395,#2440,.T.);
#2440 = LINE('',#2441,#2442);
#2441 = CARTESIAN_POINT('',(117.65,1.2,38.892671517458));
#2442 = VECTOR('',#2443,1.);
#2443 = DIRECTION('',(0.,1.,0.));
#2444 = ORIENTED_EDGE('',*,*,#2402,.F.);
#2445 = ORIENTED_EDGE('',*,*,#2417,.F.);
#2446 = PLANE('',#2447);
#2447 = AXIS2_PLACEMENT_3D('',#2448,#2449,#2450);
#2448 = CARTESIAN_POINT('',(117.65,1.2,38.892671517458));
#2449 = DIRECTION('',(1.,0.,-3.371770189823E-15));
#2450 = DIRECTION('',(3.371770189823E-15,0.,1.));
#2451 = ADVANCED_FACE('',(#2452),#2463,.F.);
#2452 = FACE_BOUND('',#2453,.F.);
#2453 = EDGE_LOOP('',(#2454,#2455,#2456,#2457));
#2454 = ORIENTED_EDGE('',*,*,#2308,.F.);
#2455 = ORIENTED_EDGE('',*,*,#2424,.T.);
#2456 = ORIENTED_EDGE('',*,*,#2370,.F.);
#2457 = ORIENTED_EDGE('',*,*,#2458,.F.);
#2458 = EDGE_CURVE('',#2309,#2371,#2459,.T.);
#2459 = LINE('',#2460,#2461);
#2460 = CARTESIAN_POINT('',(110.35,1.2,43.107328482542));
#2461 = VECTOR('',#2462,1.);
#2462 = DIRECTION('',(0.,1.,0.));
#2463 = PLANE('',#2464);
#2464 = AXIS2_PLACEMENT_3D('',#2465,#2466,#2467);
#2465 = CARTESIAN_POINT('',(114.,1.2,45.214656965084));
#2466 = DIRECTION('',(-0.5,0.,0.866025403784));
#2467 = DIRECTION('',(-0.866025403784,0.,-0.5));
#2468 = ADVANCED_FACE('',(#2469),#2480,.F.);
#2469 = FACE_BOUND('',#2470,.F.);
#2470 = EDGE_LOOP('',(#2471,#2472,#2478,#2479));
#2471 = ORIENTED_EDGE('',*,*,#2332,.F.);
#2472 = ORIENTED_EDGE('',*,*,#2473,.T.);
#2473 = EDGE_CURVE('',#2325,#2387,#2474,.T.);
#2474 = LINE('',#2475,#2476);
#2475 = CARTESIAN_POINT('',(114.,1.2,36.785343034916));
#2476 = VECTOR('',#2477,1.);
#2477 = DIRECTION('',(0.,1.,0.));
#2478 = ORIENTED_EDGE('',*,*,#2394,.F.);
#2479 = ORIENTED_EDGE('',*,*,#2439,.F.);
#2480 = PLANE('',#2481);
#2481 = AXIS2_PLACEMENT_3D('',#2482,#2483,#2484);
#2482 = CARTESIAN_POINT('',(114.,1.2,36.785343034916));
#2483 = DIRECTION('',(0.5,0.,-0.866025403784));
#2484 = DIRECTION('',(0.866025403784,0.,0.5));
#2485 = ADVANCED_FACE('',(#2486),#2497,.F.);
#2486 = FACE_BOUND('',#2487,.F.);
#2487 = EDGE_LOOP('',(#2488,#2489,#2490,#2491));
#2488 = ORIENTED_EDGE('',*,*,#2316,.F.);
#2489 = ORIENTED_EDGE('',*,*,#2458,.T.);
#2490 = ORIENTED_EDGE('',*,*,#2378,.F.);
#2491 = ORIENTED_EDGE('',*,*,#2492,.F.);
#2492 = EDGE_CURVE('',#2317,#2379,#2493,.T.);
#2493 = LINE('',#2494,#2495);
#2494 = CARTESIAN_POINT('',(110.35,1.2,38.892671517458));
#2495 = VECTOR('',#2496,1.);
#2496 = DIRECTION('',(0.,1.,0.));
#2497 = PLANE('',#2498);
#2498 = AXIS2_PLACEMENT_3D('',#2499,#2500,#2501);
#2499 = CARTESIAN_POINT('',(110.35,1.2,43.107328482542));
#2500 = DIRECTION('',(-1.,0.,0.));
#2501 = DIRECTION('',(0.,0.,-1.));
#2502 = ADVANCED_FACE('',(#2503),#2509,.F.);
#2503 = FACE_BOUND('',#2504,.F.);
#2504 = EDGE_LOOP('',(#2505,#2506,#2507,#2508));
#2505 = ORIENTED_EDGE('',*,*,#2324,.F.);
#2506 = ORIENTED_EDGE('',*,*,#2492,.T.);
#2507 = ORIENTED_EDGE('',*,*,#2386,.F.);
#2508 = ORIENTED_EDGE('',*,*,#2473,.F.);
#2509 = PLANE('',#2510);
#2510 = AXIS2_PLACEMENT_3D('',#2511,#2512,#2513);
#2511 = CARTESIAN_POINT('',(110.35,1.2,38.892671517458));
#2512 = DIRECTION('',(-0.5,0.,-0.866025403784));
#2513 = DIRECTION('',(0.866025403784,0.,-0.5));
#2514 = ( GEOMETRIC_REPRESENTATION_CONTEXT(3) 
GLOBAL_UNCERTAINTY_ASSIGNED_CONTEXT((#2518)) 
GLOBAL_UNIT_ASSIGNED_CONTEXT((#2515,#2516,#2517)) REPRESENTATION_CONTEXT
('Context #1','3D Context with UNIT and UNCERTAINTY') );
#2515 = ( LENGTH_UNIT() NAMED_UNIT(*) SI_UNIT(.MILLI.,.METRE.) );
#2516 = ( NAMED_UNIT(*) PLANE_ANGLE_UNIT() SI_UNIT($,.RADIAN.) );
#2517 = ( NAMED_UNIT(*) SI_UNIT($,.STERADIAN.) SOLID_ANGLE_UNIT() );
#2518 = UNCERTAINTY_MEASURE_WITH_UNIT(LENGTH_MEASURE(1.E-07),#2515,
  'distance_accuracy_value','confusion accuracy');
#2519 = PRODUCT_RELATED_PRODUCT_CATEGORY('part',$,(#7));
ENDSEC;
END-ISO-10303-21;
