ISO-10303-21;
HEADER;
FILE_DESCRIPTION(('FreeCAD Model'),'2;1');
FILE_NAME('Open CASCADE Shape Model','2026-10-08T15:30:55',('FreeCAD'),(
    'FreeCAD'),'Open CASCADE STEP processor 7.8','FreeCAD','Unknown');
FILE_SCHEMA(('AUTOMOTIVE_DESIGN { 1 0 10303 214 1 1 1 1 }'));
ENDSEC;
DATA;
#1 = APPLICATION_PROTOCOL_DEFINITION('international standard',
  'automotive_design',2000,#2);
#2 = APPLICATION_CONTEXT(
  'core data for automotive mechanical design processes');
#3 = SHAPE_DEFINITION_REPRESENTATION(#4,#10);
#4 = PRODUCT_DEFINITION_SHAPE('','',#5);
#5 = PRODUCT_DEFINITION('design','',#6,#9);
#6 = PRODUCT_DEFINITION_FORMATION('','',#7);
#7 = PRODUCT('Open CASCADE STEP translator 7.8 21',
  'Open CASCADE STEP translator 7.8 21','',(#8));
#8 = PRODUCT_CONTEXT('',#2,'mechanical');
#9 = PRODUCT_DEFINITION_CONTEXT('part definition',#2,'design');
#10 = SHAPE_REPRESENTATION('',(#11,#15,#3923,#4670,#5288),#6172);
#11 = AXIS2_PLACEMENT_3D('',#12,#13,#14);
#12 = CARTESIAN_POINT('',(0.,0.,0.));
#13 = DIRECTION('',(0.,0.,1.));
#14 = DIRECTION('',(1.,0.,-0.));
#15 = MANIFOLD_SOLID_BREP('',#16);
#16 = CLOSED_SHELL('',(#17,#59,#186,#349,#510,#528,#546,#702,#759,#783,
    #825,#850,#899,#923,#947,#1013,#1038,#1079,#1122,#1139,#1170,#1266,
    #1362,#1395,#1412,#1459,#1700,#1724,#1740,#1752,#1763,#1788,#1813,
    #1838,#1855,#1866,#1897,#1913,#1929,#1952,#1969,#2048,#2060,#2083,
    #2100,#2117,#2134,#2146,#2158,#2205,#2230,#2262,#2280,#2290,#2322,
    #2346,#2388,#2413,#2454,#2479,#2496,#2508,#2540,#2564,#2606,#2701,
    #2718,#2729,#2747,#2772,#2797,#2822,#2832,#2856,#2925,#2942,#2966,
    #2990,#3022,#3047,#3064,#3096,#3137,#3161,#3185,#3217,#3242,#3259,
    #3307,#3332,#3354,#3371,#3396,#3421,#3453,#3476,#3493,#3510,#3519,
    #3528,#3548,#3581,#3608,#3634,#3651,#3675,#3715,#3726,#3737,#3749,
    #3766,#3806,#3817,#3828,#3838,#3850,#3868,#3879,#3889,#3906));
#17 = ADVANCED_FACE('',(#18),#54,.T.);
#18 = FACE_BOUND('',#19,.T.);
#19 = EDGE_LOOP('',(#20,#30,#39,#47));
#20 = ORIENTED_EDGE('',*,*,#21,.F.);
#21 = EDGE_CURVE('',#22,#24,#26,.T.);
#22 = VERTEX_POINT('',#23);
#23 = CARTESIAN_POINT('',(162.09434972267,0.717343928177,0.));
#24 = VERTEX_POINT('',#25);
#25 = CARTESIAN_POINT('',(162.09434972267,0.717343928177,3.));
#26 = LINE('',#27,#28);
#27 = CARTESIAN_POINT('',(162.09434972267,0.717343928177,0.));
#28 = VECTOR('',#29,1.);
#29 = DIRECTION('',(0.,0.,1.));
#30 = ORIENTED_EDGE('',*,*,#31,.T.);
#31 = EDGE_CURVE('',#22,#32,#34,.T.);
#32 = VERTEX_POINT('',#33);
#33 = CARTESIAN_POINT('',(199.78752035947,33.470545303986,0.));
#34 = CIRCLE('',#35,94.);
#35 = AXIS2_PLACEMENT_3D('',#36,#37,#38);
#36 = CARTESIAN_POINT('',(121.5,85.5,0.));
#37 = DIRECTION('',(0.,0.,1.));
#38 = DIRECTION('',(1.,0.,-0.));
#39 = ORIENTED_EDGE('',*,*,#40,.T.);
#40 = EDGE_CURVE('',#32,#41,#43,.T.);
#41 = VERTEX_POINT('',#42);
#42 = CARTESIAN_POINT('',(199.78752035947,33.470545303986,3.));
#43 = LINE('',#44,#45);
#44 = CARTESIAN_POINT('',(199.78752035947,33.470545303986,0.));
#45 = VECTOR('',#46,1.);
#46 = DIRECTION('',(0.,0.,1.));
#47 = ORIENTED_EDGE('',*,*,#48,.F.);
#48 = EDGE_CURVE('',#24,#41,#49,.T.);
#49 = CIRCLE('',#50,94.);
#50 = AXIS2_PLACEMENT_3D('',#51,#52,#53);
#51 = CARTESIAN_POINT('',(121.5,85.5,3.));
#52 = DIRECTION('',(0.,0.,1.));
#53 = DIRECTION('',(1.,0.,-0.));
#54 = CYLINDRICAL_SURFACE('',#55,94.);
#55 = AXIS2_PLACEMENT_3D('',#56,#57,#58);
#56 = CARTESIAN_POINT('',(121.5,85.5,0.));
#57 = DIRECTION('',(0.,0.,1.));
#58 = DIRECTION('',(1.,0.,-0.));
#59 = ADVANCED_FACE('',(#60),#181,.F.);
#60 = FACE_BOUND('',#61,.F.);
#61 = EDGE_LOOP('',(#62,#63,#71,#79,#87,#95,#103,#111,#119,#127,#135,
    #143,#151,#159,#167,#175));
#62 = ORIENTED_EDGE('',*,*,#21,.F.);
#63 = ORIENTED_EDGE('',*,*,#64,.T.);
#64 = EDGE_CURVE('',#22,#65,#67,.T.);
#65 = VERTEX_POINT('',#66);
#66 = CARTESIAN_POINT('',(160.79878536982,3.423173377277,0.));
#67 = LINE('',#68,#69);
#68 = CARTESIAN_POINT('',(207.87095685675,-94.88862994005,0.));
#69 = VECTOR('',#70,1.);
#70 = DIRECTION('',(-0.431854784284,0.9019431497,0.));
#71 = ORIENTED_EDGE('',*,*,#72,.T.);
#72 = EDGE_CURVE('',#65,#73,#75,.T.);
#73 = VERTEX_POINT('',#74);
#74 = CARTESIAN_POINT('',(147.5,31.198131071771,0.));
#75 = LINE('',#76,#77);
#76 = CARTESIAN_POINT('',(207.87095685675,-94.88862994005,0.));
#77 = VECTOR('',#78,1.);
#78 = DIRECTION('',(-0.431854784284,0.9019431497,0.));
#79 = ORIENTED_EDGE('',*,*,#80,.T.);
#80 = EDGE_CURVE('',#73,#81,#83,.T.);
#81 = VERTEX_POINT('',#82);
#82 = CARTESIAN_POINT('',(142.19108829269,42.285970597997,0.));
#83 = LINE('',#84,#85);
#84 = CARTESIAN_POINT('',(207.87095685675,-94.88862994005,0.));
#85 = VECTOR('',#86,1.);
#86 = DIRECTION('',(-0.431854784284,0.9019431497,0.));
#87 = ORIENTED_EDGE('',*,*,#88,.T.);
#88 = EDGE_CURVE('',#81,#89,#91,.T.);
#89 = VERTEX_POINT('',#90);
#90 = CARTESIAN_POINT('',(142.19108829269,42.285970597997,5.));
#91 = LINE('',#92,#93);
#92 = CARTESIAN_POINT('',(142.19108829269,42.285970597997,-0.2));
#93 = VECTOR('',#94,1.);
#94 = DIRECTION('',(0.,0.,1.));
#95 = ORIENTED_EDGE('',*,*,#96,.T.);
#96 = EDGE_CURVE('',#89,#97,#99,.T.);
#97 = VERTEX_POINT('',#98);
#98 = CARTESIAN_POINT('',(141.56192459857,43.6,5.));
#99 = LINE('',#100,#101);
#100 = CARTESIAN_POINT('',(217.14485890396,-114.2574843023,5.));
#101 = VECTOR('',#102,1.);
#102 = DIRECTION('',(-0.431854784284,0.9019431497,0.));
#103 = ORIENTED_EDGE('',*,*,#104,.F.);
#104 = EDGE_CURVE('',#105,#97,#107,.T.);
#105 = VERTEX_POINT('',#106);
#106 = CARTESIAN_POINT('',(141.56192459857,43.6,7.6));
#107 = LINE('',#108,#109);
#108 = CARTESIAN_POINT('',(141.56192459857,43.6,-197.5));
#109 = VECTOR('',#110,1.);
#110 = DIRECTION('',(0.,0.,-1.));
#111 = ORIENTED_EDGE('',*,*,#112,.T.);
#112 = EDGE_CURVE('',#105,#113,#115,.T.);
#113 = VERTEX_POINT('',#114);
#114 = CARTESIAN_POINT('',(141.38620326224,43.966999883603,7.6));
#115 = LINE('',#116,#117);
#116 = CARTESIAN_POINT('',(215.84466063018,-111.5419767545,7.6));
#117 = VECTOR('',#118,1.);
#118 = DIRECTION('',(-0.431854784284,0.9019431497,0.));
#119 = ORIENTED_EDGE('',*,*,#120,.F.);
#120 = EDGE_CURVE('',#121,#113,#123,.T.);
#121 = VERTEX_POINT('',#122);
#122 = CARTESIAN_POINT('',(140.75657423393,45.282001151633,7.6));
#123 = LINE('',#124,#125);
#124 = CARTESIAN_POINT('',(217.14485890396,-114.2574843023,7.6));
#125 = VECTOR('',#126,1.);
#126 = DIRECTION('',(0.431854784284,-0.9019431497,0.));
#127 = ORIENTED_EDGE('',*,*,#128,.T.);
#128 = EDGE_CURVE('',#121,#129,#131,.T.);
#129 = VERTEX_POINT('',#130);
#130 = CARTESIAN_POINT('',(140.75657423393,45.282001151633,10.));
#131 = LINE('',#132,#133);
#132 = CARTESIAN_POINT('',(140.75657423393,45.282001151633,7.3));
#133 = VECTOR('',#134,1.);
#134 = DIRECTION('',(0.,0.,1.));
#135 = ORIENTED_EDGE('',*,*,#136,.F.);
#136 = EDGE_CURVE('',#137,#129,#139,.T.);
#137 = VERTEX_POINT('',#138);
#138 = CARTESIAN_POINT('',(147.5,31.198131071771,10.));
#139 = LINE('',#140,#141);
#140 = CARTESIAN_POINT('',(224.18903397212,-128.9694793508,10.));
#141 = VECTOR('',#142,1.);
#142 = DIRECTION('',(-0.431854784284,0.9019431497,0.));
#143 = ORIENTED_EDGE('',*,*,#144,.F.);
#144 = EDGE_CURVE('',#145,#137,#147,.T.);
#145 = VERTEX_POINT('',#146);
#146 = CARTESIAN_POINT('',(147.5,31.198131071771,3.));
#147 = LINE('',#148,#149);
#148 = CARTESIAN_POINT('',(147.5,31.198131071771,-200.));
#149 = VECTOR('',#150,1.);
#150 = DIRECTION('',(0.,-0.,1.));
#151 = ORIENTED_EDGE('',*,*,#152,.F.);
#152 = EDGE_CURVE('',#153,#145,#155,.T.);
#153 = VERTEX_POINT('',#154);
#154 = CARTESIAN_POINT('',(160.79878536982,3.423173377277,3.));
#155 = LINE('',#156,#157);
#156 = CARTESIAN_POINT('',(207.87095685675,-94.88862994005,3.));
#157 = VECTOR('',#158,1.);
#158 = DIRECTION('',(-0.431854784284,0.9019431497,0.));
#159 = ORIENTED_EDGE('',*,*,#160,.T.);
#160 = EDGE_CURVE('',#153,#161,#163,.T.);
#161 = VERTEX_POINT('',#162);
#162 = CARTESIAN_POINT('',(160.79878536982,3.423173377277,35.));
#163 = LINE('',#164,#165);
#164 = CARTESIAN_POINT('',(160.79878536982,3.423173377277,0.));
#165 = VECTOR('',#166,1.);
#166 = DIRECTION('',(0.,0.,1.));
#167 = ORIENTED_EDGE('',*,*,#168,.F.);
#168 = EDGE_CURVE('',#169,#161,#171,.T.);
#169 = VERTEX_POINT('',#170);
#170 = CARTESIAN_POINT('',(162.09434972267,0.717343928177,35.));
#171 = LINE('',#172,#173);
#172 = CARTESIAN_POINT('',(207.87095685675,-94.88862994005,35.));
#173 = VECTOR('',#174,1.);
#174 = DIRECTION('',(-0.431854784284,0.9019431497,0.));
#175 = ORIENTED_EDGE('',*,*,#176,.F.);
#176 = EDGE_CURVE('',#24,#169,#177,.T.);
#177 = LINE('',#178,#179);
#178 = CARTESIAN_POINT('',(162.09434972267,0.717343928177,0.));
#179 = VECTOR('',#180,1.);
#180 = DIRECTION('',(0.,0.,1.));
#181 = PLANE('',#182);
#182 = AXIS2_PLACEMENT_3D('',#183,#184,#185);
#183 = CARTESIAN_POINT('',(294.24191371351,-275.2772598801,-400.));
#184 = DIRECTION('',(0.9019431497,0.431854784284,0.));
#185 = DIRECTION('',(-0.431854784284,0.9019431497,0.));
#186 = ADVANCED_FACE('',(#187,#206,#257,#293),#344,.T.);
#187 = FACE_BOUND('',#188,.T.);
#188 = EDGE_LOOP('',(#189,#190,#191,#199));
#189 = ORIENTED_EDGE('',*,*,#176,.F.);
#190 = ORIENTED_EDGE('',*,*,#48,.T.);
#191 = ORIENTED_EDGE('',*,*,#192,.T.);
#192 = EDGE_CURVE('',#41,#193,#195,.T.);
#193 = VERTEX_POINT('',#194);
#194 = CARTESIAN_POINT('',(199.78752035947,33.470545303986,35.));
#195 = LINE('',#196,#197);
#196 = CARTESIAN_POINT('',(199.78752035947,33.470545303986,0.));
#197 = VECTOR('',#198,1.);
#198 = DIRECTION('',(0.,0.,1.));
#199 = ORIENTED_EDGE('',*,*,#200,.F.);
#200 = EDGE_CURVE('',#169,#193,#201,.T.);
#201 = CIRCLE('',#202,94.);
#202 = AXIS2_PLACEMENT_3D('',#203,#204,#205);
#203 = CARTESIAN_POINT('',(121.5,85.5,35.));
#204 = DIRECTION('',(0.,0.,1.));
#205 = DIRECTION('',(1.,0.,-0.));
#206 = FACE_BOUND('',#207,.T.);
#207 = EDGE_LOOP('',(#208));
#208 = ORIENTED_EDGE('',*,*,#209,.F.);
#209 = EDGE_CURVE('',#210,#210,#212,.T.);
#210 = VERTEX_POINT('',#211);
#211 = CARTESIAN_POINT('',(164.03751593893,1.675422829909,
    22.566914381618));
#212 = B_SPLINE_CURVE_WITH_KNOTS('',7,(#213,#214,#215,#216,#217,#218,
    #219,#220,#221,#222,#223,#224,#225,#226,#227,#228,#229,#230,#231,
    #232,#233,#234,#235,#236,#237,#238,#239,#240,#241,#242,#243,#244,
    #245,#246,#247,#248,#249,#250,#251,#252,#253,#254,#255,#256),
  .UNSPECIFIED.,.T.,.F.,(8,6,6,6,6,6,6,8),(0.,0.153141264149,
    0.28621732751,0.422627464468,0.588424127203,0.714264518326,
    0.837702774354,1.),.UNSPECIFIED.);
#213 = CARTESIAN_POINT('',(164.03751593893,1.675422829909,
    22.566914381618));
#214 = CARTESIAN_POINT('',(164.03751593893,1.675422829909,
    22.368894279258));
#215 = CARTESIAN_POINT('',(164.06204552437,1.687870611811,
    22.170995052348));
#216 = CARTESIAN_POINT('',(164.11103915547,1.712732709367,
    21.975579093606));
#217 = CARTESIAN_POINT('',(164.18519367325,1.750420321991,
    21.785334805851));
#218 = CARTESIAN_POINT('',(164.28565940076,1.801628464934,
    21.603822583072));
#219 = CARTESIAN_POINT('',(164.41374039338,1.867220129945,21.43605814899
    ));
#220 = CARTESIAN_POINT('',(164.70615394854,2.017956079833,
    21.162496724738));
#221 = CARTESIAN_POINT('',(164.86842310813,2.101930927786,
    21.046890340761));
#222 = CARTESIAN_POINT('',(165.05365779375,2.19829844134,20.956194255179
    ));
#223 = CARTESIAN_POINT('',(165.25503213017,2.303793545158,
    20.899597010324));
#224 = CARTESIAN_POINT('',(165.46348368547,2.413873089343,
    20.882047554366));
#225 = CARTESIAN_POINT('',(165.66947897795,2.523460679336,
    20.903991277835));
#226 = CARTESIAN_POINT('',(166.06447902358,2.734918934873,
    21.019664882751));
#227 = CARTESIAN_POINT('',(166.24584906746,2.832737195541,21.11310454389
    ));
#228 = CARTESIAN_POINT('',(166.4055754144,2.919454499396,21.233420422656
    ));
#229 = CARTESIAN_POINT('',(166.54240263711,2.994124970544,
    21.373924096859));
#230 = CARTESIAN_POINT('',(166.65603070263,3.056372625339,
    21.528753535677));
#231 = CARTESIAN_POINT('',(166.74689986247,3.106284891389,
    21.692731180808));
#232 = CARTESIAN_POINT('',(166.90018349315,3.190629015634,
    22.066228763025));
#233 = CARTESIAN_POINT('',(166.95399720831,3.220370457456,
    22.282202860712));
#234 = CARTESIAN_POINT('',(166.97818747335,3.233773279752,
    22.504356471007));
#235 = CARTESIAN_POINT('',(166.97267586309,3.230721911355,
    22.728538089046));
#236 = CARTESIAN_POINT('',(166.93707487808,3.211006858355,
    22.950263680768));
#237 = CARTESIAN_POINT('',(166.87107479325,3.174562689695,
    23.164345635763));
#238 = CARTESIAN_POINT('',(166.70181346838,3.081537234592,
    23.516769439137));
#239 = CARTESIAN_POINT('',(166.60992840362,3.031135885655,
    23.663921492665));
#240 = CARTESIAN_POINT('',(166.49842926375,2.970144192714,
    23.802108861347));
#241 = CARTESIAN_POINT('',(166.36717612764,2.898617820118,
    23.926907486617));
#242 = CARTESIAN_POINT('',(166.2166878882,2.817013492278,24.033507418883
    ));
#243 = CARTESIAN_POINT('',(166.04827305316,2.726243274522,
    24.116634741451));
#244 = CARTESIAN_POINT('',(165.6843053405,2.531397784146,24.222897288261
    ));
#245 = CARTESIAN_POINT('',(165.49401263163,2.430115513984,
    24.245779988308));
#246 = CARTESIAN_POINT('',(165.30063430601,2.327884014422,
    24.234987315205));
#247 = CARTESIAN_POINT('',(165.1120740878,2.228926507682,24.190395904748
    ));
#248 = CARTESIAN_POINT('',(164.93598820746,2.137121434214,
    24.115530101744));
#249 = CARTESIAN_POINT('',(164.77844539696,2.055411138126,
    24.017376679475));
#250 = CARTESIAN_POINT('',(164.46488172297,1.893426546129,
    23.760266658925));
#251 = CARTESIAN_POINT('',(164.31895495339,1.818603366866,
    23.586977303422));
#252 = CARTESIAN_POINT('',(164.20472988502,1.760350126871,
    23.396493141978));
#253 = CARTESIAN_POINT('',(164.12062621667,1.717597593275,
    23.195208505472));
#254 = CARTESIAN_POINT('',(164.06522129268,1.689482222309,
    22.987744980297));
#255 = CARTESIAN_POINT('',(164.03751593893,1.675422829909,
    22.777356798354));
#256 = CARTESIAN_POINT('',(164.03751593893,1.675422829909,
    22.566914381618));
#257 = FACE_BOUND('',#258,.T.);
#258 = EDGE_LOOP('',(#259,#270,#278,#287));
#259 = ORIENTED_EDGE('',*,*,#260,.F.);
#260 = EDGE_CURVE('',#261,#263,#265,.T.);
#261 = VERTEX_POINT('',#262);
#262 = CARTESIAN_POINT('',(169.01451876947,4.392845530712,
    13.631947238303));
#263 = VERTEX_POINT('',#264);
#264 = CARTESIAN_POINT('',(191.62392747101,22.901000039617,
    13.631947238303));
#265 = ELLIPSE('',#266,94.377639576125,94.);
#266 = AXIS2_PLACEMENT_3D('',#267,#268,#269);
#267 = CARTESIAN_POINT('',(121.5,85.5,21.963843019307));
#268 = DIRECTION('',(5.660898167254E-02,-6.915306451523E-02,
    0.995998632962));
#269 = DIRECTION('',(-0.630898899701,0.7707008857,8.936846836468E-02));
#270 = ORIENTED_EDGE('',*,*,#271,.T.);
#271 = EDGE_CURVE('',#261,#272,#274,.T.);
#272 = VERTEX_POINT('',#273);
#273 = CARTESIAN_POINT('',(169.01451876947,4.392845530712,
    31.704261199688));
#274 = LINE('',#275,#276);
#275 = CARTESIAN_POINT('',(169.01451876947,4.392845530712,0.));
#276 = VECTOR('',#277,1.);
#277 = DIRECTION('',(0.,0.,1.));
#278 = ORIENTED_EDGE('',*,*,#279,.T.);
#279 = EDGE_CURVE('',#272,#280,#282,.T.);
#280 = VERTEX_POINT('',#281);
#281 = CARTESIAN_POINT('',(191.62392747101,22.901000039617,
    31.704261199688));
#282 = ELLIPSE('',#283,94.377639576125,94.);
#283 = AXIS2_PLACEMENT_3D('',#284,#285,#286);
#284 = CARTESIAN_POINT('',(121.5,85.5,40.036156980693));
#285 = DIRECTION('',(5.660898167254E-02,-6.915306451523E-02,
    0.995998632962));
#286 = DIRECTION('',(-0.630898899701,0.7707008857,8.936846836468E-02));
#287 = ORIENTED_EDGE('',*,*,#288,.F.);
#288 = EDGE_CURVE('',#263,#280,#289,.T.);
#289 = LINE('',#290,#291);
#290 = CARTESIAN_POINT('',(191.62392747101,22.901000039617,0.));
#291 = VECTOR('',#292,1.);
#292 = DIRECTION('',(0.,0.,1.));
#293 = FACE_BOUND('',#294,.T.);
#294 = EDGE_LOOP('',(#295));
#295 = ORIENTED_EDGE('',*,*,#296,.F.);
#296 = EDGE_CURVE('',#297,#297,#299,.T.);
#297 = VERTEX_POINT('',#298);
#298 = CARTESIAN_POINT('',(195.27088917006,27.243190002725,
    22.566914381618));
#299 = B_SPLINE_CURVE_WITH_KNOTS('',7,(#300,#301,#302,#303,#304,#305,
    #306,#307,#308,#309,#310,#311,#312,#313,#314,#315,#316,#317,#318,
    #319,#320,#321,#322,#323,#324,#325,#326,#327,#328,#329,#330,#331,
    #332,#333,#334,#335,#336,#337,#338,#339,#340,#341,#342,#343),
  .UNSPECIFIED.,.T.,.F.,(8,6,6,6,6,6,6,8),(0.,0.152663157849,
    0.285467865786,0.421531149703,0.588694609067,0.71445997428,
    0.837739842852,1.),.UNSPECIFIED.);
#300 = CARTESIAN_POINT('',(195.27088917006,27.243190002725,
    22.566914381618));
#301 = CARTESIAN_POINT('',(195.27088917006,27.243190002725,
    22.764675778104));
#302 = CARTESIAN_POINT('',(195.253885966,27.221658802607,22.962362079242
    ));
#303 = CARTESIAN_POINT('',(195.21988431158,27.178602120148,
    23.157600224001));
#304 = CARTESIAN_POINT('',(195.16831592536,27.113382776549,
    23.347672126954));
#305 = CARTESIAN_POINT('',(195.09825975499,27.02499474944,
    23.528984931553));
#306 = CARTESIAN_POINT('',(195.00861570043,26.912335478601,
    23.69650346195));
#307 = CARTESIAN_POINT('',(194.80287782085,26.655190755113,
    23.969687193614));
#308 = CARTESIAN_POINT('',(194.68842468949,26.512606304202,
    24.084967392571));
#309 = CARTESIAN_POINT('',(194.55735121418,26.350037877563,
    24.17530590752));
#310 = CARTESIAN_POINT('',(194.41418801098,26.173507497017,
    24.231636630928));
#311 = CARTESIAN_POINT('',(194.26516381905,25.990982049239,
    24.24907433613));
#312 = CARTESIAN_POINT('',(194.11712669995,25.810789881525,
    24.227193295767));
#313 = CARTESIAN_POINT('',(193.83204895197,25.465626362961,
    24.111966208841));
#314 = CARTESIAN_POINT('',(193.70036952268,25.307193218483,
    24.018903249861));
#315 = CARTESIAN_POINT('',(193.58376988181,25.167691890193,
    23.898963159816));
#316 = CARTESIAN_POINT('',(193.48347483304,25.048227040691,
    23.758771424316));
#317 = CARTESIAN_POINT('',(193.3999514402,24.949064409279,
    23.604179152229));
#318 = CARTESIAN_POINT('',(193.33304862536,24.869814765829,
    23.440398345991));
#319 = CARTESIAN_POINT('',(193.21942088056,24.73542083074,
    23.065193099037));
#320 = CARTESIAN_POINT('',(193.18000539071,24.688982848299,
    22.848799414729));
#321 = CARTESIAN_POINT('',(193.16261575281,24.668534656005,
    22.627782214562));
#322 = CARTESIAN_POINT('',(193.1667956142,24.673451896688,
    22.405434116092));
#323 = CARTESIAN_POINT('',(193.19270929258,24.703937820723,
    22.185163593961));
#324 = CARTESIAN_POINT('',(193.24097431971,24.760845658466,
    21.970924988691));
#325 = CARTESIAN_POINT('',(193.36620651165,24.909115332322,
    21.616250796308));
#326 = CARTESIAN_POINT('',(193.43373185161,24.989196073721,
    21.468902704765));
#327 = CARTESIAN_POINT('',(193.51549022117,25.086385191383,
    21.330479033722));
#328 = CARTESIAN_POINT('',(193.61147460108,25.200854072252,
    21.205383735628));
#329 = CARTESIAN_POINT('',(193.72116729671,25.332222592116,
    21.098440752237));
#330 = CARTESIAN_POINT('',(193.84345557631,25.479437158865,
    21.014977258098));
#331 = CARTESIAN_POINT('',(194.10654940452,25.797983211997,
    20.908312319683));
#332 = CARTESIAN_POINT('',(194.24348895571,25.964600884445,
    20.885352966859));
#333 = CARTESIAN_POINT('',(194.38196225732,26.134049328078,
    20.896216033469));
#334 = CARTESIAN_POINT('',(194.51625130865,26.299394006303,
    20.941018599465));
#335 = CARTESIAN_POINT('',(194.64102361495,26.45387225817,
    21.016186979482));
#336 = CARTESIAN_POINT('',(194.75217648393,26.592090359311,
    21.11463273282));
#337 = CARTESIAN_POINT('',(194.97271307924,26.867239658103,
    21.372170909994));
#338 = CARTESIAN_POINT('',(195.07483589707,26.995448664631,
    21.545749226778));
#339 = CARTESIAN_POINT('',(195.15448279148,27.095889797038,
    21.736462783326));
#340 = CARTESIAN_POINT('',(195.21302457185,27.169915382094,
    21.937930684242));
#341 = CARTESIAN_POINT('',(195.25158071595,27.218739707793,
    22.145571175028));
#342 = CARTESIAN_POINT('',(195.27088917006,27.243190002725,
    22.356179308387));
#343 = CARTESIAN_POINT('',(195.27088917006,27.243190002725,
    22.566914381618));
#344 = CYLINDRICAL_SURFACE('',#345,94.);
#345 = AXIS2_PLACEMENT_3D('',#346,#347,#348);
#346 = CARTESIAN_POINT('',(121.5,85.5,0.));
#347 = DIRECTION('',(0.,0.,1.));
#348 = DIRECTION('',(1.,0.,-0.));
#349 = ADVANCED_FACE('',(#350),#505,.F.);
#350 = FACE_BOUND('',#351,.F.);
#351 = EDGE_LOOP('',(#352,#363,#371,#379,#387,#395,#403,#411,#419,#427,
    #435,#441,#442,#443,#451,#459,#467,#475,#483,#491,#499));
#352 = ORIENTED_EDGE('',*,*,#353,.F.);
#353 = EDGE_CURVE('',#354,#356,#358,.T.);
#354 = VERTEX_POINT('',#355);
#355 = CARTESIAN_POINT('',(144.5967546175,70.150024135669,
    20.940655260109));
#356 = VERTEX_POINT('',#357);
#357 = CARTESIAN_POINT('',(144.81968691897,70.001864567655,
    20.92652996256));
#358 = ELLIPSE('',#359,81.319624105814,8.038845937539);
#359 = AXIS2_PLACEMENT_3D('',#360,#361,#362);
#360 = CARTESIAN_POINT('',(121.5,85.5,31.));
#361 = DIRECTION('',(-0.553504837192,-0.832845961271,6.245004513517E-17)
  );
#362 = DIRECTION('',(0.829480484387,-0.551268159797,-8.980836272356E-02)
  );
#363 = ORIENTED_EDGE('',*,*,#364,.T.);
#364 = EDGE_CURVE('',#354,#365,#367,.T.);
#365 = VERTEX_POINT('',#366);
#366 = CARTESIAN_POINT('',(144.81968691558,70.001864558634,
    23.909127681887));
#367 = LINE('',#368,#369);
#368 = CARTESIAN_POINT('',(145.15983045878,69.775807033891,
    28.438335589787));
#369 = VECTOR('',#370,1.);
#370 = DIRECTION('',(7.479653218268E-02,-4.970936318775E-02,
    0.995959064412));
#371 = ORIENTED_EDGE('',*,*,#372,.T.);
#372 = EDGE_CURVE('',#365,#373,#375,.T.);
#373 = VERTEX_POINT('',#374);
#374 = CARTESIAN_POINT('',(144.81968691558,70.001864558634,35.));
#375 = LINE('',#376,#377);
#376 = CARTESIAN_POINT('',(144.81968691558,70.001864558634,0.));
#377 = VECTOR('',#378,1.);
#378 = DIRECTION('',(0.,0.,1.));
#379 = ORIENTED_EDGE('',*,*,#380,.F.);
#380 = EDGE_CURVE('',#381,#373,#383,.T.);
#381 = VERTEX_POINT('',#382);
#382 = CARTESIAN_POINT('',(140.65545710923,72.769388744592,35.));
#383 = LINE('',#384,#385);
#384 = CARTESIAN_POINT('',(-45.0691922542,196.20096743832,35.));
#385 = VECTOR('',#386,1.);
#386 = DIRECTION('',(0.832845961271,-0.553504837192,0.));
#387 = ORIENTED_EDGE('',*,*,#388,.F.);
#388 = EDGE_CURVE('',#389,#381,#391,.T.);
#389 = VERTEX_POINT('',#390);
#390 = CARTESIAN_POINT('',(140.65545710923,72.769388744592,3.));
#391 = LINE('',#392,#393);
#392 = CARTESIAN_POINT('',(140.65545710923,72.769388744592,0.));
#393 = VECTOR('',#394,1.);
#394 = DIRECTION('',(0.,0.,1.));
#395 = ORIENTED_EDGE('',*,*,#396,.F.);
#396 = EDGE_CURVE('',#397,#389,#399,.T.);
#397 = VERTEX_POINT('',#398);
#398 = CARTESIAN_POINT('',(140.65545710923,72.769388744592,0.));
#399 = LINE('',#400,#401);
#400 = CARTESIAN_POINT('',(140.65545710923,72.769388744592,0.));
#401 = VECTOR('',#402,1.);
#402 = DIRECTION('',(0.,0.,1.));
#403 = ORIENTED_EDGE('',*,*,#404,.T.);
#404 = EDGE_CURVE('',#397,#405,#407,.T.);
#405 = VERTEX_POINT('',#406);
#406 = CARTESIAN_POINT('',(144.81968691558,70.001864558634,0.));
#407 = LINE('',#408,#409);
#408 = CARTESIAN_POINT('',(-45.0691922542,196.20096743832,0.));
#409 = VECTOR('',#410,1.);
#410 = DIRECTION('',(0.832845961271,-0.553504837192,0.));
#411 = ORIENTED_EDGE('',*,*,#412,.T.);
#412 = EDGE_CURVE('',#405,#413,#415,.T.);
#413 = VERTEX_POINT('',#414);
#414 = CARTESIAN_POINT('',(152.5,64.897570798381,0.));
#415 = LINE('',#416,#417);
#416 = CARTESIAN_POINT('',(-45.0691922542,196.20096743832,0.));
#417 = VECTOR('',#418,1.);
#418 = DIRECTION('',(0.832845961271,-0.553504837192,0.));
#419 = ORIENTED_EDGE('',*,*,#420,.T.);
#420 = EDGE_CURVE('',#413,#421,#423,.T.);
#421 = VERTEX_POINT('',#422);
#422 = CARTESIAN_POINT('',(160.62160027889,59.5,0.));
#423 = LINE('',#424,#425);
#424 = CARTESIAN_POINT('',(-45.0691922542,196.20096743832,0.));
#425 = VECTOR('',#426,1.);
#426 = DIRECTION('',(0.832845961271,-0.553504837192,0.));
#427 = ORIENTED_EDGE('',*,*,#428,.T.);
#428 = EDGE_CURVE('',#421,#429,#431,.T.);
#429 = VERTEX_POINT('',#430);
#430 = CARTESIAN_POINT('',(197.28898247566,35.131059815561,0.));
#431 = LINE('',#432,#433);
#432 = CARTESIAN_POINT('',(-45.0691922542,196.20096743832,0.));
#433 = VECTOR('',#434,1.);
#434 = DIRECTION('',(0.832845961271,-0.553504837192,0.));
#435 = ORIENTED_EDGE('',*,*,#436,.T.);
#436 = EDGE_CURVE('',#429,#32,#437,.T.);
#437 = LINE('',#438,#439);
#438 = CARTESIAN_POINT('',(-45.0691922542,196.20096743832,0.));
#439 = VECTOR('',#440,1.);
#440 = DIRECTION('',(0.832845961271,-0.553504837192,0.));
#441 = ORIENTED_EDGE('',*,*,#40,.T.);
#442 = ORIENTED_EDGE('',*,*,#192,.T.);
#443 = ORIENTED_EDGE('',*,*,#444,.F.);
#444 = EDGE_CURVE('',#445,#193,#447,.T.);
#445 = VERTEX_POINT('',#446);
#446 = CARTESIAN_POINT('',(197.28898247566,35.131059815561,35.));
#447 = LINE('',#448,#449);
#448 = CARTESIAN_POINT('',(-45.0691922542,196.20096743832,35.));
#449 = VECTOR('',#450,1.);
#450 = DIRECTION('',(0.832845961271,-0.553504837192,0.));
#451 = ORIENTED_EDGE('',*,*,#452,.F.);
#452 = EDGE_CURVE('',#453,#445,#455,.T.);
#453 = VERTEX_POINT('',#454);
#454 = CARTESIAN_POINT('',(197.28898247566,35.131059815561,3.));
#455 = LINE('',#456,#457);
#456 = CARTESIAN_POINT('',(197.28898247566,35.131059815561,0.));
#457 = VECTOR('',#458,1.);
#458 = DIRECTION('',(0.,0.,1.));
#459 = ORIENTED_EDGE('',*,*,#460,.F.);
#460 = EDGE_CURVE('',#461,#453,#463,.T.);
#461 = VERTEX_POINT('',#462);
#462 = CARTESIAN_POINT('',(160.62160027889,59.5,3.));
#463 = LINE('',#464,#465);
#464 = CARTESIAN_POINT('',(-45.0691922542,196.20096743832,3.));
#465 = VECTOR('',#466,1.);
#466 = DIRECTION('',(0.832845961271,-0.553504837192,0.));
#467 = ORIENTED_EDGE('',*,*,#468,.T.);
#468 = EDGE_CURVE('',#461,#469,#471,.T.);
#469 = VERTEX_POINT('',#470);
#470 = CARTESIAN_POINT('',(160.62160027889,59.5,10.));
#471 = LINE('',#472,#473);
#472 = CARTESIAN_POINT('',(160.62160027889,59.5,-200.));
#473 = VECTOR('',#474,1.);
#474 = DIRECTION('',(0.,0.,1.));
#475 = ORIENTED_EDGE('',*,*,#476,.F.);
#476 = EDGE_CURVE('',#477,#469,#479,.T.);
#477 = VERTEX_POINT('',#478);
#478 = CARTESIAN_POINT('',(152.5,64.897570798381,10.));
#479 = LINE('',#480,#481);
#480 = CARTESIAN_POINT('',(-28.32509464193,185.07293241891,10.));
#481 = VECTOR('',#482,1.);
#482 = DIRECTION('',(0.832845961271,-0.553504837192,0.));
#483 = ORIENTED_EDGE('',*,*,#484,.T.);
#484 = EDGE_CURVE('',#477,#485,#487,.T.);
#485 = VERTEX_POINT('',#486);
#486 = CARTESIAN_POINT('',(152.5,64.897570798381,3.));
#487 = LINE('',#488,#489);
#488 = CARTESIAN_POINT('',(152.5,64.897570798381,-200.));
#489 = VECTOR('',#490,1.);
#490 = DIRECTION('',(0.,0.,-1.));
#491 = ORIENTED_EDGE('',*,*,#492,.F.);
#492 = EDGE_CURVE('',#493,#485,#495,.T.);
#493 = VERTEX_POINT('',#494);
#494 = CARTESIAN_POINT('',(144.81968691558,70.001864558634,3.));
#495 = LINE('',#496,#497);
#496 = CARTESIAN_POINT('',(-45.0691922542,196.20096743832,3.));
#497 = VECTOR('',#498,1.);
#498 = DIRECTION('',(0.832845961271,-0.553504837192,0.));
#499 = ORIENTED_EDGE('',*,*,#500,.T.);
#500 = EDGE_CURVE('',#493,#356,#501,.T.);
#501 = LINE('',#502,#503);
#502 = CARTESIAN_POINT('',(144.81968691558,70.001864558634,0.));
#503 = VECTOR('',#504,1.);
#504 = DIRECTION('',(0.,0.,1.));
#505 = PLANE('',#506);
#506 = AXIS2_PLACEMENT_3D('',#507,#508,#509);
#507 = CARTESIAN_POINT('',(-211.6383845084,306.90193487665,-400.));
#508 = DIRECTION('',(-0.553504837192,-0.832845961271,0.));
#509 = DIRECTION('',(0.832845961271,-0.553504837192,0.));
#510 = ADVANCED_FACE('',(#511),#523,.F.);
#511 = FACE_BOUND('',#512,.F.);
#512 = EDGE_LOOP('',(#513,#514,#515,#516));
#513 = ORIENTED_EDGE('',*,*,#64,.F.);
#514 = ORIENTED_EDGE('',*,*,#31,.T.);
#515 = ORIENTED_EDGE('',*,*,#436,.F.);
#516 = ORIENTED_EDGE('',*,*,#517,.F.);
#517 = EDGE_CURVE('',#65,#429,#518,.T.);
#518 = CIRCLE('',#519,91.);
#519 = AXIS2_PLACEMENT_3D('',#520,#521,#522);
#520 = CARTESIAN_POINT('',(121.5,85.5,0.));
#521 = DIRECTION('',(0.,0.,1.));
#522 = DIRECTION('',(1.,0.,-0.));
#523 = PLANE('',#524);
#524 = AXIS2_PLACEMENT_3D('',#525,#526,#527);
#525 = CARTESIAN_POINT('',(121.5,85.5,0.));
#526 = DIRECTION('',(0.,0.,1.));
#527 = DIRECTION('',(1.,0.,-0.));
#528 = ADVANCED_FACE('',(#529),#541,.T.);
#529 = FACE_BOUND('',#530,.T.);
#530 = EDGE_LOOP('',(#531,#532,#533,#534));
#531 = ORIENTED_EDGE('',*,*,#168,.F.);
#532 = ORIENTED_EDGE('',*,*,#200,.T.);
#533 = ORIENTED_EDGE('',*,*,#444,.F.);
#534 = ORIENTED_EDGE('',*,*,#535,.F.);
#535 = EDGE_CURVE('',#161,#445,#536,.T.);
#536 = CIRCLE('',#537,91.);
#537 = AXIS2_PLACEMENT_3D('',#538,#539,#540);
#538 = CARTESIAN_POINT('',(121.5,85.5,35.));
#539 = DIRECTION('',(0.,0.,1.));
#540 = DIRECTION('',(1.,0.,-0.));
#541 = PLANE('',#542);
#542 = AXIS2_PLACEMENT_3D('',#543,#544,#545);
#543 = CARTESIAN_POINT('',(121.5,85.5,35.));
#544 = DIRECTION('',(0.,0.,1.));
#545 = DIRECTION('',(1.,0.,-0.));
#546 = ADVANCED_FACE('',(#547,#559,#610,#661),#697,.F.);
#547 = FACE_BOUND('',#548,.F.);
#548 = EDGE_LOOP('',(#549,#550,#551,#558));
#549 = ORIENTED_EDGE('',*,*,#535,.F.);
#550 = ORIENTED_EDGE('',*,*,#160,.F.);
#551 = ORIENTED_EDGE('',*,*,#552,.T.);
#552 = EDGE_CURVE('',#153,#453,#553,.T.);
#553 = CIRCLE('',#554,91.);
#554 = AXIS2_PLACEMENT_3D('',#555,#556,#557);
#555 = CARTESIAN_POINT('',(121.5,85.5,3.));
#556 = DIRECTION('',(0.,0.,1.));
#557 = DIRECTION('',(1.,0.,-0.));
#558 = ORIENTED_EDGE('',*,*,#452,.T.);
#559 = FACE_BOUND('',#560,.F.);
#560 = EDGE_LOOP('',(#561));
#561 = ORIENTED_EDGE('',*,*,#562,.F.);
#562 = EDGE_CURVE('',#563,#563,#565,.T.);
#563 = VERTEX_POINT('',#564);
#564 = CARTESIAN_POINT('',(162.63296205247,4.326855224219,
    22.836139731587));
#565 = B_SPLINE_CURVE_WITH_KNOTS('',7,(#566,#567,#568,#569,#570,#571,
    #572,#573,#574,#575,#576,#577,#578,#579,#580,#581,#582,#583,#584,
    #585,#586,#587,#588,#589,#590,#591,#592,#593,#594,#595,#596,#597,
    #598,#599,#600,#601,#602,#603,#604,#605,#606,#607,#608,#609),
  .UNSPECIFIED.,.T.,.F.,(8,6,6,6,6,6,6,8),(0.,0.15316481678,
    0.286259083908,0.422688887921,0.588413881094,0.714257280556,
    0.837699946731,1.),.UNSPECIFIED.);
#566 = CARTESIAN_POINT('',(162.63296205247,4.326855224219,
    22.836139731587));
#567 = CARTESIAN_POINT('',(162.63296205247,4.326855224219,
    22.638115129582));
#568 = CARTESIAN_POINT('',(162.65750020644,4.339289501366,
    22.440211974513));
#569 = CARTESIAN_POINT('',(162.70651006216,4.364124167992,
    22.244792766528));
#570 = CARTESIAN_POINT('',(162.78068711181,4.401771120214,
    22.054545601786));
#571 = CARTESIAN_POINT('',(162.88118004992,4.452927347319,
    21.873030342231));
#572 = CARTESIAN_POINT('',(163.00929058578,4.518460264242,
    21.705262244823));
#573 = CARTESIAN_POINT('',(163.30175536292,4.669086089739,
    21.431695159375));
#574 = CARTESIAN_POINT('',(163.46404964731,4.753008823171,
    21.316083358514));
#575 = CARTESIAN_POINT('',(163.64930795029,4.849330880331,
    21.225381320111));
#576 = CARTESIAN_POINT('',(163.85069909242,4.954795966579,
    21.168779635096));
#577 = CARTESIAN_POINT('',(164.05915679164,5.064867391986,
    21.151228265337));
#578 = CARTESIAN_POINT('',(164.26514769677,5.174467979588,
    21.173172984296));
#579 = CARTESIAN_POINT('',(164.66012310746,5.38598618472,21.288853999789
    ));
#580 = CARTESIAN_POINT('',(164.84147010887,5.483849646851,
    21.382299839347));
#581 = CARTESIAN_POINT('',(165.00116667579,5.57062057429,21.502621798789
    ));
#582 = CARTESIAN_POINT('',(165.13796242576,5.645346506009,
    21.643130456713));
#583 = CARTESIAN_POINT('',(165.25156119462,5.707646377346,
    21.797963688731));
#584 = CARTESIAN_POINT('',(165.34240569723,5.75760412817,21.96194463126)
  );
#585 = CARTESIAN_POINT('',(165.49559835928,5.842002738914,
    22.335333258867));
#586 = CARTESIAN_POINT('',(165.54943063843,5.871795321067,
    22.551299664995));
#587 = CARTESIAN_POINT('',(165.57364609008,5.885231866924,22.77352917467
    ));
#588 = CARTESIAN_POINT('',(165.56813270083,5.88217508072,22.997808481928
    ));
#589 = CARTESIAN_POINT('',(165.53250933714,5.862419012974,
    23.219593035397));
#590 = CARTESIAN_POINT('',(165.46650327468,5.825922438173,
    23.433656527438));
#591 = CARTESIAN_POINT('',(165.29733092918,5.732834141506,
    23.785981735542));
#592 = CARTESIAN_POINT('',(165.20546859823,5.682387882625,
    23.933130580486));
#593 = CARTESIAN_POINT('',(165.09399448788,5.621345895173,
    24.071313951213));
#594 = CARTESIAN_POINT('',(164.96276733818,5.549767427601,
    24.196107561333));
#595 = CARTESIAN_POINT('',(164.81230424576,5.468114264233,
    24.302701760352));
#596 = CARTESIAN_POINT('',(164.6439115883,5.377304552036,24.385823533872
    ));
#597 = CARTESIAN_POINT('',(164.27997599469,5.182408866227,
    24.492079492173));
#598 = CARTESIAN_POINT('',(164.08969121212,5.081115046277,
    24.514960914649));
#599 = CARTESIAN_POINT('',(163.89631138099,4.978889581163,24.50416935154
    ));
#600 = CARTESIAN_POINT('',(163.70773932469,4.879956414076,
    24.459581371758));
#601 = CARTESIAN_POINT('',(163.5316332489,4.788189204208,24.384720491906
    ));
#602 = CARTESIAN_POINT('',(163.37406517977,4.70652307985,24.286571849784
    ));
#603 = CARTESIAN_POINT('',(163.06044144977,4.544642590464,
    24.029469441417));
#604 = CARTESIAN_POINT('',(162.91447984668,4.46988272252,23.856185261079
    ));
#605 = CARTESIAN_POINT('',(162.80022342844,4.411687274661,
    23.665705155165));
#606 = CARTESIAN_POINT('',(162.7160954292,4.368981212821,23.464423555415
    ));
#607 = CARTESIAN_POINT('',(162.66067465614,4.340898134287,
    23.256962687606));
#608 = CARTESIAN_POINT('',(162.63296205247,4.326855224219,
    23.046577713763));
#609 = CARTESIAN_POINT('',(162.63296205247,4.326855224219,
    22.836139731587));
#610 = FACE_BOUND('',#611,.F.);
#611 = EDGE_LOOP('',(#612));
#612 = ORIENTED_EDGE('',*,*,#613,.F.);
#613 = EDGE_CURVE('',#614,#614,#616,.T.);
#614 = VERTEX_POINT('',#615);
#615 = CARTESIAN_POINT('',(192.94912826859,29.143792980202,
    22.836139731587));
#616 = B_SPLINE_CURVE_WITH_KNOTS('',7,(#617,#618,#619,#620,#621,#622,
    #623,#624,#625,#626,#627,#628,#629,#630,#631,#632,#633,#634,#635,
    #636,#637,#638,#639,#640,#641,#642,#643,#644,#645,#646,#647,#648,
    #649,#650,#651,#652,#653,#654,#655,#656,#657,#658,#659,#660),
  .UNSPECIFIED.,.T.,.F.,(8,6,6,6,6,6,6,8),(0.,0.152658404109,
    0.285461471361,0.421521814687,0.588688923497,0.714456154785,
    0.83773651547,1.),.UNSPECIFIED.);
#617 = CARTESIAN_POINT('',(192.94912826859,29.143792980202,
    22.836139731587));
#618 = CARTESIAN_POINT('',(192.94912826859,29.143792980202,
    23.033897146071));
#619 = CARTESIAN_POINT('',(192.93213803695,29.122252588189,
    23.231580330793));
#620 = CARTESIAN_POINT('',(192.89816162168,29.079176624205,
    23.426815824305));
#621 = CARTESIAN_POINT('',(192.84662943464,29.013928171214,
    23.616884907106));
#622 = CARTESIAN_POINT('',(192.77661838991,28.925502655082,
    23.798194184908));
#623 = CARTESIAN_POINT('',(192.68702461012,28.81280087996,
    23.965708282091));
#624 = CARTESIAN_POINT('',(192.48137764774,28.555575334465,
    24.238885218971));
#625 = CARTESIAN_POINT('',(192.36696799399,28.412952673653,
    24.354160081874));
#626 = CARTESIAN_POINT('',(192.23593384706,28.250351542415,
    24.444492761497));
#627 = CARTESIAN_POINT('',(192.09279769032,28.073800065974,
    24.500819138552));
#628 = CARTESIAN_POINT('',(191.94378221928,27.891269514573,
    24.518255074084));
#629 = CARTESIAN_POINT('',(191.79573587095,27.711087462135,
    24.496375104097));
#630 = CARTESIAN_POINT('',(191.51061205495,27.365969333737,
    24.381155327242));
#631 = CARTESIAN_POINT('',(191.3788941148,27.207569059993,
    24.288098608988));
#632 = CARTESIAN_POINT('',(191.26224644502,27.068105841119,
    24.168164828264));
#633 = CARTESIAN_POINT('',(191.16190093868,26.948680100728,
    24.02797839519));
#634 = CARTESIAN_POINT('',(191.07833020318,26.849554266558,
    23.873390151588));
#635 = CARTESIAN_POINT('',(191.01138682636,26.770336813926,
    23.709612539547));
#636 = CARTESIAN_POINT('',(190.89768481578,26.635997789114,
    23.334405855317));
#637 = CARTESIAN_POINT('',(190.85824208975,26.589582981134,
    23.118008984293));
#638 = CARTESIAN_POINT('',(190.84084200384,26.569148130639,
    22.896992504196));
#639 = CARTESIAN_POINT('',(190.84502686807,26.574065151406,
    22.674649169639));
#640 = CARTESIAN_POINT('',(190.87095915682,26.604535261617,
    22.454384194093));
#641 = CARTESIAN_POINT('',(190.91925528295,26.661413487645,
    22.240146674574));
#642 = CARTESIAN_POINT('',(191.04456404126,26.809621268929,
    21.885462539059));
#643 = CARTESIAN_POINT('',(191.11212782387,26.889669598856,
    21.738111191375));
#644 = CARTESIAN_POINT('',(191.19392869645,26.986822095481,
    21.599683725733));
#645 = CARTESIAN_POINT('',(191.28995706554,27.101252917095,
    21.474583660306));
#646 = CARTESIAN_POINT('',(191.39969172658,27.232585944191,
    21.367635099576));
#647 = CARTESIAN_POINT('',(191.52201571363,27.379772492636,
    21.284166071624));
#648 = CARTESIAN_POINT('',(191.78515886081,27.698284890975,
    21.177494456071));
#649 = CARTESIAN_POINT('',(191.92211032453,27.864895141249,21.1545338537
    ));
#650 = CARTESIAN_POINT('',(192.06057993897,28.034348680353,
    21.165398131358));
#651 = CARTESIAN_POINT('',(192.19484862339,28.199711311344,
    21.210204227597));
#652 = CARTESIAN_POINT('',(192.31958760074,28.354216707755,
    21.28537765876));
#653 = CARTESIAN_POINT('',(192.43069998642,28.492465618395,
    21.383828270055));
#654 = CARTESIAN_POINT('',(192.65114012047,28.76768635403,
    21.641372956327));
#655 = CARTESIAN_POINT('',(192.75320612748,28.895939892853,
    21.814955623911));
#656 = CARTESIAN_POINT('',(192.83280189898,28.996422256124,
    22.005672683704));
#657 = CARTESIAN_POINT('',(192.89130355507,29.070481656119,
    22.207143592885));
#658 = CARTESIAN_POINT('',(192.92983281567,29.119330055468,
    22.414787272189));
#659 = CARTESIAN_POINT('',(192.94912826859,29.143792980202,
    22.625399457492));
#660 = CARTESIAN_POINT('',(192.94912826859,29.143792980202,
    22.836139731587));
#661 = FACE_BOUND('',#662,.F.);
#662 = EDGE_LOOP('',(#663,#674,#682,#691));
#663 = ORIENTED_EDGE('',*,*,#664,.F.);
#664 = EDGE_CURVE('',#665,#667,#669,.T.);
#665 = VERTEX_POINT('',#666);
#666 = CARTESIAN_POINT('',(167.09005744089,6.743751596866,
    13.904552185695));
#667 = VERTEX_POINT('',#668);
#668 = CARTESIAN_POINT('',(189.69946614242,25.25190610577,
    13.904552185695));
#669 = ELLIPSE('',#670,91.365587249228,91.);
#670 = AXIS2_PLACEMENT_3D('',#671,#672,#673);
#671 = CARTESIAN_POINT('',(121.5,85.5,21.963843019307));
#672 = DIRECTION('',(5.660898167254E-02,-6.915306451523E-02,
    0.995998632962));
#673 = DIRECTION('',(-0.630898899701,0.7707008857,8.936846836468E-02));
#674 = ORIENTED_EDGE('',*,*,#675,.T.);
#675 = EDGE_CURVE('',#665,#676,#678,.T.);
#676 = VERTEX_POINT('',#677);
#677 = CARTESIAN_POINT('',(167.09005744089,6.743751596866,
    18.631434285402));
#678 = LINE('',#679,#680);
#679 = CARTESIAN_POINT('',(167.09005744089,6.743751596866,0.));
#680 = VECTOR('',#681,1.);
#681 = DIRECTION('',(0.,0.,1.));
#682 = ORIENTED_EDGE('',*,*,#683,.F.);
#683 = EDGE_CURVE('',#684,#676,#686,.T.);
#684 = VERTEX_POINT('',#685);
#685 = CARTESIAN_POINT('',(189.69946614242,25.25190610577,
    18.631434285402));
#686 = ELLIPSE('',#687,1.018256233604E+03,91.);
#687 = AXIS2_PLACEMENT_3D('',#688,#689,#690);
#688 = CARTESIAN_POINT('',(121.5,85.5,-982.3953161159));
#689 = DIRECTION('',(0.630898899701,-0.7707008857,-8.936846836468E-02));
#690 = DIRECTION('',(5.660898167254E-02,-6.915306451523E-02,
    0.995998632962));
#691 = ORIENTED_EDGE('',*,*,#692,.F.);
#692 = EDGE_CURVE('',#667,#684,#693,.T.);
#693 = LINE('',#694,#695);
#694 = CARTESIAN_POINT('',(189.69946614242,25.25190610577,0.));
#695 = VECTOR('',#696,1.);
#696 = DIRECTION('',(0.,0.,1.));
#697 = CYLINDRICAL_SURFACE('',#698,91.);
#698 = AXIS2_PLACEMENT_3D('',#699,#700,#701);
#699 = CARTESIAN_POINT('',(121.5,85.5,0.));
#700 = DIRECTION('',(0.,0.,1.));
#701 = DIRECTION('',(1.,0.,-0.));
#702 = ADVANCED_FACE('',(#703),#754,.T.);
#703 = FACE_BOUND('',#704,.T.);
#704 = EDGE_LOOP('',(#705,#714,#722,#730,#736,#737,#738,#739,#747,#753)
  );
#705 = ORIENTED_EDGE('',*,*,#706,.F.);
#706 = EDGE_CURVE('',#707,#493,#709,.T.);
#707 = VERTEX_POINT('',#708);
#708 = CARTESIAN_POINT('',(133.59193395994,60.245591808393,3.));
#709 = CIRCLE('',#710,28.);
#710 = AXIS2_PLACEMENT_3D('',#711,#712,#713);
#711 = CARTESIAN_POINT('',(121.5,85.5,3.));
#712 = DIRECTION('',(0.,0.,1.));
#713 = DIRECTION('',(1.,0.,-0.));
#714 = ORIENTED_EDGE('',*,*,#715,.F.);
#715 = EDGE_CURVE('',#716,#707,#718,.T.);
#716 = VERTEX_POINT('',#717);
#717 = CARTESIAN_POINT('',(136.34295137365,54.5,3.));
#718 = LINE('',#719,#720);
#719 = CARTESIAN_POINT('',(207.87095685675,-94.88862994005,3.));
#720 = VECTOR('',#721,1.);
#721 = DIRECTION('',(-0.431854784284,0.9019431497,0.));
#722 = ORIENTED_EDGE('',*,*,#723,.F.);
#723 = EDGE_CURVE('',#724,#716,#726,.T.);
#724 = VERTEX_POINT('',#725);
#725 = CARTESIAN_POINT('',(147.5,54.5,3.));
#726 = LINE('',#727,#728);
#727 = CARTESIAN_POINT('',(126.5,54.5,3.));
#728 = VECTOR('',#729,1.);
#729 = DIRECTION('',(-1.,-0.,0.));
#730 = ORIENTED_EDGE('',*,*,#731,.F.);
#731 = EDGE_CURVE('',#145,#724,#732,.T.);
#732 = LINE('',#733,#734);
#733 = CARTESIAN_POINT('',(147.5,46.,3.));
#734 = VECTOR('',#735,1.);
#735 = DIRECTION('',(-0.,1.,0.));
#736 = ORIENTED_EDGE('',*,*,#152,.F.);
#737 = ORIENTED_EDGE('',*,*,#552,.T.);
#738 = ORIENTED_EDGE('',*,*,#460,.F.);
#739 = ORIENTED_EDGE('',*,*,#740,.T.);
#740 = EDGE_CURVE('',#461,#741,#743,.T.);
#741 = VERTEX_POINT('',#742);
#742 = CARTESIAN_POINT('',(152.5,59.5,3.));
#743 = LINE('',#744,#745);
#744 = CARTESIAN_POINT('',(137.,59.5,3.));
#745 = VECTOR('',#746,1.);
#746 = DIRECTION('',(-1.,-0.,0.));
#747 = ORIENTED_EDGE('',*,*,#748,.T.);
#748 = EDGE_CURVE('',#741,#485,#749,.T.);
#749 = LINE('',#750,#751);
#750 = CARTESIAN_POINT('',(152.5,72.5,3.));
#751 = VECTOR('',#752,1.);
#752 = DIRECTION('',(-0.,1.,0.));
#753 = ORIENTED_EDGE('',*,*,#492,.F.);
#754 = PLANE('',#755);
#755 = AXIS2_PLACEMENT_3D('',#756,#757,#758);
#756 = CARTESIAN_POINT('',(121.5,85.5,3.));
#757 = DIRECTION('',(0.,0.,1.));
#758 = DIRECTION('',(1.,0.,-0.));
#759 = ADVANCED_FACE('',(#760),#778,.T.);
#760 = FACE_BOUND('',#761,.T.);
#761 = EDGE_LOOP('',(#762,#763,#764,#772));
#762 = ORIENTED_EDGE('',*,*,#144,.F.);
#763 = ORIENTED_EDGE('',*,*,#731,.T.);
#764 = ORIENTED_EDGE('',*,*,#765,.T.);
#765 = EDGE_CURVE('',#724,#766,#768,.T.);
#766 = VERTEX_POINT('',#767);
#767 = CARTESIAN_POINT('',(147.5,54.5,10.));
#768 = LINE('',#769,#770);
#769 = CARTESIAN_POINT('',(147.5,54.5,0.));
#770 = VECTOR('',#771,1.);
#771 = DIRECTION('',(0.,0.,1.));
#772 = ORIENTED_EDGE('',*,*,#773,.F.);
#773 = EDGE_CURVE('',#137,#766,#774,.T.);
#774 = LINE('',#775,#776);
#775 = CARTESIAN_POINT('',(147.5,6.5,10.));
#776 = VECTOR('',#777,1.);
#777 = DIRECTION('',(-0.,1.,0.));
#778 = PLANE('',#779);
#779 = AXIS2_PLACEMENT_3D('',#780,#781,#782);
#780 = CARTESIAN_POINT('',(147.5,6.5,0.));
#781 = DIRECTION('',(1.,0.,-0.));
#782 = DIRECTION('',(0.,0.,1.));
#783 = ADVANCED_FACE('',(#784),#820,.T.);
#784 = FACE_BOUND('',#785,.T.);
#785 = EDGE_LOOP('',(#786,#794,#802,#811,#818,#819));
#786 = ORIENTED_EDGE('',*,*,#787,.F.);
#787 = EDGE_CURVE('',#788,#766,#790,.T.);
#788 = VERTEX_POINT('',#789);
#789 = CARTESIAN_POINT('',(136.34295137365,54.5,10.));
#790 = LINE('',#791,#792);
#791 = CARTESIAN_POINT('',(131.5,54.5,10.));
#792 = VECTOR('',#793,1.);
#793 = DIRECTION('',(1.,0.,-0.));
#794 = ORIENTED_EDGE('',*,*,#795,.F.);
#795 = EDGE_CURVE('',#796,#788,#798,.T.);
#796 = VERTEX_POINT('',#797);
#797 = CARTESIAN_POINT('',(139.33903395489,48.242581399052,10.));
#798 = LINE('',#799,#800);
#799 = CARTESIAN_POINT('',(224.18903397212,-128.9694793508,10.));
#800 = VECTOR('',#801,1.);
#801 = DIRECTION('',(-0.431854784284,0.9019431497,0.));
#802 = ORIENTED_EDGE('',*,*,#803,.F.);
#803 = EDGE_CURVE('',#804,#796,#806,.T.);
#804 = VERTEX_POINT('',#805);
#805 = CARTESIAN_POINT('',(141.25,46.5,10.));
#806 = CIRCLE('',#807,1.75);
#807 = AXIS2_PLACEMENT_3D('',#808,#809,#810);
#808 = CARTESIAN_POINT('',(139.5,46.5,10.));
#809 = DIRECTION('',(0.,0.,1.));
#810 = DIRECTION('',(1.,0.,-0.));
#811 = ORIENTED_EDGE('',*,*,#812,.F.);
#812 = EDGE_CURVE('',#129,#804,#813,.T.);
#813 = CIRCLE('',#814,1.75);
#814 = AXIS2_PLACEMENT_3D('',#815,#816,#817);
#815 = CARTESIAN_POINT('',(139.5,46.5,10.));
#816 = DIRECTION('',(0.,0.,1.));
#817 = DIRECTION('',(1.,0.,-0.));
#818 = ORIENTED_EDGE('',*,*,#136,.F.);
#819 = ORIENTED_EDGE('',*,*,#773,.T.);
#820 = PLANE('',#821);
#821 = AXIS2_PLACEMENT_3D('',#822,#823,#824);
#822 = CARTESIAN_POINT('',(131.5,6.5,10.));
#823 = DIRECTION('',(0.,0.,1.));
#824 = DIRECTION('',(1.,0.,-0.));
#825 = ADVANCED_FACE('',(#826),#845,.F.);
#826 = FACE_BOUND('',#827,.F.);
#827 = EDGE_LOOP('',(#828,#836,#837,#838));
#828 = ORIENTED_EDGE('',*,*,#829,.T.);
#829 = EDGE_CURVE('',#830,#804,#832,.T.);
#830 = VERTEX_POINT('',#831);
#831 = CARTESIAN_POINT('',(141.25,46.5,7.6));
#832 = LINE('',#833,#834);
#833 = CARTESIAN_POINT('',(141.25,46.5,7.3));
#834 = VECTOR('',#835,1.);
#835 = DIRECTION('',(0.,0.,1.));
#836 = ORIENTED_EDGE('',*,*,#812,.F.);
#837 = ORIENTED_EDGE('',*,*,#128,.F.);
#838 = ORIENTED_EDGE('',*,*,#839,.T.);
#839 = EDGE_CURVE('',#121,#830,#840,.T.);
#840 = CIRCLE('',#841,1.75);
#841 = AXIS2_PLACEMENT_3D('',#842,#843,#844);
#842 = CARTESIAN_POINT('',(139.5,46.5,7.6));
#843 = DIRECTION('',(0.,0.,1.));
#844 = DIRECTION('',(1.,0.,-0.));
#845 = CYLINDRICAL_SURFACE('',#846,1.75);
#846 = AXIS2_PLACEMENT_3D('',#847,#848,#849);
#847 = CARTESIAN_POINT('',(139.5,46.5,7.3));
#848 = DIRECTION('',(0.,0.,1.));
#849 = DIRECTION('',(1.,0.,-0.));
#850 = ADVANCED_FACE('',(#851),#894,.T.);
#851 = FACE_BOUND('',#852,.T.);
#852 = EDGE_LOOP('',(#853,#863,#871,#879,#885,#886,#887));
#853 = ORIENTED_EDGE('',*,*,#854,.F.);
#854 = EDGE_CURVE('',#855,#857,#859,.T.);
#855 = VERTEX_POINT('',#856);
#856 = CARTESIAN_POINT('',(138.78485627705,49.4,7.6));
#857 = VERTEX_POINT('',#858);
#858 = CARTESIAN_POINT('',(139.33903395489,48.242581399052,7.6));
#859 = LINE('',#860,#861);
#860 = CARTESIAN_POINT('',(217.14485890396,-114.2574843023,7.6));
#861 = VECTOR('',#862,1.);
#862 = DIRECTION('',(0.431854784284,-0.9019431497,0.));
#863 = ORIENTED_EDGE('',*,*,#864,.T.);
#864 = EDGE_CURVE('',#855,#865,#867,.T.);
#865 = VERTEX_POINT('',#866);
#866 = CARTESIAN_POINT('',(141.17431578065,49.4,7.6));
#867 = LINE('',#868,#869);
#868 = CARTESIAN_POINT('',(137.82568421935,49.4,7.6));
#869 = VECTOR('',#870,1.);
#870 = DIRECTION('',(1.,0.,0.));
#871 = ORIENTED_EDGE('',*,*,#872,.T.);
#872 = EDGE_CURVE('',#865,#873,#875,.T.);
#873 = VERTEX_POINT('',#874);
#874 = CARTESIAN_POINT('',(142.8486315613,46.5,7.6));
#875 = LINE('',#876,#877);
#876 = CARTESIAN_POINT('',(141.17431578065,49.4,7.6));
#877 = VECTOR('',#878,1.);
#878 = DIRECTION('',(0.5,-0.866025403784,0.));
#879 = ORIENTED_EDGE('',*,*,#880,.T.);
#880 = EDGE_CURVE('',#873,#113,#881,.T.);
#881 = LINE('',#882,#883);
#882 = CARTESIAN_POINT('',(142.8486315613,46.5,7.6));
#883 = VECTOR('',#884,1.);
#884 = DIRECTION('',(-0.5,-0.866025403784,0.));
#885 = ORIENTED_EDGE('',*,*,#120,.F.);
#886 = ORIENTED_EDGE('',*,*,#839,.T.);
#887 = ORIENTED_EDGE('',*,*,#888,.T.);
#888 = EDGE_CURVE('',#830,#857,#889,.T.);
#889 = CIRCLE('',#890,1.75);
#890 = AXIS2_PLACEMENT_3D('',#891,#892,#893);
#891 = CARTESIAN_POINT('',(139.5,46.5,7.6));
#892 = DIRECTION('',(0.,0.,1.));
#893 = DIRECTION('',(1.,0.,-0.));
#894 = PLANE('',#895);
#895 = AXIS2_PLACEMENT_3D('',#896,#897,#898);
#896 = CARTESIAN_POINT('',(139.5,46.5,7.6));
#897 = DIRECTION('',(-0.,-0.,-1.));
#898 = DIRECTION('',(-1.,0.,0.));
#899 = ADVANCED_FACE('',(#900),#918,.F.);
#900 = FACE_BOUND('',#901,.F.);
#901 = EDGE_LOOP('',(#902,#910,#911,#912));
#902 = ORIENTED_EDGE('',*,*,#903,.T.);
#903 = EDGE_CURVE('',#904,#873,#906,.T.);
#904 = VERTEX_POINT('',#905);
#905 = CARTESIAN_POINT('',(142.8486315613,43.6,7.6));
#906 = LINE('',#907,#908);
#907 = CARTESIAN_POINT('',(142.8486315613,43.6,7.6));
#908 = VECTOR('',#909,1.);
#909 = DIRECTION('',(-0.,1.,0.));
#910 = ORIENTED_EDGE('',*,*,#880,.T.);
#911 = ORIENTED_EDGE('',*,*,#112,.F.);
#912 = ORIENTED_EDGE('',*,*,#913,.T.);
#913 = EDGE_CURVE('',#105,#904,#914,.T.);
#914 = LINE('',#915,#916);
#915 = CARTESIAN_POINT('',(119.5,43.6,7.6));
#916 = VECTOR('',#917,1.);
#917 = DIRECTION('',(1.,0.,-0.));
#918 = PLANE('',#919);
#919 = AXIS2_PLACEMENT_3D('',#920,#921,#922);
#920 = CARTESIAN_POINT('',(119.5,43.6,7.6));
#921 = DIRECTION('',(0.,0.,1.));
#922 = DIRECTION('',(1.,0.,-0.));
#923 = ADVANCED_FACE('',(#924),#942,.T.);
#924 = FACE_BOUND('',#925,.T.);
#925 = EDGE_LOOP('',(#926,#934,#935,#936));
#926 = ORIENTED_EDGE('',*,*,#927,.F.);
#927 = EDGE_CURVE('',#97,#928,#930,.T.);
#928 = VERTEX_POINT('',#929);
#929 = CARTESIAN_POINT('',(142.8486315613,43.6,5.));
#930 = LINE('',#931,#932);
#931 = CARTESIAN_POINT('',(119.5,43.6,5.));
#932 = VECTOR('',#933,1.);
#933 = DIRECTION('',(1.,0.,-0.));
#934 = ORIENTED_EDGE('',*,*,#104,.F.);
#935 = ORIENTED_EDGE('',*,*,#913,.T.);
#936 = ORIENTED_EDGE('',*,*,#937,.F.);
#937 = EDGE_CURVE('',#928,#904,#938,.T.);
#938 = LINE('',#939,#940);
#939 = CARTESIAN_POINT('',(142.8486315613,43.6,5.));
#940 = VECTOR('',#941,1.);
#941 = DIRECTION('',(0.,0.,1.));
#942 = PLANE('',#943);
#943 = AXIS2_PLACEMENT_3D('',#944,#945,#946);
#944 = CARTESIAN_POINT('',(119.5,43.6,5.));
#945 = DIRECTION('',(-0.,1.,0.));
#946 = DIRECTION('',(0.,0.,1.));
#947 = ADVANCED_FACE('',(#948),#1008,.F.);
#948 = FACE_BOUND('',#949,.F.);
#949 = EDGE_LOOP('',(#950,#951,#960,#969,#977,#985,#993,#1001,#1007));
#950 = ORIENTED_EDGE('',*,*,#96,.F.);
#951 = ORIENTED_EDGE('',*,*,#952,.T.);
#952 = EDGE_CURVE('',#89,#953,#955,.T.);
#953 = VERTEX_POINT('',#954);
#954 = CARTESIAN_POINT('',(144.5,46.5,5.));
#955 = CIRCLE('',#956,5.);
#956 = AXIS2_PLACEMENT_3D('',#957,#958,#959);
#957 = CARTESIAN_POINT('',(139.5,46.5,5.));
#958 = DIRECTION('',(0.,0.,1.));
#959 = DIRECTION('',(1.,0.,-0.));
#960 = ORIENTED_EDGE('',*,*,#961,.T.);
#961 = EDGE_CURVE('',#953,#962,#964,.T.);
#962 = VERTEX_POINT('',#963);
#963 = CARTESIAN_POINT('',(137.90451989612,51.238611952687,5.));
#964 = CIRCLE('',#965,5.);
#965 = AXIS2_PLACEMENT_3D('',#966,#967,#968);
#966 = CARTESIAN_POINT('',(139.5,46.5,5.));
#967 = DIRECTION('',(0.,0.,1.));
#968 = DIRECTION('',(1.,0.,-0.));
#969 = ORIENTED_EDGE('',*,*,#970,.F.);
#970 = EDGE_CURVE('',#971,#962,#973,.T.);
#971 = VERTEX_POINT('',#972);
#972 = CARTESIAN_POINT('',(138.78485627705,49.4,5.));
#973 = LINE('',#974,#975);
#974 = CARTESIAN_POINT('',(217.14485890396,-114.2574843023,5.));
#975 = VECTOR('',#976,1.);
#976 = DIRECTION('',(-0.431854784284,0.9019431497,0.));
#977 = ORIENTED_EDGE('',*,*,#978,.T.);
#978 = EDGE_CURVE('',#971,#979,#981,.T.);
#979 = VERTEX_POINT('',#980);
#980 = CARTESIAN_POINT('',(141.17431578065,49.4,5.));
#981 = LINE('',#982,#983);
#982 = CARTESIAN_POINT('',(137.82568421935,49.4,5.));
#983 = VECTOR('',#984,1.);
#984 = DIRECTION('',(1.,0.,0.));
#985 = ORIENTED_EDGE('',*,*,#986,.T.);
#986 = EDGE_CURVE('',#979,#987,#989,.T.);
#987 = VERTEX_POINT('',#988);
#988 = CARTESIAN_POINT('',(142.8486315613,49.4,5.));
#989 = LINE('',#990,#991);
#990 = CARTESIAN_POINT('',(119.5,49.4,5.));
#991 = VECTOR('',#992,1.);
#992 = DIRECTION('',(1.,0.,-0.));
#993 = ORIENTED_EDGE('',*,*,#994,.F.);
#994 = EDGE_CURVE('',#995,#987,#997,.T.);
#995 = VERTEX_POINT('',#996);
#996 = CARTESIAN_POINT('',(142.8486315613,46.5,5.));
#997 = LINE('',#998,#999);
#998 = CARTESIAN_POINT('',(142.8486315613,43.6,5.));
#999 = VECTOR('',#1000,1.);
#1000 = DIRECTION('',(-0.,1.,0.));
#1001 = ORIENTED_EDGE('',*,*,#1002,.F.);
#1002 = EDGE_CURVE('',#928,#995,#1003,.T.);
#1003 = LINE('',#1004,#1005);
#1004 = CARTESIAN_POINT('',(142.8486315613,43.6,5.));
#1005 = VECTOR('',#1006,1.);
#1006 = DIRECTION('',(-0.,1.,0.));
#1007 = ORIENTED_EDGE('',*,*,#927,.F.);
#1008 = PLANE('',#1009);
#1009 = AXIS2_PLACEMENT_3D('',#1010,#1011,#1012);
#1010 = CARTESIAN_POINT('',(139.5,46.5,5.));
#1011 = DIRECTION('',(0.,0.,1.));
#1012 = DIRECTION('',(1.,0.,-0.));
#1013 = ADVANCED_FACE('',(#1014),#1033,.F.);
#1014 = FACE_BOUND('',#1015,.F.);
#1015 = EDGE_LOOP('',(#1016,#1025,#1031,#1032));
#1016 = ORIENTED_EDGE('',*,*,#1017,.T.);
#1017 = EDGE_CURVE('',#81,#1018,#1020,.T.);
#1018 = VERTEX_POINT('',#1019);
#1019 = CARTESIAN_POINT('',(144.5,46.5,0.));
#1020 = CIRCLE('',#1021,5.);
#1021 = AXIS2_PLACEMENT_3D('',#1022,#1023,#1024);
#1022 = CARTESIAN_POINT('',(139.5,46.5,0.));
#1023 = DIRECTION('',(0.,0.,1.));
#1024 = DIRECTION('',(1.,0.,-0.));
#1025 = ORIENTED_EDGE('',*,*,#1026,.T.);
#1026 = EDGE_CURVE('',#1018,#953,#1027,.T.);
#1027 = LINE('',#1028,#1029);
#1028 = CARTESIAN_POINT('',(144.5,46.5,-0.2));
#1029 = VECTOR('',#1030,1.);
#1030 = DIRECTION('',(0.,0.,1.));
#1031 = ORIENTED_EDGE('',*,*,#952,.F.);
#1032 = ORIENTED_EDGE('',*,*,#88,.F.);
#1033 = CYLINDRICAL_SURFACE('',#1034,5.);
#1034 = AXIS2_PLACEMENT_3D('',#1035,#1036,#1037);
#1035 = CARTESIAN_POINT('',(139.5,46.5,-0.2));
#1036 = DIRECTION('',(0.,0.,1.));
#1037 = DIRECTION('',(1.,0.,-0.));
#1038 = ADVANCED_FACE('',(#1039),#1074,.F.);
#1039 = FACE_BOUND('',#1040,.F.);
#1040 = EDGE_LOOP('',(#1041,#1051,#1059,#1066,#1067,#1068));
#1041 = ORIENTED_EDGE('',*,*,#1042,.F.);
#1042 = EDGE_CURVE('',#1043,#1045,#1047,.T.);
#1043 = VERTEX_POINT('',#1044);
#1044 = CARTESIAN_POINT('',(136.34295137365,54.5,0.));
#1045 = VERTEX_POINT('',#1046);
#1046 = CARTESIAN_POINT('',(147.5,54.5,0.));
#1047 = LINE('',#1048,#1049);
#1048 = CARTESIAN_POINT('',(131.5,54.5,0.));
#1049 = VECTOR('',#1050,1.);
#1050 = DIRECTION('',(1.,0.,-0.));
#1051 = ORIENTED_EDGE('',*,*,#1052,.F.);
#1052 = EDGE_CURVE('',#1053,#1043,#1055,.T.);
#1053 = VERTEX_POINT('',#1054);
#1054 = CARTESIAN_POINT('',(137.90451989612,51.238611952687,0.));
#1055 = LINE('',#1056,#1057);
#1056 = CARTESIAN_POINT('',(207.87095685675,-94.88862994005,0.));
#1057 = VECTOR('',#1058,1.);
#1058 = DIRECTION('',(-0.431854784284,0.9019431497,0.));
#1059 = ORIENTED_EDGE('',*,*,#1060,.F.);
#1060 = EDGE_CURVE('',#1018,#1053,#1061,.T.);
#1061 = CIRCLE('',#1062,5.);
#1062 = AXIS2_PLACEMENT_3D('',#1063,#1064,#1065);
#1063 = CARTESIAN_POINT('',(139.5,46.5,0.));
#1064 = DIRECTION('',(0.,0.,1.));
#1065 = DIRECTION('',(1.,0.,-0.));
#1066 = ORIENTED_EDGE('',*,*,#1017,.F.);
#1067 = ORIENTED_EDGE('',*,*,#80,.F.);
#1068 = ORIENTED_EDGE('',*,*,#1069,.T.);
#1069 = EDGE_CURVE('',#73,#1045,#1070,.T.);
#1070 = LINE('',#1071,#1072);
#1071 = CARTESIAN_POINT('',(147.5,6.5,0.));
#1072 = VECTOR('',#1073,1.);
#1073 = DIRECTION('',(-0.,1.,0.));
#1074 = PLANE('',#1075);
#1075 = AXIS2_PLACEMENT_3D('',#1076,#1077,#1078);
#1076 = CARTESIAN_POINT('',(121.5,85.5,0.));
#1077 = DIRECTION('',(0.,0.,1.));
#1078 = DIRECTION('',(1.,0.,-0.));
#1079 = ADVANCED_FACE('',(#1080),#1117,.F.);
#1080 = FACE_BOUND('',#1081,.F.);
#1081 = EDGE_LOOP('',(#1082,#1083,#1084,#1085,#1093,#1099,#1100,#1109,
    #1115,#1116));
#1082 = ORIENTED_EDGE('',*,*,#72,.F.);
#1083 = ORIENTED_EDGE('',*,*,#517,.T.);
#1084 = ORIENTED_EDGE('',*,*,#428,.F.);
#1085 = ORIENTED_EDGE('',*,*,#1086,.F.);
#1086 = EDGE_CURVE('',#1087,#421,#1089,.T.);
#1087 = VERTEX_POINT('',#1088);
#1088 = CARTESIAN_POINT('',(152.5,59.5,0.));
#1089 = LINE('',#1090,#1091);
#1090 = CARTESIAN_POINT('',(152.5,59.5,0.));
#1091 = VECTOR('',#1092,1.);
#1092 = DIRECTION('',(1.,0.,-0.));
#1093 = ORIENTED_EDGE('',*,*,#1094,.T.);
#1094 = EDGE_CURVE('',#1087,#413,#1095,.T.);
#1095 = LINE('',#1096,#1097);
#1096 = CARTESIAN_POINT('',(152.5,59.5,0.));
#1097 = VECTOR('',#1098,1.);
#1098 = DIRECTION('',(-0.,1.,0.));
#1099 = ORIENTED_EDGE('',*,*,#412,.F.);
#1100 = ORIENTED_EDGE('',*,*,#1101,.F.);
#1101 = EDGE_CURVE('',#1102,#405,#1104,.T.);
#1102 = VERTEX_POINT('',#1103);
#1103 = CARTESIAN_POINT('',(133.59193395994,60.245591808393,0.));
#1104 = CIRCLE('',#1105,28.);
#1105 = AXIS2_PLACEMENT_3D('',#1106,#1107,#1108);
#1106 = CARTESIAN_POINT('',(121.5,85.5,0.));
#1107 = DIRECTION('',(0.,0.,1.));
#1108 = DIRECTION('',(1.,0.,-0.));
#1109 = ORIENTED_EDGE('',*,*,#1110,.F.);
#1110 = EDGE_CURVE('',#1043,#1102,#1111,.T.);
#1111 = LINE('',#1112,#1113);
#1112 = CARTESIAN_POINT('',(207.87095685675,-94.88862994005,0.));
#1113 = VECTOR('',#1114,1.);
#1114 = DIRECTION('',(-0.431854784284,0.9019431497,0.));
#1115 = ORIENTED_EDGE('',*,*,#1042,.T.);
#1116 = ORIENTED_EDGE('',*,*,#1069,.F.);
#1117 = PLANE('',#1118);
#1118 = AXIS2_PLACEMENT_3D('',#1119,#1120,#1121);
#1119 = CARTESIAN_POINT('',(121.5,85.5,0.));
#1120 = DIRECTION('',(0.,0.,1.));
#1121 = DIRECTION('',(1.,0.,-0.));
#1122 = ADVANCED_FACE('',(#1123),#1134,.F.);
#1123 = FACE_BOUND('',#1124,.F.);
#1124 = EDGE_LOOP('',(#1125,#1126,#1132,#1133));
#1125 = ORIENTED_EDGE('',*,*,#209,.F.);
#1126 = ORIENTED_EDGE('',*,*,#1127,.F.);
#1127 = EDGE_CURVE('',#563,#210,#1128,.T.);
#1128 = LINE('',#1129,#1130);
#1129 = CARTESIAN_POINT('',(162.45347017464,4.665689201309,
    22.870544793643));
#1130 = VECTOR('',#1131,1.);
#1131 = DIRECTION('',(0.466237037426,-0.880134252142,-8.936846836468E-02
    ));
#1132 = ORIENTED_EDGE('',*,*,#562,.T.);
#1133 = ORIENTED_EDGE('',*,*,#1127,.T.);
#1134 = CYLINDRICAL_SURFACE('',#1135,1.65);
#1135 = AXIS2_PLACEMENT_3D('',#1136,#1137,#1138);
#1136 = CARTESIAN_POINT('',(163.91152590682,5.438070895716,
    22.870544793643));
#1137 = DIRECTION('',(0.466237037426,-0.880134252142,-8.936846836468E-02
    ));
#1138 = DIRECTION('',(-0.883670140716,-0.468110117822,0.));
#1139 = ADVANCED_FACE('',(#1140),#1165,.F.);
#1140 = FACE_BOUND('',#1141,.T.);
#1141 = EDGE_LOOP('',(#1142,#1150,#1151,#1159));
#1142 = ORIENTED_EDGE('',*,*,#1143,.F.);
#1143 = EDGE_CURVE('',#261,#1144,#1146,.T.);
#1144 = VERTEX_POINT('',#1145);
#1145 = CARTESIAN_POINT('',(170.81214752817,2.196877084507,
    13.377308453975));
#1146 = LINE('',#1147,#1148);
#1147 = CARTESIAN_POINT('',(166.82354416046,7.069322019277,
    13.94230448433));
#1148 = VECTOR('',#1149,1.);
#1149 = DIRECTION('',(0.630898899701,-0.7707008857,-8.936846836468E-02)
  );
#1150 = ORIENTED_EDGE('',*,*,#260,.T.);
#1151 = ORIENTED_EDGE('',*,*,#1152,.T.);
#1152 = EDGE_CURVE('',#263,#1153,#1155,.T.);
#1153 = VERTEX_POINT('',#1154);
#1154 = CARTESIAN_POINT('',(193.42155622971,20.705031593412,
    13.377308453975));
#1155 = LINE('',#1156,#1157);
#1156 = CARTESIAN_POINT('',(189.432952862,25.577476528181,13.94230448433
    ));
#1157 = VECTOR('',#1158,1.);
#1158 = DIRECTION('',(0.630898899701,-0.7707008857,-8.936846836468E-02)
  );
#1159 = ORIENTED_EDGE('',*,*,#1160,.F.);
#1160 = EDGE_CURVE('',#1144,#1153,#1161,.T.);
#1161 = LINE('',#1162,#1163);
#1162 = CARTESIAN_POINT('',(165.70101116218,-1.987120065818,
    13.377308453975));
#1163 = VECTOR('',#1164,1.);
#1164 = DIRECTION('',(0.773797132038,0.633433499627,-0.));
#1165 = PLANE('',#1166);
#1166 = AXIS2_PLACEMENT_3D('',#1167,#1168,#1169);
#1167 = CARTESIAN_POINT('',(166.82354416046,7.069322019277,
    13.94230448433));
#1168 = DIRECTION('',(5.660898167254E-02,-6.915306451523E-02,
    0.995998632962));
#1169 = DIRECTION('',(-0.773797132038,-0.633433499627,0.));
#1170 = ADVANCED_FACE('',(#1171),#1261,.F.);
#1171 = FACE_BOUND('',#1172,.T.);
#1172 = EDGE_LOOP('',(#1173,#1174,#1175,#1183,#1191,#1199,#1207,#1215,
    #1223,#1231,#1239,#1247,#1255));
#1173 = ORIENTED_EDGE('',*,*,#271,.F.);
#1174 = ORIENTED_EDGE('',*,*,#1143,.T.);
#1175 = ORIENTED_EDGE('',*,*,#1176,.T.);
#1176 = EDGE_CURVE('',#1144,#1177,#1179,.T.);
#1177 = VERTEX_POINT('',#1178);
#1178 = CARTESIAN_POINT('',(171.02539125884,1.936380304166,
    17.12919477932));
#1179 = LINE('',#1180,#1181);
#1180 = CARTESIAN_POINT('',(170.81214752817,2.196877084507,
    13.377308453975));
#1181 = VECTOR('',#1182,1.);
#1182 = DIRECTION('',(5.660898167254E-02,-6.915306451523E-02,
    0.995998632962));
#1183 = ORIENTED_EDGE('',*,*,#1184,.T.);
#1184 = EDGE_CURVE('',#1177,#1185,#1187,.T.);
#1185 = VERTEX_POINT('',#1186);
#1186 = CARTESIAN_POINT('',(171.08304092433,1.865955948886,
    18.143503575006));
#1187 = LINE('',#1188,#1189);
#1188 = CARTESIAN_POINT('',(170.81214752817,2.196877084507,
    13.377308453975));
#1189 = VECTOR('',#1190,1.);
#1190 = DIRECTION('',(5.660898167254E-02,-6.915306451523E-02,
    0.995998632962));
#1191 = ORIENTED_EDGE('',*,*,#1192,.T.);
#1192 = EDGE_CURVE('',#1185,#1193,#1195,.T.);
#1193 = VERTEX_POINT('',#1194);
#1194 = CARTESIAN_POINT('',(171.1284905128,1.810435106957,
    18.943159859941));
#1195 = LINE('',#1196,#1197);
#1196 = CARTESIAN_POINT('',(170.81214752817,2.196877084507,
    13.377308453975));
#1197 = VECTOR('',#1198,1.);
#1198 = DIRECTION('',(5.660898167254E-02,-6.915306451523E-02,
    0.995998632962));
#1199 = ORIENTED_EDGE('',*,*,#1200,.T.);
#1200 = EDGE_CURVE('',#1193,#1201,#1203,.T.);
#1201 = VERTEX_POINT('',#1202);
#1202 = CARTESIAN_POINT('',(171.21792100558,1.701187555516,
    20.516631876721));
#1203 = LINE('',#1204,#1205);
#1204 = CARTESIAN_POINT('',(170.81214752817,2.196877084507,
    13.377308453975));
#1205 = VECTOR('',#1206,1.);
#1206 = DIRECTION('',(5.660898167254E-02,-6.915306451523E-02,
    0.995998632962));
#1207 = ORIENTED_EDGE('',*,*,#1208,.F.);
#1208 = EDGE_CURVE('',#1209,#1201,#1211,.T.);
#1209 = VERTEX_POINT('',#1210);
#1210 = CARTESIAN_POINT('',(170.334662546,2.780168795496,20.641747732432
    ));
#1211 = LINE('',#1212,#1213);
#1212 = CARTESIAN_POINT('',(170.334662546,2.780168795496,20.641747732432
    ));
#1213 = VECTOR('',#1214,1.);
#1214 = DIRECTION('',(0.630898899701,-0.7707008857,-8.936846836468E-02)
  );
#1215 = ORIENTED_EDGE('',*,*,#1216,.T.);
#1216 = EDGE_CURVE('',#1209,#1217,#1219,.T.);
#1217 = VERTEX_POINT('',#1218);
#1218 = CARTESIAN_POINT('',(170.54207726129,2.526792692203,
    24.291076280255));
#1219 = LINE('',#1220,#1221);
#1220 = CARTESIAN_POINT('',(170.18362948612,2.964669534168,
    17.984418158015));
#1221 = VECTOR('',#1222,1.);
#1222 = DIRECTION('',(5.660898167254E-02,-6.915306451523E-02,
    0.995998632962));
#1223 = ORIENTED_EDGE('',*,*,#1224,.T.);
#1224 = EDGE_CURVE('',#1217,#1225,#1227,.T.);
#1225 = VERTEX_POINT('',#1226);
#1226 = CARTESIAN_POINT('',(171.42533572087,1.447811452224,
    24.165960424545));
#1227 = LINE('',#1228,#1229);
#1228 = CARTESIAN_POINT('',(170.54207726129,2.526792692203,
    24.291076280255));
#1229 = VECTOR('',#1230,1.);
#1230 = DIRECTION('',(0.630898899701,-0.7707008857,-8.936846836468E-02)
  );
#1231 = ORIENTED_EDGE('',*,*,#1232,.T.);
#1232 = EDGE_CURVE('',#1225,#1233,#1235,.T.);
#1233 = VERTEX_POINT('',#1234);
#1234 = CARTESIAN_POINT('',(171.51476621365,1.338563900783,
    25.739432441325));
#1235 = LINE('',#1236,#1237);
#1236 = CARTESIAN_POINT('',(170.81214752817,2.196877084507,
    13.377308453975));
#1237 = VECTOR('',#1238,1.);
#1238 = DIRECTION('',(5.660898167254E-02,-6.915306451523E-02,
    0.995998632962));
#1239 = ORIENTED_EDGE('',*,*,#1240,.T.);
#1240 = EDGE_CURVE('',#1233,#1241,#1243,.T.);
#1241 = VERTEX_POINT('',#1242);
#1242 = CARTESIAN_POINT('',(171.61786546761,1.212618703574,
    27.553397521946));
#1243 = LINE('',#1244,#1245);
#1244 = CARTESIAN_POINT('',(170.81214752817,2.196877084507,
    13.377308453975));
#1245 = VECTOR('',#1246,1.);
#1246 = DIRECTION('',(5.660898167254E-02,-6.915306451523E-02,
    0.995998632962));
#1247 = ORIENTED_EDGE('',*,*,#1248,.T.);
#1248 = EDGE_CURVE('',#1241,#1249,#1251,.T.);
#1249 = VERTEX_POINT('',#1250);
#1250 = CARTESIAN_POINT('',(171.83110919828,0.952121923233,
    31.305283847291));
#1251 = LINE('',#1252,#1253);
#1252 = CARTESIAN_POINT('',(170.81214752817,2.196877084507,
    13.377308453975));
#1253 = VECTOR('',#1254,1.);
#1254 = DIRECTION('',(5.660898167254E-02,-6.915306451523E-02,
    0.995998632962));
#1255 = ORIENTED_EDGE('',*,*,#1256,.F.);
#1256 = EDGE_CURVE('',#272,#1249,#1257,.T.);
#1257 = LINE('',#1258,#1259);
#1258 = CARTESIAN_POINT('',(167.84250583057,5.824566858002,
    31.870279877646));
#1259 = VECTOR('',#1260,1.);
#1260 = DIRECTION('',(0.630898899701,-0.7707008857,-8.936846836468E-02)
  );
#1261 = PLANE('',#1262);
#1262 = AXIS2_PLACEMENT_3D('',#1263,#1264,#1265);
#1263 = CARTESIAN_POINT('',(166.82354416046,7.069322019277,
    13.94230448433));
#1264 = DIRECTION('',(0.773797132038,0.633433499627,-0.));
#1265 = DIRECTION('',(-5.660898167254E-02,6.915306451523E-02,
    -0.995998632962));
#1266 = ADVANCED_FACE('',(#1267),#1357,.T.);
#1267 = FACE_BOUND('',#1268,.F.);
#1268 = EDGE_LOOP('',(#1269,#1270,#1271,#1279,#1287,#1295,#1303,#1311,
    #1319,#1327,#1335,#1343,#1351));
#1269 = ORIENTED_EDGE('',*,*,#288,.F.);
#1270 = ORIENTED_EDGE('',*,*,#1152,.T.);
#1271 = ORIENTED_EDGE('',*,*,#1272,.T.);
#1272 = EDGE_CURVE('',#1153,#1273,#1275,.T.);
#1273 = VERTEX_POINT('',#1274);
#1274 = CARTESIAN_POINT('',(193.63479996037,20.444534813071,
    17.12919477932));
#1275 = LINE('',#1276,#1277);
#1276 = CARTESIAN_POINT('',(193.42155622971,20.705031593412,
    13.377308453975));
#1277 = VECTOR('',#1278,1.);
#1278 = DIRECTION('',(5.660898167254E-02,-6.915306451523E-02,
    0.995998632962));
#1279 = ORIENTED_EDGE('',*,*,#1280,.T.);
#1280 = EDGE_CURVE('',#1273,#1281,#1283,.T.);
#1281 = VERTEX_POINT('',#1282);
#1282 = CARTESIAN_POINT('',(193.69244962587,20.374110457791,
    18.143503575006));
#1283 = LINE('',#1284,#1285);
#1284 = CARTESIAN_POINT('',(193.42155622971,20.705031593412,
    13.377308453975));
#1285 = VECTOR('',#1286,1.);
#1286 = DIRECTION('',(5.660898167254E-02,-6.915306451523E-02,
    0.995998632962));
#1287 = ORIENTED_EDGE('',*,*,#1288,.T.);
#1288 = EDGE_CURVE('',#1281,#1289,#1291,.T.);
#1289 = VERTEX_POINT('',#1290);
#1290 = CARTESIAN_POINT('',(193.73789921433,20.318589615862,
    18.943159859941));
#1291 = LINE('',#1292,#1293);
#1292 = CARTESIAN_POINT('',(193.42155622971,20.705031593412,
    13.377308453975));
#1293 = VECTOR('',#1294,1.);
#1294 = DIRECTION('',(5.660898167254E-02,-6.915306451523E-02,
    0.995998632962));
#1295 = ORIENTED_EDGE('',*,*,#1296,.T.);
#1296 = EDGE_CURVE('',#1289,#1297,#1299,.T.);
#1297 = VERTEX_POINT('',#1298);
#1298 = CARTESIAN_POINT('',(193.82732970712,20.209342064421,
    20.516631876725));
#1299 = LINE('',#1300,#1301);
#1300 = CARTESIAN_POINT('',(193.42155622971,20.705031593412,
    13.377308453975));
#1301 = VECTOR('',#1302,1.);
#1302 = DIRECTION('',(5.660898167254E-02,-6.915306451523E-02,
    0.995998632962));
#1303 = ORIENTED_EDGE('',*,*,#1304,.F.);
#1304 = EDGE_CURVE('',#1305,#1297,#1307,.T.);
#1305 = VERTEX_POINT('',#1306);
#1306 = CARTESIAN_POINT('',(192.94407124754,21.288323304401,
    20.641747732432));
#1307 = LINE('',#1308,#1309);
#1308 = CARTESIAN_POINT('',(192.94407124754,21.288323304401,
    20.641747732432));
#1309 = VECTOR('',#1310,1.);
#1310 = DIRECTION('',(0.630898899701,-0.7707008857,-8.936846836468E-02)
  );
#1311 = ORIENTED_EDGE('',*,*,#1312,.T.);
#1312 = EDGE_CURVE('',#1305,#1313,#1315,.T.);
#1313 = VERTEX_POINT('',#1314);
#1314 = CARTESIAN_POINT('',(193.15148596282,21.034947201108,
    24.291076280255));
#1315 = LINE('',#1316,#1317);
#1316 = CARTESIAN_POINT('',(192.79303818765,21.472824043073,
    17.984418158015));
#1317 = VECTOR('',#1318,1.);
#1318 = DIRECTION('',(5.660898167254E-02,-6.915306451523E-02,
    0.995998632962));
#1319 = ORIENTED_EDGE('',*,*,#1320,.T.);
#1320 = EDGE_CURVE('',#1313,#1321,#1323,.T.);
#1321 = VERTEX_POINT('',#1322);
#1322 = CARTESIAN_POINT('',(194.0347444224,19.955965961128,
    24.165960424542));
#1323 = LINE('',#1324,#1325);
#1324 = CARTESIAN_POINT('',(193.15148596282,21.034947201108,
    24.291076280255));
#1325 = VECTOR('',#1326,1.);
#1326 = DIRECTION('',(0.630898899701,-0.7707008857,-8.936846836468E-02)
  );
#1327 = ORIENTED_EDGE('',*,*,#1328,.T.);
#1328 = EDGE_CURVE('',#1321,#1329,#1331,.T.);
#1329 = VERTEX_POINT('',#1330);
#1330 = CARTESIAN_POINT('',(194.12417491519,19.846718409687,
    25.739432441325));
#1331 = LINE('',#1332,#1333);
#1332 = CARTESIAN_POINT('',(193.42155622971,20.705031593412,
    13.377308453975));
#1333 = VECTOR('',#1334,1.);
#1334 = DIRECTION('',(5.660898167254E-02,-6.915306451523E-02,
    0.995998632962));
#1335 = ORIENTED_EDGE('',*,*,#1336,.T.);
#1336 = EDGE_CURVE('',#1329,#1337,#1339,.T.);
#1337 = VERTEX_POINT('',#1338);
#1338 = CARTESIAN_POINT('',(194.22727416915,19.720773212478,
    27.553397521946));
#1339 = LINE('',#1340,#1341);
#1340 = CARTESIAN_POINT('',(193.42155622971,20.705031593412,
    13.377308453975));
#1341 = VECTOR('',#1342,1.);
#1342 = DIRECTION('',(5.660898167254E-02,-6.915306451523E-02,
    0.995998632962));
#1343 = ORIENTED_EDGE('',*,*,#1344,.T.);
#1344 = EDGE_CURVE('',#1337,#1345,#1347,.T.);
#1345 = VERTEX_POINT('',#1346);
#1346 = CARTESIAN_POINT('',(194.44051789981,19.460276432137,
    31.305283847291));
#1347 = LINE('',#1348,#1349);
#1348 = CARTESIAN_POINT('',(193.42155622971,20.705031593412,
    13.377308453975));
#1349 = VECTOR('',#1350,1.);
#1350 = DIRECTION('',(5.660898167254E-02,-6.915306451523E-02,
    0.995998632962));
#1351 = ORIENTED_EDGE('',*,*,#1352,.F.);
#1352 = EDGE_CURVE('',#280,#1345,#1353,.T.);
#1353 = LINE('',#1354,#1355);
#1354 = CARTESIAN_POINT('',(190.4519145321,24.332721366907,
    31.870279877646));
#1355 = VECTOR('',#1356,1.);
#1356 = DIRECTION('',(0.630898899701,-0.7707008857,-8.936846836468E-02)
  );
#1357 = PLANE('',#1358);
#1358 = AXIS2_PLACEMENT_3D('',#1359,#1360,#1361);
#1359 = CARTESIAN_POINT('',(189.432952862,25.577476528181,13.94230448433
    ));
#1360 = DIRECTION('',(0.773797132038,0.633433499627,-0.));
#1361 = DIRECTION('',(-5.660898167254E-02,6.915306451523E-02,
    -0.995998632962));
#1362 = ADVANCED_FACE('',(#1363),#1390,.T.);
#1363 = FACE_BOUND('',#1364,.F.);
#1364 = EDGE_LOOP('',(#1365,#1366,#1367,#1368,#1376,#1384));
#1365 = ORIENTED_EDGE('',*,*,#1256,.F.);
#1366 = ORIENTED_EDGE('',*,*,#279,.T.);
#1367 = ORIENTED_EDGE('',*,*,#1352,.T.);
#1368 = ORIENTED_EDGE('',*,*,#1369,.F.);
#1369 = EDGE_CURVE('',#1370,#1345,#1372,.T.);
#1370 = VERTEX_POINT('',#1371);
#1371 = CARTESIAN_POINT('',(192.69220812972,18.029102898077,
    31.305283847291));
#1372 = LINE('',#1373,#1374);
#1373 = CARTESIAN_POINT('',(166.71997283229,-3.231875227093,
    31.305283847291));
#1374 = VECTOR('',#1375,1.);
#1375 = DIRECTION('',(0.773797132038,0.633433499627,-0.));
#1376 = ORIENTED_EDGE('',*,*,#1377,.F.);
#1377 = EDGE_CURVE('',#1378,#1370,#1380,.T.);
#1378 = VERTEX_POINT('',#1379);
#1379 = CARTESIAN_POINT('',(173.57941896837,2.383295457293,
    31.305283847291));
#1380 = LINE('',#1381,#1382);
#1381 = CARTESIAN_POINT('',(166.71997283229,-3.231875227093,
    31.305283847291));
#1382 = VECTOR('',#1383,1.);
#1383 = DIRECTION('',(0.773797132038,0.633433499627,-0.));
#1384 = ORIENTED_EDGE('',*,*,#1385,.F.);
#1385 = EDGE_CURVE('',#1249,#1378,#1386,.T.);
#1386 = LINE('',#1387,#1388);
#1387 = CARTESIAN_POINT('',(166.71997283229,-3.231875227093,
    31.305283847291));
#1388 = VECTOR('',#1389,1.);
#1389 = DIRECTION('',(0.773797132038,0.633433499627,-0.));
#1390 = PLANE('',#1391);
#1391 = AXIS2_PLACEMENT_3D('',#1392,#1393,#1394);
#1392 = CARTESIAN_POINT('',(167.84250583057,5.824566858002,
    31.870279877646));
#1393 = DIRECTION('',(5.660898167254E-02,-6.915306451523E-02,
    0.995998632962));
#1394 = DIRECTION('',(-0.773797132038,-0.633433499627,0.));
#1395 = ADVANCED_FACE('',(#1396),#1407,.F.);
#1396 = FACE_BOUND('',#1397,.F.);
#1397 = EDGE_LOOP('',(#1398,#1399,#1405,#1406));
#1398 = ORIENTED_EDGE('',*,*,#296,.F.);
#1399 = ORIENTED_EDGE('',*,*,#1400,.F.);
#1400 = EDGE_CURVE('',#614,#297,#1401,.T.);
#1401 = LINE('',#1402,#1403);
#1402 = CARTESIAN_POINT('',(192.65242393557,29.386676361694,
    22.870544793643));
#1403 = VECTOR('',#1404,1.);
#1404 = DIRECTION('',(0.7707008857,-0.630898899701,-8.936846836468E-02)
  );
#1405 = ORIENTED_EDGE('',*,*,#613,.T.);
#1406 = ORIENTED_EDGE('',*,*,#1400,.T.);
#1407 = CYLINDRICAL_SURFACE('',#1408,1.65);
#1408 = AXIS2_PLACEMENT_3D('',#1409,#1410,#1411);
#1409 = CARTESIAN_POINT('',(191.60725866118,28.109911093832,
    22.870544793643));
#1410 = DIRECTION('',(0.7707008857,-0.630898899701,-8.936846836468E-02)
  );
#1411 = DIRECTION('',(0.633433499627,0.773797132038,0.));
#1412 = ADVANCED_FACE('',(#1413),#1454,.F.);
#1413 = FACE_BOUND('',#1414,.F.);
#1414 = EDGE_LOOP('',(#1415,#1446,#1453));
#1415 = ORIENTED_EDGE('',*,*,#1416,.F.);
#1416 = EDGE_CURVE('',#1417,#356,#1419,.T.);
#1417 = VERTEX_POINT('',#1418);
#1418 = CARTESIAN_POINT('',(140.1696922221,64.632738743862,
    21.711714394321));
#1419 = B_SPLINE_CURVE_WITH_KNOTS('',5,(#1420,#1421,#1422,#1423,#1424,
    #1425,#1426,#1427,#1428,#1429,#1430,#1431,#1432,#1433,#1434,#1435,
    #1436,#1437,#1438,#1439,#1440,#1441,#1442,#1443,#1444,#1445),
  .UNSPECIFIED.,.F.,.F.,(6,4,4,4,4,4,6),(0.,0.211238832162,
    0.308388977462,0.499999945578,0.691610913695,0.788761069294,1.),
  .UNSPECIFIED.);
#1420 = CARTESIAN_POINT('',(140.16969010741,64.632736851875,
    21.711716227854));
#1421 = CARTESIAN_POINT('',(140.39239466347,64.831987947602,
    21.518620957645));
#1422 = CARTESIAN_POINT('',(140.62471415012,65.045190734753,
    21.337540231783));
#1423 = CARTESIAN_POINT('',(140.86580745238,65.272770930095,
    21.170730519008));
#1424 = CARTESIAN_POINT('',(141.11459182588,65.515030623991,
    21.02054660008));
#1425 = CARTESIAN_POINT('',(141.48718717925,65.890305913605,
    20.829180149912));
#1426 = CARTESIAN_POINT('',(141.60588217285,66.011612863348,
    20.772957609995));
#1427 = CARTESIAN_POINT('',(141.72567534904,66.135916958591,
    20.721081577045));
#1428 = CARTESIAN_POINT('',(141.84634466676,66.263111800117,
    20.673808964139));
#1429 = CARTESIAN_POINT('',(142.20695057681,66.649399010184,
    20.547666008149));
#1430 = CARTESIAN_POINT('',(142.44901661778,66.916747562202,
    20.482679378175));
#1431 = CARTESIAN_POINT('',(142.69121855352,67.193204371732,
    20.438579344442));
#1432 = CARTESIAN_POINT('',(142.93104474753,67.476452075078,
    20.416488433923));
#1433 = CARTESIAN_POINT('',(143.40159464659,68.051271945815,
    20.416488433923));
#1434 = CARTESIAN_POINT('',(143.63189038816,68.342321316545,
    20.438579344442));
#1435 = CARTESIAN_POINT('',(143.85505976374,68.634358257726,
    20.482679378175));
#1436 = CARTESIAN_POINT('',(144.06932717471,68.924462882048,
    20.547666008149));
#1437 = CARTESIAN_POINT('',(144.37677546182,69.354265164153,
    20.673808968638));
#1438 = CARTESIAN_POINT('',(144.47762921101,69.497681067719,
    20.721081572047));
#1439 = CARTESIAN_POINT('',(144.57582224497,69.639667126949,
    20.772957605927));
#1440 = CARTESIAN_POINT('',(144.67129411979,69.779984659401,
    20.82918015627));
#1441 = CARTESIAN_POINT('',(144.96557927057,70.219365097635,
    21.020546633509));
#1442 = CARTESIAN_POINT('',(145.15392504717,70.511099978789,
    21.17073053798));
#1443 = CARTESIAN_POINT('',(145.32939969501,70.792395725389,
    21.337540189838));
#1444 = CARTESIAN_POINT('',(145.49251328046,71.062250698752,
    21.518620870428));
#1445 = CARTESIAN_POINT('',(145.64384931414,71.319924531372,
    21.711716227854));
#1446 = ORIENTED_EDGE('',*,*,#1447,.T.);
#1447 = EDGE_CURVE('',#1417,#354,#1448,.T.);
#1448 = CIRCLE('',#1449,8.038845937539);
#1449 = AXIS2_PLACEMENT_3D('',#1450,#1451,#1452);
#1450 = CARTESIAN_POINT('',(143.37554338596,67.592590642315,
    28.46336893687));
#1451 = DIRECTION('',(0.7707008857,-0.630898899701,-8.936846836468E-02)
  );
#1452 = DIRECTION('',(0.633433499627,0.773797132038,6.938893903907E-18)
  );
#1453 = ORIENTED_EDGE('',*,*,#353,.T.);
#1454 = CYLINDRICAL_SURFACE('',#1455,8.038845937539);
#1455 = AXIS2_PLACEMENT_3D('',#1456,#1457,#1458);
#1456 = CARTESIAN_POINT('',(143.37554338596,67.592590642315,
    28.46336893687));
#1457 = DIRECTION('',(0.7707008857,-0.630898899701,-8.936846836468E-02)
  );
#1458 = DIRECTION('',(0.633433499627,0.773797132038,0.));
#1459 = ADVANCED_FACE('',(#1460,#1593,#1644),#1695,.T.);
#1460 = FACE_BOUND('',#1461,.T.);
#1461 = EDGE_LOOP('',(#1462,#1470,#1471,#1472,#1473,#1480,#1481,#1490,
    #1498,#1547,#1555,#1564));
#1462 = ORIENTED_EDGE('',*,*,#1463,.F.);
#1463 = EDGE_CURVE('',#707,#1464,#1466,.T.);
#1464 = VERTEX_POINT('',#1465);
#1465 = CARTESIAN_POINT('',(133.59193395405,60.245591820706,
    20.499634888029));
#1466 = LINE('',#1467,#1468);
#1467 = CARTESIAN_POINT('',(133.59193395994,60.245591808393,0.));
#1468 = VECTOR('',#1469,1.);
#1469 = DIRECTION('',(0.,0.,1.));
#1470 = ORIENTED_EDGE('',*,*,#706,.T.);
#1471 = ORIENTED_EDGE('',*,*,#500,.T.);
#1472 = ORIENTED_EDGE('',*,*,#1416,.F.);
#1473 = ORIENTED_EDGE('',*,*,#1474,.F.);
#1474 = EDGE_CURVE('',#365,#1417,#1475,.T.);
#1475 = ELLIPSE('',#1476,313.30961033975,28.);
#1476 = AXIS2_PLACEMENT_3D('',#1477,#1478,#1479);
#1477 = CARTESIAN_POINT('',(121.5,85.5,-286.6059842501));
#1478 = DIRECTION('',(0.7707008857,-0.630898899701,-8.936846836468E-02)
  );
#1479 = DIRECTION('',(6.915306451523E-02,-5.660898167254E-02,
    0.995998632962));
#1480 = ORIENTED_EDGE('',*,*,#372,.T.);
#1481 = ORIENTED_EDGE('',*,*,#1482,.F.);
#1482 = EDGE_CURVE('',#1483,#373,#1485,.T.);
#1483 = VERTEX_POINT('',#1484);
#1484 = CARTESIAN_POINT('',(133.59193395994,60.245591808393,35.));
#1485 = CIRCLE('',#1486,28.);
#1486 = AXIS2_PLACEMENT_3D('',#1487,#1488,#1489);
#1487 = CARTESIAN_POINT('',(121.5,85.5,35.));
#1488 = DIRECTION('',(0.,0.,1.));
#1489 = DIRECTION('',(1.,0.,-0.));
#1490 = ORIENTED_EDGE('',*,*,#1491,.F.);
#1491 = EDGE_CURVE('',#1492,#1483,#1494,.T.);
#1492 = VERTEX_POINT('',#1493);
#1493 = CARTESIAN_POINT('',(133.59193395571,60.245591817227,
    29.690634963741));
#1494 = LINE('',#1495,#1496);
#1495 = CARTESIAN_POINT('',(133.59193395994,60.245591808393,0.));
#1496 = VECTOR('',#1497,1.);
#1497 = DIRECTION('',(0.,0.,1.));
#1498 = ORIENTED_EDGE('',*,*,#1499,.F.);
#1499 = EDGE_CURVE('',#1500,#1492,#1502,.T.);
#1500 = VERTEX_POINT('',#1501);
#1501 = CARTESIAN_POINT('',(133.59193395808,60.245591812273,
    27.288766167521));
#1502 = B_SPLINE_CURVE_WITH_KNOTS('',7,(#1503,#1504,#1505,#1506,#1507,
    #1508,#1509,#1510,#1511,#1512,#1513,#1514,#1515,#1516,#1517,#1518,
    #1519,#1520,#1521,#1522,#1523,#1524,#1525,#1526,#1527,#1528,#1529,
    #1530,#1531,#1532,#1533,#1534,#1535,#1536,#1537,#1538,#1539,#1540,
    #1541,#1542,#1543,#1544,#1545,#1546),.UNSPECIFIED.,.T.,.F.,(8,6,6,6,
    6,6,6,8),(0.,0.153606479261,0.286939745787,0.423675325117,
    0.590629720432,0.71578731515,0.838664355864,1.),.UNSPECIFIED.);
#1503 = CARTESIAN_POINT('',(133.12625010058,60.027852297095,
    28.491995963374));
#1504 = CARTESIAN_POINT('',(133.12625010058,60.027852297095,
    28.29367284642));
#1505 = CARTESIAN_POINT('',(133.15139042393,60.039327188175,
    28.095442626572));
#1506 = CARTESIAN_POINT('',(133.20156982196,60.062230070555,
    27.899739164154));
#1507 = CARTESIAN_POINT('',(133.2773694715,60.097017468928,
    27.709271815012));
#1508 = CARTESIAN_POINT('',(133.37979365695,60.144515894513,
    27.527567306647));
#1509 = CARTESIAN_POINT('',(133.50996702353,60.205896916125,
    27.359582502734));
#1510 = CARTESIAN_POINT('',(133.8059856648,60.348736754229,
    27.08566763212));
#1511 = CARTESIAN_POINT('',(133.97004563947,60.428981538723,
    26.969670619278));
#1512 = CARTESIAN_POINT('',(134.15697022002,60.522094898265,
    26.878544163505));
#1513 = CARTESIAN_POINT('',(134.35954753786,60.625440268872,
    26.821625563831));
#1514 = CARTESIAN_POINT('',(134.56844206484,60.734937268096,
    26.803933411409));
#1515 = CARTESIAN_POINT('',(134.77413211206,60.845457697284,
    26.825945205995));
#1516 = CARTESIAN_POINT('',(135.16738092082,61.061213759726,
    26.942152836932));
#1517 = CARTESIAN_POINT('',(135.3470925939,61.162263813521,
    27.036031858455));
#1518 = CARTESIAN_POINT('',(135.50467886156,61.252811766585,
    27.15677353857));
#1519 = CARTESIAN_POINT('',(135.63925039269,61.331444787002,
    27.297621070021));
#1520 = CARTESIAN_POINT('',(135.75078541862,61.39742848972,
    27.452712670754));
#1521 = CARTESIAN_POINT('',(135.83989965425,61.450602188303,
    27.61693068875));
#1522 = CARTESIAN_POINT('',(135.99054281842,61.541003832696,
    27.992091172925));
#1523 = CARTESIAN_POINT('',(136.04290800564,61.572881708224,
    28.208541266257));
#1524 = CARTESIAN_POINT('',(136.06606205203,61.587087147742,
    28.429900811363));
#1525 = CARTESIAN_POINT('',(136.06066142173,61.583776337497,
    28.652351405359));
#1526 = CARTESIAN_POINT('',(136.02661355153,61.56293394965,
    28.872405240569));
#1527 = CARTESIAN_POINT('',(135.96288101222,61.524231532234,
    29.086481548407));
#1528 = CARTESIAN_POINT('',(135.79564701441,61.424256077895,
    29.440938963804));
#1529 = CARTESIAN_POINT('',(135.70538336398,61.370633201901,
    29.587863076738));
#1530 = CARTESIAN_POINT('',(135.59567680389,61.306038908652,
    29.725755746249));
#1531 = CARTESIAN_POINT('',(135.46628989096,61.230786898154,
    29.850185232414));
#1532 = CARTESIAN_POINT('',(135.31760860365,61.145695745705,
    29.956368658097));
#1533 = CARTESIAN_POINT('',(135.1507842486,61.052107991145,
    30.039098599692));
#1534 = CARTESIAN_POINT('',(134.78910016062,60.853669921063,
    30.144893694339));
#1535 = CARTESIAN_POINT('',(134.59936641675,60.751558136349,
    30.167683982731));
#1536 = CARTESIAN_POINT('',(134.40587683036,60.649754764958,
    30.156966503738));
#1537 = CARTESIAN_POINT('',(134.21646967224,60.552533308687,
    30.112616255309));
#1538 = CARTESIAN_POINT('',(134.03894022114,60.463433248215,
    30.038097179082));
#1539 = CARTESIAN_POINT('',(133.87959628069,60.384886281944,
    29.940282379172));
#1540 = CARTESIAN_POINT('',(133.56178855979,60.230383952375,
    29.683763112208));
#1541 = CARTESIAN_POINT('',(133.41338105617,60.160100107413,
    29.510877671535));
#1542 = CARTESIAN_POINT('',(133.29690342129,60.105983653572,
    29.320705628682));
#1543 = CARTESIAN_POINT('',(133.21103890242,60.066551543588,
    29.1196398966));
#1544 = CARTESIAN_POINT('',(133.15448219357,60.040738490341,
    28.91234651174));
#1545 = CARTESIAN_POINT('',(133.12625010058,60.027852297095,
    28.702154545888));
#1546 = CARTESIAN_POINT('',(133.12625010058,60.027852297095,
    28.491995963374));
#1547 = ORIENTED_EDGE('',*,*,#1548,.F.);
#1548 = EDGE_CURVE('',#1549,#1500,#1551,.T.);
#1549 = VERTEX_POINT('',#1550);
#1550 = CARTESIAN_POINT('',(133.59193395994,60.245591808393,
    25.192770312191));
#1551 = LINE('',#1552,#1553);
#1552 = CARTESIAN_POINT('',(133.59193395994,60.245591808393,0.));
#1553 = VECTOR('',#1554,1.);
#1554 = DIRECTION('',(0.,0.,1.));
#1555 = ORIENTED_EDGE('',*,*,#1556,.F.);
#1556 = EDGE_CURVE('',#1557,#1549,#1559,.T.);
#1557 = VERTEX_POINT('',#1558);
#1558 = CARTESIAN_POINT('',(138.26842318839,63.076352130508,
    21.711714394321));
#1559 = ELLIPSE('',#1560,313.30961033975,28.);
#1560 = AXIS2_PLACEMENT_3D('',#1561,#1562,#1563);
#1561 = CARTESIAN_POINT('',(121.5,85.5,-286.6059842501));
#1562 = DIRECTION('',(0.466237037426,-0.880134252142,-8.936846836468E-02
    ));
#1563 = DIRECTION('',(4.183428425576E-02,-7.897224701538E-02,
    0.995998632962));
#1564 = ORIENTED_EDGE('',*,*,#1565,.F.);
#1565 = EDGE_CURVE('',#1464,#1557,#1566,.T.);
#1566 = B_SPLINE_CURVE_WITH_KNOTS('',5,(#1567,#1568,#1569,#1570,#1571,
    #1572,#1573,#1574,#1575,#1576,#1577,#1578,#1579,#1580,#1581,#1582,
    #1583,#1584,#1585,#1586,#1587,#1588,#1589,#1590,#1591,#1592),
  .UNSPECIFIED.,.F.,.F.,(6,4,4,4,4,4,6),(0.,0.211238873129,
    0.308389027003,0.499999991679,0.691610956346,0.788761103247,1.),
  .UNSPECIFIED.);
#1567 = CARTESIAN_POINT('',(130.63171057383,59.030926310205,
    21.711716227854));
#1568 = CARTESIAN_POINT('',(130.91420010125,59.128383918082,
    21.518620957647));
#1569 = CARTESIAN_POINT('',(131.21095729102,59.234981022403,
    21.337540231781));
#1570 = CARTESIAN_POINT('',(131.52137152669,59.351435854845,
    21.170730519007));
#1571 = CARTESIAN_POINT('',(131.84456154098,59.478446241994,
    21.020546600081));
#1572 = CARTESIAN_POINT('',(132.3334136237,59.680145183361,
    20.829180156282));
#1573 = CARTESIAN_POINT('',(132.4898246142,59.746019995452,
    20.772957605919));
#1574 = CARTESIAN_POINT('',(132.64840875243,59.814232780433,
    20.721081572037));
#1575 = CARTESIAN_POINT('',(132.80892011935,59.884771430763,
    20.673808968646));
#1576 = CARTESIAN_POINT('',(133.29098287513,60.101266120016,
    20.547666008149));
#1577 = CARTESIAN_POINT('',(133.6176948296,60.254009418606,
    20.482679378175));
#1578 = CARTESIAN_POINT('',(133.9480593822,60.415097616785,
    20.438579344442));
#1579 = CARTESIAN_POINT('',(134.27886344976,60.583366846518,
    20.416488433923));
#1580 = CARTESIAN_POINT('',(134.93530314825,60.931105273387,
    20.416488433923));
#1581 = CARTESIAN_POINT('',(135.26034174962,61.110258203664,
    20.43857934444));
#1582 = CARTESIAN_POINT('',(135.57919251701,61.293081433441,
    20.482679378181));
#1583 = CARTESIAN_POINT('',(135.88908763481,61.477570545309,
    20.547666008144));
#1584 = CARTESIAN_POINT('',(136.33899256199,61.754770823157,
    20.673808965605));
#1585 = CARTESIAN_POINT('',(136.48751649458,61.847938679958,
    20.721081575417));
#1586 = CARTESIAN_POINT('',(136.63303358432,61.94081865453,
    20.77295760867));
#1587 = CARTESIAN_POINT('',(136.77539567005,62.0332140969,
    20.829180151984));
#1588 = CARTESIAN_POINT('',(137.21687390298,62.324342765725,
    21.020546633496));
#1589 = CARTESIAN_POINT('',(137.50350143063,62.520373459455,
    21.170730537988));
#1590 = CARTESIAN_POINT('',(137.77421947321,62.711764134523,
    21.337540189857));
#1591 = CARTESIAN_POINT('',(138.02911039652,62.897393780837,
    21.518620870408));
#1592 = CARTESIAN_POINT('',(138.2684254608,63.07635382982,
    21.711716227854));
#1593 = FACE_BOUND('',#1594,.T.);
#1594 = EDGE_LOOP('',(#1595));
#1595 = ORIENTED_EDGE('',*,*,#1596,.F.);
#1596 = EDGE_CURVE('',#1597,#1597,#1599,.T.);
#1597 = VERTEX_POINT('',#1598);
#1598 = CARTESIAN_POINT('',(137.92855089236,62.826166720713,
    28.491995963374));
#1599 = B_SPLINE_CURVE_WITH_KNOTS('',7,(#1600,#1601,#1602,#1603,#1604,
    #1605,#1606,#1607,#1608,#1609,#1610,#1611,#1612,#1613,#1614,#1615,
    #1616,#1617,#1618,#1619,#1620,#1621,#1622,#1623,#1624,#1625,#1626,
    #1627,#1628,#1629,#1630,#1631,#1632,#1633,#1634,#1635,#1636,#1637,
    #1638,#1639,#1640,#1641,#1642,#1643),.UNSPECIFIED.,.T.,.F.,(8,6,6,6,
    6,6,6,8),(0.,0.153606479248,0.286939745763,0.423675325081,
    0.590629720383,0.715787315107,0.83866435584,1.),.UNSPECIFIED.);
#1600 = CARTESIAN_POINT('',(137.92855089236,62.826166720713,
    28.491995963374));
#1601 = CARTESIAN_POINT('',(137.92855089236,62.826166720713,
    28.29367284642));
#1602 = CARTESIAN_POINT('',(137.95092933591,62.842381351376,
    28.095442626572));
#1603 = CARTESIAN_POINT('',(137.99559623298,62.874744637901,
    27.899739164154));
#1604 = CARTESIAN_POINT('',(138.06303113548,62.923818906925,
    27.709271815011));
#1605 = CARTESIAN_POINT('',(138.15405528566,62.990612756063,
    27.527567306647));
#1606 = CARTESIAN_POINT('',(138.26953975807,63.076496816363,
    27.359582502734));
#1607 = CARTESIAN_POINT('',(138.53151195844,63.274993218233,
    27.08566763212));
#1608 = CARTESIAN_POINT('',(138.67648936076,63.386062806998,
    26.969670619278));
#1609 = CARTESIAN_POINT('',(138.84133903917,63.514263743278,
    26.878544163505));
#1610 = CARTESIAN_POINT('',(139.01951199766,63.655586891389,
    26.821625563831));
#1611 = CARTESIAN_POINT('',(139.20266260965,63.80418826948,
    26.803933411409));
#1612 = CARTESIAN_POINT('',(139.38246972439,63.953159952302,
    26.825945205995));
#1613 = CARTESIAN_POINT('',(139.72535376391,64.24234127866,
    26.942152836932));
#1614 = CARTESIAN_POINT('',(139.88156495557,64.376897818489,
    27.036031858456));
#1615 = CARTESIAN_POINT('',(140.01816107242,64.496788870793,
    27.15677353857));
#1616 = CARTESIAN_POINT('',(140.13454937309,64.60045377496,
    27.297621070021));
#1617 = CARTESIAN_POINT('',(140.23085357649,64.687168314919,
    27.452712670754));
#1618 = CARTESIAN_POINT('',(140.30770900617,64.756896588544,
    27.61693068875));
#1619 = CARTESIAN_POINT('',(140.43752771167,64.875272785149,
    27.992091172926));
#1620 = CARTESIAN_POINT('',(140.48256455705,64.916865985794,
    28.208541266258));
#1621 = CARTESIAN_POINT('',(140.50245650831,64.935365030393,
    28.429900811363));
#1622 = CARTESIAN_POINT('',(140.49781624545,64.931052695448,
    28.652351405358));
#1623 = CARTESIAN_POINT('',(140.46855605654,64.90389567165,
    28.872405240569));
#1624 = CARTESIAN_POINT('',(140.4137238289,64.853367061008,
    29.086481548406));
#1625 = CARTESIAN_POINT('',(140.26953221878,64.722328589292,
    29.440938963824));
#1626 = CARTESIAN_POINT('',(140.19163874335,64.651932950919,
    29.587863076734));
#1627 = CARTESIAN_POINT('',(140.09685253973,64.566941612257,
    29.725755746233));
#1628 = CARTESIAN_POINT('',(139.98487887957,64.467615192068,
    29.850185232407));
#1629 = CARTESIAN_POINT('',(139.85593444848,64.354832378121,
    29.956368658104));
#1630 = CARTESIAN_POINT('',(139.71088268633,64.230136670322,
    30.039098599697));
#1631 = CARTESIAN_POINT('',(139.3955207619,63.964166928133,
    30.144893694339));
#1632 = CARTESIAN_POINT('',(139.22969467112,63.826589976014,
    30.167683982731));
#1633 = CARTESIAN_POINT('',(139.06012581619,63.688573491821,
    30.156966503738));
#1634 = CARTESIAN_POINT('',(138.89365391953,63.555855027666,
    30.112616255309));
#1635 = CARTESIAN_POINT('',(138.7372215453,63.433444084219,
    30.038097179082));
#1636 = CARTESIAN_POINT('',(138.59653190229,63.324970393307,
    29.940282379172));
#1637 = CARTESIAN_POINT('',(138.31550353162,63.110737407554,
    29.683763112209));
#1638 = CARTESIAN_POINT('',(138.18390269153,63.012524247138,
    29.510877671535));
#1639 = CARTESIAN_POINT('',(138.0804091917,62.936466864214,
    29.320705628682));
#1640 = CARTESIAN_POINT('',(138.00402515944,62.880851340171,
    29.1196398966));
#1641 = CARTESIAN_POINT('',(137.95368142561,62.844375546855,
    28.912346511739));
#1642 = CARTESIAN_POINT('',(137.92855089236,62.826166720713,
    28.702154545888));
#1643 = CARTESIAN_POINT('',(137.92855089236,62.826166720713,
    28.491995963374));
#1644 = FACE_BOUND('',#1645,.T.);
#1645 = EDGE_LOOP('',(#1646));
#1646 = ORIENTED_EDGE('',*,*,#1647,.F.);
#1647 = EDGE_CURVE('',#1648,#1648,#1650,.T.);
#1648 = VERTEX_POINT('',#1649);
#1649 = CARTESIAN_POINT('',(144.17383327928,69.071449107633,
    28.491995963374));
#1650 = B_SPLINE_CURVE_WITH_KNOTS('',7,(#1651,#1652,#1653,#1654,#1655,
    #1656,#1657,#1658,#1659,#1660,#1661,#1662,#1663,#1664,#1665,#1666,
    #1667,#1668,#1669,#1670,#1671,#1672,#1673,#1674,#1675,#1676,#1677,
    #1678,#1679,#1680,#1681,#1682,#1683,#1684,#1685,#1686,#1687,#1688,
    #1689,#1690,#1691,#1692,#1693,#1694),.UNSPECIFIED.,.T.,.F.,(8,6,6,6,
    6,6,6,8),(0.,0.152322110981,0.285018183799,0.420869830494,
    0.588103549182,0.714058750164,0.837433878247,1.),.UNSPECIFIED.);
#1651 = CARTESIAN_POINT('',(144.17383327928,69.071449107633,
    28.491995963374));
#1652 = CARTESIAN_POINT('',(144.17383327928,69.071449107633,
    28.689499391767));
#1653 = CARTESIAN_POINT('',(144.15775241145,69.049255276355,
    28.886992930832));
#1654 = CARTESIAN_POINT('',(144.12554669937,69.004805855908,
    29.082061262643));
#1655 = CARTESIAN_POINT('',(144.0765604392,68.93748760913,
    29.271932185678));
#1656 = CARTESIAN_POINT('',(144.00973269397,68.846408406105,
    29.45297407378));
#1657 = CARTESIAN_POINT('',(143.92369639614,68.730715240539,
    29.620145073829));
#1658 = CARTESIAN_POINT('',(143.72450524545,68.467826122395,
    29.892795352413));
#1659 = CARTESIAN_POINT('',(143.6131679741,68.32251295907,
    30.007697116333));
#1660 = CARTESIAN_POINT('',(143.48490518964,68.157607778143,
    30.097623392497));
#1661 = CARTESIAN_POINT('',(143.34367238054,67.979572043781,
    30.153647294615));
#1662 = CARTESIAN_POINT('',(143.19526860623,67.796681221269,
    30.170964304439));
#1663 = CARTESIAN_POINT('',(143.04656576168,67.617205053027,
    30.149162848889));
#1664 = CARTESIAN_POINT('',(142.75818750526,67.275273218375,
    30.0344542934));
#1665 = CARTESIAN_POINT('',(142.62376402118,67.11919572882,
    29.941840099892));
#1666 = CARTESIAN_POINT('',(142.50373757282,66.982428452424,
    29.822360736466));
#1667 = CARTESIAN_POINT('',(142.39983410572,66.865768689926,
    29.682561691691));
#1668 = CARTESIAN_POINT('',(142.31291730814,66.769240256404,
    29.528267731545));
#1669 = CARTESIAN_POINT('',(142.24310069019,66.692288009518,
    29.364711623132));
#1670 = CARTESIAN_POINT('',(142.12419754373,66.561891418008,
    28.989569671641));
#1671 = CARTESIAN_POINT('',(142.08280015913,66.51707872273,
    28.773011980991));
#1672 = CARTESIAN_POINT('',(142.06461032373,66.497515197593,
    28.55193779473));
#1673 = CARTESIAN_POINT('',(142.06914458341,66.502397536191,
    28.329691654818));
#1674 = CARTESIAN_POINT('',(142.09645750393,66.531824560313,
    28.109607882682));
#1675 = CARTESIAN_POINT('',(142.14702380903,66.586706275169,
    27.895451722185));
#1676 = CARTESIAN_POINT('',(142.27764044442,66.730433706658,
    27.540335613066));
#1677 = CARTESIAN_POINT('',(142.34792208553,66.808201282627,
    27.392752409164));
#1678 = CARTESIAN_POINT('',(142.43272046459,66.902771592961,
    27.254065261033));
#1679 = CARTESIAN_POINT('',(142.53184614418,67.014513942098,
    27.128638774812));
#1680 = CARTESIAN_POINT('',(142.64453496818,67.14333582222,
    27.021303075497));
#1681 = CARTESIAN_POINT('',(142.76937556846,67.288538972265,
    26.937444417256));
#1682 = CARTESIAN_POINT('',(143.03600718457,67.604685684581,
    26.830298396348));
#1683 = CARTESIAN_POINT('',(143.17380363203,67.77077918349,
    26.807250865009));
#1684 = CARTESIAN_POINT('',(143.31201444539,67.940596982581,
    26.818204665009));
#1685 = CARTESIAN_POINT('',(143.44484622202,68.107229053607,
    26.863263720425));
#1686 = CARTESIAN_POINT('',(143.56723294607,68.263650805614,
    26.938798407056));
#1687 = CARTESIAN_POINT('',(143.67548646085,68.404067393752,
    27.037594742197));
#1688 = CARTESIAN_POINT('',(143.88909341084,68.684274537891,
    27.295554498766));
#1689 = CARTESIAN_POINT('',(143.98714321431,68.81565339608,
    27.46940938286));
#1690 = CARTESIAN_POINT('',(144.06313622153,68.919049766282,
    27.660349175049));
#1691 = CARTESIAN_POINT('',(144.11881620253,68.995516044409,
    27.862032375748));
#1692 = CARTESIAN_POINT('',(144.15545527683,69.046085077141,
    28.069927406853));
#1693 = CARTESIAN_POINT('',(144.17383327928,69.071449107633,
    28.280863264774));
#1694 = CARTESIAN_POINT('',(144.17383327928,69.071449107633,
    28.491995963374));
#1695 = CYLINDRICAL_SURFACE('',#1696,28.);
#1696 = AXIS2_PLACEMENT_3D('',#1697,#1698,#1699);
#1697 = CARTESIAN_POINT('',(121.5,85.5,0.));
#1698 = DIRECTION('',(0.,0.,1.));
#1699 = DIRECTION('',(1.,0.,-0.));
#1700 = ADVANCED_FACE('',(#1701),#1719,.F.);
#1701 = FACE_BOUND('',#1702,.F.);
#1702 = EDGE_LOOP('',(#1703,#1711,#1712,#1713));
#1703 = ORIENTED_EDGE('',*,*,#1704,.F.);
#1704 = EDGE_CURVE('',#741,#1705,#1707,.T.);
#1705 = VERTEX_POINT('',#1706);
#1706 = CARTESIAN_POINT('',(152.5,59.5,10.));
#1707 = LINE('',#1708,#1709);
#1708 = CARTESIAN_POINT('',(152.5,59.5,0.));
#1709 = VECTOR('',#1710,1.);
#1710 = DIRECTION('',(0.,0.,1.));
#1711 = ORIENTED_EDGE('',*,*,#748,.T.);
#1712 = ORIENTED_EDGE('',*,*,#484,.F.);
#1713 = ORIENTED_EDGE('',*,*,#1714,.F.);
#1714 = EDGE_CURVE('',#1705,#477,#1715,.T.);
#1715 = LINE('',#1716,#1717);
#1716 = CARTESIAN_POINT('',(152.5,59.5,10.));
#1717 = VECTOR('',#1718,1.);
#1718 = DIRECTION('',(-0.,1.,0.));
#1719 = PLANE('',#1720);
#1720 = AXIS2_PLACEMENT_3D('',#1721,#1722,#1723);
#1721 = CARTESIAN_POINT('',(152.5,59.5,0.));
#1722 = DIRECTION('',(1.,0.,-0.));
#1723 = DIRECTION('',(0.,0.,1.));
#1724 = ADVANCED_FACE('',(#1725),#1735,.T.);
#1725 = FACE_BOUND('',#1726,.T.);
#1726 = EDGE_LOOP('',(#1727,#1728,#1734));
#1727 = ORIENTED_EDGE('',*,*,#1714,.F.);
#1728 = ORIENTED_EDGE('',*,*,#1729,.T.);
#1729 = EDGE_CURVE('',#1705,#469,#1730,.T.);
#1730 = LINE('',#1731,#1732);
#1731 = CARTESIAN_POINT('',(152.5,59.5,10.));
#1732 = VECTOR('',#1733,1.);
#1733 = DIRECTION('',(1.,0.,-0.));
#1734 = ORIENTED_EDGE('',*,*,#476,.F.);
#1735 = PLANE('',#1736);
#1736 = AXIS2_PLACEMENT_3D('',#1737,#1738,#1739);
#1737 = CARTESIAN_POINT('',(152.5,59.5,10.));
#1738 = DIRECTION('',(0.,0.,1.));
#1739 = DIRECTION('',(1.,0.,-0.));
#1740 = ADVANCED_FACE('',(#1741),#1747,.F.);
#1741 = FACE_BOUND('',#1742,.F.);
#1742 = EDGE_LOOP('',(#1743,#1744,#1745,#1746));
#1743 = ORIENTED_EDGE('',*,*,#468,.F.);
#1744 = ORIENTED_EDGE('',*,*,#740,.T.);
#1745 = ORIENTED_EDGE('',*,*,#1704,.T.);
#1746 = ORIENTED_EDGE('',*,*,#1729,.T.);
#1747 = PLANE('',#1748);
#1748 = AXIS2_PLACEMENT_3D('',#1749,#1750,#1751);
#1749 = CARTESIAN_POINT('',(152.5,59.5,0.));
#1750 = DIRECTION('',(-0.,1.,0.));
#1751 = DIRECTION('',(0.,0.,1.));
#1752 = ADVANCED_FACE('',(#1753),#1758,.F.);
#1753 = FACE_BOUND('',#1754,.F.);
#1754 = EDGE_LOOP('',(#1755,#1756,#1757));
#1755 = ORIENTED_EDGE('',*,*,#1094,.F.);
#1756 = ORIENTED_EDGE('',*,*,#1086,.T.);
#1757 = ORIENTED_EDGE('',*,*,#420,.F.);
#1758 = PLANE('',#1759);
#1759 = AXIS2_PLACEMENT_3D('',#1760,#1761,#1762);
#1760 = CARTESIAN_POINT('',(121.5,85.5,0.));
#1761 = DIRECTION('',(0.,0.,1.));
#1762 = DIRECTION('',(1.,0.,-0.));
#1763 = ADVANCED_FACE('',(#1764),#1783,.F.);
#1764 = FACE_BOUND('',#1765,.F.);
#1765 = EDGE_LOOP('',(#1766,#1774,#1775,#1776));
#1766 = ORIENTED_EDGE('',*,*,#1767,.F.);
#1767 = EDGE_CURVE('',#1102,#1768,#1770,.T.);
#1768 = VERTEX_POINT('',#1769);
#1769 = CARTESIAN_POINT('',(131.43266003852,64.755307556894,0.));
#1770 = LINE('',#1771,#1772);
#1771 = CARTESIAN_POINT('',(207.87095685675,-94.88862994005,0.));
#1772 = VECTOR('',#1773,1.);
#1773 = DIRECTION('',(-0.431854784284,0.9019431497,0.));
#1774 = ORIENTED_EDGE('',*,*,#1101,.T.);
#1775 = ORIENTED_EDGE('',*,*,#404,.F.);
#1776 = ORIENTED_EDGE('',*,*,#1777,.F.);
#1777 = EDGE_CURVE('',#1768,#397,#1778,.T.);
#1778 = CIRCLE('',#1779,23.);
#1779 = AXIS2_PLACEMENT_3D('',#1780,#1781,#1782);
#1780 = CARTESIAN_POINT('',(121.5,85.5,0.));
#1781 = DIRECTION('',(0.,0.,1.));
#1782 = DIRECTION('',(1.,0.,-0.));
#1783 = PLANE('',#1784);
#1784 = AXIS2_PLACEMENT_3D('',#1785,#1786,#1787);
#1785 = CARTESIAN_POINT('',(121.5,85.5,0.));
#1786 = DIRECTION('',(0.,0.,1.));
#1787 = DIRECTION('',(1.,0.,-0.));
#1788 = ADVANCED_FACE('',(#1789),#1808,.F.);
#1789 = FACE_BOUND('',#1790,.F.);
#1790 = EDGE_LOOP('',(#1791,#1799,#1800,#1801));
#1791 = ORIENTED_EDGE('',*,*,#1792,.F.);
#1792 = EDGE_CURVE('',#1768,#1793,#1795,.T.);
#1793 = VERTEX_POINT('',#1794);
#1794 = CARTESIAN_POINT('',(131.43266003852,64.755307556894,3.));
#1795 = LINE('',#1796,#1797);
#1796 = CARTESIAN_POINT('',(131.43266003852,64.755307556894,0.));
#1797 = VECTOR('',#1798,1.);
#1798 = DIRECTION('',(0.,0.,1.));
#1799 = ORIENTED_EDGE('',*,*,#1777,.T.);
#1800 = ORIENTED_EDGE('',*,*,#396,.T.);
#1801 = ORIENTED_EDGE('',*,*,#1802,.F.);
#1802 = EDGE_CURVE('',#1793,#389,#1803,.T.);
#1803 = CIRCLE('',#1804,23.);
#1804 = AXIS2_PLACEMENT_3D('',#1805,#1806,#1807);
#1805 = CARTESIAN_POINT('',(121.5,85.5,3.));
#1806 = DIRECTION('',(0.,0.,1.));
#1807 = DIRECTION('',(1.,0.,-0.));
#1808 = CYLINDRICAL_SURFACE('',#1809,23.);
#1809 = AXIS2_PLACEMENT_3D('',#1810,#1811,#1812);
#1810 = CARTESIAN_POINT('',(121.5,85.5,0.));
#1811 = DIRECTION('',(0.,0.,1.));
#1812 = DIRECTION('',(1.,0.,-0.));
#1813 = ADVANCED_FACE('',(#1814),#1833,.F.);
#1814 = FACE_BOUND('',#1815,.F.);
#1815 = EDGE_LOOP('',(#1816,#1824,#1825,#1826));
#1816 = ORIENTED_EDGE('',*,*,#1817,.F.);
#1817 = EDGE_CURVE('',#1793,#1818,#1820,.T.);
#1818 = VERTEX_POINT('',#1819);
#1819 = CARTESIAN_POINT('',(131.43266003852,64.755307556894,35.));
#1820 = LINE('',#1821,#1822);
#1821 = CARTESIAN_POINT('',(131.43266003852,64.755307556894,0.));
#1822 = VECTOR('',#1823,1.);
#1823 = DIRECTION('',(0.,0.,1.));
#1824 = ORIENTED_EDGE('',*,*,#1802,.T.);
#1825 = ORIENTED_EDGE('',*,*,#388,.T.);
#1826 = ORIENTED_EDGE('',*,*,#1827,.F.);
#1827 = EDGE_CURVE('',#1818,#381,#1828,.T.);
#1828 = CIRCLE('',#1829,23.);
#1829 = AXIS2_PLACEMENT_3D('',#1830,#1831,#1832);
#1830 = CARTESIAN_POINT('',(121.5,85.5,35.));
#1831 = DIRECTION('',(0.,0.,1.));
#1832 = DIRECTION('',(1.,0.,-0.));
#1833 = CYLINDRICAL_SURFACE('',#1834,23.);
#1834 = AXIS2_PLACEMENT_3D('',#1835,#1836,#1837);
#1835 = CARTESIAN_POINT('',(121.5,85.5,0.));
#1836 = DIRECTION('',(0.,0.,1.));
#1837 = DIRECTION('',(1.,0.,-0.));
#1838 = ADVANCED_FACE('',(#1839),#1850,.T.);
#1839 = FACE_BOUND('',#1840,.T.);
#1840 = EDGE_LOOP('',(#1841,#1847,#1848,#1849));
#1841 = ORIENTED_EDGE('',*,*,#1842,.F.);
#1842 = EDGE_CURVE('',#1483,#1818,#1843,.T.);
#1843 = LINE('',#1844,#1845);
#1844 = CARTESIAN_POINT('',(207.87095685675,-94.88862994005,35.));
#1845 = VECTOR('',#1846,1.);
#1846 = DIRECTION('',(-0.431854784284,0.9019431497,0.));
#1847 = ORIENTED_EDGE('',*,*,#1482,.T.);
#1848 = ORIENTED_EDGE('',*,*,#380,.F.);
#1849 = ORIENTED_EDGE('',*,*,#1827,.F.);
#1850 = PLANE('',#1851);
#1851 = AXIS2_PLACEMENT_3D('',#1852,#1853,#1854);
#1852 = CARTESIAN_POINT('',(121.5,85.5,35.));
#1853 = DIRECTION('',(0.,0.,1.));
#1854 = DIRECTION('',(1.,0.,-0.));
#1855 = ADVANCED_FACE('',(#1856),#1861,.T.);
#1856 = FACE_BOUND('',#1857,.T.);
#1857 = EDGE_LOOP('',(#1858,#1859,#1860));
#1858 = ORIENTED_EDGE('',*,*,#364,.T.);
#1859 = ORIENTED_EDGE('',*,*,#1474,.T.);
#1860 = ORIENTED_EDGE('',*,*,#1447,.T.);
#1861 = PLANE('',#1862);
#1862 = AXIS2_PLACEMENT_3D('',#1863,#1864,#1865);
#1863 = CARTESIAN_POINT('',(143.37554338596,67.592590642315,
    28.46336893687));
#1864 = DIRECTION('',(0.7707008857,-0.630898899701,-8.936846836468E-02)
  );
#1865 = DIRECTION('',(0.633433499627,0.773797132038,0.));
#1866 = ADVANCED_FACE('',(#1867),#1892,.F.);
#1867 = FACE_BOUND('',#1868,.T.);
#1868 = EDGE_LOOP('',(#1869,#1877,#1885,#1891));
#1869 = ORIENTED_EDGE('',*,*,#1870,.F.);
#1870 = EDGE_CURVE('',#1871,#665,#1873,.T.);
#1871 = VERTEX_POINT('',#1872);
#1872 = CARTESIAN_POINT('',(166.82354416046,7.069322019277,
    13.94230448433));
#1873 = LINE('',#1874,#1875);
#1874 = CARTESIAN_POINT('',(166.82354416046,7.069322019277,
    13.94230448433));
#1875 = VECTOR('',#1876,1.);
#1876 = DIRECTION('',(0.630898899701,-0.7707008857,-8.936846836468E-02)
  );
#1877 = ORIENTED_EDGE('',*,*,#1878,.T.);
#1878 = EDGE_CURVE('',#1871,#1879,#1881,.T.);
#1879 = VERTEX_POINT('',#1880);
#1880 = CARTESIAN_POINT('',(189.432952862,25.577476528181,13.94230448433
    ));
#1881 = LINE('',#1882,#1883);
#1882 = CARTESIAN_POINT('',(166.82354416046,7.069322019277,
    13.94230448433));
#1883 = VECTOR('',#1884,1.);
#1884 = DIRECTION('',(0.773797132038,0.633433499627,-0.));
#1885 = ORIENTED_EDGE('',*,*,#1886,.T.);
#1886 = EDGE_CURVE('',#1879,#667,#1887,.T.);
#1887 = LINE('',#1888,#1889);
#1888 = CARTESIAN_POINT('',(189.432952862,25.577476528181,13.94230448433
    ));
#1889 = VECTOR('',#1890,1.);
#1890 = DIRECTION('',(0.630898899701,-0.7707008857,-8.936846836468E-02)
  );
#1891 = ORIENTED_EDGE('',*,*,#664,.F.);
#1892 = PLANE('',#1893);
#1893 = AXIS2_PLACEMENT_3D('',#1894,#1895,#1896);
#1894 = CARTESIAN_POINT('',(166.82354416046,7.069322019277,
    13.94230448433));
#1895 = DIRECTION('',(5.660898167254E-02,-6.915306451523E-02,
    0.995998632962));
#1896 = DIRECTION('',(-0.773797132038,-0.633433499627,0.));
#1897 = ADVANCED_FACE('',(#1898),#1908,.F.);
#1898 = FACE_BOUND('',#1899,.T.);
#1899 = EDGE_LOOP('',(#1900,#1906,#1907));
#1900 = ORIENTED_EDGE('',*,*,#1901,.F.);
#1901 = EDGE_CURVE('',#1871,#676,#1902,.T.);
#1902 = LINE('',#1903,#1904);
#1903 = CARTESIAN_POINT('',(166.82354416046,7.069322019277,
    13.94230448433));
#1904 = VECTOR('',#1905,1.);
#1905 = DIRECTION('',(5.660898167254E-02,-6.915306451523E-02,
    0.995998632962));
#1906 = ORIENTED_EDGE('',*,*,#1870,.T.);
#1907 = ORIENTED_EDGE('',*,*,#675,.T.);
#1908 = PLANE('',#1909);
#1909 = AXIS2_PLACEMENT_3D('',#1910,#1911,#1912);
#1910 = CARTESIAN_POINT('',(166.82354416046,7.069322019277,
    13.94230448433));
#1911 = DIRECTION('',(0.773797132038,0.633433499627,-0.));
#1912 = DIRECTION('',(-5.660898167254E-02,6.915306451523E-02,
    -0.995998632962));
#1913 = ADVANCED_FACE('',(#1914),#1924,.T.);
#1914 = FACE_BOUND('',#1915,.F.);
#1915 = EDGE_LOOP('',(#1916,#1922,#1923));
#1916 = ORIENTED_EDGE('',*,*,#1917,.F.);
#1917 = EDGE_CURVE('',#1879,#684,#1918,.T.);
#1918 = LINE('',#1919,#1920);
#1919 = CARTESIAN_POINT('',(189.432952862,25.577476528181,13.94230448433
    ));
#1920 = VECTOR('',#1921,1.);
#1921 = DIRECTION('',(5.660898167254E-02,-6.915306451523E-02,
    0.995998632962));
#1922 = ORIENTED_EDGE('',*,*,#1886,.T.);
#1923 = ORIENTED_EDGE('',*,*,#692,.T.);
#1924 = PLANE('',#1925);
#1925 = AXIS2_PLACEMENT_3D('',#1926,#1927,#1928);
#1926 = CARTESIAN_POINT('',(189.432952862,25.577476528181,13.94230448433
    ));
#1927 = DIRECTION('',(0.773797132038,0.633433499627,-0.));
#1928 = DIRECTION('',(-5.660898167254E-02,6.915306451523E-02,
    -0.995998632962));
#1929 = ADVANCED_FACE('',(#1930,#1936),#1947,.F.);
#1930 = FACE_BOUND('',#1931,.T.);
#1931 = EDGE_LOOP('',(#1932,#1933,#1934,#1935));
#1932 = ORIENTED_EDGE('',*,*,#1917,.F.);
#1933 = ORIENTED_EDGE('',*,*,#1878,.F.);
#1934 = ORIENTED_EDGE('',*,*,#1901,.T.);
#1935 = ORIENTED_EDGE('',*,*,#683,.F.);
#1936 = FACE_BOUND('',#1937,.T.);
#1937 = EDGE_LOOP('',(#1938));
#1938 = ORIENTED_EDGE('',*,*,#1939,.T.);
#1939 = EDGE_CURVE('',#1940,#1940,#1942,.T.);
#1940 = VERTEX_POINT('',#1941);
#1941 = CARTESIAN_POINT('',(173.58065852201,11.561282816516,
    22.906292180988));
#1942 = CIRCLE('',#1943,6.535396184467);
#1943 = AXIS2_PLACEMENT_3D('',#1944,#1945,#1946);
#1944 = CARTESIAN_POINT('',(178.63772934628,15.701021693092,
    22.906292180988));
#1945 = DIRECTION('',(0.630898899701,-0.7707008857,-8.936846836468E-02)
  );
#1946 = DIRECTION('',(-0.773797132038,-0.633433499627,
    -6.938893903907E-18));
#1947 = PLANE('',#1948);
#1948 = AXIS2_PLACEMENT_3D('',#1949,#1950,#1951);
#1949 = CARTESIAN_POINT('',(166.82354416046,7.069322019277,
    13.94230448433));
#1950 = DIRECTION('',(0.630898899701,-0.7707008857,-8.936846836468E-02)
  );
#1951 = DIRECTION('',(-5.660898167254E-02,6.915306451523E-02,
    -0.995998632962));
#1952 = ADVANCED_FACE('',(#1953),#1964,.T.);
#1953 = FACE_BOUND('',#1954,.T.);
#1954 = EDGE_LOOP('',(#1955,#1956,#1957,#1963));
#1955 = ORIENTED_EDGE('',*,*,#765,.F.);
#1956 = ORIENTED_EDGE('',*,*,#723,.T.);
#1957 = ORIENTED_EDGE('',*,*,#1958,.F.);
#1958 = EDGE_CURVE('',#788,#716,#1959,.T.);
#1959 = LINE('',#1960,#1961);
#1960 = CARTESIAN_POINT('',(136.34295137365,54.5,-200.));
#1961 = VECTOR('',#1962,1.);
#1962 = DIRECTION('',(0.,0.,-1.));
#1963 = ORIENTED_EDGE('',*,*,#787,.T.);
#1964 = PLANE('',#1965);
#1965 = AXIS2_PLACEMENT_3D('',#1966,#1967,#1968);
#1966 = CARTESIAN_POINT('',(131.5,54.5,0.));
#1967 = DIRECTION('',(-0.,1.,0.));
#1968 = DIRECTION('',(0.,0.,1.));
#1969 = ADVANCED_FACE('',(#1970),#2043,.F.);
#1970 = FACE_BOUND('',#1971,.F.);
#1971 = EDGE_LOOP('',(#1972,#1973,#1974,#1975,#1976,#1977,#1978,#1979,
    #1988,#1996,#2003,#2004,#2012,#2019,#2020,#2021,#2022,#2023,#2029,
    #2030,#2036,#2037));
#1972 = ORIENTED_EDGE('',*,*,#1052,.T.);
#1973 = ORIENTED_EDGE('',*,*,#1110,.T.);
#1974 = ORIENTED_EDGE('',*,*,#1767,.T.);
#1975 = ORIENTED_EDGE('',*,*,#1792,.T.);
#1976 = ORIENTED_EDGE('',*,*,#1817,.T.);
#1977 = ORIENTED_EDGE('',*,*,#1842,.F.);
#1978 = ORIENTED_EDGE('',*,*,#1491,.F.);
#1979 = ORIENTED_EDGE('',*,*,#1980,.F.);
#1980 = EDGE_CURVE('',#1981,#1492,#1983,.T.);
#1981 = VERTEX_POINT('',#1982);
#1982 = CARTESIAN_POINT('',(131.92261815152,63.732013663343,
    30.169279836731));
#1983 = ELLIPSE('',#1984,40.812172680789,1.65);
#1984 = AXIS2_PLACEMENT_3D('',#1985,#1986,#1987);
#1985 = CARTESIAN_POINT('',(121.5,85.5,31.));
#1986 = DIRECTION('',(0.9019431497,0.431854784284,-6.938893903907E-18));
#1987 = DIRECTION('',(0.430123940014,-0.898328223597,-8.944159499658E-02
    ));
#1988 = ORIENTED_EDGE('',*,*,#1989,.F.);
#1989 = EDGE_CURVE('',#1990,#1981,#1992,.T.);
#1990 = VERTEX_POINT('',#1991);
#1991 = CARTESIAN_POINT('',(131.81977767577,63.946799433908,
    27.517468111351));
#1992 = LINE('',#1993,#1994);
#1993 = CARTESIAN_POINT('',(124.27165389819,79.711308204062,
    -167.1160455124));
#1994 = VECTOR('',#1995,1.);
#1995 = DIRECTION('',(3.862578071324E-02,-8.067123390543E-02,
    0.995992068786));
#1996 = ORIENTED_EDGE('',*,*,#1997,.F.);
#1997 = EDGE_CURVE('',#1500,#1990,#1998,.T.);
#1998 = ELLIPSE('',#1999,40.812172680789,1.65);
#1999 = AXIS2_PLACEMENT_3D('',#2000,#2001,#2002);
#2000 = CARTESIAN_POINT('',(121.5,85.5,31.));
#2001 = DIRECTION('',(0.9019431497,0.431854784284,-6.938893903907E-18));
#2002 = DIRECTION('',(0.430123940014,-0.898328223597,-8.944159499658E-02
    ));
#2003 = ORIENTED_EDGE('',*,*,#1548,.F.);
#2004 = ORIENTED_EDGE('',*,*,#2005,.F.);
#2005 = EDGE_CURVE('',#2006,#1549,#2008,.T.);
#2006 = VERTEX_POINT('',#2007);
#2007 = CARTESIAN_POINT('',(133.41128914875,60.622874533774,
    20.534720794691));
#2008 = LINE('',#2009,#2010);
#2009 = CARTESIAN_POINT('',(126.11906667062,75.85292488773,
    -167.5002034948));
#2010 = VECTOR('',#2011,1.);
#2011 = DIRECTION('',(3.862578071324E-02,-8.067123390543E-02,
    0.995992068786));
#2012 = ORIENTED_EDGE('',*,*,#2013,.F.);
#2013 = EDGE_CURVE('',#1464,#2006,#2014,.T.);
#2014 = ELLIPSE('',#2015,198.83804154976,8.038845937539);
#2015 = AXIS2_PLACEMENT_3D('',#2016,#2017,#2018);
#2016 = CARTESIAN_POINT('',(121.5,85.5,31.));
#2017 = DIRECTION('',(0.9019431497,0.431854784284,-6.938893903907E-18));
#2018 = DIRECTION('',(0.430123940014,-0.898328223597,-8.944159499658E-02
    ));
#2019 = ORIENTED_EDGE('',*,*,#1463,.F.);
#2020 = ORIENTED_EDGE('',*,*,#715,.F.);
#2021 = ORIENTED_EDGE('',*,*,#1958,.F.);
#2022 = ORIENTED_EDGE('',*,*,#795,.F.);
#2023 = ORIENTED_EDGE('',*,*,#2024,.F.);
#2024 = EDGE_CURVE('',#857,#796,#2025,.T.);
#2025 = LINE('',#2026,#2027);
#2026 = CARTESIAN_POINT('',(139.33903395489,48.242581399052,7.3));
#2027 = VECTOR('',#2028,1.);
#2028 = DIRECTION('',(0.,0.,1.));
#2029 = ORIENTED_EDGE('',*,*,#854,.F.);
#2030 = ORIENTED_EDGE('',*,*,#2031,.F.);
#2031 = EDGE_CURVE('',#971,#855,#2032,.T.);
#2032 = LINE('',#2033,#2034);
#2033 = CARTESIAN_POINT('',(138.78485627705,49.4,-196.2));
#2034 = VECTOR('',#2035,1.);
#2035 = DIRECTION('',(-0.,0.,1.));
#2036 = ORIENTED_EDGE('',*,*,#970,.T.);
#2037 = ORIENTED_EDGE('',*,*,#2038,.F.);
#2038 = EDGE_CURVE('',#1053,#962,#2039,.T.);
#2039 = LINE('',#2040,#2041);
#2040 = CARTESIAN_POINT('',(137.90451989612,51.238611952687,-0.2));
#2041 = VECTOR('',#2042,1.);
#2042 = DIRECTION('',(0.,0.,1.));
#2043 = PLANE('',#2044);
#2044 = AXIS2_PLACEMENT_3D('',#2045,#2046,#2047);
#2045 = CARTESIAN_POINT('',(294.24191371351,-275.2772598801,-400.));
#2046 = DIRECTION('',(0.9019431497,0.431854784284,0.));
#2047 = DIRECTION('',(-0.431854784284,0.9019431497,0.));
#2048 = ADVANCED_FACE('',(#2049),#2055,.F.);
#2049 = FACE_BOUND('',#2050,.F.);
#2050 = EDGE_LOOP('',(#2051,#2052,#2053,#2054));
#2051 = ORIENTED_EDGE('',*,*,#803,.F.);
#2052 = ORIENTED_EDGE('',*,*,#829,.F.);
#2053 = ORIENTED_EDGE('',*,*,#888,.T.);
#2054 = ORIENTED_EDGE('',*,*,#2024,.T.);
#2055 = CYLINDRICAL_SURFACE('',#2056,1.75);
#2056 = AXIS2_PLACEMENT_3D('',#2057,#2058,#2059);
#2057 = CARTESIAN_POINT('',(139.5,46.5,7.3));
#2058 = DIRECTION('',(0.,0.,1.));
#2059 = DIRECTION('',(1.,0.,-0.));
#2060 = ADVANCED_FACE('',(#2061),#2078,.F.);
#2061 = FACE_BOUND('',#2062,.F.);
#2062 = EDGE_LOOP('',(#2063,#2071,#2072));
#2063 = ORIENTED_EDGE('',*,*,#2064,.F.);
#2064 = EDGE_CURVE('',#865,#2065,#2067,.T.);
#2065 = VERTEX_POINT('',#2066);
#2066 = CARTESIAN_POINT('',(142.8486315613,49.4,7.6));
#2067 = LINE('',#2068,#2069);
#2068 = CARTESIAN_POINT('',(119.5,49.4,7.6));
#2069 = VECTOR('',#2070,1.);
#2070 = DIRECTION('',(1.,0.,-0.));
#2071 = ORIENTED_EDGE('',*,*,#872,.T.);
#2072 = ORIENTED_EDGE('',*,*,#2073,.T.);
#2073 = EDGE_CURVE('',#873,#2065,#2074,.T.);
#2074 = LINE('',#2075,#2076);
#2075 = CARTESIAN_POINT('',(142.8486315613,43.6,7.6));
#2076 = VECTOR('',#2077,1.);
#2077 = DIRECTION('',(-0.,1.,0.));
#2078 = PLANE('',#2079);
#2079 = AXIS2_PLACEMENT_3D('',#2080,#2081,#2082);
#2080 = CARTESIAN_POINT('',(119.5,43.6,7.6));
#2081 = DIRECTION('',(0.,0.,1.));
#2082 = DIRECTION('',(1.,0.,-0.));
#2083 = ADVANCED_FACE('',(#2084),#2095,.T.);
#2084 = FACE_BOUND('',#2085,.T.);
#2085 = EDGE_LOOP('',(#2086,#2087,#2088,#2089));
#2086 = ORIENTED_EDGE('',*,*,#864,.F.);
#2087 = ORIENTED_EDGE('',*,*,#2031,.F.);
#2088 = ORIENTED_EDGE('',*,*,#978,.T.);
#2089 = ORIENTED_EDGE('',*,*,#2090,.F.);
#2090 = EDGE_CURVE('',#865,#979,#2091,.T.);
#2091 = LINE('',#2092,#2093);
#2092 = CARTESIAN_POINT('',(141.17431578065,49.4,7.6));
#2093 = VECTOR('',#2094,1.);
#2094 = DIRECTION('',(0.,0.,-1.));
#2095 = PLANE('',#2096);
#2096 = AXIS2_PLACEMENT_3D('',#2097,#2098,#2099);
#2097 = CARTESIAN_POINT('',(137.82568421935,49.4,7.6));
#2098 = DIRECTION('',(0.,-1.,0.));
#2099 = DIRECTION('',(1.,0.,0.));
#2100 = ADVANCED_FACE('',(#2101),#2112,.F.);
#2101 = FACE_BOUND('',#2102,.F.);
#2102 = EDGE_LOOP('',(#2103,#2104,#2105,#2111));
#2103 = ORIENTED_EDGE('',*,*,#937,.F.);
#2104 = ORIENTED_EDGE('',*,*,#1002,.T.);
#2105 = ORIENTED_EDGE('',*,*,#2106,.F.);
#2106 = EDGE_CURVE('',#873,#995,#2107,.T.);
#2107 = LINE('',#2108,#2109);
#2108 = CARTESIAN_POINT('',(142.8486315613,46.5,7.6));
#2109 = VECTOR('',#2110,1.);
#2110 = DIRECTION('',(0.,0.,-1.));
#2111 = ORIENTED_EDGE('',*,*,#903,.F.);
#2112 = PLANE('',#2113);
#2113 = AXIS2_PLACEMENT_3D('',#2114,#2115,#2116);
#2114 = CARTESIAN_POINT('',(142.8486315613,43.6,5.));
#2115 = DIRECTION('',(1.,0.,-0.));
#2116 = DIRECTION('',(0.,0.,1.));
#2117 = ADVANCED_FACE('',(#2118),#2129,.F.);
#2118 = FACE_BOUND('',#2119,.F.);
#2119 = EDGE_LOOP('',(#2120,#2121,#2122,#2128));
#2120 = ORIENTED_EDGE('',*,*,#2106,.T.);
#2121 = ORIENTED_EDGE('',*,*,#994,.T.);
#2122 = ORIENTED_EDGE('',*,*,#2123,.T.);
#2123 = EDGE_CURVE('',#987,#2065,#2124,.T.);
#2124 = LINE('',#2125,#2126);
#2125 = CARTESIAN_POINT('',(142.8486315613,49.4,5.));
#2126 = VECTOR('',#2127,1.);
#2127 = DIRECTION('',(0.,0.,1.));
#2128 = ORIENTED_EDGE('',*,*,#2073,.F.);
#2129 = PLANE('',#2130);
#2130 = AXIS2_PLACEMENT_3D('',#2131,#2132,#2133);
#2131 = CARTESIAN_POINT('',(142.8486315613,43.6,5.));
#2132 = DIRECTION('',(1.,0.,-0.));
#2133 = DIRECTION('',(0.,0.,1.));
#2134 = ADVANCED_FACE('',(#2135),#2141,.F.);
#2135 = FACE_BOUND('',#2136,.F.);
#2136 = EDGE_LOOP('',(#2137,#2138,#2139,#2140));
#2137 = ORIENTED_EDGE('',*,*,#986,.F.);
#2138 = ORIENTED_EDGE('',*,*,#2090,.F.);
#2139 = ORIENTED_EDGE('',*,*,#2064,.T.);
#2140 = ORIENTED_EDGE('',*,*,#2123,.F.);
#2141 = PLANE('',#2142);
#2142 = AXIS2_PLACEMENT_3D('',#2143,#2144,#2145);
#2143 = CARTESIAN_POINT('',(119.5,49.4,5.));
#2144 = DIRECTION('',(-0.,1.,0.));
#2145 = DIRECTION('',(0.,0.,1.));
#2146 = ADVANCED_FACE('',(#2147),#2153,.F.);
#2147 = FACE_BOUND('',#2148,.F.);
#2148 = EDGE_LOOP('',(#2149,#2150,#2151,#2152));
#2149 = ORIENTED_EDGE('',*,*,#1026,.F.);
#2150 = ORIENTED_EDGE('',*,*,#1060,.T.);
#2151 = ORIENTED_EDGE('',*,*,#2038,.T.);
#2152 = ORIENTED_EDGE('',*,*,#961,.F.);
#2153 = CYLINDRICAL_SURFACE('',#2154,5.);
#2154 = AXIS2_PLACEMENT_3D('',#2155,#2156,#2157);
#2155 = CARTESIAN_POINT('',(139.5,46.5,-0.2));
#2156 = DIRECTION('',(0.,0.,1.));
#2157 = DIRECTION('',(1.,0.,-0.));
#2158 = ADVANCED_FACE('',(#2159),#2200,.F.);
#2159 = FACE_BOUND('',#2160,.T.);
#2160 = EDGE_LOOP('',(#2161,#2171,#2177,#2178,#2186,#2194));
#2161 = ORIENTED_EDGE('',*,*,#2162,.F.);
#2162 = EDGE_CURVE('',#2163,#2165,#2167,.T.);
#2163 = VERTEX_POINT('',#2164);
#2164 = CARTESIAN_POINT('',(165.70101116218,-1.987120065818,
    13.377308453975));
#2165 = VERTEX_POINT('',#2166);
#2166 = CARTESIAN_POINT('',(168.60314610081,-5.532344140038,
    12.966213499498));
#2167 = LINE('',#2168,#2169);
#2168 = CARTESIAN_POINT('',(165.70101116218,-1.987120065818,
    13.377308453975));
#2169 = VECTOR('',#2170,1.);
#2170 = DIRECTION('',(0.630898899701,-0.7707008857,-8.936846836468E-02)
  );
#2171 = ORIENTED_EDGE('',*,*,#2172,.T.);
#2172 = EDGE_CURVE('',#2163,#1144,#2173,.T.);
#2173 = LINE('',#2174,#2175);
#2174 = CARTESIAN_POINT('',(165.70101116218,-1.987120065818,
    13.377308453975));
#2175 = VECTOR('',#2176,1.);
#2176 = DIRECTION('',(0.773797132038,0.633433499627,-0.));
#2177 = ORIENTED_EDGE('',*,*,#1160,.T.);
#2178 = ORIENTED_EDGE('',*,*,#2179,.T.);
#2179 = EDGE_CURVE('',#1153,#2180,#2182,.T.);
#2180 = VERTEX_POINT('',#2181);
#2181 = CARTESIAN_POINT('',(198.53269259569,24.889028743737,
    13.377308453975));
#2182 = LINE('',#2183,#2184);
#2183 = CARTESIAN_POINT('',(165.70101116218,-1.987120065818,
    13.377308453975));
#2184 = VECTOR('',#2185,1.);
#2185 = DIRECTION('',(0.773797132038,0.633433499627,-0.));
#2186 = ORIENTED_EDGE('',*,*,#2187,.T.);
#2187 = EDGE_CURVE('',#2180,#2188,#2190,.T.);
#2188 = VERTEX_POINT('',#2189);
#2189 = CARTESIAN_POINT('',(201.43482753432,21.343804669518,
    12.966213499498));
#2190 = LINE('',#2191,#2192);
#2191 = CARTESIAN_POINT('',(198.53269259569,24.889028743737,
    13.377308453975));
#2192 = VECTOR('',#2193,1.);
#2193 = DIRECTION('',(0.630898899701,-0.7707008857,-8.936846836468E-02)
  );
#2194 = ORIENTED_EDGE('',*,*,#2195,.F.);
#2195 = EDGE_CURVE('',#2165,#2188,#2196,.T.);
#2196 = LINE('',#2197,#2198);
#2197 = CARTESIAN_POINT('',(168.60314610081,-5.532344140038,
    12.966213499498));
#2198 = VECTOR('',#2199,1.);
#2199 = DIRECTION('',(0.773797132038,0.633433499627,-0.));
#2200 = PLANE('',#2201);
#2201 = AXIS2_PLACEMENT_3D('',#2202,#2203,#2204);
#2202 = CARTESIAN_POINT('',(165.70101116218,-1.987120065818,
    13.377308453975));
#2203 = DIRECTION('',(5.660898167254E-02,-6.915306451523E-02,
    0.995998632962));
#2204 = DIRECTION('',(-0.773797132038,-0.633433499627,0.));
#2205 = ADVANCED_FACE('',(#2206),#2225,.T.);
#2206 = FACE_BOUND('',#2207,.T.);
#2207 = EDGE_LOOP('',(#2208,#2209,#2210,#2218,#2224));
#2208 = ORIENTED_EDGE('',*,*,#1248,.F.);
#2209 = ORIENTED_EDGE('',*,*,#1240,.F.);
#2210 = ORIENTED_EDGE('',*,*,#2211,.F.);
#2211 = EDGE_CURVE('',#2212,#1233,#2214,.T.);
#2212 = VERTEX_POINT('',#2213);
#2213 = CARTESIAN_POINT('',(173.18923185277,2.859944815422,
    24.440192438447));
#2214 = LINE('',#2215,#2216);
#2215 = CARTESIAN_POINT('',(173.18923185277,2.859944815422,
    24.440192438447));
#2216 = VECTOR('',#2217,1.);
#2217 = DIRECTION('',(-0.641823482884,-0.583146034543,0.497999316481));
#2218 = ORIENTED_EDGE('',*,*,#2219,.T.);
#2219 = EDGE_CURVE('',#2212,#1378,#2220,.T.);
#2220 = LINE('',#2221,#2222);
#2221 = CARTESIAN_POINT('',(172.83135069443,3.297129482946,
    18.143503575006));
#2222 = VECTOR('',#2223,1.);
#2223 = DIRECTION('',(5.660898167254E-02,-6.915306451523E-02,
    0.995998632962));
#2224 = ORIENTED_EDGE('',*,*,#1385,.F.);
#2225 = PLANE('',#2226);
#2226 = AXIS2_PLACEMENT_3D('',#2227,#2228,#2229);
#2227 = CARTESIAN_POINT('',(167.18263163055,-1.326935064331,
    18.143503575006));
#2228 = DIRECTION('',(0.630898899701,-0.7707008857,-8.936846836468E-02)
  );
#2229 = DIRECTION('',(5.660898167254E-02,-6.915306451523E-02,
    0.995998632962));
#2230 = ADVANCED_FACE('',(#2231),#2257,.T.);
#2231 = FACE_BOUND('',#2232,.T.);
#2232 = EDGE_LOOP('',(#2233,#2241,#2242,#2243,#2250,#2251));
#2233 = ORIENTED_EDGE('',*,*,#2234,.T.);
#2234 = EDGE_CURVE('',#2235,#2212,#2237,.T.);
#2235 = VERTEX_POINT('',#2236);
#2236 = CARTESIAN_POINT('',(172.95064441388,3.151401260438,
    20.242399862819));
#2237 = LINE('',#2238,#2239);
#2238 = CARTESIAN_POINT('',(172.95064441388,3.151401260438,
    20.242399862819));
#2239 = VECTOR('',#2240,1.);
#2240 = DIRECTION('',(5.660898167254E-02,-6.915306451523E-02,
    0.995998632962));
#2241 = ORIENTED_EDGE('',*,*,#2211,.T.);
#2242 = ORIENTED_EDGE('',*,*,#1232,.F.);
#2243 = ORIENTED_EDGE('',*,*,#2244,.F.);
#2244 = EDGE_CURVE('',#1201,#1225,#2245,.T.);
#2245 = CIRCLE('',#2246,2.3);
#2246 = AXIS2_PLACEMENT_3D('',#2247,#2248,#2249);
#2247 = CARTESIAN_POINT('',(170.24557860138,0.693640764292,
    22.341296150633));
#2248 = DIRECTION('',(0.630898899701,-0.7707008857,-8.936846836468E-02)
  );
#2249 = DIRECTION('',(-0.773797132038,-0.633433499627,
    -6.938893903907E-18));
#2250 = ORIENTED_EDGE('',*,*,#1200,.F.);
#2251 = ORIENTED_EDGE('',*,*,#2252,.T.);
#2252 = EDGE_CURVE('',#1193,#2235,#2253,.T.);
#2253 = LINE('',#2254,#2255);
#2254 = CARTESIAN_POINT('',(170.00699116249,0.985097209308,
    18.143503575006));
#2255 = VECTOR('',#2256,1.);
#2256 = DIRECTION('',(0.698432464557,0.513992970027,0.497999316481));
#2257 = PLANE('',#2258);
#2258 = AXIS2_PLACEMENT_3D('',#2259,#2260,#2261);
#2259 = CARTESIAN_POINT('',(170.24557860138,0.693640764292,
    22.341296150633));
#2260 = DIRECTION('',(0.630898899701,-0.7707008857,-8.936846836468E-02)
  );
#2261 = DIRECTION('',(-0.773797132038,-0.633433499627,0.));
#2262 = ADVANCED_FACE('',(#2263),#2275,.F.);
#2263 = FACE_BOUND('',#2264,.F.);
#2264 = EDGE_LOOP('',(#2265,#2266,#2267,#2268));
#2265 = ORIENTED_EDGE('',*,*,#1224,.T.);
#2266 = ORIENTED_EDGE('',*,*,#2244,.F.);
#2267 = ORIENTED_EDGE('',*,*,#1208,.F.);
#2268 = ORIENTED_EDGE('',*,*,#2269,.T.);
#2269 = EDGE_CURVE('',#1209,#1217,#2270,.T.);
#2270 = CIRCLE('',#2271,2.3);
#2271 = AXIS2_PLACEMENT_3D('',#2272,#2273,#2274);
#2272 = CARTESIAN_POINT('',(169.3623201418,1.772622004271,
    22.466412006344));
#2273 = DIRECTION('',(0.630898899701,-0.7707008857,-8.936846836468E-02)
  );
#2274 = DIRECTION('',(-0.773797132038,-0.633433499627,
    -6.938893903907E-18));
#2275 = CYLINDRICAL_SURFACE('',#2276,2.3);
#2276 = AXIS2_PLACEMENT_3D('',#2277,#2278,#2279);
#2277 = CARTESIAN_POINT('',(169.3623201418,1.772622004271,
    22.466412006344));
#2278 = DIRECTION('',(0.630898899701,-0.7707008857,-8.936846836468E-02)
  );
#2279 = DIRECTION('',(-0.773797132038,-0.633433499627,
    -6.938893903907E-18));
#2280 = ADVANCED_FACE('',(#2281),#2285,.T.);
#2281 = FACE_BOUND('',#2282,.T.);
#2282 = EDGE_LOOP('',(#2283,#2284));
#2283 = ORIENTED_EDGE('',*,*,#1216,.F.);
#2284 = ORIENTED_EDGE('',*,*,#2269,.T.);
#2285 = PLANE('',#2286);
#2286 = AXIS2_PLACEMENT_3D('',#2287,#2288,#2289);
#2287 = CARTESIAN_POINT('',(169.3623201418,1.772622004271,
    22.466412006344));
#2288 = DIRECTION('',(0.630898899701,-0.7707008857,-8.936846836468E-02)
  );
#2289 = DIRECTION('',(-0.773797132038,-0.633433499627,
    -6.938893903907E-18));
#2290 = ADVANCED_FACE('',(#2291),#2317,.F.);
#2291 = FACE_BOUND('',#2292,.T.);
#2292 = EDGE_LOOP('',(#2293,#2302,#2310,#2316));
#2293 = ORIENTED_EDGE('',*,*,#2294,.F.);
#2294 = EDGE_CURVE('',#2295,#1177,#2297,.T.);
#2295 = VERTEX_POINT('',#2296);
#2296 = CARTESIAN_POINT('',(167.37662983011,-1.168127344087,
    18.143503575006));
#2297 = CIRCLE('',#2298,5.414656965084);
#2298 = AXIS2_PLACEMENT_3D('',#2299,#2300,#2301);
#2299 = CARTESIAN_POINT('',(170.24557860138,0.693640764292,
    22.341296150633));
#2300 = DIRECTION('',(0.630898899701,-0.7707008857,-8.936846836468E-02)
  );
#2301 = DIRECTION('',(-0.773797132038,-0.633433499627,
    -6.938893903907E-18));
#2302 = ORIENTED_EDGE('',*,*,#2303,.T.);
#2303 = EDGE_CURVE('',#2295,#2304,#2306,.T.);
#2304 = VERTEX_POINT('',#2305);
#2305 = CARTESIAN_POINT('',(170.00699116249,0.985097209308,
    18.143503575006));
#2306 = LINE('',#2307,#2308);
#2307 = CARTESIAN_POINT('',(167.18263163055,-1.326935064331,
    18.143503575006));
#2308 = VECTOR('',#2309,1.);
#2309 = DIRECTION('',(0.773797132038,0.633433499627,0.));
#2310 = ORIENTED_EDGE('',*,*,#2311,.T.);
#2311 = EDGE_CURVE('',#2304,#1185,#2312,.T.);
#2312 = LINE('',#2313,#2314);
#2313 = CARTESIAN_POINT('',(167.18263163055,-1.326935064331,
    18.143503575006));
#2314 = VECTOR('',#2315,1.);
#2315 = DIRECTION('',(0.773797132038,0.633433499627,0.));
#2316 = ORIENTED_EDGE('',*,*,#1184,.F.);
#2317 = PLANE('',#2318);
#2318 = AXIS2_PLACEMENT_3D('',#2319,#2320,#2321);
#2319 = CARTESIAN_POINT('',(165.70101116218,-1.987120065818,
    13.377308453975));
#2320 = DIRECTION('',(0.630898899701,-0.7707008857,-8.936846836468E-02)
  );
#2321 = DIRECTION('',(-5.660898167254E-02,6.915306451523E-02,
    -0.995998632962));
#2322 = ADVANCED_FACE('',(#2323),#2341,.T.);
#2323 = FACE_BOUND('',#2324,.T.);
#2324 = EDGE_LOOP('',(#2325,#2326,#2334,#2340));
#2325 = ORIENTED_EDGE('',*,*,#1192,.F.);
#2326 = ORIENTED_EDGE('',*,*,#2327,.T.);
#2327 = EDGE_CURVE('',#1185,#2328,#2330,.T.);
#2328 = VERTEX_POINT('',#2329);
#2329 = CARTESIAN_POINT('',(172.83135069443,3.297129482946,
    18.143503575006));
#2330 = LINE('',#2331,#2332);
#2331 = CARTESIAN_POINT('',(167.18263163055,-1.326935064331,
    18.143503575006));
#2332 = VECTOR('',#2333,1.);
#2333 = DIRECTION('',(0.773797132038,0.633433499627,0.));
#2334 = ORIENTED_EDGE('',*,*,#2335,.T.);
#2335 = EDGE_CURVE('',#2328,#2235,#2336,.T.);
#2336 = LINE('',#2337,#2338);
#2337 = CARTESIAN_POINT('',(172.83135069443,3.297129482946,
    18.143503575006));
#2338 = VECTOR('',#2339,1.);
#2339 = DIRECTION('',(5.660898167254E-02,-6.915306451523E-02,
    0.995998632962));
#2340 = ORIENTED_EDGE('',*,*,#2252,.F.);
#2341 = PLANE('',#2342);
#2342 = AXIS2_PLACEMENT_3D('',#2343,#2344,#2345);
#2343 = CARTESIAN_POINT('',(167.18263163055,-1.326935064331,
    18.143503575006));
#2344 = DIRECTION('',(0.630898899701,-0.7707008857,-8.936846836468E-02)
  );
#2345 = DIRECTION('',(5.660898167254E-02,-6.915306451523E-02,
    0.995998632962));
#2346 = ADVANCED_FACE('',(#2347),#2383,.F.);
#2347 = FACE_BOUND('',#2348,.T.);
#2348 = EDGE_LOOP('',(#2349,#2350,#2358,#2367,#2375,#2381,#2382));
#2349 = ORIENTED_EDGE('',*,*,#2172,.F.);
#2350 = ORIENTED_EDGE('',*,*,#2351,.T.);
#2351 = EDGE_CURVE('',#2163,#2352,#2354,.T.);
#2352 = VERTEX_POINT('',#2353);
#2353 = CARTESIAN_POINT('',(166.12795418423,-2.508670135704,
    20.889096402481));
#2354 = LINE('',#2355,#2356);
#2355 = CARTESIAN_POINT('',(165.70101116218,-1.987120065818,
    13.377308453975));
#2356 = VECTOR('',#2357,1.);
#2357 = DIRECTION('',(5.660898167254E-02,-6.915306451523E-02,
    0.995998632962));
#2358 = ORIENTED_EDGE('',*,*,#2359,.T.);
#2359 = EDGE_CURVE('',#2352,#2360,#2362,.T.);
#2360 = VERTEX_POINT('',#2361);
#2361 = CARTESIAN_POINT('',(167.19481137789,-1.341813743099,
    18.357798397909));
#2362 = CIRCLE('',#2363,5.414656965084);
#2363 = AXIS2_PLACEMENT_3D('',#2364,#2365,#2366);
#2364 = CARTESIAN_POINT('',(170.24557860138,0.693640764292,
    22.341296150633));
#2365 = DIRECTION('',(0.630898899701,-0.7707008857,-8.936846836468E-02)
  );
#2366 = DIRECTION('',(-0.773797132038,-0.633433499627,
    -6.938893903907E-18));
#2367 = ORIENTED_EDGE('',*,*,#2368,.F.);
#2368 = EDGE_CURVE('',#2369,#2360,#2371,.T.);
#2369 = VERTEX_POINT('',#2370);
#2370 = CARTESIAN_POINT('',(167.18263163055,-1.326935064331,
    18.143503575006));
#2371 = LINE('',#2372,#2373);
#2372 = CARTESIAN_POINT('',(167.18263163055,-1.326935064331,
    18.143503575006));
#2373 = VECTOR('',#2374,1.);
#2374 = DIRECTION('',(5.660898167254E-02,-6.915306451523E-02,
    0.995998632962));
#2375 = ORIENTED_EDGE('',*,*,#2376,.T.);
#2376 = EDGE_CURVE('',#2369,#2295,#2377,.T.);
#2377 = LINE('',#2378,#2379);
#2378 = CARTESIAN_POINT('',(167.18263163055,-1.326935064331,
    18.143503575006));
#2379 = VECTOR('',#2380,1.);
#2380 = DIRECTION('',(0.773797132038,0.633433499627,0.));
#2381 = ORIENTED_EDGE('',*,*,#2294,.T.);
#2382 = ORIENTED_EDGE('',*,*,#1176,.F.);
#2383 = PLANE('',#2384);
#2384 = AXIS2_PLACEMENT_3D('',#2385,#2386,#2387);
#2385 = CARTESIAN_POINT('',(165.70101116218,-1.987120065818,
    13.377308453975));
#2386 = DIRECTION('',(0.630898899701,-0.7707008857,-8.936846836468E-02)
  );
#2387 = DIRECTION('',(-5.660898167254E-02,6.915306451523E-02,
    -0.995998632962));
#2388 = ADVANCED_FACE('',(#2389),#2408,.T.);
#2389 = FACE_BOUND('',#2390,.T.);
#2390 = EDGE_LOOP('',(#2391,#2399,#2405,#2406,#2407));
#2391 = ORIENTED_EDGE('',*,*,#2392,.F.);
#2392 = EDGE_CURVE('',#2393,#1370,#2395,.T.);
#2393 = VERTEX_POINT('',#2394);
#2394 = CARTESIAN_POINT('',(192.30202101411,18.505752256207,
    24.440192438447));
#2395 = LINE('',#2396,#2397);
#2396 = CARTESIAN_POINT('',(191.94413985577,18.942936923731,
    18.143503575006));
#2397 = VECTOR('',#2398,1.);
#2398 = DIRECTION('',(5.660898167254E-02,-6.915306451523E-02,
    0.995998632962));
#2399 = ORIENTED_EDGE('',*,*,#2400,.F.);
#2400 = EDGE_CURVE('',#1329,#2393,#2401,.T.);
#2401 = LINE('',#2402,#2403);
#2402 = CARTESIAN_POINT('',(195.24567426549,20.672056307337,
    26.539088726261));
#2403 = VECTOR('',#2404,1.);
#2404 = DIRECTION('',(-0.698432464557,-0.513992970027,-0.497999316481));
#2405 = ORIENTED_EDGE('',*,*,#1336,.T.);
#2406 = ORIENTED_EDGE('',*,*,#1344,.T.);
#2407 = ORIENTED_EDGE('',*,*,#1369,.F.);
#2408 = PLANE('',#2409);
#2409 = AXIS2_PLACEMENT_3D('',#2410,#2411,#2412);
#2410 = CARTESIAN_POINT('',(191.94413985577,18.942936923731,
    18.143503575006));
#2411 = DIRECTION('',(0.630898899701,-0.7707008857,-8.936846836468E-02)
  );
#2412 = DIRECTION('',(5.660898167254E-02,-6.915306451523E-02,
    0.995998632962));
#2413 = ADVANCED_FACE('',(#2414),#2449,.T.);
#2414 = FACE_BOUND('',#2415,.T.);
#2415 = EDGE_LOOP('',(#2416,#2417,#2418,#2426,#2432,#2433,#2442));
#2416 = ORIENTED_EDGE('',*,*,#1328,.T.);
#2417 = ORIENTED_EDGE('',*,*,#2400,.T.);
#2418 = ORIENTED_EDGE('',*,*,#2419,.T.);
#2419 = EDGE_CURVE('',#2393,#2420,#2422,.T.);
#2420 = VERTEX_POINT('',#2421);
#2421 = CARTESIAN_POINT('',(192.06343357522,18.797208701223,
    20.242399862819));
#2422 = LINE('',#2423,#2424);
#2423 = CARTESIAN_POINT('',(192.30202101411,18.505752256207,
    24.440192438447));
#2424 = VECTOR('',#2425,1.);
#2425 = DIRECTION('',(-5.660898167253E-02,6.915306451523E-02,
    -0.995998632962));
#2426 = ORIENTED_EDGE('',*,*,#2427,.T.);
#2427 = EDGE_CURVE('',#2420,#1289,#2428,.T.);
#2428 = LINE('',#2429,#2430);
#2429 = CARTESIAN_POINT('',(192.06343357522,18.797208701223,
    20.242399862819));
#2430 = VECTOR('',#2431,1.);
#2431 = DIRECTION('',(0.641823482884,0.583146034543,-0.497999316481));
#2432 = ORIENTED_EDGE('',*,*,#1296,.T.);
#2433 = ORIENTED_EDGE('',*,*,#2434,.F.);
#2434 = EDGE_CURVE('',#2435,#1297,#2437,.T.);
#2435 = VERTEX_POINT('',#2436);
#2436 = CARTESIAN_POINT('',(193.22735342291,19.506615703211,
    22.341296150633));
#2437 = CIRCLE('',#2438,2.3);
#2438 = AXIS2_PLACEMENT_3D('',#2439,#2440,#2441);
#2439 = CARTESIAN_POINT('',(195.0070868266,20.963512752353,
    22.341296150633));
#2440 = DIRECTION('',(0.630898899701,-0.7707008857,-8.936846836468E-02)
  );
#2441 = DIRECTION('',(-0.773797132038,-0.633433499627,
    -6.938893903907E-18));
#2442 = ORIENTED_EDGE('',*,*,#2443,.F.);
#2443 = EDGE_CURVE('',#1321,#2435,#2444,.T.);
#2444 = CIRCLE('',#2445,2.3);
#2445 = AXIS2_PLACEMENT_3D('',#2446,#2447,#2448);
#2446 = CARTESIAN_POINT('',(195.0070868266,20.963512752353,
    22.341296150633));
#2447 = DIRECTION('',(0.630898899701,-0.7707008857,-8.936846836468E-02)
  );
#2448 = DIRECTION('',(-0.773797132038,-0.633433499627,
    -6.938893903907E-18));
#2449 = PLANE('',#2450);
#2450 = AXIS2_PLACEMENT_3D('',#2451,#2452,#2453);
#2451 = CARTESIAN_POINT('',(195.0070868266,20.963512752353,
    22.341296150633));
#2452 = DIRECTION('',(0.630898899701,-0.7707008857,-8.936846836468E-02)
  );
#2453 = DIRECTION('',(-0.773797132038,-0.633433499627,
    -6.938893903907E-18));
#2454 = ADVANCED_FACE('',(#2455),#2474,.F.);
#2455 = FACE_BOUND('',#2456,.F.);
#2456 = EDGE_LOOP('',(#2457,#2465,#2466,#2467));
#2457 = ORIENTED_EDGE('',*,*,#2458,.T.);
#2458 = EDGE_CURVE('',#2459,#2435,#2461,.T.);
#2459 = VERTEX_POINT('',#2460);
#2460 = CARTESIAN_POINT('',(192.34409496333,20.585596943191,
    22.466412006344));
#2461 = LINE('',#2462,#2463);
#2462 = CARTESIAN_POINT('',(192.34409496333,20.585596943191,
    22.466412006344));
#2463 = VECTOR('',#2464,1.);
#2464 = DIRECTION('',(0.630898899701,-0.7707008857,-8.936846836468E-02)
  );
#2465 = ORIENTED_EDGE('',*,*,#2443,.F.);
#2466 = ORIENTED_EDGE('',*,*,#1320,.F.);
#2467 = ORIENTED_EDGE('',*,*,#2468,.T.);
#2468 = EDGE_CURVE('',#1313,#2459,#2469,.T.);
#2469 = CIRCLE('',#2470,2.3);
#2470 = AXIS2_PLACEMENT_3D('',#2471,#2472,#2473);
#2471 = CARTESIAN_POINT('',(194.12382836702,22.042493992333,
    22.466412006344));
#2472 = DIRECTION('',(0.630898899701,-0.7707008857,-8.936846836468E-02)
  );
#2473 = DIRECTION('',(-0.773797132038,-0.633433499627,
    -6.938893903907E-18));
#2474 = CYLINDRICAL_SURFACE('',#2475,2.3);
#2475 = AXIS2_PLACEMENT_3D('',#2476,#2477,#2478);
#2476 = CARTESIAN_POINT('',(194.12382836702,22.042493992333,
    22.466412006344));
#2477 = DIRECTION('',(0.630898899701,-0.7707008857,-8.936846836468E-02)
  );
#2478 = DIRECTION('',(-0.773797132038,-0.633433499627,
    -6.938893903907E-18));
#2479 = ADVANCED_FACE('',(#2480),#2491,.T.);
#2480 = FACE_BOUND('',#2481,.T.);
#2481 = EDGE_LOOP('',(#2482,#2483,#2490));
#2482 = ORIENTED_EDGE('',*,*,#2468,.T.);
#2483 = ORIENTED_EDGE('',*,*,#2484,.T.);
#2484 = EDGE_CURVE('',#2459,#1305,#2485,.T.);
#2485 = CIRCLE('',#2486,2.3);
#2486 = AXIS2_PLACEMENT_3D('',#2487,#2488,#2489);
#2487 = CARTESIAN_POINT('',(194.12382836702,22.042493992333,
    22.466412006344));
#2488 = DIRECTION('',(0.630898899701,-0.7707008857,-8.936846836468E-02)
  );
#2489 = DIRECTION('',(-0.773797132038,-0.633433499627,
    -6.938893903907E-18));
#2490 = ORIENTED_EDGE('',*,*,#1312,.T.);
#2491 = PLANE('',#2492);
#2492 = AXIS2_PLACEMENT_3D('',#2493,#2494,#2495);
#2493 = CARTESIAN_POINT('',(194.12382836702,22.042493992333,
    22.466412006344));
#2494 = DIRECTION('',(0.630898899701,-0.7707008857,-8.936846836468E-02)
  );
#2495 = DIRECTION('',(-0.773797132038,-0.633433499627,
    -6.938893903907E-18));
#2496 = ADVANCED_FACE('',(#2497),#2503,.F.);
#2497 = FACE_BOUND('',#2498,.F.);
#2498 = EDGE_LOOP('',(#2499,#2500,#2501,#2502));
#2499 = ORIENTED_EDGE('',*,*,#2434,.F.);
#2500 = ORIENTED_EDGE('',*,*,#2458,.F.);
#2501 = ORIENTED_EDGE('',*,*,#2484,.T.);
#2502 = ORIENTED_EDGE('',*,*,#1304,.T.);
#2503 = CYLINDRICAL_SURFACE('',#2504,2.3);
#2504 = AXIS2_PLACEMENT_3D('',#2505,#2506,#2507);
#2505 = CARTESIAN_POINT('',(194.12382836702,22.042493992333,
    22.466412006344));
#2506 = DIRECTION('',(0.630898899701,-0.7707008857,-8.936846836468E-02)
  );
#2507 = DIRECTION('',(-0.773797132038,-0.633433499627,
    -6.938893903907E-18));
#2508 = ADVANCED_FACE('',(#2509),#2535,.F.);
#2509 = FACE_BOUND('',#2510,.T.);
#2510 = EDGE_LOOP('',(#2511,#2520,#2521,#2529));
#2511 = ORIENTED_EDGE('',*,*,#2512,.F.);
#2512 = EDGE_CURVE('',#1273,#2513,#2515,.T.);
#2513 = VERTEX_POINT('',#2514);
#2514 = CARTESIAN_POINT('',(197.39886072009,23.408193750763,
    18.143503575006));
#2515 = CIRCLE('',#2516,5.414656965084);
#2516 = AXIS2_PLACEMENT_3D('',#2517,#2518,#2519);
#2517 = CARTESIAN_POINT('',(195.0070868266,20.963512752353,
    22.341296150633));
#2518 = DIRECTION('',(0.630898899701,-0.7707008857,-8.936846836468E-02)
  );
#2519 = DIRECTION('',(-0.773797132038,-0.633433499627,
    -6.938893903907E-18));
#2520 = ORIENTED_EDGE('',*,*,#1280,.T.);
#2521 = ORIENTED_EDGE('',*,*,#2522,.T.);
#2522 = EDGE_CURVE('',#1281,#2523,#2525,.T.);
#2523 = VERTEX_POINT('',#2524);
#2524 = CARTESIAN_POINT('',(194.76849938771,21.254969197369,
    18.143503575006));
#2525 = LINE('',#2526,#2527);
#2526 = CARTESIAN_POINT('',(191.94413985577,18.942936923731,
    18.143503575006));
#2527 = VECTOR('',#2528,1.);
#2528 = DIRECTION('',(0.773797132038,0.633433499627,0.));
#2529 = ORIENTED_EDGE('',*,*,#2530,.T.);
#2530 = EDGE_CURVE('',#2523,#2513,#2531,.T.);
#2531 = LINE('',#2532,#2533);
#2532 = CARTESIAN_POINT('',(191.94413985577,18.942936923731,
    18.143503575006));
#2533 = VECTOR('',#2534,1.);
#2534 = DIRECTION('',(0.773797132038,0.633433499627,0.));
#2535 = PLANE('',#2536);
#2536 = AXIS2_PLACEMENT_3D('',#2537,#2538,#2539);
#2537 = CARTESIAN_POINT('',(165.70101116218,-1.987120065818,
    13.377308453975));
#2538 = DIRECTION('',(0.630898899701,-0.7707008857,-8.936846836468E-02)
  );
#2539 = DIRECTION('',(-5.660898167254E-02,6.915306451523E-02,
    -0.995998632962));
#2540 = ADVANCED_FACE('',(#2541),#2559,.T.);
#2541 = FACE_BOUND('',#2542,.T.);
#2542 = EDGE_LOOP('',(#2543,#2551,#2557,#2558));
#2543 = ORIENTED_EDGE('',*,*,#2544,.F.);
#2544 = EDGE_CURVE('',#2545,#2420,#2547,.T.);
#2545 = VERTEX_POINT('',#2546);
#2546 = CARTESIAN_POINT('',(191.94413985577,18.942936923731,
    18.143503575006));
#2547 = LINE('',#2548,#2549);
#2548 = CARTESIAN_POINT('',(191.94413985577,18.942936923731,
    18.143503575006));
#2549 = VECTOR('',#2550,1.);
#2550 = DIRECTION('',(5.660898167254E-02,-6.915306451523E-02,
    0.995998632962));
#2551 = ORIENTED_EDGE('',*,*,#2552,.T.);
#2552 = EDGE_CURVE('',#2545,#1281,#2553,.T.);
#2553 = LINE('',#2554,#2555);
#2554 = CARTESIAN_POINT('',(191.94413985577,18.942936923731,
    18.143503575006));
#2555 = VECTOR('',#2556,1.);
#2556 = DIRECTION('',(0.773797132038,0.633433499627,0.));
#2557 = ORIENTED_EDGE('',*,*,#1288,.T.);
#2558 = ORIENTED_EDGE('',*,*,#2427,.F.);
#2559 = PLANE('',#2560);
#2560 = AXIS2_PLACEMENT_3D('',#2561,#2562,#2563);
#2561 = CARTESIAN_POINT('',(191.94413985577,18.942936923731,
    18.143503575006));
#2562 = DIRECTION('',(0.630898899701,-0.7707008857,-8.936846836468E-02)
  );
#2563 = DIRECTION('',(5.660898167254E-02,-6.915306451523E-02,
    0.995998632962));
#2564 = ADVANCED_FACE('',(#2565),#2601,.F.);
#2565 = FACE_BOUND('',#2566,.T.);
#2566 = EDGE_LOOP('',(#2567,#2568,#2569,#2570,#2578,#2586,#2595));
#2567 = ORIENTED_EDGE('',*,*,#2179,.F.);
#2568 = ORIENTED_EDGE('',*,*,#1272,.T.);
#2569 = ORIENTED_EDGE('',*,*,#2512,.T.);
#2570 = ORIENTED_EDGE('',*,*,#2571,.T.);
#2571 = EDGE_CURVE('',#2513,#2572,#2574,.T.);
#2572 = VERTEX_POINT('',#2573);
#2573 = CARTESIAN_POINT('',(197.59285891965,23.567001471007,
    18.143503575006));
#2574 = LINE('',#2575,#2576);
#2575 = CARTESIAN_POINT('',(191.94413985577,18.942936923731,
    18.143503575006));
#2576 = VECTOR('',#2577,1.);
#2577 = DIRECTION('',(0.773797132038,0.633433499627,0.));
#2578 = ORIENTED_EDGE('',*,*,#2579,.T.);
#2579 = EDGE_CURVE('',#2572,#2580,#2582,.T.);
#2580 = VERTEX_POINT('',#2581);
#2581 = CARTESIAN_POINT('',(197.60503866699,23.552122792239,
    18.357798397909));
#2582 = LINE('',#2583,#2584);
#2583 = CARTESIAN_POINT('',(197.59285891965,23.567001471007,
    18.143503575006));
#2584 = VECTOR('',#2585,1.);
#2585 = DIRECTION('',(5.660898167254E-02,-6.915306451523E-02,
    0.995998632962));
#2586 = ORIENTED_EDGE('',*,*,#2587,.T.);
#2587 = EDGE_CURVE('',#2580,#2588,#2590,.T.);
#2588 = VERTEX_POINT('',#2589);
#2589 = CARTESIAN_POINT('',(198.95963561773,24.367478673851,
    20.889096402481));
#2590 = CIRCLE('',#2591,5.414656965084);
#2591 = AXIS2_PLACEMENT_3D('',#2592,#2593,#2594);
#2592 = CARTESIAN_POINT('',(195.0070868266,20.963512752353,
    22.341296150633));
#2593 = DIRECTION('',(0.630898899701,-0.7707008857,-8.936846836468E-02)
  );
#2594 = DIRECTION('',(-0.773797132038,-0.633433499627,
    -6.938893903907E-18));
#2595 = ORIENTED_EDGE('',*,*,#2596,.F.);
#2596 = EDGE_CURVE('',#2180,#2588,#2597,.T.);
#2597 = LINE('',#2598,#2599);
#2598 = CARTESIAN_POINT('',(198.53269259569,24.889028743737,
    13.377308453975));
#2599 = VECTOR('',#2600,1.);
#2600 = DIRECTION('',(5.660898167254E-02,-6.915306451523E-02,
    0.995998632962));
#2601 = PLANE('',#2602);
#2602 = AXIS2_PLACEMENT_3D('',#2603,#2604,#2605);
#2603 = CARTESIAN_POINT('',(165.70101116218,-1.987120065818,
    13.377308453975));
#2604 = DIRECTION('',(0.630898899701,-0.7707008857,-8.936846836468E-02)
  );
#2605 = DIRECTION('',(-5.660898167254E-02,6.915306451523E-02,
    -0.995998632962));
#2606 = ADVANCED_FACE('',(#2607),#2696,.T.);
#2607 = FACE_BOUND('',#2608,.F.);
#2608 = EDGE_LOOP('',(#2609,#2619,#2627,#2635,#2643,#2651,#2659,#2665,
    #2666,#2674,#2682,#2690));
#2609 = ORIENTED_EDGE('',*,*,#2610,.T.);
#2610 = EDGE_CURVE('',#2611,#2613,#2615,.T.);
#2611 = VERTEX_POINT('',#2612);
#2612 = CARTESIAN_POINT('',(199.5516542658,23.644273582463,
    31.305283847291));
#2613 = VERTEX_POINT('',#2614);
#2614 = CARTESIAN_POINT('',(202.45378920442,20.099049508243,
    30.894188892814));
#2615 = LINE('',#2616,#2617);
#2616 = CARTESIAN_POINT('',(199.5516542658,23.644273582463,
    31.305283847291));
#2617 = VECTOR('',#2618,1.);
#2618 = DIRECTION('',(0.630898899701,-0.7707008857,-8.936846836468E-02)
  );
#2619 = ORIENTED_EDGE('',*,*,#2620,.F.);
#2620 = EDGE_CURVE('',#2621,#2613,#2623,.T.);
#2621 = VERTEX_POINT('',#2622);
#2622 = CARTESIAN_POINT('',(169.62210777091,-6.777099301312,
    30.894188892814));
#2623 = LINE('',#2624,#2625);
#2624 = CARTESIAN_POINT('',(169.62210777091,-6.777099301312,
    30.894188892814));
#2625 = VECTOR('',#2626,1.);
#2626 = DIRECTION('',(0.773797132038,0.633433499627,-0.));
#2627 = ORIENTED_EDGE('',*,*,#2628,.F.);
#2628 = EDGE_CURVE('',#2629,#2621,#2631,.T.);
#2629 = VERTEX_POINT('',#2630);
#2630 = CARTESIAN_POINT('',(166.71997283229,-3.231875227093,
    31.305283847291));
#2631 = LINE('',#2632,#2633);
#2632 = CARTESIAN_POINT('',(166.71997283229,-3.231875227093,
    31.305283847291));
#2633 = VECTOR('',#2634,1.);
#2634 = DIRECTION('',(0.630898899701,-0.7707008857,-8.936846836468E-02)
  );
#2635 = ORIENTED_EDGE('',*,*,#2636,.T.);
#2636 = EDGE_CURVE('',#2629,#2637,#2639,.T.);
#2637 = VERTEX_POINT('',#2638);
#2638 = CARTESIAN_POINT('',(167.9306999045,-2.240769089984,
    31.305283847291));
#2639 = LINE('',#2640,#2641);
#2640 = CARTESIAN_POINT('',(166.71997283229,-3.231875227093,
    31.305283847291));
#2641 = VECTOR('',#2642,1.);
#2642 = DIRECTION('',(0.773797132038,0.633433499627,-0.));
#2643 = ORIENTED_EDGE('',*,*,#2644,.T.);
#2644 = EDGE_CURVE('',#2637,#2645,#2647,.T.);
#2645 = VERTEX_POINT('',#2646);
#2646 = CARTESIAN_POINT('',(170.07575616348,-4.861152101363,
    31.001431054851));
#2647 = LINE('',#2648,#2649);
#2648 = CARTESIAN_POINT('',(167.9306999045,-2.240769089984,
    31.305283847291));
#2649 = VECTOR('',#2650,1.);
#2650 = DIRECTION('',(0.630898899701,-0.7707008857,-8.936846836468E-02)
  );
#2651 = ORIENTED_EDGE('',*,*,#2652,.F.);
#2652 = EDGE_CURVE('',#2653,#2645,#2655,.T.);
#2653 = VERTEX_POINT('',#2654);
#2654 = CARTESIAN_POINT('',(175.72447522736,-0.237087554087,
    31.001431054851));
#2655 = LINE('',#2656,#2657);
#2656 = CARTESIAN_POINT('',(169.47039262738,-5.356705169918,
    31.001431054851));
#2657 = VECTOR('',#2658,1.);
#2658 = DIRECTION('',(-0.773797132038,-0.633433499627,0.));
#2659 = ORIENTED_EDGE('',*,*,#2660,.F.);
#2660 = EDGE_CURVE('',#1378,#2653,#2661,.T.);
#2661 = LINE('',#2662,#2663);
#2662 = CARTESIAN_POINT('',(173.57941896837,2.383295457293,
    31.305283847291));
#2663 = VECTOR('',#2664,1.);
#2664 = DIRECTION('',(0.630898899701,-0.7707008857,-8.936846836468E-02)
  );
#2665 = ORIENTED_EDGE('',*,*,#1377,.T.);
#2666 = ORIENTED_EDGE('',*,*,#2667,.T.);
#2667 = EDGE_CURVE('',#1370,#2668,#2670,.T.);
#2668 = VERTEX_POINT('',#2669);
#2669 = CARTESIAN_POINT('',(194.8372643887,15.408719886698,
    31.001431054851));
#2670 = LINE('',#2671,#2672);
#2671 = CARTESIAN_POINT('',(192.69220812972,18.029102898077,
    31.305283847291));
#2672 = VECTOR('',#2673,1.);
#2673 = DIRECTION('',(0.630898899701,-0.7707008857,-8.936846836468E-02)
  );
#2674 = ORIENTED_EDGE('',*,*,#2675,.F.);
#2675 = EDGE_CURVE('',#2676,#2668,#2678,.T.);
#2676 = VERTEX_POINT('',#2677);
#2677 = CARTESIAN_POINT('',(200.48598345258,20.032784433974,
    31.001431054851));
#2678 = LINE('',#2679,#2680);
#2679 = CARTESIAN_POINT('',(181.85114673999,4.778230824113,
    31.001431054851));
#2680 = VECTOR('',#2681,1.);
#2681 = DIRECTION('',(-0.773797132038,-0.633433499627,0.));
#2682 = ORIENTED_EDGE('',*,*,#2683,.F.);
#2683 = EDGE_CURVE('',#2684,#2676,#2686,.T.);
#2684 = VERTEX_POINT('',#2685);
#2685 = CARTESIAN_POINT('',(198.34092719359,22.653167445354,
    31.305283847291));
#2686 = LINE('',#2687,#2688);
#2687 = CARTESIAN_POINT('',(198.34092719359,22.653167445354,
    31.305283847291));
#2688 = VECTOR('',#2689,1.);
#2689 = DIRECTION('',(0.630898899701,-0.7707008857,-8.936846836468E-02)
  );
#2690 = ORIENTED_EDGE('',*,*,#2691,.T.);
#2691 = EDGE_CURVE('',#2684,#2611,#2692,.T.);
#2692 = LINE('',#2693,#2694);
#2693 = CARTESIAN_POINT('',(166.71997283229,-3.231875227093,
    31.305283847291));
#2694 = VECTOR('',#2695,1.);
#2695 = DIRECTION('',(0.773797132038,0.633433499627,-0.));
#2696 = PLANE('',#2697);
#2697 = AXIS2_PLACEMENT_3D('',#2698,#2699,#2700);
#2698 = CARTESIAN_POINT('',(166.71997283229,-3.231875227093,
    31.305283847291));
#2699 = DIRECTION('',(5.660898167254E-02,-6.915306451523E-02,
    0.995998632962));
#2700 = DIRECTION('',(-0.773797132038,-0.633433499627,0.));
#2701 = ADVANCED_FACE('',(#2702),#2713,.F.);
#2702 = FACE_BOUND('',#2703,.F.);
#2703 = EDGE_LOOP('',(#2704,#2705,#2712));
#2704 = ORIENTED_EDGE('',*,*,#2013,.T.);
#2705 = ORIENTED_EDGE('',*,*,#2706,.T.);
#2706 = EDGE_CURVE('',#2006,#1557,#2707,.T.);
#2707 = CIRCLE('',#2708,8.038845937539);
#2708 = AXIS2_PLACEMENT_3D('',#2709,#2710,#2711);
#2709 = CARTESIAN_POINT('',(134.73365358675,60.518304279325,
    28.46336893687));
#2710 = DIRECTION('',(0.466237037426,-0.880134252142,-8.936846836468E-02
    ));
#2711 = DIRECTION('',(-0.883670140716,-0.468110117822,6.938893903907E-18
    ));
#2712 = ORIENTED_EDGE('',*,*,#1565,.F.);
#2713 = CYLINDRICAL_SURFACE('',#2714,8.038845937539);
#2714 = AXIS2_PLACEMENT_3D('',#2715,#2716,#2717);
#2715 = CARTESIAN_POINT('',(134.73365358675,60.518304279325,
    28.46336893687));
#2716 = DIRECTION('',(0.466237037426,-0.880134252142,-8.936846836468E-02
    ));
#2717 = DIRECTION('',(-0.883670140716,-0.468110117822,0.));
#2718 = ADVANCED_FACE('',(#2719),#2724,.T.);
#2719 = FACE_BOUND('',#2720,.T.);
#2720 = EDGE_LOOP('',(#2721,#2722,#2723));
#2721 = ORIENTED_EDGE('',*,*,#2005,.F.);
#2722 = ORIENTED_EDGE('',*,*,#2706,.T.);
#2723 = ORIENTED_EDGE('',*,*,#1556,.T.);
#2724 = PLANE('',#2725);
#2725 = AXIS2_PLACEMENT_3D('',#2726,#2727,#2728);
#2726 = CARTESIAN_POINT('',(134.73365358675,60.518304279325,
    28.46336893687));
#2727 = DIRECTION('',(0.466237037426,-0.880134252142,-8.936846836468E-02
    ));
#2728 = DIRECTION('',(-0.883670140716,-0.468110117822,0.));
#2729 = ADVANCED_FACE('',(#2730),#2742,.F.);
#2730 = FACE_BOUND('',#2731,.F.);
#2731 = EDGE_LOOP('',(#2732,#2733,#2734,#2741));
#2732 = ORIENTED_EDGE('',*,*,#1499,.F.);
#2733 = ORIENTED_EDGE('',*,*,#1997,.T.);
#2734 = ORIENTED_EDGE('',*,*,#2735,.T.);
#2735 = EDGE_CURVE('',#1990,#1981,#2736,.T.);
#2736 = CIRCLE('',#2737,1.65);
#2737 = AXIS2_PLACEMENT_3D('',#2738,#2739,#2740);
#2738 = CARTESIAN_POINT('',(132.73276974733,64.295452511393,
    28.846899007952));
#2739 = DIRECTION('',(0.466237037426,-0.880134252142,-8.936846836468E-02
    ));
#2740 = DIRECTION('',(-0.883670140716,-0.468110117822,6.938893903907E-18
    ));
#2741 = ORIENTED_EDGE('',*,*,#1980,.T.);
#2742 = CYLINDRICAL_SURFACE('',#2743,1.65);
#2743 = AXIS2_PLACEMENT_3D('',#2744,#2745,#2746);
#2744 = CARTESIAN_POINT('',(132.73276974733,64.295452511393,
    28.846899007952));
#2745 = DIRECTION('',(0.466237037426,-0.880134252142,-8.936846836468E-02
    ));
#2746 = DIRECTION('',(-0.883670140716,-0.468110117822,0.));
#2747 = ADVANCED_FACE('',(#2748),#2767,.F.);
#2748 = FACE_BOUND('',#2749,.F.);
#2749 = EDGE_LOOP('',(#2750,#2751,#2759,#2766));
#2750 = ORIENTED_EDGE('',*,*,#1596,.F.);
#2751 = ORIENTED_EDGE('',*,*,#2752,.F.);
#2752 = EDGE_CURVE('',#2753,#1597,#2755,.T.);
#2753 = VERTEX_POINT('',#2754);
#2754 = CARTESIAN_POINT('',(135.42310412325,65.886799803039,
    28.846899007952));
#2755 = LINE('',#2756,#2757);
#2756 = CARTESIAN_POINT('',(135.42310412325,65.886799803039,
    28.846899007952));
#2757 = VECTOR('',#2758,1.);
#2758 = DIRECTION('',(0.630898899701,-0.7707008857,-8.936846836468E-02)
  );
#2759 = ORIENTED_EDGE('',*,*,#2760,.T.);
#2760 = EDGE_CURVE('',#2753,#2753,#2761,.T.);
#2761 = CIRCLE('',#2762,1.65);
#2762 = AXIS2_PLACEMENT_3D('',#2763,#2764,#2765);
#2763 = CARTESIAN_POINT('',(136.69986939112,66.931965077424,
    28.846899007952));
#2764 = DIRECTION('',(0.630898899701,-0.7707008857,-8.936846836468E-02)
  );
#2765 = DIRECTION('',(-0.773797132038,-0.633433499627,
    -6.938893903907E-18));
#2766 = ORIENTED_EDGE('',*,*,#2752,.T.);
#2767 = CYLINDRICAL_SURFACE('',#2768,1.65);
#2768 = AXIS2_PLACEMENT_3D('',#2769,#2770,#2771);
#2769 = CARTESIAN_POINT('',(136.69986939112,66.931965077424,
    28.846899007952));
#2770 = DIRECTION('',(0.630898899701,-0.7707008857,-8.936846836468E-02)
  );
#2771 = DIRECTION('',(-0.773797132038,-0.633433499627,
    -6.938893903907E-18));
#2772 = ADVANCED_FACE('',(#2773),#2792,.F.);
#2773 = FACE_BOUND('',#2774,.F.);
#2774 = EDGE_LOOP('',(#2775,#2776,#2784,#2791));
#2775 = ORIENTED_EDGE('',*,*,#1647,.F.);
#2776 = ORIENTED_EDGE('',*,*,#2777,.F.);
#2777 = EDGE_CURVE('',#2778,#1648,#2780,.T.);
#2778 = VERTEX_POINT('',#2779);
#2779 = CARTESIAN_POINT('',(141.11320019696,71.576895876743,
    28.846899007952));
#2780 = LINE('',#2781,#2782);
#2781 = CARTESIAN_POINT('',(141.11320019696,71.576895876743,
    28.846899007952));
#2782 = VECTOR('',#2783,1.);
#2783 = DIRECTION('',(0.7707008857,-0.630898899701,-8.936846836468E-02)
  );
#2784 = ORIENTED_EDGE('',*,*,#2785,.T.);
#2785 = EDGE_CURVE('',#2778,#2778,#2786,.T.);
#2786 = CIRCLE('',#2787,1.65);
#2787 = AXIS2_PLACEMENT_3D('',#2788,#2789,#2790);
#2788 = CARTESIAN_POINT('',(140.06803492257,70.30013060888,
    28.846899007952));
#2789 = DIRECTION('',(0.7707008857,-0.630898899701,-8.936846836468E-02)
  );
#2790 = DIRECTION('',(0.633433499627,0.773797132038,6.938893903907E-18)
  );
#2791 = ORIENTED_EDGE('',*,*,#2777,.T.);
#2792 = CYLINDRICAL_SURFACE('',#2793,1.65);
#2793 = AXIS2_PLACEMENT_3D('',#2794,#2795,#2796);
#2794 = CARTESIAN_POINT('',(140.06803492257,70.30013060888,
    28.846899007952));
#2795 = DIRECTION('',(0.7707008857,-0.630898899701,-8.936846836468E-02)
  );
#2796 = DIRECTION('',(0.633433499627,0.773797132038,0.));
#2797 = ADVANCED_FACE('',(#2798),#2817,.F.);
#2798 = FACE_BOUND('',#2799,.F.);
#2799 = EDGE_LOOP('',(#2800,#2808,#2815,#2816));
#2800 = ORIENTED_EDGE('',*,*,#2801,.T.);
#2801 = EDGE_CURVE('',#1940,#2802,#2804,.T.);
#2802 = VERTEX_POINT('',#2803);
#2803 = CARTESIAN_POINT('',(176.03761664144,8.559883068205,
    22.558257679623));
#2804 = LINE('',#2805,#2806);
#2805 = CARTESIAN_POINT('',(173.45447874207,11.715422993656,
    22.924165874661));
#2806 = VECTOR('',#2807,1.);
#2807 = DIRECTION('',(0.630898899701,-0.7707008857,-8.936846836468E-02)
  );
#2808 = ORIENTED_EDGE('',*,*,#2809,.F.);
#2809 = EDGE_CURVE('',#2802,#2802,#2810,.T.);
#2810 = CIRCLE('',#2811,6.535396184467);
#2811 = AXIS2_PLACEMENT_3D('',#2812,#2813,#2814);
#2812 = CARTESIAN_POINT('',(181.09468746571,12.69962194478,
    22.558257679623));
#2813 = DIRECTION('',(0.630898899701,-0.7707008857,-8.936846836468E-02)
  );
#2814 = DIRECTION('',(-0.773797132038,-0.633433499627,
    -6.938893903907E-18));
#2815 = ORIENTED_EDGE('',*,*,#2801,.F.);
#2816 = ORIENTED_EDGE('',*,*,#1939,.T.);
#2817 = CYLINDRICAL_SURFACE('',#2818,6.535396184467);
#2818 = AXIS2_PLACEMENT_3D('',#2819,#2820,#2821);
#2819 = CARTESIAN_POINT('',(178.51154956634,15.855161870232,
    22.924165874661));
#2820 = DIRECTION('',(0.630898899701,-0.7707008857,-8.936846836468E-02)
  );
#2821 = DIRECTION('',(-0.773797132038,-0.633433499627,
    -6.938893903907E-18));
#2822 = ADVANCED_FACE('',(#2823),#2827,.T.);
#2823 = FACE_BOUND('',#2824,.T.);
#2824 = EDGE_LOOP('',(#2825,#2826));
#2825 = ORIENTED_EDGE('',*,*,#1989,.F.);
#2826 = ORIENTED_EDGE('',*,*,#2735,.T.);
#2827 = PLANE('',#2828);
#2828 = AXIS2_PLACEMENT_3D('',#2829,#2830,#2831);
#2829 = CARTESIAN_POINT('',(132.73276974733,64.295452511393,
    28.846899007952));
#2830 = DIRECTION('',(0.466237037426,-0.880134252142,-8.936846836468E-02
    ));
#2831 = DIRECTION('',(-0.883670140716,-0.468110117822,0.));
#2832 = ADVANCED_FACE('',(#2833),#2851,.F.);
#2833 = FACE_BOUND('',#2834,.T.);
#2834 = EDGE_LOOP('',(#2835,#2836,#2837,#2845));
#2835 = ORIENTED_EDGE('',*,*,#2351,.F.);
#2836 = ORIENTED_EDGE('',*,*,#2162,.T.);
#2837 = ORIENTED_EDGE('',*,*,#2838,.T.);
#2838 = EDGE_CURVE('',#2165,#2839,#2841,.T.);
#2839 = VERTEX_POINT('',#2840);
#2840 = CARTESIAN_POINT('',(169.03008912285,-6.053894209924,
    20.478001448004));
#2841 = LINE('',#2842,#2843);
#2842 = CARTESIAN_POINT('',(168.60314610081,-5.532344140038,
    12.966213499498));
#2843 = VECTOR('',#2844,1.);
#2844 = DIRECTION('',(5.660898167254E-02,-6.915306451523E-02,
    0.995998632962));
#2845 = ORIENTED_EDGE('',*,*,#2846,.F.);
#2846 = EDGE_CURVE('',#2352,#2839,#2847,.T.);
#2847 = LINE('',#2848,#2849);
#2848 = CARTESIAN_POINT('',(166.12795418423,-2.508670135704,
    20.889096402481));
#2849 = VECTOR('',#2850,1.);
#2850 = DIRECTION('',(0.630898899701,-0.7707008857,-8.936846836468E-02)
  );
#2851 = PLANE('',#2852);
#2852 = AXIS2_PLACEMENT_3D('',#2853,#2854,#2855);
#2853 = CARTESIAN_POINT('',(165.70101116218,-1.987120065818,
    13.377308453975));
#2854 = DIRECTION('',(0.773797132038,0.633433499627,-0.));
#2855 = DIRECTION('',(-5.660898167254E-02,6.915306451523E-02,
    -0.995998632962));
#2856 = ADVANCED_FACE('',(#2857,#2909),#2920,.T.);
#2857 = FACE_BOUND('',#2858,.F.);
#2858 = EDGE_LOOP('',(#2859,#2867,#2868,#2869,#2878,#2884,#2885,#2893,
    #2902));
#2859 = ORIENTED_EDGE('',*,*,#2860,.F.);
#2860 = EDGE_CURVE('',#2188,#2861,#2863,.T.);
#2861 = VERTEX_POINT('',#2862);
#2862 = CARTESIAN_POINT('',(201.86177055636,20.822254599632,
    20.478001448004));
#2863 = LINE('',#2864,#2865);
#2864 = CARTESIAN_POINT('',(201.43482753432,21.343804669518,
    12.966213499498));
#2865 = VECTOR('',#2866,1.);
#2866 = DIRECTION('',(5.660898167254E-02,-6.915306451523E-02,
    0.995998632962));
#2867 = ORIENTED_EDGE('',*,*,#2195,.F.);
#2868 = ORIENTED_EDGE('',*,*,#2838,.T.);
#2869 = ORIENTED_EDGE('',*,*,#2870,.T.);
#2870 = EDGE_CURVE('',#2839,#2871,#2873,.T.);
#2871 = VERTEX_POINT('',#2872);
#2872 = CARTESIAN_POINT('',(169.19516474887,-6.255549231426,
    23.382400944308));
#2873 = CIRCLE('',#2874,5.414656965084);
#2874 = AXIS2_PLACEMENT_3D('',#2875,#2876,#2877);
#2875 = CARTESIAN_POINT('',(173.14771354001,-2.851583309928,
    21.930201196156));
#2876 = DIRECTION('',(0.630898899701,-0.7707008857,-8.936846836468E-02)
  );
#2877 = DIRECTION('',(-0.773797132038,-0.633433499627,
    -6.938893903907E-18));
#2878 = ORIENTED_EDGE('',*,*,#2879,.T.);
#2879 = EDGE_CURVE('',#2871,#2621,#2880,.T.);
#2880 = LINE('',#2881,#2882);
#2881 = CARTESIAN_POINT('',(168.60314610081,-5.532344140038,
    12.966213499498));
#2882 = VECTOR('',#2883,1.);
#2883 = DIRECTION('',(5.660898167254E-02,-6.915306451523E-02,
    0.995998632962));
#2884 = ORIENTED_EDGE('',*,*,#2620,.T.);
#2885 = ORIENTED_EDGE('',*,*,#2886,.F.);
#2886 = EDGE_CURVE('',#2887,#2613,#2889,.T.);
#2887 = VERTEX_POINT('',#2888);
#2888 = CARTESIAN_POINT('',(202.02684618238,20.62059957813,
    23.382400944308));
#2889 = LINE('',#2890,#2891);
#2890 = CARTESIAN_POINT('',(201.43482753432,21.343804669518,
    12.966213499498));
#2891 = VECTOR('',#2892,1.);
#2892 = DIRECTION('',(5.660898167254E-02,-6.915306451523E-02,
    0.995998632962));
#2893 = ORIENTED_EDGE('',*,*,#2894,.T.);
#2894 = EDGE_CURVE('',#2887,#2895,#2897,.T.);
#2895 = VERTEX_POINT('',#2896);
#2896 = CARTESIAN_POINT('',(193.71937573467,13.988463567461,
    21.930201196156));
#2897 = CIRCLE('',#2898,5.414656965084);
#2898 = AXIS2_PLACEMENT_3D('',#2899,#2900,#2901);
#2899 = CARTESIAN_POINT('',(197.90922176523,17.418288678133,
    21.930201196156));
#2900 = DIRECTION('',(0.630898899701,-0.7707008857,-8.936846836468E-02)
  );
#2901 = DIRECTION('',(-0.773797132038,-0.633433499627,
    -6.938893903907E-18));
#2902 = ORIENTED_EDGE('',*,*,#2903,.T.);
#2903 = EDGE_CURVE('',#2895,#2861,#2904,.T.);
#2904 = CIRCLE('',#2905,5.414656965084);
#2905 = AXIS2_PLACEMENT_3D('',#2906,#2907,#2908);
#2906 = CARTESIAN_POINT('',(197.90922176523,17.418288678133,
    21.930201196156));
#2907 = DIRECTION('',(0.630898899701,-0.7707008857,-8.936846836468E-02)
  );
#2908 = DIRECTION('',(-0.773797132038,-0.633433499627,
    -6.938893903907E-18));
#2909 = FACE_BOUND('',#2910,.F.);
#2910 = EDGE_LOOP('',(#2911));
#2911 = ORIENTED_EDGE('',*,*,#2912,.T.);
#2912 = EDGE_CURVE('',#2913,#2913,#2915,.T.);
#2913 = VERTEX_POINT('',#2914);
#2914 = CARTESIAN_POINT('',(182.43327912446,4.749618685595,
    21.930201196156));
#2915 = CIRCLE('',#2916,4.);
#2916 = AXIS2_PLACEMENT_3D('',#2917,#2918,#2919);
#2917 = CARTESIAN_POINT('',(185.52846765262,7.283352684103,
    21.930201196156));
#2918 = DIRECTION('',(0.630898899701,-0.7707008857,-8.936846836468E-02)
  );
#2919 = DIRECTION('',(-0.773797132038,-0.633433499627,
    -6.938893903907E-18));
#2920 = PLANE('',#2921);
#2921 = AXIS2_PLACEMENT_3D('',#2922,#2923,#2924);
#2922 = CARTESIAN_POINT('',(168.60314610081,-5.532344140038,
    12.966213499498));
#2923 = DIRECTION('',(0.630898899701,-0.7707008857,-8.936846836468E-02)
  );
#2924 = DIRECTION('',(-5.660898167254E-02,6.915306451523E-02,
    -0.995998632962));
#2925 = ADVANCED_FACE('',(#2926),#2937,.T.);
#2926 = FACE_BOUND('',#2927,.F.);
#2927 = EDGE_LOOP('',(#2928,#2929,#2930,#2931));
#2928 = ORIENTED_EDGE('',*,*,#2596,.F.);
#2929 = ORIENTED_EDGE('',*,*,#2187,.T.);
#2930 = ORIENTED_EDGE('',*,*,#2860,.T.);
#2931 = ORIENTED_EDGE('',*,*,#2932,.F.);
#2932 = EDGE_CURVE('',#2588,#2861,#2933,.T.);
#2933 = LINE('',#2934,#2935);
#2934 = CARTESIAN_POINT('',(198.95963561773,24.367478673851,
    20.889096402481));
#2935 = VECTOR('',#2936,1.);
#2936 = DIRECTION('',(0.630898899701,-0.7707008857,-8.936846836468E-02)
  );
#2937 = PLANE('',#2938);
#2938 = AXIS2_PLACEMENT_3D('',#2939,#2940,#2941);
#2939 = CARTESIAN_POINT('',(198.53269259569,24.889028743737,
    13.377308453975));
#2940 = DIRECTION('',(0.773797132038,0.633433499627,-0.));
#2941 = DIRECTION('',(-5.660898167254E-02,6.915306451523E-02,
    -0.995998632962));
#2942 = ADVANCED_FACE('',(#2943),#2961,.F.);
#2943 = FACE_BOUND('',#2944,.F.);
#2944 = EDGE_LOOP('',(#2945,#2953,#2959,#2960));
#2945 = ORIENTED_EDGE('',*,*,#2946,.F.);
#2946 = EDGE_CURVE('',#2947,#2653,#2949,.T.);
#2947 = VERTEX_POINT('',#2948);
#2948 = CARTESIAN_POINT('',(175.33428811175,0.239561804042,
    24.136339646007));
#2949 = LINE('',#2950,#2951);
#2950 = CARTESIAN_POINT('',(174.97640695341,0.676746471566,
    17.839650782566));
#2951 = VECTOR('',#2952,1.);
#2952 = DIRECTION('',(5.660898167254E-02,-6.915306451523E-02,
    0.995998632962));
#2953 = ORIENTED_EDGE('',*,*,#2954,.F.);
#2954 = EDGE_CURVE('',#2212,#2947,#2955,.T.);
#2955 = LINE('',#2956,#2957);
#2956 = CARTESIAN_POINT('',(173.18923185277,2.859944815422,
    24.440192438447));
#2957 = VECTOR('',#2958,1.);
#2958 = DIRECTION('',(0.630898899701,-0.7707008857,-8.936846836468E-02)
  );
#2959 = ORIENTED_EDGE('',*,*,#2219,.T.);
#2960 = ORIENTED_EDGE('',*,*,#2660,.T.);
#2961 = PLANE('',#2962);
#2962 = AXIS2_PLACEMENT_3D('',#2963,#2964,#2965);
#2963 = CARTESIAN_POINT('',(172.83135069443,3.297129482946,
    18.143503575006));
#2964 = DIRECTION('',(0.773797132038,0.633433499627,0.));
#2965 = DIRECTION('',(5.660898167254E-02,-6.915306451523E-02,
    0.995998632962));
#2966 = ADVANCED_FACE('',(#2967),#2985,.T.);
#2967 = FACE_BOUND('',#2968,.T.);
#2968 = EDGE_LOOP('',(#2969,#2977,#2983,#2984));
#2969 = ORIENTED_EDGE('',*,*,#2970,.T.);
#2970 = EDGE_CURVE('',#2235,#2971,#2973,.T.);
#2971 = VERTEX_POINT('',#2972);
#2972 = CARTESIAN_POINT('',(175.09570067286,0.531018249058,
    19.938547070379));
#2973 = LINE('',#2974,#2975);
#2974 = CARTESIAN_POINT('',(172.95064441388,3.151401260438,
    20.242399862819));
#2975 = VECTOR('',#2976,1.);
#2976 = DIRECTION('',(0.630898899701,-0.7707008857,-8.936846836468E-02)
  );
#2977 = ORIENTED_EDGE('',*,*,#2978,.T.);
#2978 = EDGE_CURVE('',#2971,#2947,#2979,.T.);
#2979 = LINE('',#2980,#2981);
#2980 = CARTESIAN_POINT('',(175.09570067286,0.531018249058,
    19.938547070379));
#2981 = VECTOR('',#2982,1.);
#2982 = DIRECTION('',(5.660898167254E-02,-6.915306451523E-02,
    0.995998632962));
#2983 = ORIENTED_EDGE('',*,*,#2954,.F.);
#2984 = ORIENTED_EDGE('',*,*,#2234,.F.);
#2985 = PLANE('',#2986);
#2986 = AXIS2_PLACEMENT_3D('',#2987,#2988,#2989);
#2987 = CARTESIAN_POINT('',(172.95064441388,3.151401260438,
    20.242399862819));
#2988 = DIRECTION('',(-0.773797132038,-0.633433499627,8.743006318923E-16
    ));
#2989 = DIRECTION('',(5.660898167254E-02,-6.915306451523E-02,
    0.995998632962));
#2990 = ADVANCED_FACE('',(#2991),#3017,.T.);
#2991 = FACE_BOUND('',#2992,.T.);
#2992 = EDGE_LOOP('',(#2993,#2994,#3002,#3010,#3016));
#2993 = ORIENTED_EDGE('',*,*,#2311,.F.);
#2994 = ORIENTED_EDGE('',*,*,#2995,.T.);
#2995 = EDGE_CURVE('',#2304,#2996,#2998,.T.);
#2996 = VERTEX_POINT('',#2997);
#2997 = CARTESIAN_POINT('',(172.15204742147,-1.635285802072,
    17.839650782566));
#2998 = LINE('',#2999,#3000);
#2999 = CARTESIAN_POINT('',(170.00699116249,0.985097209308,
    18.143503575006));
#3000 = VECTOR('',#3001,1.);
#3001 = DIRECTION('',(0.630898899701,-0.7707008857,-8.936846836468E-02)
  );
#3002 = ORIENTED_EDGE('',*,*,#3003,.T.);
#3003 = EDGE_CURVE('',#2996,#3004,#3006,.T.);
#3004 = VERTEX_POINT('',#3005);
#3005 = CARTESIAN_POINT('',(174.97640695341,0.676746471566,
    17.839650782566));
#3006 = LINE('',#3007,#3008);
#3007 = CARTESIAN_POINT('',(169.32768788953,-3.94731807571,
    17.839650782566));
#3008 = VECTOR('',#3009,1.);
#3009 = DIRECTION('',(0.773797132038,0.633433499627,0.));
#3010 = ORIENTED_EDGE('',*,*,#3011,.F.);
#3011 = EDGE_CURVE('',#2328,#3004,#3012,.T.);
#3012 = LINE('',#3013,#3014);
#3013 = CARTESIAN_POINT('',(172.83135069443,3.297129482946,
    18.143503575006));
#3014 = VECTOR('',#3015,1.);
#3015 = DIRECTION('',(0.630898899701,-0.7707008857,-8.936846836468E-02)
  );
#3016 = ORIENTED_EDGE('',*,*,#2327,.F.);
#3017 = PLANE('',#3018);
#3018 = AXIS2_PLACEMENT_3D('',#3019,#3020,#3021);
#3019 = CARTESIAN_POINT('',(167.18263163055,-1.326935064331,
    18.143503575006));
#3020 = DIRECTION('',(5.660898167254E-02,-6.915306451523E-02,
    0.995998632962));
#3021 = DIRECTION('',(0.630898899701,-0.7707008857,-8.936846836468E-02)
  );
#3022 = ADVANCED_FACE('',(#3023),#3042,.T.);
#3023 = FACE_BOUND('',#3024,.T.);
#3024 = EDGE_LOOP('',(#3025,#3026,#3034,#3040,#3041));
#3025 = ORIENTED_EDGE('',*,*,#2376,.F.);
#3026 = ORIENTED_EDGE('',*,*,#3027,.T.);
#3027 = EDGE_CURVE('',#2369,#3028,#3030,.T.);
#3028 = VERTEX_POINT('',#3029);
#3029 = CARTESIAN_POINT('',(169.32768788953,-3.94731807571,
    17.839650782566));
#3030 = LINE('',#3031,#3032);
#3031 = CARTESIAN_POINT('',(167.18263163055,-1.326935064331,
    18.143503575006));
#3032 = VECTOR('',#3033,1.);
#3033 = DIRECTION('',(0.630898899701,-0.7707008857,-8.936846836468E-02)
  );
#3034 = ORIENTED_EDGE('',*,*,#3035,.T.);
#3035 = EDGE_CURVE('',#3028,#2996,#3036,.T.);
#3036 = LINE('',#3037,#3038);
#3037 = CARTESIAN_POINT('',(169.32768788953,-3.94731807571,
    17.839650782566));
#3038 = VECTOR('',#3039,1.);
#3039 = DIRECTION('',(0.773797132038,0.633433499627,0.));
#3040 = ORIENTED_EDGE('',*,*,#2995,.F.);
#3041 = ORIENTED_EDGE('',*,*,#2303,.F.);
#3042 = PLANE('',#3043);
#3043 = AXIS2_PLACEMENT_3D('',#3044,#3045,#3046);
#3044 = CARTESIAN_POINT('',(167.18263163055,-1.326935064331,
    18.143503575006));
#3045 = DIRECTION('',(5.660898167254E-02,-6.915306451523E-02,
    0.995998632962));
#3046 = DIRECTION('',(0.630898899701,-0.7707008857,-8.936846836468E-02)
  );
#3047 = ADVANCED_FACE('',(#3048),#3059,.F.);
#3048 = FACE_BOUND('',#3049,.F.);
#3049 = EDGE_LOOP('',(#3050,#3056,#3057,#3058));
#3050 = ORIENTED_EDGE('',*,*,#3051,.F.);
#3051 = EDGE_CURVE('',#3004,#2971,#3052,.T.);
#3052 = LINE('',#3053,#3054);
#3053 = CARTESIAN_POINT('',(174.97640695341,0.676746471566,
    17.839650782566));
#3054 = VECTOR('',#3055,1.);
#3055 = DIRECTION('',(5.660898167254E-02,-6.915306451523E-02,
    0.995998632962));
#3056 = ORIENTED_EDGE('',*,*,#3011,.F.);
#3057 = ORIENTED_EDGE('',*,*,#2335,.T.);
#3058 = ORIENTED_EDGE('',*,*,#2970,.T.);
#3059 = PLANE('',#3060);
#3060 = AXIS2_PLACEMENT_3D('',#3061,#3062,#3063);
#3061 = CARTESIAN_POINT('',(172.83135069443,3.297129482946,
    18.143503575006));
#3062 = DIRECTION('',(0.773797132038,0.633433499627,0.));
#3063 = DIRECTION('',(5.660898167254E-02,-6.915306451523E-02,
    0.995998632962));
#3064 = ADVANCED_FACE('',(#3065),#3091,.T.);
#3065 = FACE_BOUND('',#3066,.T.);
#3066 = EDGE_LOOP('',(#3067,#3068,#3069,#3077,#3085));
#3067 = ORIENTED_EDGE('',*,*,#3027,.F.);
#3068 = ORIENTED_EDGE('',*,*,#2368,.T.);
#3069 = ORIENTED_EDGE('',*,*,#3070,.T.);
#3070 = EDGE_CURVE('',#2360,#3071,#3073,.T.);
#3071 = VERTEX_POINT('',#3072);
#3072 = CARTESIAN_POINT('',(167.30192535,-1.472663286839,20.242399862819
    ));
#3073 = LINE('',#3074,#3075);
#3074 = CARTESIAN_POINT('',(167.18263163055,-1.326935064331,
    18.143503575006));
#3075 = VECTOR('',#3076,1.);
#3076 = DIRECTION('',(5.660898167254E-02,-6.915306451523E-02,
    0.995998632962));
#3077 = ORIENTED_EDGE('',*,*,#3078,.T.);
#3078 = EDGE_CURVE('',#3071,#3079,#3081,.T.);
#3079 = VERTEX_POINT('',#3080);
#3080 = CARTESIAN_POINT('',(169.44698160898,-4.093046298218,
    19.938547070379));
#3081 = LINE('',#3082,#3083);
#3082 = CARTESIAN_POINT('',(167.30192535,-1.472663286839,20.242399862819
    ));
#3083 = VECTOR('',#3084,1.);
#3084 = DIRECTION('',(0.630898899701,-0.7707008857,-8.936846836468E-02)
  );
#3085 = ORIENTED_EDGE('',*,*,#3086,.F.);
#3086 = EDGE_CURVE('',#3028,#3079,#3087,.T.);
#3087 = LINE('',#3088,#3089);
#3088 = CARTESIAN_POINT('',(169.32768788953,-3.94731807571,
    17.839650782566));
#3089 = VECTOR('',#3090,1.);
#3090 = DIRECTION('',(5.660898167254E-02,-6.915306451523E-02,
    0.995998632962));
#3091 = PLANE('',#3092);
#3092 = AXIS2_PLACEMENT_3D('',#3093,#3094,#3095);
#3093 = CARTESIAN_POINT('',(167.18263163055,-1.326935064331,
    18.143503575006));
#3094 = DIRECTION('',(0.773797132038,0.633433499627,0.));
#3095 = DIRECTION('',(5.660898167254E-02,-6.915306451523E-02,
    0.995998632962));
#3096 = ADVANCED_FACE('',(#3097),#3132,.F.);
#3097 = FACE_BOUND('',#3098,.T.);
#3098 = EDGE_LOOP('',(#3099,#3100,#3108,#3117,#3125,#3131));
#3099 = ORIENTED_EDGE('',*,*,#2359,.F.);
#3100 = ORIENTED_EDGE('',*,*,#3101,.T.);
#3101 = EDGE_CURVE('',#2352,#3102,#3104,.T.);
#3102 = VERTEX_POINT('',#3103);
#3103 = CARTESIAN_POINT('',(166.29302981025,-2.710325157206,
    23.793495898785));
#3104 = LINE('',#3105,#3106);
#3105 = CARTESIAN_POINT('',(165.70101116218,-1.987120065818,
    13.377308453975));
#3106 = VECTOR('',#3107,1.);
#3107 = DIRECTION('',(5.660898167254E-02,-6.915306451523E-02,
    0.995998632962));
#3108 = ORIENTED_EDGE('',*,*,#3109,.F.);
#3109 = EDGE_CURVE('',#3110,#3102,#3112,.T.);
#3110 = VERTEX_POINT('',#3111);
#3111 = CARTESIAN_POINT('',(167.64762676099,-1.894969275594,
    26.324793903357));
#3112 = CIRCLE('',#3113,5.414656965084);
#3113 = AXIS2_PLACEMENT_3D('',#3114,#3115,#3116);
#3114 = CARTESIAN_POINT('',(170.24557860138,0.693640764292,
    22.341296150633));
#3115 = DIRECTION('',(0.630898899701,-0.7707008857,-8.936846836468E-02)
  );
#3116 = DIRECTION('',(-0.773797132038,-0.633433499627,
    -6.938893903907E-18));
#3117 = ORIENTED_EDGE('',*,*,#3118,.F.);
#3118 = EDGE_CURVE('',#3119,#3110,#3121,.T.);
#3119 = VERTEX_POINT('',#3120);
#3120 = CARTESIAN_POINT('',(167.54051278889,-1.764119731855,
    24.440192438447));
#3121 = LINE('',#3122,#3123);
#3122 = CARTESIAN_POINT('',(167.18263163055,-1.326935064331,
    18.143503575006));
#3123 = VECTOR('',#3124,1.);
#3124 = DIRECTION('',(5.660898167254E-02,-6.915306451523E-02,
    0.995998632962));
#3125 = ORIENTED_EDGE('',*,*,#3126,.T.);
#3126 = EDGE_CURVE('',#3119,#3071,#3127,.T.);
#3127 = LINE('',#3128,#3129);
#3128 = CARTESIAN_POINT('',(167.54051278889,-1.764119731855,
    24.440192438447));
#3129 = VECTOR('',#3130,1.);
#3130 = DIRECTION('',(-5.660898167254E-02,6.915306451523E-02,
    -0.995998632962));
#3131 = ORIENTED_EDGE('',*,*,#3070,.F.);
#3132 = PLANE('',#3133);
#3133 = AXIS2_PLACEMENT_3D('',#3134,#3135,#3136);
#3134 = CARTESIAN_POINT('',(165.70101116218,-1.987120065818,
    13.377308453975));
#3135 = DIRECTION('',(0.630898899701,-0.7707008857,-8.936846836468E-02)
  );
#3136 = DIRECTION('',(-5.660898167254E-02,6.915306451523E-02,
    -0.995998632962));
#3137 = ADVANCED_FACE('',(#3138),#3156,.T.);
#3138 = FACE_BOUND('',#3139,.T.);
#3139 = EDGE_LOOP('',(#3140,#3148,#3154,#3155));
#3140 = ORIENTED_EDGE('',*,*,#3141,.F.);
#3141 = EDGE_CURVE('',#3142,#2668,#3144,.T.);
#3142 = VERTEX_POINT('',#3143);
#3143 = CARTESIAN_POINT('',(194.44707727309,15.885369244827,
    24.136339646007));
#3144 = LINE('',#3145,#3146);
#3145 = CARTESIAN_POINT('',(194.08919611475,16.322553912351,
    17.839650782566));
#3146 = VECTOR('',#3147,1.);
#3147 = DIRECTION('',(5.660898167254E-02,-6.915306451523E-02,
    0.995998632962));
#3148 = ORIENTED_EDGE('',*,*,#3149,.F.);
#3149 = EDGE_CURVE('',#2393,#3142,#3150,.T.);
#3150 = LINE('',#3151,#3152);
#3151 = CARTESIAN_POINT('',(192.30202101411,18.505752256207,
    24.440192438447));
#3152 = VECTOR('',#3153,1.);
#3153 = DIRECTION('',(0.630898899701,-0.7707008857,-8.936846836468E-02)
  );
#3154 = ORIENTED_EDGE('',*,*,#2392,.T.);
#3155 = ORIENTED_EDGE('',*,*,#2667,.T.);
#3156 = PLANE('',#3157);
#3157 = AXIS2_PLACEMENT_3D('',#3158,#3159,#3160);
#3158 = CARTESIAN_POINT('',(191.94413985577,18.942936923731,
    18.143503575006));
#3159 = DIRECTION('',(0.773797132038,0.633433499627,0.));
#3160 = DIRECTION('',(5.660898167254E-02,-6.915306451523E-02,
    0.995998632962));
#3161 = ADVANCED_FACE('',(#3162),#3180,.T.);
#3162 = FACE_BOUND('',#3163,.T.);
#3163 = EDGE_LOOP('',(#3164,#3165,#3173,#3179));
#3164 = ORIENTED_EDGE('',*,*,#3149,.T.);
#3165 = ORIENTED_EDGE('',*,*,#3166,.T.);
#3166 = EDGE_CURVE('',#3142,#3167,#3169,.T.);
#3167 = VERTEX_POINT('',#3168);
#3168 = CARTESIAN_POINT('',(194.2084898342,16.176825689843,
    19.938547070379));
#3169 = LINE('',#3170,#3171);
#3170 = CARTESIAN_POINT('',(194.44707727309,15.885369244827,
    24.136339646007));
#3171 = VECTOR('',#3172,1.);
#3172 = DIRECTION('',(-5.660898167253E-02,6.915306451523E-02,
    -0.995998632962));
#3173 = ORIENTED_EDGE('',*,*,#3174,.F.);
#3174 = EDGE_CURVE('',#2420,#3167,#3175,.T.);
#3175 = LINE('',#3176,#3177);
#3176 = CARTESIAN_POINT('',(192.06343357522,18.797208701223,
    20.242399862819));
#3177 = VECTOR('',#3178,1.);
#3178 = DIRECTION('',(0.630898899701,-0.7707008857,-8.936846836468E-02)
  );
#3179 = ORIENTED_EDGE('',*,*,#2419,.F.);
#3180 = PLANE('',#3181);
#3181 = AXIS2_PLACEMENT_3D('',#3182,#3183,#3184);
#3182 = CARTESIAN_POINT('',(192.30202101411,18.505752256207,
    24.440192438447));
#3183 = DIRECTION('',(0.773797132038,0.633433499627,4.31599200823E-15));
#3184 = DIRECTION('',(-5.660898167253E-02,6.915306451523E-02,
    -0.995998632962));
#3185 = ADVANCED_FACE('',(#3186),#3212,.T.);
#3186 = FACE_BOUND('',#3187,.T.);
#3187 = EDGE_LOOP('',(#3188,#3189,#3197,#3205,#3211));
#3188 = ORIENTED_EDGE('',*,*,#2530,.F.);
#3189 = ORIENTED_EDGE('',*,*,#3190,.T.);
#3190 = EDGE_CURVE('',#2523,#3191,#3193,.T.);
#3191 = VERTEX_POINT('',#3192);
#3192 = CARTESIAN_POINT('',(196.91355564669,18.634586185989,
    17.839650782566));
#3193 = LINE('',#3194,#3195);
#3194 = CARTESIAN_POINT('',(194.76849938771,21.254969197369,
    18.143503575006));
#3195 = VECTOR('',#3196,1.);
#3196 = DIRECTION('',(0.630898899701,-0.7707008857,-8.936846836468E-02)
  );
#3197 = ORIENTED_EDGE('',*,*,#3198,.T.);
#3198 = EDGE_CURVE('',#3191,#3199,#3201,.T.);
#3199 = VERTEX_POINT('',#3200);
#3200 = CARTESIAN_POINT('',(199.73791517863,20.946618459627,
    17.839650782566));
#3201 = LINE('',#3202,#3203);
#3202 = CARTESIAN_POINT('',(194.08919611475,16.322553912351,
    17.839650782566));
#3203 = VECTOR('',#3204,1.);
#3204 = DIRECTION('',(0.773797132038,0.633433499627,0.));
#3205 = ORIENTED_EDGE('',*,*,#3206,.F.);
#3206 = EDGE_CURVE('',#2572,#3199,#3207,.T.);
#3207 = LINE('',#3208,#3209);
#3208 = CARTESIAN_POINT('',(197.59285891965,23.567001471007,
    18.143503575006));
#3209 = VECTOR('',#3210,1.);
#3210 = DIRECTION('',(0.630898899701,-0.7707008857,-8.936846836468E-02)
  );
#3211 = ORIENTED_EDGE('',*,*,#2571,.F.);
#3212 = PLANE('',#3213);
#3213 = AXIS2_PLACEMENT_3D('',#3214,#3215,#3216);
#3214 = CARTESIAN_POINT('',(191.94413985577,18.942936923731,
    18.143503575006));
#3215 = DIRECTION('',(5.660898167254E-02,-6.915306451523E-02,
    0.995998632962));
#3216 = DIRECTION('',(0.630898899701,-0.7707008857,-8.936846836468E-02)
  );
#3217 = ADVANCED_FACE('',(#3218),#3237,.T.);
#3218 = FACE_BOUND('',#3219,.T.);
#3219 = EDGE_LOOP('',(#3220,#3221,#3229,#3235,#3236));
#3220 = ORIENTED_EDGE('',*,*,#2552,.F.);
#3221 = ORIENTED_EDGE('',*,*,#3222,.T.);
#3222 = EDGE_CURVE('',#2545,#3223,#3225,.T.);
#3223 = VERTEX_POINT('',#3224);
#3224 = CARTESIAN_POINT('',(194.08919611475,16.322553912351,
    17.839650782566));
#3225 = LINE('',#3226,#3227);
#3226 = CARTESIAN_POINT('',(191.94413985577,18.942936923731,
    18.143503575006));
#3227 = VECTOR('',#3228,1.);
#3228 = DIRECTION('',(0.630898899701,-0.7707008857,-8.936846836468E-02)
  );
#3229 = ORIENTED_EDGE('',*,*,#3230,.T.);
#3230 = EDGE_CURVE('',#3223,#3191,#3231,.T.);
#3231 = LINE('',#3232,#3233);
#3232 = CARTESIAN_POINT('',(194.08919611475,16.322553912351,
    17.839650782566));
#3233 = VECTOR('',#3234,1.);
#3234 = DIRECTION('',(0.773797132038,0.633433499627,0.));
#3235 = ORIENTED_EDGE('',*,*,#3190,.F.);
#3236 = ORIENTED_EDGE('',*,*,#2522,.F.);
#3237 = PLANE('',#3238);
#3238 = AXIS2_PLACEMENT_3D('',#3239,#3240,#3241);
#3239 = CARTESIAN_POINT('',(191.94413985577,18.942936923731,
    18.143503575006));
#3240 = DIRECTION('',(5.660898167254E-02,-6.915306451523E-02,
    0.995998632962));
#3241 = DIRECTION('',(0.630898899701,-0.7707008857,-8.936846836468E-02)
  );
#3242 = ADVANCED_FACE('',(#3243),#3254,.T.);
#3243 = FACE_BOUND('',#3244,.T.);
#3244 = EDGE_LOOP('',(#3245,#3251,#3252,#3253));
#3245 = ORIENTED_EDGE('',*,*,#3246,.F.);
#3246 = EDGE_CURVE('',#3223,#3167,#3247,.T.);
#3247 = LINE('',#3248,#3249);
#3248 = CARTESIAN_POINT('',(194.08919611475,16.322553912351,
    17.839650782566));
#3249 = VECTOR('',#3250,1.);
#3250 = DIRECTION('',(5.660898167254E-02,-6.915306451523E-02,
    0.995998632962));
#3251 = ORIENTED_EDGE('',*,*,#3222,.F.);
#3252 = ORIENTED_EDGE('',*,*,#2544,.T.);
#3253 = ORIENTED_EDGE('',*,*,#3174,.T.);
#3254 = PLANE('',#3255);
#3255 = AXIS2_PLACEMENT_3D('',#3256,#3257,#3258);
#3256 = CARTESIAN_POINT('',(191.94413985577,18.942936923731,
    18.143503575006));
#3257 = DIRECTION('',(0.773797132038,0.633433499627,0.));
#3258 = DIRECTION('',(5.660898167254E-02,-6.915306451523E-02,
    0.995998632962));
#3259 = ADVANCED_FACE('',(#3260),#3302,.F.);
#3260 = FACE_BOUND('',#3261,.T.);
#3261 = EDGE_LOOP('',(#3262,#3263,#3271,#3279,#3287,#3296));
#3262 = ORIENTED_EDGE('',*,*,#2587,.F.);
#3263 = ORIENTED_EDGE('',*,*,#3264,.T.);
#3264 = EDGE_CURVE('',#2580,#3265,#3267,.T.);
#3265 = VERTEX_POINT('',#3266);
#3266 = CARTESIAN_POINT('',(197.71215263909,23.421273248499,
    20.242399862819));
#3267 = LINE('',#3268,#3269);
#3268 = CARTESIAN_POINT('',(197.59285891965,23.567001471007,
    18.143503575006));
#3269 = VECTOR('',#3270,1.);
#3270 = DIRECTION('',(5.660898167254E-02,-6.915306451523E-02,
    0.995998632962));
#3271 = ORIENTED_EDGE('',*,*,#3272,.T.);
#3272 = EDGE_CURVE('',#3265,#3273,#3275,.T.);
#3273 = VERTEX_POINT('',#3274);
#3274 = CARTESIAN_POINT('',(197.95074007799,23.129816803483,
    24.440192438447));
#3275 = LINE('',#3276,#3277);
#3276 = CARTESIAN_POINT('',(197.71215263909,23.421273248499,
    20.242399862819));
#3277 = VECTOR('',#3278,1.);
#3278 = DIRECTION('',(5.660898167253E-02,-6.915306451523E-02,
    0.995998632962));
#3279 = ORIENTED_EDGE('',*,*,#3280,.T.);
#3280 = EDGE_CURVE('',#3273,#3281,#3283,.T.);
#3281 = VERTEX_POINT('',#3282);
#3282 = CARTESIAN_POINT('',(198.05785405009,22.998967259743,
    26.324793903358));
#3283 = LINE('',#3284,#3285);
#3284 = CARTESIAN_POINT('',(197.59285891965,23.567001471007,
    18.143503575006));
#3285 = VECTOR('',#3286,1.);
#3286 = DIRECTION('',(5.660898167254E-02,-6.915306451523E-02,
    0.995998632962));
#3287 = ORIENTED_EDGE('',*,*,#3288,.F.);
#3288 = EDGE_CURVE('',#3289,#3281,#3291,.T.);
#3289 = VERTEX_POINT('',#3290);
#3290 = CARTESIAN_POINT('',(199.12471124376,24.165823652349,
    23.793495898785));
#3291 = CIRCLE('',#3292,5.414656965084);
#3292 = AXIS2_PLACEMENT_3D('',#3293,#3294,#3295);
#3293 = CARTESIAN_POINT('',(195.0070868266,20.963512752353,
    22.341296150633));
#3294 = DIRECTION('',(0.630898899701,-0.7707008857,-8.936846836468E-02)
  );
#3295 = DIRECTION('',(-0.773797132038,-0.633433499627,
    -6.938893903907E-18));
#3296 = ORIENTED_EDGE('',*,*,#3297,.F.);
#3297 = EDGE_CURVE('',#2588,#3289,#3298,.T.);
#3298 = LINE('',#3299,#3300);
#3299 = CARTESIAN_POINT('',(198.53269259569,24.889028743737,
    13.377308453975));
#3300 = VECTOR('',#3301,1.);
#3301 = DIRECTION('',(5.660898167254E-02,-6.915306451523E-02,
    0.995998632962));
#3302 = PLANE('',#3303);
#3303 = AXIS2_PLACEMENT_3D('',#3304,#3305,#3306);
#3304 = CARTESIAN_POINT('',(165.70101116218,-1.987120065818,
    13.377308453975));
#3305 = DIRECTION('',(0.630898899701,-0.7707008857,-8.936846836468E-02)
  );
#3306 = DIRECTION('',(-5.660898167254E-02,6.915306451523E-02,
    -0.995998632962));
#3307 = ADVANCED_FACE('',(#3308),#3327,.F.);
#3308 = FACE_BOUND('',#3309,.F.);
#3309 = EDGE_LOOP('',(#3310,#3311,#3312,#3313,#3321));
#3310 = ORIENTED_EDGE('',*,*,#3206,.F.);
#3311 = ORIENTED_EDGE('',*,*,#2579,.T.);
#3312 = ORIENTED_EDGE('',*,*,#3264,.T.);
#3313 = ORIENTED_EDGE('',*,*,#3314,.T.);
#3314 = EDGE_CURVE('',#3265,#3315,#3317,.T.);
#3315 = VERTEX_POINT('',#3316);
#3316 = CARTESIAN_POINT('',(199.85720889808,20.800890237119,
    19.938547070379));
#3317 = LINE('',#3318,#3319);
#3318 = CARTESIAN_POINT('',(197.71215263909,23.421273248499,
    20.242399862819));
#3319 = VECTOR('',#3320,1.);
#3320 = DIRECTION('',(0.630898899701,-0.7707008857,-8.936846836468E-02)
  );
#3321 = ORIENTED_EDGE('',*,*,#3322,.F.);
#3322 = EDGE_CURVE('',#3199,#3315,#3323,.T.);
#3323 = LINE('',#3324,#3325);
#3324 = CARTESIAN_POINT('',(199.73791517863,20.946618459627,
    17.839650782566));
#3325 = VECTOR('',#3326,1.);
#3326 = DIRECTION('',(5.660898167254E-02,-6.915306451523E-02,
    0.995998632962));
#3327 = PLANE('',#3328);
#3328 = AXIS2_PLACEMENT_3D('',#3329,#3330,#3331);
#3329 = CARTESIAN_POINT('',(197.59285891965,23.567001471007,
    18.143503575006));
#3330 = DIRECTION('',(0.773797132038,0.633433499627,0.));
#3331 = DIRECTION('',(5.660898167254E-02,-6.915306451523E-02,
    0.995998632962));
#3332 = ADVANCED_FACE('',(#3333),#3349,.T.);
#3333 = FACE_BOUND('',#3334,.F.);
#3334 = EDGE_LOOP('',(#3335,#3341,#3347,#3348));
#3335 = ORIENTED_EDGE('',*,*,#3336,.F.);
#3336 = EDGE_CURVE('',#3289,#2611,#3337,.T.);
#3337 = LINE('',#3338,#3339);
#3338 = CARTESIAN_POINT('',(198.53269259569,24.889028743737,
    13.377308453975));
#3339 = VECTOR('',#3340,1.);
#3340 = DIRECTION('',(5.660898167254E-02,-6.915306451523E-02,
    0.995998632962));
#3341 = ORIENTED_EDGE('',*,*,#3342,.T.);
#3342 = EDGE_CURVE('',#3289,#2887,#3343,.T.);
#3343 = LINE('',#3344,#3345);
#3344 = CARTESIAN_POINT('',(199.12471124376,24.165823652349,
    23.793495898785));
#3345 = VECTOR('',#3346,1.);
#3346 = DIRECTION('',(0.630898899701,-0.7707008857,-8.936846836468E-02)
  );
#3347 = ORIENTED_EDGE('',*,*,#2886,.T.);
#3348 = ORIENTED_EDGE('',*,*,#2610,.F.);
#3349 = PLANE('',#3350);
#3350 = AXIS2_PLACEMENT_3D('',#3351,#3352,#3353);
#3351 = CARTESIAN_POINT('',(198.53269259569,24.889028743737,
    13.377308453975));
#3352 = DIRECTION('',(0.773797132038,0.633433499627,-0.));
#3353 = DIRECTION('',(-5.660898167254E-02,6.915306451523E-02,
    -0.995998632962));
#3354 = ADVANCED_FACE('',(#3355),#3366,.F.);
#3355 = FACE_BOUND('',#3356,.T.);
#3356 = EDGE_LOOP('',(#3357,#3358,#3359,#3365));
#3357 = ORIENTED_EDGE('',*,*,#3336,.F.);
#3358 = ORIENTED_EDGE('',*,*,#3288,.T.);
#3359 = ORIENTED_EDGE('',*,*,#3360,.T.);
#3360 = EDGE_CURVE('',#3281,#2684,#3361,.T.);
#3361 = LINE('',#3362,#3363);
#3362 = CARTESIAN_POINT('',(197.59285891965,23.567001471007,
    18.143503575006));
#3363 = VECTOR('',#3364,1.);
#3364 = DIRECTION('',(5.660898167254E-02,-6.915306451523E-02,
    0.995998632962));
#3365 = ORIENTED_EDGE('',*,*,#2691,.T.);
#3366 = PLANE('',#3367);
#3367 = AXIS2_PLACEMENT_3D('',#3368,#3369,#3370);
#3368 = CARTESIAN_POINT('',(165.70101116218,-1.987120065818,
    13.377308453975));
#3369 = DIRECTION('',(0.630898899701,-0.7707008857,-8.936846836468E-02)
  );
#3370 = DIRECTION('',(-5.660898167254E-02,6.915306451523E-02,
    -0.995998632962));
#3371 = ADVANCED_FACE('',(#3372),#3391,.F.);
#3372 = FACE_BOUND('',#3373,.F.);
#3373 = EDGE_LOOP('',(#3374,#3382,#3388,#3389,#3390));
#3374 = ORIENTED_EDGE('',*,*,#3375,.F.);
#3375 = EDGE_CURVE('',#3376,#2676,#3378,.T.);
#3376 = VERTEX_POINT('',#3377);
#3377 = CARTESIAN_POINT('',(200.09579633697,20.509433792103,
    24.136339646007));
#3378 = LINE('',#3379,#3380);
#3379 = CARTESIAN_POINT('',(199.73791517863,20.946618459627,
    17.839650782566));
#3380 = VECTOR('',#3381,1.);
#3381 = DIRECTION('',(5.660898167254E-02,-6.915306451523E-02,
    0.995998632962));
#3382 = ORIENTED_EDGE('',*,*,#3383,.F.);
#3383 = EDGE_CURVE('',#3273,#3376,#3384,.T.);
#3384 = LINE('',#3385,#3386);
#3385 = CARTESIAN_POINT('',(197.95074007799,23.129816803483,
    24.440192438447));
#3386 = VECTOR('',#3387,1.);
#3387 = DIRECTION('',(0.630898899701,-0.7707008857,-8.936846836468E-02)
  );
#3388 = ORIENTED_EDGE('',*,*,#3280,.T.);
#3389 = ORIENTED_EDGE('',*,*,#3360,.T.);
#3390 = ORIENTED_EDGE('',*,*,#2683,.T.);
#3391 = PLANE('',#3392);
#3392 = AXIS2_PLACEMENT_3D('',#3393,#3394,#3395);
#3393 = CARTESIAN_POINT('',(197.59285891965,23.567001471007,
    18.143503575006));
#3394 = DIRECTION('',(0.773797132038,0.633433499627,0.));
#3395 = DIRECTION('',(5.660898167254E-02,-6.915306451523E-02,
    0.995998632962));
#3396 = ADVANCED_FACE('',(#3397),#3416,.F.);
#3397 = FACE_BOUND('',#3398,.F.);
#3398 = EDGE_LOOP('',(#3399,#3400,#3408,#3414,#3415));
#3399 = ORIENTED_EDGE('',*,*,#3141,.F.);
#3400 = ORIENTED_EDGE('',*,*,#3401,.F.);
#3401 = EDGE_CURVE('',#3402,#3142,#3404,.T.);
#3402 = VERTEX_POINT('',#3403);
#3403 = CARTESIAN_POINT('',(197.39073052448,18.051673295957,
    26.235235933821));
#3404 = LINE('',#3405,#3406);
#3405 = CARTESIAN_POINT('',(197.39073052448,18.051673295957,
    26.235235933821));
#3406 = VECTOR('',#3407,1.);
#3407 = DIRECTION('',(-0.698432464557,-0.513992970027,-0.497999316481));
#3408 = ORIENTED_EDGE('',*,*,#3409,.F.);
#3409 = EDGE_CURVE('',#3376,#3402,#3410,.T.);
#3410 = LINE('',#3411,#3412);
#3411 = CARTESIAN_POINT('',(200.09579633697,20.509433792103,
    24.136339646007));
#3412 = VECTOR('',#3413,1.);
#3413 = DIRECTION('',(-0.641823482884,-0.583146034543,0.497999316481));
#3414 = ORIENTED_EDGE('',*,*,#3375,.T.);
#3415 = ORIENTED_EDGE('',*,*,#2675,.T.);
#3416 = PLANE('',#3417);
#3417 = AXIS2_PLACEMENT_3D('',#3418,#3419,#3420);
#3418 = CARTESIAN_POINT('',(194.08919611475,16.322553912351,
    17.839650782566));
#3419 = DIRECTION('',(0.630898899701,-0.7707008857,-8.936846836468E-02)
  );
#3420 = DIRECTION('',(5.660898167254E-02,-6.915306451523E-02,
    0.995998632962));
#3421 = ADVANCED_FACE('',(#3422),#3448,.F.);
#3422 = FACE_BOUND('',#3423,.F.);
#3423 = EDGE_LOOP('',(#3424,#3432,#3440,#3446,#3447));
#3424 = ORIENTED_EDGE('',*,*,#3425,.F.);
#3425 = EDGE_CURVE('',#3426,#2645,#3428,.T.);
#3426 = VERTEX_POINT('',#3427);
#3427 = CARTESIAN_POINT('',(169.68556904787,-4.384502743234,
    24.136339646007));
#3428 = LINE('',#3429,#3430);
#3429 = CARTESIAN_POINT('',(169.32768788953,-3.94731807571,
    17.839650782566));
#3430 = VECTOR('',#3431,1.);
#3431 = DIRECTION('',(5.660898167254E-02,-6.915306451523E-02,
    0.995998632962));
#3432 = ORIENTED_EDGE('',*,*,#3433,.F.);
#3433 = EDGE_CURVE('',#3434,#3426,#3436,.T.);
#3434 = VERTEX_POINT('',#3435);
#3435 = CARTESIAN_POINT('',(172.62922229926,-2.218198692104,
    26.235235933821));
#3436 = LINE('',#3437,#3438);
#3437 = CARTESIAN_POINT('',(172.62922229926,-2.218198692104,
    26.235235933821));
#3438 = VECTOR('',#3439,1.);
#3439 = DIRECTION('',(-0.698432464557,-0.513992970027,-0.497999316481));
#3440 = ORIENTED_EDGE('',*,*,#3441,.F.);
#3441 = EDGE_CURVE('',#2947,#3434,#3442,.T.);
#3442 = LINE('',#3443,#3444);
#3443 = CARTESIAN_POINT('',(175.33428811175,0.239561804042,
    24.136339646007));
#3444 = VECTOR('',#3445,1.);
#3445 = DIRECTION('',(-0.641823482884,-0.583146034543,0.497999316481));
#3446 = ORIENTED_EDGE('',*,*,#2946,.T.);
#3447 = ORIENTED_EDGE('',*,*,#2652,.T.);
#3448 = PLANE('',#3449);
#3449 = AXIS2_PLACEMENT_3D('',#3450,#3451,#3452);
#3450 = CARTESIAN_POINT('',(169.32768788953,-3.94731807571,
    17.839650782566));
#3451 = DIRECTION('',(0.630898899701,-0.7707008857,-8.936846836468E-02)
  );
#3452 = DIRECTION('',(5.660898167254E-02,-6.915306451523E-02,
    0.995998632962));
#3453 = ADVANCED_FACE('',(#3454),#3471,.T.);
#3454 = FACE_BOUND('',#3455,.T.);
#3455 = EDGE_LOOP('',(#3456,#3457,#3463,#3464,#3470));
#3456 = ORIENTED_EDGE('',*,*,#3425,.F.);
#3457 = ORIENTED_EDGE('',*,*,#3458,.F.);
#3458 = EDGE_CURVE('',#3119,#3426,#3459,.T.);
#3459 = LINE('',#3460,#3461);
#3460 = CARTESIAN_POINT('',(167.54051278889,-1.764119731855,
    24.440192438447));
#3461 = VECTOR('',#3462,1.);
#3462 = DIRECTION('',(0.630898899701,-0.7707008857,-8.936846836468E-02)
  );
#3463 = ORIENTED_EDGE('',*,*,#3118,.T.);
#3464 = ORIENTED_EDGE('',*,*,#3465,.T.);
#3465 = EDGE_CURVE('',#3110,#2637,#3466,.T.);
#3466 = LINE('',#3467,#3468);
#3467 = CARTESIAN_POINT('',(167.18263163055,-1.326935064331,
    18.143503575006));
#3468 = VECTOR('',#3469,1.);
#3469 = DIRECTION('',(5.660898167254E-02,-6.915306451523E-02,
    0.995998632962));
#3470 = ORIENTED_EDGE('',*,*,#2644,.T.);
#3471 = PLANE('',#3472);
#3472 = AXIS2_PLACEMENT_3D('',#3473,#3474,#3475);
#3473 = CARTESIAN_POINT('',(167.18263163055,-1.326935064331,
    18.143503575006));
#3474 = DIRECTION('',(0.773797132038,0.633433499627,0.));
#3475 = DIRECTION('',(5.660898167254E-02,-6.915306451523E-02,
    0.995998632962));
#3476 = ADVANCED_FACE('',(#3477),#3488,.F.);
#3477 = FACE_BOUND('',#3478,.T.);
#3478 = EDGE_LOOP('',(#3479,#3480,#3481,#3487));
#3479 = ORIENTED_EDGE('',*,*,#3465,.F.);
#3480 = ORIENTED_EDGE('',*,*,#3109,.T.);
#3481 = ORIENTED_EDGE('',*,*,#3482,.T.);
#3482 = EDGE_CURVE('',#3102,#2629,#3483,.T.);
#3483 = LINE('',#3484,#3485);
#3484 = CARTESIAN_POINT('',(165.70101116218,-1.987120065818,
    13.377308453975));
#3485 = VECTOR('',#3486,1.);
#3486 = DIRECTION('',(5.660898167254E-02,-6.915306451523E-02,
    0.995998632962));
#3487 = ORIENTED_EDGE('',*,*,#2636,.T.);
#3488 = PLANE('',#3489);
#3489 = AXIS2_PLACEMENT_3D('',#3490,#3491,#3492);
#3490 = CARTESIAN_POINT('',(165.70101116218,-1.987120065818,
    13.377308453975));
#3491 = DIRECTION('',(0.630898899701,-0.7707008857,-8.936846836468E-02)
  );
#3492 = DIRECTION('',(-5.660898167254E-02,6.915306451523E-02,
    -0.995998632962));
#3493 = ADVANCED_FACE('',(#3494),#3505,.F.);
#3494 = FACE_BOUND('',#3495,.T.);
#3495 = EDGE_LOOP('',(#3496,#3497,#3503,#3504));
#3496 = ORIENTED_EDGE('',*,*,#3482,.F.);
#3497 = ORIENTED_EDGE('',*,*,#3498,.T.);
#3498 = EDGE_CURVE('',#3102,#2871,#3499,.T.);
#3499 = LINE('',#3500,#3501);
#3500 = CARTESIAN_POINT('',(166.29302981025,-2.710325157206,
    23.793495898785));
#3501 = VECTOR('',#3502,1.);
#3502 = DIRECTION('',(0.630898899701,-0.7707008857,-8.936846836468E-02)
  );
#3503 = ORIENTED_EDGE('',*,*,#2879,.T.);
#3504 = ORIENTED_EDGE('',*,*,#2628,.F.);
#3505 = PLANE('',#3506);
#3506 = AXIS2_PLACEMENT_3D('',#3507,#3508,#3509);
#3507 = CARTESIAN_POINT('',(165.70101116218,-1.987120065818,
    13.377308453975));
#3508 = DIRECTION('',(0.773797132038,0.633433499627,-0.));
#3509 = DIRECTION('',(-5.660898167254E-02,6.915306451523E-02,
    -0.995998632962));
#3510 = ADVANCED_FACE('',(#3511),#3514,.T.);
#3511 = FACE_BOUND('',#3512,.F.);
#3512 = EDGE_LOOP('',(#3513));
#3513 = ORIENTED_EDGE('',*,*,#2760,.F.);
#3514 = PLANE('',#3515);
#3515 = AXIS2_PLACEMENT_3D('',#3516,#3517,#3518);
#3516 = CARTESIAN_POINT('',(136.69986939112,66.931965077424,
    28.846899007952));
#3517 = DIRECTION('',(0.630898899701,-0.7707008857,-8.936846836468E-02)
  );
#3518 = DIRECTION('',(-0.773797132038,-0.633433499627,
    -6.938893903907E-18));
#3519 = ADVANCED_FACE('',(#3520),#3523,.T.);
#3520 = FACE_BOUND('',#3521,.F.);
#3521 = EDGE_LOOP('',(#3522));
#3522 = ORIENTED_EDGE('',*,*,#2785,.F.);
#3523 = PLANE('',#3524);
#3524 = AXIS2_PLACEMENT_3D('',#3525,#3526,#3527);
#3525 = CARTESIAN_POINT('',(140.06803492257,70.30013060888,
    28.846899007952));
#3526 = DIRECTION('',(0.7707008857,-0.630898899701,-8.936846836468E-02)
  );
#3527 = DIRECTION('',(0.633433499627,0.773797132038,0.));
#3528 = ADVANCED_FACE('',(#3529,#3532),#3543,.F.);
#3529 = FACE_BOUND('',#3530,.F.);
#3530 = EDGE_LOOP('',(#3531));
#3531 = ORIENTED_EDGE('',*,*,#2809,.T.);
#3532 = FACE_BOUND('',#3533,.F.);
#3533 = EDGE_LOOP('',(#3534));
#3534 = ORIENTED_EDGE('',*,*,#3535,.F.);
#3535 = EDGE_CURVE('',#3536,#3536,#3538,.T.);
#3536 = VERTEX_POINT('',#3537);
#3537 = CARTESIAN_POINT('',(177.99949893756,10.165887946272,
    22.558257679623));
#3538 = CIRCLE('',#3539,4.);
#3539 = AXIS2_PLACEMENT_3D('',#3540,#3541,#3542);
#3540 = CARTESIAN_POINT('',(181.09468746571,12.69962194478,
    22.558257679623));
#3541 = DIRECTION('',(0.630898899701,-0.7707008857,-8.936846836468E-02)
  );
#3542 = DIRECTION('',(-0.773797132038,-0.633433499627,
    -6.938893903907E-18));
#3543 = PLANE('',#3544);
#3544 = AXIS2_PLACEMENT_3D('',#3545,#3546,#3547);
#3545 = CARTESIAN_POINT('',(181.09468746571,12.69962194478,
    22.558257679623));
#3546 = DIRECTION('',(0.630898899701,-0.7707008857,-8.936846836468E-02)
  );
#3547 = DIRECTION('',(-0.773797132038,-0.633433499627,
    -6.938893903907E-18));
#3548 = ADVANCED_FACE('',(#3549),#3576,.T.);
#3549 = FACE_BOUND('',#3550,.T.);
#3550 = EDGE_LOOP('',(#3551,#3560,#3568,#3575));
#3551 = ORIENTED_EDGE('',*,*,#3552,.F.);
#3552 = EDGE_CURVE('',#3553,#2839,#3555,.T.);
#3553 = VERTEX_POINT('',#3554);
#3554 = CARTESIAN_POINT('',(168.95786750945,-6.2814084206,
    21.930201196156));
#3555 = CIRCLE('',#3556,5.414656965084);
#3556 = AXIS2_PLACEMENT_3D('',#3557,#3558,#3559);
#3557 = CARTESIAN_POINT('',(173.14771354001,-2.851583309928,
    21.930201196156));
#3558 = DIRECTION('',(0.630898899701,-0.7707008857,-8.936846836468E-02)
  );
#3559 = DIRECTION('',(-0.773797132038,-0.633433499627,
    -6.938893903907E-18));
#3560 = ORIENTED_EDGE('',*,*,#3561,.F.);
#3561 = EDGE_CURVE('',#3562,#3553,#3564,.T.);
#3562 = VERTEX_POINT('',#3563);
#3563 = CARTESIAN_POINT('',(166.05573257083,-2.736184346381,
    22.341296150633));
#3564 = LINE('',#3565,#3566);
#3565 = CARTESIAN_POINT('',(166.05573257083,-2.736184346381,
    22.341296150633));
#3566 = VECTOR('',#3567,1.);
#3567 = DIRECTION('',(0.630898899701,-0.7707008857,-8.936846836468E-02)
  );
#3568 = ORIENTED_EDGE('',*,*,#3569,.T.);
#3569 = EDGE_CURVE('',#3562,#2352,#3570,.T.);
#3570 = CIRCLE('',#3571,5.414656965084);
#3571 = AXIS2_PLACEMENT_3D('',#3572,#3573,#3574);
#3572 = CARTESIAN_POINT('',(170.24557860138,0.693640764292,
    22.341296150633));
#3573 = DIRECTION('',(0.630898899701,-0.7707008857,-8.936846836468E-02)
  );
#3574 = DIRECTION('',(-0.773797132038,-0.633433499627,
    -6.938893903907E-18));
#3575 = ORIENTED_EDGE('',*,*,#2846,.T.);
#3576 = CYLINDRICAL_SURFACE('',#3577,5.414656965084);
#3577 = AXIS2_PLACEMENT_3D('',#3578,#3579,#3580);
#3578 = CARTESIAN_POINT('',(170.24557860138,0.693640764292,
    22.341296150633));
#3579 = DIRECTION('',(0.630898899701,-0.7707008857,-8.936846836468E-02)
  );
#3580 = DIRECTION('',(-0.773797132038,-0.633433499627,
    -6.938893903907E-18));
#3581 = ADVANCED_FACE('',(#3582,#3592),#3603,.T.);
#3582 = FACE_BOUND('',#3583,.F.);
#3583 = EDGE_LOOP('',(#3584,#3590,#3591));
#3584 = ORIENTED_EDGE('',*,*,#3585,.F.);
#3585 = EDGE_CURVE('',#2861,#2887,#3586,.T.);
#3586 = LINE('',#3587,#3588);
#3587 = CARTESIAN_POINT('',(201.43482753432,21.343804669518,
    12.966213499498));
#3588 = VECTOR('',#3589,1.);
#3589 = DIRECTION('',(5.660898167254E-02,-6.915306451523E-02,
    0.995998632962));
#3590 = ORIENTED_EDGE('',*,*,#2903,.F.);
#3591 = ORIENTED_EDGE('',*,*,#2894,.F.);
#3592 = FACE_BOUND('',#3593,.F.);
#3593 = EDGE_LOOP('',(#3594));
#3594 = ORIENTED_EDGE('',*,*,#3595,.T.);
#3595 = EDGE_CURVE('',#3596,#3596,#3598,.T.);
#3596 = VERTEX_POINT('',#3597);
#3597 = CARTESIAN_POINT('',(196.12948836154,15.961391628991,
    21.930201196156));
#3598 = CIRCLE('',#3599,2.3);
#3599 = AXIS2_PLACEMENT_3D('',#3600,#3601,#3602);
#3600 = CARTESIAN_POINT('',(197.90922176523,17.418288678133,
    21.930201196156));
#3601 = DIRECTION('',(0.630898899701,-0.7707008857,-8.936846836468E-02)
  );
#3602 = DIRECTION('',(-0.773797132038,-0.633433499627,
    -6.938893903907E-18));
#3603 = PLANE('',#3604);
#3604 = AXIS2_PLACEMENT_3D('',#3605,#3606,#3607);
#3605 = CARTESIAN_POINT('',(168.60314610081,-5.532344140038,
    12.966213499498));
#3606 = DIRECTION('',(0.630898899701,-0.7707008857,-8.936846836468E-02)
  );
#3607 = DIRECTION('',(-5.660898167254E-02,6.915306451523E-02,
    -0.995998632962));
#3608 = ADVANCED_FACE('',(#3609,#3618),#3629,.T.);
#3609 = FACE_BOUND('',#3610,.F.);
#3610 = EDGE_LOOP('',(#3611,#3612));
#3611 = ORIENTED_EDGE('',*,*,#2870,.F.);
#3612 = ORIENTED_EDGE('',*,*,#3613,.T.);
#3613 = EDGE_CURVE('',#2839,#2871,#3614,.T.);
#3614 = LINE('',#3615,#3616);
#3615 = CARTESIAN_POINT('',(168.60314610081,-5.532344140038,
    12.966213499498));
#3616 = VECTOR('',#3617,1.);
#3617 = DIRECTION('',(5.660898167254E-02,-6.915306451523E-02,
    0.995998632962));
#3618 = FACE_BOUND('',#3619,.F.);
#3619 = EDGE_LOOP('',(#3620));
#3620 = ORIENTED_EDGE('',*,*,#3621,.T.);
#3621 = EDGE_CURVE('',#3622,#3622,#3624,.T.);
#3622 = VERTEX_POINT('',#3623);
#3623 = CARTESIAN_POINT('',(171.36798013632,-4.30848035907,
    21.930201196156));
#3624 = CIRCLE('',#3625,2.3);
#3625 = AXIS2_PLACEMENT_3D('',#3626,#3627,#3628);
#3626 = CARTESIAN_POINT('',(173.14771354001,-2.851583309928,
    21.930201196156));
#3627 = DIRECTION('',(0.630898899701,-0.7707008857,-8.936846836468E-02)
  );
#3628 = DIRECTION('',(-0.773797132038,-0.633433499627,
    -6.938893903907E-18));
#3629 = PLANE('',#3630);
#3630 = AXIS2_PLACEMENT_3D('',#3631,#3632,#3633);
#3631 = CARTESIAN_POINT('',(168.60314610081,-5.532344140038,
    12.966213499498));
#3632 = DIRECTION('',(0.630898899701,-0.7707008857,-8.936846836468E-02)
  );
#3633 = DIRECTION('',(-5.660898167254E-02,6.915306451523E-02,
    -0.995998632962));
#3634 = ADVANCED_FACE('',(#3635),#3646,.F.);
#3635 = FACE_BOUND('',#3636,.F.);
#3636 = EDGE_LOOP('',(#3637,#3638,#3644,#3645));
#3637 = ORIENTED_EDGE('',*,*,#2912,.F.);
#3638 = ORIENTED_EDGE('',*,*,#3639,.F.);
#3639 = EDGE_CURVE('',#3536,#2913,#3640,.T.);
#3640 = LINE('',#3641,#3642);
#3641 = CARTESIAN_POINT('',(177.87331915762,10.320028123412,
    22.576131373295));
#3642 = VECTOR('',#3643,1.);
#3643 = DIRECTION('',(0.630898899701,-0.7707008857,-8.936846836468E-02)
  );
#3644 = ORIENTED_EDGE('',*,*,#3535,.T.);
#3645 = ORIENTED_EDGE('',*,*,#3639,.T.);
#3646 = CYLINDRICAL_SURFACE('',#3647,4.);
#3647 = AXIS2_PLACEMENT_3D('',#3648,#3649,#3650);
#3648 = CARTESIAN_POINT('',(180.96850768577,12.85376212192,
    22.576131373295));
#3649 = DIRECTION('',(0.630898899701,-0.7707008857,-8.936846836468E-02)
  );
#3650 = DIRECTION('',(-0.773797132038,-0.633433499627,
    -6.938893903907E-18));
#3651 = ADVANCED_FACE('',(#3652),#3670,.T.);
#3652 = FACE_BOUND('',#3653,.T.);
#3653 = EDGE_LOOP('',(#3654,#3661,#3662,#3669));
#3654 = ORIENTED_EDGE('',*,*,#3655,.F.);
#3655 = EDGE_CURVE('',#2861,#2887,#3656,.T.);
#3656 = CIRCLE('',#3657,5.414656965084);
#3657 = AXIS2_PLACEMENT_3D('',#3658,#3659,#3660);
#3658 = CARTESIAN_POINT('',(197.90922176523,17.418288678133,
    21.930201196156));
#3659 = DIRECTION('',(0.630898899701,-0.7707008857,-8.936846836468E-02)
  );
#3660 = DIRECTION('',(-0.773797132038,-0.633433499627,
    -6.938893903907E-18));
#3661 = ORIENTED_EDGE('',*,*,#2932,.F.);
#3662 = ORIENTED_EDGE('',*,*,#3663,.T.);
#3663 = EDGE_CURVE('',#2588,#3289,#3664,.T.);
#3664 = CIRCLE('',#3665,5.414656965084);
#3665 = AXIS2_PLACEMENT_3D('',#3666,#3667,#3668);
#3666 = CARTESIAN_POINT('',(195.0070868266,20.963512752353,
    22.341296150633));
#3667 = DIRECTION('',(0.630898899701,-0.7707008857,-8.936846836468E-02)
  );
#3668 = DIRECTION('',(-0.773797132038,-0.633433499627,
    -6.938893903907E-18));
#3669 = ORIENTED_EDGE('',*,*,#3342,.T.);
#3670 = CYLINDRICAL_SURFACE('',#3671,5.414656965084);
#3671 = AXIS2_PLACEMENT_3D('',#3672,#3673,#3674);
#3672 = CARTESIAN_POINT('',(195.0070868266,20.963512752353,
    22.341296150633));
#3673 = DIRECTION('',(0.630898899701,-0.7707008857,-8.936846836468E-02)
  );
#3674 = DIRECTION('',(-0.773797132038,-0.633433499627,
    -6.938893903907E-18));
#3675 = ADVANCED_FACE('',(#3676,#3699),#3710,.F.);
#3676 = FACE_BOUND('',#3677,.F.);
#3677 = EDGE_LOOP('',(#3678,#3679,#3680,#3686,#3692,#3698));
#3678 = ORIENTED_EDGE('',*,*,#3441,.T.);
#3679 = ORIENTED_EDGE('',*,*,#3433,.T.);
#3680 = ORIENTED_EDGE('',*,*,#3681,.T.);
#3681 = EDGE_CURVE('',#3426,#3079,#3682,.T.);
#3682 = LINE('',#3683,#3684);
#3683 = CARTESIAN_POINT('',(169.68556904787,-4.384502743234,
    24.136339646007));
#3684 = VECTOR('',#3685,1.);
#3685 = DIRECTION('',(-5.660898167254E-02,6.915306451523E-02,
    -0.995998632962));
#3686 = ORIENTED_EDGE('',*,*,#3687,.T.);
#3687 = EDGE_CURVE('',#3079,#2996,#3688,.T.);
#3688 = LINE('',#3689,#3690);
#3689 = CARTESIAN_POINT('',(169.44698160898,-4.093046298218,
    19.938547070379));
#3690 = VECTOR('',#3691,1.);
#3691 = DIRECTION('',(0.641823482884,0.583146034543,-0.497999316481));
#3692 = ORIENTED_EDGE('',*,*,#3693,.T.);
#3693 = EDGE_CURVE('',#2996,#2971,#3694,.T.);
#3694 = LINE('',#3695,#3696);
#3695 = CARTESIAN_POINT('',(172.15204742147,-1.635285802072,
    17.839650782566));
#3696 = VECTOR('',#3697,1.);
#3697 = DIRECTION('',(0.698432464557,0.513992970027,0.497999316481));
#3698 = ORIENTED_EDGE('',*,*,#2978,.T.);
#3699 = FACE_BOUND('',#3700,.F.);
#3700 = EDGE_LOOP('',(#3701));
#3701 = ORIENTED_EDGE('',*,*,#3702,.F.);
#3702 = EDGE_CURVE('',#3703,#3703,#3705,.T.);
#3703 = VERTEX_POINT('',#3704);
#3704 = CARTESIAN_POINT('',(170.61090145668,-3.38363929623,
    22.037443358193));
#3705 = CIRCLE('',#3706,2.3);
#3706 = AXIS2_PLACEMENT_3D('',#3707,#3708,#3709);
#3707 = CARTESIAN_POINT('',(172.39063486036,-1.926742247088,
    22.037443358193));
#3708 = DIRECTION('',(0.630898899701,-0.7707008857,-8.936846836468E-02)
  );
#3709 = DIRECTION('',(-0.773797132038,-0.633433499627,
    -6.938893903907E-18));
#3710 = PLANE('',#3711);
#3711 = AXIS2_PLACEMENT_3D('',#3712,#3713,#3714);
#3712 = CARTESIAN_POINT('',(172.39063486036,-1.926742247088,
    22.037443358193));
#3713 = DIRECTION('',(0.630898899701,-0.7707008857,-8.936846836468E-02)
  );
#3714 = DIRECTION('',(-0.773797132038,-0.633433499627,0.));
#3715 = ADVANCED_FACE('',(#3716),#3721,.F.);
#3716 = FACE_BOUND('',#3717,.F.);
#3717 = EDGE_LOOP('',(#3718,#3719,#3720));
#3718 = ORIENTED_EDGE('',*,*,#3693,.F.);
#3719 = ORIENTED_EDGE('',*,*,#3003,.T.);
#3720 = ORIENTED_EDGE('',*,*,#3051,.T.);
#3721 = PLANE('',#3722);
#3722 = AXIS2_PLACEMENT_3D('',#3723,#3724,#3725);
#3723 = CARTESIAN_POINT('',(169.32768788953,-3.94731807571,
    17.839650782566));
#3724 = DIRECTION('',(0.630898899701,-0.7707008857,-8.936846836468E-02)
  );
#3725 = DIRECTION('',(5.660898167254E-02,-6.915306451523E-02,
    0.995998632962));
#3726 = ADVANCED_FACE('',(#3727),#3732,.F.);
#3727 = FACE_BOUND('',#3728,.F.);
#3728 = EDGE_LOOP('',(#3729,#3730,#3731));
#3729 = ORIENTED_EDGE('',*,*,#3086,.F.);
#3730 = ORIENTED_EDGE('',*,*,#3035,.T.);
#3731 = ORIENTED_EDGE('',*,*,#3687,.F.);
#3732 = PLANE('',#3733);
#3733 = AXIS2_PLACEMENT_3D('',#3734,#3735,#3736);
#3734 = CARTESIAN_POINT('',(169.32768788953,-3.94731807571,
    17.839650782566));
#3735 = DIRECTION('',(0.630898899701,-0.7707008857,-8.936846836468E-02)
  );
#3736 = DIRECTION('',(5.660898167254E-02,-6.915306451523E-02,
    0.995998632962));
#3737 = ADVANCED_FACE('',(#3738),#3744,.T.);
#3738 = FACE_BOUND('',#3739,.T.);
#3739 = EDGE_LOOP('',(#3740,#3741,#3742,#3743));
#3740 = ORIENTED_EDGE('',*,*,#3458,.T.);
#3741 = ORIENTED_EDGE('',*,*,#3681,.T.);
#3742 = ORIENTED_EDGE('',*,*,#3078,.F.);
#3743 = ORIENTED_EDGE('',*,*,#3126,.F.);
#3744 = PLANE('',#3745);
#3745 = AXIS2_PLACEMENT_3D('',#3746,#3747,#3748);
#3746 = CARTESIAN_POINT('',(167.54051278889,-1.764119731855,
    24.440192438447));
#3747 = DIRECTION('',(0.773797132038,0.633433499627,-8.743006318923E-16)
  );
#3748 = DIRECTION('',(-5.660898167254E-02,6.915306451523E-02,
    -0.995998632962));
#3749 = ADVANCED_FACE('',(#3750),#3761,.F.);
#3750 = FACE_BOUND('',#3751,.F.);
#3751 = EDGE_LOOP('',(#3752,#3759,#3760));
#3752 = ORIENTED_EDGE('',*,*,#3753,.T.);
#3753 = EDGE_CURVE('',#3102,#3562,#3754,.T.);
#3754 = CIRCLE('',#3755,5.414656965084);
#3755 = AXIS2_PLACEMENT_3D('',#3756,#3757,#3758);
#3756 = CARTESIAN_POINT('',(170.24557860138,0.693640764292,
    22.341296150633));
#3757 = DIRECTION('',(0.630898899701,-0.7707008857,-8.936846836468E-02)
  );
#3758 = DIRECTION('',(-0.773797132038,-0.633433499627,
    -6.938893903907E-18));
#3759 = ORIENTED_EDGE('',*,*,#3569,.T.);
#3760 = ORIENTED_EDGE('',*,*,#3101,.T.);
#3761 = PLANE('',#3762);
#3762 = AXIS2_PLACEMENT_3D('',#3763,#3764,#3765);
#3763 = CARTESIAN_POINT('',(170.24557860138,0.693640764292,
    22.341296150633));
#3764 = DIRECTION('',(0.630898899701,-0.7707008857,-8.936846836468E-02)
  );
#3765 = DIRECTION('',(-0.773797132038,-0.633433499627,
    -6.938893903907E-18));
#3766 = ADVANCED_FACE('',(#3767,#3790),#3801,.F.);
#3767 = FACE_BOUND('',#3768,.F.);
#3768 = EDGE_LOOP('',(#3769,#3770,#3771,#3772,#3778,#3784));
#3769 = ORIENTED_EDGE('',*,*,#3409,.T.);
#3770 = ORIENTED_EDGE('',*,*,#3401,.T.);
#3771 = ORIENTED_EDGE('',*,*,#3166,.T.);
#3772 = ORIENTED_EDGE('',*,*,#3773,.T.);
#3773 = EDGE_CURVE('',#3167,#3191,#3774,.T.);
#3774 = LINE('',#3775,#3776);
#3775 = CARTESIAN_POINT('',(194.2084898342,16.176825689843,
    19.938547070379));
#3776 = VECTOR('',#3777,1.);
#3777 = DIRECTION('',(0.641823482884,0.583146034543,-0.497999316481));
#3778 = ORIENTED_EDGE('',*,*,#3779,.T.);
#3779 = EDGE_CURVE('',#3191,#3315,#3780,.T.);
#3780 = LINE('',#3781,#3782);
#3781 = CARTESIAN_POINT('',(196.91355564669,18.634586185989,
    17.839650782566));
#3782 = VECTOR('',#3783,1.);
#3783 = DIRECTION('',(0.698432464557,0.513992970027,0.497999316481));
#3784 = ORIENTED_EDGE('',*,*,#3785,.T.);
#3785 = EDGE_CURVE('',#3315,#3376,#3786,.T.);
#3786 = LINE('',#3787,#3788);
#3787 = CARTESIAN_POINT('',(199.85720889808,20.800890237119,
    19.938547070379));
#3788 = VECTOR('',#3789,1.);
#3789 = DIRECTION('',(5.660898167253E-02,-6.915306451523E-02,
    0.995998632962));
#3790 = FACE_BOUND('',#3791,.F.);
#3791 = EDGE_LOOP('',(#3792));
#3792 = ORIENTED_EDGE('',*,*,#3793,.F.);
#3793 = EDGE_CURVE('',#3794,#3794,#3796,.T.);
#3794 = VERTEX_POINT('',#3795);
#3795 = CARTESIAN_POINT('',(195.3724096819,16.886232691831,
    22.037443358193));
#3796 = CIRCLE('',#3797,2.3);
#3797 = AXIS2_PLACEMENT_3D('',#3798,#3799,#3800);
#3798 = CARTESIAN_POINT('',(197.15214308558,18.343129740973,
    22.037443358193));
#3799 = DIRECTION('',(0.630898899701,-0.7707008857,-8.936846836468E-02)
  );
#3800 = DIRECTION('',(-0.773797132038,-0.633433499627,
    -6.938893903907E-18));
#3801 = PLANE('',#3802);
#3802 = AXIS2_PLACEMENT_3D('',#3803,#3804,#3805);
#3803 = CARTESIAN_POINT('',(197.15214308558,18.343129740973,
    22.037443358193));
#3804 = DIRECTION('',(0.630898899701,-0.7707008857,-8.936846836468E-02)
  );
#3805 = DIRECTION('',(-0.773797132038,-0.633433499627,
    -6.938893903907E-18));
#3806 = ADVANCED_FACE('',(#3807),#3812,.F.);
#3807 = FACE_BOUND('',#3808,.F.);
#3808 = EDGE_LOOP('',(#3809,#3810,#3811));
#3809 = ORIENTED_EDGE('',*,*,#3779,.F.);
#3810 = ORIENTED_EDGE('',*,*,#3198,.T.);
#3811 = ORIENTED_EDGE('',*,*,#3322,.T.);
#3812 = PLANE('',#3813);
#3813 = AXIS2_PLACEMENT_3D('',#3814,#3815,#3816);
#3814 = CARTESIAN_POINT('',(194.08919611475,16.322553912351,
    17.839650782566));
#3815 = DIRECTION('',(0.630898899701,-0.7707008857,-8.936846836468E-02)
  );
#3816 = DIRECTION('',(5.660898167254E-02,-6.915306451523E-02,
    0.995998632962));
#3817 = ADVANCED_FACE('',(#3818),#3823,.F.);
#3818 = FACE_BOUND('',#3819,.F.);
#3819 = EDGE_LOOP('',(#3820,#3821,#3822));
#3820 = ORIENTED_EDGE('',*,*,#3246,.F.);
#3821 = ORIENTED_EDGE('',*,*,#3230,.T.);
#3822 = ORIENTED_EDGE('',*,*,#3773,.F.);
#3823 = PLANE('',#3824);
#3824 = AXIS2_PLACEMENT_3D('',#3825,#3826,#3827);
#3825 = CARTESIAN_POINT('',(194.08919611475,16.322553912351,
    17.839650782566));
#3826 = DIRECTION('',(0.630898899701,-0.7707008857,-8.936846836468E-02)
  );
#3827 = DIRECTION('',(5.660898167254E-02,-6.915306451523E-02,
    0.995998632962));
#3828 = ADVANCED_FACE('',(#3829),#3833,.F.);
#3829 = FACE_BOUND('',#3830,.F.);
#3830 = EDGE_LOOP('',(#3831,#3832));
#3831 = ORIENTED_EDGE('',*,*,#3297,.F.);
#3832 = ORIENTED_EDGE('',*,*,#3663,.T.);
#3833 = PLANE('',#3834);
#3834 = AXIS2_PLACEMENT_3D('',#3835,#3836,#3837);
#3835 = CARTESIAN_POINT('',(195.0070868266,20.963512752353,
    22.341296150633));
#3836 = DIRECTION('',(0.630898899701,-0.7707008857,-8.936846836468E-02)
  );
#3837 = DIRECTION('',(-0.773797132038,-0.633433499627,
    -6.938893903907E-18));
#3838 = ADVANCED_FACE('',(#3839),#3845,.T.);
#3839 = FACE_BOUND('',#3840,.T.);
#3840 = EDGE_LOOP('',(#3841,#3842,#3843,#3844));
#3841 = ORIENTED_EDGE('',*,*,#3314,.T.);
#3842 = ORIENTED_EDGE('',*,*,#3785,.T.);
#3843 = ORIENTED_EDGE('',*,*,#3383,.F.);
#3844 = ORIENTED_EDGE('',*,*,#3272,.F.);
#3845 = PLANE('',#3846);
#3846 = AXIS2_PLACEMENT_3D('',#3847,#3848,#3849);
#3847 = CARTESIAN_POINT('',(197.71215263909,23.421273248499,
    20.242399862819));
#3848 = DIRECTION('',(-0.773797132038,-0.633433499627,-4.31599200823E-15
    ));
#3849 = DIRECTION('',(5.660898167253E-02,-6.915306451523E-02,
    0.995998632962));
#3850 = ADVANCED_FACE('',(#3851),#3863,.T.);
#3851 = FACE_BOUND('',#3852,.T.);
#3852 = EDGE_LOOP('',(#3853,#3854,#3861,#3862));
#3853 = ORIENTED_EDGE('',*,*,#3561,.T.);
#3854 = ORIENTED_EDGE('',*,*,#3855,.F.);
#3855 = EDGE_CURVE('',#2871,#3553,#3856,.T.);
#3856 = CIRCLE('',#3857,5.414656965084);
#3857 = AXIS2_PLACEMENT_3D('',#3858,#3859,#3860);
#3858 = CARTESIAN_POINT('',(173.14771354001,-2.851583309928,
    21.930201196156));
#3859 = DIRECTION('',(0.630898899701,-0.7707008857,-8.936846836468E-02)
  );
#3860 = DIRECTION('',(-0.773797132038,-0.633433499627,
    -6.938893903907E-18));
#3861 = ORIENTED_EDGE('',*,*,#3498,.F.);
#3862 = ORIENTED_EDGE('',*,*,#3753,.T.);
#3863 = CYLINDRICAL_SURFACE('',#3864,5.414656965084);
#3864 = AXIS2_PLACEMENT_3D('',#3865,#3866,#3867);
#3865 = CARTESIAN_POINT('',(170.24557860138,0.693640764292,
    22.341296150633));
#3866 = DIRECTION('',(0.630898899701,-0.7707008857,-8.936846836468E-02)
  );
#3867 = DIRECTION('',(-0.773797132038,-0.633433499627,
    -6.938893903907E-18));
#3868 = ADVANCED_FACE('',(#3869),#3874,.T.);
#3869 = FACE_BOUND('',#3870,.T.);
#3870 = EDGE_LOOP('',(#3871,#3872,#3873));
#3871 = ORIENTED_EDGE('',*,*,#3855,.T.);
#3872 = ORIENTED_EDGE('',*,*,#3552,.T.);
#3873 = ORIENTED_EDGE('',*,*,#3613,.T.);
#3874 = PLANE('',#3875);
#3875 = AXIS2_PLACEMENT_3D('',#3876,#3877,#3878);
#3876 = CARTESIAN_POINT('',(173.14771354001,-2.851583309928,
    21.930201196156));
#3877 = DIRECTION('',(0.630898899701,-0.7707008857,-8.936846836468E-02)
  );
#3878 = DIRECTION('',(-0.773797132038,-0.633433499627,
    -6.938893903907E-18));
#3879 = ADVANCED_FACE('',(#3880),#3884,.T.);
#3880 = FACE_BOUND('',#3881,.T.);
#3881 = EDGE_LOOP('',(#3882,#3883));
#3882 = ORIENTED_EDGE('',*,*,#3585,.F.);
#3883 = ORIENTED_EDGE('',*,*,#3655,.T.);
#3884 = PLANE('',#3885);
#3885 = AXIS2_PLACEMENT_3D('',#3886,#3887,#3888);
#3886 = CARTESIAN_POINT('',(197.90922176523,17.418288678133,
    21.930201196156));
#3887 = DIRECTION('',(0.630898899701,-0.7707008857,-8.936846836468E-02)
  );
#3888 = DIRECTION('',(-0.773797132038,-0.633433499627,
    -6.938893903907E-18));
#3889 = ADVANCED_FACE('',(#3890),#3901,.F.);
#3890 = FACE_BOUND('',#3891,.F.);
#3891 = EDGE_LOOP('',(#3892,#3898,#3899,#3900));
#3892 = ORIENTED_EDGE('',*,*,#3893,.T.);
#3893 = EDGE_CURVE('',#3794,#3596,#3894,.T.);
#3894 = LINE('',#3895,#3896);
#3895 = CARTESIAN_POINT('',(192.34409496333,20.585596943191,
    22.466412006344));
#3896 = VECTOR('',#3897,1.);
#3897 = DIRECTION('',(0.630898899701,-0.7707008857,-8.936846836468E-02)
  );
#3898 = ORIENTED_EDGE('',*,*,#3595,.F.);
#3899 = ORIENTED_EDGE('',*,*,#3893,.F.);
#3900 = ORIENTED_EDGE('',*,*,#3793,.T.);
#3901 = CYLINDRICAL_SURFACE('',#3902,2.3);
#3902 = AXIS2_PLACEMENT_3D('',#3903,#3904,#3905);
#3903 = CARTESIAN_POINT('',(194.12382836702,22.042493992333,
    22.466412006344));
#3904 = DIRECTION('',(0.630898899701,-0.7707008857,-8.936846836468E-02)
  );
#3905 = DIRECTION('',(-0.773797132038,-0.633433499627,
    -6.938893903907E-18));
#3906 = ADVANCED_FACE('',(#3907),#3918,.F.);
#3907 = FACE_BOUND('',#3908,.F.);
#3908 = EDGE_LOOP('',(#3909,#3915,#3916,#3917));
#3909 = ORIENTED_EDGE('',*,*,#3910,.T.);
#3910 = EDGE_CURVE('',#3703,#3622,#3911,.T.);
#3911 = LINE('',#3912,#3913);
#3912 = CARTESIAN_POINT('',(167.58258673811,0.31572495513,
    22.466412006344));
#3913 = VECTOR('',#3914,1.);
#3914 = DIRECTION('',(0.630898899701,-0.7707008857,-8.936846836468E-02)
  );
#3915 = ORIENTED_EDGE('',*,*,#3621,.F.);
#3916 = ORIENTED_EDGE('',*,*,#3910,.F.);
#3917 = ORIENTED_EDGE('',*,*,#3702,.T.);
#3918 = CYLINDRICAL_SURFACE('',#3919,2.3);
#3919 = AXIS2_PLACEMENT_3D('',#3920,#3921,#3922);
#3920 = CARTESIAN_POINT('',(169.3623201418,1.772622004271,
    22.466412006344));
#3921 = DIRECTION('',(0.630898899701,-0.7707008857,-8.936846836468E-02)
  );
#3922 = DIRECTION('',(-0.773797132038,-0.633433499627,
    -6.938893903907E-18));
#3923 = MANIFOLD_SOLID_BREP('',#3924);
#3924 = CLOSED_SHELL('',(#3925,#3958,#3978,#3998,#4023,#4048,#4074,#4083
    ,#4103,#4128,#4153,#4178,#4198,#4224,#4250,#4275,#4295,#4320,#4346,
    #4366,#4391,#4416,#4441,#4461,#4487,#4513,#4538,#4558,#4583,#4611,
    #4643,#4660));
#3925 = ADVANCED_FACE('',(#3926),#3953,.T.);
#3926 = FACE_BOUND('',#3927,.T.);
#3927 = EDGE_LOOP('',(#3928,#3937,#3945,#3952));
#3928 = ORIENTED_EDGE('',*,*,#3929,.F.);
#3929 = EDGE_CURVE('',#3930,#3930,#3932,.T.);
#3930 = VERTEX_POINT('',#3931);
#3931 = CARTESIAN_POINT('',(172.80811346978,22.822432304913,31.));
#3932 = CIRCLE('',#3933,7.238845937539);
#3933 = AXIS2_PLACEMENT_3D('',#3934,#3935,#3936);
#3934 = CARTESIAN_POINT('',(172.39832977277,23.323020685047,
    23.790119341988));
#3935 = DIRECTION('',(0.630898899701,-0.7707008857,-8.936846836468E-02)
  );
#3936 = DIRECTION('',(5.660898167254E-02,-6.915306451523E-02,
    0.995998632962));
#3937 = ORIENTED_EDGE('',*,*,#3938,.F.);
#3938 = EDGE_CURVE('',#3939,#3930,#3941,.T.);
#3939 = VERTEX_POINT('',#3940);
#3940 = CARTESIAN_POINT('',(139.86957148918,63.059883170895,31.));
#3941 = LINE('',#3942,#3943);
#3942 = CARTESIAN_POINT('',(139.86957148918,63.059883170895,31.));
#3943 = VECTOR('',#3944,1.);
#3944 = DIRECTION('',(0.633433499627,-0.773797132038,-1.387778780781E-17
    ));
#3945 = ORIENTED_EDGE('',*,*,#3946,.T.);
#3946 = EDGE_CURVE('',#3939,#3939,#3947,.T.);
#3947 = CIRCLE('',#3948,2.591685582576);
#3948 = AXIS2_PLACEMENT_3D('',#3949,#3950,#3951);
#3949 = CARTESIAN_POINT('',(139.72285880753,63.23910617119,
    28.418684702687));
#3950 = DIRECTION('',(0.630898899701,-0.7707008857,-8.936846836468E-02)
  );
#3951 = DIRECTION('',(5.660898167254E-02,-6.915306451523E-02,
    0.995998632962));
#3952 = ORIENTED_EDGE('',*,*,#3938,.T.);
#3953 = CONICAL_SURFACE('',#3954,2.591685582576,8.948785815669E-02);
#3954 = AXIS2_PLACEMENT_3D('',#3955,#3956,#3957);
#3955 = CARTESIAN_POINT('',(139.72285880753,63.23910617119,
    28.418684702687));
#3956 = DIRECTION('',(0.630898899701,-0.7707008857,-8.936846836468E-02)
  );
#3957 = DIRECTION('',(5.660898167254E-02,-6.915306451523E-02,
    0.995998632962));
#3958 = ADVANCED_FACE('',(#3959,#3962),#3973,.T.);
#3959 = FACE_BOUND('',#3960,.T.);
#3960 = EDGE_LOOP('',(#3961));
#3961 = ORIENTED_EDGE('',*,*,#3929,.T.);
#3962 = FACE_BOUND('',#3963,.T.);
#3963 = EDGE_LOOP('',(#3964));
#3964 = ORIENTED_EDGE('',*,*,#3965,.F.);
#3965 = EDGE_CURVE('',#3966,#3966,#3968,.T.);
#3966 = VERTEX_POINT('',#3967);
#3967 = CARTESIAN_POINT('',(172.7371979828,22.909062078157,
    29.752287605332));
#3968 = CIRCLE('',#3969,5.98612093032);
#3969 = AXIS2_PLACEMENT_3D('',#3970,#3971,#3972);
#3970 = CARTESIAN_POINT('',(172.39832977277,23.323020685047,
    23.790119341988));
#3971 = DIRECTION('',(0.630898899701,-0.7707008857,-8.936846836468E-02)
  );
#3972 = DIRECTION('',(5.660898167254E-02,-6.915306451523E-02,
    0.995998632962));
#3973 = PLANE('',#3974);
#3974 = AXIS2_PLACEMENT_3D('',#3975,#3976,#3977);
#3975 = CARTESIAN_POINT('',(172.39832977277,23.323020685047,
    23.790119341988));
#3976 = DIRECTION('',(0.630898899701,-0.7707008857,-8.936846836468E-02)
  );
#3977 = DIRECTION('',(5.660898167254E-02,-6.915306451523E-02,
    0.995998632962));
#3978 = ADVANCED_FACE('',(#3979,#3982),#3993,.F.);
#3979 = FACE_BOUND('',#3980,.F.);
#3980 = EDGE_LOOP('',(#3981));
#3981 = ORIENTED_EDGE('',*,*,#3946,.T.);
#3982 = FACE_BOUND('',#3983,.F.);
#3983 = EDGE_LOOP('',(#3984));
#3984 = ORIENTED_EDGE('',*,*,#3985,.F.);
#3985 = EDGE_CURVE('',#3986,#3986,#3988,.T.);
#3986 = VERTEX_POINT('',#3987);
#3987 = CARTESIAN_POINT('',(139.82758542363,63.111173001837,
    30.261282173667));
#3988 = CIRCLE('',#3989,1.85);
#3989 = AXIS2_PLACEMENT_3D('',#3990,#3991,#3992);
#3990 = CARTESIAN_POINT('',(139.72285880753,63.23910617119,
    28.418684702687));
#3991 = DIRECTION('',(0.630898899701,-0.7707008857,-8.936846836468E-02)
  );
#3992 = DIRECTION('',(5.660898167254E-02,-6.915306451523E-02,
    0.995998632962));
#3993 = PLANE('',#3994);
#3994 = AXIS2_PLACEMENT_3D('',#3995,#3996,#3997);
#3995 = CARTESIAN_POINT('',(139.72285880753,63.23910617119,
    28.418684702687));
#3996 = DIRECTION('',(0.630898899701,-0.7707008857,-8.936846836468E-02)
  );
#3997 = DIRECTION('',(5.660898167254E-02,-6.915306451523E-02,
    0.995998632962));
#3998 = ADVANCED_FACE('',(#3999),#4018,.T.);
#3999 = FACE_BOUND('',#4000,.T.);
#4000 = EDGE_LOOP('',(#4001,#4002,#4010,#4017));
#4001 = ORIENTED_EDGE('',*,*,#3965,.T.);
#4002 = ORIENTED_EDGE('',*,*,#4003,.T.);
#4003 = EDGE_CURVE('',#3966,#4004,#4006,.T.);
#4004 = VERTEX_POINT('',#4005);
#4005 = CARTESIAN_POINT('',(173.41364826872,22.082715995236,
    29.656466664757));
#4006 = LINE('',#4007,#4008);
#4007 = CARTESIAN_POINT('',(172.64256314785,23.024667211012,
    29.765692875587));
#4008 = VECTOR('',#4009,1.);
#4009 = DIRECTION('',(0.630898899701,-0.7707008857,-8.936846836468E-02)
  );
#4010 = ORIENTED_EDGE('',*,*,#4011,.F.);
#4011 = EDGE_CURVE('',#4004,#4004,#4012,.T.);
#4012 = CIRCLE('',#4013,5.98612093032);
#4013 = AXIS2_PLACEMENT_3D('',#4014,#4015,#4016);
#4014 = CARTESIAN_POINT('',(173.07478005868,22.496674602127,
    23.694298401413));
#4015 = DIRECTION('',(0.630898899701,-0.7707008857,-8.936846836468E-02)
  );
#4016 = DIRECTION('',(5.660898167254E-02,-6.915306451523E-02,
    0.995998632962));
#4017 = ORIENTED_EDGE('',*,*,#4003,.F.);
#4018 = CYLINDRICAL_SURFACE('',#4019,5.98612093032);
#4019 = AXIS2_PLACEMENT_3D('',#4020,#4021,#4022);
#4020 = CARTESIAN_POINT('',(172.30369493781,23.438625817902,
    23.803524612243));
#4021 = DIRECTION('',(0.630898899701,-0.7707008857,-8.936846836468E-02)
  );
#4022 = DIRECTION('',(5.660898167254E-02,-6.915306451523E-02,
    0.995998632962));
#4023 = ADVANCED_FACE('',(#4024),#4043,.F.);
#4024 = FACE_BOUND('',#4025,.F.);
#4025 = EDGE_LOOP('',(#4026,#4034,#4041,#4042));
#4026 = ORIENTED_EDGE('',*,*,#4027,.T.);
#4027 = EDGE_CURVE('',#3986,#4028,#4030,.T.);
#4028 = VERTEX_POINT('',#4029);
#4029 = CARTESIAN_POINT('',(152.44556341764,47.697155287839,
    28.473912806373));
#4030 = LINE('',#4031,#4032);
#4031 = CARTESIAN_POINT('',(139.63831575371,63.342383267547,
    30.288092714176));
#4032 = VECTOR('',#4033,1.);
#4033 = DIRECTION('',(0.630898899701,-0.7707008857,-8.936846836468E-02)
  );
#4034 = ORIENTED_EDGE('',*,*,#4035,.F.);
#4035 = EDGE_CURVE('',#4028,#4028,#4036,.T.);
#4036 = CIRCLE('',#4037,1.85);
#4037 = AXIS2_PLACEMENT_3D('',#4038,#4039,#4040);
#4038 = CARTESIAN_POINT('',(152.34083680155,47.825088457192,
    26.631315335393));
#4039 = DIRECTION('',(0.630898899701,-0.7707008857,-8.936846836468E-02)
  );
#4040 = DIRECTION('',(5.660898167254E-02,-6.915306451523E-02,
    0.995998632962));
#4041 = ORIENTED_EDGE('',*,*,#4027,.F.);
#4042 = ORIENTED_EDGE('',*,*,#3985,.T.);
#4043 = CYLINDRICAL_SURFACE('',#4044,1.85);
#4044 = AXIS2_PLACEMENT_3D('',#4045,#4046,#4047);
#4045 = CARTESIAN_POINT('',(139.53358913762,63.4703164369,
    28.445495243197));
#4046 = DIRECTION('',(0.630898899701,-0.7707008857,-8.936846836468E-02)
  );
#4047 = DIRECTION('',(5.660898167254E-02,-6.915306451523E-02,
    0.995998632962));
#4048 = ADVANCED_FACE('',(#4049),#4069,.F.);
#4049 = FACE_BOUND('',#4050,.F.);
#4050 = EDGE_LOOP('',(#4051,#4060,#4067,#4068));
#4051 = ORIENTED_EDGE('',*,*,#4052,.F.);
#4052 = EDGE_CURVE('',#4053,#4004,#4055,.T.);
#4053 = VERTEX_POINT('',#4054);
#4054 = CARTESIAN_POINT('',(173.92791123752,21.454496599496,
    27.981565647918));
#4055 = CIRCLE('',#4056,1.15);
#4056 = AXIS2_PLACEMENT_3D('',#4057,#4058,#4059);
#4057 = CARTESIAN_POINT('',(174.05585486338,21.298201722757,
    29.113688582987));
#4058 = DIRECTION('',(0.773797132038,0.633433499627,6.938893903907E-18)
  );
#4059 = DIRECTION('',(0.630898899701,-0.7707008857,-8.936846836468E-02)
  );
#4060 = ORIENTED_EDGE('',*,*,#4061,.T.);
#4061 = EDGE_CURVE('',#4053,#4053,#4062,.T.);
#4062 = CIRCLE('',#4063,4.390477006581);
#4063 = AXIS2_PLACEMENT_3D('',#4064,#4065,#4066);
#4064 = CARTESIAN_POINT('',(173.67937080512,21.758111539185,
    23.608656551312));
#4065 = DIRECTION('',(0.630898899701,-0.7707008857,-8.936846836468E-02)
  );
#4066 = DIRECTION('',(5.660898167254E-02,-6.915306451523E-02,
    0.995998632962));
#4067 = ORIENTED_EDGE('',*,*,#4052,.T.);
#4068 = ORIENTED_EDGE('',*,*,#4011,.F.);
#4069 = TOROIDAL_SURFACE('',#4070,5.53612093032,1.15);
#4070 = AXIS2_PLACEMENT_3D('',#4071,#4072,#4073);
#4071 = CARTESIAN_POINT('',(173.74246069509,21.681041450615,
    23.599719704476));
#4072 = DIRECTION('',(0.630898899701,-0.7707008857,-8.936846836468E-02)
  );
#4073 = DIRECTION('',(5.660898167254E-02,-6.915306451523E-02,
    0.995998632962));
#4074 = ADVANCED_FACE('',(#4075),#4078,.F.);
#4075 = FACE_BOUND('',#4076,.F.);
#4076 = EDGE_LOOP('',(#4077));
#4077 = ORIENTED_EDGE('',*,*,#4035,.T.);
#4078 = PLANE('',#4079);
#4079 = AXIS2_PLACEMENT_3D('',#4080,#4081,#4082);
#4080 = CARTESIAN_POINT('',(152.34083680155,47.825088457192,
    26.631315335393));
#4081 = DIRECTION('',(0.630898899701,-0.7707008857,-8.936846836468E-02)
  );
#4082 = DIRECTION('',(5.660898167254E-02,-6.915306451523E-02,
    0.995998632962));
#4083 = ADVANCED_FACE('',(#4084,#4087),#4098,.T.);
#4084 = FACE_BOUND('',#4085,.T.);
#4085 = EDGE_LOOP('',(#4086));
#4086 = ORIENTED_EDGE('',*,*,#4061,.T.);
#4087 = FACE_BOUND('',#4088,.T.);
#4088 = EDGE_LOOP('',(#4089));
#4089 = ORIENTED_EDGE('',*,*,#4090,.F.);
#4090 = EDGE_CURVE('',#4091,#4091,#4093,.T.);
#4091 = VERTEX_POINT('',#4092);
#4092 = CARTESIAN_POINT('',(173.92766464448,21.454797835519,
    27.977227001917));
#4093 = CIRCLE('',#4094,4.38612093032);
#4094 = AXIS2_PLACEMENT_3D('',#4095,#4096,#4097);
#4095 = CARTESIAN_POINT('',(173.67937080512,21.758111539185,
    23.608656551312));
#4096 = DIRECTION('',(0.630898899701,-0.7707008857,-8.936846836468E-02)
  );
#4097 = DIRECTION('',(5.660898167254E-02,-6.915306451523E-02,
    0.995998632962));
#4098 = PLANE('',#4099);
#4099 = AXIS2_PLACEMENT_3D('',#4100,#4101,#4102);
#4100 = CARTESIAN_POINT('',(173.67937080512,21.758111539185,
    23.608656551312));
#4101 = DIRECTION('',(0.630898899701,-0.7707008857,-8.936846836468E-02)
  );
#4102 = DIRECTION('',(5.660898167254E-02,-6.915306451523E-02,
    0.995998632962));
#4103 = ADVANCED_FACE('',(#4104),#4123,.T.);
#4104 = FACE_BOUND('',#4105,.T.);
#4105 = EDGE_LOOP('',(#4106,#4115,#4121,#4122));
#4106 = ORIENTED_EDGE('',*,*,#4107,.F.);
#4107 = EDGE_CURVE('',#4108,#4108,#4110,.T.);
#4108 = VERTEX_POINT('',#4109);
#4109 = CARTESIAN_POINT('',(173.99075453445,21.377727746949,
    27.96829015508));
#4110 = CIRCLE('',#4111,4.38612093032);
#4111 = AXIS2_PLACEMENT_3D('',#4112,#4113,#4114);
#4112 = CARTESIAN_POINT('',(173.74246071612,21.681041424935,
    23.599719701498));
#4113 = DIRECTION('',(0.630898899701,-0.7707008857,-8.936846836468E-02)
  );
#4114 = DIRECTION('',(5.660898167254E-02,-6.915306451523E-02,
    0.995998632962));
#4115 = ORIENTED_EDGE('',*,*,#4116,.F.);
#4116 = EDGE_CURVE('',#4091,#4108,#4117,.T.);
#4117 = LINE('',#4118,#4119);
#4118 = CARTESIAN_POINT('',(173.80148486454,21.608938012659,
    27.99510069559));
#4119 = VECTOR('',#4120,1.);
#4120 = DIRECTION('',(0.630898899701,-0.7707008857,-8.936846836468E-02)
  );
#4121 = ORIENTED_EDGE('',*,*,#4090,.T.);
#4122 = ORIENTED_EDGE('',*,*,#4116,.T.);
#4123 = CYLINDRICAL_SURFACE('',#4124,4.38612093032);
#4124 = AXIS2_PLACEMENT_3D('',#4125,#4126,#4127);
#4125 = CARTESIAN_POINT('',(173.55319102518,21.912251716325,
    23.626530244985));
#4126 = DIRECTION('',(0.630898899701,-0.7707008857,-8.936846836468E-02)
  );
#4127 = DIRECTION('',(5.660898167254E-02,-6.915306451523E-02,
    0.995998632962));
#4128 = ADVANCED_FACE('',(#4129),#4148,.T.);
#4129 = FACE_BOUND('',#4130,.T.);
#4130 = EDGE_LOOP('',(#4131,#4132,#4140,#4147));
#4131 = ORIENTED_EDGE('',*,*,#4107,.T.);
#4132 = ORIENTED_EDGE('',*,*,#4133,.T.);
#4133 = EDGE_CURVE('',#4108,#4134,#4136,.T.);
#4134 = VERTEX_POINT('',#4135);
#4135 = CARTESIAN_POINT('',(174.44436489799,20.823601072915,
    27.9040350685));
#4136 = LINE('',#4137,#4138);
#4137 = CARTESIAN_POINT('',(173.80148486454,21.608938012659,
    27.99510069559));
#4138 = VECTOR('',#4139,1.);
#4139 = DIRECTION('',(0.630898899701,-0.7707008857,-8.936846836468E-02)
  );
#4140 = ORIENTED_EDGE('',*,*,#4141,.F.);
#4141 = EDGE_CURVE('',#4134,#4134,#4142,.T.);
#4142 = CIRCLE('',#4143,4.38612093032);
#4143 = AXIS2_PLACEMENT_3D('',#4144,#4145,#4146);
#4144 = CARTESIAN_POINT('',(174.19607107966,21.126914750902,
    23.535464614917));
#4145 = DIRECTION('',(0.630898899701,-0.7707008857,-8.936846836468E-02)
  );
#4146 = DIRECTION('',(5.660898167254E-02,-6.915306451523E-02,
    0.995998632962));
#4147 = ORIENTED_EDGE('',*,*,#4133,.F.);
#4148 = CYLINDRICAL_SURFACE('',#4149,4.38612093032);
#4149 = AXIS2_PLACEMENT_3D('',#4150,#4151,#4152);
#4150 = CARTESIAN_POINT('',(173.55319102518,21.912251716325,
    23.626530244985));
#4151 = DIRECTION('',(0.630898899701,-0.7707008857,-8.936846836468E-02)
  );
#4152 = DIRECTION('',(5.660898167254E-02,-6.915306451523E-02,
    0.995998632962));
#4153 = ADVANCED_FACE('',(#4154),#4173,.T.);
#4154 = FACE_BOUND('',#4155,.T.);
#4155 = EDGE_LOOP('',(#4156,#4157,#4165,#4172));
#4156 = ORIENTED_EDGE('',*,*,#4141,.T.);
#4157 = ORIENTED_EDGE('',*,*,#4158,.T.);
#4158 = EDGE_CURVE('',#4134,#4159,#4161,.T.);
#4159 = VERTEX_POINT('',#4160);
#4160 = CARTESIAN_POINT('',(174.50745478796,20.746530984345,
    27.895098221663));
#4161 = LINE('',#4162,#4163);
#4162 = CARTESIAN_POINT('',(173.80148486454,21.608938012659,
    27.99510069559));
#4163 = VECTOR('',#4164,1.);
#4164 = DIRECTION('',(0.630898899701,-0.7707008857,-8.936846836468E-02)
  );
#4165 = ORIENTED_EDGE('',*,*,#4166,.F.);
#4166 = EDGE_CURVE('',#4159,#4159,#4167,.T.);
#4167 = CIRCLE('',#4168,4.38612093032);
#4168 = AXIS2_PLACEMENT_3D('',#4169,#4170,#4171);
#4169 = CARTESIAN_POINT('',(174.2591609486,21.049844688011,
    23.526527771059));
#4170 = DIRECTION('',(0.630898899701,-0.7707008857,-8.936846836468E-02)
  );
#4171 = DIRECTION('',(5.660898167254E-02,-6.915306451523E-02,
    0.995998632962));
#4172 = ORIENTED_EDGE('',*,*,#4158,.F.);
#4173 = CYLINDRICAL_SURFACE('',#4174,4.38612093032);
#4174 = AXIS2_PLACEMENT_3D('',#4175,#4176,#4177);
#4175 = CARTESIAN_POINT('',(173.55319102518,21.912251716325,
    23.626530244985));
#4176 = DIRECTION('',(0.630898899701,-0.7707008857,-8.936846836468E-02)
  );
#4177 = DIRECTION('',(5.660898167254E-02,-6.915306451523E-02,
    0.995998632962));
#4178 = ADVANCED_FACE('',(#4179,#4190),#4193,.F.);
#4179 = FACE_BOUND('',#4180,.F.);
#4180 = EDGE_LOOP('',(#4181));
#4181 = ORIENTED_EDGE('',*,*,#4182,.T.);
#4182 = EDGE_CURVE('',#4183,#4183,#4185,.T.);
#4183 = VERTEX_POINT('',#4184);
#4184 = CARTESIAN_POINT('',(174.507701381,20.746229748323,
    27.899436867664));
#4185 = CIRCLE('',#4186,4.390477006581);
#4186 = AXIS2_PLACEMENT_3D('',#4187,#4188,#4189);
#4187 = CARTESIAN_POINT('',(174.2591609486,21.049844688011,
    23.526527771059));
#4188 = DIRECTION('',(0.630898899701,-0.7707008857,-8.936846836468E-02)
  );
#4189 = DIRECTION('',(5.660898167254E-02,-6.915306451523E-02,
    0.995998632962));
#4190 = FACE_BOUND('',#4191,.F.);
#4191 = EDGE_LOOP('',(#4192));
#4192 = ORIENTED_EDGE('',*,*,#4166,.F.);
#4193 = PLANE('',#4194);
#4194 = AXIS2_PLACEMENT_3D('',#4195,#4196,#4197);
#4195 = CARTESIAN_POINT('',(174.2591609486,21.049844688011,
    23.526527771059));
#4196 = DIRECTION('',(0.630898899701,-0.7707008857,-8.936846836468E-02)
  );
#4197 = DIRECTION('',(5.660898167254E-02,-6.915306451523E-02,
    0.995998632962));
#4198 = ADVANCED_FACE('',(#4199),#4219,.F.);
#4199 = FACE_BOUND('',#4200,.F.);
#4200 = EDGE_LOOP('',(#4201,#4210,#4217,#4218));
#4201 = ORIENTED_EDGE('',*,*,#4202,.F.);
#4202 = EDGE_CURVE('',#4203,#4183,#4205,.T.);
#4203 = VERTEX_POINT('',#4204);
#4204 = CARTESIAN_POINT('',(175.23499896157,19.857769030168,
    28.946659757787));
#4205 = CIRCLE('',#4206,1.15);
#4206 = AXIS2_PLACEMENT_3D('',#4207,#4208,#4209);
#4207 = CARTESIAN_POINT('',(174.50946522692,20.744075048723,
    29.049433496406));
#4208 = DIRECTION('',(0.773797132038,0.633433499627,6.938893903907E-18)
  );
#4209 = DIRECTION('',(0.630898899701,-0.7707008857,-8.936846836468E-02)
  );
#4210 = ORIENTED_EDGE('',*,*,#4211,.T.);
#4211 = EDGE_CURVE('',#4203,#4203,#4212,.T.);
#4212 = CIRCLE('',#4213,5.53612093032);
#4213 = AXIS2_PLACEMENT_3D('',#4214,#4215,#4216);
#4214 = CARTESIAN_POINT('',(174.92160479329,20.240608758027,
    23.432690879276));
#4215 = DIRECTION('',(0.630898899701,-0.7707008857,-8.936846836468E-02)
  );
#4216 = DIRECTION('',(5.660898167254E-02,-6.915306451523E-02,
    0.995998632962));
#4217 = ORIENTED_EDGE('',*,*,#4202,.T.);
#4218 = ORIENTED_EDGE('',*,*,#4182,.F.);
#4219 = TOROIDAL_SURFACE('',#4220,5.53612093032,1.15);
#4220 = AXIS2_PLACEMENT_3D('',#4221,#4222,#4223);
#4221 = CARTESIAN_POINT('',(174.19607105863,21.126914776581,
    23.535464617895));
#4222 = DIRECTION('',(0.630898899701,-0.7707008857,-8.936846836468E-02)
  );
#4223 = DIRECTION('',(5.660898167254E-02,-6.915306451523E-02,
    0.995998632962));
#4224 = ADVANCED_FACE('',(#4225),#4245,.F.);
#4225 = FACE_BOUND('',#4226,.F.);
#4226 = EDGE_LOOP('',(#4227,#4236,#4243,#4244));
#4227 = ORIENTED_EDGE('',*,*,#4228,.T.);
#4228 = EDGE_CURVE('',#4229,#4229,#4231,.T.);
#4229 = VERTEX_POINT('',#4230);
#4230 = CARTESIAN_POINT('',(175.20261990508,19.897323018179,
    29.403054184302));
#4231 = CIRCLE('',#4232,5.98612093032);
#4232 = AXIS2_PLACEMENT_3D('',#4233,#4234,#4235);
#4233 = CARTESIAN_POINT('',(174.86375169505,20.31128162507,
    23.440885920958));
#4234 = DIRECTION('',(0.630898899701,-0.7707008857,-8.936846836468E-02)
  );
#4235 = DIRECTION('',(5.660898167254E-02,-6.915306451523E-02,
    0.995998632962));
#4236 = ORIENTED_EDGE('',*,*,#4237,.T.);
#4237 = EDGE_CURVE('',#4229,#4203,#4238,.T.);
#4238 = CIRCLE('',#4239,1.15);
#4239 = AXIS2_PLACEMENT_3D('',#4240,#4241,#4242);
#4240 = CARTESIAN_POINT('',(174.50946522692,20.744075048723,
    29.049433496406));
#4241 = DIRECTION('',(0.773797132038,0.633433499627,6.938893903907E-18)
  );
#4242 = DIRECTION('',(0.630898899701,-0.7707008857,-8.936846836468E-02)
  );
#4243 = ORIENTED_EDGE('',*,*,#4211,.F.);
#4244 = ORIENTED_EDGE('',*,*,#4237,.F.);
#4245 = TOROIDAL_SURFACE('',#4246,5.53612093032,1.15);
#4246 = AXIS2_PLACEMENT_3D('',#4247,#4248,#4249);
#4247 = CARTESIAN_POINT('',(174.19607105863,21.126914776581,
    23.535464617895));
#4248 = DIRECTION('',(0.630898899701,-0.7707008857,-8.936846836468E-02)
  );
#4249 = DIRECTION('',(5.660898167254E-02,-6.915306451523E-02,
    0.995998632962));
#4250 = ADVANCED_FACE('',(#4251),#4270,.T.);
#4251 = FACE_BOUND('',#4252,.T.);
#4252 = EDGE_LOOP('',(#4253,#4254,#4262,#4269));
#4253 = ORIENTED_EDGE('',*,*,#4228,.T.);
#4254 = ORIENTED_EDGE('',*,*,#4255,.T.);
#4255 = EDGE_CURVE('',#4229,#4256,#4258,.T.);
#4256 = VERTEX_POINT('',#4257);
#4257 = CARTESIAN_POINT('',(175.56488297018,19.454785449549,
    29.351738679887));
#4258 = LINE('',#4259,#4260);
#4259 = CARTESIAN_POINT('',(172.64256314785,23.024667211012,
    29.765692875587));
#4260 = VECTOR('',#4261,1.);
#4261 = DIRECTION('',(0.630898899701,-0.7707008857,-8.936846836468E-02)
  );
#4262 = ORIENTED_EDGE('',*,*,#4263,.F.);
#4263 = EDGE_CURVE('',#4256,#4256,#4264,.T.);
#4264 = CIRCLE('',#4265,5.98612093032);
#4265 = AXIS2_PLACEMENT_3D('',#4266,#4267,#4268);
#4266 = CARTESIAN_POINT('',(175.22601476014,19.868744056439,
    23.389570416543));
#4267 = DIRECTION('',(0.630898899701,-0.7707008857,-8.936846836468E-02)
  );
#4268 = DIRECTION('',(5.660898167254E-02,-6.915306451523E-02,
    0.995998632962));
#4269 = ORIENTED_EDGE('',*,*,#4255,.F.);
#4270 = CYLINDRICAL_SURFACE('',#4271,5.98612093032);
#4271 = AXIS2_PLACEMENT_3D('',#4272,#4273,#4274);
#4272 = CARTESIAN_POINT('',(172.30369493781,23.438625817902,
    23.803524612243));
#4273 = DIRECTION('',(0.630898899701,-0.7707008857,-8.936846836468E-02)
  );
#4274 = DIRECTION('',(5.660898167254E-02,-6.915306451523E-02,
    0.995998632962));
#4275 = ADVANCED_FACE('',(#4276,#4279),#4290,.T.);
#4276 = FACE_BOUND('',#4277,.T.);
#4277 = EDGE_LOOP('',(#4278));
#4278 = ORIENTED_EDGE('',*,*,#4263,.T.);
#4279 = FACE_BOUND('',#4280,.T.);
#4280 = EDGE_LOOP('',(#4281));
#4281 = ORIENTED_EDGE('',*,*,#4282,.F.);
#4282 = EDGE_CURVE('',#4283,#4283,#4285,.T.);
#4283 = VERTEX_POINT('',#4284);
#4284 = CARTESIAN_POINT('',(175.55068969763,19.472123834074,
    29.102017175768));
#4285 = CIRCLE('',#4286,5.735396184467);
#4286 = AXIS2_PLACEMENT_3D('',#4287,#4288,#4289);
#4287 = CARTESIAN_POINT('',(175.22601476014,19.868744056439,
    23.389570416543));
#4288 = DIRECTION('',(0.630898899701,-0.7707008857,-8.936846836468E-02)
  );
#4289 = DIRECTION('',(5.660898167254E-02,-6.915306451523E-02,
    0.995998632962));
#4290 = PLANE('',#4291);
#4291 = AXIS2_PLACEMENT_3D('',#4292,#4293,#4294);
#4292 = CARTESIAN_POINT('',(175.22601476014,19.868744056439,
    23.389570416543));
#4293 = DIRECTION('',(0.630898899701,-0.7707008857,-8.936846836468E-02)
  );
#4294 = DIRECTION('',(5.660898167254E-02,-6.915306451523E-02,
    0.995998632962));
#4295 = ADVANCED_FACE('',(#4296),#4315,.T.);
#4296 = FACE_BOUND('',#4297,.T.);
#4297 = EDGE_LOOP('',(#4298,#4299,#4307,#4314));
#4298 = ORIENTED_EDGE('',*,*,#4282,.T.);
#4299 = ORIENTED_EDGE('',*,*,#4300,.T.);
#4300 = EDGE_CURVE('',#4283,#4301,#4303,.T.);
#4301 = VERTEX_POINT('',#4302);
#4302 = CARTESIAN_POINT('',(175.91295276273,19.029586265443,
    29.050701671353));
#4303 = LINE('',#4304,#4305);
#4304 = CARTESIAN_POINT('',(175.51914475265,19.510658878359,
    29.106485599186));
#4305 = VECTOR('',#4306,1.);
#4306 = DIRECTION('',(0.630898899701,-0.7707008857,-8.936846836468E-02)
  );
#4307 = ORIENTED_EDGE('',*,*,#4308,.F.);
#4308 = EDGE_CURVE('',#4301,#4301,#4309,.T.);
#4309 = CIRCLE('',#4310,5.735396184467);
#4310 = AXIS2_PLACEMENT_3D('',#4311,#4312,#4313);
#4311 = CARTESIAN_POINT('',(175.58827782524,19.426206487808,
    23.338254912129));
#4312 = DIRECTION('',(0.630898899701,-0.7707008857,-8.936846836468E-02)
  );
#4313 = DIRECTION('',(5.660898167254E-02,-6.915306451523E-02,
    0.995998632962));
#4314 = ORIENTED_EDGE('',*,*,#4300,.F.);
#4315 = CYLINDRICAL_SURFACE('',#4316,5.735396184467);
#4316 = AXIS2_PLACEMENT_3D('',#4317,#4318,#4319);
#4317 = CARTESIAN_POINT('',(175.19446981516,19.907279100724,
    23.394038839961));
#4318 = DIRECTION('',(0.630898899701,-0.7707008857,-8.936846836468E-02)
  );
#4319 = DIRECTION('',(5.660898167254E-02,-6.915306451523E-02,
    0.995998632962));
#4320 = ADVANCED_FACE('',(#4321),#4341,.F.);
#4321 = FACE_BOUND('',#4322,.F.);
#4322 = EDGE_LOOP('',(#4323,#4332,#4339,#4340));
#4323 = ORIENTED_EDGE('',*,*,#4324,.F.);
#4324 = EDGE_CURVE('',#4325,#4301,#4327,.T.);
#4325 = VERTEX_POINT('',#4326);
#4326 = CARTESIAN_POINT('',(176.42721573154,18.401366869703,
    27.375800654514));
#4327 = CIRCLE('',#4328,1.15);
#4328 = AXIS2_PLACEMENT_3D('',#4329,#4330,#4331);
#4329 = CARTESIAN_POINT('',(176.55515935739,18.245071992963,
    28.507923589583));
#4330 = DIRECTION('',(0.773797132038,0.633433499627,6.938893903907E-18)
  );
#4331 = DIRECTION('',(0.630898899701,-0.7707008857,-8.936846836468E-02)
  );
#4332 = ORIENTED_EDGE('',*,*,#4333,.T.);
#4333 = EDGE_CURVE('',#4325,#4325,#4334,.T.);
#4334 = CIRCLE('',#4335,4.139752260728);
#4335 = AXIS2_PLACEMENT_3D('',#4336,#4337,#4338);
#4336 = CARTESIAN_POINT('',(176.19286857168,18.687643424866,
    23.252613062028));
#4337 = DIRECTION('',(0.630898899701,-0.7707008857,-8.936846836468E-02)
  );
#4338 = DIRECTION('',(5.660898167254E-02,-6.915306451523E-02,
    0.995998632962));
#4339 = ORIENTED_EDGE('',*,*,#4324,.T.);
#4340 = ORIENTED_EDGE('',*,*,#4308,.F.);
#4341 = TOROIDAL_SURFACE('',#4342,5.285396184467,1.15);
#4342 = AXIS2_PLACEMENT_3D('',#4343,#4344,#4345);
#4343 = CARTESIAN_POINT('',(176.25595846165,18.610573336296,
    23.243676215191));
#4344 = DIRECTION('',(0.630898899701,-0.7707008857,-8.936846836468E-02)
  );
#4345 = DIRECTION('',(5.660898167254E-02,-6.915306451523E-02,
    0.995998632962));
#4346 = ADVANCED_FACE('',(#4347,#4350),#4361,.T.);
#4347 = FACE_BOUND('',#4348,.T.);
#4348 = EDGE_LOOP('',(#4349));
#4349 = ORIENTED_EDGE('',*,*,#4333,.T.);
#4350 = FACE_BOUND('',#4351,.T.);
#4351 = EDGE_LOOP('',(#4352));
#4352 = ORIENTED_EDGE('',*,*,#4353,.F.);
#4353 = EDGE_CURVE('',#4354,#4354,#4356,.T.);
#4354 = VERTEX_POINT('',#4355);
#4355 = CARTESIAN_POINT('',(176.4269691385,18.401668105726,
    27.371462008513));
#4356 = CIRCLE('',#4357,4.135396184467);
#4357 = AXIS2_PLACEMENT_3D('',#4358,#4359,#4360);
#4358 = CARTESIAN_POINT('',(176.19286857168,18.687643424866,
    23.252613062028));
#4359 = DIRECTION('',(0.630898899701,-0.7707008857,-8.936846836468E-02)
  );
#4360 = DIRECTION('',(5.660898167254E-02,-6.915306451523E-02,
    0.995998632962));
#4361 = PLANE('',#4362);
#4362 = AXIS2_PLACEMENT_3D('',#4363,#4364,#4365);
#4363 = CARTESIAN_POINT('',(176.19286857168,18.687643424866,
    23.252613062028));
#4364 = DIRECTION('',(0.630898899701,-0.7707008857,-8.936846836468E-02)
  );
#4365 = DIRECTION('',(5.660898167254E-02,-6.915306451523E-02,
    0.995998632962));
#4366 = ADVANCED_FACE('',(#4367),#4386,.T.);
#4367 = FACE_BOUND('',#4368,.T.);
#4368 = EDGE_LOOP('',(#4369,#4378,#4384,#4385));
#4369 = ORIENTED_EDGE('',*,*,#4370,.F.);
#4370 = EDGE_CURVE('',#4371,#4371,#4373,.T.);
#4371 = VERTEX_POINT('',#4372);
#4372 = CARTESIAN_POINT('',(176.49005902847,18.324598017156,
    27.362525161677));
#4373 = CIRCLE('',#4374,4.135396184467);
#4374 = AXIS2_PLACEMENT_3D('',#4375,#4376,#4377);
#4375 = CARTESIAN_POINT('',(176.25595848267,18.610573310617,
    23.243676212214));
#4376 = DIRECTION('',(0.630898899701,-0.7707008857,-8.936846836468E-02)
  );
#4377 = DIRECTION('',(5.660898167254E-02,-6.915306451523E-02,
    0.995998632962));
#4378 = ORIENTED_EDGE('',*,*,#4379,.F.);
#4379 = EDGE_CURVE('',#4354,#4371,#4380,.T.);
#4380 = LINE('',#4381,#4382);
#4381 = CARTESIAN_POINT('',(176.30078935856,18.555808282866,
    27.389335702186));
#4382 = VECTOR('',#4383,1.);
#4383 = DIRECTION('',(0.630898899701,-0.7707008857,-8.936846836468E-02)
  );
#4384 = ORIENTED_EDGE('',*,*,#4353,.T.);
#4385 = ORIENTED_EDGE('',*,*,#4379,.T.);
#4386 = CYLINDRICAL_SURFACE('',#4387,4.135396184467);
#4387 = AXIS2_PLACEMENT_3D('',#4388,#4389,#4390);
#4388 = CARTESIAN_POINT('',(176.06668879174,18.841783602006,
    23.270486755701));
#4389 = DIRECTION('',(0.630898899701,-0.7707008857,-8.936846836468E-02)
  );
#4390 = DIRECTION('',(5.660898167254E-02,-6.915306451523E-02,
    0.995998632962));
#4391 = ADVANCED_FACE('',(#4392),#4411,.T.);
#4392 = FACE_BOUND('',#4393,.T.);
#4393 = EDGE_LOOP('',(#4394,#4395,#4403,#4410));
#4394 = ORIENTED_EDGE('',*,*,#4370,.T.);
#4395 = ORIENTED_EDGE('',*,*,#4396,.T.);
#4396 = EDGE_CURVE('',#4371,#4397,#4399,.T.);
#4397 = VERTEX_POINT('',#4398);
#4398 = CARTESIAN_POINT('',(176.94366939201,17.770471343122,
    27.298270075096));
#4399 = LINE('',#4400,#4401);
#4400 = CARTESIAN_POINT('',(176.30078935856,18.555808282866,
    27.389335702186));
#4401 = VECTOR('',#4402,1.);
#4402 = DIRECTION('',(0.630898899701,-0.7707008857,-8.936846836468E-02)
  );
#4403 = ORIENTED_EDGE('',*,*,#4404,.F.);
#4404 = EDGE_CURVE('',#4397,#4397,#4405,.T.);
#4405 = CIRCLE('',#4406,4.135396184467);
#4406 = AXIS2_PLACEMENT_3D('',#4407,#4408,#4409);
#4407 = CARTESIAN_POINT('',(176.70956884621,18.056446636583,
    23.179421125633));
#4408 = DIRECTION('',(0.630898899701,-0.7707008857,-8.936846836468E-02)
  );
#4409 = DIRECTION('',(5.660898167254E-02,-6.915306451523E-02,
    0.995998632962));
#4410 = ORIENTED_EDGE('',*,*,#4396,.F.);
#4411 = CYLINDRICAL_SURFACE('',#4412,4.135396184467);
#4412 = AXIS2_PLACEMENT_3D('',#4413,#4414,#4415);
#4413 = CARTESIAN_POINT('',(176.06668879174,18.841783602006,
    23.270486755701));
#4414 = DIRECTION('',(0.630898899701,-0.7707008857,-8.936846836468E-02)
  );
#4415 = DIRECTION('',(5.660898167254E-02,-6.915306451523E-02,
    0.995998632962));
#4416 = ADVANCED_FACE('',(#4417),#4436,.T.);
#4417 = FACE_BOUND('',#4418,.T.);
#4418 = EDGE_LOOP('',(#4419,#4420,#4428,#4435));
#4419 = ORIENTED_EDGE('',*,*,#4404,.T.);
#4420 = ORIENTED_EDGE('',*,*,#4421,.T.);
#4421 = EDGE_CURVE('',#4397,#4422,#4424,.T.);
#4422 = VERTEX_POINT('',#4423);
#4423 = CARTESIAN_POINT('',(177.00675928198,17.693401254552,
    27.28933322826));
#4424 = LINE('',#4425,#4426);
#4425 = CARTESIAN_POINT('',(176.30078935856,18.555808282866,
    27.389335702186));
#4426 = VECTOR('',#4427,1.);
#4427 = DIRECTION('',(0.630898899701,-0.7707008857,-8.936846836468E-02)
  );
#4428 = ORIENTED_EDGE('',*,*,#4429,.F.);
#4429 = EDGE_CURVE('',#4422,#4422,#4430,.T.);
#4430 = CIRCLE('',#4431,4.135396184467);
#4431 = AXIS2_PLACEMENT_3D('',#4432,#4433,#4434);
#4432 = CARTESIAN_POINT('',(176.77265871516,17.979376573693,
    23.170484281774));
#4433 = DIRECTION('',(0.630898899701,-0.7707008857,-8.936846836468E-02)
  );
#4434 = DIRECTION('',(5.660898167254E-02,-6.915306451523E-02,
    0.995998632962));
#4435 = ORIENTED_EDGE('',*,*,#4421,.F.);
#4436 = CYLINDRICAL_SURFACE('',#4437,4.135396184467);
#4437 = AXIS2_PLACEMENT_3D('',#4438,#4439,#4440);
#4438 = CARTESIAN_POINT('',(176.06668879174,18.841783602006,
    23.270486755701));
#4439 = DIRECTION('',(0.630898899701,-0.7707008857,-8.936846836468E-02)
  );
#4440 = DIRECTION('',(5.660898167254E-02,-6.915306451523E-02,
    0.995998632962));
#4441 = ADVANCED_FACE('',(#4442,#4453),#4456,.F.);
#4442 = FACE_BOUND('',#4443,.F.);
#4443 = EDGE_LOOP('',(#4444));
#4444 = ORIENTED_EDGE('',*,*,#4445,.T.);
#4445 = EDGE_CURVE('',#4446,#4446,#4448,.T.);
#4446 = VERTEX_POINT('',#4447);
#4447 = CARTESIAN_POINT('',(177.00700587502,17.69310001853,
    27.293671874261));
#4448 = CIRCLE('',#4449,4.139752260728);
#4449 = AXIS2_PLACEMENT_3D('',#4450,#4451,#4452);
#4450 = CARTESIAN_POINT('',(176.77265871516,17.979376573693,
    23.170484281774));
#4451 = DIRECTION('',(0.630898899701,-0.7707008857,-8.936846836468E-02)
  );
#4452 = DIRECTION('',(5.660898167254E-02,-6.915306451523E-02,
    0.995998632962));
#4453 = FACE_BOUND('',#4454,.F.);
#4454 = EDGE_LOOP('',(#4455));
#4455 = ORIENTED_EDGE('',*,*,#4429,.F.);
#4456 = PLANE('',#4457);
#4457 = AXIS2_PLACEMENT_3D('',#4458,#4459,#4460);
#4458 = CARTESIAN_POINT('',(176.77265871516,17.979376573693,
    23.170484281774));
#4459 = DIRECTION('',(0.630898899701,-0.7707008857,-8.936846836468E-02)
  );
#4460 = DIRECTION('',(5.660898167254E-02,-6.915306451523E-02,
    0.995998632962));
#4461 = ADVANCED_FACE('',(#4462),#4482,.F.);
#4462 = FACE_BOUND('',#4463,.F.);
#4463 = EDGE_LOOP('',(#4464,#4473,#4480,#4481));
#4464 = ORIENTED_EDGE('',*,*,#4465,.F.);
#4465 = EDGE_CURVE('',#4466,#4446,#4468,.T.);
#4466 = VERTEX_POINT('',#4467);
#4467 = CARTESIAN_POINT('',(177.73430345559,16.804639300375,
    28.340894764383));
#4468 = CIRCLE('',#4469,1.15);
#4469 = AXIS2_PLACEMENT_3D('',#4470,#4471,#4472);
#4470 = CARTESIAN_POINT('',(177.00876972093,17.69094531893,
    28.443668503002));
#4471 = DIRECTION('',(0.773797132038,0.633433499627,6.938893903907E-18)
  );
#4472 = DIRECTION('',(0.630898899701,-0.7707008857,-8.936846836468E-02)
  );
#4473 = ORIENTED_EDGE('',*,*,#4474,.T.);
#4474 = EDGE_CURVE('',#4466,#4466,#4475,.T.);
#4475 = CIRCLE('',#4476,5.285396184467);
#4476 = AXIS2_PLACEMENT_3D('',#4477,#4478,#4479);
#4477 = CARTESIAN_POINT('',(177.43510255985,17.170140643708,
    23.076647389991));
#4478 = DIRECTION('',(0.630898899701,-0.7707008857,-8.936846836468E-02)
  );
#4479 = DIRECTION('',(5.660898167254E-02,-6.915306451523E-02,
    0.995998632962));
#4480 = ORIENTED_EDGE('',*,*,#4465,.T.);
#4481 = ORIENTED_EDGE('',*,*,#4445,.F.);
#4482 = TOROIDAL_SURFACE('',#4483,5.285396184467,1.15);
#4483 = AXIS2_PLACEMENT_3D('',#4484,#4485,#4486);
#4484 = CARTESIAN_POINT('',(176.70956882519,18.056446662263,
    23.179421128611));
#4485 = DIRECTION('',(0.630898899701,-0.7707008857,-8.936846836468E-02)
  );
#4486 = DIRECTION('',(5.660898167254E-02,-6.915306451523E-02,
    0.995998632962));
#4487 = ADVANCED_FACE('',(#4488),#4508,.F.);
#4488 = FACE_BOUND('',#4489,.F.);
#4489 = EDGE_LOOP('',(#4490,#4499,#4506,#4507));
#4490 = ORIENTED_EDGE('',*,*,#4491,.T.);
#4491 = EDGE_CURVE('',#4492,#4492,#4494,.T.);
#4492 = VERTEX_POINT('',#4493);
#4493 = CARTESIAN_POINT('',(177.7019243991,16.844193288386,
    28.797289190898));
#4494 = CIRCLE('',#4495,5.735396184467);
#4495 = AXIS2_PLACEMENT_3D('',#4496,#4497,#4498);
#4496 = CARTESIAN_POINT('',(177.3772494616,17.240813510751,
    23.084842431673));
#4497 = DIRECTION('',(0.630898899701,-0.7707008857,-8.936846836468E-02)
  );
#4498 = DIRECTION('',(5.660898167254E-02,-6.915306451523E-02,
    0.995998632962));
#4499 = ORIENTED_EDGE('',*,*,#4500,.T.);
#4500 = EDGE_CURVE('',#4492,#4466,#4501,.T.);
#4501 = CIRCLE('',#4502,1.15);
#4502 = AXIS2_PLACEMENT_3D('',#4503,#4504,#4505);
#4503 = CARTESIAN_POINT('',(177.00876972093,17.69094531893,
    28.443668503002));
#4504 = DIRECTION('',(0.773797132038,0.633433499627,6.938893903907E-18)
  );
#4505 = DIRECTION('',(0.630898899701,-0.7707008857,-8.936846836468E-02)
  );
#4506 = ORIENTED_EDGE('',*,*,#4474,.F.);
#4507 = ORIENTED_EDGE('',*,*,#4500,.F.);
#4508 = TOROIDAL_SURFACE('',#4509,5.285396184467,1.15);
#4509 = AXIS2_PLACEMENT_3D('',#4510,#4511,#4512);
#4510 = CARTESIAN_POINT('',(176.70956882519,18.056446662263,
    23.179421128611));
#4511 = DIRECTION('',(0.630898899701,-0.7707008857,-8.936846836468E-02)
  );
#4512 = DIRECTION('',(5.660898167254E-02,-6.915306451523E-02,
    0.995998632962));
#4513 = ADVANCED_FACE('',(#4514),#4533,.T.);
#4514 = FACE_BOUND('',#4515,.T.);
#4515 = EDGE_LOOP('',(#4516,#4517,#4525,#4532));
#4516 = ORIENTED_EDGE('',*,*,#4491,.T.);
#4517 = ORIENTED_EDGE('',*,*,#4518,.T.);
#4518 = EDGE_CURVE('',#4492,#4519,#4521,.T.);
#4519 = VERTEX_POINT('',#4520);
#4520 = CARTESIAN_POINT('',(178.37837468501,16.017847205466,
    28.701468250323));
#4521 = LINE('',#4522,#4523);
#4522 = CARTESIAN_POINT('',(175.51914475265,19.510658878359,
    29.106485599186));
#4523 = VECTOR('',#4524,1.);
#4524 = DIRECTION('',(0.630898899701,-0.7707008857,-8.936846836468E-02)
  );
#4525 = ORIENTED_EDGE('',*,*,#4526,.F.);
#4526 = EDGE_CURVE('',#4519,#4519,#4527,.T.);
#4527 = CIRCLE('',#4528,5.735396184467);
#4528 = AXIS2_PLACEMENT_3D('',#4529,#4530,#4531);
#4529 = CARTESIAN_POINT('',(178.05369974752,16.414467427831,
    22.989021491098));
#4530 = DIRECTION('',(0.630898899701,-0.7707008857,-8.936846836468E-02)
  );
#4531 = DIRECTION('',(5.660898167254E-02,-6.915306451523E-02,
    0.995998632962));
#4532 = ORIENTED_EDGE('',*,*,#4518,.F.);
#4533 = CYLINDRICAL_SURFACE('',#4534,5.735396184467);
#4534 = AXIS2_PLACEMENT_3D('',#4535,#4536,#4537);
#4535 = CARTESIAN_POINT('',(175.19446981516,19.907279100724,
    23.394038839961));
#4536 = DIRECTION('',(0.630898899701,-0.7707008857,-8.936846836468E-02)
  );
#4537 = DIRECTION('',(5.660898167254E-02,-6.915306451523E-02,
    0.995998632962));
#4538 = ADVANCED_FACE('',(#4539,#4542),#4553,.T.);
#4539 = FACE_BOUND('',#4540,.T.);
#4540 = EDGE_LOOP('',(#4541));
#4541 = ORIENTED_EDGE('',*,*,#4526,.T.);
#4542 = FACE_BOUND('',#4543,.T.);
#4543 = EDGE_LOOP('',(#4544));
#4544 = ORIENTED_EDGE('',*,*,#4545,.F.);
#4545 = EDGE_CURVE('',#4546,#4546,#4548,.T.);
#4546 = VERTEX_POINT('',#4547);
#4547 = CARTESIAN_POINT('',(178.25183118337,16.172431702027,
    26.475016706465));
#4548 = CIRCLE('',#4549,3.5);
#4549 = AXIS2_PLACEMENT_3D('',#4550,#4551,#4552);
#4550 = CARTESIAN_POINT('',(178.05369974752,16.414467427831,
    22.989021491098));
#4551 = DIRECTION('',(0.630898899701,-0.7707008857,-8.936846836468E-02)
  );
#4552 = DIRECTION('',(5.660898167254E-02,-6.915306451523E-02,
    0.995998632962));
#4553 = PLANE('',#4554);
#4554 = AXIS2_PLACEMENT_3D('',#4555,#4556,#4557);
#4555 = CARTESIAN_POINT('',(178.05369974752,16.414467427831,
    22.989021491098));
#4556 = DIRECTION('',(0.630898899701,-0.7707008857,-8.936846836468E-02)
  );
#4557 = DIRECTION('',(5.660898167254E-02,-6.915306451523E-02,
    0.995998632962));
#4558 = ADVANCED_FACE('',(#4559),#4578,.T.);
#4559 = FACE_BOUND('',#4560,.T.);
#4560 = EDGE_LOOP('',(#4561,#4569,#4576,#4577));
#4561 = ORIENTED_EDGE('',*,*,#4562,.T.);
#4562 = EDGE_CURVE('',#4546,#4563,#4565,.T.);
#4563 = VERTEX_POINT('',#4564);
#4564 = CARTESIAN_POINT('',(185.41114963862,7.426667401149,
    25.460880645705));
#4565 = LINE('',#4566,#4567);
#4566 = CARTESIAN_POINT('',(178.15719634842,16.288036834882,
    26.48842197672));
#4567 = VECTOR('',#4568,1.);
#4568 = DIRECTION('',(0.630898899701,-0.7707008857,-8.936846836468E-02)
  );
#4569 = ORIENTED_EDGE('',*,*,#4570,.F.);
#4570 = EDGE_CURVE('',#4563,#4563,#4571,.T.);
#4571 = CIRCLE('',#4572,3.5);
#4572 = AXIS2_PLACEMENT_3D('',#4573,#4574,#4575);
#4573 = CARTESIAN_POINT('',(185.21301820277,7.668703126953,
    21.974885430338));
#4574 = DIRECTION('',(0.630898899701,-0.7707008857,-8.936846836468E-02)
  );
#4575 = DIRECTION('',(5.660898167254E-02,-6.915306451523E-02,
    0.995998632962));
#4576 = ORIENTED_EDGE('',*,*,#4562,.F.);
#4577 = ORIENTED_EDGE('',*,*,#4545,.T.);
#4578 = CYLINDRICAL_SURFACE('',#4579,3.5);
#4579 = AXIS2_PLACEMENT_3D('',#4580,#4581,#4582);
#4580 = CARTESIAN_POINT('',(177.95906491256,16.530072560685,
    23.002426761353));
#4581 = DIRECTION('',(0.630898899701,-0.7707008857,-8.936846836468E-02)
  );
#4582 = DIRECTION('',(5.660898167254E-02,-6.915306451523E-02,
    0.995998632962));
#4583 = ADVANCED_FACE('',(#4584,#4587),#4606,.T.);
#4584 = FACE_BOUND('',#4585,.T.);
#4585 = EDGE_LOOP('',(#4586));
#4586 = ORIENTED_EDGE('',*,*,#4570,.T.);
#4587 = FACE_BOUND('',#4588,.T.);
#4588 = EDGE_LOOP('',(#4589,#4600));
#4589 = ORIENTED_EDGE('',*,*,#4590,.F.);
#4590 = EDGE_CURVE('',#4591,#4593,#4595,.T.);
#4591 = VERTEX_POINT('',#4592);
#4592 = CARTESIAN_POINT('',(184.25406450904,6.768206299407,22.9708840633
    ));
#4593 = VERTEX_POINT('',#4594);
#4594 = CARTESIAN_POINT('',(186.28518985984,8.430893825468,22.9708840633
    ));
#4595 = CIRCLE('',#4596,1.65);
#4596 = AXIS2_PLACEMENT_3D('',#4597,#4598,#4599);
#4597 = CARTESIAN_POINT('',(185.21301820277,7.668703126953,
    21.974885430338));
#4598 = DIRECTION('',(0.630898899701,-0.7707008857,-8.936846836468E-02)
  );
#4599 = DIRECTION('',(5.660898167254E-02,-6.915306451523E-02,
    0.995998632962));
#4600 = ORIENTED_EDGE('',*,*,#4601,.F.);
#4601 = EDGE_CURVE('',#4593,#4591,#4602,.T.);
#4602 = LINE('',#4603,#4604);
#4603 = CARTESIAN_POINT('',(184.30238076939,6.807758187904,22.9708840633
    ));
#4604 = VECTOR('',#4605,1.);
#4605 = DIRECTION('',(-0.773797132038,-0.633433499627,0.));
#4606 = PLANE('',#4607);
#4607 = AXIS2_PLACEMENT_3D('',#4608,#4609,#4610);
#4608 = CARTESIAN_POINT('',(185.21301820277,7.668703126953,
    21.974885430338));
#4609 = DIRECTION('',(0.630898899701,-0.7707008857,-8.936846836468E-02)
  );
#4610 = DIRECTION('',(5.660898167254E-02,-6.915306451523E-02,
    0.995998632962));
#4611 = ADVANCED_FACE('',(#4612),#4638,.F.);
#4612 = FACE_BOUND('',#4613,.F.);
#4613 = EDGE_LOOP('',(#4614,#4615,#4623,#4632));
#4614 = ORIENTED_EDGE('',*,*,#4590,.F.);
#4615 = ORIENTED_EDGE('',*,*,#4616,.F.);
#4616 = EDGE_CURVE('',#4617,#4591,#4619,.T.);
#4617 = VERTEX_POINT('',#4618);
#4618 = CARTESIAN_POINT('',(177.94507551203,14.475215156406,
    23.864568746947));
#4619 = LINE('',#4620,#4621);
#4620 = CARTESIAN_POINT('',(177.94507551203,14.475215156406,
    23.864568746947));
#4621 = VECTOR('',#4622,1.);
#4622 = DIRECTION('',(0.630898899701,-0.7707008857,-8.936846836468E-02)
  );
#4623 = ORIENTED_EDGE('',*,*,#4624,.T.);
#4624 = EDGE_CURVE('',#4617,#4625,#4627,.T.);
#4625 = VERTEX_POINT('',#4626);
#4626 = CARTESIAN_POINT('',(179.97620086283,16.137902682467,
    23.864568746947));
#4627 = CIRCLE('',#4628,1.65);
#4628 = AXIS2_PLACEMENT_3D('',#4629,#4630,#4631);
#4629 = CARTESIAN_POINT('',(178.90402920576,15.375711983951,
    22.868570113985));
#4630 = DIRECTION('',(0.630898899701,-0.7707008857,-8.936846836468E-02)
  );
#4631 = DIRECTION('',(5.660898167254E-02,-6.915306451523E-02,
    0.995998632962));
#4632 = ORIENTED_EDGE('',*,*,#4633,.T.);
#4633 = EDGE_CURVE('',#4625,#4593,#4634,.T.);
#4634 = LINE('',#4635,#4636);
#4635 = CARTESIAN_POINT('',(179.97620086283,16.137902682467,
    23.864568746947));
#4636 = VECTOR('',#4637,1.);
#4637 = DIRECTION('',(0.630898899701,-0.7707008857,-8.936846836468E-02)
  );
#4638 = CYLINDRICAL_SURFACE('',#4639,1.65);
#4639 = AXIS2_PLACEMENT_3D('',#4640,#4641,#4642);
#4640 = CARTESIAN_POINT('',(178.90402920576,15.375711983951,
    22.868570113985));
#4641 = DIRECTION('',(0.630898899701,-0.7707008857,-8.936846836468E-02)
  );
#4642 = DIRECTION('',(5.660898167254E-02,-6.915306451523E-02,
    0.995998632962));
#4643 = ADVANCED_FACE('',(#4644),#4655,.F.);
#4644 = FACE_BOUND('',#4645,.F.);
#4645 = EDGE_LOOP('',(#4646,#4647,#4653,#4654));
#4646 = ORIENTED_EDGE('',*,*,#4633,.F.);
#4647 = ORIENTED_EDGE('',*,*,#4648,.T.);
#4648 = EDGE_CURVE('',#4625,#4617,#4649,.T.);
#4649 = LINE('',#4650,#4651);
#4650 = CARTESIAN_POINT('',(177.99339177238,14.514767044903,
    23.864568746947));
#4651 = VECTOR('',#4652,1.);
#4652 = DIRECTION('',(-0.773797132038,-0.633433499627,0.));
#4653 = ORIENTED_EDGE('',*,*,#4616,.T.);
#4654 = ORIENTED_EDGE('',*,*,#4601,.F.);
#4655 = PLANE('',#4656);
#4656 = AXIS2_PLACEMENT_3D('',#4657,#4658,#4659);
#4657 = CARTESIAN_POINT('',(176.71069590748,14.108325613219,
    23.909252981129));
#4658 = DIRECTION('',(5.660898167254E-02,-6.915306451523E-02,
    0.995998632962));
#4659 = DIRECTION('',(0.630898899701,-0.7707008857,-8.936846836468E-02)
  );
#4660 = ADVANCED_FACE('',(#4661),#4665,.T.);
#4661 = FACE_BOUND('',#4662,.T.);
#4662 = EDGE_LOOP('',(#4663,#4664));
#4663 = ORIENTED_EDGE('',*,*,#4648,.T.);
#4664 = ORIENTED_EDGE('',*,*,#4624,.T.);
#4665 = PLANE('',#4666);
#4666 = AXIS2_PLACEMENT_3D('',#4667,#4668,#4669);
#4667 = CARTESIAN_POINT('',(178.90402920576,15.375711983951,
    22.868570113985));
#4668 = DIRECTION('',(0.630898899701,-0.7707008857,-8.936846836468E-02)
  );
#4669 = DIRECTION('',(5.660898167254E-02,-6.915306451523E-02,
    0.995998632962));
#4670 = MANIFOLD_SOLID_BREP('',#4671);
#4671 = CLOSED_SHELL('',(#4672,#4705,#4725,#4745,#4770,#4795,#4821,#4841
    ,#4861,#4886,#4911,#4937,#4962,#4988,#5013,#5033,#5053,#5078,#5104,
    #5129,#5155,#5180,#5205,#5225,#5245,#5271));
#4672 = ADVANCED_FACE('',(#4673),#4700,.T.);
#4673 = FACE_BOUND('',#4674,.T.);
#4674 = EDGE_LOOP('',(#4675,#4684,#4692,#4699));
#4675 = ORIENTED_EDGE('',*,*,#4676,.F.);
#4676 = EDGE_CURVE('',#4677,#4677,#4679,.T.);
#4677 = VERTEX_POINT('',#4678);
#4678 = CARTESIAN_POINT('',(184.17756769508,34.19188653022,31.));
#4679 = CIRCLE('',#4680,7.238845937539);
#4680 = AXIS2_PLACEMENT_3D('',#4681,#4682,#4683);
#4681 = CARTESIAN_POINT('',(183.67697931495,34.601670227229,
    23.790119341988));
#4682 = DIRECTION('',(0.7707008857,-0.630898899701,-8.936846836468E-02)
  );
#4683 = DIRECTION('',(6.915306451523E-02,-5.660898167254E-02,
    0.995998632962));
#4684 = ORIENTED_EDGE('',*,*,#4685,.F.);
#4685 = EDGE_CURVE('',#4686,#4677,#4688,.T.);
#4686 = VERTEX_POINT('',#4687);
#4687 = CARTESIAN_POINT('',(143.9401168291,67.13042851082,31.));
#4688 = LINE('',#4689,#4690);
#4689 = CARTESIAN_POINT('',(143.9401168291,67.13042851082,31.));
#4690 = VECTOR('',#4691,1.);
#4691 = DIRECTION('',(0.773797132038,-0.633433499627,-1.387778780781E-17
    ));
#4692 = ORIENTED_EDGE('',*,*,#4693,.T.);
#4693 = EDGE_CURVE('',#4686,#4686,#4694,.T.);
#4694 = CIRCLE('',#4695,2.591685582576);
#4695 = AXIS2_PLACEMENT_3D('',#4696,#4697,#4698);
#4696 = CARTESIAN_POINT('',(143.76089382881,67.277141192465,
    28.418684702687));
#4697 = DIRECTION('',(0.7707008857,-0.630898899701,-8.936846836468E-02)
  );
#4698 = DIRECTION('',(6.915306451523E-02,-5.660898167254E-02,
    0.995998632962));
#4699 = ORIENTED_EDGE('',*,*,#4685,.T.);
#4700 = CONICAL_SURFACE('',#4701,2.591685582576,8.948785815669E-02);
#4701 = AXIS2_PLACEMENT_3D('',#4702,#4703,#4704);
#4702 = CARTESIAN_POINT('',(143.76089382881,67.277141192465,
    28.418684702687));
#4703 = DIRECTION('',(0.7707008857,-0.630898899701,-8.936846836468E-02)
  );
#4704 = DIRECTION('',(6.915306451523E-02,-5.660898167254E-02,
    0.995998632962));
#4705 = ADVANCED_FACE('',(#4706,#4709),#4720,.T.);
#4706 = FACE_BOUND('',#4707,.T.);
#4707 = EDGE_LOOP('',(#4708));
#4708 = ORIENTED_EDGE('',*,*,#4676,.T.);
#4709 = FACE_BOUND('',#4710,.T.);
#4710 = EDGE_LOOP('',(#4711));
#4711 = ORIENTED_EDGE('',*,*,#4712,.F.);
#4712 = EDGE_CURVE('',#4713,#4713,#4715,.T.);
#4713 = VERTEX_POINT('',#4714);
#4714 = CARTESIAN_POINT('',(184.09093792184,34.262802017195,
    29.752287605332));
#4715 = CIRCLE('',#4716,5.98612093032);
#4716 = AXIS2_PLACEMENT_3D('',#4717,#4718,#4719);
#4717 = CARTESIAN_POINT('',(183.67697931495,34.601670227229,
    23.790119341988));
#4718 = DIRECTION('',(0.7707008857,-0.630898899701,-8.936846836468E-02)
  );
#4719 = DIRECTION('',(6.915306451523E-02,-5.660898167254E-02,
    0.995998632962));
#4720 = PLANE('',#4721);
#4721 = AXIS2_PLACEMENT_3D('',#4722,#4723,#4724);
#4722 = CARTESIAN_POINT('',(183.67697931495,34.601670227229,
    23.790119341988));
#4723 = DIRECTION('',(0.7707008857,-0.630898899701,-8.936846836468E-02)
  );
#4724 = DIRECTION('',(6.915306451523E-02,-5.660898167254E-02,
    0.995998632962));
#4725 = ADVANCED_FACE('',(#4726,#4729),#4740,.F.);
#4726 = FACE_BOUND('',#4727,.F.);
#4727 = EDGE_LOOP('',(#4728));
#4728 = ORIENTED_EDGE('',*,*,#4693,.T.);
#4729 = FACE_BOUND('',#4730,.F.);
#4730 = EDGE_LOOP('',(#4731));
#4731 = ORIENTED_EDGE('',*,*,#4732,.F.);
#4732 = EDGE_CURVE('',#4733,#4733,#4735,.T.);
#4733 = VERTEX_POINT('',#4734);
#4734 = CARTESIAN_POINT('',(143.88882699816,67.17241457637,
    30.261282173667));
#4735 = CIRCLE('',#4736,1.85);
#4736 = AXIS2_PLACEMENT_3D('',#4737,#4738,#4739);
#4737 = CARTESIAN_POINT('',(143.76089382881,67.277141192465,
    28.418684702687));
#4738 = DIRECTION('',(0.7707008857,-0.630898899701,-8.936846836468E-02)
  );
#4739 = DIRECTION('',(6.915306451523E-02,-5.660898167254E-02,
    0.995998632962));
#4740 = PLANE('',#4741);
#4741 = AXIS2_PLACEMENT_3D('',#4742,#4743,#4744);
#4742 = CARTESIAN_POINT('',(143.76089382881,67.277141192465,
    28.418684702687));
#4743 = DIRECTION('',(0.7707008857,-0.630898899701,-8.936846836468E-02)
  );
#4744 = DIRECTION('',(6.915306451523E-02,-5.660898167254E-02,
    0.995998632962));
#4745 = ADVANCED_FACE('',(#4746),#4765,.T.);
#4746 = FACE_BOUND('',#4747,.T.);
#4747 = EDGE_LOOP('',(#4748,#4749,#4757,#4764));
#4748 = ORIENTED_EDGE('',*,*,#4712,.T.);
#4749 = ORIENTED_EDGE('',*,*,#4750,.T.);
#4750 = EDGE_CURVE('',#4713,#4751,#4753,.T.);
#4751 = VERTEX_POINT('',#4752);
#4752 = CARTESIAN_POINT('',(184.91728400476,33.58635173128,
    29.656466664757));
#4753 = LINE('',#4754,#4755);
#4754 = CARTESIAN_POINT('',(183.97533278898,34.35743685215,
    29.765692875587));
#4755 = VECTOR('',#4756,1.);
#4756 = DIRECTION('',(0.7707008857,-0.630898899701,-8.936846836468E-02)
  );
#4757 = ORIENTED_EDGE('',*,*,#4758,.F.);
#4758 = EDGE_CURVE('',#4751,#4751,#4759,.T.);
#4759 = CIRCLE('',#4760,5.98612093032);
#4760 = AXIS2_PLACEMENT_3D('',#4761,#4762,#4763);
#4761 = CARTESIAN_POINT('',(184.50332539787,33.925219941314,
    23.694298401413));
#4762 = DIRECTION('',(0.7707008857,-0.630898899701,-8.936846836468E-02)
  );
#4763 = DIRECTION('',(6.915306451523E-02,-5.660898167254E-02,
    0.995998632962));
#4764 = ORIENTED_EDGE('',*,*,#4750,.F.);
#4765 = CYLINDRICAL_SURFACE('',#4766,5.98612093032);
#4766 = AXIS2_PLACEMENT_3D('',#4767,#4768,#4769);
#4767 = CARTESIAN_POINT('',(183.56137418209,34.696305062184,
    23.803524612243));
#4768 = DIRECTION('',(0.7707008857,-0.630898899701,-8.936846836468E-02)
  );
#4769 = DIRECTION('',(6.915306451523E-02,-5.660898167254E-02,
    0.995998632962));
#4770 = ADVANCED_FACE('',(#4771),#4790,.F.);
#4771 = FACE_BOUND('',#4772,.F.);
#4772 = EDGE_LOOP('',(#4773,#4782,#4788,#4789));
#4773 = ORIENTED_EDGE('',*,*,#4774,.F.);
#4774 = EDGE_CURVE('',#4775,#4775,#4777,.T.);
#4775 = VERTEX_POINT('',#4776);
#4776 = CARTESIAN_POINT('',(190.71346574152,28.841573636382,
    24.831618962078));
#4777 = CIRCLE('',#4778,1.85);
#4778 = AXIS2_PLACEMENT_3D('',#4779,#4780,#4781);
#4779 = CARTESIAN_POINT('',(190.58553257216,28.946300252477,
    22.989021491098));
#4780 = DIRECTION('',(0.7707008857,-0.630898899701,-8.936846836468E-02)
  );
#4781 = DIRECTION('',(6.915306451523E-02,-5.660898167254E-02,
    0.995998632962));
#4782 = ORIENTED_EDGE('',*,*,#4783,.F.);
#4783 = EDGE_CURVE('',#4733,#4775,#4784,.T.);
#4784 = LINE('',#4785,#4786);
#4785 = CARTESIAN_POINT('',(143.11812611246,67.803313476071,
    30.350650642032));
#4786 = VECTOR('',#4787,1.);
#4787 = DIRECTION('',(0.7707008857,-0.630898899701,-8.936846836468E-02)
  );
#4788 = ORIENTED_EDGE('',*,*,#4732,.T.);
#4789 = ORIENTED_EDGE('',*,*,#4783,.T.);
#4790 = CYLINDRICAL_SURFACE('',#4791,1.85);
#4791 = AXIS2_PLACEMENT_3D('',#4792,#4793,#4794);
#4792 = CARTESIAN_POINT('',(142.99019294311,67.908040092165,
    28.508053171052));
#4793 = DIRECTION('',(0.7707008857,-0.630898899701,-8.936846836468E-02)
  );
#4794 = DIRECTION('',(6.915306451523E-02,-5.660898167254E-02,
    0.995998632962));
#4795 = ADVANCED_FACE('',(#4796),#4816,.F.);
#4796 = FACE_BOUND('',#4797,.F.);
#4797 = EDGE_LOOP('',(#4798,#4807,#4814,#4815));
#4798 = ORIENTED_EDGE('',*,*,#4799,.F.);
#4799 = EDGE_CURVE('',#4800,#4751,#4802,.T.);
#4800 = VERTEX_POINT('',#4801);
#4801 = CARTESIAN_POINT('',(185.5455034005,33.072088762472,
    27.981565647918));
#4802 = CIRCLE('',#4803,1.15);
#4803 = AXIS2_PLACEMENT_3D('',#4804,#4805,#4806);
#4804 = CARTESIAN_POINT('',(185.70179827724,32.944145136619,
    29.113688582987));
#4805 = DIRECTION('',(0.633433499627,0.773797132038,0.));
#4806 = DIRECTION('',(0.7707008857,-0.630898899701,-8.936846836468E-02)
  );
#4807 = ORIENTED_EDGE('',*,*,#4808,.T.);
#4808 = EDGE_CURVE('',#4800,#4800,#4809,.T.);
#4809 = CIRCLE('',#4810,4.390477006581);
#4810 = AXIS2_PLACEMENT_3D('',#4811,#4812,#4813);
#4811 = CARTESIAN_POINT('',(185.24188846081,33.320629194871,
    23.608656551312));
#4812 = DIRECTION('',(0.7707008857,-0.630898899701,-8.936846836468E-02)
  );
#4813 = DIRECTION('',(6.915306451523E-02,-5.660898167254E-02,
    0.995998632962));
#4814 = ORIENTED_EDGE('',*,*,#4799,.T.);
#4815 = ORIENTED_EDGE('',*,*,#4758,.F.);
#4816 = TOROIDAL_SURFACE('',#4817,5.53612093032,1.15);
#4817 = AXIS2_PLACEMENT_3D('',#4818,#4819,#4820);
#4818 = CARTESIAN_POINT('',(185.31895854938,33.257539304901,
    23.599719704476));
#4819 = DIRECTION('',(0.7707008857,-0.630898899701,-8.936846836468E-02)
  );
#4820 = DIRECTION('',(6.915306451523E-02,-5.660898167254E-02,
    0.995998632962));
#4821 = ADVANCED_FACE('',(#4822,#4833),#4836,.T.);
#4822 = FACE_BOUND('',#4823,.T.);
#4823 = EDGE_LOOP('',(#4824));
#4824 = ORIENTED_EDGE('',*,*,#4825,.T.);
#4825 = EDGE_CURVE('',#4826,#4826,#4828,.T.);
#4826 = VERTEX_POINT('',#4827);
#4827 = CARTESIAN_POINT('',(190.98215279453,28.621625314985,
    28.701468250323));
#4828 = CIRCLE('',#4829,5.735396184467);
#4829 = AXIS2_PLACEMENT_3D('',#4830,#4831,#4832);
#4830 = CARTESIAN_POINT('',(190.58553257216,28.946300252477,
    22.989021491098));
#4831 = DIRECTION('',(0.7707008857,-0.630898899701,-8.936846836468E-02)
  );
#4832 = DIRECTION('',(6.915306451523E-02,-5.660898167254E-02,
    0.995998632962));
#4833 = FACE_BOUND('',#4834,.T.);
#4834 = EDGE_LOOP('',(#4835));
#4835 = ORIENTED_EDGE('',*,*,#4774,.F.);
#4836 = PLANE('',#4837);
#4837 = AXIS2_PLACEMENT_3D('',#4838,#4839,#4840);
#4838 = CARTESIAN_POINT('',(190.58553257216,28.946300252477,
    22.989021491098));
#4839 = DIRECTION('',(0.7707008857,-0.630898899701,-8.936846836468E-02)
  );
#4840 = DIRECTION('',(6.915306451523E-02,-5.660898167254E-02,
    0.995998632962));
#4841 = ADVANCED_FACE('',(#4842,#4845),#4856,.T.);
#4842 = FACE_BOUND('',#4843,.T.);
#4843 = EDGE_LOOP('',(#4844));
#4844 = ORIENTED_EDGE('',*,*,#4808,.T.);
#4845 = FACE_BOUND('',#4846,.T.);
#4846 = EDGE_LOOP('',(#4847));
#4847 = ORIENTED_EDGE('',*,*,#4848,.F.);
#4848 = EDGE_CURVE('',#4849,#4849,#4851,.T.);
#4849 = VERTEX_POINT('',#4850);
#4850 = CARTESIAN_POINT('',(185.54520216448,33.072335355513,
    27.977227001917));
#4851 = CIRCLE('',#4852,4.38612093032);
#4852 = AXIS2_PLACEMENT_3D('',#4853,#4854,#4855);
#4853 = CARTESIAN_POINT('',(185.24188846081,33.320629194871,
    23.608656551312));
#4854 = DIRECTION('',(0.7707008857,-0.630898899701,-8.936846836468E-02)
  );
#4855 = DIRECTION('',(6.915306451523E-02,-5.660898167254E-02,
    0.995998632962));
#4856 = PLANE('',#4857);
#4857 = AXIS2_PLACEMENT_3D('',#4858,#4859,#4860);
#4858 = CARTESIAN_POINT('',(185.24188846081,33.320629194871,
    23.608656551312));
#4859 = DIRECTION('',(0.7707008857,-0.630898899701,-8.936846836468E-02)
  );
#4860 = DIRECTION('',(6.915306451523E-02,-5.660898167254E-02,
    0.995998632962));
#4861 = ADVANCED_FACE('',(#4862),#4881,.T.);
#4862 = FACE_BOUND('',#4863,.T.);
#4863 = EDGE_LOOP('',(#4864,#4873,#4879,#4880));
#4864 = ORIENTED_EDGE('',*,*,#4865,.T.);
#4865 = EDGE_CURVE('',#4866,#4866,#4868,.T.);
#4866 = VERTEX_POINT('',#4867);
#4867 = CARTESIAN_POINT('',(190.15580671161,29.2980756009,
    28.797289190898));
#4868 = CIRCLE('',#4869,5.735396184467);
#4869 = AXIS2_PLACEMENT_3D('',#4870,#4871,#4872);
#4870 = CARTESIAN_POINT('',(189.75918648924,29.622750538392,
    23.084842431673));
#4871 = DIRECTION('',(0.7707008857,-0.630898899701,-8.936846836468E-02)
  );
#4872 = DIRECTION('',(6.915306451523E-02,-5.660898167254E-02,
    0.995998632962));
#4873 = ORIENTED_EDGE('',*,*,#4874,.T.);
#4874 = EDGE_CURVE('',#4866,#4826,#4875,.T.);
#4875 = LINE('',#4876,#4877);
#4876 = CARTESIAN_POINT('',(187.48934112164,31.480855247346,
    29.106485599186));
#4877 = VECTOR('',#4878,1.);
#4878 = DIRECTION('',(0.7707008857,-0.630898899701,-8.936846836468E-02)
  );
#4879 = ORIENTED_EDGE('',*,*,#4825,.F.);
#4880 = ORIENTED_EDGE('',*,*,#4874,.F.);
#4881 = CYLINDRICAL_SURFACE('',#4882,5.735396184467);
#4882 = AXIS2_PLACEMENT_3D('',#4883,#4884,#4885);
#4883 = CARTESIAN_POINT('',(187.09272089927,31.805530184838,
    23.394038839961));
#4884 = DIRECTION('',(0.7707008857,-0.630898899701,-8.936846836468E-02)
  );
#4885 = DIRECTION('',(6.915306451523E-02,-5.660898167254E-02,
    0.995998632962));
#4886 = ADVANCED_FACE('',(#4887),#4906,.T.);
#4887 = FACE_BOUND('',#4888,.T.);
#4888 = EDGE_LOOP('',(#4889,#4898,#4904,#4905));
#4889 = ORIENTED_EDGE('',*,*,#4890,.F.);
#4890 = EDGE_CURVE('',#4891,#4891,#4893,.T.);
#4891 = VERTEX_POINT('',#4892);
#4892 = CARTESIAN_POINT('',(185.62227225305,33.009245465543,
    27.96829015508));
#4893 = CIRCLE('',#4894,4.38612093032);
#4894 = AXIS2_PLACEMENT_3D('',#4895,#4896,#4897);
#4895 = CARTESIAN_POINT('',(185.31895857506,33.257539283879,
    23.599719701498));
#4896 = DIRECTION('',(0.7707008857,-0.630898899701,-8.936846836468E-02)
  );
#4897 = DIRECTION('',(6.915306451523E-02,-5.660898167254E-02,
    0.995998632962));
#4898 = ORIENTED_EDGE('',*,*,#4899,.F.);
#4899 = EDGE_CURVE('',#4849,#4891,#4900,.T.);
#4900 = LINE('',#4901,#4902);
#4901 = CARTESIAN_POINT('',(185.39106198734,33.198515135453,
    27.99510069559));
#4902 = VECTOR('',#4903,1.);
#4903 = DIRECTION('',(0.7707008857,-0.630898899701,-8.936846836468E-02)
  );
#4904 = ORIENTED_EDGE('',*,*,#4848,.T.);
#4905 = ORIENTED_EDGE('',*,*,#4899,.T.);
#4906 = CYLINDRICAL_SURFACE('',#4907,4.38612093032);
#4907 = AXIS2_PLACEMENT_3D('',#4908,#4909,#4910);
#4908 = CARTESIAN_POINT('',(185.08774828367,33.446808974811,
    23.626530244985));
#4909 = DIRECTION('',(0.7707008857,-0.630898899701,-8.936846836468E-02)
  );
#4910 = DIRECTION('',(6.915306451523E-02,-5.660898167254E-02,
    0.995998632962));
#4911 = ADVANCED_FACE('',(#4912),#4932,.F.);
#4912 = FACE_BOUND('',#4913,.F.);
#4913 = EDGE_LOOP('',(#4914,#4915,#4924,#4931));
#4914 = ORIENTED_EDGE('',*,*,#4865,.T.);
#4915 = ORIENTED_EDGE('',*,*,#4916,.T.);
#4916 = EDGE_CURVE('',#4866,#4917,#4919,.T.);
#4917 = VERTEX_POINT('',#4918);
#4918 = CARTESIAN_POINT('',(190.19536069962,29.26569654441,
    28.340894764383));
#4919 = CIRCLE('',#4920,1.15);
#4920 = AXIS2_PLACEMENT_3D('',#4921,#4922,#4923);
#4921 = CARTESIAN_POINT('',(189.30905468107,29.991230279066,
    28.443668503002));
#4922 = DIRECTION('',(0.633433499627,0.773797132038,0.));
#4923 = DIRECTION('',(0.7707008857,-0.630898899701,-8.936846836468E-02)
  );
#4924 = ORIENTED_EDGE('',*,*,#4925,.F.);
#4925 = EDGE_CURVE('',#4917,#4917,#4926,.T.);
#4926 = CIRCLE('',#4927,5.285396184467);
#4927 = AXIS2_PLACEMENT_3D('',#4928,#4929,#4930);
#4928 = CARTESIAN_POINT('',(189.82985935629,29.564897440149,
    23.076647389991));
#4929 = DIRECTION('',(0.7707008857,-0.630898899701,-8.936846836468E-02)
  );
#4930 = DIRECTION('',(6.915306451523E-02,-5.660898167254E-02,
    0.995998632962));
#4931 = ORIENTED_EDGE('',*,*,#4916,.F.);
#4932 = TOROIDAL_SURFACE('',#4933,5.285396184467,1.15);
#4933 = AXIS2_PLACEMENT_3D('',#4934,#4935,#4936);
#4934 = CARTESIAN_POINT('',(188.94355333773,30.290431174805,
    23.179421128611));
#4935 = DIRECTION('',(0.7707008857,-0.630898899701,-8.936846836468E-02)
  );
#4936 = DIRECTION('',(6.915306451523E-02,-5.660898167254E-02,
    0.995998632962));
#4937 = ADVANCED_FACE('',(#4938),#4957,.T.);
#4938 = FACE_BOUND('',#4939,.T.);
#4939 = EDGE_LOOP('',(#4940,#4941,#4949,#4956));
#4940 = ORIENTED_EDGE('',*,*,#4890,.T.);
#4941 = ORIENTED_EDGE('',*,*,#4942,.T.);
#4942 = EDGE_CURVE('',#4891,#4943,#4945,.T.);
#4943 = VERTEX_POINT('',#4944);
#4944 = CARTESIAN_POINT('',(186.17639892708,32.555635102003,
    27.9040350685));
#4945 = LINE('',#4946,#4947);
#4946 = CARTESIAN_POINT('',(185.39106198734,33.198515135453,
    27.99510069559));
#4947 = VECTOR('',#4948,1.);
#4948 = DIRECTION('',(0.7707008857,-0.630898899701,-8.936846836468E-02)
  );
#4949 = ORIENTED_EDGE('',*,*,#4950,.F.);
#4950 = EDGE_CURVE('',#4943,#4943,#4951,.T.);
#4951 = CIRCLE('',#4952,4.38612093032);
#4952 = AXIS2_PLACEMENT_3D('',#4953,#4954,#4955);
#4953 = CARTESIAN_POINT('',(185.87308524909,32.80392892034,
    23.535464614917));
#4954 = DIRECTION('',(0.7707008857,-0.630898899701,-8.936846836468E-02)
  );
#4955 = DIRECTION('',(6.915306451523E-02,-5.660898167254E-02,
    0.995998632962));
#4956 = ORIENTED_EDGE('',*,*,#4942,.F.);
#4957 = CYLINDRICAL_SURFACE('',#4958,4.38612093032);
#4958 = AXIS2_PLACEMENT_3D('',#4959,#4960,#4961);
#4959 = CARTESIAN_POINT('',(185.08774828367,33.446808974811,
    23.626530244985));
#4960 = DIRECTION('',(0.7707008857,-0.630898899701,-8.936846836468E-02)
  );
#4961 = DIRECTION('',(6.915306451523E-02,-5.660898167254E-02,
    0.995998632962));
#4962 = ADVANCED_FACE('',(#4963),#4983,.F.);
#4963 = FACE_BOUND('',#4964,.F.);
#4964 = EDGE_LOOP('',(#4965,#4974,#4975,#4976));
#4965 = ORIENTED_EDGE('',*,*,#4966,.F.);
#4966 = EDGE_CURVE('',#4917,#4967,#4969,.T.);
#4967 = VERTEX_POINT('',#4968);
#4968 = CARTESIAN_POINT('',(189.30689998147,29.992994124978,
    27.293671874261));
#4969 = CIRCLE('',#4970,1.15);
#4970 = AXIS2_PLACEMENT_3D('',#4971,#4972,#4973);
#4971 = CARTESIAN_POINT('',(189.30905468107,29.991230279066,
    28.443668503002));
#4972 = DIRECTION('',(0.633433499627,0.773797132038,0.));
#4973 = DIRECTION('',(0.7707008857,-0.630898899701,-8.936846836468E-02)
  );
#4974 = ORIENTED_EDGE('',*,*,#4925,.T.);
#4975 = ORIENTED_EDGE('',*,*,#4966,.T.);
#4976 = ORIENTED_EDGE('',*,*,#4977,.F.);
#4977 = EDGE_CURVE('',#4967,#4967,#4978,.T.);
#4978 = CIRCLE('',#4979,4.139752260728);
#4979 = AXIS2_PLACEMENT_3D('',#4980,#4981,#4982);
#4980 = CARTESIAN_POINT('',(189.0206234263,30.227341284834,
    23.170484281774));
#4981 = DIRECTION('',(0.7707008857,-0.630898899701,-8.936846836468E-02)
  );
#4982 = DIRECTION('',(6.915306451523E-02,-5.660898167254E-02,
    0.995998632962));
#4983 = TOROIDAL_SURFACE('',#4984,5.285396184467,1.15);
#4984 = AXIS2_PLACEMENT_3D('',#4985,#4986,#4987);
#4985 = CARTESIAN_POINT('',(188.94355333773,30.290431174805,
    23.179421128611));
#4986 = DIRECTION('',(0.7707008857,-0.630898899701,-8.936846836468E-02)
  );
#4987 = DIRECTION('',(6.915306451523E-02,-5.660898167254E-02,
    0.995998632962));
#4988 = ADVANCED_FACE('',(#4989),#5008,.T.);
#4989 = FACE_BOUND('',#4990,.T.);
#4990 = EDGE_LOOP('',(#4991,#4992,#5000,#5007));
#4991 = ORIENTED_EDGE('',*,*,#4950,.T.);
#4992 = ORIENTED_EDGE('',*,*,#4993,.T.);
#4993 = EDGE_CURVE('',#4943,#4994,#4996,.T.);
#4994 = VERTEX_POINT('',#4995);
#4995 = CARTESIAN_POINT('',(186.25346901565,32.492545212033,
    27.895098221663));
#4996 = LINE('',#4997,#4998);
#4997 = CARTESIAN_POINT('',(185.39106198734,33.198515135453,
    27.99510069559));
#4998 = VECTOR('',#4999,1.);
#4999 = DIRECTION('',(0.7707008857,-0.630898899701,-8.936846836468E-02)
  );
#5000 = ORIENTED_EDGE('',*,*,#5001,.F.);
#5001 = EDGE_CURVE('',#4994,#4994,#5002,.T.);
#5002 = CIRCLE('',#5003,4.38612093032);
#5003 = AXIS2_PLACEMENT_3D('',#5004,#5005,#5006);
#5004 = CARTESIAN_POINT('',(185.95015531198,32.740839051391,
    23.526527771059));
#5005 = DIRECTION('',(0.7707008857,-0.630898899701,-8.936846836468E-02)
  );
#5006 = DIRECTION('',(6.915306451523E-02,-5.660898167254E-02,
    0.995998632962));
#5007 = ORIENTED_EDGE('',*,*,#4993,.F.);
#5008 = CYLINDRICAL_SURFACE('',#5009,4.38612093032);
#5009 = AXIS2_PLACEMENT_3D('',#5010,#5011,#5012);
#5010 = CARTESIAN_POINT('',(185.08774828367,33.446808974811,
    23.626530244985));
#5011 = DIRECTION('',(0.7707008857,-0.630898899701,-8.936846836468E-02)
  );
#5012 = DIRECTION('',(6.915306451523E-02,-5.660898167254E-02,
    0.995998632962));
#5013 = ADVANCED_FACE('',(#5014,#5017),#5028,.F.);
#5014 = FACE_BOUND('',#5015,.F.);
#5015 = EDGE_LOOP('',(#5016));
#5016 = ORIENTED_EDGE('',*,*,#4977,.T.);
#5017 = FACE_BOUND('',#5018,.F.);
#5018 = EDGE_LOOP('',(#5019));
#5019 = ORIENTED_EDGE('',*,*,#5020,.F.);
#5020 = EDGE_CURVE('',#5021,#5021,#5023,.T.);
#5021 = VERTEX_POINT('',#5022);
#5022 = CARTESIAN_POINT('',(189.30659874544,29.993240718019,
    27.28933322826));
#5023 = CIRCLE('',#5024,4.135396184467);
#5024 = AXIS2_PLACEMENT_3D('',#5025,#5026,#5027);
#5025 = CARTESIAN_POINT('',(189.0206234263,30.227341284834,
    23.170484281774));
#5026 = DIRECTION('',(0.7707008857,-0.630898899701,-8.936846836468E-02)
  );
#5027 = DIRECTION('',(6.915306451523E-02,-5.660898167254E-02,
    0.995998632962));
#5028 = PLANE('',#5029);
#5029 = AXIS2_PLACEMENT_3D('',#5030,#5031,#5032);
#5030 = CARTESIAN_POINT('',(189.0206234263,30.227341284834,
    23.170484281774));
#5031 = DIRECTION('',(0.7707008857,-0.630898899701,-8.936846836468E-02)
  );
#5032 = DIRECTION('',(6.915306451523E-02,-5.660898167254E-02,
    0.995998632962));
#5033 = ADVANCED_FACE('',(#5034,#5045),#5048,.F.);
#5034 = FACE_BOUND('',#5035,.F.);
#5035 = EDGE_LOOP('',(#5036));
#5036 = ORIENTED_EDGE('',*,*,#5037,.T.);
#5037 = EDGE_CURVE('',#5038,#5038,#5040,.T.);
#5038 = VERTEX_POINT('',#5039);
#5039 = CARTESIAN_POINT('',(186.25377025167,32.492298618992,
    27.899436867664));
#5040 = CIRCLE('',#5041,4.390477006581);
#5041 = AXIS2_PLACEMENT_3D('',#5042,#5043,#5044);
#5042 = CARTESIAN_POINT('',(185.95015531198,32.740839051391,
    23.526527771059));
#5043 = DIRECTION('',(0.7707008857,-0.630898899701,-8.936846836468E-02)
  );
#5044 = DIRECTION('',(6.915306451523E-02,-5.660898167254E-02,
    0.995998632962));
#5045 = FACE_BOUND('',#5046,.F.);
#5046 = EDGE_LOOP('',(#5047));
#5047 = ORIENTED_EDGE('',*,*,#5001,.F.);
#5048 = PLANE('',#5049);
#5049 = AXIS2_PLACEMENT_3D('',#5050,#5051,#5052);
#5050 = CARTESIAN_POINT('',(185.95015531198,32.740839051391,
    23.526527771059));
#5051 = DIRECTION('',(0.7707008857,-0.630898899701,-8.936846836468E-02)
  );
#5052 = DIRECTION('',(6.915306451523E-02,-5.660898167254E-02,
    0.995998632962));
#5053 = ADVANCED_FACE('',(#5054),#5073,.T.);
#5054 = FACE_BOUND('',#5055,.T.);
#5055 = EDGE_LOOP('',(#5056,#5065,#5071,#5072));
#5056 = ORIENTED_EDGE('',*,*,#5057,.T.);
#5057 = EDGE_CURVE('',#5058,#5058,#5060,.T.);
#5058 = VERTEX_POINT('',#5059);
#5059 = CARTESIAN_POINT('',(189.22952865687,30.056330607989,
    27.298270075096));
#5060 = CIRCLE('',#5061,4.135396184467);
#5061 = AXIS2_PLACEMENT_3D('',#5062,#5063,#5064);
#5062 = CARTESIAN_POINT('',(188.94355336341,30.290431153783,
    23.179421125633));
#5063 = DIRECTION('',(0.7707008857,-0.630898899701,-8.936846836468E-02)
  );
#5064 = DIRECTION('',(6.915306451523E-02,-5.660898167254E-02,
    0.995998632962));
#5065 = ORIENTED_EDGE('',*,*,#5066,.T.);
#5066 = EDGE_CURVE('',#5058,#5021,#5067,.T.);
#5067 = LINE('',#5068,#5069);
#5068 = CARTESIAN_POINT('',(188.44419171713,30.699210641439,
    27.389335702186));
#5069 = VECTOR('',#5070,1.);
#5070 = DIRECTION('',(0.7707008857,-0.630898899701,-8.936846836468E-02)
  );
#5071 = ORIENTED_EDGE('',*,*,#5020,.F.);
#5072 = ORIENTED_EDGE('',*,*,#5066,.F.);
#5073 = CYLINDRICAL_SURFACE('',#5074,4.135396184467);
#5074 = AXIS2_PLACEMENT_3D('',#5075,#5076,#5077);
#5075 = CARTESIAN_POINT('',(188.15821639799,30.933311208254,
    23.270486755701));
#5076 = DIRECTION('',(0.7707008857,-0.630898899701,-8.936846836468E-02)
  );
#5077 = DIRECTION('',(6.915306451523E-02,-5.660898167254E-02,
    0.995998632962));
#5078 = ADVANCED_FACE('',(#5079),#5099,.F.);
#5079 = FACE_BOUND('',#5080,.F.);
#5080 = EDGE_LOOP('',(#5081,#5090,#5097,#5098));
#5081 = ORIENTED_EDGE('',*,*,#5082,.F.);
#5082 = EDGE_CURVE('',#5083,#5038,#5085,.T.);
#5083 = VERTEX_POINT('',#5084);
#5084 = CARTESIAN_POINT('',(187.14223096983,31.765001038424,
    28.946659757787));
#5085 = CIRCLE('',#5086,1.15);
#5086 = AXIS2_PLACEMENT_3D('',#5087,#5088,#5089);
#5087 = CARTESIAN_POINT('',(186.25592495127,32.49053477308,
    29.049433496406));
#5088 = DIRECTION('',(0.633433499627,0.773797132038,0.));
#5089 = DIRECTION('',(0.7707008857,-0.630898899701,-8.936846836468E-02)
  );
#5090 = ORIENTED_EDGE('',*,*,#5091,.T.);
#5091 = EDGE_CURVE('',#5083,#5083,#5092,.T.);
#5092 = CIRCLE('',#5093,5.53612093032);
#5093 = AXIS2_PLACEMENT_3D('',#5094,#5095,#5096);
#5094 = CARTESIAN_POINT('',(186.75939124197,32.078395206705,
    23.432690879276));
#5095 = DIRECTION('',(0.7707008857,-0.630898899701,-8.936846836468E-02)
  );
#5096 = DIRECTION('',(6.915306451523E-02,-5.660898167254E-02,
    0.995998632962));
#5097 = ORIENTED_EDGE('',*,*,#5082,.T.);
#5098 = ORIENTED_EDGE('',*,*,#5037,.F.);
#5099 = TOROIDAL_SURFACE('',#5100,5.53612093032,1.15);
#5100 = AXIS2_PLACEMENT_3D('',#5101,#5102,#5103);
#5101 = CARTESIAN_POINT('',(185.87308522341,32.803928941361,
    23.535464617895));
#5102 = DIRECTION('',(0.7707008857,-0.630898899701,-8.936846836468E-02)
  );
#5103 = DIRECTION('',(6.915306451523E-02,-5.660898167254E-02,
    0.995998632962));
#5104 = ADVANCED_FACE('',(#5105),#5124,.T.);
#5105 = FACE_BOUND('',#5106,.T.);
#5106 = EDGE_LOOP('',(#5107,#5116,#5122,#5123));
#5107 = ORIENTED_EDGE('',*,*,#5108,.T.);
#5108 = EDGE_CURVE('',#5109,#5109,#5111,.T.);
#5109 = VERTEX_POINT('',#5110);
#5110 = CARTESIAN_POINT('',(188.67540198284,30.509940971529,
    27.362525161677));
#5111 = CIRCLE('',#5112,4.135396184467);
#5112 = AXIS2_PLACEMENT_3D('',#5113,#5114,#5115);
#5113 = CARTESIAN_POINT('',(188.38942668938,30.744041517323,
    23.243676212214));
#5114 = DIRECTION('',(0.7707008857,-0.630898899701,-8.936846836468E-02)
  );
#5115 = DIRECTION('',(6.915306451523E-02,-5.660898167254E-02,
    0.995998632962));
#5116 = ORIENTED_EDGE('',*,*,#5117,.T.);
#5117 = EDGE_CURVE('',#5109,#5058,#5118,.T.);
#5118 = LINE('',#5119,#5120);
#5119 = CARTESIAN_POINT('',(188.44419171713,30.699210641439,
    27.389335702186));
#5120 = VECTOR('',#5121,1.);
#5121 = DIRECTION('',(0.7707008857,-0.630898899701,-8.936846836468E-02)
  );
#5122 = ORIENTED_EDGE('',*,*,#5057,.F.);
#5123 = ORIENTED_EDGE('',*,*,#5117,.F.);
#5124 = CYLINDRICAL_SURFACE('',#5125,4.135396184467);
#5125 = AXIS2_PLACEMENT_3D('',#5126,#5127,#5128);
#5126 = CARTESIAN_POINT('',(188.15821639799,30.933311208254,
    23.270486755701));
#5127 = DIRECTION('',(0.7707008857,-0.630898899701,-8.936846836468E-02)
  );
#5128 = DIRECTION('',(6.915306451523E-02,-5.660898167254E-02,
    0.995998632962));
#5129 = ADVANCED_FACE('',(#5130),#5150,.F.);
#5130 = FACE_BOUND('',#5131,.F.);
#5131 = EDGE_LOOP('',(#5132,#5141,#5148,#5149));
#5132 = ORIENTED_EDGE('',*,*,#5133,.T.);
#5133 = EDGE_CURVE('',#5134,#5134,#5136,.T.);
#5134 = VERTEX_POINT('',#5135);
#5135 = CARTESIAN_POINT('',(187.10267698182,31.797380094914,
    29.403054184302));
#5136 = CIRCLE('',#5137,5.98612093032);
#5137 = AXIS2_PLACEMENT_3D('',#5138,#5139,#5140);
#5138 = CARTESIAN_POINT('',(186.68871837493,32.136248304948,
    23.440885920958));
#5139 = DIRECTION('',(0.7707008857,-0.630898899701,-8.936846836468E-02)
  );
#5140 = DIRECTION('',(6.915306451523E-02,-5.660898167254E-02,
    0.995998632962));
#5141 = ORIENTED_EDGE('',*,*,#5142,.T.);
#5142 = EDGE_CURVE('',#5134,#5083,#5143,.T.);
#5143 = CIRCLE('',#5144,1.15);
#5144 = AXIS2_PLACEMENT_3D('',#5145,#5146,#5147);
#5145 = CARTESIAN_POINT('',(186.25592495127,32.49053477308,
    29.049433496406));
#5146 = DIRECTION('',(0.633433499627,0.773797132038,0.));
#5147 = DIRECTION('',(0.7707008857,-0.630898899701,-8.936846836468E-02)
  );
#5148 = ORIENTED_EDGE('',*,*,#5091,.F.);
#5149 = ORIENTED_EDGE('',*,*,#5142,.F.);
#5150 = TOROIDAL_SURFACE('',#5151,5.53612093032,1.15);
#5151 = AXIS2_PLACEMENT_3D('',#5152,#5153,#5154);
#5152 = CARTESIAN_POINT('',(185.87308522341,32.803928941361,
    23.535464617895));
#5153 = DIRECTION('',(0.7707008857,-0.630898899701,-8.936846836468E-02)
  );
#5154 = DIRECTION('',(6.915306451523E-02,-5.660898167254E-02,
    0.995998632962));
#5155 = ADVANCED_FACE('',(#5156),#5175,.T.);
#5156 = FACE_BOUND('',#5157,.T.);
#5157 = EDGE_LOOP('',(#5158,#5159,#5167,#5174));
#5158 = ORIENTED_EDGE('',*,*,#5108,.F.);
#5159 = ORIENTED_EDGE('',*,*,#5160,.F.);
#5160 = EDGE_CURVE('',#5161,#5109,#5163,.T.);
#5161 = VERTEX_POINT('',#5162);
#5162 = CARTESIAN_POINT('',(188.59833189427,30.573030861499,
    27.371462008513));
#5163 = LINE('',#5164,#5165);
#5164 = CARTESIAN_POINT('',(188.44419171713,30.699210641439,
    27.389335702186));
#5165 = VECTOR('',#5166,1.);
#5166 = DIRECTION('',(0.7707008857,-0.630898899701,-8.936846836468E-02)
  );
#5167 = ORIENTED_EDGE('',*,*,#5168,.T.);
#5168 = EDGE_CURVE('',#5161,#5161,#5169,.T.);
#5169 = CIRCLE('',#5170,4.135396184467);
#5170 = AXIS2_PLACEMENT_3D('',#5171,#5172,#5173);
#5171 = CARTESIAN_POINT('',(188.31235657513,30.807131428314,
    23.252613062028));
#5172 = DIRECTION('',(0.7707008857,-0.630898899701,-8.936846836468E-02)
  );
#5173 = DIRECTION('',(6.915306451523E-02,-5.660898167254E-02,
    0.995998632962));
#5174 = ORIENTED_EDGE('',*,*,#5160,.T.);
#5175 = CYLINDRICAL_SURFACE('',#5176,4.135396184467);
#5176 = AXIS2_PLACEMENT_3D('',#5177,#5178,#5179);
#5177 = CARTESIAN_POINT('',(188.15821639799,30.933311208254,
    23.270486755701));
#5178 = DIRECTION('',(0.7707008857,-0.630898899701,-8.936846836468E-02)
  );
#5179 = DIRECTION('',(6.915306451523E-02,-5.660898167254E-02,
    0.995998632962));
#5180 = ADVANCED_FACE('',(#5181),#5200,.T.);
#5181 = FACE_BOUND('',#5182,.T.);
#5182 = EDGE_LOOP('',(#5183,#5184,#5192,#5199));
#5183 = ORIENTED_EDGE('',*,*,#5133,.T.);
#5184 = ORIENTED_EDGE('',*,*,#5185,.T.);
#5185 = EDGE_CURVE('',#5134,#5186,#5188,.T.);
#5186 = VERTEX_POINT('',#5187);
#5187 = CARTESIAN_POINT('',(187.54521455045,31.435117029819,
    29.351738679887));
#5188 = LINE('',#5189,#5190);
#5189 = CARTESIAN_POINT('',(183.97533278898,34.35743685215,
    29.765692875587));
#5190 = VECTOR('',#5191,1.);
#5191 = DIRECTION('',(0.7707008857,-0.630898899701,-8.936846836468E-02)
  );
#5192 = ORIENTED_EDGE('',*,*,#5193,.F.);
#5193 = EDGE_CURVE('',#5186,#5186,#5194,.T.);
#5194 = CIRCLE('',#5195,5.98612093032);
#5195 = AXIS2_PLACEMENT_3D('',#5196,#5197,#5198);
#5196 = CARTESIAN_POINT('',(187.13125594356,31.773985239853,
    23.389570416543));
#5197 = DIRECTION('',(0.7707008857,-0.630898899701,-8.936846836468E-02)
  );
#5198 = DIRECTION('',(6.915306451523E-02,-5.660898167254E-02,
    0.995998632962));
#5199 = ORIENTED_EDGE('',*,*,#5185,.F.);
#5200 = CYLINDRICAL_SURFACE('',#5201,5.98612093032);
#5201 = AXIS2_PLACEMENT_3D('',#5202,#5203,#5204);
#5202 = CARTESIAN_POINT('',(183.56137418209,34.696305062184,
    23.803524612243));
#5203 = DIRECTION('',(0.7707008857,-0.630898899701,-8.936846836468E-02)
  );
#5204 = DIRECTION('',(6.915306451523E-02,-5.660898167254E-02,
    0.995998632962));
#5205 = ADVANCED_FACE('',(#5206,#5217),#5220,.T.);
#5206 = FACE_BOUND('',#5207,.T.);
#5207 = EDGE_LOOP('',(#5208));
#5208 = ORIENTED_EDGE('',*,*,#5209,.T.);
#5209 = EDGE_CURVE('',#5210,#5210,#5212,.T.);
#5210 = VERTEX_POINT('',#5211);
#5211 = CARTESIAN_POINT('',(188.59863313029,30.572784268458,
    27.375800654514));
#5212 = CIRCLE('',#5213,4.139752260728);
#5213 = AXIS2_PLACEMENT_3D('',#5214,#5215,#5216);
#5214 = CARTESIAN_POINT('',(188.31235657513,30.807131428314,
    23.252613062028));
#5215 = DIRECTION('',(0.7707008857,-0.630898899701,-8.936846836468E-02)
  );
#5216 = DIRECTION('',(6.915306451523E-02,-5.660898167254E-02,
    0.995998632962));
#5217 = FACE_BOUND('',#5218,.T.);
#5218 = EDGE_LOOP('',(#5219));
#5219 = ORIENTED_EDGE('',*,*,#5168,.F.);
#5220 = PLANE('',#5221);
#5221 = AXIS2_PLACEMENT_3D('',#5222,#5223,#5224);
#5222 = CARTESIAN_POINT('',(188.31235657513,30.807131428314,
    23.252613062028));
#5223 = DIRECTION('',(0.7707008857,-0.630898899701,-8.936846836468E-02)
  );
#5224 = DIRECTION('',(6.915306451523E-02,-5.660898167254E-02,
    0.995998632962));
#5225 = ADVANCED_FACE('',(#5226,#5229),#5240,.T.);
#5226 = FACE_BOUND('',#5227,.T.);
#5227 = EDGE_LOOP('',(#5228));
#5228 = ORIENTED_EDGE('',*,*,#5193,.T.);
#5229 = FACE_BOUND('',#5230,.T.);
#5230 = EDGE_LOOP('',(#5231));
#5231 = ORIENTED_EDGE('',*,*,#5232,.F.);
#5232 = EDGE_CURVE('',#5233,#5233,#5235,.T.);
#5233 = VERTEX_POINT('',#5234);
#5234 = CARTESIAN_POINT('',(187.52787616592,31.449310302361,
    29.102017175768));
#5235 = CIRCLE('',#5236,5.735396184467);
#5236 = AXIS2_PLACEMENT_3D('',#5237,#5238,#5239);
#5237 = CARTESIAN_POINT('',(187.13125594356,31.773985239853,
    23.389570416543));
#5238 = DIRECTION('',(0.7707008857,-0.630898899701,-8.936846836468E-02)
  );
#5239 = DIRECTION('',(6.915306451523E-02,-5.660898167254E-02,
    0.995998632962));
#5240 = PLANE('',#5241);
#5241 = AXIS2_PLACEMENT_3D('',#5242,#5243,#5244);
#5242 = CARTESIAN_POINT('',(187.13125594356,31.773985239853,
    23.389570416543));
#5243 = DIRECTION('',(0.7707008857,-0.630898899701,-8.936846836468E-02)
  );
#5244 = DIRECTION('',(6.915306451523E-02,-5.660898167254E-02,
    0.995998632962));
#5245 = ADVANCED_FACE('',(#5246),#5266,.F.);
#5246 = FACE_BOUND('',#5247,.F.);
#5247 = EDGE_LOOP('',(#5248,#5257,#5258,#5259));
#5248 = ORIENTED_EDGE('',*,*,#5249,.F.);
#5249 = EDGE_CURVE('',#5210,#5250,#5252,.T.);
#5250 = VERTEX_POINT('',#5251);
#5251 = CARTESIAN_POINT('',(187.97041373455,31.087047237266,
    29.050701671353));
#5252 = CIRCLE('',#5253,1.15);
#5253 = AXIS2_PLACEMENT_3D('',#5254,#5255,#5256);
#5254 = CARTESIAN_POINT('',(188.75492800703,30.444840642606,
    28.507923589583));
#5255 = DIRECTION('',(0.633433499627,0.773797132038,0.));
#5256 = DIRECTION('',(0.7707008857,-0.630898899701,-8.936846836468E-02)
  );
#5257 = ORIENTED_EDGE('',*,*,#5209,.T.);
#5258 = ORIENTED_EDGE('',*,*,#5249,.T.);
#5259 = ORIENTED_EDGE('',*,*,#5260,.F.);
#5260 = EDGE_CURVE('',#5250,#5250,#5261,.T.);
#5261 = CIRCLE('',#5262,5.735396184467);
#5262 = AXIS2_PLACEMENT_3D('',#5263,#5264,#5265);
#5263 = CARTESIAN_POINT('',(187.57379351219,31.411722174757,
    23.338254912129));
#5264 = DIRECTION('',(0.7707008857,-0.630898899701,-8.936846836468E-02)
  );
#5265 = DIRECTION('',(6.915306451523E-02,-5.660898167254E-02,
    0.995998632962));
#5266 = TOROIDAL_SURFACE('',#5267,5.285396184467,1.15);
#5267 = AXIS2_PLACEMENT_3D('',#5268,#5269,#5270);
#5268 = CARTESIAN_POINT('',(188.3894266637,30.744041538344,
    23.243676215191));
#5269 = DIRECTION('',(0.7707008857,-0.630898899701,-8.936846836468E-02)
  );
#5270 = DIRECTION('',(6.915306451523E-02,-5.660898167254E-02,
    0.995998632962));
#5271 = ADVANCED_FACE('',(#5272),#5283,.T.);
#5272 = FACE_BOUND('',#5273,.T.);
#5273 = EDGE_LOOP('',(#5274,#5275,#5281,#5282));
#5274 = ORIENTED_EDGE('',*,*,#5232,.T.);
#5275 = ORIENTED_EDGE('',*,*,#5276,.T.);
#5276 = EDGE_CURVE('',#5233,#5250,#5277,.T.);
#5277 = LINE('',#5278,#5279);
#5278 = CARTESIAN_POINT('',(187.48934112164,31.480855247346,
    29.106485599186));
#5279 = VECTOR('',#5280,1.);
#5280 = DIRECTION('',(0.7707008857,-0.630898899701,-8.936846836468E-02)
  );
#5281 = ORIENTED_EDGE('',*,*,#5260,.F.);
#5282 = ORIENTED_EDGE('',*,*,#5276,.F.);
#5283 = CYLINDRICAL_SURFACE('',#5284,5.735396184467);
#5284 = AXIS2_PLACEMENT_3D('',#5285,#5286,#5287);
#5285 = CARTESIAN_POINT('',(187.09272089927,31.805530184838,
    23.394038839961));
#5286 = DIRECTION('',(0.7707008857,-0.630898899701,-8.936846836468E-02)
  );
#5287 = DIRECTION('',(6.915306451523E-02,-5.660898167254E-02,
    0.995998632962));
#5288 = MANIFOLD_SOLID_BREP('',#5289);
#5289 = CLOSED_SHELL('',(#5290,#5584,#5609,#5695,#5706,#5732,#5843,#5853
    ,#5938,#6005,#6016,#6102,#6162));
#5290 = ADVANCED_FACE('',(#5291),#5579,.T.);
#5291 = FACE_BOUND('',#5292,.F.);
#5292 = EDGE_LOOP('',(#5293,#5334,#5345,#5384,#5393,#5432,#5443,#5482,
    #5493,#5530,#5531,#5570));
#5293 = ORIENTED_EDGE('',*,*,#5294,.F.);
#5294 = EDGE_CURVE('',#5295,#5297,#5299,.T.);
#5295 = VERTEX_POINT('',#5296);
#5296 = CARTESIAN_POINT('',(176.75684703359,18.625112034061,
    18.064254337652));
#5297 = VERTEX_POINT('',#5298);
#5298 = CARTESIAN_POINT('',(176.12311752504,19.258841542609,
    18.145069754616));
#5299 = B_SPLINE_CURVE_WITH_KNOTS('',5,(#5300,#5301,#5302,#5303,#5304,
    #5305,#5306,#5307,#5308,#5309,#5310,#5311,#5312,#5313,#5314,#5315,
    #5316,#5317,#5318,#5319,#5320,#5321,#5322,#5323,#5324,#5325,#5326,
    #5327,#5328,#5329,#5330,#5331,#5332,#5333),.UNSPECIFIED.,.T.,.F.,(6,
    4,4,4,4,4,4,4,6),(0.,0.139607573528,0.264630001869,0.387651696863,
    0.500950509723,0.612348258455,0.735369934021,0.86039236669,1.),
  .UNSPECIFIED.);
#5300 = CARTESIAN_POINT('',(176.41182152799,18.970137539663,
    17.663006239105));
#5301 = CARTESIAN_POINT('',(176.46743179454,18.914527273113,
    17.655914622227));
#5302 = CARTESIAN_POINT('',(176.52416306754,18.857796000114,
    17.666115666164));
#5303 = CARTESIAN_POINT('',(176.57838833357,18.803570734076,
    17.694091677254));
#5304 = CARTESIAN_POINT('',(176.62647777672,18.755481290926,
    17.737963586087));
#5305 = CARTESIAN_POINT('',(176.70116452775,18.680794539901,17.844298498
    ));
#5306 = CARTESIAN_POINT('',(176.72949981359,18.652459254064,
    17.90436532246));
#5307 = CARTESIAN_POINT('',(176.74904674329,18.63291232436,
    17.971652717953));
#5308 = CARTESIAN_POINT('',(176.75877089187,18.623188175779,
    18.042584564721));
#5309 = CARTESIAN_POINT('',(176.75859825606,18.623360811588,
    18.183236288959));
#5310 = CARTESIAN_POINT('',(176.74901293524,18.632946132411,
    18.252984351714));
#5311 = CARTESIAN_POINT('',(176.72992590007,18.652033167575,
    18.31921466625));
#5312 = CARTESIAN_POINT('',(176.70231365843,18.679645409216,
    18.378517941381));
#5313 = CARTESIAN_POINT('',(176.63622583102,18.745733236627,
    18.474303188096));
#5314 = CARTESIAN_POINT('',(176.59877135155,18.783187716099,
    18.512232989074));
#5315 = CARTESIAN_POINT('',(176.556892799,18.825066268647,
    18.540201214118));
#5316 = CARTESIAN_POINT('',(176.51241112523,18.869547942422,
    18.556983310635));
#5317 = CARTESIAN_POINT('',(176.4228603417,18.959098725954,
    18.567637985056));
#5318 = CARTESIAN_POINT('',(176.37780143853,19.004157629119,
    18.561891693948));
#5319 = CARTESIAN_POINT('',(176.33391386666,19.048045200993,
    18.544893308501));
#5320 = CARTESIAN_POINT('',(176.29304169072,19.088917376934,
    18.517364606857));
#5321 = CARTESIAN_POINT('',(176.21652408898,19.165434978674,
    18.440467693553));
#5322 = CARTESIAN_POINT('',(176.18185568326,19.200103384386,
    18.389106691205));
#5323 = CARTESIAN_POINT('',(176.15469872324,19.227260344409,
    18.328773595317));
#5324 = CARTESIAN_POINT('',(176.13644522348,19.245513844166,
    18.262575653051));
#5325 = CARTESIAN_POINT('',(176.11848358673,19.263475480919,
    18.124236480558));
#5326 = CARTESIAN_POINT('',(176.11907832738,19.262880740265,
    18.051988721385));
#5327 = CARTESIAN_POINT('',(176.12979840434,19.252160663309,
    17.980841552988));
#5328 = CARTESIAN_POINT('',(176.15007844124,19.231880626406,
    17.914575109148));
#5329 = CARTESIAN_POINT('',(176.2101095636,19.17184950405,
    17.791060422773));
#5330 = CARTESIAN_POINT('',(176.25187370411,19.130085363535,
    17.735730023867));
#5331 = CARTESIAN_POINT('',(176.301685452,19.080273615647,
    17.694486811116));
#5332 = CARTESIAN_POINT('',(176.35621123538,19.025747832274,
    17.670097859306));
#5333 = CARTESIAN_POINT('',(176.41182152799,18.970137539663,
    17.663006239105));
#5334 = ORIENTED_EDGE('',*,*,#5335,.F.);
#5335 = EDGE_CURVE('',#5336,#5295,#5338,.T.);
#5336 = VERTEX_POINT('',#5337);
#5337 = CARTESIAN_POINT('',(176.26168833083,18.130321243154,
    18.060856096432));
#5338 = B_SPLINE_CURVE_WITH_KNOTS('',5,(#5339,#5340,#5341,#5342,#5343,
    #5344),.UNSPECIFIED.,.F.,.F.,(6,6),(0.,1.),
  .PIECEWISE_BEZIER_KNOTS.);
#5339 = CARTESIAN_POINT('',(176.26168790756,18.130320817898,
    18.060856113902));
#5340 = CARTESIAN_POINT('',(176.36588558005,18.235007272172,
    18.056555492165));
#5341 = CARTESIAN_POINT('',(176.47048885826,18.339873169784,
    18.054894223201));
#5342 = CARTESIAN_POINT('',(176.57534806132,18.444582959763,
    18.055900410903));
#5343 = CARTESIAN_POINT('',(176.68020288283,18.548922296042,
    18.059567230228));
#5344 = CARTESIAN_POINT('',(176.78468426172,18.652788717038,
    18.065854242006));
#5345 = ORIENTED_EDGE('',*,*,#5346,.F.);
#5346 = EDGE_CURVE('',#5347,#5336,#5349,.T.);
#5347 = VERTEX_POINT('',#5348);
#5348 = CARTESIAN_POINT('',(175.91644804306,18.47556153093,
    17.656752677393));
#5349 = B_SPLINE_CURVE_WITH_KNOTS('',5,(#5350,#5351,#5352,#5353,#5354,
    #5355,#5356,#5357,#5358,#5359,#5360,#5361,#5362,#5363,#5364,#5365,
    #5366,#5367,#5368,#5369,#5370,#5371,#5372,#5373,#5374,#5375,#5376,
    #5377,#5378,#5379,#5380,#5381,#5382,#5383),.UNSPECIFIED.,.T.,.F.,(6,
    4,4,4,4,4,4,4,6),(0.,0.13961786577,0.264630597058,0.387643047742,
    0.500950618145,0.612356903184,0.735369342869,0.860382076481,1.),
  .UNSPECIFIED.);
#5350 = CARTESIAN_POINT('',(175.91644804306,18.47556153093,
    17.656752677393));
#5351 = CARTESIAN_POINT('',(175.97205583501,18.419953738979,
    17.649661376085));
#5352 = CARTESIAN_POINT('',(176.02878314704,18.363226426952,
    17.659841732865));
#5353 = CARTESIAN_POINT('',(176.08300548137,18.309004092619,
    17.687775650654));
#5354 = CARTESIAN_POINT('',(176.1310937883,18.260915785689,
    17.731589971623));
#5355 = CARTESIAN_POINT('',(176.20577239409,18.186237179894,
    17.83778847709));
#5356 = CARTESIAN_POINT('',(176.23410283203,18.157906741963,
    17.897775466832));
#5357 = CARTESIAN_POINT('',(176.25364587004,18.138363703949,
    17.964976176742));
#5358 = CARTESIAN_POINT('',(176.26336484844,18.128644725545,
    18.035817390331));
#5359 = CARTESIAN_POINT('',(176.26318015502,18.128829418968,
    18.176286135709));
#5360 = CARTESIAN_POINT('',(176.25358793299,18.138421641004,
    18.245942135785));
#5361 = CARTESIAN_POINT('',(176.23449326974,18.157516304252,
    18.312080890969));
#5362 = CARTESIAN_POINT('',(176.20687559564,18.185133978348,
    18.371298204386));
#5363 = CARTESIAN_POINT('',(176.14077970046,18.251229873527,
    18.466950242136));
#5364 = CARTESIAN_POINT('',(176.1033202385,18.288689335489,
    18.504828334269));
#5365 = CARTESIAN_POINT('',(176.06143964591,18.330569928078,
    18.532758542618));
#5366 = CARTESIAN_POINT('',(176.01695875978,18.375050814212,
    18.549521822279));
#5367 = CARTESIAN_POINT('',(175.92741174545,18.46459782854,
    18.560177273252));
#5368 = CARTESIAN_POINT('',(175.88235596558,18.509653608411,
    18.554449930528));
#5369 = CARTESIAN_POINT('',(175.83847113963,18.553538434355,
    18.537489296562));
#5370 = CARTESIAN_POINT('',(175.79760059767,18.594408976322,
    18.510012003167));
#5371 = CARTESIAN_POINT('',(175.72109191221,18.670917661782,
    18.433247188798));
#5372 = CARTESIAN_POINT('',(175.68642903583,18.705580538159,
    18.381972131252));
#5373 = CARTESIAN_POINT('',(175.65927615395,18.732733420041,
    18.321731042831));
#5374 = CARTESIAN_POINT('',(175.64102751213,18.750982061857,
    18.25562541969));
#5375 = CARTESIAN_POINT('',(175.62307716544,18.768932408548,
    18.117469323462));
#5376 = CARTESIAN_POINT('',(175.62367828726,18.768331286727,
    18.045312046925));
#5377 = CARTESIAN_POINT('',(175.63440550291,18.757604071084,
    17.974251154602));
#5378 = CARTESIAN_POINT('',(175.65469087004,18.737318703947,
    17.908064488615));
#5379 = CARTESIAN_POINT('',(175.71473123398,18.677278340011,
    17.784686077808));
#5380 = CARTESIAN_POINT('',(175.75650154041,18.63550803358,
    17.729412629583));
#5381 = CARTESIAN_POINT('',(175.80631572672,18.585693847266,
    17.68821157614));
#5382 = CARTESIAN_POINT('',(175.86084022748,18.531169346511,
    17.663843981714));
#5383 = CARTESIAN_POINT('',(175.91644804306,18.47556153093,
    17.656752677393));
#5384 = ORIENTED_EDGE('',*,*,#5385,.T.);
#5385 = EDGE_CURVE('',#5347,#5386,#5388,.T.);
#5386 = VERTEX_POINT('',#5387);
#5387 = CARTESIAN_POINT('',(176.62481517507,17.767194398917,
    28.766344666409));
#5388 = CIRCLE('',#5389,5.585396184467);
#5389 = AXIS2_PLACEMENT_3D('',#5390,#5391,#5392);
#5390 = CARTESIAN_POINT('',(176.48276364342,18.33350999928,
    23.211548671901));
#5391 = DIRECTION('',(-0.70424940823,0.70424940823,8.980836272356E-02));
#5392 = DIRECTION('',(0.707106781187,0.707106781187,9.244463733059E-33)
  );
#5393 = ORIENTED_EDGE('',*,*,#5394,.T.);
#5394 = EDGE_CURVE('',#5386,#5395,#5397,.T.);
#5395 = VERTEX_POINT('',#5396);
#5396 = CARTESIAN_POINT('',(176.91336931183,17.478640262154,
    28.281417552091));
#5397 = B_SPLINE_CURVE_WITH_KNOTS('',5,(#5398,#5399,#5400,#5401,#5402,
    #5403,#5404,#5405,#5406,#5407,#5408,#5409,#5410,#5411,#5412,#5413,
    #5414,#5415,#5416,#5417,#5418,#5419,#5420,#5421,#5422,#5423,#5424,
    #5425,#5426,#5427,#5428,#5429,#5430,#5431),.UNSPECIFIED.,.T.,.F.,(6,
    4,4,4,4,4,4,4,6),(0.,0.139617865773,0.264630597061,0.387643047745,
    0.500950618155,0.61235690323,0.735369342915,0.860382076528,1.),
  .UNSPECIFIED.);
#5398 = CARTESIAN_POINT('',(176.62481517507,17.767194398917,
    28.766344666409));
#5399 = CARTESIAN_POINT('',(176.68042296702,17.711586606964,
    28.759253365101));
#5400 = CARTESIAN_POINT('',(176.73494744206,17.657062131925,
    28.734885788949));
#5401 = CARTESIAN_POINT('',(176.7847616112,17.607247962788,
    28.693684770141));
#5402 = CARTESIAN_POINT('',(176.82653191028,17.565477663709,
    28.638411363528));
#5403 = CARTESIAN_POINT('',(176.88657229217,17.505437281819,
    28.515033018685));
#5404 = CARTESIAN_POINT('',(176.9068576768,17.485151897188,
    28.448846368175));
#5405 = CARTESIAN_POINT('',(176.91758491247,17.474424661523,
    28.377785486447));
#5406 = CARTESIAN_POINT('',(176.91818605584,17.473823518149,
    28.305628214612));
#5407 = CARTESIAN_POINT('',(176.90023575162,17.491773822367,
    28.167472107949));
#5408 = CARTESIAN_POINT('',(176.8819871287,17.510022445286,
    28.101366470391));
#5409 = CARTESIAN_POINT('',(176.85483426305,17.537175310942,
    28.041125362835));
#5410 = CARTESIAN_POINT('',(176.82017139953,17.571838174456,
    27.989850282733));
#5411 = CARTESIAN_POINT('',(176.7430422009,17.648967373094,
    27.912462812943));
#5412 = CARTESIAN_POINT('',(176.70139561243,17.690613961558,
    27.884672602725));
#5413 = CARTESIAN_POINT('',(176.65665756826,17.735352005731,
    27.867788307741));
#5414 = CARTESIAN_POINT('',(176.61077373643,17.781235837558,
    27.862548654902));
#5415 = CARTESIAN_POINT('',(176.52132335152,17.870686222469,
    27.874719582162));
#5416 = CARTESIAN_POINT('',(176.47771885027,17.91429072372,
    27.891753195934));
#5417 = CARTESIAN_POINT('',(176.43668736906,17.955322204932,
    27.919542656219));
#5418 = CARTESIAN_POINT('',(176.39995185271,17.992057721282,
    27.956916547283));
#5419 = CARTESIAN_POINT('',(176.33438769838,18.057621875608,
    28.051798990165));
#5420 = CARTESIAN_POINT('',(176.30677000879,18.085239565202,
    28.111016284656));
#5421 = CARTESIAN_POINT('',(176.28767532717,18.104334246821,
    28.177155025125));
#5422 = CARTESIAN_POINT('',(176.27808308473,18.113926489261,
    28.246811015802));
#5423 = CARTESIAN_POINT('',(176.27789834822,18.114111225764,
    28.387279761657));
#5424 = CARTESIAN_POINT('',(176.28761730603,18.104392267957,
    28.458120985323));
#5425 = CARTESIAN_POINT('',(176.3071603257,18.084849248288,
    28.525321710715));
#5426 = CARTESIAN_POINT('',(176.33549074839,18.0565188256,
    28.585308720099));
#5427 = CARTESIAN_POINT('',(176.41016934487,17.981840229116,
    28.691507294961));
#5428 = CARTESIAN_POINT('',(176.45825766429,17.9337519097,
    28.735321654983));
#5429 = CARTESIAN_POINT('',(176.51248001989,17.879529554101,
    28.763255602484));
#5430 = CARTESIAN_POINT('',(176.56920735951,17.822802214479,
    28.773435970728));
#5431 = CARTESIAN_POINT('',(176.62481517507,17.767194398917,
    28.766344666409));
#5432 = ORIENTED_EDGE('',*,*,#5433,.T.);
#5433 = EDGE_CURVE('',#5395,#5434,#5436,.T.);
#5434 = VERTEX_POINT('',#5435);
#5435 = CARTESIAN_POINT('',(177.40809518675,17.973863880899,
    28.278027589187));
#5436 = B_SPLINE_CURVE_WITH_KNOTS('',5,(#5437,#5438,#5439,#5440,#5441,
    #5442),.UNSPECIFIED.,.F.,.F.,(6,6),(0.,1.),
  .PIECEWISE_BEZIER_KNOTS.);
#5437 = CARTESIAN_POINT('',(176.91336888634,17.478639839123,
    28.281417534651));
#5438 = CARTESIAN_POINT('',(177.01811450815,17.582778344079,
    28.285710611137));
#5439 = CARTESIAN_POINT('',(177.12293004669,17.687431981351,
    28.287378302066));
#5440 = CARTESIAN_POINT('',(177.22766076697,17.792270254114,
    28.286369445258));
#5441 = CARTESIAN_POINT('',(177.3320475966,17.89707758227,
    28.282696569414));
#5442 = CARTESIAN_POINT('',(177.43572874014,18.001744238617,
    28.276433184869));
#5443 = ORIENTED_EDGE('',*,*,#5444,.T.);
#5444 = EDGE_CURVE('',#5434,#5445,#5447,.T.);
#5445 = VERTEX_POINT('',#5446);
#5446 = CARTESIAN_POINT('',(176.7743656782,18.607593389448,
    28.35884300615));
#5447 = B_SPLINE_CURVE_WITH_KNOTS('',5,(#5448,#5449,#5450,#5451,#5452,
    #5453,#5454,#5455,#5456,#5457,#5458,#5459,#5460,#5461,#5462,#5463,
    #5464,#5465,#5466,#5467,#5468,#5469,#5470,#5471,#5472,#5473,#5474,
    #5475,#5476,#5477,#5478,#5479,#5480,#5481),.UNSPECIFIED.,.T.,.F.,(6,
    4,4,4,4,4,4,4,6),(0.,0.139607573531,0.264630001872,0.387651696866,
    0.500950509731,0.612348258502,0.735369934068,0.860392366737,1.),
  .UNSPECIFIED.);
#5448 = CARTESIAN_POINT('',(177.1193911838,18.262567883845,
    28.760091104697));
#5449 = CARTESIAN_POINT('',(177.17500145036,18.206957617294,
    28.75299948782));
#5450 = CARTESIAN_POINT('',(177.22952720565,18.152431861998,
    28.728610556131));
#5451 = CARTESIAN_POINT('',(177.27933893461,18.102620133039,
    28.687367381341));
#5452 = CARTESIAN_POINT('',(177.32110306701,18.060856000643,
    28.632037028366));
#5453 = CARTESIAN_POINT('',(177.381134208,18.000824859645,28.5085224168)
  );
#5454 = CARTESIAN_POINT('',(177.40141426365,17.980544804,28.442255992921
    ));
#5455 = CARTESIAN_POINT('',(177.41213436294,17.969824704713,
    28.371108839383));
#5456 = CARTESIAN_POINT('',(177.41272912845,17.969229939204,
    28.298861088379));
#5457 = CARTESIAN_POINT('',(177.39476754143,17.987191526217,
    28.160521904048));
#5458 = CARTESIAN_POINT('',(177.37651406294,18.005445004712,
    28.094323942944));
#5459 = CARTESIAN_POINT('',(177.34935712052,18.032601947132,
    28.033990823159));
#5460 = CARTESIAN_POINT('',(177.3146887281,18.067270339546,
    27.982629793643));
#5461 = CARTESIAN_POINT('',(177.23755061683,18.144408450822,
    27.905109222628));
#5462 = CARTESIAN_POINT('',(177.19590238957,18.186056678076,
    27.877266877166));
#5463 = CARTESIAN_POINT('',(177.15116154361,18.230797524037,
    27.860344662627));
#5464 = CARTESIAN_POINT('',(177.10527455661,18.276684511036,
    27.855086695733));
#5465 = CARTESIAN_POINT('',(177.01582056153,18.366138506119,
    27.867259340588));
#5466 = CARTESIAN_POINT('',(176.97221538424,18.409743683409,
    27.884312387247));
#5467 = CARTESIAN_POINT('',(176.93118597677,18.450773090883,
    27.912139684734));
#5468 = CARTESIAN_POINT('',(176.89445535568,18.487503711966,
    27.949564568156));
#5469 = CARTESIAN_POINT('',(176.82889913876,18.553059928892,
    28.044579234804));
#5470 = CARTESIAN_POINT('',(176.80128688061,18.580672187042,
    28.10388248658));
#5471 = CARTESIAN_POINT('',(176.78219982511,18.599759242535,
    28.170112782064));
#5472 = CARTESIAN_POINT('',(176.772614481,18.609344586646,
    28.239860831669));
#5473 = CARTESIAN_POINT('',(176.77244179479,18.609517272864,
    28.380512556843));
#5474 = CARTESIAN_POINT('',(176.78216591996,18.59979314769,
    28.451444417933));
#5475 = CARTESIAN_POINT('',(176.80171282959,18.580246238064,
    28.518731833688));
#5476 = CARTESIAN_POINT('',(176.83004809952,18.55191096813,
    28.578798682517));
#5477 = CARTESIAN_POINT('',(176.90473484167,18.477224225976,
    28.685133672702));
#5478 = CARTESIAN_POINT('',(176.95282429861,18.429134769037,
    28.729005624644));
#5479 = CARTESIAN_POINT('',(177.00704958806,18.374909479589,
    28.756981668274));
#5480 = CARTESIAN_POINT('',(177.06378089121,18.318178176437,
    28.767182724896));
#5481 = CARTESIAN_POINT('',(177.1193911838,18.262567883845,
    28.760091104697));
#5482 = ORIENTED_EDGE('',*,*,#5483,.T.);
#5483 = EDGE_CURVE('',#5445,#5484,#5486,.T.);
#5484 = VERTEX_POINT('',#5485);
#5485 = CARTESIAN_POINT('',(176.2795748873,18.112434686693,
    28.36224124737));
#5486 = B_SPLINE_CURVE_WITH_KNOTS('',5,(#5487,#5488,#5489,#5490,#5491,
    #5492),.UNSPECIFIED.,.F.,.F.,(6,6),(0.,1.),
  .PIECEWISE_BEZIER_KNOTS.);
#5487 = CARTESIAN_POINT('',(176.80204236118,18.63543061758,
    28.357243101796));
#5488 = CARTESIAN_POINT('',(176.69817593515,18.530949233631,
    28.363530113878));
#5489 = CARTESIAN_POINT('',(176.59383660213,18.42609441491,
    28.367196932777));
#5490 = CARTESIAN_POINT('',(176.48912680956,18.321235210756,
    28.368203120807));
#5491 = CARTESIAN_POINT('',(176.38426091099,18.216631930617,
    28.366541851419));
#5492 = CARTESIAN_POINT('',(176.27957446204,18.112434263422,
    28.3622412299));
#5493 = ORIENTED_EDGE('',*,*,#5494,.T.);
#5494 = EDGE_CURVE('',#5484,#5386,#5495,.T.);
#5495 = B_SPLINE_CURVE_WITH_KNOTS('',5,(#5496,#5497,#5498,#5499,#5500,
    #5501,#5502,#5503,#5504,#5505,#5506,#5507,#5508,#5509,#5510,#5511,
    #5512,#5513,#5514,#5515,#5516,#5517,#5518,#5519,#5520,#5521,#5522,
    #5523,#5524,#5525,#5526,#5527,#5528,#5529),.UNSPECIFIED.,.T.,.F.,(6,
    4,4,4,4,4,4,4,6),(0.,0.139617865773,0.264630597061,0.387643047745,
    0.500950618155,0.61235690323,0.735369342915,0.860382076528,1.),
  .UNSPECIFIED.);
#5496 = CARTESIAN_POINT('',(176.62481517507,17.767194398917,
    28.766344666409));
#5497 = CARTESIAN_POINT('',(176.68042296702,17.711586606964,
    28.759253365101));
#5498 = CARTESIAN_POINT('',(176.73494744206,17.657062131925,
    28.734885788949));
#5499 = CARTESIAN_POINT('',(176.7847616112,17.607247962788,
    28.693684770141));
#5500 = CARTESIAN_POINT('',(176.82653191028,17.565477663709,
    28.638411363528));
#5501 = CARTESIAN_POINT('',(176.88657229217,17.505437281819,
    28.515033018685));
#5502 = CARTESIAN_POINT('',(176.9068576768,17.485151897188,
    28.448846368175));
#5503 = CARTESIAN_POINT('',(176.91758491247,17.474424661523,
    28.377785486447));
#5504 = CARTESIAN_POINT('',(176.91818605584,17.473823518149,
    28.305628214612));
#5505 = CARTESIAN_POINT('',(176.90023575162,17.491773822367,
    28.167472107949));
#5506 = CARTESIAN_POINT('',(176.8819871287,17.510022445286,
    28.101366470391));
#5507 = CARTESIAN_POINT('',(176.85483426305,17.537175310942,
    28.041125362835));
#5508 = CARTESIAN_POINT('',(176.82017139953,17.571838174456,
    27.989850282733));
#5509 = CARTESIAN_POINT('',(176.7430422009,17.648967373094,
    27.912462812943));
#5510 = CARTESIAN_POINT('',(176.70139561243,17.690613961558,
    27.884672602725));
#5511 = CARTESIAN_POINT('',(176.65665756826,17.735352005731,
    27.867788307741));
#5512 = CARTESIAN_POINT('',(176.61077373643,17.781235837558,
    27.862548654902));
#5513 = CARTESIAN_POINT('',(176.52132335152,17.870686222469,
    27.874719582162));
#5514 = CARTESIAN_POINT('',(176.47771885027,17.91429072372,
    27.891753195934));
#5515 = CARTESIAN_POINT('',(176.43668736906,17.955322204932,
    27.919542656219));
#5516 = CARTESIAN_POINT('',(176.39995185271,17.992057721282,
    27.956916547283));
#5517 = CARTESIAN_POINT('',(176.33438769838,18.057621875608,
    28.051798990165));
#5518 = CARTESIAN_POINT('',(176.30677000879,18.085239565202,
    28.111016284656));
#5519 = CARTESIAN_POINT('',(176.28767532717,18.104334246821,
    28.177155025125));
#5520 = CARTESIAN_POINT('',(176.27808308473,18.113926489261,
    28.246811015802));
#5521 = CARTESIAN_POINT('',(176.27789834822,18.114111225764,
    28.387279761657));
#5522 = CARTESIAN_POINT('',(176.28761730603,18.104392267957,
    28.458120985323));
#5523 = CARTESIAN_POINT('',(176.3071603257,18.084849248288,
    28.525321710715));
#5524 = CARTESIAN_POINT('',(176.33549074839,18.0565188256,
    28.585308720099));
#5525 = CARTESIAN_POINT('',(176.41016934487,17.981840229116,
    28.691507294961));
#5526 = CARTESIAN_POINT('',(176.45825766429,17.9337519097,
    28.735321654983));
#5527 = CARTESIAN_POINT('',(176.51248001989,17.879529554101,
    28.763255602484));
#5528 = CARTESIAN_POINT('',(176.56920735951,17.822802214479,
    28.773435970728));
#5529 = CARTESIAN_POINT('',(176.62481517507,17.767194398917,
    28.766344666409));
#5530 = ORIENTED_EDGE('',*,*,#5385,.F.);
#5531 = ORIENTED_EDGE('',*,*,#5532,.F.);
#5532 = EDGE_CURVE('',#5533,#5347,#5535,.T.);
#5533 = VERTEX_POINT('',#5534);
#5534 = CARTESIAN_POINT('',(175.6278939063,18.764115667693,
    18.141679791711));
#5535 = B_SPLINE_CURVE_WITH_KNOTS('',5,(#5536,#5537,#5538,#5539,#5540,
    #5541,#5542,#5543,#5544,#5545,#5546,#5547,#5548,#5549,#5550,#5551,
    #5552,#5553,#5554,#5555,#5556,#5557,#5558,#5559,#5560,#5561,#5562,
    #5563,#5564,#5565,#5566,#5567,#5568,#5569),.UNSPECIFIED.,.T.,.F.,(6,
    4,4,4,4,4,4,4,6),(0.,0.13961786577,0.264630597058,0.387643047742,
    0.500950618145,0.612356903184,0.735369342869,0.860382076481,1.),
  .UNSPECIFIED.);
#5536 = CARTESIAN_POINT('',(175.91644804306,18.47556153093,
    17.656752677393));
#5537 = CARTESIAN_POINT('',(175.97205583501,18.419953738979,
    17.649661376085));
#5538 = CARTESIAN_POINT('',(176.02878314704,18.363226426952,
    17.659841732865));
#5539 = CARTESIAN_POINT('',(176.08300548137,18.309004092619,
    17.687775650654));
#5540 = CARTESIAN_POINT('',(176.1310937883,18.260915785689,
    17.731589971623));
#5541 = CARTESIAN_POINT('',(176.20577239409,18.186237179894,
    17.83778847709));
#5542 = CARTESIAN_POINT('',(176.23410283203,18.157906741963,
    17.897775466832));
#5543 = CARTESIAN_POINT('',(176.25364587004,18.138363703949,
    17.964976176742));
#5544 = CARTESIAN_POINT('',(176.26336484844,18.128644725545,
    18.035817390331));
#5545 = CARTESIAN_POINT('',(176.26318015502,18.128829418968,
    18.176286135709));
#5546 = CARTESIAN_POINT('',(176.25358793299,18.138421641004,
    18.245942135785));
#5547 = CARTESIAN_POINT('',(176.23449326974,18.157516304252,
    18.312080890969));
#5548 = CARTESIAN_POINT('',(176.20687559564,18.185133978348,
    18.371298204386));
#5549 = CARTESIAN_POINT('',(176.14077970046,18.251229873527,
    18.466950242136));
#5550 = CARTESIAN_POINT('',(176.1033202385,18.288689335489,
    18.504828334269));
#5551 = CARTESIAN_POINT('',(176.06143964591,18.330569928078,
    18.532758542618));
#5552 = CARTESIAN_POINT('',(176.01695875978,18.375050814212,
    18.549521822279));
#5553 = CARTESIAN_POINT('',(175.92741174545,18.46459782854,
    18.560177273252));
#5554 = CARTESIAN_POINT('',(175.88235596558,18.509653608411,
    18.554449930528));
#5555 = CARTESIAN_POINT('',(175.83847113963,18.553538434355,
    18.537489296562));
#5556 = CARTESIAN_POINT('',(175.79760059767,18.594408976322,
    18.510012003167));
#5557 = CARTESIAN_POINT('',(175.72109191221,18.670917661782,
    18.433247188798));
#5558 = CARTESIAN_POINT('',(175.68642903583,18.705580538159,
    18.381972131252));
#5559 = CARTESIAN_POINT('',(175.65927615395,18.732733420041,
    18.321731042831));
#5560 = CARTESIAN_POINT('',(175.64102751213,18.750982061857,
    18.25562541969));
#5561 = CARTESIAN_POINT('',(175.62307716544,18.768932408548,
    18.117469323462));
#5562 = CARTESIAN_POINT('',(175.62367828726,18.768331286727,
    18.045312046925));
#5563 = CARTESIAN_POINT('',(175.63440550291,18.757604071084,
    17.974251154602));
#5564 = CARTESIAN_POINT('',(175.65469087004,18.737318703947,
    17.908064488615));
#5565 = CARTESIAN_POINT('',(175.71473123398,18.677278340011,
    17.784686077808));
#5566 = CARTESIAN_POINT('',(175.75650154041,18.63550803358,
    17.729412629583));
#5567 = CARTESIAN_POINT('',(175.80631572672,18.585693847266,
    17.68821157614));
#5568 = CARTESIAN_POINT('',(175.86084022748,18.531169346511,
    17.663843981714));
#5569 = CARTESIAN_POINT('',(175.91644804306,18.47556153093,
    17.656752677393));
#5570 = ORIENTED_EDGE('',*,*,#5571,.T.);
#5571 = EDGE_CURVE('',#5533,#5297,#5572,.T.);
#5572 = B_SPLINE_CURVE_WITH_KNOTS('',5,(#5573,#5574,#5575,#5576,#5577,
    #5578),.UNSPECIFIED.,.F.,.F.,(6,6),(0.,1.),
  .PIECEWISE_BEZIER_KNOTS.);
#5573 = CARTESIAN_POINT('',(175.62789348326,18.764115242196,
    18.14167980915));
#5574 = CARTESIAN_POINT('',(175.73203198822,18.868860864005,
    18.137386732665));
#5575 = CARTESIAN_POINT('',(175.83668562549,18.973676402551,
    18.135719041736));
#5576 = CARTESIAN_POINT('',(175.94152389825,19.078407122832,
    18.136727898544));
#5577 = CARTESIAN_POINT('',(176.04633122641,19.182793952462,
    18.140400774388));
#5578 = CARTESIAN_POINT('',(176.15099788276,19.286475096,18.146664158933
    ));
#5579 = TOROIDAL_SURFACE('',#5580,5.135396184467,0.45);
#5580 = AXIS2_PLACEMENT_3D('',#5581,#5582,#5583);
#5581 = CARTESIAN_POINT('',(176.48276364342,18.33350999928,
    23.211548671901));
#5582 = DIRECTION('',(0.70424940823,-0.70424940823,-8.980836272356E-02)
  );
#5583 = DIRECTION('',(0.707106781187,0.707106781187,9.244463733059E-33)
  );
#5584 = ADVANCED_FACE('',(#5585),#5604,.T.);
#5585 = FACE_BOUND('',#5586,.F.);
#5586 = EDGE_LOOP('',(#5587,#5596,#5597));
#5587 = ORIENTED_EDGE('',*,*,#5588,.F.);
#5588 = EDGE_CURVE('',#5295,#5589,#5591,.T.);
#5589 = VERTEX_POINT('',#5590);
#5590 = CARTESIAN_POINT('',(176.46806447733,18.913894590318,
    18.545085871618));
#5591 = CIRCLE('',#5592,0.45);
#5592 = AXIS2_PLACEMENT_3D('',#5593,#5594,#5595);
#5593 = CARTESIAN_POINT('',(176.4394876313,18.942471436348,
    18.096904292633));
#5594 = DIRECTION('',(-0.707106781187,-0.707106781187,0.));
#5595 = DIRECTION('',(6.350410228909E-02,-6.350410228909E-02,
    0.995959064412));
#5596 = ORIENTED_EDGE('',*,*,#5294,.T.);
#5597 = ORIENTED_EDGE('',*,*,#5598,.F.);
#5598 = EDGE_CURVE('',#5589,#5297,#5599,.T.);
#5599 = CIRCLE('',#5600,0.45);
#5600 = AXIS2_PLACEMENT_3D('',#5601,#5602,#5603);
#5601 = CARTESIAN_POINT('',(176.4394876313,18.942471436348,
    18.096904292633));
#5602 = DIRECTION('',(-0.707106781187,-0.707106781187,0.));
#5603 = DIRECTION('',(6.350410228909E-02,-6.350410228909E-02,
    0.995959064412));
#5604 = PLANE('',#5605);
#5605 = AXIS2_PLACEMENT_3D('',#5606,#5607,#5608);
#5606 = CARTESIAN_POINT('',(175.26274093876,20.11921812889,
    15.787026710772));
#5607 = DIRECTION('',(0.707106781187,0.707106781187,9.244463733059E-33)
  );
#5608 = DIRECTION('',(-6.350410228909E-02,6.350410228909E-02,
    -0.995959064412));
#5609 = ADVANCED_FACE('',(#5610),#5690,.T.);
#5610 = FACE_BOUND('',#5611,.F.);
#5611 = EDGE_LOOP('',(#5612,#5623,#5636,#5645,#5651,#5652,#5653,#5660,
    #5661,#5662,#5663,#5672,#5682));
#5612 = ORIENTED_EDGE('',*,*,#5613,.F.);
#5613 = EDGE_CURVE('',#5614,#5616,#5618,.T.);
#5614 = VERTEX_POINT('',#5615);
#5615 = CARTESIAN_POINT('',(188.2358843323,31.3721060937,18.141679791711
    ));
#5616 = VERTEX_POINT('',#5617);
#5617 = CARTESIAN_POINT('',(188.86967875684,30.738311669161,
    18.060856096432));
#5618 = CIRCLE('',#5619,0.45);
#5619 = AXIS2_PLACEMENT_3D('',#5620,#5621,#5622);
#5620 = CARTESIAN_POINT('',(188.55250331048,31.055487115524,
    18.096904292633));
#5621 = DIRECTION('',(-0.707106781187,-0.707106781187,0.));
#5622 = DIRECTION('',(6.350410228909E-02,-6.350410228909E-02,
    0.995959064412));
#5623 = ORIENTED_EDGE('',*,*,#5624,.F.);
#5624 = EDGE_CURVE('',#5625,#5614,#5627,.T.);
#5625 = VERTEX_POINT('',#5626);
#5626 = CARTESIAN_POINT('',(187.74115845739,30.876882474955,
    18.145069754616));
#5627 = B_SPLINE_CURVE_WITH_KNOTS('',4,(#5628,#5629,#5630,#5631,#5632,
    #5633,#5634,#5635),.UNSPECIFIED.,.F.,.F.,(5,3,5),(0.,0.599466042623,
    1.),.UNSPECIFIED.);
#5628 = CARTESIAN_POINT('',(187.713524904,30.849002117237,
    18.146664158933));
#5629 = CARTESIAN_POINT('',(187.79121706604,30.927432760918,
    18.14197077043));
#5630 = CARTESIAN_POINT('',(187.86933032486,31.005946092807,
    18.138828997684));
#5631 = CARTESIAN_POINT('',(187.94767302064,31.084486357688,
    18.137278341573));
#5632 = CARTESIAN_POINT('',(188.07852549683,31.2153302399,
    18.137345731717));
#5633 = CARTESIAN_POINT('',(188.13098071458,31.267691452948,
    18.138082991971));
#5634 = CARTESIAN_POINT('',(188.18344171782,31.319967442233,
    18.139530392518));
#5635 = CARTESIAN_POINT('',(188.2358847578,31.372106516731,
    18.14167980915));
#5636 = ORIENTED_EDGE('',*,*,#5637,.F.);
#5637 = EDGE_CURVE('',#5638,#5625,#5640,.T.);
#5638 = VERTEX_POINT('',#5639);
#5639 = CARTESIAN_POINT('',(188.08610540968,30.531935522663,
    18.545085871618));
#5640 = CIRCLE('',#5641,0.45);
#5641 = AXIS2_PLACEMENT_3D('',#5642,#5643,#5644);
#5642 = CARTESIAN_POINT('',(188.05752856365,30.560512368693,
    18.096904292633));
#5643 = DIRECTION('',(-0.707106781187,-0.707106781187,0.));
#5644 = DIRECTION('',(6.350410228909E-02,-6.350410228909E-02,
    0.995959064412));
#5645 = ORIENTED_EDGE('',*,*,#5646,.F.);
#5646 = EDGE_CURVE('',#5589,#5638,#5647,.T.);
#5647 = LINE('',#5648,#5649);
#5648 = CARTESIAN_POINT('',(175.9730897305,18.418919843487,
    18.545085871618));
#5649 = VECTOR('',#5650,1.);
#5650 = DIRECTION('',(0.707106781187,0.707106781187,9.244463733059E-33)
  );
#5651 = ORIENTED_EDGE('',*,*,#5598,.T.);
#5652 = ORIENTED_EDGE('',*,*,#5571,.F.);
#5653 = ORIENTED_EDGE('',*,*,#5654,.T.);
#5654 = EDGE_CURVE('',#5533,#5336,#5655,.T.);
#5655 = CIRCLE('',#5656,0.45);
#5656 = AXIS2_PLACEMENT_3D('',#5657,#5658,#5659);
#5657 = CARTESIAN_POINT('',(175.94451288447,18.447496689517,
    18.096904292633));
#5658 = DIRECTION('',(-0.707106781187,-0.707106781187,0.));
#5659 = DIRECTION('',(6.350410228909E-02,-6.350410228909E-02,
    0.995959064412));
#5660 = ORIENTED_EDGE('',*,*,#5335,.T.);
#5661 = ORIENTED_EDGE('',*,*,#5588,.T.);
#5662 = ORIENTED_EDGE('',*,*,#5646,.T.);
#5663 = ORIENTED_EDGE('',*,*,#5664,.F.);
#5664 = EDGE_CURVE('',#5665,#5638,#5667,.T.);
#5665 = VERTEX_POINT('',#5666);
#5666 = CARTESIAN_POINT('',(188.37488796593,30.243152966406,
    18.064254337652));
#5667 = CIRCLE('',#5668,0.45);
#5668 = AXIS2_PLACEMENT_3D('',#5669,#5670,#5671);
#5669 = CARTESIAN_POINT('',(188.05752856365,30.560512368693,
    18.096904292633));
#5670 = DIRECTION('',(-0.707106781187,-0.707106781187,0.));
#5671 = DIRECTION('',(6.350410228909E-02,-6.350410228909E-02,
    0.995959064412));
#5672 = ORIENTED_EDGE('',*,*,#5673,.T.);
#5673 = EDGE_CURVE('',#5665,#5674,#5676,.T.);
#5674 = VERTEX_POINT('',#5675);
#5675 = CARTESIAN_POINT('',(188.65717614387,30.526335481012,
    18.05649053332));
#5676 = B_SPLINE_CURVE_WITH_KNOTS('',4,(#5677,#5678,#5679,#5680,#5681),
  .UNSPECIFIED.,.F.,.F.,(5,5),(0.,1.),.PIECEWISE_BEZIER_KNOTS.);
#5677 = CARTESIAN_POINT('',(188.34721128296,30.215315738274,
    18.065854242006));
#5678 = CARTESIAN_POINT('',(188.42435692947,30.292918138023,
    18.061184632871));
#5679 = CARTESIAN_POINT('',(188.50177927984,30.37073861822,
    18.058056914992));
#5680 = CARTESIAN_POINT('',(188.57942788101,30.448587095547,
    18.056492133961));
#5681 = CARTESIAN_POINT('',(188.65717614387,30.526335481012,
    18.05649053332));
#5682 = ORIENTED_EDGE('',*,*,#5683,.F.);
#5683 = EDGE_CURVE('',#5616,#5674,#5684,.T.);
#5684 = B_SPLINE_CURVE_WITH_KNOTS('',4,(#5685,#5686,#5687,#5688,#5689),
  .UNSPECIFIED.,.F.,.F.,(5,5),(0.,1.),.PIECEWISE_BEZIER_KNOTS.);
#5685 = CARTESIAN_POINT('',(188.8696791821,30.738312092432,
    18.060856113902));
#5686 = CARTESIAN_POINT('',(188.81657498037,30.68545583459,
    18.058674541454));
#5687 = CARTESIAN_POINT('',(188.76342237635,30.632488990178,
    18.057217436382));
#5688 = CARTESIAN_POINT('',(188.71027595793,30.579435445714,
    18.056489419467));
#5689 = CARTESIAN_POINT('',(188.65717614387,30.526335481012,
    18.05649053332));
#5690 = CYLINDRICAL_SURFACE('',#5691,0.45);
#5691 = AXIS2_PLACEMENT_3D('',#5692,#5693,#5694);
#5692 = CARTESIAN_POINT('',(175.94451288447,18.447496689517,
    18.096904292633));
#5693 = DIRECTION('',(0.707106781187,0.707106781187,9.244463733059E-33)
  );
#5694 = DIRECTION('',(6.350410228909E-02,-6.350410228909E-02,
    0.995959064412));
#5695 = ADVANCED_FACE('',(#5696),#5701,.F.);
#5696 = FACE_BOUND('',#5697,.T.);
#5697 = EDGE_LOOP('',(#5698,#5699,#5700));
#5698 = ORIENTED_EDGE('',*,*,#5532,.F.);
#5699 = ORIENTED_EDGE('',*,*,#5654,.T.);
#5700 = ORIENTED_EDGE('',*,*,#5346,.F.);
#5701 = PLANE('',#5702);
#5702 = AXIS2_PLACEMENT_3D('',#5703,#5704,#5705);
#5703 = CARTESIAN_POINT('',(175.94451288447,18.447496689517,
    18.096904292633));
#5704 = DIRECTION('',(0.707106781187,0.707106781187,9.244463733059E-33)
  );
#5705 = DIRECTION('',(-6.350410228909E-02,6.350410228909E-02,
    -0.995959064412));
#5706 = ADVANCED_FACE('',(#5707),#5727,.F.);
#5707 = FACE_BOUND('',#5708,.T.);
#5708 = EDGE_LOOP('',(#5709,#5718,#5725,#5726));
#5709 = ORIENTED_EDGE('',*,*,#5710,.T.);
#5710 = EDGE_CURVE('',#5395,#5711,#5713,.T.);
#5711 = VERTEX_POINT('',#5712);
#5712 = CARTESIAN_POINT('',(176.62532717969,17.7666823943,
    28.774374630155));
#5713 = CIRCLE('',#5714,0.45);
#5714 = AXIS2_PLACEMENT_3D('',#5715,#5716,#5717);
#5715 = CARTESIAN_POINT('',(176.59675033366,17.79525924033,
    28.326193051169));
#5716 = DIRECTION('',(-0.707106781187,-0.707106781187,0.));
#5717 = DIRECTION('',(6.350410228909E-02,-6.350410228909E-02,
    0.995959064412));
#5718 = ORIENTED_EDGE('',*,*,#5719,.T.);
#5719 = EDGE_CURVE('',#5711,#5484,#5720,.T.);
#5720 = CIRCLE('',#5721,0.45);
#5721 = AXIS2_PLACEMENT_3D('',#5722,#5723,#5724);
#5722 = CARTESIAN_POINT('',(176.59675033366,17.79525924033,
    28.326193051169));
#5723 = DIRECTION('',(-0.707106781187,-0.707106781187,0.));
#5724 = DIRECTION('',(6.350410228909E-02,-6.350410228909E-02,
    0.995959064412));
#5725 = ORIENTED_EDGE('',*,*,#5494,.T.);
#5726 = ORIENTED_EDGE('',*,*,#5394,.T.);
#5727 = PLANE('',#5728);
#5728 = AXIS2_PLACEMENT_3D('',#5729,#5730,#5731);
#5729 = CARTESIAN_POINT('',(176.59675033366,17.79525924033,
    28.326193051169));
#5730 = DIRECTION('',(0.707106781187,0.707106781187,9.244463733059E-33)
  );
#5731 = DIRECTION('',(-6.350410228909E-02,6.350410228909E-02,
    -0.995959064412));
#5732 = ADVANCED_FACE('',(#5733),#5838,.T.);
#5733 = FACE_BOUND('',#5734,.F.);
#5734 = EDGE_LOOP('',(#5735,#5745,#5754,#5764,#5774,#5783,#5793,#5803,
    #5810,#5811,#5819,#5825,#5826,#5827,#5834,#5835,#5836,#5837));
#5735 = ORIENTED_EDGE('',*,*,#5736,.T.);
#5736 = EDGE_CURVE('',#5737,#5739,#5741,.T.);
#5737 = VERTEX_POINT('',#5738);
#5738 = CARTESIAN_POINT('',(189.02118557134,30.162540785951,
    28.774374630155));
#5739 = VERTEX_POINT('',#5740);
#5740 = CARTESIAN_POINT('',(189.2333176057,30.374672820307,
    28.774374630155));
#5741 = LINE('',#5742,#5743);
#5742 = CARTESIAN_POINT('',(176.62532717969,17.7666823943,
    28.774374630155));
#5743 = VECTOR('',#5744,1.);
#5744 = DIRECTION('',(0.707106781187,0.707106781187,9.244463733059E-33)
  );
#5745 = ORIENTED_EDGE('',*,*,#5746,.F.);
#5746 = EDGE_CURVE('',#5747,#5739,#5749,.T.);
#5747 = VERTEX_POINT('',#5748);
#5748 = CARTESIAN_POINT('',(189.52135973784,30.086630688161,
    28.281417552091));
#5749 = CIRCLE('',#5750,0.45);
#5750 = AXIS2_PLACEMENT_3D('',#5751,#5752,#5753);
#5751 = CARTESIAN_POINT('',(189.20474075967,30.403249666337,
    28.326193051169));
#5752 = DIRECTION('',(-0.707106781187,-0.707106781187,0.));
#5753 = DIRECTION('',(6.350410228909E-02,-6.350410228909E-02,
    0.995959064412));
#5754 = ORIENTED_EDGE('',*,*,#5755,.T.);
#5755 = EDGE_CURVE('',#5747,#5756,#5758,.T.);
#5756 = VERTEX_POINT('',#5757);
#5757 = CARTESIAN_POINT('',(189.3094136069,29.874098047055,
    28.285779280997));
#5758 = B_SPLINE_CURVE_WITH_KNOTS('',4,(#5759,#5760,#5761,#5762,#5763),
  .UNSPECIFIED.,.F.,.F.,(5,5),(0.,1.),.PIECEWISE_BEZIER_KNOTS.);
#5759 = CARTESIAN_POINT('',(189.52136016087,30.086631113658,
    28.281417534651));
#5760 = CARTESIAN_POINT('',(189.46853392048,30.033496901673,
    28.283595279478));
#5761 = CARTESIAN_POINT('',(189.41556713472,29.980344246416,
    28.285052374968));
#5762 = CARTESIAN_POINT('',(189.36251355989,29.927197865517,
    28.285780403342));
#5763 = CARTESIAN_POINT('',(189.3094136069,29.874098047055,
    28.285779280997));
#5764 = ORIENTED_EDGE('',*,*,#5765,.F.);
#5765 = EDGE_CURVE('',#5766,#5756,#5768,.T.);
#5766 = VERTEX_POINT('',#5767);
#5767 = CARTESIAN_POINT('',(189.0261361191,29.591904813245,
    28.278027589186));
#5768 = B_SPLINE_CURVE_WITH_KNOTS('',4,(#5769,#5770,#5771,#5772,#5773),
  .UNSPECIFIED.,.F.,.F.,(5,5),(0.,1.),.PIECEWISE_BEZIER_KNOTS.);
#5769 = CARTESIAN_POINT('',(188.99825576138,29.564271259854,
    28.276433184869));
#5770 = CARTESIAN_POINT('',(189.07599577761,29.641279297205,
    28.281085245355));
#5771 = CARTESIAN_POINT('',(189.15381698307,29.71870092937,
    28.284212868706));
#5772 = CARTESIAN_POINT('',(189.23166513747,29.796349860952,
    28.285777698484));
#5773 = CARTESIAN_POINT('',(189.3094136069,29.874098047055,
    28.285779280997));
#5774 = ORIENTED_EDGE('',*,*,#5775,.F.);
#5775 = EDGE_CURVE('',#5776,#5766,#5778,.T.);
#5776 = VERTEX_POINT('',#5777);
#5777 = CARTESIAN_POINT('',(188.39240661055,30.225634321793,
    28.35884300615));
#5778 = CIRCLE('',#5779,0.45);
#5779 = AXIS2_PLACEMENT_3D('',#5780,#5781,#5782);
#5780 = CARTESIAN_POINT('',(188.70976601283,29.908274919506,
    28.326193051169));
#5781 = DIRECTION('',(-0.707106781187,-0.707106781187,0.));
#5782 = DIRECTION('',(6.350410228909E-02,-6.350410228909E-02,
    0.995959064412));
#5783 = ORIENTED_EDGE('',*,*,#5784,.T.);
#5784 = EDGE_CURVE('',#5776,#5785,#5787,.T.);
#5785 = VERTEX_POINT('',#5786);
#5786 = CARTESIAN_POINT('',(188.67558912515,30.507922499731,
    28.366606810484));
#5787 = B_SPLINE_CURVE_WITH_KNOTS('',4,(#5788,#5789,#5790,#5791,#5792),
  .UNSPECIFIED.,.F.,.F.,(5,5),(0.,1.),.PIECEWISE_BEZIER_KNOTS.);
#5788 = CARTESIAN_POINT('',(188.36456938242,30.197957638817,
    28.357243101796));
#5789 = CARTESIAN_POINT('',(188.44217178216,30.275103285325,
    28.361912710931));
#5790 = CARTESIAN_POINT('',(188.51999226236,30.352525635699,
    28.365040428812));
#5791 = CARTESIAN_POINT('',(188.59784073969,30.430174236866,
    28.366605209838));
#5792 = CARTESIAN_POINT('',(188.67558912515,30.507922499731,
    28.366606810484));
#5793 = ORIENTED_EDGE('',*,*,#5794,.F.);
#5794 = EDGE_CURVE('',#5795,#5785,#5797,.T.);
#5795 = VERTEX_POINT('',#5796);
#5796 = CARTESIAN_POINT('',(188.8875653133,30.7204251127,28.36224124737)
  );
#5797 = B_SPLINE_CURVE_WITH_KNOTS('',4,(#5798,#5799,#5800,#5801,#5802),
  .UNSPECIFIED.,.F.,.F.,(5,5),(0.,1.),.PIECEWISE_BEZIER_KNOTS.);
#5798 = CARTESIAN_POINT('',(188.88756573657,30.720425537956,
    28.3622412299));
#5799 = CARTESIAN_POINT('',(188.83470947873,30.667321336226,
    28.364422802348));
#5800 = CARTESIAN_POINT('',(188.78174263432,30.614168732204,
    28.365879907422));
#5801 = CARTESIAN_POINT('',(188.72868908985,30.561022313789,
    28.366607924332));
#5802 = CARTESIAN_POINT('',(188.67558912515,30.507922499731,
    28.366606810484));
#5803 = ORIENTED_EDGE('',*,*,#5804,.F.);
#5804 = EDGE_CURVE('',#5739,#5795,#5805,.T.);
#5805 = CIRCLE('',#5806,0.45);
#5806 = AXIS2_PLACEMENT_3D('',#5807,#5808,#5809);
#5807 = CARTESIAN_POINT('',(189.20474075967,30.403249666337,
    28.326193051169));
#5808 = DIRECTION('',(-0.707106781187,-0.707106781187,0.));
#5809 = DIRECTION('',(6.350410228909E-02,-6.350410228909E-02,
    0.995959064412));
#5810 = ORIENTED_EDGE('',*,*,#5736,.F.);
#5811 = ORIENTED_EDGE('',*,*,#5812,.F.);
#5812 = EDGE_CURVE('',#5813,#5737,#5815,.T.);
#5813 = VERTEX_POINT('',#5814);
#5814 = CARTESIAN_POINT('',(176.83745921404,17.978814428656,
    28.774374630155));
#5815 = LINE('',#5816,#5817);
#5816 = CARTESIAN_POINT('',(176.62532717969,17.7666823943,
    28.774374630155));
#5817 = VECTOR('',#5818,1.);
#5818 = DIRECTION('',(0.707106781187,0.707106781187,9.244463733059E-33)
  );
#5819 = ORIENTED_EDGE('',*,*,#5820,.F.);
#5820 = EDGE_CURVE('',#5711,#5813,#5821,.T.);
#5821 = LINE('',#5822,#5823);
#5822 = CARTESIAN_POINT('',(176.62532717969,17.7666823943,
    28.774374630155));
#5823 = VECTOR('',#5824,1.);
#5824 = DIRECTION('',(0.707106781187,0.707106781187,9.244463733059E-33)
  );
#5825 = ORIENTED_EDGE('',*,*,#5719,.T.);
#5826 = ORIENTED_EDGE('',*,*,#5483,.F.);
#5827 = ORIENTED_EDGE('',*,*,#5828,.T.);
#5828 = EDGE_CURVE('',#5445,#5434,#5829,.T.);
#5829 = CIRCLE('',#5830,0.45);
#5830 = AXIS2_PLACEMENT_3D('',#5831,#5832,#5833);
#5831 = CARTESIAN_POINT('',(177.09172508049,18.290233987161,
    28.326193051169));
#5832 = DIRECTION('',(-0.707106781187,-0.707106781187,0.));
#5833 = DIRECTION('',(6.350410228909E-02,-6.350410228909E-02,
    0.995959064412));
#5834 = ORIENTED_EDGE('',*,*,#5433,.F.);
#5835 = ORIENTED_EDGE('',*,*,#5710,.T.);
#5836 = ORIENTED_EDGE('',*,*,#5820,.T.);
#5837 = ORIENTED_EDGE('',*,*,#5812,.T.);
#5838 = CYLINDRICAL_SURFACE('',#5839,0.45);
#5839 = AXIS2_PLACEMENT_3D('',#5840,#5841,#5842);
#5840 = CARTESIAN_POINT('',(176.59675033366,17.79525924033,
    28.326193051169));
#5841 = DIRECTION('',(0.707106781187,0.707106781187,9.244463733059E-33)
  );
#5842 = DIRECTION('',(6.350410228909E-02,-6.350410228909E-02,
    0.995959064412));
#5843 = ADVANCED_FACE('',(#5844),#5848,.T.);
#5844 = FACE_BOUND('',#5845,.F.);
#5845 = EDGE_LOOP('',(#5846,#5847));
#5846 = ORIENTED_EDGE('',*,*,#5444,.F.);
#5847 = ORIENTED_EDGE('',*,*,#5828,.F.);
#5848 = PLANE('',#5849);
#5849 = AXIS2_PLACEMENT_3D('',#5850,#5851,#5852);
#5850 = CARTESIAN_POINT('',(175.26274093876,20.11921812889,
    15.787026710772));
#5851 = DIRECTION('',(0.707106781187,0.707106781187,9.244463733059E-33)
  );
#5852 = DIRECTION('',(-6.350410228909E-02,6.350410228909E-02,
    -0.995959064412));
#5853 = ADVANCED_FACE('',(#5854),#5933,.T.);
#5854 = FACE_BOUND('',#5855,.F.);
#5855 = EDGE_LOOP('',(#5856,#5895,#5896));
#5856 = ORIENTED_EDGE('',*,*,#5857,.F.);
#5857 = EDGE_CURVE('',#5614,#5858,#5860,.T.);
#5858 = VERTEX_POINT('',#5859);
#5859 = CARTESIAN_POINT('',(188.52443846907,31.083551956937,
    17.656752677393));
#5860 = B_SPLINE_CURVE_WITH_KNOTS('',5,(#5861,#5862,#5863,#5864,#5865,
    #5866,#5867,#5868,#5869,#5870,#5871,#5872,#5873,#5874,#5875,#5876,
    #5877,#5878,#5879,#5880,#5881,#5882,#5883,#5884,#5885,#5886,#5887,
    #5888,#5889,#5890,#5891,#5892,#5893,#5894),.UNSPECIFIED.,.T.,.F.,(6,
    4,4,4,4,4,4,4,6),(0.,0.139617865771,0.264630597059,0.387643047743,
    0.500950618145,0.612356903178,0.735369342863,0.860382076476,1.),
  .UNSPECIFIED.);
#5861 = CARTESIAN_POINT('',(188.52443846907,31.083551956937,
    17.656752677393));
#5862 = CARTESIAN_POINT('',(188.58004626102,31.027944164985,
    17.649661376085));
#5863 = CARTESIAN_POINT('',(188.63677357304,30.971216852958,
    17.659841732865));
#5864 = CARTESIAN_POINT('',(188.69099590738,30.916994518625,
    17.687775650655));
#5865 = CARTESIAN_POINT('',(188.73908421431,30.868906211695,
    17.731589971624));
#5866 = CARTESIAN_POINT('',(188.8137628201,30.7942276059,17.837788477092
    ));
#5867 = CARTESIAN_POINT('',(188.84209325803,30.765897167969,
    17.897775466834));
#5868 = CARTESIAN_POINT('',(188.86163629605,30.746354129955,
    17.964976176744));
#5869 = CARTESIAN_POINT('',(188.87135527445,30.736635151551,
    18.035817390334));
#5870 = CARTESIAN_POINT('',(188.87117058103,30.736819844975,
    18.176286135712));
#5871 = CARTESIAN_POINT('',(188.86157835899,30.746412067011,
    18.245942135788));
#5872 = CARTESIAN_POINT('',(188.84248369574,30.765506730259,
    18.312080890971));
#5873 = CARTESIAN_POINT('',(188.81486602165,30.793124404356,
    18.371298204389));
#5874 = CARTESIAN_POINT('',(188.74877012647,30.859220299535,
    18.466950242137));
#5875 = CARTESIAN_POINT('',(188.7113106645,30.896679761497,
    18.50482833427));
#5876 = CARTESIAN_POINT('',(188.66943007192,30.938560354086,
    18.532758542618));
#5877 = CARTESIAN_POINT('',(188.62494918578,30.983041240219,
    18.549521822279));
#5878 = CARTESIAN_POINT('',(188.53540217146,31.072588254545,
    18.560177273252));
#5879 = CARTESIAN_POINT('',(188.49034639159,31.117644034413,
    18.554449930528));
#5880 = CARTESIAN_POINT('',(188.44646156565,31.161528860356,
    18.537489296564));
#5881 = CARTESIAN_POINT('',(188.40559102368,31.20239940232,
    18.510012003172));
#5882 = CARTESIAN_POINT('',(188.32908233822,31.278908087781,
    18.433247188809));
#5883 = CARTESIAN_POINT('',(188.29441946184,31.313570964159,
    18.381972131264));
#5884 = CARTESIAN_POINT('',(188.26726657996,31.340723846042,
    18.321731042845));
#5885 = CARTESIAN_POINT('',(188.24901793814,31.35897248786,
    18.255625419705));
#5886 = CARTESIAN_POINT('',(188.23106759145,31.376922834554,
    18.117469323478));
#5887 = CARTESIAN_POINT('',(188.23166871327,31.376321712735,
    18.04531204694));
#5888 = CARTESIAN_POINT('',(188.24239592891,31.365594497093,
    17.974251154617));
#5889 = CARTESIAN_POINT('',(188.26268129604,31.345309129958,
    17.908064488629));
#5890 = CARTESIAN_POINT('',(188.32272165998,31.285268766024,
    17.784686077817));
#5891 = CARTESIAN_POINT('',(188.36449196641,31.243498459593,
    17.729412629588));
#5892 = CARTESIAN_POINT('',(188.41430615273,31.193684273277,
    17.688211576142));
#5893 = CARTESIAN_POINT('',(188.46883065348,31.13915977252,
    17.663843981715));
#5894 = CARTESIAN_POINT('',(188.52443846907,31.083551956937,
    17.656752677393));
#5895 = ORIENTED_EDGE('',*,*,#5613,.T.);
#5896 = ORIENTED_EDGE('',*,*,#5897,.F.);
#5897 = EDGE_CURVE('',#5858,#5616,#5898,.T.);
#5898 = B_SPLINE_CURVE_WITH_KNOTS('',5,(#5899,#5900,#5901,#5902,#5903,
    #5904,#5905,#5906,#5907,#5908,#5909,#5910,#5911,#5912,#5913,#5914,
    #5915,#5916,#5917,#5918,#5919,#5920,#5921,#5922,#5923,#5924,#5925,
    #5926,#5927,#5928,#5929,#5930,#5931,#5932),.UNSPECIFIED.,.T.,.F.,(6,
    4,4,4,4,4,4,4,6),(0.,0.139617865771,0.264630597059,0.387643047743,
    0.500950618145,0.612356903178,0.735369342863,0.860382076476,1.),
  .UNSPECIFIED.);
#5899 = CARTESIAN_POINT('',(188.52443846907,31.083551956937,
    17.656752677393));
#5900 = CARTESIAN_POINT('',(188.58004626102,31.027944164985,
    17.649661376085));
#5901 = CARTESIAN_POINT('',(188.63677357304,30.971216852958,
    17.659841732865));
#5902 = CARTESIAN_POINT('',(188.69099590738,30.916994518625,
    17.687775650655));
#5903 = CARTESIAN_POINT('',(188.73908421431,30.868906211695,
    17.731589971624));
#5904 = CARTESIAN_POINT('',(188.8137628201,30.7942276059,17.837788477092
    ));
#5905 = CARTESIAN_POINT('',(188.84209325803,30.765897167969,
    17.897775466834));
#5906 = CARTESIAN_POINT('',(188.86163629605,30.746354129955,
    17.964976176744));
#5907 = CARTESIAN_POINT('',(188.87135527445,30.736635151551,
    18.035817390334));
#5908 = CARTESIAN_POINT('',(188.87117058103,30.736819844975,
    18.176286135712));
#5909 = CARTESIAN_POINT('',(188.86157835899,30.746412067011,
    18.245942135788));
#5910 = CARTESIAN_POINT('',(188.84248369574,30.765506730259,
    18.312080890971));
#5911 = CARTESIAN_POINT('',(188.81486602165,30.793124404356,
    18.371298204389));
#5912 = CARTESIAN_POINT('',(188.74877012647,30.859220299535,
    18.466950242137));
#5913 = CARTESIAN_POINT('',(188.7113106645,30.896679761497,
    18.50482833427));
#5914 = CARTESIAN_POINT('',(188.66943007192,30.938560354086,
    18.532758542618));
#5915 = CARTESIAN_POINT('',(188.62494918578,30.983041240219,
    18.549521822279));
#5916 = CARTESIAN_POINT('',(188.53540217146,31.072588254545,
    18.560177273252));
#5917 = CARTESIAN_POINT('',(188.49034639159,31.117644034413,
    18.554449930528));
#5918 = CARTESIAN_POINT('',(188.44646156565,31.161528860356,
    18.537489296564));
#5919 = CARTESIAN_POINT('',(188.40559102368,31.20239940232,
    18.510012003172));
#5920 = CARTESIAN_POINT('',(188.32908233822,31.278908087781,
    18.433247188809));
#5921 = CARTESIAN_POINT('',(188.29441946184,31.313570964159,
    18.381972131264));
#5922 = CARTESIAN_POINT('',(188.26726657996,31.340723846042,
    18.321731042845));
#5923 = CARTESIAN_POINT('',(188.24901793814,31.35897248786,
    18.255625419705));
#5924 = CARTESIAN_POINT('',(188.23106759145,31.376922834554,
    18.117469323478));
#5925 = CARTESIAN_POINT('',(188.23166871327,31.376321712735,
    18.04531204694));
#5926 = CARTESIAN_POINT('',(188.24239592891,31.365594497093,
    17.974251154617));
#5927 = CARTESIAN_POINT('',(188.26268129604,31.345309129958,
    17.908064488629));
#5928 = CARTESIAN_POINT('',(188.32272165998,31.285268766024,
    17.784686077817));
#5929 = CARTESIAN_POINT('',(188.36449196641,31.243498459593,
    17.729412629588));
#5930 = CARTESIAN_POINT('',(188.41430615273,31.193684273277,
    17.688211576142));
#5931 = CARTESIAN_POINT('',(188.46883065348,31.13915977252,
    17.663843981715));
#5932 = CARTESIAN_POINT('',(188.52443846907,31.083551956937,
    17.656752677393));
#5933 = PLANE('',#5934);
#5934 = AXIS2_PLACEMENT_3D('',#5935,#5936,#5937);
#5935 = CARTESIAN_POINT('',(188.55250331048,31.055487115524,
    18.096904292633));
#5936 = DIRECTION('',(0.707106781187,0.707106781187,9.244463733059E-33)
  );
#5937 = DIRECTION('',(-6.350410228909E-02,6.350410228909E-02,
    -0.995959064412));
#5938 = ADVANCED_FACE('',(#5939),#6000,.T.);
#5939 = FACE_BOUND('',#5940,.F.);
#5940 = EDGE_LOOP('',(#5941,#5942,#5951,#5958,#5959,#5960,#5961,#5998,
    #5999));
#5941 = ORIENTED_EDGE('',*,*,#5897,.F.);
#5942 = ORIENTED_EDGE('',*,*,#5943,.F.);
#5943 = EDGE_CURVE('',#5944,#5858,#5946,.T.);
#5944 = VERTEX_POINT('',#5945);
#5945 = CARTESIAN_POINT('',(192.61596151837,34.466707874225,
    23.211548671901));
#5946 = CIRCLE('',#5947,5.585396184467);
#5947 = AXIS2_PLACEMENT_3D('',#5948,#5949,#5950);
#5948 = CARTESIAN_POINT('',(188.66649000072,30.517236356574,
    23.211548671901));
#5949 = DIRECTION('',(-0.70424940823,0.70424940823,8.980836272356E-02));
#5950 = DIRECTION('',(0.707106781187,0.707106781187,9.244463733059E-33)
  );
#5951 = ORIENTED_EDGE('',*,*,#5952,.T.);
#5952 = EDGE_CURVE('',#5944,#5944,#5953,.T.);
#5953 = CIRCLE('',#5954,0.45);
#5954 = AXIS2_PLACEMENT_3D('',#5955,#5956,#5957);
#5955 = CARTESIAN_POINT('',(192.29776346683,34.148509822691,
    23.211548671901));
#5956 = DIRECTION('',(-6.350410228909E-02,6.350410228909E-02,
    -0.995959064412));
#5957 = DIRECTION('',(0.707106781187,0.707106781187,9.244463733059E-33)
  );
#5958 = ORIENTED_EDGE('',*,*,#5943,.T.);
#5959 = ORIENTED_EDGE('',*,*,#5857,.F.);
#5960 = ORIENTED_EDGE('',*,*,#5624,.F.);
#5961 = ORIENTED_EDGE('',*,*,#5962,.F.);
#5962 = EDGE_CURVE('',#5665,#5625,#5963,.T.);
#5963 = B_SPLINE_CURVE_WITH_KNOTS('',5,(#5964,#5965,#5966,#5967,#5968,
    #5969,#5970,#5971,#5972,#5973,#5974,#5975,#5976,#5977,#5978,#5979,
    #5980,#5981,#5982,#5983,#5984,#5985,#5986,#5987,#5988,#5989,#5990,
    #5991,#5992,#5993,#5994,#5995,#5996,#5997),.UNSPECIFIED.,.T.,.F.,(6,
    4,4,4,4,4,4,4,6),(0.,0.139607573528,0.264630001869,0.387651696863,
    0.500950509723,0.612348258455,0.73536993402,0.860392366689,1.),
  .UNSPECIFIED.);
#5964 = CARTESIAN_POINT('',(188.02986246033,30.588178472009,
    17.663006239105));
#5965 = CARTESIAN_POINT('',(188.08547272688,30.532568205459,
    17.655914622227));
#5966 = CARTESIAN_POINT('',(188.14220399988,30.475836932459,
    17.666115666164));
#5967 = CARTESIAN_POINT('',(188.19642926592,30.421611666422,
    17.694091677254));
#5968 = CARTESIAN_POINT('',(188.24451870907,30.373522223272,
    17.737963586087));
#5969 = CARTESIAN_POINT('',(188.31920546009,30.298835472247,17.844298498
    ));
#5970 = CARTESIAN_POINT('',(188.34754074593,30.270500186409,
    17.90436532246));
#5971 = CARTESIAN_POINT('',(188.36708767564,30.250953256706,
    17.971652717953));
#5972 = CARTESIAN_POINT('',(188.37681182422,30.241229108124,
    18.042584564721));
#5973 = CARTESIAN_POINT('',(188.37663918841,30.241401743934,
    18.183236288959));
#5974 = CARTESIAN_POINT('',(188.36705386758,30.250987064757,
    18.252984351714));
#5975 = CARTESIAN_POINT('',(188.34796683242,30.270074099921,
    18.31921466625));
#5976 = CARTESIAN_POINT('',(188.32035459078,30.297686341562,
    18.378517941381));
#5977 = CARTESIAN_POINT('',(188.25426676337,30.363774168973,
    18.474303188096));
#5978 = CARTESIAN_POINT('',(188.2168122839,30.401228648444,
    18.512232989074));
#5979 = CARTESIAN_POINT('',(188.17493373135,30.443107200993,
    18.540201214118));
#5980 = CARTESIAN_POINT('',(188.13045205757,30.487588874767,
    18.556983310635));
#5981 = CARTESIAN_POINT('',(188.04090127404,30.577139658299,
    18.567637985056));
#5982 = CARTESIAN_POINT('',(187.99584237088,30.622198561464,
    18.561891693948));
#5983 = CARTESIAN_POINT('',(187.951954799,30.666086133337,
    18.544893308501));
#5984 = CARTESIAN_POINT('',(187.91108262306,30.706958309278,
    18.517364606857));
#5985 = CARTESIAN_POINT('',(187.83456502132,30.783475911019,
    18.440467693554));
#5986 = CARTESIAN_POINT('',(187.79989661561,30.818144316731,
    18.389106691207));
#5987 = CARTESIAN_POINT('',(187.77273965559,30.845301276754,
    18.328773595319));
#5988 = CARTESIAN_POINT('',(187.75448615583,30.863554776511,
    18.262575653053));
#5989 = CARTESIAN_POINT('',(187.73652451908,30.881516413265,
    18.124236480561));
#5990 = CARTESIAN_POINT('',(187.73711925973,30.880921672611,
    18.051988721387));
#5991 = CARTESIAN_POINT('',(187.74783933669,30.870201595655,
    17.98084155299));
#5992 = CARTESIAN_POINT('',(187.76811937359,30.849921558752,
    17.91457510915));
#5993 = CARTESIAN_POINT('',(187.82815049594,30.789890436397,
    17.791060422774));
#5994 = CARTESIAN_POINT('',(187.86991463646,30.748126295882,
    17.735730023868));
#5995 = CARTESIAN_POINT('',(187.91972638435,30.698314547993,
    17.694486811116));
#5996 = CARTESIAN_POINT('',(187.97425216772,30.64378876462,
    17.670097859306));
#5997 = CARTESIAN_POINT('',(188.02986246033,30.588178472009,
    17.663006239105));
#5998 = ORIENTED_EDGE('',*,*,#5673,.T.);
#5999 = ORIENTED_EDGE('',*,*,#5683,.F.);
#6000 = TOROIDAL_SURFACE('',#6001,5.135396184467,0.45);
#6001 = AXIS2_PLACEMENT_3D('',#6002,#6003,#6004);
#6002 = CARTESIAN_POINT('',(188.66649000072,30.517236356574,
    23.211548671901));
#6003 = DIRECTION('',(0.70424940823,-0.70424940823,-8.980836272356E-02)
  );
#6004 = DIRECTION('',(0.707106781187,0.707106781187,9.244463733059E-33)
  );
#6005 = ADVANCED_FACE('',(#6006),#6011,.F.);
#6006 = FACE_BOUND('',#6007,.T.);
#6007 = EDGE_LOOP('',(#6008,#6009,#6010));
#6008 = ORIENTED_EDGE('',*,*,#5664,.F.);
#6009 = ORIENTED_EDGE('',*,*,#5962,.T.);
#6010 = ORIENTED_EDGE('',*,*,#5637,.F.);
#6011 = PLANE('',#6012);
#6012 = AXIS2_PLACEMENT_3D('',#6013,#6014,#6015);
#6013 = CARTESIAN_POINT('',(186.88078187111,31.737259061235,
    15.787026710772));
#6014 = DIRECTION('',(0.707106781187,0.707106781187,9.244463733059E-33)
  );
#6015 = DIRECTION('',(-6.350410228909E-02,6.350410228909E-02,
    -0.995959064412));
#6016 = ADVANCED_FACE('',(#6017),#6097,.T.);
#6017 = FACE_BOUND('',#6018,.F.);
#6018 = EDGE_LOOP('',(#6019,#6020,#6021,#6060));
#6019 = ORIENTED_EDGE('',*,*,#5746,.T.);
#6020 = ORIENTED_EDGE('',*,*,#5804,.T.);
#6021 = ORIENTED_EDGE('',*,*,#6022,.T.);
#6022 = EDGE_CURVE('',#5795,#6023,#6025,.T.);
#6023 = VERTEX_POINT('',#6024);
#6024 = CARTESIAN_POINT('',(189.23280560108,30.375184824924,
    28.766344666409));
#6025 = B_SPLINE_CURVE_WITH_KNOTS('',5,(#6026,#6027,#6028,#6029,#6030,
    #6031,#6032,#6033,#6034,#6035,#6036,#6037,#6038,#6039,#6040,#6041,
    #6042,#6043,#6044,#6045,#6046,#6047,#6048,#6049,#6050,#6051,#6052,
    #6053,#6054,#6055,#6056,#6057,#6058,#6059),.UNSPECIFIED.,.T.,.F.,(6,
    4,4,4,4,4,4,4,6),(0.,0.139617865773,0.264630597061,0.387643047745,
    0.500950618155,0.612356903242,0.735369342928,0.86038207654,1.),
  .UNSPECIFIED.);
#6026 = CARTESIAN_POINT('',(189.23280560108,30.375184824924,
    28.766344666409));
#6027 = CARTESIAN_POINT('',(189.28841339303,30.319577032971,
    28.759253365101));
#6028 = CARTESIAN_POINT('',(189.34293786807,30.265052557932,
    28.734885788949));
#6029 = CARTESIAN_POINT('',(189.39275203721,30.215238388795,
    28.693684770141));
#6030 = CARTESIAN_POINT('',(189.43452233629,30.173468089715,
    28.638411363528));
#6031 = CARTESIAN_POINT('',(189.49456271818,30.113427707826,
    28.515033018685));
#6032 = CARTESIAN_POINT('',(189.51484810281,30.093142323195,
    28.448846368175));
#6033 = CARTESIAN_POINT('',(189.52557533847,30.082415087529,
    28.377785486447));
#6034 = CARTESIAN_POINT('',(189.52617648185,30.081813944156,
    28.305628214612));
#6035 = CARTESIAN_POINT('',(189.50822617763,30.099764248374,
    28.167472107949));
#6036 = CARTESIAN_POINT('',(189.48997755471,30.118012871292,
    28.101366470391));
#6037 = CARTESIAN_POINT('',(189.46282468905,30.145165736949,
    28.041125362835));
#6038 = CARTESIAN_POINT('',(189.42816182554,30.179828600463,
    27.989850282733));
#6039 = CARTESIAN_POINT('',(189.3510326269,30.2569577991,27.912462812943
    ));
#6040 = CARTESIAN_POINT('',(189.30938603844,30.298604387564,
    27.884672602725));
#6041 = CARTESIAN_POINT('',(189.26464799426,30.343342431738,
    27.867788307741));
#6042 = CARTESIAN_POINT('',(189.21876416244,30.389226263564,
    27.862548654902));
#6043 = CARTESIAN_POINT('',(189.12931377752,30.47867664848,
    27.874719582163));
#6044 = CARTESIAN_POINT('',(189.08570927627,30.522281149737,
    27.891753195938));
#6045 = CARTESIAN_POINT('',(189.04467779505,30.563312630952,
    27.919542656228));
#6046 = CARTESIAN_POINT('',(189.0079422787,30.600048147305,
    27.956916547299));
#6047 = CARTESIAN_POINT('',(188.94237812437,30.665612301629,
    28.051798990193));
#6048 = CARTESIAN_POINT('',(188.91476043478,30.69322999122,
    28.111016284688));
#6049 = CARTESIAN_POINT('',(188.89566575317,30.712324672836,
    28.177155025159));
#6050 = CARTESIAN_POINT('',(188.88607351073,30.721916915271,
    28.246811015836));
#6051 = CARTESIAN_POINT('',(188.88588877424,30.722101651767,
    28.387279761692));
#6052 = CARTESIAN_POINT('',(188.89560773205,30.712382693956,
    28.458120985357));
#6053 = CARTESIAN_POINT('',(188.91515075172,30.692839674284,
    28.525321710746));
#6054 = CARTESIAN_POINT('',(188.94348117441,30.664509251592,
    28.585308720127));
#6055 = CARTESIAN_POINT('',(189.0181597709,30.589830655106,
    28.691507294977));
#6056 = CARTESIAN_POINT('',(189.06624809031,30.541742335692,
    28.73532165499));
#6057 = CARTESIAN_POINT('',(189.1204704459,30.487519980098,
    28.763255602485));
#6058 = CARTESIAN_POINT('',(189.17719778552,30.430792640481,
    28.773435970727));
#6059 = CARTESIAN_POINT('',(189.23280560108,30.375184824924,
    28.766344666409));
#6060 = ORIENTED_EDGE('',*,*,#6061,.T.);
#6061 = EDGE_CURVE('',#6023,#5747,#6062,.T.);
#6062 = B_SPLINE_CURVE_WITH_KNOTS('',5,(#6063,#6064,#6065,#6066,#6067,
    #6068,#6069,#6070,#6071,#6072,#6073,#6074,#6075,#6076,#6077,#6078,
    #6079,#6080,#6081,#6082,#6083,#6084,#6085,#6086,#6087,#6088,#6089,
    #6090,#6091,#6092,#6093,#6094,#6095,#6096),.UNSPECIFIED.,.T.,.F.,(6,
    4,4,4,4,4,4,4,6),(0.,0.139617865773,0.264630597061,0.387643047745,
    0.500950618155,0.612356903242,0.735369342928,0.86038207654,1.),
  .UNSPECIFIED.);
#6063 = CARTESIAN_POINT('',(189.23280560108,30.375184824924,
    28.766344666409));
#6064 = CARTESIAN_POINT('',(189.28841339303,30.319577032971,
    28.759253365101));
#6065 = CARTESIAN_POINT('',(189.34293786807,30.265052557932,
    28.734885788949));
#6066 = CARTESIAN_POINT('',(189.39275203721,30.215238388795,
    28.693684770141));
#6067 = CARTESIAN_POINT('',(189.43452233629,30.173468089715,
    28.638411363528));
#6068 = CARTESIAN_POINT('',(189.49456271818,30.113427707826,
    28.515033018685));
#6069 = CARTESIAN_POINT('',(189.51484810281,30.093142323195,
    28.448846368175));
#6070 = CARTESIAN_POINT('',(189.52557533847,30.082415087529,
    28.377785486447));
#6071 = CARTESIAN_POINT('',(189.52617648185,30.081813944156,
    28.305628214612));
#6072 = CARTESIAN_POINT('',(189.50822617763,30.099764248374,
    28.167472107949));
#6073 = CARTESIAN_POINT('',(189.48997755471,30.118012871292,
    28.101366470391));
#6074 = CARTESIAN_POINT('',(189.46282468905,30.145165736949,
    28.041125362835));
#6075 = CARTESIAN_POINT('',(189.42816182554,30.179828600463,
    27.989850282733));
#6076 = CARTESIAN_POINT('',(189.3510326269,30.2569577991,27.912462812943
    ));
#6077 = CARTESIAN_POINT('',(189.30938603844,30.298604387564,
    27.884672602725));
#6078 = CARTESIAN_POINT('',(189.26464799426,30.343342431738,
    27.867788307741));
#6079 = CARTESIAN_POINT('',(189.21876416244,30.389226263564,
    27.862548654902));
#6080 = CARTESIAN_POINT('',(189.12931377752,30.47867664848,
    27.874719582163));
#6081 = CARTESIAN_POINT('',(189.08570927627,30.522281149737,
    27.891753195938));
#6082 = CARTESIAN_POINT('',(189.04467779505,30.563312630952,
    27.919542656228));
#6083 = CARTESIAN_POINT('',(189.0079422787,30.600048147305,
    27.956916547299));
#6084 = CARTESIAN_POINT('',(188.94237812437,30.665612301629,
    28.051798990193));
#6085 = CARTESIAN_POINT('',(188.91476043478,30.69322999122,
    28.111016284688));
#6086 = CARTESIAN_POINT('',(188.89566575317,30.712324672836,
    28.177155025159));
#6087 = CARTESIAN_POINT('',(188.88607351073,30.721916915271,
    28.246811015836));
#6088 = CARTESIAN_POINT('',(188.88588877424,30.722101651767,
    28.387279761692));
#6089 = CARTESIAN_POINT('',(188.89560773205,30.712382693956,
    28.458120985357));
#6090 = CARTESIAN_POINT('',(188.91515075172,30.692839674284,
    28.525321710746));
#6091 = CARTESIAN_POINT('',(188.94348117441,30.664509251592,
    28.585308720127));
#6092 = CARTESIAN_POINT('',(189.0181597709,30.589830655106,
    28.691507294977));
#6093 = CARTESIAN_POINT('',(189.06624809031,30.541742335692,
    28.73532165499));
#6094 = CARTESIAN_POINT('',(189.1204704459,30.487519980098,
    28.763255602485));
#6095 = CARTESIAN_POINT('',(189.17719778552,30.430792640481,
    28.773435970727));
#6096 = CARTESIAN_POINT('',(189.23280560108,30.375184824924,
    28.766344666409));
#6097 = PLANE('',#6098);
#6098 = AXIS2_PLACEMENT_3D('',#6099,#6100,#6101);
#6099 = CARTESIAN_POINT('',(189.20474075967,30.403249666337,
    28.326193051169));
#6100 = DIRECTION('',(0.707106781187,0.707106781187,9.244463733059E-33)
  );
#6101 = DIRECTION('',(-6.350410228909E-02,6.350410228909E-02,
    -0.995959064412));
#6102 = ADVANCED_FACE('',(#6103),#6157,.T.);
#6103 = FACE_BOUND('',#6104,.F.);
#6104 = EDGE_LOOP('',(#6105,#6106,#6113,#6114,#6115,#6116,#6117,#6118,
    #6155,#6156));
#6105 = ORIENTED_EDGE('',*,*,#6022,.T.);
#6106 = ORIENTED_EDGE('',*,*,#6107,.T.);
#6107 = EDGE_CURVE('',#6023,#5944,#6108,.T.);
#6108 = CIRCLE('',#6109,5.585396184467);
#6109 = AXIS2_PLACEMENT_3D('',#6110,#6111,#6112);
#6110 = CARTESIAN_POINT('',(188.66649000072,30.517236356574,
    23.211548671901));
#6111 = DIRECTION('',(-0.70424940823,0.70424940823,8.980836272356E-02));
#6112 = DIRECTION('',(0.707106781187,0.707106781187,9.244463733059E-33)
  );
#6113 = ORIENTED_EDGE('',*,*,#5952,.F.);
#6114 = ORIENTED_EDGE('',*,*,#6107,.F.);
#6115 = ORIENTED_EDGE('',*,*,#6061,.T.);
#6116 = ORIENTED_EDGE('',*,*,#5755,.T.);
#6117 = ORIENTED_EDGE('',*,*,#5765,.F.);
#6118 = ORIENTED_EDGE('',*,*,#6119,.T.);
#6119 = EDGE_CURVE('',#5766,#5776,#6120,.T.);
#6120 = B_SPLINE_CURVE_WITH_KNOTS('',5,(#6121,#6122,#6123,#6124,#6125,
    #6126,#6127,#6128,#6129,#6130,#6131,#6132,#6133,#6134,#6135,#6136,
    #6137,#6138,#6139,#6140,#6141,#6142,#6143,#6144,#6145,#6146,#6147,
    #6148,#6149,#6150,#6151,#6152,#6153,#6154),.UNSPECIFIED.,.T.,.F.,(6,
    4,4,4,4,4,4,4,6),(0.,0.139607573522,0.264630001862,0.387651696857,
    0.5009505097,0.61234825833,0.735369933895,0.860392366564,1.),
  .UNSPECIFIED.);
#6121 = CARTESIAN_POINT('',(188.73743211615,29.880608816191,
    28.760091104697));
#6122 = CARTESIAN_POINT('',(188.7930423827,29.824998549643,
    28.75299948782));
#6123 = CARTESIAN_POINT('',(188.84756813799,29.770472794351,
    28.728610556134));
#6124 = CARTESIAN_POINT('',(188.89737986695,29.720661065395,
    28.687367381349));
#6125 = CARTESIAN_POINT('',(188.93914399934,29.678896933,28.632037028381
    ));
#6126 = CARTESIAN_POINT('',(188.99917514034,29.618865791999,
    28.508522416824));
#6127 = CARTESIAN_POINT('',(189.01945519599,29.598585736351,
    28.442255992947));
#6128 = CARTESIAN_POINT('',(189.03017529528,29.587865637061,
    28.37110883941));
#6129 = CARTESIAN_POINT('',(189.03077006079,29.587270871549,
    28.298861088407));
#6130 = CARTESIAN_POINT('',(189.01280847379,29.605232458556,
    28.160521904074));
#6131 = CARTESIAN_POINT('',(188.99455499529,29.623485937048,
    28.094323942969));
#6132 = CARTESIAN_POINT('',(188.96739805288,29.650642879465,
    28.033990823181));
#6133 = CARTESIAN_POINT('',(188.93272966046,29.685311271878,
    27.982629793662));
#6134 = CARTESIAN_POINT('',(188.8555915492,29.762449383143,
    27.905109222647));
#6135 = CARTESIAN_POINT('',(188.81394332195,29.804097610387,
    27.877266877186));
#6136 = CARTESIAN_POINT('',(188.769202476,29.848838456338,
    27.860344662642));
#6137 = CARTESIAN_POINT('',(188.72331548901,29.894725443328,
    27.855086695738));
#6138 = CARTESIAN_POINT('',(188.63386149399,29.984179438348,
    27.86725934056));
#6139 = CARTESIAN_POINT('',(188.59025631676,30.027784615586,
    27.884312387172));
#6140 = CARTESIAN_POINT('',(188.54922690932,30.068814023018,
    27.912139684584));
#6141 = CARTESIAN_POINT('',(188.51249628827,30.105544644076,
    27.949564567912));
#6142 = CARTESIAN_POINT('',(188.44694007131,30.171100861035,
    28.044579234402));
#6143 = CARTESIAN_POINT('',(188.41932781311,30.19871311923,
    28.103882486136));
#6144 = CARTESIAN_POINT('',(188.40024075757,30.217800174774,
    28.170112781591));
#6145 = CARTESIAN_POINT('',(188.3906554134,30.227385518938,
    28.239860831181));
#6146 = CARTESIAN_POINT('',(188.39048272708,30.227558205263,
    28.380512556355));
#6147 = CARTESIAN_POINT('',(188.4002068522,30.217834080143,
    28.45144441746));
#6148 = CARTESIAN_POINT('',(188.41975376177,30.198287170569,
    28.518731833244));
#6149 = CARTESIAN_POINT('',(188.44808903166,30.16995190068,
    28.578798682117));
#6150 = CARTESIAN_POINT('',(188.52277577378,30.095265158558,
    28.685133672486));
#6151 = CARTESIAN_POINT('',(188.57086523076,30.047175701583,
    28.72900562454));
#6152 = CARTESIAN_POINT('',(188.62509052027,29.992950412074,
    28.756981668249));
#6153 = CARTESIAN_POINT('',(188.68182182349,29.936219108851,
    28.767182724905));
#6154 = CARTESIAN_POINT('',(188.73743211615,29.880608816191,
    28.760091104697));
#6155 = ORIENTED_EDGE('',*,*,#5784,.T.);
#6156 = ORIENTED_EDGE('',*,*,#5794,.F.);
#6157 = TOROIDAL_SURFACE('',#6158,5.135396184467,0.45);
#6158 = AXIS2_PLACEMENT_3D('',#6159,#6160,#6161);
#6159 = CARTESIAN_POINT('',(188.66649000072,30.517236356574,
    23.211548671901));
#6160 = DIRECTION('',(0.70424940823,-0.70424940823,-8.980836272356E-02)
  );
#6161 = DIRECTION('',(0.707106781187,0.707106781187,9.244463733059E-33)
  );
#6162 = ADVANCED_FACE('',(#6163),#6167,.F.);
#6163 = FACE_BOUND('',#6164,.T.);
#6164 = EDGE_LOOP('',(#6165,#6166));
#6165 = ORIENTED_EDGE('',*,*,#6119,.F.);
#6166 = ORIENTED_EDGE('',*,*,#5775,.F.);
#6167 = PLANE('',#6168);
#6168 = AXIS2_PLACEMENT_3D('',#6169,#6170,#6171);
#6169 = CARTESIAN_POINT('',(186.88078187111,31.737259061235,
    15.787026710772));
#6170 = DIRECTION('',(0.707106781187,0.707106781187,9.244463733059E-33)
  );
#6171 = DIRECTION('',(-6.350410228909E-02,6.350410228909E-02,
    -0.995959064412));
#6172 = ( GEOMETRIC_REPRESENTATION_CONTEXT(3) 
GLOBAL_UNCERTAINTY_ASSIGNED_CONTEXT((#6176)) 
GLOBAL_UNIT_ASSIGNED_CONTEXT((#6173,#6174,#6175)) REPRESENTATION_CONTEXT
('Context #1','3D Context with UNIT and UNCERTAINTY') );
#6173 = ( LENGTH_UNIT() NAMED_UNIT(*) SI_UNIT(.MILLI.,.METRE.) );
#6174 = ( NAMED_UNIT(*) PLANE_ANGLE_UNIT() SI_UNIT($,.RADIAN.) );
#6175 = ( NAMED_UNIT(*) SI_UNIT($,.STERADIAN.) SOLID_ANGLE_UNIT() );
#6176 = UNCERTAINTY_MEASURE_WITH_UNIT(LENGTH_MEASURE(2.E-07),#6173,
  'distance_accuracy_value','confusion accuracy');
#6177 = PRODUCT_RELATED_PRODUCT_CATEGORY('part',$,(#7));
ENDSEC;
END-ISO-10303-21;
