ISO-10303-21;
HEADER;
FILE_DESCRIPTION(('FreeCAD Model'),'2;1');
FILE_NAME('Open CASCADE Shape Model','2026-09-26T11:04:28',('FreeCAD'),(
    'FreeCAD'),'Open CASCADE STEP processor 7.8','FreeCAD','Unknown');
FILE_SCHEMA(('AUTOMOTIVE_DESIGN { 1 0 10303 214 1 1 1 1 }'));
ENDSEC;
DATA;
#1 = APPLICATION_PROTOCOL_DEFINITION('international standard',
  'automotive_design',2000,#2);
#2 = APPLICATION_CONTEXT(
  'core data for automotive mechanical design processes');
#3 = SHAPE_DEFINITION_REPRESENTATION(#4,#10);
#4 = PRODUCT_DEFINITION_SHAPE('','',#5);
#5 = PRODUCT_DEFINITION('design','',#6,#9);
#6 = PRODUCT_DEFINITION_FORMATION('','',#7);
#7 = PRODUCT('Open CASCADE STEP translator 7.8 20',
  'Open CASCADE STEP translator 7.8 20','',(#8));
#8 = PRODUCT_CONTEXT('',#2,'mechanical');
#9 = PRODUCT_DEFINITION_CONTEXT('part definition',#2,'design');
#10 = ADVANCED_BREP_SHAPE_REPRESENTATION('',(#11,#15),#3374);
#11 = AXIS2_PLACEMENT_3D('',#12,#13,#14);
#12 = CARTESIAN_POINT('',(0.,0.,0.));
#13 = DIRECTION('',(0.,0.,1.));
#14 = DIRECTION('',(1.,0.,-0.));
#15 = MANIFOLD_SOLID_BREP('',#16);
#16 = CLOSED_SHELL('',(#17,#59,#186,#501,#701,#719,#737,#1031,#1088,
    #1112,#1154,#1179,#1236,#1279,#1303,#1353,#1378,#1419,#1462,#1493,
    #1517,#1541,#1566,#1591,#1616,#1640,#1664,#1749,#1766,#1785,#1803,
    #1828,#1852,#1868,#1880,#1905,#1930,#1955,#1980,#2156,#2180,#2196,
    #2208,#2259,#2269,#2296,#2323,#2340,#2404,#2416,#2433,#2445,#2457,
    #2505,#2521,#2536,#2567,#2647,#2671,#2744,#2775,#2855,#2935,#2952,
    #2970,#2995,#3020,#3037,#3057,#3077,#3087,#3109,#3130,#3147,#3159,
    #3184,#3209,#3226,#3238,#3263,#3288,#3297,#3306,#3323,#3340,#3357));
#17 = ADVANCED_FACE('',(#18),#54,.T.);
#18 = FACE_BOUND('',#19,.T.);
#19 = EDGE_LOOP('',(#20,#30,#39,#47));
#20 = ORIENTED_EDGE('',*,*,#21,.F.);
#21 = EDGE_CURVE('',#22,#24,#26,.T.);
#22 = VERTEX_POINT('',#23);
#23 = CARTESIAN_POINT('',(28.230778162938,5.076073829577,0.));
#24 = VERTEX_POINT('',#25);
#25 = CARTESIAN_POINT('',(28.230778162938,5.076073829577,3.));
#26 = LINE('',#27,#28);
#27 = CARTESIAN_POINT('',(28.230778162938,5.076073829577,0.));
#28 = VECTOR('',#29,1.);
#29 = DIRECTION('',(0.,0.,1.));
#30 = ORIENTED_EDGE('',*,*,#31,.T.);
#31 = EDGE_CURVE('',#22,#32,#34,.T.);
#32 = VERTEX_POINT('',#33);
#33 = CARTESIAN_POINT('',(72.832807662616,45.330176935864,0.));
#34 = CIRCLE('',#35,94.);
#35 = AXIS2_PLACEMENT_3D('',#36,#37,#38);
#36 = CARTESIAN_POINT('',(-9.145181658417,91.325929640659,0.));
#37 = DIRECTION('',(0.,0.,1.));
#38 = DIRECTION('',(1.,0.,-0.));
#39 = ORIENTED_EDGE('',*,*,#40,.T.);
#40 = EDGE_CURVE('',#32,#41,#43,.T.);
#41 = VERTEX_POINT('',#42);
#42 = CARTESIAN_POINT('',(72.832807662616,45.330176935864,3.));
#43 = LINE('',#44,#45);
#44 = CARTESIAN_POINT('',(72.832807662616,45.330176935865,0.));
#45 = VECTOR('',#46,1.);
#46 = DIRECTION('',(0.,0.,1.));
#47 = ORIENTED_EDGE('',*,*,#48,.F.);
#48 = EDGE_CURVE('',#24,#41,#49,.T.);
#49 = CIRCLE('',#50,94.);
#50 = AXIS2_PLACEMENT_3D('',#51,#52,#53);
#51 = CARTESIAN_POINT('',(-9.145181658417,91.325929640659,3.));
#52 = DIRECTION('',(0.,0.,1.));
#53 = DIRECTION('',(1.,0.,-0.));
#54 = CYLINDRICAL_SURFACE('',#55,94.);
#55 = AXIS2_PLACEMENT_3D('',#56,#57,#58);
#56 = CARTESIAN_POINT('',(-9.145181658417,91.325929640659,0.));
#57 = DIRECTION('',(0.,0.,1.));
#58 = DIRECTION('',(1.,0.,-0.));
#59 = ADVANCED_FACE('',(#60),#181,.F.);
#60 = FACE_BOUND('',#61,.F.);
#61 = EDGE_LOOP('',(#62,#63,#71,#79,#87,#95,#103,#111,#119,#127,#135,
    #143,#151,#159,#167,#175));
#62 = ORIENTED_EDGE('',*,*,#21,.F.);
#63 = ORIENTED_EDGE('',*,*,#64,.T.);
#64 = EDGE_CURVE('',#22,#65,#67,.T.);
#65 = VERTEX_POINT('',#66);
#66 = CARTESIAN_POINT('',(27.037928381406,7.828728802271,0.));
#67 = LINE('',#68,#69);
#68 = CARTESIAN_POINT('',(70.378137110424,-92.18440187228,0.));
#69 = VECTOR('',#70,1.);
#70 = DIRECTION('',(-0.397616593844,0.917551657565,0.));
#71 = ORIENTED_EDGE('',*,*,#72,.T.);
#72 = EDGE_CURVE('',#65,#73,#75,.T.);
#73 = VERTEX_POINT('',#74);
#74 = CARTESIAN_POINT('',(16.854818341583,31.327570754184,0.));
#75 = LINE('',#76,#77);
#76 = CARTESIAN_POINT('',(70.378137110424,-92.18440187228,0.));
#77 = VECTOR('',#78,1.);
#78 = DIRECTION('',(-0.397616593844,0.917551657565,0.));
#79 = ORIENTED_EDGE('',*,*,#80,.T.);
#80 = EDGE_CURVE('',#73,#81,#83,.T.);
#81 = VERTEX_POINT('',#82);
#82 = CARTESIAN_POINT('',(9.876307623495,47.431385775605,0.));
#83 = LINE('',#84,#85);
#84 = CARTESIAN_POINT('',(70.378137110424,-92.18440187228,0.));
#85 = VECTOR('',#86,1.);
#86 = DIRECTION('',(-0.397616593844,0.917551657565,0.));
#87 = ORIENTED_EDGE('',*,*,#88,.T.);
#88 = EDGE_CURVE('',#81,#89,#91,.T.);
#89 = VERTEX_POINT('',#90);
#90 = CARTESIAN_POINT('',(9.876307623495,47.431385775605,5.));
#91 = LINE('',#92,#93);
#92 = CARTESIAN_POINT('',(9.876307623495,47.431385775605,-0.2));
#93 = VECTOR('',#94,1.);
#94 = DIRECTION('',(0.,0.,1.));
#95 = ORIENTED_EDGE('',*,*,#96,.T.);
#96 = EDGE_CURVE('',#89,#97,#99,.T.);
#97 = VERTEX_POINT('',#98);
#98 = CARTESIAN_POINT('',(9.293063005691,48.777298079359,5.));
#99 = LINE('',#100,#101);
#100 = CARTESIAN_POINT('',(78.915286124487,-111.8849761189,5.));
#101 = VECTOR('',#102,1.);
#102 = DIRECTION('',(-0.397616593844,0.917551657565,0.));
#103 = ORIENTED_EDGE('',*,*,#104,.F.);
#104 = EDGE_CURVE('',#105,#97,#107,.T.);
#105 = VERTEX_POINT('',#106);
#106 = CARTESIAN_POINT('',(9.293063005691,48.777298079359,7.6));
#107 = LINE('',#108,#109);
#108 = CARTESIAN_POINT('',(9.293063005691,48.777298079359,-197.5));
#109 = VECTOR('',#110,1.);
#110 = DIRECTION('',(0.,0.,-1.));
#111 = ORIENTED_EDGE('',*,*,#112,.T.);
#112 = EDGE_CURVE('',#105,#113,#115,.T.);
#113 = VERTEX_POINT('',#114);
#114 = CARTESIAN_POINT('',(9.136035657135,49.139658972193,7.6));
#115 = LINE('',#116,#117);
#116 = CARTESIAN_POINT('',(77.981626873607,-109.73043678,7.6));
#117 = VECTOR('',#118,1.);
#118 = DIRECTION('',(-0.397616593844,0.917551657565,0.));
#119 = ORIENTED_EDGE('',*,*,#120,.T.);
#120 = EDGE_CURVE('',#113,#121,#123,.T.);
#121 = VERTEX_POINT('',#122);
#122 = CARTESIAN_POINT('',(8.497674139988,50.61276064162,7.6));
#123 = LINE('',#124,#125);
#124 = CARTESIAN_POINT('',(78.915286124487,-111.8849761189,7.6));
#125 = VECTOR('',#126,1.);
#126 = DIRECTION('',(-0.397616593844,0.917551657565,0.));
#127 = ORIENTED_EDGE('',*,*,#128,.T.);
#128 = EDGE_CURVE('',#121,#129,#131,.T.);
#129 = VERTEX_POINT('',#130);
#130 = CARTESIAN_POINT('',(8.497674139988,50.61276064162,10.));
#131 = LINE('',#132,#133);
#132 = CARTESIAN_POINT('',(8.497674139988,50.61276064162,7.3));
#133 = VECTOR('',#134,1.);
#134 = DIRECTION('',(0.,0.,1.));
#135 = ORIENTED_EDGE('',*,*,#136,.F.);
#136 = EDGE_CURVE('',#137,#129,#139,.T.);
#137 = VERTEX_POINT('',#138);
#138 = CARTESIAN_POINT('',(16.854818341583,31.327570754184,10.));
#139 = LINE('',#140,#141);
#140 = CARTESIAN_POINT('',(85.579565596826,-127.2636619459,10.));
#141 = VECTOR('',#142,1.);
#142 = DIRECTION('',(-0.397616593844,0.917551657565,0.));
#143 = ORIENTED_EDGE('',*,*,#144,.F.);
#144 = EDGE_CURVE('',#145,#137,#147,.T.);
#145 = VERTEX_POINT('',#146);
#146 = CARTESIAN_POINT('',(16.854818341583,31.327570754184,3.));
#147 = LINE('',#148,#149);
#148 = CARTESIAN_POINT('',(16.854818341583,31.327570754184,-200.));
#149 = VECTOR('',#150,1.);
#150 = DIRECTION('',(0.,-0.,1.));
#151 = ORIENTED_EDGE('',*,*,#152,.F.);
#152 = EDGE_CURVE('',#153,#145,#155,.T.);
#153 = VERTEX_POINT('',#154);
#154 = CARTESIAN_POINT('',(27.037928381406,7.828728802271,3.));
#155 = LINE('',#156,#157);
#156 = CARTESIAN_POINT('',(70.378137110424,-92.18440187228,3.));
#157 = VECTOR('',#158,1.);
#158 = DIRECTION('',(-0.397616593844,0.917551657565,0.));
#159 = ORIENTED_EDGE('',*,*,#160,.T.);
#160 = EDGE_CURVE('',#153,#161,#163,.T.);
#161 = VERTEX_POINT('',#162);
#162 = CARTESIAN_POINT('',(27.037928381406,7.828728802271,35.));
#163 = LINE('',#164,#165);
#164 = CARTESIAN_POINT('',(27.037928381406,7.828728802271,0.));
#165 = VECTOR('',#166,1.);
#166 = DIRECTION('',(0.,0.,1.));
#167 = ORIENTED_EDGE('',*,*,#168,.F.);
#168 = EDGE_CURVE('',#169,#161,#171,.T.);
#169 = VERTEX_POINT('',#170);
#170 = CARTESIAN_POINT('',(28.230778162938,5.076073829577,35.));
#171 = LINE('',#172,#173);
#172 = CARTESIAN_POINT('',(70.378137110424,-92.18440187228,35.));
#173 = VECTOR('',#174,1.);
#174 = DIRECTION('',(-0.397616593844,0.917551657565,0.));
#175 = ORIENTED_EDGE('',*,*,#176,.F.);
#176 = EDGE_CURVE('',#24,#169,#177,.T.);
#177 = LINE('',#178,#179);
#178 = CARTESIAN_POINT('',(28.230778162938,5.076073829577,0.));
#179 = VECTOR('',#180,1.);
#180 = DIRECTION('',(0.,0.,1.));
#181 = PLANE('',#182);
#182 = AXIS2_PLACEMENT_3D('',#183,#184,#185);
#183 = CARTESIAN_POINT('',(149.90145587926,-275.6947333852,-400.));
#184 = DIRECTION('',(0.917551657565,0.397616593844,0.));
#185 = DIRECTION('',(-0.397616593844,0.917551657565,0.));
#186 = ADVANCED_FACE('',(#187,#206,#445),#496,.T.);
#187 = FACE_BOUND('',#188,.T.);
#188 = EDGE_LOOP('',(#189,#190,#191,#199));
#189 = ORIENTED_EDGE('',*,*,#176,.F.);
#190 = ORIENTED_EDGE('',*,*,#48,.T.);
#191 = ORIENTED_EDGE('',*,*,#192,.T.);
#192 = EDGE_CURVE('',#41,#193,#195,.T.);
#193 = VERTEX_POINT('',#194);
#194 = CARTESIAN_POINT('',(72.832807662616,45.330176935864,35.));
#195 = LINE('',#196,#197);
#196 = CARTESIAN_POINT('',(72.832807662616,45.330176935865,0.));
#197 = VECTOR('',#198,1.);
#198 = DIRECTION('',(0.,0.,1.));
#199 = ORIENTED_EDGE('',*,*,#200,.F.);
#200 = EDGE_CURVE('',#169,#193,#201,.T.);
#201 = CIRCLE('',#202,94.);
#202 = AXIS2_PLACEMENT_3D('',#203,#204,#205);
#203 = CARTESIAN_POINT('',(-9.145181658417,91.325929640659,35.));
#204 = DIRECTION('',(0.,0.,1.));
#205 = DIRECTION('',(1.,0.,-0.));
#206 = FACE_BOUND('',#207,.T.);
#207 = EDGE_LOOP('',(#208,#219,#227,#290,#353,#361,#370,#378,#439));
#208 = ORIENTED_EDGE('',*,*,#209,.F.);
#209 = EDGE_CURVE('',#210,#212,#214,.T.);
#210 = VERTEX_POINT('',#211);
#211 = CARTESIAN_POINT('',(29.244628471761,5.522535312876,
    12.751049078972));
#212 = VERTEX_POINT('',#213);
#213 = CARTESIAN_POINT('',(63.064188362287,31.144479996993,
    12.751049078972));
#214 = ELLIPSE('',#215,94.473554634366,94.);
#215 = AXIS2_PLACEMENT_3D('',#216,#217,#218);
#216 = CARTESIAN_POINT('',(-9.145181658417,91.325929640659,
    21.954659662667));
#217 = DIRECTION('',(6.038736503325E-02,-7.970800552228E-02,
    0.994987437107));
#218 = DIRECTION('',(-0.600846695681,0.793084641315,0.1));
#219 = ORIENTED_EDGE('',*,*,#220,.T.);
#220 = EDGE_CURVE('',#210,#221,#223,.T.);
#221 = VERTEX_POINT('',#222);
#222 = CARTESIAN_POINT('',(29.244628471761,5.522535312876,
    20.331010234143));
#223 = LINE('',#224,#225);
#224 = CARTESIAN_POINT('',(29.244628471761,5.522535312876,
    -1.777879557749E-16));
#225 = VECTOR('',#226,1.);
#226 = DIRECTION('',(0.,0.,1.));
#227 = ORIENTED_EDGE('',*,*,#228,.F.);
#228 = EDGE_CURVE('',#229,#221,#231,.T.);
#229 = VERTEX_POINT('',#230);
#230 = CARTESIAN_POINT('',(29.05709416343,5.438875191041,21.801069195272
    ));
#231 = B_SPLINE_CURVE_WITH_KNOTS('',8,(#232,#233,#234,#235,#236,#237,
    #238,#239,#240,#241,#242,#243,#244,#245,#246,#247,#248,#249,#250,
    #251,#252,#253,#254,#255,#256,#257,#258,#259,#260,#261,#262,#263,
    #264,#265,#266,#267,#268,#269,#270,#271,#272,#273,#274,#275,#276,
    #277,#278,#279,#280,#281,#282,#283,#284,#285,#286,#287,#288,#289),
  .UNSPECIFIED.,.T.,.F.,(9,7,7,7,7,7,7,7,9),(0.,0.144042897639,
    0.260309104688,0.380788857645,0.504320961985,0.628109379863,
    0.731237272106,0.839569620558,1.),.UNSPECIFIED.);
#232 = CARTESIAN_POINT('',(29.05709416343,5.438875191041,21.801069195272
    ));
#233 = CARTESIAN_POINT('',(29.05709416343,5.438875191041,21.265444901576
    ));
#234 = CARTESIAN_POINT('',(29.113347862921,5.463896756114,
    20.731246050263));
#235 = CARTESIAN_POINT('',(29.224811588553,5.5134750506,20.202145118252)
  );
#236 = CARTESIAN_POINT('',(29.391659305528,5.587936037288,
    19.681851367915));
#237 = CARTESIAN_POINT('',(29.614955918517,5.688223409705,
    19.174890451797));
#238 = CARTESIAN_POINT('',(29.896401183334,5.815836998967,
    18.687141224844));
#239 = CARTESIAN_POINT('',(30.237970684671,5.972748855391,
    18.226552754217));
#240 = CARTESIAN_POINT('',(30.966817269657,6.313244440201,
    17.463770187428));
#241 = CARTESIAN_POINT('',(31.3397375165,6.489194311832,17.140667157612)
  );
#242 = CARTESIAN_POINT('',(31.75828632353,6.689087616846,16.849020382778
    ));
#243 = CARTESIAN_POINT('',(32.218233414144,6.911986952553,
    16.601395742201));
#244 = CARTESIAN_POINT('',(32.713187707559,7.155947730472,
    16.408990778943));
#245 = CARTESIAN_POINT('',(33.23505710727,7.417997513577,16.281524433933
    ));
#246 = CARTESIAN_POINT('',(33.774445162634,7.694085896353,
    16.227139088892));
#247 = CARTESIAN_POINT('',(34.886906973933,8.274241869883,
    16.278511693612));
#248 = CARTESIAN_POINT('',(35.431621403586,8.563904009749,
    16.388811593239));
#249 = CARTESIAN_POINT('',(35.944332884274,8.841805103983,
    16.575391520233));
#250 = CARTESIAN_POINT('',(36.416522275818,9.102275438709,
    16.828535400914));
#251 = CARTESIAN_POINT('',(36.841704533397,9.340380480463,17.13670617491
    ));
#252 = CARTESIAN_POINT('',(37.215635163976,9.55235730383,17.486672539538
    ));
#253 = CARTESIAN_POINT('',(37.536610307335,9.736060248383,
    17.863666569378));
#254 = CARTESIAN_POINT('',(38.081635492812,10.05029256933,
    18.649149089024));
#255 = CARTESIAN_POINT('',(38.310361877163,10.18358759176,
    19.068769489322));
#256 = CARTESIAN_POINT('',(38.494676758358,10.291859587305,
    19.503612037065));
#257 = CARTESIAN_POINT('',(38.637079924794,10.375978225036,
    19.948796237199));
#258 = CARTESIAN_POINT('',(38.739593111921,10.436744662061,
    20.400682884854));
#259 = CARTESIAN_POINT('',(38.803645363435,10.474770851085,
    20.85648817725));
#260 = CARTESIAN_POINT('',(38.829980759175,10.490393097368,
    21.313972236182));
#261 = CARTESIAN_POINT('',(38.807057978625,10.476793023352,
    22.229056009223));
#262 = CARTESIAN_POINT('',(38.75766216611,10.447489059056,
    22.685882533719));
#263 = CARTESIAN_POINT('',(38.670503677443,10.395811995764,
    23.139272522988));
#264 = CARTESIAN_POINT('',(38.544997272976,10.321578593867,
    23.58684470406));
#265 = CARTESIAN_POINT('',(38.379949386909,10.224376589083,24.0257145294
    ));
#266 = CARTESIAN_POINT('',(38.173656024354,10.103651952405,
    24.452211438483));
#267 = CARTESIAN_POINT('',(37.924026517521,9.958826432689,
    24.861527023559));
#268 = CARTESIAN_POINT('',(37.382843479735,9.64837288427,25.568391129008
    ));
#269 = CARTESIAN_POINT('',(37.102762219433,9.488829201027,
    25.876430161503));
#270 = CARTESIAN_POINT('',(36.788106033985,9.311117775226,
    26.164315703782));
#271 = CARTESIAN_POINT('',(36.43931448552,9.116139093478,26.425142107791
    ));
#272 = CARTESIAN_POINT('',(36.057675927238,8.90535568751,26.652069848784
    ));
#273 = CARTESIAN_POINT('',(35.64536542288,8.680746967821,26.838320788606
    ));
#274 = CARTESIAN_POINT('',(35.205559426443,8.444774908034,
    26.977137070958));
#275 = CARTESIAN_POINT('',(34.256332663232,7.943611628927,
    27.150537966472));
#276 = CARTESIAN_POINT('',(33.75626996474,7.683751699453,27.177361036514
    ));
#277 = CARTESIAN_POINT('',(33.253563899566,7.427011226467,
    27.138622290143));
#278 = CARTESIAN_POINT('',(32.760027191476,7.179472004883,
    27.034934065207));
#279 = CARTESIAN_POINT('',(32.287325167575,6.9464890128,26.870876859615)
  );
#280 = CARTESIAN_POINT('',(31.845934222342,6.732324019918,
    26.654787069788));
#281 = CARTESIAN_POINT('',(31.444154888744,6.539954728448,
    26.398574948535));
#282 = CARTESIAN_POINT('',(30.559178387152,6.12085091761,25.701552493667
    ));
#283 = CARTESIAN_POINT('',(30.11493521784,5.915064044961,25.219555415058
    ));
#284 = CARTESIAN_POINT('',(29.753131581788,5.750301215991,
    24.693384376767));
#285 = CARTESIAN_POINT('',(29.470123890791,5.622949286081,
    24.137895195254));
#286 = CARTESIAN_POINT('',(29.261943909445,5.529992180311,
    23.563881277307));
#287 = CARTESIAN_POINT('',(29.125098312694,5.469123107951,
    22.979275075405));
#288 = CARTESIAN_POINT('',(29.05709416343,5.438875191041,22.389981954517
    ));
#289 = CARTESIAN_POINT('',(29.05709416343,5.438875191041,21.801069195272
    ));
#290 = ORIENTED_EDGE('',*,*,#291,.F.);
#291 = EDGE_CURVE('',#292,#229,#294,.T.);
#292 = VERTEX_POINT('',#293);
#293 = CARTESIAN_POINT('',(29.244628471761,5.522535312876,
    23.261768598468));
#294 = B_SPLINE_CURVE_WITH_KNOTS('',8,(#295,#296,#297,#298,#299,#300,
    #301,#302,#303,#304,#305,#306,#307,#308,#309,#310,#311,#312,#313,
    #314,#315,#316,#317,#318,#319,#320,#321,#322,#323,#324,#325,#326,
    #327,#328,#329,#330,#331,#332,#333,#334,#335,#336,#337,#338,#339,
    #340,#341,#342,#343,#344,#345,#346,#347,#348,#349,#350,#351,#352),
  .UNSPECIFIED.,.T.,.F.,(9,7,7,7,7,7,7,7,9),(0.,0.144042897639,
    0.260309104688,0.380788857645,0.504320961985,0.628109379863,
    0.731237272106,0.839569620558,1.),.UNSPECIFIED.);
#295 = CARTESIAN_POINT('',(29.05709416343,5.438875191041,21.801069195272
    ));
#296 = CARTESIAN_POINT('',(29.05709416343,5.438875191041,21.265444901576
    ));
#297 = CARTESIAN_POINT('',(29.113347862921,5.463896756114,
    20.731246050263));
#298 = CARTESIAN_POINT('',(29.224811588553,5.5134750506,20.202145118252)
  );
#299 = CARTESIAN_POINT('',(29.391659305528,5.587936037288,
    19.681851367915));
#300 = CARTESIAN_POINT('',(29.614955918517,5.688223409705,
    19.174890451797));
#301 = CARTESIAN_POINT('',(29.896401183334,5.815836998967,
    18.687141224844));
#302 = CARTESIAN_POINT('',(30.237970684671,5.972748855391,
    18.226552754217));
#303 = CARTESIAN_POINT('',(30.966817269657,6.313244440201,
    17.463770187428));
#304 = CARTESIAN_POINT('',(31.3397375165,6.489194311832,17.140667157612)
  );
#305 = CARTESIAN_POINT('',(31.75828632353,6.689087616846,16.849020382778
    ));
#306 = CARTESIAN_POINT('',(32.218233414144,6.911986952553,
    16.601395742201));
#307 = CARTESIAN_POINT('',(32.713187707559,7.155947730472,
    16.408990778943));
#308 = CARTESIAN_POINT('',(33.23505710727,7.417997513577,16.281524433933
    ));
#309 = CARTESIAN_POINT('',(33.774445162634,7.694085896353,
    16.227139088892));
#310 = CARTESIAN_POINT('',(34.886906973933,8.274241869883,
    16.278511693612));
#311 = CARTESIAN_POINT('',(35.431621403586,8.563904009749,
    16.388811593239));
#312 = CARTESIAN_POINT('',(35.944332884274,8.841805103983,
    16.575391520233));
#313 = CARTESIAN_POINT('',(36.416522275818,9.102275438709,
    16.828535400914));
#314 = CARTESIAN_POINT('',(36.841704533397,9.340380480463,17.13670617491
    ));
#315 = CARTESIAN_POINT('',(37.215635163976,9.55235730383,17.486672539538
    ));
#316 = CARTESIAN_POINT('',(37.536610307335,9.736060248383,
    17.863666569378));
#317 = CARTESIAN_POINT('',(38.081635492812,10.05029256933,
    18.649149089024));
#318 = CARTESIAN_POINT('',(38.310361877163,10.18358759176,
    19.068769489322));
#319 = CARTESIAN_POINT('',(38.494676758358,10.291859587305,
    19.503612037065));
#320 = CARTESIAN_POINT('',(38.637079924794,10.375978225036,
    19.948796237199));
#321 = CARTESIAN_POINT('',(38.739593111921,10.436744662061,
    20.400682884854));
#322 = CARTESIAN_POINT('',(38.803645363435,10.474770851085,
    20.85648817725));
#323 = CARTESIAN_POINT('',(38.829980759175,10.490393097368,
    21.313972236182));
#324 = CARTESIAN_POINT('',(38.807057978625,10.476793023352,
    22.229056009223));
#325 = CARTESIAN_POINT('',(38.75766216611,10.447489059056,
    22.685882533719));
#326 = CARTESIAN_POINT('',(38.670503677443,10.395811995764,
    23.139272522988));
#327 = CARTESIAN_POINT('',(38.544997272976,10.321578593867,
    23.58684470406));
#328 = CARTESIAN_POINT('',(38.379949386909,10.224376589083,24.0257145294
    ));
#329 = CARTESIAN_POINT('',(38.173656024354,10.103651952405,
    24.452211438483));
#330 = CARTESIAN_POINT('',(37.924026517521,9.958826432689,
    24.861527023559));
#331 = CARTESIAN_POINT('',(37.382843479735,9.64837288427,25.568391129008
    ));
#332 = CARTESIAN_POINT('',(37.102762219433,9.488829201027,
    25.876430161503));
#333 = CARTESIAN_POINT('',(36.788106033985,9.311117775226,
    26.164315703782));
#334 = CARTESIAN_POINT('',(36.43931448552,9.116139093478,26.425142107791
    ));
#335 = CARTESIAN_POINT('',(36.057675927238,8.90535568751,26.652069848784
    ));
#336 = CARTESIAN_POINT('',(35.64536542288,8.680746967821,26.838320788606
    ));
#337 = CARTESIAN_POINT('',(35.205559426443,8.444774908034,
    26.977137070958));
#338 = CARTESIAN_POINT('',(34.256332663232,7.943611628927,
    27.150537966472));
#339 = CARTESIAN_POINT('',(33.75626996474,7.683751699453,27.177361036514
    ));
#340 = CARTESIAN_POINT('',(33.253563899566,7.427011226467,
    27.138622290143));
#341 = CARTESIAN_POINT('',(32.760027191476,7.179472004883,
    27.034934065207));
#342 = CARTESIAN_POINT('',(32.287325167575,6.9464890128,26.870876859615)
  );
#343 = CARTESIAN_POINT('',(31.845934222342,6.732324019918,
    26.654787069788));
#344 = CARTESIAN_POINT('',(31.444154888744,6.539954728448,
    26.398574948535));
#345 = CARTESIAN_POINT('',(30.559178387152,6.12085091761,25.701552493667
    ));
#346 = CARTESIAN_POINT('',(30.11493521784,5.915064044961,25.219555415058
    ));
#347 = CARTESIAN_POINT('',(29.753131581788,5.750301215991,
    24.693384376767));
#348 = CARTESIAN_POINT('',(29.470123890791,5.622949286081,
    24.137895195254));
#349 = CARTESIAN_POINT('',(29.261943909445,5.529992180311,
    23.563881277307));
#350 = CARTESIAN_POINT('',(29.125098312694,5.469123107951,
    22.979275075405));
#351 = CARTESIAN_POINT('',(29.05709416343,5.438875191041,22.389981954517
    ));
#352 = CARTESIAN_POINT('',(29.05709416343,5.438875191041,21.801069195272
    ));
#353 = ORIENTED_EDGE('',*,*,#354,.T.);
#354 = EDGE_CURVE('',#292,#355,#357,.T.);
#355 = VERTEX_POINT('',#356);
#356 = CARTESIAN_POINT('',(29.244628471761,5.522535312876,
    30.841729753638));
#357 = LINE('',#358,#359);
#358 = CARTESIAN_POINT('',(29.244628471761,5.522535312876,
    -1.777879557749E-16));
#359 = VECTOR('',#360,1.);
#360 = DIRECTION('',(0.,0.,1.));
#361 = ORIENTED_EDGE('',*,*,#362,.T.);
#362 = EDGE_CURVE('',#355,#363,#365,.T.);
#363 = VERTEX_POINT('',#364);
#364 = CARTESIAN_POINT('',(63.064188362287,31.144479996993,
    30.841729753638));
#365 = ELLIPSE('',#366,94.473554634366,94.);
#366 = AXIS2_PLACEMENT_3D('',#367,#368,#369);
#367 = CARTESIAN_POINT('',(-9.145181658417,91.325929640659,
    40.045340337333));
#368 = DIRECTION('',(6.038736503325E-02,-7.970800552228E-02,
    0.994987437107));
#369 = DIRECTION('',(-0.600846695681,0.793084641315,0.1));
#370 = ORIENTED_EDGE('',*,*,#371,.F.);
#371 = EDGE_CURVE('',#372,#363,#374,.T.);
#372 = VERTEX_POINT('',#373);
#373 = CARTESIAN_POINT('',(63.064188362287,31.144479996993,
    23.261768598465));
#374 = LINE('',#375,#376);
#375 = CARTESIAN_POINT('',(63.064188362287,31.144479996993,
    1.777879557749E-16));
#376 = VECTOR('',#377,1.);
#377 = DIRECTION('',(0.,0.,1.));
#378 = ORIENTED_EDGE('',*,*,#379,.F.);
#379 = EDGE_CURVE('',#380,#372,#382,.T.);
#380 = VERTEX_POINT('',#381);
#381 = CARTESIAN_POINT('',(63.064188362287,31.144479996993,
    20.331010234145));
#382 = B_SPLINE_CURVE_WITH_KNOTS('',7,(#383,#384,#385,#386,#387,#388,
    #389,#390,#391,#392,#393,#394,#395,#396,#397,#398,#399,#400,#401,
    #402,#403,#404,#405,#406,#407,#408,#409,#410,#411,#412,#413,#414,
    #415,#416,#417,#418,#419,#420,#421,#422,#423,#424,#425,#426,#427,
    #428,#429,#430,#431,#432,#433,#434,#435,#436,#437,#438),
  .UNSPECIFIED.,.T.,.F.,(8,6,6,6,6,6,6,6,6,8),(0.,0.118556442046,
    0.239412243515,0.356041346886,0.484509884318,0.618290550049,
    0.709289878481,0.795456928675,0.890378319814,1.),.UNSPECIFIED.);
#383 = CARTESIAN_POINT('',(55.695245501234,23.269195912437,
    21.612736700676));
#384 = CARTESIAN_POINT('',(55.695245501234,23.269195912437,
    21.112843939429));
#385 = CARTESIAN_POINT('',(55.734084747704,23.306199668713,
    20.61320874341));
#386 = CARTESIAN_POINT('',(55.811866461162,23.380305369936,
    20.116749350511));
#387 = CARTESIAN_POINT('',(55.929601348448,23.492742876114,
    19.62682312837));
#388 = CARTESIAN_POINT('',(56.089012621789,23.64568954293,
    19.147881407294));
#389 = CARTESIAN_POINT('',(56.292223396742,23.842099757338,
    18.686294745594));
#390 = CARTESIAN_POINT('',(56.795274026971,24.333524624068,
    17.808262505373));
#391 = CARTESIAN_POINT('',(57.10458376272,24.637872686695,
    17.379475884258));
#392 = CARTESIAN_POINT('',(57.469303087803,25.00028678877,
    16.991044349302));
#393 = CARTESIAN_POINT('',(57.884368276097,25.41820039191,
    16.666026452526));
#394 = CARTESIAN_POINT('',(58.340431596001,25.88514444599,
    16.424333299743));
#395 = CARTESIAN_POINT('',(58.825491998139,26.391193244872,
    16.282246473726));
#396 = CARTESIAN_POINT('',(59.807906997913,27.435653071748,
    16.22353492563));
#397 = CARTESIAN_POINT('',(60.276536510845,27.942862062978,
    16.300854271622));
#398 = CARTESIAN_POINT('',(60.718722889001,28.430312564538,
    16.473872678499));
#399 = CARTESIAN_POINT('',(61.124732940699,28.885613968794,
    16.728918808564));
#400 = CARTESIAN_POINT('',(61.487583967536,29.298398713275,
    17.049189681009));
#401 = CARTESIAN_POINT('',(61.803342364815,29.661713410767,
    17.41509957097));
#402 = CARTESIAN_POINT('',(62.366592115508,30.315514062587,
    18.233355279621));
#403 = CARTESIAN_POINT('',(62.612215730533,30.604516071055,
    18.702786333444));
#404 = CARTESIAN_POINT('',(62.811111836292,30.840905921856,
    19.199966665013));
#405 = CARTESIAN_POINT('',(62.966044419638,31.026322125137,
    19.716390439293));
#406 = CARTESIAN_POINT('',(63.079006872907,31.16209424405,
    20.245888764334));
#407 = CARTESIAN_POINT('',(63.151064789564,31.248853387727,
    20.78388725547));
#408 = CARTESIAN_POINT('',(63.214157975899,31.324858759356,
    21.891118962008));
#409 = CARTESIAN_POINT('',(63.201656517909,31.309848267374,
    22.459613638505));
#410 = CARTESIAN_POINT('',(63.144488660641,31.240832656769,
    23.026753357793));
#411 = CARTESIAN_POINT('',(63.041262148718,31.116402171089,
    23.587350659095));
#412 = CARTESIAN_POINT('',(62.88946504777,30.934293929633,
    24.134747751865));
#413 = CARTESIAN_POINT('',(62.685526760293,30.691694074493,
    24.660033295107));
#414 = CARTESIAN_POINT('',(62.24819235152,30.178070066158,
    25.482757723994));
#415 = CARTESIAN_POINT('',(62.043932502805,29.939606378872,
    25.801485403477));
#416 = CARTESIAN_POINT('',(61.811709379845,29.670499522336,
    26.099018690777));
#417 = CARTESIAN_POINT('',(61.551408710194,29.37157377389,
    26.368280785614));
#418 = CARTESIAN_POINT('',(61.263565213663,29.044566008646,
    26.601984894636));
#419 = CARTESIAN_POINT('',(60.949501478892,28.692156582605,
    26.792580883632));
#420 = CARTESIAN_POINT('',(60.291632467571,27.963821860972,
    27.064277103496));
#421 = CARTESIAN_POINT('',(59.9526087747,27.592703235498,27.149698213605
    ));
#422 = CARTESIAN_POINT('',(59.601634440207,27.213379743578,
    27.180973363645));
#423 = CARTESIAN_POINT('',(59.247116858117,26.835433311103,
    27.15521530531));
#424 = CARTESIAN_POINT('',(58.898012972511,26.468224493698,
    27.074027455608));
#425 = CARTESIAN_POINT('',(58.562983732209,26.120050880857,
    26.943466291946));
#426 = CARTESIAN_POINT('',(57.904063109539,25.44236376305,
    26.587342649728));
#427 = CARTESIAN_POINT('',(57.583827782149,25.117378417979,
    26.352970412002));
#428 = CARTESIAN_POINT('',(57.290928812466,24.823632999608,
    26.080112443835));
#429 = CARTESIAN_POINT('',(57.026514161061,24.561093774802,
    25.776581700373));
#430 = CARTESIAN_POINT('',(56.790989671344,24.329166103925,
    25.449166137802));
#431 = CARTESIAN_POINT('',(56.584218962858,24.126911836336,
    25.10382846537));
#432 = CARTESIAN_POINT('',(56.199341182945,23.752442543122,
    24.332279454886));
#433 = CARTESIAN_POINT('',(56.029641911891,23.588766987156,
    23.899840706673));
#434 = CARTESIAN_POINT('',(55.895307739437,23.460000063405,
    23.454288513546));
#435 = CARTESIAN_POINT('',(55.795242198082,23.364467345218,
    22.999823814296));
#436 = CARTESIAN_POINT('',(55.728661017935,23.301032038454,
    22.539635994675));
#437 = CARTESIAN_POINT('',(55.695245501234,23.269195912437,
    22.076411321514));
#438 = CARTESIAN_POINT('',(55.695245501234,23.269195912437,
    21.612736700676));
#439 = ORIENTED_EDGE('',*,*,#440,.F.);
#440 = EDGE_CURVE('',#212,#380,#441,.T.);
#441 = LINE('',#442,#443);
#442 = CARTESIAN_POINT('',(63.064188362287,31.144479996993,
    1.777879557749E-16));
#443 = VECTOR('',#444,1.);
#444 = DIRECTION('',(0.,0.,1.));
#445 = FACE_BOUND('',#446,.T.);
#446 = EDGE_LOOP('',(#447));
#447 = ORIENTED_EDGE('',*,*,#448,.F.);
#448 = EDGE_CURVE('',#449,#449,#451,.T.);
#449 = VERTEX_POINT('',#450);
#450 = CARTESIAN_POINT('',(66.76519134477,35.885734199832,
    21.554100082442));
#451 = B_SPLINE_CURVE_WITH_KNOTS('',7,(#452,#453,#454,#455,#456,#457,
    #458,#459,#460,#461,#462,#463,#464,#465,#466,#467,#468,#469,#470,
    #471,#472,#473,#474,#475,#476,#477,#478,#479,#480,#481,#482,#483,
    #484,#485,#486,#487,#488,#489,#490,#491,#492,#493,#494,#495),
  .UNSPECIFIED.,.T.,.F.,(8,6,6,6,6,6,6,8),(0.,0.152714438841,
    0.285439885268,0.421472855298,0.588718088149,0.714465741594,
    0.837670590794,1.),.UNSPECIFIED.);
#452 = CARTESIAN_POINT('',(66.76519134477,35.885734199832,
    21.554100082442));
#453 = CARTESIAN_POINT('',(66.76519134477,35.885734199832,
    21.752013162619));
#454 = CARTESIAN_POINT('',(66.749018278352,35.863589598397,
    21.94984780194));
#455 = CARTESIAN_POINT('',(66.716676094672,35.81930548242,
    22.145241411535));
#456 = CARTESIAN_POINT('',(66.667615590864,35.75221641965,
    22.335484352315));
#457 = CARTESIAN_POINT('',(66.600944913941,35.661269536798,
    22.51698687145));
#458 = CARTESIAN_POINT('',(66.5155934399,35.545304392801,22.684706819532
    ));
#459 = CARTESIAN_POINT('',(66.319680661919,35.280608674654,
    22.95812144669));
#460 = CARTESIAN_POINT('',(66.210701454095,35.133857467741,
    23.073498716286));
#461 = CARTESIAN_POINT('',(66.08584414802,34.966481982225,23.16394053959
    ));
#462 = CARTESIAN_POINT('',(65.949410810106,34.784672613933,
    23.220348479538));
#463 = CARTESIAN_POINT('',(65.807334490088,34.596637018351,
    23.237818041608));
#464 = CARTESIAN_POINT('',(65.666154903977,34.41096824062,
    23.215919389934));
#465 = CARTESIAN_POINT('',(65.39417218948,34.055203214496,
    23.100556906128));
#466 = CARTESIAN_POINT('',(65.268512775492,33.891885272435,
    23.007359670751));
#467 = CARTESIAN_POINT('',(65.15724412726,33.748097252615,
    22.887271800825));
#468 = CARTESIAN_POINT('',(65.061536990379,33.624973140587,
    22.746942397249));
#469 = CARTESIAN_POINT('',(64.981835184422,33.522779430383,
    22.59223313875));
#470 = CARTESIAN_POINT('',(64.917991212985,33.44110732014,
    22.428356148634));
#471 = CARTESIAN_POINT('',(64.809505178778,33.302540279202,
    22.052817334872));
#472 = CARTESIAN_POINT('',(64.771871305378,33.254660892702,
    21.836191387728));
#473 = CARTESIAN_POINT('',(64.75527681464,33.233590129724,
    21.614971679564));
#474 = CARTESIAN_POINT('',(64.759274189176,33.238668040628,
    21.392441019544));
#475 = CARTESIAN_POINT('',(64.784013866553,33.270096339732,
    21.171984284376));
#476 = CARTESIAN_POINT('',(64.830090437686,33.328762560485,
    20.957524863869));
#477 = CARTESIAN_POINT('',(64.949645691455,33.481625711822,
    20.602488469795));
#478 = CARTESIAN_POINT('',(65.014079316155,33.564150210233,
    20.45502781512));
#479 = CARTESIAN_POINT('',(65.092090139355,33.664303473448,
    20.31646918968));
#480 = CARTESIAN_POINT('',(65.183675946255,33.782270790782,
    20.191215888889));
#481 = CARTESIAN_POINT('',(65.288347329172,33.917670401648,
    20.084103112401));
#482 = CARTESIAN_POINT('',(65.405045206187,34.069425585502,
    20.000483545943));
#483 = CARTESIAN_POINT('',(65.656065169954,34.397770436874,
    19.893649832753));
#484 = CARTESIAN_POINT('',(65.786667253434,34.569458758062,
    19.870660449928));
#485 = CARTESIAN_POINT('',(65.918695529008,34.744034085873,
    19.881551944008));
#486 = CARTESIAN_POINT('',(66.046686144726,34.914337500738,
    19.926439663469));
#487 = CARTESIAN_POINT('',(66.165554547426,35.073396178891,
    20.00172968895));
#488 = CARTESIAN_POINT('',(66.271398816665,35.215658407269,
    20.10029512281));
#489 = CARTESIAN_POINT('',(66.481417929389,35.498896587965,
    20.358121847842));
#490 = CARTESIAN_POINT('',(66.578651433275,35.630866146326,
    20.531951384893));
#491 = CARTESIAN_POINT('',(66.65444729955,35.73421124736,20.722895669284
    ));
#492 = CARTESIAN_POINT('',(66.710142368929,35.810359081611,
    20.924565858527));
#493 = CARTESIAN_POINT('',(66.746820412506,35.860580272884,
    21.132387731964));
#494 = CARTESIAN_POINT('',(66.76519134477,35.885734199832,
    21.343173794311));
#495 = CARTESIAN_POINT('',(66.76519134477,35.885734199832,
    21.554100082442));
#496 = CYLINDRICAL_SURFACE('',#497,94.);
#497 = AXIS2_PLACEMENT_3D('',#498,#499,#500);
#498 = CARTESIAN_POINT('',(-9.145181658417,91.325929640659,0.));
#499 = DIRECTION('',(0.,0.,1.));
#500 = DIRECTION('',(1.,0.,-0.));
#501 = ADVANCED_FACE('',(#502),#696,.F.);
#502 = FACE_BOUND('',#503,.F.);
#503 = EDGE_LOOP('',(#504,#512,#513,#514,#522,#530,#538,#546,#554,#562,
    #570,#578,#586,#594,#602,#610,#618,#626,#634,#642,#650,#658,#666,
    #674,#682,#690));
#504 = ORIENTED_EDGE('',*,*,#505,.T.);
#505 = EDGE_CURVE('',#506,#32,#508,.T.);
#506 = VERTEX_POINT('',#507);
#507 = CARTESIAN_POINT('',(70.216488854498,46.798126490273,0.));
#508 = LINE('',#509,#510);
#509 = CARTESIAN_POINT('',(-183.5664355329,189.18923326788,
    5.684341886081E-14));
#510 = VECTOR('',#511,1.);
#511 = DIRECTION('',(0.872106269373,-0.489316518136,0.));
#512 = ORIENTED_EDGE('',*,*,#40,.T.);
#513 = ORIENTED_EDGE('',*,*,#192,.T.);
#514 = ORIENTED_EDGE('',*,*,#515,.F.);
#515 = EDGE_CURVE('',#516,#193,#518,.T.);
#516 = VERTEX_POINT('',#517);
#517 = CARTESIAN_POINT('',(70.216488854498,46.798126490273,35.));
#518 = LINE('',#519,#520);
#519 = CARTESIAN_POINT('',(-183.5664355329,189.18923326788,35.));
#520 = VECTOR('',#521,1.);
#521 = DIRECTION('',(0.872106269373,-0.489316518136,0.));
#522 = ORIENTED_EDGE('',*,*,#523,.F.);
#523 = EDGE_CURVE('',#524,#516,#526,.T.);
#524 = VERTEX_POINT('',#525);
#525 = CARTESIAN_POINT('',(70.216488854498,46.798126490273,3.));
#526 = LINE('',#527,#528);
#527 = CARTESIAN_POINT('',(70.216488854498,46.798126490273,0.));
#528 = VECTOR('',#529,1.);
#529 = DIRECTION('',(0.,0.,1.));
#530 = ORIENTED_EDGE('',*,*,#531,.F.);
#531 = EDGE_CURVE('',#532,#524,#534,.T.);
#532 = VERTEX_POINT('',#533);
#533 = CARTESIAN_POINT('',(37.19448226722,65.325929640659,3.));
#534 = LINE('',#535,#536);
#535 = CARTESIAN_POINT('',(-183.5664355329,189.18923326788,3.));
#536 = VECTOR('',#537,1.);
#537 = DIRECTION('',(0.872106269373,-0.489316518136,0.));
#538 = ORIENTED_EDGE('',*,*,#539,.T.);
#539 = EDGE_CURVE('',#532,#540,#542,.T.);
#540 = VERTEX_POINT('',#541);
#541 = CARTESIAN_POINT('',(37.19448226722,65.325929640659,10.));
#542 = LINE('',#543,#544);
#543 = CARTESIAN_POINT('',(37.19448226722,65.325929640659,-200.));
#544 = VECTOR('',#545,1.);
#545 = DIRECTION('',(0.,0.,1.));
#546 = ORIENTED_EDGE('',*,*,#547,.F.);
#547 = EDGE_CURVE('',#548,#540,#550,.T.);
#548 = VERTEX_POINT('',#549);
#549 = CARTESIAN_POINT('',(21.854818341583,73.932622660845,10.));
#550 = LINE('',#551,#552);
#551 = CARTESIAN_POINT('',(-166.2300426429,179.46222670471,10.));
#552 = VECTOR('',#553,1.);
#553 = DIRECTION('',(0.872106269373,-0.489316518136,0.));
#554 = ORIENTED_EDGE('',*,*,#555,.T.);
#555 = EDGE_CURVE('',#548,#556,#558,.T.);
#556 = VERTEX_POINT('',#557);
#557 = CARTESIAN_POINT('',(21.854818341583,73.932622660845,3.));
#558 = LINE('',#559,#560);
#559 = CARTESIAN_POINT('',(21.854818341583,73.932622660845,-200.));
#560 = VECTOR('',#561,1.);
#561 = DIRECTION('',(0.,0.,-1.));
#562 = ORIENTED_EDGE('',*,*,#563,.F.);
#563 = EDGE_CURVE('',#564,#556,#566,.T.);
#564 = VERTEX_POINT('',#565);
#565 = CARTESIAN_POINT('',(15.273793884019,77.625067132848,3.));
#566 = LINE('',#567,#568);
#567 = CARTESIAN_POINT('',(-183.5664355329,189.18923326788,3.));
#568 = VECTOR('',#569,1.);
#569 = DIRECTION('',(0.872106269373,-0.489316518136,0.));
#570 = ORIENTED_EDGE('',*,*,#571,.T.);
#571 = EDGE_CURVE('',#564,#572,#574,.T.);
#572 = VERTEX_POINT('',#573);
#573 = CARTESIAN_POINT('',(15.273793884019,77.625067132848,35.));
#574 = LINE('',#575,#576);
#575 = CARTESIAN_POINT('',(15.273793884019,77.625067132848,0.));
#576 = VECTOR('',#577,1.);
#577 = DIRECTION('',(0.,0.,1.));
#578 = ORIENTED_EDGE('',*,*,#579,.F.);
#579 = EDGE_CURVE('',#580,#572,#582,.T.);
#580 = VERTEX_POINT('',#581);
#581 = CARTESIAN_POINT('',(10.913262537155,80.071649723528,35.));
#582 = LINE('',#583,#584);
#583 = CARTESIAN_POINT('',(-183.5664355329,189.18923326788,35.));
#584 = VECTOR('',#585,1.);
#585 = DIRECTION('',(0.872106269373,-0.489316518136,0.));
#586 = ORIENTED_EDGE('',*,*,#587,.F.);
#587 = EDGE_CURVE('',#588,#580,#590,.T.);
#588 = VERTEX_POINT('',#589);
#589 = CARTESIAN_POINT('',(10.913262537155,80.071649723528,3.));
#590 = LINE('',#591,#592);
#591 = CARTESIAN_POINT('',(10.913262537155,80.071649723528,0.));
#592 = VECTOR('',#593,1.);
#593 = DIRECTION('',(0.,0.,1.));
#594 = ORIENTED_EDGE('',*,*,#595,.F.);
#595 = EDGE_CURVE('',#596,#588,#598,.T.);
#596 = VERTEX_POINT('',#597);
#597 = CARTESIAN_POINT('',(10.913262537155,80.071649723528,0.));
#598 = LINE('',#599,#600);
#599 = CARTESIAN_POINT('',(10.913262537155,80.071649723528,0.));
#600 = VECTOR('',#601,1.);
#601 = DIRECTION('',(0.,0.,1.));
#602 = ORIENTED_EDGE('',*,*,#603,.T.);
#603 = EDGE_CURVE('',#596,#604,#606,.T.);
#604 = VERTEX_POINT('',#605);
#605 = CARTESIAN_POINT('',(15.273793884019,77.625067132848,0.));
#606 = LINE('',#607,#608);
#607 = CARTESIAN_POINT('',(-183.5664355329,189.18923326788,
    5.684341886081E-14));
#608 = VECTOR('',#609,1.);
#609 = DIRECTION('',(0.872106269373,-0.489316518136,0.));
#610 = ORIENTED_EDGE('',*,*,#611,.T.);
#611 = EDGE_CURVE('',#604,#612,#614,.T.);
#612 = VERTEX_POINT('',#613);
#613 = CARTESIAN_POINT('',(21.854818341583,73.932622660845,0.));
#614 = LINE('',#615,#616);
#615 = CARTESIAN_POINT('',(-183.5664355329,189.18923326788,
    5.684341886081E-14));
#616 = VECTOR('',#617,1.);
#617 = DIRECTION('',(0.872106269373,-0.489316518136,0.));
#618 = ORIENTED_EDGE('',*,*,#619,.T.);
#619 = EDGE_CURVE('',#612,#620,#622,.T.);
#620 = VERTEX_POINT('',#621);
#621 = CARTESIAN_POINT('',(24.98933992696,72.173922784416,0.));
#622 = LINE('',#623,#624);
#623 = CARTESIAN_POINT('',(-183.5664355329,189.18923326788,
    5.684341886081E-14));
#624 = VECTOR('',#625,1.);
#625 = DIRECTION('',(0.872106269373,-0.489316518136,0.));
#626 = ORIENTED_EDGE('',*,*,#627,.T.);
#627 = EDGE_CURVE('',#620,#628,#630,.T.);
#628 = VERTEX_POINT('',#629);
#629 = CARTESIAN_POINT('',(24.98933992696,72.173922784416,5.));
#630 = LINE('',#631,#632);
#631 = CARTESIAN_POINT('',(24.98933992696,72.173922784416,-0.2));
#632 = VECTOR('',#633,1.);
#633 = DIRECTION('',(0.,0.,1.));
#634 = ORIENTED_EDGE('',*,*,#635,.T.);
#635 = EDGE_CURVE('',#628,#636,#638,.T.);
#636 = VERTEX_POINT('',#637);
#637 = CARTESIAN_POINT('',(26.306186780283,71.435073701665,5.));
#638 = LINE('',#639,#640);
#639 = CARTESIAN_POINT('',(-164.8947092753,178.71300531169,5.));
#640 = VECTOR('',#641,1.);
#641 = DIRECTION('',(0.872106269373,-0.489316518136,0.));
#642 = ORIENTED_EDGE('',*,*,#643,.F.);
#643 = EDGE_CURVE('',#644,#636,#646,.T.);
#644 = VERTEX_POINT('',#645);
#645 = CARTESIAN_POINT('',(26.306186780283,71.435073701665,7.6));
#646 = LINE('',#647,#648);
#647 = CARTESIAN_POINT('',(26.306186780284,71.435073701665,-197.5));
#648 = VECTOR('',#649,1.);
#649 = DIRECTION('',(0.,0.,-1.));
#650 = ORIENTED_EDGE('',*,*,#651,.T.);
#651 = EDGE_CURVE('',#644,#652,#654,.T.);
#652 = VERTEX_POINT('',#653);
#653 = CARTESIAN_POINT('',(28.904372642463,69.977298079359,7.6));
#654 = LINE('',#655,#656);
#655 = CARTESIAN_POINT('',(-165.5297086423,179.06928721239,7.6));
#656 = VECTOR('',#657,1.);
#657 = DIRECTION('',(0.872106269373,-0.489316518136,0.));
#658 = ORIENTED_EDGE('',*,*,#659,.F.);
#659 = EDGE_CURVE('',#660,#652,#662,.T.);
#660 = VERTEX_POINT('',#661);
#661 = CARTESIAN_POINT('',(28.904372642463,69.977298079359,5.));
#662 = LINE('',#663,#664);
#663 = CARTESIAN_POINT('',(28.904372642463,69.977298079359,-197.5));
#664 = VECTOR('',#665,1.);
#665 = DIRECTION('',(0.,0.,1.));
#666 = ORIENTED_EDGE('',*,*,#667,.T.);
#667 = EDGE_CURVE('',#660,#668,#670,.T.);
#668 = VERTEX_POINT('',#669);
#669 = CARTESIAN_POINT('',(31.407201786649,68.57302467217,5.));
#670 = LINE('',#671,#672);
#671 = CARTESIAN_POINT('',(-164.8947092753,178.71300531169,5.));
#672 = VECTOR('',#673,1.);
#673 = DIRECTION('',(0.872106269373,-0.489316518136,0.));
#674 = ORIENTED_EDGE('',*,*,#675,.F.);
#675 = EDGE_CURVE('',#676,#668,#678,.T.);
#676 = VERTEX_POINT('',#677);
#677 = CARTESIAN_POINT('',(31.407201786649,68.57302467217,0.));
#678 = LINE('',#679,#680);
#679 = CARTESIAN_POINT('',(31.407201786649,68.57302467217,-0.2));
#680 = VECTOR('',#681,1.);
#681 = DIRECTION('',(0.,0.,1.));
#682 = ORIENTED_EDGE('',*,*,#683,.T.);
#683 = EDGE_CURVE('',#676,#684,#686,.T.);
#684 = VERTEX_POINT('',#685);
#685 = CARTESIAN_POINT('',(37.19448226722,65.325929640659,0.));
#686 = LINE('',#687,#688);
#687 = CARTESIAN_POINT('',(-183.5664355329,189.18923326788,
    5.684341886081E-14));
#688 = VECTOR('',#689,1.);
#689 = DIRECTION('',(0.872106269373,-0.489316518136,0.));
#690 = ORIENTED_EDGE('',*,*,#691,.T.);
#691 = EDGE_CURVE('',#684,#506,#692,.T.);
#692 = LINE('',#693,#694);
#693 = CARTESIAN_POINT('',(-183.5664355329,189.18923326788,
    5.684341886081E-14));
#694 = VECTOR('',#695,1.);
#695 = DIRECTION('',(0.872106269373,-0.489316518136,0.));
#696 = PLANE('',#697);
#697 = AXIS2_PLACEMENT_3D('',#698,#699,#700);
#698 = CARTESIAN_POINT('',(-357.9876894074,287.0525368951,-400.));
#699 = DIRECTION('',(-0.489316518136,-0.872106269373,0.));
#700 = DIRECTION('',(0.872106269373,-0.489316518136,0.));
#701 = ADVANCED_FACE('',(#702),#714,.F.);
#702 = FACE_BOUND('',#703,.F.);
#703 = EDGE_LOOP('',(#704,#705,#706,#707));
#704 = ORIENTED_EDGE('',*,*,#64,.F.);
#705 = ORIENTED_EDGE('',*,*,#31,.T.);
#706 = ORIENTED_EDGE('',*,*,#505,.F.);
#707 = ORIENTED_EDGE('',*,*,#708,.F.);
#708 = EDGE_CURVE('',#65,#506,#709,.T.);
#709 = CIRCLE('',#710,91.);
#710 = AXIS2_PLACEMENT_3D('',#711,#712,#713);
#711 = CARTESIAN_POINT('',(-9.145181658417,91.325929640659,0.));
#712 = DIRECTION('',(0.,0.,1.));
#713 = DIRECTION('',(1.,0.,-0.));
#714 = PLANE('',#715);
#715 = AXIS2_PLACEMENT_3D('',#716,#717,#718);
#716 = CARTESIAN_POINT('',(-9.145181658417,91.325929640659,0.));
#717 = DIRECTION('',(0.,0.,1.));
#718 = DIRECTION('',(1.,0.,-0.));
#719 = ADVANCED_FACE('',(#720),#732,.T.);
#720 = FACE_BOUND('',#721,.T.);
#721 = EDGE_LOOP('',(#722,#723,#724,#725));
#722 = ORIENTED_EDGE('',*,*,#168,.F.);
#723 = ORIENTED_EDGE('',*,*,#200,.T.);
#724 = ORIENTED_EDGE('',*,*,#515,.F.);
#725 = ORIENTED_EDGE('',*,*,#726,.F.);
#726 = EDGE_CURVE('',#161,#516,#727,.T.);
#727 = CIRCLE('',#728,91.);
#728 = AXIS2_PLACEMENT_3D('',#729,#730,#731);
#729 = CARTESIAN_POINT('',(-9.145181658417,91.325929640659,35.));
#730 = DIRECTION('',(0.,0.,1.));
#731 = DIRECTION('',(1.,0.,-0.));
#732 = PLANE('',#733);
#733 = AXIS2_PLACEMENT_3D('',#734,#735,#736);
#734 = CARTESIAN_POINT('',(-9.145181658417,91.325929640659,35.));
#735 = DIRECTION('',(0.,0.,1.));
#736 = DIRECTION('',(1.,0.,-0.));
#737 = ADVANCED_FACE('',(#738,#750,#975),#1026,.F.);
#738 = FACE_BOUND('',#739,.F.);
#739 = EDGE_LOOP('',(#740,#741,#742,#749));
#740 = ORIENTED_EDGE('',*,*,#726,.F.);
#741 = ORIENTED_EDGE('',*,*,#160,.F.);
#742 = ORIENTED_EDGE('',*,*,#743,.T.);
#743 = EDGE_CURVE('',#153,#524,#744,.T.);
#744 = CIRCLE('',#745,91.);
#745 = AXIS2_PLACEMENT_3D('',#746,#747,#748);
#746 = CARTESIAN_POINT('',(-9.145181658417,91.325929640659,3.));
#747 = DIRECTION('',(0.,0.,1.));
#748 = DIRECTION('',(1.,0.,-0.));
#749 = ORIENTED_EDGE('',*,*,#523,.T.);
#750 = FACE_BOUND('',#751,.F.);
#751 = EDGE_LOOP('',(#752,#763,#772,#781,#844,#907,#916));
#752 = ORIENTED_EDGE('',*,*,#753,.F.);
#753 = EDGE_CURVE('',#754,#756,#758,.T.);
#754 = VERTEX_POINT('',#755);
#755 = CARTESIAN_POINT('',(58.721664353035,30.703399072743,
    12.979268947182));
#756 = VERTEX_POINT('',#757);
#757 = CARTESIAN_POINT('',(57.381720832962,29.235904315308,
    16.56673811615));
#758 = ELLIPSE('',#759,910.,91.);
#759 = AXIS2_PLACEMENT_3D('',#760,#761,#762);
#760 = CARTESIAN_POINT('',(-9.145181658417,91.325929640659,
    -875.5844118858));
#761 = DIRECTION('',(0.600846695681,-0.793084641315,-0.1));
#762 = DIRECTION('',(6.038736503325E-02,-7.970800552228E-02,
    0.994987437107));
#763 = ORIENTED_EDGE('',*,*,#764,.F.);
#764 = EDGE_CURVE('',#765,#754,#767,.T.);
#765 = VERTEX_POINT('',#766);
#766 = CARTESIAN_POINT('',(30.844649406966,9.583569683522,
    12.979268947182));
#767 = ELLIPSE('',#768,91.458441188588,91.);
#768 = AXIS2_PLACEMENT_3D('',#769,#770,#771);
#769 = CARTESIAN_POINT('',(-9.145181658417,91.325929640659,
    21.954659662667));
#770 = DIRECTION('',(6.038736503325E-02,-7.970800552228E-02,
    0.994987437107));
#771 = DIRECTION('',(-0.600846695681,0.793084641315,0.1));
#772 = ORIENTED_EDGE('',*,*,#773,.F.);
#773 = EDGE_CURVE('',#774,#765,#776,.T.);
#774 = VERTEX_POINT('',#775);
#775 = CARTESIAN_POINT('',(32.620051310077,10.476283289623,
    16.56673811615));
#776 = ELLIPSE('',#777,910.,91.);
#777 = AXIS2_PLACEMENT_3D('',#778,#779,#780);
#778 = CARTESIAN_POINT('',(-9.145181658417,91.325929640659,
    -875.5844118858));
#779 = DIRECTION('',(0.600846695681,-0.793084641315,-0.1));
#780 = DIRECTION('',(6.038736503325E-02,-7.970800552228E-02,
    0.994987437107));
#781 = ORIENTED_EDGE('',*,*,#782,.F.);
#782 = EDGE_CURVE('',#783,#774,#785,.T.);
#783 = VERTEX_POINT('',#784);
#784 = CARTESIAN_POINT('',(27.194867030133,7.896912738181,
    22.111003018106));
#785 = B_SPLINE_CURVE_WITH_KNOTS('',8,(#786,#787,#788,#789,#790,#791,
    #792,#793,#794,#795,#796,#797,#798,#799,#800,#801,#802,#803,#804,
    #805,#806,#807,#808,#809,#810,#811,#812,#813,#814,#815,#816,#817,
    #818,#819,#820,#821,#822,#823,#824,#825,#826,#827,#828,#829,#830,
    #831,#832,#833,#834,#835,#836,#837,#838,#839,#840,#841,#842,#843),
  .UNSPECIFIED.,.T.,.F.,(9,7,7,7,7,7,7,7,9),(0.,0.144775430056,
    0.265423616365,0.382063578605,0.505272032979,0.628784634981,
    0.731784333188,0.839998261873,1.),.UNSPECIFIED.);
#786 = CARTESIAN_POINT('',(27.194867030133,7.896912738181,
    22.111003018106));
#787 = CARTESIAN_POINT('',(27.194867030133,7.896912738181,
    21.574971449747));
#788 = CARTESIAN_POINT('',(27.25150207656,7.921581965029,21.040379546687
    ));
#789 = CARTESIAN_POINT('',(27.363698001672,7.970451913414,
    20.510946081997));
#790 = CARTESIAN_POINT('',(27.531582299926,8.043835709346,19.99041691721
    ));
#791 = CARTESIAN_POINT('',(27.756159780144,8.142657677181,
    19.483337086518));
#792 = CARTESIAN_POINT('',(28.039058532817,8.268395021907,
    18.995582779054));
#793 = CARTESIAN_POINT('',(28.382173977811,8.422998663102,
    18.535071574728));
#794 = CARTESIAN_POINT('',(29.124431652305,8.763380809712,
    17.761394903797));
#795 = CARTESIAN_POINT('',(29.513109222686,8.943522975849,
    17.427706038621));
#796 = CARTESIAN_POINT('',(29.950968708991,9.149148692215,
    17.127873023989));
#797 = CARTESIAN_POINT('',(30.432948684803,9.37913309865,16.876063590253
    ));
#798 = CARTESIAN_POINT('',(30.951450151449,9.631173839303,
    16.684657879785));
#799 = CARTESIAN_POINT('',(31.496954327701,9.901771884647,
    16.564110309783));
#800 = CARTESIAN_POINT('',(32.058570698901,10.18619710286,
    16.522819112891));
#801 = CARTESIAN_POINT('',(33.171133884705,10.760997108576,
    16.609839717814));
#802 = CARTESIAN_POINT('',(33.694995107495,11.037003669786,
    16.730464611318));
#803 = CARTESIAN_POINT('',(34.186765941786,11.301072591449,
    16.921082043271));
#804 = CARTESIAN_POINT('',(34.639274519206,11.548311585894,
    17.172477031289));
#805 = CARTESIAN_POINT('',(35.047146638772,11.774510944308,
    17.474060953774));
#806 = CARTESIAN_POINT('',(35.406928533842,11.976481010627,
    17.813958849788));
#807 = CARTESIAN_POINT('',(35.717304821215,12.152396682953,
    18.179132309643));
#808 = CARTESIAN_POINT('',(36.256022441678,12.460016726266,
    18.953002038217));
#809 = CARTESIAN_POINT('',(36.485403970956,12.592467532224,
    19.372535968386));
#810 = CARTESIAN_POINT('',(36.670230698621,12.700077141424,
    19.807320170348));
#811 = CARTESIAN_POINT('',(36.813016103927,12.783691051456,
    20.252464094237));
#812 = CARTESIAN_POINT('',(36.915794017607,12.844094635329,
    20.704318451601));
#813 = CARTESIAN_POINT('',(36.980004200488,12.881891501549,
    21.160090448206));
#814 = CARTESIAN_POINT('',(37.006400160126,12.897416502966,
    21.617533029812));
#815 = CARTESIAN_POINT('',(36.983415266314,12.883895475454,
    22.532688220014));
#816 = CARTESIAN_POINT('',(36.933866190357,12.854750505993,
    22.98964236946));
#817 = CARTESIAN_POINT('',(36.846438983518,12.803355954605,
    23.44314776775));
#818 = CARTESIAN_POINT('',(36.720553685349,12.729539971919,
    23.890811694681));
#819 = CARTESIAN_POINT('',(36.555022532471,12.632909285425,
    24.329742609987));
#820 = CARTESIAN_POINT('',(36.348147450021,12.512936365178,
    24.756268878168));
#821 = CARTESIAN_POINT('',(36.097843065058,12.369076887211,
    25.165589276214));
#822 = CARTESIAN_POINT('',(35.555014858696,12.060722777908,
    25.872770581137));
#823 = CARTESIAN_POINT('',(35.273933332437,11.902218136129,
    26.181075820232));
#824 = CARTESIAN_POINT('',(34.958165952419,11.7257310766,26.469174104407
    ));
#825 = CARTESIAN_POINT('',(34.608165118466,11.532187566373,
    26.730165879156));
#826 = CARTESIAN_POINT('',(34.225234692369,11.323073896294,
    26.957227065546));
#827 = CARTESIAN_POINT('',(33.811566596166,11.100388239603,
    27.143605064303));
#828 = CARTESIAN_POINT('',(33.370354176106,10.866602003067,
    27.282578366739));
#829 = CARTESIAN_POINT('',(32.418102246573,10.370410458331,
    27.456474143027));
#830 = CARTESIAN_POINT('',(31.916310129896,10.113227456107,
    27.483644096261));
#831 = CARTESIAN_POINT('',(31.411738259035,9.8592525923,27.445324812021)
  );
#832 = CARTESIAN_POINT('',(30.916219007139,9.614495018111,
    27.342097673511));
#833 = CARTESIAN_POINT('',(30.441450586707,9.384225826934,
    27.178496201226));
#834 = CARTESIAN_POINT('',(29.99795417008,9.172621812272,26.962794433289
    ));
#835 = CARTESIAN_POINT('',(29.594081024931,8.982586992817,
    26.706824590133));
#836 = CARTESIAN_POINT('',(28.704887721319,8.568969233476,
    26.010461445441));
#837 = CARTESIAN_POINT('',(28.258533091223,8.366083232893,
    25.529034326757));
#838 = CARTESIAN_POINT('',(27.89481979474,8.203691596635,25.003245545047
    ));
#839 = CARTESIAN_POINT('',(27.610217624336,8.07820310933,24.447936034231
    ));
#840 = CARTESIAN_POINT('',(27.400836964082,7.98662972334,23.873935803736
    ));
#841 = CARTESIAN_POINT('',(27.263221366419,7.926686447584,
    23.289251464663));
#842 = CARTESIAN_POINT('',(27.194867030133,7.896912738181,
    22.699886424332));
#843 = CARTESIAN_POINT('',(27.194867030133,7.896912738181,
    22.111003018106));
#844 = ORIENTED_EDGE('',*,*,#845,.F.);
#845 = EDGE_CURVE('',#846,#783,#848,.T.);
#846 = VERTEX_POINT('',#847);
#847 = CARTESIAN_POINT('',(36.806918394337,12.780372791517,
    23.450010682796));
#848 = B_SPLINE_CURVE_WITH_KNOTS('',8,(#849,#850,#851,#852,#853,#854,
    #855,#856,#857,#858,#859,#860,#861,#862,#863,#864,#865,#866,#867,
    #868,#869,#870,#871,#872,#873,#874,#875,#876,#877,#878,#879,#880,
    #881,#882,#883,#884,#885,#886,#887,#888,#889,#890,#891,#892,#893,
    #894,#895,#896,#897,#898,#899,#900,#901,#902,#903,#904,#905,#906),
  .UNSPECIFIED.,.T.,.F.,(9,7,7,7,7,7,7,7,9),(0.,0.144775430056,
    0.265423616365,0.382063578605,0.505272032979,0.628784634981,
    0.731784333188,0.839998261873,1.),.UNSPECIFIED.);
#849 = CARTESIAN_POINT('',(27.194867030133,7.896912738181,
    22.111003018106));
#850 = CARTESIAN_POINT('',(27.194867030133,7.896912738181,
    21.574971449747));
#851 = CARTESIAN_POINT('',(27.25150207656,7.921581965029,21.040379546687
    ));
#852 = CARTESIAN_POINT('',(27.363698001672,7.970451913414,
    20.510946081997));
#853 = CARTESIAN_POINT('',(27.531582299926,8.043835709346,19.99041691721
    ));
#854 = CARTESIAN_POINT('',(27.756159780144,8.142657677181,
    19.483337086518));
#855 = CARTESIAN_POINT('',(28.039058532817,8.268395021907,
    18.995582779054));
#856 = CARTESIAN_POINT('',(28.382173977811,8.422998663102,
    18.535071574728));
#857 = CARTESIAN_POINT('',(29.124431652305,8.763380809712,
    17.761394903797));
#858 = CARTESIAN_POINT('',(29.513109222686,8.943522975849,
    17.427706038621));
#859 = CARTESIAN_POINT('',(29.950968708991,9.149148692215,
    17.127873023989));
#860 = CARTESIAN_POINT('',(30.432948684803,9.37913309865,16.876063590253
    ));
#861 = CARTESIAN_POINT('',(30.951450151449,9.631173839303,
    16.684657879785));
#862 = CARTESIAN_POINT('',(31.496954327701,9.901771884647,
    16.564110309783));
#863 = CARTESIAN_POINT('',(32.058570698901,10.18619710286,
    16.522819112891));
#864 = CARTESIAN_POINT('',(33.171133884705,10.760997108576,
    16.609839717814));
#865 = CARTESIAN_POINT('',(33.694995107495,11.037003669786,
    16.730464611318));
#866 = CARTESIAN_POINT('',(34.186765941786,11.301072591449,
    16.921082043271));
#867 = CARTESIAN_POINT('',(34.639274519206,11.548311585894,
    17.172477031289));
#868 = CARTESIAN_POINT('',(35.047146638772,11.774510944308,
    17.474060953774));
#869 = CARTESIAN_POINT('',(35.406928533842,11.976481010627,
    17.813958849788));
#870 = CARTESIAN_POINT('',(35.717304821215,12.152396682953,
    18.179132309643));
#871 = CARTESIAN_POINT('',(36.256022441678,12.460016726266,
    18.953002038217));
#872 = CARTESIAN_POINT('',(36.485403970956,12.592467532224,
    19.372535968386));
#873 = CARTESIAN_POINT('',(36.670230698621,12.700077141424,
    19.807320170348));
#874 = CARTESIAN_POINT('',(36.813016103927,12.783691051456,
    20.252464094237));
#875 = CARTESIAN_POINT('',(36.915794017607,12.844094635329,
    20.704318451601));
#876 = CARTESIAN_POINT('',(36.980004200488,12.881891501549,
    21.160090448206));
#877 = CARTESIAN_POINT('',(37.006400160126,12.897416502966,
    21.617533029812));
#878 = CARTESIAN_POINT('',(36.983415266314,12.883895475454,
    22.532688220014));
#879 = CARTESIAN_POINT('',(36.933866190357,12.854750505993,
    22.98964236946));
#880 = CARTESIAN_POINT('',(36.846438983518,12.803355954605,
    23.44314776775));
#881 = CARTESIAN_POINT('',(36.720553685349,12.729539971919,
    23.890811694681));
#882 = CARTESIAN_POINT('',(36.555022532471,12.632909285425,
    24.329742609987));
#883 = CARTESIAN_POINT('',(36.348147450021,12.512936365178,
    24.756268878168));
#884 = CARTESIAN_POINT('',(36.097843065058,12.369076887211,
    25.165589276214));
#885 = CARTESIAN_POINT('',(35.555014858696,12.060722777908,
    25.872770581137));
#886 = CARTESIAN_POINT('',(35.273933332437,11.902218136129,
    26.181075820232));
#887 = CARTESIAN_POINT('',(34.958165952419,11.7257310766,26.469174104407
    ));
#888 = CARTESIAN_POINT('',(34.608165118466,11.532187566373,
    26.730165879156));
#889 = CARTESIAN_POINT('',(34.225234692369,11.323073896294,
    26.957227065546));
#890 = CARTESIAN_POINT('',(33.811566596166,11.100388239603,
    27.143605064303));
#891 = CARTESIAN_POINT('',(33.370354176106,10.866602003067,
    27.282578366739));
#892 = CARTESIAN_POINT('',(32.418102246573,10.370410458331,
    27.456474143027));
#893 = CARTESIAN_POINT('',(31.916310129896,10.113227456107,
    27.483644096261));
#894 = CARTESIAN_POINT('',(31.411738259035,9.8592525923,27.445324812021)
  );
#895 = CARTESIAN_POINT('',(30.916219007139,9.614495018111,
    27.342097673511));
#896 = CARTESIAN_POINT('',(30.441450586707,9.384225826934,
    27.178496201226));
#897 = CARTESIAN_POINT('',(29.99795417008,9.172621812272,26.962794433289
    ));
#898 = CARTESIAN_POINT('',(29.594081024931,8.982586992817,
    26.706824590133));
#899 = CARTESIAN_POINT('',(28.704887721319,8.568969233476,
    26.010461445441));
#900 = CARTESIAN_POINT('',(28.258533091223,8.366083232893,
    25.529034326757));
#901 = CARTESIAN_POINT('',(27.89481979474,8.203691596635,25.003245545047
    ));
#902 = CARTESIAN_POINT('',(27.610217624336,8.07820310933,24.447936034231
    ));
#903 = CARTESIAN_POINT('',(27.400836964082,7.98662972334,23.873935803736
    ));
#904 = CARTESIAN_POINT('',(27.263221366419,7.926686447584,
    23.289251464663));
#905 = CARTESIAN_POINT('',(27.194867030133,7.896912738181,
    22.699886424332));
#906 = CARTESIAN_POINT('',(27.194867030133,7.896912738181,
    22.111003018106));
#907 = ORIENTED_EDGE('',*,*,#908,.F.);
#908 = EDGE_CURVE('',#909,#846,#911,.T.);
#909 = VERTEX_POINT('',#910);
#910 = CARTESIAN_POINT('',(54.030367198628,25.8289829438,23.450010682796
    ));
#911 = ELLIPSE('',#912,910.,91.);
#912 = AXIS2_PLACEMENT_3D('',#913,#914,#915);
#913 = CARTESIAN_POINT('',(-9.145181658417,91.325929640659,
    -875.5844118858));
#914 = DIRECTION('',(0.600846695681,-0.793084641315,-0.1));
#915 = DIRECTION('',(6.038736503325E-02,-7.970800552228E-02,
    0.994987437107));
#916 = ORIENTED_EDGE('',*,*,#917,.F.);
#917 = EDGE_CURVE('',#756,#909,#918,.T.);
#918 = B_SPLINE_CURVE_WITH_KNOTS('',7,(#919,#920,#921,#922,#923,#924,
    #925,#926,#927,#928,#929,#930,#931,#932,#933,#934,#935,#936,#937,
    #938,#939,#940,#941,#942,#943,#944,#945,#946,#947,#948,#949,#950,
    #951,#952,#953,#954,#955,#956,#957,#958,#959,#960,#961,#962,#963,
    #964,#965,#966,#967,#968,#969,#970,#971,#972,#973,#974),
  .UNSPECIFIED.,.T.,.F.,(8,6,6,6,6,6,6,6,6,8),(0.,0.117874322864,
    0.23451144676,0.355156697405,0.483884828296,0.613015021173,
    0.70892827223,0.795278053622,0.89032115623,1.),.UNSPECIFIED.);
#919 = CARTESIAN_POINT('',(53.871641373329,25.676253213538,
    21.916242427014));
#920 = CARTESIAN_POINT('',(53.871641373329,25.676253213538,
    21.416408794986));
#921 = CARTESIAN_POINT('',(53.910349578722,25.713409064455,
    20.916817820821));
#922 = CARTESIAN_POINT('',(53.987878620217,25.787828720035,
    20.420395297677));
#923 = CARTESIAN_POINT('',(54.105237185234,25.900757229419,
    19.930510098516));
#924 = CARTESIAN_POINT('',(54.264135673151,26.054392209725,
    19.451627812724));
#925 = CARTESIAN_POINT('',(54.466671890698,26.25171432522,
    18.990133628298));
#926 = CARTESIAN_POINT('',(54.960534568191,26.738190690559,
    18.125369699078));
#927 = CARTESIAN_POINT('',(55.257409149837,27.032764428427,
    17.710155239012));
#928 = CARTESIAN_POINT('',(55.605561908795,27.381629043361,
    17.332404376985));
#929 = CARTESIAN_POINT('',(56.00075870877,27.78282190308,17.012549683523
    ));
#930 = CARTESIAN_POINT('',(56.435141198621,28.231087509221,
    16.768635985726));
#931 = CARTESIAN_POINT('',(56.898468088075,28.718172632339,
    16.615950480199));
#932 = CARTESIAN_POINT('',(57.875021842055,29.764400819092,
    16.516498359736));
#933 = CARTESIAN_POINT('',(58.360031045115,30.293963280609,
    16.579980958219));
#934 = CARTESIAN_POINT('',(58.819067939696,30.805174418132,
    16.747464038334));
#935 = CARTESIAN_POINT('',(59.24074395554,31.28361763459,17.004663138706
    ));
#936 = CARTESIAN_POINT('',(59.616798473297,31.716993750581,
    17.333222823691));
#937 = CARTESIAN_POINT('',(59.942529485722,32.096983030829,
    17.711155703378));
#938 = CARTESIAN_POINT('',(60.510110961483,32.765319352405,
    18.541909913996));
#939 = CARTESIAN_POINT('',(60.753935749015,33.056484653324,
    19.011307950293));
#940 = CARTESIAN_POINT('',(60.951435145101,33.29480627906,
    19.508552258582));
#941 = CARTESIAN_POINT('',(61.105324731876,33.481843106359,
    20.025164798304));
#942 = CARTESIAN_POINT('',(61.217552497891,33.6188567701,20.554971789344
    ));
#943 = CARTESIAN_POINT('',(61.289148431216,33.706423408382,
    21.093367125821));
#944 = CARTESIAN_POINT('',(61.350640822782,33.781673793081,
    22.180740320077));
#945 = CARTESIAN_POINT('',(61.340227166553,33.768978277298,
    22.728786120773));
#946 = CARTESIAN_POINT('',(61.288579936115,33.705640436897,
    23.275761818684));
#947 = CARTESIAN_POINT('',(61.194496313971,33.590420648722,
    23.816941682808));
#948 = CARTESIAN_POINT('',(61.055815877413,33.421360226145,
    24.346405491767));
#949 = CARTESIAN_POINT('',(60.869467059098,33.196022578679,
    24.856369324185));
#950 = CARTESIAN_POINT('',(60.455200970498,32.701170431496,
    25.691061849446));
#951 = CARTESIAN_POINT('',(60.249071364852,32.456453713854,
    26.032186472036));
#952 = CARTESIAN_POINT('',(60.012375840897,32.177625553019,
    26.351054555312));
#953 = CARTESIAN_POINT('',(59.74483178915,31.865479047161,
    26.639696915199));
#954 = CARTESIAN_POINT('',(59.446880807497,31.521879668012,
    26.889825826078));
#955 = CARTESIAN_POINT('',(59.119875012787,31.149821616398,
    27.092755271315));
#956 = CARTESIAN_POINT('',(58.448243713312,30.396812096283,
    27.371094078234));
#957 = CARTESIAN_POINT('',(58.111096738384,30.023215620549,
    27.456177541039));
#958 = CARTESIAN_POINT('',(57.76202963095,29.641492672102,
    27.487120028532));
#959 = CARTESIAN_POINT('',(57.40936557839,29.261256594363,
    27.461070154247));
#960 = CARTESIAN_POINT('',(57.061985230823,28.891884776098,
    27.379635153718));
#961 = CARTESIAN_POINT('',(56.72848869119,28.541677938719,
    27.248843113549));
#962 = CARTESIAN_POINT('',(56.072583916823,27.860280424943,
    26.89229891846));
#963 = CARTESIAN_POINT('',(55.753780018321,27.533625650655,
    26.657826379854));
#964 = CARTESIAN_POINT('',(55.462055249468,27.238351798109,
    26.384860674881));
#965 = CARTESIAN_POINT('',(55.198598050631,26.974433337792,
    26.081184274546));
#966 = CARTESIAN_POINT('',(54.963855962915,26.741282904762,
    25.753573370923));
#967 = CARTESIAN_POINT('',(54.757730167894,26.537967164063,
    25.407994600321));
#968 = CARTESIAN_POINT('',(54.374166745337,26.16171216889,24.63617871647
    ));
#969 = CARTESIAN_POINT('',(54.205048077782,25.99730419877,
    24.203730739406));
#970 = CARTESIAN_POINT('',(54.071135724312,25.867951184292,
    23.75814361811));
#971 = CARTESIAN_POINT('',(53.971362768098,25.771975839918,
    23.303616016323));
#972 = CARTESIAN_POINT('',(53.904966489439,25.708241632232,
    22.843342142355));
#973 = CARTESIAN_POINT('',(53.871641373329,25.676253213538,
    22.380017632945));
#974 = CARTESIAN_POINT('',(53.871641373329,25.676253213538,
    21.916242427014));
#975 = FACE_BOUND('',#976,.F.);
#976 = EDGE_LOOP('',(#977));
#977 = ORIENTED_EDGE('',*,*,#978,.F.);
#978 = EDGE_CURVE('',#979,#979,#981,.T.);
#979 = VERTEX_POINT('',#980);
#980 = CARTESIAN_POINT('',(64.373570555632,37.69764351394,
    21.855659419812));
#981 = B_SPLINE_CURVE_WITH_KNOTS('',7,(#982,#983,#984,#985,#986,#987,
    #988,#989,#990,#991,#992,#993,#994,#995,#996,#997,#998,#999,#1000,
    #1001,#1002,#1003,#1004,#1005,#1006,#1007,#1008,#1009,#1010,#1011,
    #1012,#1013,#1014,#1015,#1016,#1017,#1018,#1019,#1020,#1021,#1022,
    #1023,#1024,#1025),.UNSPECIFIED.,.T.,.F.,(8,6,6,6,6,6,6,8),(0.,
    0.152709085152,0.285432656257,0.421462313882,0.588710970466,
    0.714460934923,0.837666553674,1.),.UNSPECIFIED.);
#982 = CARTESIAN_POINT('',(64.373570555633,37.69764351394,
    21.855659419812));
#983 = CARTESIAN_POINT('',(64.373570555633,37.69764351394,
    22.053568013393));
#984 = CARTESIAN_POINT('',(64.35741087353,37.675490331785,
    22.251399109465));
#985 = CARTESIAN_POINT('',(64.325094715626,37.631188031706,
    22.446789708936));
#986 = CARTESIAN_POINT('',(64.276071515728,37.564071316251,
    22.637029486368));
#987 = CARTESIAN_POINT('',(64.209447318015,37.473088639476,
    22.818528086529));
#988 = CARTESIAN_POINT('',(64.124147608519,37.357082784247,
    22.986243117218));
#989 = CARTESIAN_POINT('',(63.928328318239,37.092309178581,23.2596502072
    ));
#990 = CARTESIAN_POINT('',(63.819393837344,36.945521227565,
    23.375021495193));
#991 = CARTESIAN_POINT('',(63.694577040316,36.77811449494,
    23.465456774681));
#992 = CARTESIAN_POINT('',(63.558171593572,36.596285127459,
    23.521859838508));
#993 = CARTESIAN_POINT('',(63.416104301559,36.40824490725,
    23.539327406733));
#994 = CARTESIAN_POINT('',(63.274915264503,36.222586092332,
    23.517429948773));
#995 = CARTESIAN_POINT('',(63.00288523528,35.866865287208,
    23.402075661799));
#996 = CARTESIAN_POINT('',(62.877186145247,35.703578846192,
    23.308885415858));
#997 = CARTESIAN_POINT('',(62.765867975267,35.559827009136,23.1888046001
    ));
#998 = CARTESIAN_POINT('',(62.670108818211,35.436739908823,
    23.048481114108));
#999 = CARTESIAN_POINT('',(62.590358225676,35.334581037551,
    22.893776349145));
#1000 = CARTESIAN_POINT('',(62.526472482622,35.252939496804,
    22.729902940115));
#1001 = CARTESIAN_POINT('',(62.417910097894,35.114424434918,
    22.354363413369));
#1002 = CARTESIAN_POINT('',(62.380248066797,35.066567088535,
    22.137734180478));
#1003 = CARTESIAN_POINT('',(62.363642687388,35.045509311537,
    21.916514827219));
#1004 = CARTESIAN_POINT('',(62.367645244698,35.050587402594,
    21.693988525643));
#1005 = CARTESIAN_POINT('',(62.392404322202,35.082000881206,
    21.473537110272));
#1006 = CARTESIAN_POINT('',(62.438513150143,35.140638782717,
    21.259078904304));
#1007 = CARTESIAN_POINT('',(62.558146871955,35.293442503472,
    20.904032591931));
#1008 = CARTESIAN_POINT('',(62.622620053676,35.375935997807,
    20.756568295909));
#1009 = CARTESIAN_POINT('',(62.700674608118,35.476054143516,
    20.618005413557));
#1010 = CARTESIAN_POINT('',(62.792305691111,35.593984944072,
    20.492746761227));
#1011 = CARTESIAN_POINT('',(62.897020304869,35.729350582076,
    20.385627727602));
#1012 = CARTESIAN_POINT('',(63.013755017095,35.881079186864,
    20.302001958867));
#1013 = CARTESIAN_POINT('',(63.264825914612,36.209392726597,
    20.195160768441));
#1014 = CARTESIAN_POINT('',(63.395440305859,36.381074240666,
    20.172169985693));
#1015 = CARTESIAN_POINT('',(63.527464807867,36.555654673512,
    20.18306283325));
#1016 = CARTESIAN_POINT('',(63.655434445689,36.725975365197,
    20.227954504165));
#1017 = CARTESIAN_POINT('',(63.774268498651,36.885059913151,
    20.30325018175));
#1018 = CARTESIAN_POINT('',(63.88007103463,37.027351239505,
    20.401821051468));
#1019 = CARTESIAN_POINT('',(64.089990709691,37.310656686049,
    20.659655128567));
#1020 = CARTESIAN_POINT('',(64.187165651918,37.442668478906,
    20.833489578303));
#1021 = CARTESIAN_POINT('',(64.262908848075,37.546052799597,
    21.024437804921));
#1022 = CARTESIAN_POINT('',(64.318562609489,37.622232963959,
    21.226111371612));
#1023 = CARTESIAN_POINT('',(64.355212994535,37.672477330381,
    21.433936816623));
#1024 = CARTESIAN_POINT('',(64.373570555633,37.69764351394,
    21.644727391697));
#1025 = CARTESIAN_POINT('',(64.373570555633,37.69764351394,
    21.855659419812));
#1026 = CYLINDRICAL_SURFACE('',#1027,91.);
#1027 = AXIS2_PLACEMENT_3D('',#1028,#1029,#1030);
#1028 = CARTESIAN_POINT('',(-9.145181658417,91.325929640659,0.));
#1029 = DIRECTION('',(0.,0.,1.));
#1030 = DIRECTION('',(1.,0.,-0.));
#1031 = ADVANCED_FACE('',(#1032),#1083,.T.);
#1032 = FACE_BOUND('',#1033,.T.);
#1033 = EDGE_LOOP('',(#1034,#1043,#1051,#1059,#1065,#1066,#1067,#1068,
    #1076,#1082));
#1034 = ORIENTED_EDGE('',*,*,#1035,.F.);
#1035 = EDGE_CURVE('',#1036,#564,#1038,.T.);
#1036 = VERTEX_POINT('',#1037);
#1037 = CARTESIAN_POINT('',(1.988082969221,65.634483228847,3.));
#1038 = CIRCLE('',#1039,28.);
#1039 = AXIS2_PLACEMENT_3D('',#1040,#1041,#1042);
#1040 = CARTESIAN_POINT('',(-9.145181658417,91.325929640659,3.));
#1041 = DIRECTION('',(0.,0.,1.));
#1042 = DIRECTION('',(1.,0.,-0.));
#1043 = ORIENTED_EDGE('',*,*,#1044,.F.);
#1044 = EDGE_CURVE('',#1045,#1036,#1047,.T.);
#1045 = VERTEX_POINT('',#1046);
#1046 = CARTESIAN_POINT('',(4.28851911205,60.325929640659,3.));
#1047 = LINE('',#1048,#1049);
#1048 = CARTESIAN_POINT('',(70.378137110424,-92.18440187228,3.));
#1049 = VECTOR('',#1050,1.);
#1050 = DIRECTION('',(-0.397616593844,0.917551657565,0.));
#1051 = ORIENTED_EDGE('',*,*,#1052,.F.);
#1052 = EDGE_CURVE('',#1053,#1045,#1055,.T.);
#1053 = VERTEX_POINT('',#1054);
#1054 = CARTESIAN_POINT('',(16.854818341583,60.325929640659,3.));
#1055 = LINE('',#1056,#1057);
#1056 = CARTESIAN_POINT('',(-4.145181658417,60.325929640659,3.));
#1057 = VECTOR('',#1058,1.);
#1058 = DIRECTION('',(-1.,-0.,0.));
#1059 = ORIENTED_EDGE('',*,*,#1060,.F.);
#1060 = EDGE_CURVE('',#145,#1053,#1061,.T.);
#1061 = LINE('',#1062,#1063);
#1062 = CARTESIAN_POINT('',(16.854818341583,51.825929640659,3.));
#1063 = VECTOR('',#1064,1.);
#1064 = DIRECTION('',(-0.,1.,0.));
#1065 = ORIENTED_EDGE('',*,*,#152,.F.);
#1066 = ORIENTED_EDGE('',*,*,#743,.T.);
#1067 = ORIENTED_EDGE('',*,*,#531,.F.);
#1068 = ORIENTED_EDGE('',*,*,#1069,.T.);
#1069 = EDGE_CURVE('',#532,#1070,#1072,.T.);
#1070 = VERTEX_POINT('',#1071);
#1071 = CARTESIAN_POINT('',(21.854818341583,65.325929640659,3.));
#1072 = LINE('',#1073,#1074);
#1073 = CARTESIAN_POINT('',(6.354818341583,65.325929640659,3.));
#1074 = VECTOR('',#1075,1.);
#1075 = DIRECTION('',(-1.,-0.,0.));
#1076 = ORIENTED_EDGE('',*,*,#1077,.T.);
#1077 = EDGE_CURVE('',#1070,#556,#1078,.T.);
#1078 = LINE('',#1079,#1080);
#1079 = CARTESIAN_POINT('',(21.854818341583,78.325929640659,3.));
#1080 = VECTOR('',#1081,1.);
#1081 = DIRECTION('',(-0.,1.,0.));
#1082 = ORIENTED_EDGE('',*,*,#563,.F.);
#1083 = PLANE('',#1084);
#1084 = AXIS2_PLACEMENT_3D('',#1085,#1086,#1087);
#1085 = CARTESIAN_POINT('',(-9.145181658417,91.325929640659,3.));
#1086 = DIRECTION('',(0.,0.,1.));
#1087 = DIRECTION('',(1.,0.,-0.));
#1088 = ADVANCED_FACE('',(#1089),#1107,.T.);
#1089 = FACE_BOUND('',#1090,.T.);
#1090 = EDGE_LOOP('',(#1091,#1092,#1093,#1101));
#1091 = ORIENTED_EDGE('',*,*,#144,.F.);
#1092 = ORIENTED_EDGE('',*,*,#1060,.T.);
#1093 = ORIENTED_EDGE('',*,*,#1094,.T.);
#1094 = EDGE_CURVE('',#1053,#1095,#1097,.T.);
#1095 = VERTEX_POINT('',#1096);
#1096 = CARTESIAN_POINT('',(16.854818341583,60.325929640659,10.));
#1097 = LINE('',#1098,#1099);
#1098 = CARTESIAN_POINT('',(16.854818341583,60.325929640659,0.));
#1099 = VECTOR('',#1100,1.);
#1100 = DIRECTION('',(0.,0.,1.));
#1101 = ORIENTED_EDGE('',*,*,#1102,.F.);
#1102 = EDGE_CURVE('',#137,#1095,#1103,.T.);
#1103 = LINE('',#1104,#1105);
#1104 = CARTESIAN_POINT('',(16.854818341583,12.325929640659,10.));
#1105 = VECTOR('',#1106,1.);
#1106 = DIRECTION('',(-0.,1.,0.));
#1107 = PLANE('',#1108);
#1108 = AXIS2_PLACEMENT_3D('',#1109,#1110,#1111);
#1109 = CARTESIAN_POINT('',(16.854818341583,12.325929640659,0.));
#1110 = DIRECTION('',(1.,0.,-0.));
#1111 = DIRECTION('',(0.,0.,1.));
#1112 = ADVANCED_FACE('',(#1113),#1149,.T.);
#1113 = FACE_BOUND('',#1114,.T.);
#1114 = EDGE_LOOP('',(#1115,#1123,#1131,#1140,#1147,#1148));
#1115 = ORIENTED_EDGE('',*,*,#1116,.F.);
#1116 = EDGE_CURVE('',#1117,#1095,#1119,.T.);
#1117 = VERTEX_POINT('',#1118);
#1118 = CARTESIAN_POINT('',(4.28851911205,60.325929640659,10.));
#1119 = LINE('',#1120,#1121);
#1120 = CARTESIAN_POINT('',(0.854818341583,60.325929640659,10.));
#1121 = VECTOR('',#1122,1.);
#1122 = DIRECTION('',(1.,0.,-0.));
#1123 = ORIENTED_EDGE('',*,*,#1124,.F.);
#1124 = EDGE_CURVE('',#1125,#1117,#1127,.T.);
#1125 = VERTEX_POINT('',#1126);
#1126 = CARTESIAN_POINT('',(7.360558599433,53.236801653067,10.));
#1127 = LINE('',#1128,#1129);
#1128 = CARTESIAN_POINT('',(85.579565596826,-127.2636619459,10.));
#1129 = VECTOR('',#1130,1.);
#1130 = DIRECTION('',(-0.397616593844,0.917551657565,0.));
#1131 = ORIENTED_EDGE('',*,*,#1132,.F.);
#1132 = EDGE_CURVE('',#1133,#1125,#1135,.T.);
#1133 = VERTEX_POINT('',#1134);
#1134 = CARTESIAN_POINT('',(10.604818341583,52.325929640659,10.));
#1135 = CIRCLE('',#1136,1.75);
#1136 = AXIS2_PLACEMENT_3D('',#1137,#1138,#1139);
#1137 = CARTESIAN_POINT('',(8.854818341583,52.325929640659,10.));
#1138 = DIRECTION('',(0.,0.,1.));
#1139 = DIRECTION('',(1.,0.,-0.));
#1140 = ORIENTED_EDGE('',*,*,#1141,.F.);
#1141 = EDGE_CURVE('',#129,#1133,#1142,.T.);
#1142 = CIRCLE('',#1143,1.75);
#1143 = AXIS2_PLACEMENT_3D('',#1144,#1145,#1146);
#1144 = CARTESIAN_POINT('',(8.854818341583,52.325929640659,10.));
#1145 = DIRECTION('',(0.,0.,1.));
#1146 = DIRECTION('',(1.,0.,-0.));
#1147 = ORIENTED_EDGE('',*,*,#136,.F.);
#1148 = ORIENTED_EDGE('',*,*,#1102,.T.);
#1149 = PLANE('',#1150);
#1150 = AXIS2_PLACEMENT_3D('',#1151,#1152,#1153);
#1151 = CARTESIAN_POINT('',(0.854818341583,12.325929640659,10.));
#1152 = DIRECTION('',(0.,0.,1.));
#1153 = DIRECTION('',(1.,0.,-0.));
#1154 = ADVANCED_FACE('',(#1155),#1174,.F.);
#1155 = FACE_BOUND('',#1156,.F.);
#1156 = EDGE_LOOP('',(#1157,#1165,#1166,#1167));
#1157 = ORIENTED_EDGE('',*,*,#1158,.T.);
#1158 = EDGE_CURVE('',#1159,#1133,#1161,.T.);
#1159 = VERTEX_POINT('',#1160);
#1160 = CARTESIAN_POINT('',(10.604818341583,52.325929640659,7.6));
#1161 = LINE('',#1162,#1163);
#1162 = CARTESIAN_POINT('',(10.604818341583,52.325929640659,7.3));
#1163 = VECTOR('',#1164,1.);
#1164 = DIRECTION('',(0.,0.,1.));
#1165 = ORIENTED_EDGE('',*,*,#1141,.F.);
#1166 = ORIENTED_EDGE('',*,*,#128,.F.);
#1167 = ORIENTED_EDGE('',*,*,#1168,.T.);
#1168 = EDGE_CURVE('',#121,#1159,#1169,.T.);
#1169 = CIRCLE('',#1170,1.75);
#1170 = AXIS2_PLACEMENT_3D('',#1171,#1172,#1173);
#1171 = CARTESIAN_POINT('',(8.854818341583,52.325929640659,7.6));
#1172 = DIRECTION('',(0.,0.,1.));
#1173 = DIRECTION('',(1.,0.,-0.));
#1174 = CYLINDRICAL_SURFACE('',#1175,1.75);
#1175 = AXIS2_PLACEMENT_3D('',#1176,#1177,#1178);
#1176 = CARTESIAN_POINT('',(8.854818341583,52.325929640659,7.3));
#1177 = DIRECTION('',(0.,0.,1.));
#1178 = DIRECTION('',(1.,0.,-0.));
#1179 = ADVANCED_FACE('',(#1180),#1231,.F.);
#1180 = FACE_BOUND('',#1181,.F.);
#1181 = EDGE_LOOP('',(#1182,#1192,#1200,#1208,#1216,#1223,#1224,#1225));
#1182 = ORIENTED_EDGE('',*,*,#1183,.T.);
#1183 = EDGE_CURVE('',#1184,#1186,#1188,.T.);
#1184 = VERTEX_POINT('',#1185);
#1185 = CARTESIAN_POINT('',(11.754818341583,50.651613860009,7.6));
#1186 = VERTEX_POINT('',#1187);
#1187 = CARTESIAN_POINT('',(11.754818341583,54.000245421309,7.6));
#1188 = LINE('',#1189,#1190);
#1189 = CARTESIAN_POINT('',(11.754818341583,50.651613860009,7.6));
#1190 = VECTOR('',#1191,1.);
#1191 = DIRECTION('',(0.,1.,0.));
#1192 = ORIENTED_EDGE('',*,*,#1193,.T.);
#1193 = EDGE_CURVE('',#1186,#1194,#1196,.T.);
#1194 = VERTEX_POINT('',#1195);
#1195 = CARTESIAN_POINT('',(8.854818341583,55.674561201959,7.6));
#1196 = LINE('',#1197,#1198);
#1197 = CARTESIAN_POINT('',(11.754818341583,54.000245421309,7.6));
#1198 = VECTOR('',#1199,1.);
#1199 = DIRECTION('',(-0.866025403784,0.5,0.));
#1200 = ORIENTED_EDGE('',*,*,#1201,.T.);
#1201 = EDGE_CURVE('',#1194,#1202,#1204,.T.);
#1202 = VERTEX_POINT('',#1203);
#1203 = CARTESIAN_POINT('',(6.81461076586,54.496646808912,7.6));
#1204 = LINE('',#1205,#1206);
#1205 = CARTESIAN_POINT('',(8.854818341583,55.674561201959,7.6));
#1206 = VECTOR('',#1207,1.);
#1207 = DIRECTION('',(-0.866025403784,-0.5,0.));
#1208 = ORIENTED_EDGE('',*,*,#1209,.F.);
#1209 = EDGE_CURVE('',#1210,#1202,#1212,.T.);
#1210 = VERTEX_POINT('',#1211);
#1211 = CARTESIAN_POINT('',(7.360558599433,53.236801653067,7.6));
#1212 = LINE('',#1213,#1214);
#1213 = CARTESIAN_POINT('',(78.915286124487,-111.8849761189,7.6));
#1214 = VECTOR('',#1215,1.);
#1215 = DIRECTION('',(-0.397616593844,0.917551657565,0.));
#1216 = ORIENTED_EDGE('',*,*,#1217,.F.);
#1217 = EDGE_CURVE('',#1159,#1210,#1218,.T.);
#1218 = CIRCLE('',#1219,1.75);
#1219 = AXIS2_PLACEMENT_3D('',#1220,#1221,#1222);
#1220 = CARTESIAN_POINT('',(8.854818341583,52.325929640659,7.6));
#1221 = DIRECTION('',(0.,0.,1.));
#1222 = DIRECTION('',(1.,0.,-0.));
#1223 = ORIENTED_EDGE('',*,*,#1168,.F.);
#1224 = ORIENTED_EDGE('',*,*,#120,.F.);
#1225 = ORIENTED_EDGE('',*,*,#1226,.T.);
#1226 = EDGE_CURVE('',#113,#1184,#1227,.T.);
#1227 = LINE('',#1228,#1229);
#1228 = CARTESIAN_POINT('',(8.854818341583,48.977298079359,7.6));
#1229 = VECTOR('',#1230,1.);
#1230 = DIRECTION('',(0.866025403784,0.5,0.));
#1231 = PLANE('',#1232);
#1232 = AXIS2_PLACEMENT_3D('',#1233,#1234,#1235);
#1233 = CARTESIAN_POINT('',(8.854818341583,52.325929640659,7.6));
#1234 = DIRECTION('',(0.,0.,1.));
#1235 = DIRECTION('',(1.,0.,-0.));
#1236 = ADVANCED_FACE('',(#1237),#1274,.F.);
#1237 = FACE_BOUND('',#1238,.F.);
#1238 = EDGE_LOOP('',(#1239,#1249,#1255,#1256,#1257,#1258,#1259,#1260,
    #1268));
#1239 = ORIENTED_EDGE('',*,*,#1240,.F.);
#1240 = EDGE_CURVE('',#1241,#1243,#1245,.T.);
#1241 = VERTEX_POINT('',#1242);
#1242 = CARTESIAN_POINT('',(6.217498196715,55.874561201959,7.6));
#1243 = VERTEX_POINT('',#1244);
#1244 = CARTESIAN_POINT('',(12.203449902883,55.874561201959,7.6));
#1245 = LINE('',#1246,#1247);
#1246 = CARTESIAN_POINT('',(-11.14518165841,55.874561201959,7.6));
#1247 = VECTOR('',#1248,1.);
#1248 = DIRECTION('',(1.,0.,-0.));
#1249 = ORIENTED_EDGE('',*,*,#1250,.F.);
#1250 = EDGE_CURVE('',#1202,#1241,#1251,.T.);
#1251 = LINE('',#1252,#1253);
#1252 = CARTESIAN_POINT('',(77.981626873607,-109.73043678,7.6));
#1253 = VECTOR('',#1254,1.);
#1254 = DIRECTION('',(-0.397616593844,0.917551657565,0.));
#1255 = ORIENTED_EDGE('',*,*,#1201,.F.);
#1256 = ORIENTED_EDGE('',*,*,#1193,.F.);
#1257 = ORIENTED_EDGE('',*,*,#1183,.F.);
#1258 = ORIENTED_EDGE('',*,*,#1226,.F.);
#1259 = ORIENTED_EDGE('',*,*,#112,.F.);
#1260 = ORIENTED_EDGE('',*,*,#1261,.T.);
#1261 = EDGE_CURVE('',#105,#1262,#1264,.T.);
#1262 = VERTEX_POINT('',#1263);
#1263 = CARTESIAN_POINT('',(12.203449902883,48.777298079359,7.6));
#1264 = LINE('',#1265,#1266);
#1265 = CARTESIAN_POINT('',(-11.14518165841,48.777298079359,7.6));
#1266 = VECTOR('',#1267,1.);
#1267 = DIRECTION('',(1.,0.,-0.));
#1268 = ORIENTED_EDGE('',*,*,#1269,.T.);
#1269 = EDGE_CURVE('',#1262,#1243,#1270,.T.);
#1270 = LINE('',#1271,#1272);
#1271 = CARTESIAN_POINT('',(12.203449902883,48.777298079359,7.6));
#1272 = VECTOR('',#1273,1.);
#1273 = DIRECTION('',(-0.,1.,0.));
#1274 = PLANE('',#1275);
#1275 = AXIS2_PLACEMENT_3D('',#1276,#1277,#1278);
#1276 = CARTESIAN_POINT('',(-11.14518165841,48.777298079359,7.6));
#1277 = DIRECTION('',(0.,0.,1.));
#1278 = DIRECTION('',(1.,0.,-0.));
#1279 = ADVANCED_FACE('',(#1280),#1298,.T.);
#1280 = FACE_BOUND('',#1281,.T.);
#1281 = EDGE_LOOP('',(#1282,#1290,#1291,#1292));
#1282 = ORIENTED_EDGE('',*,*,#1283,.F.);
#1283 = EDGE_CURVE('',#97,#1284,#1286,.T.);
#1284 = VERTEX_POINT('',#1285);
#1285 = CARTESIAN_POINT('',(12.203449902883,48.777298079359,5.));
#1286 = LINE('',#1287,#1288);
#1287 = CARTESIAN_POINT('',(-11.14518165841,48.777298079359,5.));
#1288 = VECTOR('',#1289,1.);
#1289 = DIRECTION('',(1.,0.,-0.));
#1290 = ORIENTED_EDGE('',*,*,#104,.F.);
#1291 = ORIENTED_EDGE('',*,*,#1261,.T.);
#1292 = ORIENTED_EDGE('',*,*,#1293,.F.);
#1293 = EDGE_CURVE('',#1284,#1262,#1294,.T.);
#1294 = LINE('',#1295,#1296);
#1295 = CARTESIAN_POINT('',(12.203449902883,48.777298079359,5.));
#1296 = VECTOR('',#1297,1.);
#1297 = DIRECTION('',(0.,0.,1.));
#1298 = PLANE('',#1299);
#1299 = AXIS2_PLACEMENT_3D('',#1300,#1301,#1302);
#1300 = CARTESIAN_POINT('',(-11.14518165841,48.777298079359,5.));
#1301 = DIRECTION('',(-0.,1.,0.));
#1302 = DIRECTION('',(0.,0.,1.));
#1303 = ADVANCED_FACE('',(#1304),#1348,.F.);
#1304 = FACE_BOUND('',#1305,.F.);
#1305 = EDGE_LOOP('',(#1306,#1307,#1316,#1325,#1333,#1341,#1347));
#1306 = ORIENTED_EDGE('',*,*,#96,.F.);
#1307 = ORIENTED_EDGE('',*,*,#1308,.T.);
#1308 = EDGE_CURVE('',#89,#1309,#1311,.T.);
#1309 = VERTEX_POINT('',#1310);
#1310 = CARTESIAN_POINT('',(13.854818341583,52.325929640659,5.));
#1311 = CIRCLE('',#1312,5.);
#1312 = AXIS2_PLACEMENT_3D('',#1313,#1314,#1315);
#1313 = CARTESIAN_POINT('',(8.854818341583,52.325929640659,5.));
#1314 = DIRECTION('',(0.,0.,1.));
#1315 = DIRECTION('',(1.,0.,-0.));
#1316 = ORIENTED_EDGE('',*,*,#1317,.T.);
#1317 = EDGE_CURVE('',#1309,#1318,#1320,.T.);
#1318 = VERTEX_POINT('',#1319);
#1319 = CARTESIAN_POINT('',(5.981925115925,56.418176519082,5.));
#1320 = CIRCLE('',#1321,5.);
#1321 = AXIS2_PLACEMENT_3D('',#1322,#1323,#1324);
#1322 = CARTESIAN_POINT('',(8.854818341583,52.325929640659,5.));
#1323 = DIRECTION('',(0.,0.,1.));
#1324 = DIRECTION('',(1.,0.,-0.));
#1325 = ORIENTED_EDGE('',*,*,#1326,.F.);
#1326 = EDGE_CURVE('',#1327,#1318,#1329,.T.);
#1327 = VERTEX_POINT('',#1328);
#1328 = CARTESIAN_POINT('',(6.217498196715,55.874561201959,5.));
#1329 = LINE('',#1330,#1331);
#1330 = CARTESIAN_POINT('',(78.915286124487,-111.8849761189,5.));
#1331 = VECTOR('',#1332,1.);
#1332 = DIRECTION('',(-0.397616593844,0.917551657565,0.));
#1333 = ORIENTED_EDGE('',*,*,#1334,.T.);
#1334 = EDGE_CURVE('',#1327,#1335,#1337,.T.);
#1335 = VERTEX_POINT('',#1336);
#1336 = CARTESIAN_POINT('',(12.203449902883,55.874561201959,5.));
#1337 = LINE('',#1338,#1339);
#1338 = CARTESIAN_POINT('',(-11.14518165841,55.874561201959,5.));
#1339 = VECTOR('',#1340,1.);
#1340 = DIRECTION('',(1.,0.,-0.));
#1341 = ORIENTED_EDGE('',*,*,#1342,.F.);
#1342 = EDGE_CURVE('',#1284,#1335,#1343,.T.);
#1343 = LINE('',#1344,#1345);
#1344 = CARTESIAN_POINT('',(12.203449902883,48.777298079359,5.));
#1345 = VECTOR('',#1346,1.);
#1346 = DIRECTION('',(-0.,1.,0.));
#1347 = ORIENTED_EDGE('',*,*,#1283,.F.);
#1348 = PLANE('',#1349);
#1349 = AXIS2_PLACEMENT_3D('',#1350,#1351,#1352);
#1350 = CARTESIAN_POINT('',(8.854818341583,52.325929640659,5.));
#1351 = DIRECTION('',(0.,0.,1.));
#1352 = DIRECTION('',(1.,0.,-0.));
#1353 = ADVANCED_FACE('',(#1354),#1373,.F.);
#1354 = FACE_BOUND('',#1355,.F.);
#1355 = EDGE_LOOP('',(#1356,#1365,#1371,#1372));
#1356 = ORIENTED_EDGE('',*,*,#1357,.T.);
#1357 = EDGE_CURVE('',#81,#1358,#1360,.T.);
#1358 = VERTEX_POINT('',#1359);
#1359 = CARTESIAN_POINT('',(13.854818341583,52.325929640659,0.));
#1360 = CIRCLE('',#1361,5.);
#1361 = AXIS2_PLACEMENT_3D('',#1362,#1363,#1364);
#1362 = CARTESIAN_POINT('',(8.854818341583,52.325929640659,0.));
#1363 = DIRECTION('',(0.,0.,1.));
#1364 = DIRECTION('',(1.,0.,-0.));
#1365 = ORIENTED_EDGE('',*,*,#1366,.T.);
#1366 = EDGE_CURVE('',#1358,#1309,#1367,.T.);
#1367 = LINE('',#1368,#1369);
#1368 = CARTESIAN_POINT('',(13.854818341583,52.325929640659,-0.2));
#1369 = VECTOR('',#1370,1.);
#1370 = DIRECTION('',(0.,0.,1.));
#1371 = ORIENTED_EDGE('',*,*,#1308,.F.);
#1372 = ORIENTED_EDGE('',*,*,#88,.F.);
#1373 = CYLINDRICAL_SURFACE('',#1374,5.);
#1374 = AXIS2_PLACEMENT_3D('',#1375,#1376,#1377);
#1375 = CARTESIAN_POINT('',(8.854818341583,52.325929640659,-0.2));
#1376 = DIRECTION('',(0.,0.,1.));
#1377 = DIRECTION('',(1.,0.,-0.));
#1378 = ADVANCED_FACE('',(#1379),#1414,.F.);
#1379 = FACE_BOUND('',#1380,.F.);
#1380 = EDGE_LOOP('',(#1381,#1391,#1399,#1406,#1407,#1408));
#1381 = ORIENTED_EDGE('',*,*,#1382,.F.);
#1382 = EDGE_CURVE('',#1383,#1385,#1387,.T.);
#1383 = VERTEX_POINT('',#1384);
#1384 = CARTESIAN_POINT('',(4.28851911205,60.325929640659,0.));
#1385 = VERTEX_POINT('',#1386);
#1386 = CARTESIAN_POINT('',(16.854818341583,60.325929640659,0.));
#1387 = LINE('',#1388,#1389);
#1388 = CARTESIAN_POINT('',(0.854818341583,60.325929640659,0.));
#1389 = VECTOR('',#1390,1.);
#1390 = DIRECTION('',(1.,0.,-0.));
#1391 = ORIENTED_EDGE('',*,*,#1392,.F.);
#1392 = EDGE_CURVE('',#1393,#1383,#1395,.T.);
#1393 = VERTEX_POINT('',#1394);
#1394 = CARTESIAN_POINT('',(5.981925115925,56.418176519082,0.));
#1395 = LINE('',#1396,#1397);
#1396 = CARTESIAN_POINT('',(70.378137110424,-92.18440187228,0.));
#1397 = VECTOR('',#1398,1.);
#1398 = DIRECTION('',(-0.397616593844,0.917551657565,0.));
#1399 = ORIENTED_EDGE('',*,*,#1400,.F.);
#1400 = EDGE_CURVE('',#1358,#1393,#1401,.T.);
#1401 = CIRCLE('',#1402,5.);
#1402 = AXIS2_PLACEMENT_3D('',#1403,#1404,#1405);
#1403 = CARTESIAN_POINT('',(8.854818341583,52.325929640659,0.));
#1404 = DIRECTION('',(0.,0.,1.));
#1405 = DIRECTION('',(1.,0.,-0.));
#1406 = ORIENTED_EDGE('',*,*,#1357,.F.);
#1407 = ORIENTED_EDGE('',*,*,#80,.F.);
#1408 = ORIENTED_EDGE('',*,*,#1409,.T.);
#1409 = EDGE_CURVE('',#73,#1385,#1410,.T.);
#1410 = LINE('',#1411,#1412);
#1411 = CARTESIAN_POINT('',(16.854818341583,12.325929640659,0.));
#1412 = VECTOR('',#1413,1.);
#1413 = DIRECTION('',(-0.,1.,0.));
#1414 = PLANE('',#1415);
#1415 = AXIS2_PLACEMENT_3D('',#1416,#1417,#1418);
#1416 = CARTESIAN_POINT('',(-9.145181658417,91.325929640659,0.));
#1417 = DIRECTION('',(0.,0.,1.));
#1418 = DIRECTION('',(1.,0.,-0.));
#1419 = ADVANCED_FACE('',(#1420),#1457,.F.);
#1420 = FACE_BOUND('',#1421,.F.);
#1421 = EDGE_LOOP('',(#1422,#1423,#1424,#1425,#1433,#1439,#1440,#1449,
    #1455,#1456));
#1422 = ORIENTED_EDGE('',*,*,#72,.F.);
#1423 = ORIENTED_EDGE('',*,*,#708,.T.);
#1424 = ORIENTED_EDGE('',*,*,#691,.F.);
#1425 = ORIENTED_EDGE('',*,*,#1426,.F.);
#1426 = EDGE_CURVE('',#1427,#684,#1429,.T.);
#1427 = VERTEX_POINT('',#1428);
#1428 = CARTESIAN_POINT('',(21.854818341583,65.325929640659,0.));
#1429 = LINE('',#1430,#1431);
#1430 = CARTESIAN_POINT('',(21.854818341583,65.325929640659,0.));
#1431 = VECTOR('',#1432,1.);
#1432 = DIRECTION('',(1.,0.,-0.));
#1433 = ORIENTED_EDGE('',*,*,#1434,.T.);
#1434 = EDGE_CURVE('',#1427,#612,#1435,.T.);
#1435 = LINE('',#1436,#1437);
#1436 = CARTESIAN_POINT('',(21.854818341583,65.325929640659,0.));
#1437 = VECTOR('',#1438,1.);
#1438 = DIRECTION('',(-0.,1.,0.));
#1439 = ORIENTED_EDGE('',*,*,#611,.F.);
#1440 = ORIENTED_EDGE('',*,*,#1441,.F.);
#1441 = EDGE_CURVE('',#1442,#604,#1444,.T.);
#1442 = VERTEX_POINT('',#1443);
#1443 = CARTESIAN_POINT('',(1.988082969221,65.634483228847,0.));
#1444 = CIRCLE('',#1445,28.);
#1445 = AXIS2_PLACEMENT_3D('',#1446,#1447,#1448);
#1446 = CARTESIAN_POINT('',(-9.145181658417,91.325929640659,0.));
#1447 = DIRECTION('',(0.,0.,1.));
#1448 = DIRECTION('',(1.,0.,-0.));
#1449 = ORIENTED_EDGE('',*,*,#1450,.F.);
#1450 = EDGE_CURVE('',#1383,#1442,#1451,.T.);
#1451 = LINE('',#1452,#1453);
#1452 = CARTESIAN_POINT('',(70.378137110424,-92.18440187228,0.));
#1453 = VECTOR('',#1454,1.);
#1454 = DIRECTION('',(-0.397616593844,0.917551657565,0.));
#1455 = ORIENTED_EDGE('',*,*,#1382,.T.);
#1456 = ORIENTED_EDGE('',*,*,#1409,.F.);
#1457 = PLANE('',#1458);
#1458 = AXIS2_PLACEMENT_3D('',#1459,#1460,#1461);
#1459 = CARTESIAN_POINT('',(-9.145181658417,91.325929640659,0.));
#1460 = DIRECTION('',(0.,0.,1.));
#1461 = DIRECTION('',(1.,0.,-0.));
#1462 = ADVANCED_FACE('',(#1463),#1488,.F.);
#1463 = FACE_BOUND('',#1464,.T.);
#1464 = EDGE_LOOP('',(#1465,#1473,#1474,#1482));
#1465 = ORIENTED_EDGE('',*,*,#1466,.F.);
#1466 = EDGE_CURVE('',#210,#1467,#1469,.T.);
#1467 = VERTEX_POINT('',#1468);
#1468 = CARTESIAN_POINT('',(32.341568842685,1.434744099401,
    12.235619703528));
#1469 = LINE('',#1470,#1471);
#1470 = CARTESIAN_POINT('',(27.873376934738,7.332512036074,
    12.979268947182));
#1471 = VECTOR('',#1472,1.);
#1472 = DIRECTION('',(0.600846695681,-0.793084641315,-0.1));
#1473 = ORIENTED_EDGE('',*,*,#209,.T.);
#1474 = ORIENTED_EDGE('',*,*,#1475,.T.);
#1475 = EDGE_CURVE('',#212,#1476,#1478,.T.);
#1476 = VERTEX_POINT('',#1477);
#1477 = CARTESIAN_POINT('',(66.161128733212,27.056688783517,
    12.235619703528));
#1478 = LINE('',#1479,#1480);
#1479 = CARTESIAN_POINT('',(61.692936825264,32.954456720191,
    12.979268947182));
#1480 = VECTOR('',#1481,1.);
#1481 = DIRECTION('',(0.600846695681,-0.793084641315,-0.1));
#1482 = ORIENTED_EDGE('',*,*,#1483,.F.);
#1483 = EDGE_CURVE('',#1467,#1476,#1484,.T.);
#1484 = LINE('',#1485,#1486);
#1485 = CARTESIAN_POINT('',(32.341568842685,1.434744099401,
    12.235619703528));
#1486 = VECTOR('',#1487,1.);
#1487 = DIRECTION('',(0.797080055223,0.603873650333,8.380430382045E-18)
  );
#1488 = PLANE('',#1489);
#1489 = AXIS2_PLACEMENT_3D('',#1490,#1491,#1492);
#1490 = CARTESIAN_POINT('',(27.873376934738,7.332512036074,
    12.979268947182));
#1491 = DIRECTION('',(6.038736503325E-02,-7.970800552228E-02,
    0.994987437107));
#1492 = DIRECTION('',(-0.797080055223,-0.603873650333,
    -8.380430382045E-18));
#1493 = ADVANCED_FACE('',(#1494),#1512,.F.);
#1494 = FACE_BOUND('',#1495,.T.);
#1495 = EDGE_LOOP('',(#1496,#1504,#1505,#1506));
#1496 = ORIENTED_EDGE('',*,*,#1497,.F.);
#1497 = EDGE_CURVE('',#221,#1498,#1500,.T.);
#1498 = VERTEX_POINT('',#1499);
#1499 = CARTESIAN_POINT('',(32.797008304033,0.833589022008,
    19.739781247149));
#1500 = LINE('',#1501,#1502);
#1501 = CARTESIAN_POINT('',(26.941654090214,8.562335022979,
    20.714298416988));
#1502 = VECTOR('',#1503,1.);
#1503 = DIRECTION('',(0.600846695681,-0.793084641315,-0.1));
#1504 = ORIENTED_EDGE('',*,*,#220,.F.);
#1505 = ORIENTED_EDGE('',*,*,#1466,.T.);
#1506 = ORIENTED_EDGE('',*,*,#1507,.T.);
#1507 = EDGE_CURVE('',#1467,#1498,#1508,.T.);
#1508 = LINE('',#1509,#1510);
#1509 = CARTESIAN_POINT('',(32.341568842685,1.434744099401,
    12.235619703528));
#1510 = VECTOR('',#1511,1.);
#1511 = DIRECTION('',(6.038736503325E-02,-7.970800552228E-02,
    0.994987437107));
#1512 = PLANE('',#1513);
#1513 = AXIS2_PLACEMENT_3D('',#1514,#1515,#1516);
#1514 = CARTESIAN_POINT('',(27.873376934738,7.332512036074,
    12.979268947182));
#1515 = DIRECTION('',(0.797080055223,0.603873650333,8.380430382045E-18)
  );
#1516 = DIRECTION('',(-6.038736503325E-02,7.970800552228E-02,
    -0.994987437107));
#1517 = ADVANCED_FACE('',(#1518),#1536,.T.);
#1518 = FACE_BOUND('',#1519,.F.);
#1519 = EDGE_LOOP('',(#1520,#1528,#1529,#1530));
#1520 = ORIENTED_EDGE('',*,*,#1521,.F.);
#1521 = EDGE_CURVE('',#380,#1522,#1524,.T.);
#1522 = VERTEX_POINT('',#1523);
#1523 = CARTESIAN_POINT('',(66.616568194559,26.455533706124,
    19.739781247149));
#1524 = LINE('',#1525,#1526);
#1525 = CARTESIAN_POINT('',(60.76121398074,34.184279707096,
    20.714298416988));
#1526 = VECTOR('',#1527,1.);
#1527 = DIRECTION('',(0.600846695681,-0.793084641315,-0.1));
#1528 = ORIENTED_EDGE('',*,*,#440,.F.);
#1529 = ORIENTED_EDGE('',*,*,#1475,.T.);
#1530 = ORIENTED_EDGE('',*,*,#1531,.T.);
#1531 = EDGE_CURVE('',#1476,#1522,#1532,.T.);
#1532 = LINE('',#1533,#1534);
#1533 = CARTESIAN_POINT('',(66.161128733212,27.056688783517,
    12.235619703528));
#1534 = VECTOR('',#1535,1.);
#1535 = DIRECTION('',(6.038736503325E-02,-7.970800552228E-02,
    0.994987437107));
#1536 = PLANE('',#1537);
#1537 = AXIS2_PLACEMENT_3D('',#1538,#1539,#1540);
#1538 = CARTESIAN_POINT('',(61.692936825264,32.954456720191,
    12.979268947182));
#1539 = DIRECTION('',(0.797080055223,0.603873650333,8.380430382045E-18)
  );
#1540 = DIRECTION('',(-6.038736503325E-02,7.970800552228E-02,
    -0.994987437107));
#1541 = ADVANCED_FACE('',(#1542),#1561,.T.);
#1542 = FACE_BOUND('',#1543,.T.);
#1543 = EDGE_LOOP('',(#1544,#1553,#1559,#1560));
#1544 = ORIENTED_EDGE('',*,*,#1545,.F.);
#1545 = EDGE_CURVE('',#1546,#1498,#1548,.T.);
#1546 = VERTEX_POINT('',#1547);
#1547 = CARTESIAN_POINT('',(32.72563911694,0.596597319634,
    21.190506637487));
#1548 = CIRCLE('',#1549,5.414656965084);
#1549 = AXIS2_PLACEMENT_3D('',#1550,#1551,#1552);
#1550 = CARTESIAN_POINT('',(37.041554189682,3.866365986438,
    21.190506637487));
#1551 = DIRECTION('',(0.600846695681,-0.793084641315,-1.E-01));
#1552 = DIRECTION('',(-0.797080055223,-0.603873650333,
    -6.938893903907E-18));
#1553 = ORIENTED_EDGE('',*,*,#1554,.F.);
#1554 = EDGE_CURVE('',#229,#1546,#1555,.T.);
#1555 = LINE('',#1556,#1557);
#1556 = CARTESIAN_POINT('',(26.870284903122,8.325343320606,
    22.165023807326));
#1557 = VECTOR('',#1558,1.);
#1558 = DIRECTION('',(0.600846695681,-0.793084641315,-0.1));
#1559 = ORIENTED_EDGE('',*,*,#228,.T.);
#1560 = ORIENTED_EDGE('',*,*,#1497,.T.);
#1561 = CYLINDRICAL_SURFACE('',#1562,5.414656965084);
#1562 = AXIS2_PLACEMENT_3D('',#1563,#1564,#1565);
#1563 = CARTESIAN_POINT('',(31.186199975864,11.595111987409,
    22.165023807326));
#1564 = DIRECTION('',(0.600846695681,-0.793084641315,-0.1));
#1565 = DIRECTION('',(-0.797080055223,-0.603873650333,
    -6.938893903907E-18));
#1566 = ADVANCED_FACE('',(#1567),#1586,.T.);
#1567 = FACE_BOUND('',#1568,.T.);
#1568 = EDGE_LOOP('',(#1569,#1578,#1579,#1580));
#1569 = ORIENTED_EDGE('',*,*,#1570,.F.);
#1570 = EDGE_CURVE('',#1522,#1571,#1573,.T.);
#1571 = VERTEX_POINT('',#1572);
#1572 = CARTESIAN_POINT('',(66.792661842463,26.223099761509,
    22.641232027826));
#1573 = CIRCLE('',#1574,5.414656965084);
#1574 = AXIS2_PLACEMENT_3D('',#1575,#1576,#1577);
#1575 = CARTESIAN_POINT('',(62.548115956813,23.190322797079,
    21.190506637487));
#1576 = DIRECTION('',(0.600846695681,-0.793084641315,-1.E-01));
#1577 = DIRECTION('',(-0.797080055223,-0.603873650333,
    -6.938893903907E-18));
#1578 = ORIENTED_EDGE('',*,*,#1521,.F.);
#1579 = ORIENTED_EDGE('',*,*,#379,.T.);
#1580 = ORIENTED_EDGE('',*,*,#1581,.T.);
#1581 = EDGE_CURVE('',#372,#1571,#1582,.T.);
#1582 = LINE('',#1583,#1584);
#1583 = CARTESIAN_POINT('',(60.937307628644,33.951845762481,
    23.615749197665));
#1584 = VECTOR('',#1585,1.);
#1585 = DIRECTION('',(0.600846695681,-0.793084641315,-0.1));
#1586 = CYLINDRICAL_SURFACE('',#1587,5.414656965084);
#1587 = AXIS2_PLACEMENT_3D('',#1588,#1589,#1590);
#1588 = CARTESIAN_POINT('',(56.692761742995,30.919068798051,
    22.165023807326));
#1589 = DIRECTION('',(0.600846695681,-0.793084641315,-0.1));
#1590 = DIRECTION('',(-0.797080055223,-0.603873650333,
    -6.938893903907E-18));
#1591 = ADVANCED_FACE('',(#1592),#1611,.T.);
#1592 = FACE_BOUND('',#1593,.T.);
#1593 = EDGE_LOOP('',(#1594,#1595,#1604,#1610));
#1594 = ORIENTED_EDGE('',*,*,#1554,.T.);
#1595 = ORIENTED_EDGE('',*,*,#1596,.F.);
#1596 = EDGE_CURVE('',#1597,#1546,#1599,.T.);
#1597 = VERTEX_POINT('',#1598);
#1598 = CARTESIAN_POINT('',(32.973101951937,0.601155077393,
    22.641232027826));
#1599 = CIRCLE('',#1600,5.414656965084);
#1600 = AXIS2_PLACEMENT_3D('',#1601,#1602,#1603);
#1601 = CARTESIAN_POINT('',(37.041554189682,3.866365986438,
    21.190506637487));
#1602 = DIRECTION('',(0.600846695681,-0.793084641315,-1.E-01));
#1603 = DIRECTION('',(-0.797080055223,-0.603873650333,
    -6.938893903907E-18));
#1604 = ORIENTED_EDGE('',*,*,#1605,.F.);
#1605 = EDGE_CURVE('',#292,#1597,#1606,.T.);
#1606 = LINE('',#1607,#1608);
#1607 = CARTESIAN_POINT('',(27.117747738118,8.329901078365,
    23.615749197665));
#1608 = VECTOR('',#1609,1.);
#1609 = DIRECTION('',(0.600846695681,-0.793084641315,-0.1));
#1610 = ORIENTED_EDGE('',*,*,#291,.T.);
#1611 = CYLINDRICAL_SURFACE('',#1612,5.414656965084);
#1612 = AXIS2_PLACEMENT_3D('',#1613,#1614,#1615);
#1613 = CARTESIAN_POINT('',(31.186199975864,11.595111987409,
    22.165023807326));
#1614 = DIRECTION('',(0.600846695681,-0.793084641315,-0.1));
#1615 = DIRECTION('',(-0.797080055223,-0.603873650333,
    -6.938893903907E-18));
#1616 = ADVANCED_FACE('',(#1617),#1635,.T.);
#1617 = FACE_BOUND('',#1618,.F.);
#1618 = EDGE_LOOP('',(#1619,#1627,#1628,#1629));
#1619 = ORIENTED_EDGE('',*,*,#1620,.F.);
#1620 = EDGE_CURVE('',#363,#1621,#1623,.T.);
#1621 = VERTEX_POINT('',#1622);
#1622 = CARTESIAN_POINT('',(67.24810130381,25.621944684116,
    30.145393571447));
#1623 = LINE('',#1624,#1625);
#1624 = CARTESIAN_POINT('',(62.779909395863,31.51971262079,
    30.889042815101));
#1625 = VECTOR('',#1626,1.);
#1626 = DIRECTION('',(0.600846695681,-0.793084641315,-0.1));
#1627 = ORIENTED_EDGE('',*,*,#371,.F.);
#1628 = ORIENTED_EDGE('',*,*,#1581,.T.);
#1629 = ORIENTED_EDGE('',*,*,#1630,.T.);
#1630 = EDGE_CURVE('',#1571,#1621,#1631,.T.);
#1631 = LINE('',#1632,#1633);
#1632 = CARTESIAN_POINT('',(66.161128733212,27.056688783517,
    12.235619703528));
#1633 = VECTOR('',#1634,1.);
#1634 = DIRECTION('',(6.038736503325E-02,-7.970800552228E-02,
    0.994987437107));
#1635 = PLANE('',#1636);
#1636 = AXIS2_PLACEMENT_3D('',#1637,#1638,#1639);
#1637 = CARTESIAN_POINT('',(61.692936825264,32.954456720191,
    12.979268947182));
#1638 = DIRECTION('',(0.797080055223,0.603873650333,8.380430382045E-18)
  );
#1639 = DIRECTION('',(-6.038736503325E-02,7.970800552228E-02,
    -0.994987437107));
#1640 = ADVANCED_FACE('',(#1641),#1659,.F.);
#1641 = FACE_BOUND('',#1642,.T.);
#1642 = EDGE_LOOP('',(#1643,#1651,#1652,#1653));
#1643 = ORIENTED_EDGE('',*,*,#1644,.F.);
#1644 = EDGE_CURVE('',#355,#1645,#1647,.T.);
#1645 = VERTEX_POINT('',#1646);
#1646 = CARTESIAN_POINT('',(33.428541413284,0.,30.145393571447));
#1647 = LINE('',#1648,#1649);
#1648 = CARTESIAN_POINT('',(28.960349505336,5.897767936673,
    30.889042815101));
#1649 = VECTOR('',#1650,1.);
#1650 = DIRECTION('',(0.600846695681,-0.793084641315,-0.1));
#1651 = ORIENTED_EDGE('',*,*,#354,.F.);
#1652 = ORIENTED_EDGE('',*,*,#1605,.T.);
#1653 = ORIENTED_EDGE('',*,*,#1654,.T.);
#1654 = EDGE_CURVE('',#1597,#1645,#1655,.T.);
#1655 = LINE('',#1656,#1657);
#1656 = CARTESIAN_POINT('',(32.341568842685,1.434744099401,
    12.235619703528));
#1657 = VECTOR('',#1658,1.);
#1658 = DIRECTION('',(6.038736503325E-02,-7.970800552228E-02,
    0.994987437107));
#1659 = PLANE('',#1660);
#1660 = AXIS2_PLACEMENT_3D('',#1661,#1662,#1663);
#1661 = CARTESIAN_POINT('',(27.873376934738,7.332512036074,
    12.979268947182));
#1662 = DIRECTION('',(0.797080055223,0.603873650333,8.380430382045E-18)
  );
#1663 = DIRECTION('',(-6.038736503325E-02,7.970800552228E-02,
    -0.994987437107));
#1664 = ADVANCED_FACE('',(#1665,#1676,#1710),#1744,.T.);
#1665 = FACE_BOUND('',#1666,.F.);
#1666 = EDGE_LOOP('',(#1667,#1668,#1669,#1670));
#1667 = ORIENTED_EDGE('',*,*,#1644,.F.);
#1668 = ORIENTED_EDGE('',*,*,#362,.T.);
#1669 = ORIENTED_EDGE('',*,*,#1620,.T.);
#1670 = ORIENTED_EDGE('',*,*,#1671,.F.);
#1671 = EDGE_CURVE('',#1645,#1621,#1672,.T.);
#1672 = LINE('',#1673,#1674);
#1673 = CARTESIAN_POINT('',(33.428541413284,0.,30.145393571447));
#1674 = VECTOR('',#1675,1.);
#1675 = DIRECTION('',(0.797080055223,0.603873650333,8.380430382045E-18)
  );
#1676 = FACE_BOUND('',#1677,.F.);
#1677 = EDGE_LOOP('',(#1678,#1688,#1696,#1704));
#1678 = ORIENTED_EDGE('',*,*,#1679,.F.);
#1679 = EDGE_CURVE('',#1680,#1682,#1684,.T.);
#1680 = VERTEX_POINT('',#1681);
#1681 = CARTESIAN_POINT('',(63.846542459501,28.787035113899,
    30.605393571447));
#1682 = VERTEX_POINT('',#1683);
#1683 = CARTESIAN_POINT('',(65.889421224815,26.090547333428,
    30.265393571447));
#1684 = LINE('',#1685,#1686);
#1685 = CARTESIAN_POINT('',(62.994393905593,29.911824407211,
    30.747218193274));
#1686 = VECTOR('',#1687,1.);
#1687 = DIRECTION('',(0.600846695681,-0.793084641315,-0.1));
#1688 = ORIENTED_EDGE('',*,*,#1689,.T.);
#1689 = EDGE_CURVE('',#1680,#1690,#1692,.T.);
#1690 = VERTEX_POINT('',#1691);
#1691 = CARTESIAN_POINT('',(56.808872424463,23.455245080956,
    30.605393571447));
#1692 = LINE('',#1693,#1694);
#1693 = CARTESIAN_POINT('',(43.736759518808,13.551717215503,
    30.605393571447));
#1694 = VECTOR('',#1695,1.);
#1695 = DIRECTION('',(-0.797080055223,-0.603873650333,
    -1.387778780781E-17));
#1696 = ORIENTED_EDGE('',*,*,#1697,.T.);
#1697 = EDGE_CURVE('',#1690,#1698,#1700,.T.);
#1698 = VERTEX_POINT('',#1699);
#1699 = CARTESIAN_POINT('',(58.851751189777,20.758757300485,
    30.265393571447));
#1700 = LINE('',#1701,#1702);
#1701 = CARTESIAN_POINT('',(55.956723870554,24.580034374268,
    30.747218193274));
#1702 = VECTOR('',#1703,1.);
#1703 = DIRECTION('',(0.600846695681,-0.793084641315,-0.1));
#1704 = ORIENTED_EDGE('',*,*,#1705,.F.);
#1705 = EDGE_CURVE('',#1682,#1698,#1706,.T.);
#1706 = LINE('',#1707,#1708);
#1707 = CARTESIAN_POINT('',(45.779638284122,10.855229435032,
    30.265393571447));
#1708 = VECTOR('',#1709,1.);
#1709 = DIRECTION('',(-0.797080055223,-0.603873650333,
    -1.387778780781E-17));
#1710 = FACE_BOUND('',#1711,.F.);
#1711 = EDGE_LOOP('',(#1712,#1722,#1730,#1738));
#1712 = ORIENTED_EDGE('',*,*,#1713,.F.);
#1713 = EDGE_CURVE('',#1714,#1716,#1718,.T.);
#1714 = VERTEX_POINT('',#1715);
#1715 = CARTESIAN_POINT('',(38.33998069237,9.463078303258,
    30.605393571447));
#1716 = VERTEX_POINT('',#1717);
#1717 = CARTESIAN_POINT('',(40.382859457684,6.766590522787,
    30.265393571447));
#1718 = LINE('',#1719,#1720);
#1719 = CARTESIAN_POINT('',(37.487832138462,10.58786759657,
    30.747218193274));
#1720 = VECTOR('',#1721,1.);
#1721 = DIRECTION('',(0.600846695681,-0.793084641315,-0.1));
#1722 = ORIENTED_EDGE('',*,*,#1723,.T.);
#1723 = EDGE_CURVE('',#1714,#1724,#1726,.T.);
#1724 = VERTEX_POINT('',#1725);
#1725 = CARTESIAN_POINT('',(31.302310657332,4.131288270315,
    30.605393571447));
#1726 = LINE('',#1727,#1728);
#1727 = CARTESIAN_POINT('',(30.983478635242,3.889738810182,
    30.605393571447));
#1728 = VECTOR('',#1729,1.);
#1729 = DIRECTION('',(-0.797080055223,-0.603873650333,
    -1.387778780781E-17));
#1730 = ORIENTED_EDGE('',*,*,#1731,.T.);
#1731 = EDGE_CURVE('',#1724,#1732,#1734,.T.);
#1732 = VERTEX_POINT('',#1733);
#1733 = CARTESIAN_POINT('',(33.345189422646,1.434800489844,
    30.265393571447));
#1734 = LINE('',#1735,#1736);
#1735 = CARTESIAN_POINT('',(30.450162103423,5.256077563627,
    30.747218193274));
#1736 = VECTOR('',#1737,1.);
#1737 = DIRECTION('',(0.600846695681,-0.793084641315,-0.1));
#1738 = ORIENTED_EDGE('',*,*,#1739,.F.);
#1739 = EDGE_CURVE('',#1716,#1732,#1740,.T.);
#1740 = LINE('',#1741,#1742);
#1741 = CARTESIAN_POINT('',(33.026357400556,1.193251029711,
    30.265393571447));
#1742 = VECTOR('',#1743,1.);
#1743 = DIRECTION('',(-0.797080055223,-0.603873650333,
    -1.387778780781E-17));
#1744 = PLANE('',#1745);
#1745 = AXIS2_PLACEMENT_3D('',#1746,#1747,#1748);
#1746 = CARTESIAN_POINT('',(28.960349505336,5.897767936673,
    30.889042815101));
#1747 = DIRECTION('',(6.038736503325E-02,-7.970800552228E-02,
    0.994987437107));
#1748 = DIRECTION('',(-0.797080055223,-0.603873650333,
    -8.380430382045E-18));
#1749 = ADVANCED_FACE('',(#1750),#1761,.F.);
#1750 = FACE_BOUND('',#1751,.F.);
#1751 = EDGE_LOOP('',(#1752,#1753,#1759,#1760));
#1752 = ORIENTED_EDGE('',*,*,#448,.F.);
#1753 = ORIENTED_EDGE('',*,*,#1754,.F.);
#1754 = EDGE_CURVE('',#979,#449,#1755,.T.);
#1755 = LINE('',#1756,#1757);
#1756 = CARTESIAN_POINT('',(64.068261033385,37.928948229787,
    21.894155881141));
#1757 = VECTOR('',#1758,1.);
#1758 = DIRECTION('',(0.793084641315,-0.600846695681,-0.1));
#1759 = ORIENTED_EDGE('',*,*,#978,.T.);
#1760 = ORIENTED_EDGE('',*,*,#1754,.T.);
#1761 = CYLINDRICAL_SURFACE('',#1762,1.65);
#1762 = AXIS2_PLACEMENT_3D('',#1763,#1764,#1765);
#1763 = CARTESIAN_POINT('',(63.071869510336,36.61376613867,
    21.894155881141));
#1764 = DIRECTION('',(0.793084641315,-0.600846695681,-0.1));
#1765 = DIRECTION('',(0.603873650333,0.797080055223,-6.938893903907E-18)
  );
#1766 = ADVANCED_FACE('',(#1767),#1780,.F.);
#1767 = FACE_BOUND('',#1768,.F.);
#1768 = EDGE_LOOP('',(#1769,#1770,#1771,#1772,#1779));
#1769 = ORIENTED_EDGE('',*,*,#1434,.F.);
#1770 = ORIENTED_EDGE('',*,*,#1426,.T.);
#1771 = ORIENTED_EDGE('',*,*,#683,.F.);
#1772 = ORIENTED_EDGE('',*,*,#1773,.F.);
#1773 = EDGE_CURVE('',#620,#676,#1774,.T.);
#1774 = CIRCLE('',#1775,5.);
#1775 = AXIS2_PLACEMENT_3D('',#1776,#1777,#1778);
#1776 = CARTESIAN_POINT('',(29.854818341583,73.325929640659,0.));
#1777 = DIRECTION('',(0.,0.,1.));
#1778 = DIRECTION('',(1.,0.,-0.));
#1779 = ORIENTED_EDGE('',*,*,#619,.F.);
#1780 = PLANE('',#1781);
#1781 = AXIS2_PLACEMENT_3D('',#1782,#1783,#1784);
#1782 = CARTESIAN_POINT('',(-9.145181658417,91.325929640659,0.));
#1783 = DIRECTION('',(0.,0.,1.));
#1784 = DIRECTION('',(1.,0.,-0.));
#1785 = ADVANCED_FACE('',(#1786),#1798,.F.);
#1786 = FACE_BOUND('',#1787,.F.);
#1787 = EDGE_LOOP('',(#1788,#1789,#1790,#1791));
#1788 = ORIENTED_EDGE('',*,*,#627,.F.);
#1789 = ORIENTED_EDGE('',*,*,#1773,.T.);
#1790 = ORIENTED_EDGE('',*,*,#675,.T.);
#1791 = ORIENTED_EDGE('',*,*,#1792,.F.);
#1792 = EDGE_CURVE('',#628,#668,#1793,.T.);
#1793 = CIRCLE('',#1794,5.);
#1794 = AXIS2_PLACEMENT_3D('',#1795,#1796,#1797);
#1795 = CARTESIAN_POINT('',(29.854818341583,73.325929640659,5.));
#1796 = DIRECTION('',(0.,0.,1.));
#1797 = DIRECTION('',(1.,0.,-0.));
#1798 = CYLINDRICAL_SURFACE('',#1799,5.);
#1799 = AXIS2_PLACEMENT_3D('',#1800,#1801,#1802);
#1800 = CARTESIAN_POINT('',(29.854818341583,73.325929640659,-0.2));
#1801 = DIRECTION('',(0.,0.,1.));
#1802 = DIRECTION('',(1.,0.,-0.));
#1803 = ADVANCED_FACE('',(#1804),#1823,.F.);
#1804 = FACE_BOUND('',#1805,.F.);
#1805 = EDGE_LOOP('',(#1806,#1807,#1808,#1809,#1817));
#1806 = ORIENTED_EDGE('',*,*,#635,.F.);
#1807 = ORIENTED_EDGE('',*,*,#1792,.T.);
#1808 = ORIENTED_EDGE('',*,*,#667,.F.);
#1809 = ORIENTED_EDGE('',*,*,#1810,.F.);
#1810 = EDGE_CURVE('',#1811,#660,#1813,.T.);
#1811 = VERTEX_POINT('',#1812);
#1812 = CARTESIAN_POINT('',(26.306186780283,69.977298079359,5.));
#1813 = LINE('',#1814,#1815);
#1814 = CARTESIAN_POINT('',(26.306186780283,69.977298079359,5.));
#1815 = VECTOR('',#1816,1.);
#1816 = DIRECTION('',(1.,0.,-0.));
#1817 = ORIENTED_EDGE('',*,*,#1818,.T.);
#1818 = EDGE_CURVE('',#1811,#636,#1819,.T.);
#1819 = LINE('',#1820,#1821);
#1820 = CARTESIAN_POINT('',(26.306186780283,69.977298079359,5.));
#1821 = VECTOR('',#1822,1.);
#1822 = DIRECTION('',(-0.,1.,0.));
#1823 = PLANE('',#1824);
#1824 = AXIS2_PLACEMENT_3D('',#1825,#1826,#1827);
#1825 = CARTESIAN_POINT('',(29.854818341583,73.325929640659,5.));
#1826 = DIRECTION('',(0.,0.,1.));
#1827 = DIRECTION('',(1.,0.,-0.));
#1828 = ADVANCED_FACE('',(#1829),#1847,.T.);
#1829 = FACE_BOUND('',#1830,.T.);
#1830 = EDGE_LOOP('',(#1831,#1832,#1840,#1846));
#1831 = ORIENTED_EDGE('',*,*,#1810,.F.);
#1832 = ORIENTED_EDGE('',*,*,#1833,.T.);
#1833 = EDGE_CURVE('',#1811,#1834,#1836,.T.);
#1834 = VERTEX_POINT('',#1835);
#1835 = CARTESIAN_POINT('',(26.306186780283,69.977298079359,7.6));
#1836 = LINE('',#1837,#1838);
#1837 = CARTESIAN_POINT('',(26.306186780283,69.977298079359,5.));
#1838 = VECTOR('',#1839,1.);
#1839 = DIRECTION('',(0.,0.,1.));
#1840 = ORIENTED_EDGE('',*,*,#1841,.T.);
#1841 = EDGE_CURVE('',#1834,#652,#1842,.T.);
#1842 = LINE('',#1843,#1844);
#1843 = CARTESIAN_POINT('',(26.306186780283,69.977298079359,7.6));
#1844 = VECTOR('',#1845,1.);
#1845 = DIRECTION('',(1.,0.,-0.));
#1846 = ORIENTED_EDGE('',*,*,#659,.F.);
#1847 = PLANE('',#1848);
#1848 = AXIS2_PLACEMENT_3D('',#1849,#1850,#1851);
#1849 = CARTESIAN_POINT('',(26.306186780283,69.977298079359,5.));
#1850 = DIRECTION('',(-0.,1.,0.));
#1851 = DIRECTION('',(0.,0.,1.));
#1852 = ADVANCED_FACE('',(#1853),#1863,.F.);
#1853 = FACE_BOUND('',#1854,.F.);
#1854 = EDGE_LOOP('',(#1855,#1861,#1862));
#1855 = ORIENTED_EDGE('',*,*,#1856,.F.);
#1856 = EDGE_CURVE('',#1834,#644,#1857,.T.);
#1857 = LINE('',#1858,#1859);
#1858 = CARTESIAN_POINT('',(26.306186780283,69.977298079359,7.6));
#1859 = VECTOR('',#1860,1.);
#1860 = DIRECTION('',(-0.,1.,0.));
#1861 = ORIENTED_EDGE('',*,*,#1841,.T.);
#1862 = ORIENTED_EDGE('',*,*,#651,.F.);
#1863 = PLANE('',#1864);
#1864 = AXIS2_PLACEMENT_3D('',#1865,#1866,#1867);
#1865 = CARTESIAN_POINT('',(26.306186780283,69.977298079359,7.6));
#1866 = DIRECTION('',(0.,0.,1.));
#1867 = DIRECTION('',(1.,0.,-0.));
#1868 = ADVANCED_FACE('',(#1869),#1875,.T.);
#1869 = FACE_BOUND('',#1870,.T.);
#1870 = EDGE_LOOP('',(#1871,#1872,#1873,#1874));
#1871 = ORIENTED_EDGE('',*,*,#1833,.F.);
#1872 = ORIENTED_EDGE('',*,*,#1818,.T.);
#1873 = ORIENTED_EDGE('',*,*,#643,.F.);
#1874 = ORIENTED_EDGE('',*,*,#1856,.F.);
#1875 = PLANE('',#1876);
#1876 = AXIS2_PLACEMENT_3D('',#1877,#1878,#1879);
#1877 = CARTESIAN_POINT('',(26.306186780283,69.977298079359,5.));
#1878 = DIRECTION('',(1.,0.,-0.));
#1879 = DIRECTION('',(0.,0.,1.));
#1880 = ADVANCED_FACE('',(#1881),#1900,.F.);
#1881 = FACE_BOUND('',#1882,.F.);
#1882 = EDGE_LOOP('',(#1883,#1891,#1892,#1893));
#1883 = ORIENTED_EDGE('',*,*,#1884,.F.);
#1884 = EDGE_CURVE('',#1442,#1885,#1887,.T.);
#1885 = VERTEX_POINT('',#1886);
#1886 = CARTESIAN_POINT('',(0.,70.222241516671,0.));
#1887 = LINE('',#1888,#1889);
#1888 = CARTESIAN_POINT('',(70.378137110424,-92.18440187228,0.));
#1889 = VECTOR('',#1890,1.);
#1890 = DIRECTION('',(-0.397616593844,0.917551657565,0.));
#1891 = ORIENTED_EDGE('',*,*,#1441,.T.);
#1892 = ORIENTED_EDGE('',*,*,#603,.F.);
#1893 = ORIENTED_EDGE('',*,*,#1894,.F.);
#1894 = EDGE_CURVE('',#1885,#596,#1895,.T.);
#1895 = CIRCLE('',#1896,23.);
#1896 = AXIS2_PLACEMENT_3D('',#1897,#1898,#1899);
#1897 = CARTESIAN_POINT('',(-9.145181658417,91.325929640659,0.));
#1898 = DIRECTION('',(0.,0.,1.));
#1899 = DIRECTION('',(1.,0.,-0.));
#1900 = PLANE('',#1901);
#1901 = AXIS2_PLACEMENT_3D('',#1902,#1903,#1904);
#1902 = CARTESIAN_POINT('',(-9.145181658417,91.325929640659,0.));
#1903 = DIRECTION('',(0.,0.,1.));
#1904 = DIRECTION('',(1.,0.,-0.));
#1905 = ADVANCED_FACE('',(#1906),#1925,.F.);
#1906 = FACE_BOUND('',#1907,.F.);
#1907 = EDGE_LOOP('',(#1908,#1916,#1917,#1918));
#1908 = ORIENTED_EDGE('',*,*,#1909,.F.);
#1909 = EDGE_CURVE('',#1885,#1910,#1912,.T.);
#1910 = VERTEX_POINT('',#1911);
#1911 = CARTESIAN_POINT('',(0.,70.222241516671,3.));
#1912 = LINE('',#1913,#1914);
#1913 = CARTESIAN_POINT('',(-2.84217094304E-14,70.222241516671,0.));
#1914 = VECTOR('',#1915,1.);
#1915 = DIRECTION('',(0.,0.,1.));
#1916 = ORIENTED_EDGE('',*,*,#1894,.T.);
#1917 = ORIENTED_EDGE('',*,*,#595,.T.);
#1918 = ORIENTED_EDGE('',*,*,#1919,.F.);
#1919 = EDGE_CURVE('',#1910,#588,#1920,.T.);
#1920 = CIRCLE('',#1921,23.);
#1921 = AXIS2_PLACEMENT_3D('',#1922,#1923,#1924);
#1922 = CARTESIAN_POINT('',(-9.145181658417,91.325929640659,3.));
#1923 = DIRECTION('',(0.,0.,1.));
#1924 = DIRECTION('',(1.,0.,-0.));
#1925 = CYLINDRICAL_SURFACE('',#1926,23.);
#1926 = AXIS2_PLACEMENT_3D('',#1927,#1928,#1929);
#1927 = CARTESIAN_POINT('',(-9.145181658417,91.325929640659,0.));
#1928 = DIRECTION('',(0.,0.,1.));
#1929 = DIRECTION('',(1.,0.,-0.));
#1930 = ADVANCED_FACE('',(#1931),#1950,.F.);
#1931 = FACE_BOUND('',#1932,.F.);
#1932 = EDGE_LOOP('',(#1933,#1941,#1942,#1943));
#1933 = ORIENTED_EDGE('',*,*,#1934,.F.);
#1934 = EDGE_CURVE('',#1910,#1935,#1937,.T.);
#1935 = VERTEX_POINT('',#1936);
#1936 = CARTESIAN_POINT('',(0.,70.222241516671,35.));
#1937 = LINE('',#1938,#1939);
#1938 = CARTESIAN_POINT('',(-2.84217094304E-14,70.222241516671,0.));
#1939 = VECTOR('',#1940,1.);
#1940 = DIRECTION('',(0.,0.,1.));
#1941 = ORIENTED_EDGE('',*,*,#1919,.T.);
#1942 = ORIENTED_EDGE('',*,*,#587,.T.);
#1943 = ORIENTED_EDGE('',*,*,#1944,.F.);
#1944 = EDGE_CURVE('',#1935,#580,#1945,.T.);
#1945 = CIRCLE('',#1946,23.);
#1946 = AXIS2_PLACEMENT_3D('',#1947,#1948,#1949);
#1947 = CARTESIAN_POINT('',(-9.145181658417,91.325929640659,35.));
#1948 = DIRECTION('',(0.,0.,1.));
#1949 = DIRECTION('',(1.,0.,-0.));
#1950 = CYLINDRICAL_SURFACE('',#1951,23.);
#1951 = AXIS2_PLACEMENT_3D('',#1952,#1953,#1954);
#1952 = CARTESIAN_POINT('',(-9.145181658417,91.325929640659,0.));
#1953 = DIRECTION('',(0.,0.,1.));
#1954 = DIRECTION('',(1.,0.,-0.));
#1955 = ADVANCED_FACE('',(#1956),#1975,.T.);
#1956 = FACE_BOUND('',#1957,.T.);
#1957 = EDGE_LOOP('',(#1958,#1966,#1973,#1974));
#1958 = ORIENTED_EDGE('',*,*,#1959,.F.);
#1959 = EDGE_CURVE('',#1960,#1935,#1962,.T.);
#1960 = VERTEX_POINT('',#1961);
#1961 = CARTESIAN_POINT('',(1.988082969221,65.634483228847,35.));
#1962 = LINE('',#1963,#1964);
#1963 = CARTESIAN_POINT('',(70.378137110424,-92.18440187228,35.));
#1964 = VECTOR('',#1965,1.);
#1965 = DIRECTION('',(-0.397616593844,0.917551657565,0.));
#1966 = ORIENTED_EDGE('',*,*,#1967,.T.);
#1967 = EDGE_CURVE('',#1960,#572,#1968,.T.);
#1968 = CIRCLE('',#1969,28.);
#1969 = AXIS2_PLACEMENT_3D('',#1970,#1971,#1972);
#1970 = CARTESIAN_POINT('',(-9.145181658417,91.325929640659,35.));
#1971 = DIRECTION('',(0.,0.,1.));
#1972 = DIRECTION('',(1.,0.,-0.));
#1973 = ORIENTED_EDGE('',*,*,#579,.F.);
#1974 = ORIENTED_EDGE('',*,*,#1944,.F.);
#1975 = PLANE('',#1976);
#1976 = AXIS2_PLACEMENT_3D('',#1977,#1978,#1979);
#1977 = CARTESIAN_POINT('',(-9.145181658417,91.325929640659,35.));
#1978 = DIRECTION('',(0.,0.,1.));
#1979 = DIRECTION('',(1.,0.,-0.));
#1980 = ADVANCED_FACE('',(#1981,#2049,#2100),#2151,.T.);
#1981 = FACE_BOUND('',#1982,.T.);
#1982 = EDGE_LOOP('',(#1983,#1991,#1992,#1993,#1994,#2002));
#1983 = ORIENTED_EDGE('',*,*,#1984,.F.);
#1984 = EDGE_CURVE('',#1036,#1985,#1987,.T.);
#1985 = VERTEX_POINT('',#1986);
#1986 = CARTESIAN_POINT('',(1.988082969132,65.634483229053,
    26.846263527919));
#1987 = LINE('',#1988,#1989);
#1988 = CARTESIAN_POINT('',(1.988082969221,65.634483228847,0.));
#1989 = VECTOR('',#1990,1.);
#1990 = DIRECTION('',(0.,0.,1.));
#1991 = ORIENTED_EDGE('',*,*,#1035,.T.);
#1992 = ORIENTED_EDGE('',*,*,#571,.T.);
#1993 = ORIENTED_EDGE('',*,*,#1967,.F.);
#1994 = ORIENTED_EDGE('',*,*,#1995,.F.);
#1995 = EDGE_CURVE('',#1996,#1960,#1998,.T.);
#1996 = VERTEX_POINT('',#1997);
#1997 = CARTESIAN_POINT('',(1.988082969028,65.634483229293,
    29.528904625256));
#1998 = LINE('',#1999,#2000);
#1999 = CARTESIAN_POINT('',(1.988082969221,65.634483228847,0.));
#2000 = VECTOR('',#2001,1.);
#2001 = DIRECTION('',(0.,0.,1.));
#2002 = ORIENTED_EDGE('',*,*,#2003,.F.);
#2003 = EDGE_CURVE('',#1985,#1996,#2004,.T.);
#2004 = B_SPLINE_CURVE_WITH_KNOTS('',7,(#2005,#2006,#2007,#2008,#2009,
    #2010,#2011,#2012,#2013,#2014,#2015,#2016,#2017,#2018,#2019,#2020,
    #2021,#2022,#2023,#2024,#2025,#2026,#2027,#2028,#2029,#2030,#2031,
    #2032,#2033,#2034,#2035,#2036,#2037,#2038,#2039,#2040,#2041,#2042,
    #2043,#2044,#2045,#2046,#2047,#2048),.UNSPECIFIED.,.T.,.F.,(8,6,6,6,
    6,6,6,8),(0.,0.153696250848,0.286968054216,0.423708175512,
    0.590775172378,0.715876098531,0.838661701417,1.),.UNSPECIFIED.);
#2005 = CARTESIAN_POINT('',(-0.462414355249,64.706208530943,
    28.190784465515));
#2006 = CARTESIAN_POINT('',(-0.462414355249,64.706208530943,
    27.992347238253));
#2007 = CARTESIAN_POINT('',(-0.436164511535,64.714770749331,
    27.793875654631));
#2008 = CARTESIAN_POINT('',(-0.383718457324,64.731876993297,
    27.597891658933));
#2009 = CARTESIAN_POINT('',(-0.304465969472,64.757909157027,
    27.40716189461));
#2010 = CARTESIAN_POINT('',(-0.197343526274,64.793567311375,
    27.225219288112));
#2011 = CARTESIAN_POINT('',(-6.109904505513E-02,64.839887886657,
    27.056996206423));
#2012 = CARTESIAN_POINT('',(0.24900585403,64.948429326675,
    26.782777665958));
#2013 = CARTESIAN_POINT('',(0.420985558745,65.009653282432,
    26.666598526349));
#2014 = CARTESIAN_POINT('',(0.617193390718,65.081107842076,
    26.575275089436));
#2015 = CARTESIAN_POINT('',(0.830156208195,65.160984060398,
    26.518209068081));
#2016 = CARTESIAN_POINT('',(1.050117915704,65.246274006471,
    26.500455201338));
#2017 = CARTESIAN_POINT('',(1.267020471329,65.332947586554,
    26.522500610838));
#2018 = CARTESIAN_POINT('',(1.682301221669,65.503124390928,
    26.638961050971));
#2019 = CARTESIAN_POINT('',(1.87231490336,65.583315747042,
    26.733073317185));
#2020 = CARTESIAN_POINT('',(2.039080978349,65.655530484117,
    26.854061221628));
#2021 = CARTESIAN_POINT('',(2.1815941611,65.71847820297,26.99512762399)
  );
#2022 = CARTESIAN_POINT('',(2.299783616693,65.771446924601,
    27.150397504078));
#2023 = CARTESIAN_POINT('',(2.394267382397,65.814219237812,
    27.314762869035));
#2024 = CARTESIAN_POINT('',(2.554123427419,65.887069740908,
    27.690376305162));
#2025 = CARTESIAN_POINT('',(2.609704800689,65.912826911439,
    27.907024342236));
#2026 = CARTESIAN_POINT('',(2.634302674631,65.924328672028,
    28.128510147466));
#2027 = CARTESIAN_POINT('',(2.62860128106,65.921665388585,
    28.351093396897));
#2028 = CARTESIAN_POINT('',(2.592475217121,65.904815857002,
    28.571336021779));
#2029 = CARTESIAN_POINT('',(2.524802685306,65.873544995969,
    28.785668732842));
#2030 = CARTESIAN_POINT('',(2.347328573201,65.793025930364,
    29.140463325114));
#2031 = CARTESIAN_POINT('',(2.251633295291,65.749928121852,
    29.28744897594));
#2032 = CARTESIAN_POINT('',(2.135377692697,65.698116201417,
    29.425415182699));
#2033 = CARTESIAN_POINT('',(1.998351912152,65.637924424892,
    29.549925247146));
#2034 = CARTESIAN_POINT('',(1.841023304827,65.570119350345,
    29.656188572284));
#2035 = CARTESIAN_POINT('',(1.664681413233,65.49590401606,
    29.738986275213));
#2036 = CARTESIAN_POINT('',(1.282872171321,65.339443412923,
    29.844844550091));
#2037 = CARTESIAN_POINT('',(1.082825411953,65.259348326797,
    29.867644870562));
#2038 = CARTESIAN_POINT('',(0.879078528441,65.179982085012,
    29.856917571008));
#2039 = CARTESIAN_POINT('',(0.679911478001,65.104712244326,
    29.812537669539));
#2040 = CARTESIAN_POINT('',(0.493478177873,65.036180303939,
    29.737976291891));
#2041 = CARTESIAN_POINT('',(0.326321089926,64.976091591087,
    29.640118263405));
#2042 = CARTESIAN_POINT('',(-6.929740811955E-03,64.858352652793,
    29.383421963298));
#2043 = CARTESIAN_POINT('',(-0.162341501715,64.805225277889,
    29.210360693955));
#2044 = CARTESIAN_POINT('',(-0.284157173792,64.764581424139,
    29.020017714631));
#2045 = CARTESIAN_POINT('',(-0.373876462193,64.735086773481,
    28.818797855016));
#2046 = CARTESIAN_POINT('',(-0.432937874635,64.715823324807,
    28.611370122356));
#2047 = CARTESIAN_POINT('',(-0.462414355249,64.706208530943,
    28.401058364108));
#2048 = CARTESIAN_POINT('',(-0.462414355249,64.706208530943,
    28.190784465515));
#2049 = FACE_BOUND('',#2050,.T.);
#2050 = EDGE_LOOP('',(#2051));
#2051 = ORIENTED_EDGE('',*,*,#2052,.F.);
#2052 = EDGE_CURVE('',#2053,#2053,#2055,.T.);
#2053 = VERTEX_POINT('',#2054);
#2054 = CARTESIAN_POINT('',(6.418714963965,68.050081172175,
    28.190784465515));
#2055 = B_SPLINE_CURVE_WITH_KNOTS('',7,(#2056,#2057,#2058,#2059,#2060,
    #2061,#2062,#2063,#2064,#2065,#2066,#2067,#2068,#2069,#2070,#2071,
    #2072,#2073,#2074,#2075,#2076,#2077,#2078,#2079,#2080,#2081,#2082,
    #2083,#2084,#2085,#2086,#2087,#2088,#2089,#2090,#2091,#2092,#2093,
    #2094,#2095,#2096,#2097,#2098,#2099),.UNSPECIFIED.,.T.,.F.,(8,6,6,6,
    6,6,6,8),(0.,0.153696251472,0.28696805533,0.423708177173,
    0.590775171604,0.715876098281,0.838661700688,1.),.UNSPECIFIED.);
#2056 = CARTESIAN_POINT('',(6.418714963965,68.050081172175,
    28.190784465515));
#2057 = CARTESIAN_POINT('',(6.418714963965,68.050081172175,
    27.992347238253));
#2058 = CARTESIAN_POINT('',(6.441667371449,68.065428903909,
    27.793875654631));
#2059 = CARTESIAN_POINT('',(6.487525479567,68.096092336606,
    27.597891658932));
#2060 = CARTESIAN_POINT('',(6.556773364084,68.1426042799,27.407161894611
    ));
#2061 = CARTESIAN_POINT('',(6.650245356369,68.205926538756,
    27.225219288112));
#2062 = CARTESIAN_POINT('',(6.768866266519,68.287395760137,
    27.056996206423));
#2063 = CARTESIAN_POINT('',(7.038016086157,68.475822581976,
    26.782777666007));
#2064 = CARTESIAN_POINT('',(7.187004323811,68.581311428183,
    26.666598526276));
#2065 = CARTESIAN_POINT('',(7.356547133199,68.703206888363,
    26.57527508945));
#2066 = CARTESIAN_POINT('',(7.539939968347,68.837744763461,
    26.518209068123));
#2067 = CARTESIAN_POINT('',(7.728605082898,68.979388691047,
    26.500455201295));
#2068 = CARTESIAN_POINT('',(7.913950727196,69.121536572939,
    26.522500610857));
#2069 = CARTESIAN_POINT('',(8.267667275632,69.397766277439,
    26.638961050971));
#2070 = CARTESIAN_POINT('',(8.428882337487,69.526395810035,
    26.733073317185));
#2071 = CARTESIAN_POINT('',(8.569876653153,69.641053975762,
    26.854061221628));
#2072 = CARTESIAN_POINT('',(8.690031739625,69.740226440497,
    26.99512762399));
#2073 = CARTESIAN_POINT('',(8.789472119815,69.823208629384,
    27.150397504078));
#2074 = CARTESIAN_POINT('',(8.868851607844,69.889958533048,
    27.314762869035));
#2075 = CARTESIAN_POINT('',(9.003021749869,70.003358371187,
    27.690376301325));
#2076 = CARTESIAN_POINT('',(9.049556569459,70.043198452854,
    27.907024357391));
#2077 = CARTESIAN_POINT('',(9.070123014004,70.060928850325,
    28.128510119979));
#2078 = CARTESIAN_POINT('',(9.065355324012,70.056821767857,
    28.351093424413));
#2079 = CARTESIAN_POINT('',(9.035138523003,70.030822854537,
    28.571336006585));
#2080 = CARTESIAN_POINT('',(8.978456299517,69.982402147452,
    28.785668736687));
#2081 = CARTESIAN_POINT('',(8.829401425043,69.856851265498,
    29.140463325085));
#2082 = CARTESIAN_POINT('',(8.748943751859,69.789460092927,
    29.287448975945));
#2083 = CARTESIAN_POINT('',(8.651051921288,69.708114965554,
    29.425415182722));
#2084 = CARTESIAN_POINT('',(8.535433439536,69.613080860232,
    29.549925247155));
#2085 = CARTESIAN_POINT('',(8.40233072542,69.50522221986,29.656188572274
    ));
#2086 = CARTESIAN_POINT('',(8.252659554205,69.386046219462,
    29.738986275205));
#2087 = CARTESIAN_POINT('',(7.927452458523,69.132080550232,
    29.844844549675));
#2088 = CARTESIAN_POINT('',(7.75655277689,69.000828003629,
    29.867644870949));
#2089 = CARTESIAN_POINT('',(7.581893833541,68.869275585342,
    29.856917572115));
#2090 = CARTESIAN_POINT('',(7.410534946435,68.742906269395,
    29.812537666765));
#2091 = CARTESIAN_POINT('',(7.249610736541,68.626470044601,
    29.737976294388));
#2092 = CARTESIAN_POINT('',(7.104957808226,68.52337941344,
    29.640118262472));
#2093 = CARTESIAN_POINT('',(6.816015582378,68.319833440767,
    29.383421963298));
#2094 = CARTESIAN_POINT('',(6.680785300894,68.226623439366,
    29.210360693955));
#2095 = CARTESIAN_POINT('',(6.574518054439,68.154524527157,
    29.020017714631));
#2096 = CARTESIAN_POINT('',(6.496131284101,68.101846264421,
    28.818797855016));
#2097 = CARTESIAN_POINT('',(6.444488658137,68.067315552323,
    28.611370122355));
#2098 = CARTESIAN_POINT('',(6.418714963965,68.050081172175,
    28.401058364108));
#2099 = CARTESIAN_POINT('',(6.418714963965,68.050081172175,
    28.190784465515));
#2100 = FACE_BOUND('',#2101,.T.);
#2101 = EDGE_LOOP('',(#2102));
#2102 = ORIENTED_EDGE('',*,*,#2103,.F.);
#2103 = EDGE_CURVE('',#2104,#2104,#2106,.T.);
#2104 = VERTEX_POINT('',#2105);
#2105 = CARTESIAN_POINT('',(14.130666810067,75.762033018277,
    28.190784465515));
#2106 = B_SPLINE_CURVE_WITH_KNOTS('',7,(#2107,#2108,#2109,#2110,#2111,
    #2112,#2113,#2114,#2115,#2116,#2117,#2118,#2119,#2120,#2121,#2122,
    #2123,#2124,#2125,#2126,#2127,#2128,#2129,#2130,#2131,#2132,#2133,
    #2134,#2135,#2136,#2137,#2138,#2139,#2140,#2141,#2142,#2143,#2144,
    #2145,#2146,#2147,#2148,#2149,#2150),.UNSPECIFIED.,.T.,.F.,(8,6,6,6,
    6,6,6,8),(0.,0.152328179175,0.284925984395,0.420718224121,
    0.588026133422,0.713994798123,0.83731428467,1.),.UNSPECIFIED.);
#2107 = CARTESIAN_POINT('',(14.130666810067,75.762033018277,
    28.190784465515));
#2108 = CARTESIAN_POINT('',(14.130666810067,75.762033018277,
    28.38840232445));
#2109 = CARTESIAN_POINT('',(14.11544559219,75.739269804787,
    28.586014319679));
#2110 = CARTESIAN_POINT('',(14.084955657938,75.693671206914,
    28.781213314734));
#2111 = CARTESIAN_POINT('',(14.038556625598,75.624586987494,
    28.971230905097));
#2112 = CARTESIAN_POINT('',(13.975211760469,75.531070086557,
    29.152434024088));
#2113 = CARTESIAN_POINT('',(13.893574888126,75.412199772987,
    29.319771467965));
#2114 = CARTESIAN_POINT('',(13.704392189542,75.141970255207,
    29.592599409424));
#2115 = CARTESIAN_POINT('',(13.598618088618,74.992595202008,
    29.707552088865));
#2116 = CARTESIAN_POINT('',(13.476655546534,74.822987361048,
    29.7975309786));
#2117 = CARTESIAN_POINT('',(13.342212596376,74.639751365811,
    29.853594254575));
#2118 = CARTESIAN_POINT('',(13.200778479206,74.451384835301,
    29.8709272226));
#2119 = CARTESIAN_POINT('',(13.058917530873,74.266420939024,
    29.849117008162));
#2120 = CARTESIAN_POINT('',(12.783546242197,73.913803605759,
    29.734336417753));
#2121 = CARTESIAN_POINT('',(12.655059702602,73.7527434455,
    29.641641489038));
#2122 = CARTESIAN_POINT('',(12.540257189563,73.611551865849,
    29.522067643601));
#2123 = CARTESIAN_POINT('',(12.440829234689,73.491083018846,
    29.382175021171));
#2124 = CARTESIAN_POINT('',(12.357630307933,73.391383390702,
    29.227797474167));
#2125 = CARTESIAN_POINT('',(12.290786013922,73.311892309923,
    29.06417291624));
#2126 = CARTESIAN_POINT('',(12.176867995535,73.177109077802,
    28.688734547908));
#2127 = CARTESIAN_POINT('',(12.137190816688,73.130777098164,
    28.471937046036));
#2128 = CARTESIAN_POINT('',(12.11977049247,73.110567063158,
    28.250644673494));
#2129 = CARTESIAN_POINT('',(12.124135808469,73.115637190048,
    28.028199007108));
#2130 = CARTESIAN_POINT('',(12.150325918233,73.146075563724,
    27.807919414923));
#2131 = CARTESIAN_POINT('',(12.198780965901,73.202808273387,
    27.593548790526));
#2132 = CARTESIAN_POINT('',(12.323864039193,73.351307762185,
    27.23806082289));
#2133 = CARTESIAN_POINT('',(12.391133304328,73.431620178061,
    27.090337482727));
#2134 = CARTESIAN_POINT('',(12.472271697176,73.529262422544,
    26.951482337264));
#2135 = CARTESIAN_POINT('',(12.567090862337,73.64461356513,
    26.825856072843));
#2136 = CARTESIAN_POINT('',(12.674849358099,73.777575040953,
    26.718301950693));
#2137 = CARTESIAN_POINT('',(12.794180862704,73.927421407171,
    26.634239405048));
#2138 = CARTESIAN_POINT('',(13.048854032501,74.253534468627,
    26.526867355784));
#2139 = CARTESIAN_POINT('',(13.1803410037,74.424742744771,
    26.503779083602));
#2140 = CARTESIAN_POINT('',(13.312100187332,74.599688201623,
    26.51477155635));
#2141 = CARTESIAN_POINT('',(13.438589325124,74.771230797669,
    26.559945927274));
#2142 = CARTESIAN_POINT('',(13.554998758921,74.932141901761,
    26.635645237966));
#2143 = CARTESIAN_POINT('',(13.657854582101,75.07648009071,
    26.734602561314));
#2144 = CARTESIAN_POINT('',(13.86073410154,75.364476257649,
    26.992911091642));
#2145 = CARTESIAN_POINT('',(13.953769205693,75.49944917088,
    27.167055960068));
#2146 = CARTESIAN_POINT('',(14.025800694551,75.605605618551,
    27.358256175356));
#2147 = CARTESIAN_POINT('',(14.078549558585,75.684090088942,
    27.560169503074));
#2148 = CARTESIAN_POINT('',(14.113254542228,75.73599328348,
    27.768278094132));
#2149 = CARTESIAN_POINT('',(14.130666810067,75.762033018277,
    27.979428074033));
#2150 = CARTESIAN_POINT('',(14.130666810067,75.762033018277,
    28.190784465515));
#2151 = CYLINDRICAL_SURFACE('',#2152,28.);
#2152 = AXIS2_PLACEMENT_3D('',#2153,#2154,#2155);
#2153 = CARTESIAN_POINT('',(-9.145181658417,91.325929640659,0.));
#2154 = DIRECTION('',(0.,0.,1.));
#2155 = DIRECTION('',(1.,0.,-0.));
#2156 = ADVANCED_FACE('',(#2157),#2175,.F.);
#2157 = FACE_BOUND('',#2158,.F.);
#2158 = EDGE_LOOP('',(#2159,#2167,#2168,#2169));
#2159 = ORIENTED_EDGE('',*,*,#2160,.F.);
#2160 = EDGE_CURVE('',#1070,#2161,#2163,.T.);
#2161 = VERTEX_POINT('',#2162);
#2162 = CARTESIAN_POINT('',(21.854818341583,65.325929640659,10.));
#2163 = LINE('',#2164,#2165);
#2164 = CARTESIAN_POINT('',(21.854818341583,65.325929640659,0.));
#2165 = VECTOR('',#2166,1.);
#2166 = DIRECTION('',(0.,0.,1.));
#2167 = ORIENTED_EDGE('',*,*,#1077,.T.);
#2168 = ORIENTED_EDGE('',*,*,#555,.F.);
#2169 = ORIENTED_EDGE('',*,*,#2170,.F.);
#2170 = EDGE_CURVE('',#2161,#548,#2171,.T.);
#2171 = LINE('',#2172,#2173);
#2172 = CARTESIAN_POINT('',(21.854818341583,65.325929640659,10.));
#2173 = VECTOR('',#2174,1.);
#2174 = DIRECTION('',(-0.,1.,0.));
#2175 = PLANE('',#2176);
#2176 = AXIS2_PLACEMENT_3D('',#2177,#2178,#2179);
#2177 = CARTESIAN_POINT('',(21.854818341583,65.325929640659,0.));
#2178 = DIRECTION('',(1.,0.,-0.));
#2179 = DIRECTION('',(0.,0.,1.));
#2180 = ADVANCED_FACE('',(#2181),#2191,.T.);
#2181 = FACE_BOUND('',#2182,.T.);
#2182 = EDGE_LOOP('',(#2183,#2184,#2190));
#2183 = ORIENTED_EDGE('',*,*,#2170,.F.);
#2184 = ORIENTED_EDGE('',*,*,#2185,.T.);
#2185 = EDGE_CURVE('',#2161,#540,#2186,.T.);
#2186 = LINE('',#2187,#2188);
#2187 = CARTESIAN_POINT('',(21.854818341583,65.325929640659,10.));
#2188 = VECTOR('',#2189,1.);
#2189 = DIRECTION('',(1.,0.,-0.));
#2190 = ORIENTED_EDGE('',*,*,#547,.F.);
#2191 = PLANE('',#2192);
#2192 = AXIS2_PLACEMENT_3D('',#2193,#2194,#2195);
#2193 = CARTESIAN_POINT('',(21.854818341583,65.325929640659,10.));
#2194 = DIRECTION('',(0.,0.,1.));
#2195 = DIRECTION('',(1.,0.,-0.));
#2196 = ADVANCED_FACE('',(#2197),#2203,.F.);
#2197 = FACE_BOUND('',#2198,.F.);
#2198 = EDGE_LOOP('',(#2199,#2200,#2201,#2202));
#2199 = ORIENTED_EDGE('',*,*,#539,.F.);
#2200 = ORIENTED_EDGE('',*,*,#1069,.T.);
#2201 = ORIENTED_EDGE('',*,*,#2160,.T.);
#2202 = ORIENTED_EDGE('',*,*,#2185,.T.);
#2203 = PLANE('',#2204);
#2204 = AXIS2_PLACEMENT_3D('',#2205,#2206,#2207);
#2205 = CARTESIAN_POINT('',(21.854818341583,65.325929640659,0.));
#2206 = DIRECTION('',(-0.,1.,0.));
#2207 = DIRECTION('',(0.,0.,1.));
#2208 = ADVANCED_FACE('',(#2209,#2243),#2254,.F.);
#2209 = FACE_BOUND('',#2210,.T.);
#2210 = EDGE_LOOP('',(#2211,#2217,#2218,#2225,#2226,#2235,#2242));
#2211 = ORIENTED_EDGE('',*,*,#2212,.F.);
#2212 = EDGE_CURVE('',#765,#754,#2213,.T.);
#2213 = LINE('',#2214,#2215);
#2214 = CARTESIAN_POINT('',(27.873376934738,7.332512036074,
    12.979268947182));
#2215 = VECTOR('',#2216,1.);
#2216 = DIRECTION('',(0.797080055223,0.603873650333,8.380430382045E-18)
  );
#2217 = ORIENTED_EDGE('',*,*,#773,.F.);
#2218 = ORIENTED_EDGE('',*,*,#2219,.T.);
#2219 = EDGE_CURVE('',#774,#846,#2220,.T.);
#2220 = CIRCLE('',#2221,5.414656965084);
#2221 = AXIS2_PLACEMENT_3D('',#2222,#2223,#2224);
#2222 = CARTESIAN_POINT('',(32.573362281735,9.764133923111,
    21.934155881141));
#2223 = DIRECTION('',(0.600846695681,-0.793084641315,-1.E-01));
#2224 = DIRECTION('',(-0.797080055223,-0.603873650333,
    -6.938893903907E-18));
#2225 = ORIENTED_EDGE('',*,*,#908,.F.);
#2226 = ORIENTED_EDGE('',*,*,#2227,.T.);
#2227 = EDGE_CURVE('',#909,#2228,#2230,.T.);
#2228 = VERTEX_POINT('',#2229);
#2229 = CARTESIAN_POINT('',(53.764008976124,25.818322066949,
    21.934155881141));
#2230 = CIRCLE('',#2231,5.414656965084);
#2231 = AXIS2_PLACEMENT_3D('',#2232,#2233,#2234);
#2232 = CARTESIAN_POINT('',(58.079924048866,29.088090733753,
    21.934155881141));
#2233 = DIRECTION('',(0.600846695681,-0.793084641315,-1.E-01));
#2234 = DIRECTION('',(-0.797080055223,-0.603873650333,
    -6.938893903907E-18));
#2235 = ORIENTED_EDGE('',*,*,#2236,.T.);
#2236 = EDGE_CURVE('',#2228,#756,#2237,.T.);
#2237 = CIRCLE('',#2238,5.414656965084);
#2238 = AXIS2_PLACEMENT_3D('',#2239,#2240,#2241);
#2239 = CARTESIAN_POINT('',(58.079924048866,29.088090733753,
    21.934155881141));
#2240 = DIRECTION('',(0.600846695681,-0.793084641315,-1.E-01));
#2241 = DIRECTION('',(-0.797080055223,-0.603873650333,
    -6.938893903907E-18));
#2242 = ORIENTED_EDGE('',*,*,#753,.F.);
#2243 = FACE_BOUND('',#2244,.T.);
#2244 = EDGE_LOOP('',(#2245));
#2245 = ORIENTED_EDGE('',*,*,#2246,.T.);
#2246 = EDGE_CURVE('',#2247,#2247,#2249,.T.);
#2247 = VERTEX_POINT('',#2248);
#2248 = CARTESIAN_POINT('',(42.138322944409,17.010617727102,
    21.934155881141));
#2249 = CIRCLE('',#2250,4.);
#2250 = AXIS2_PLACEMENT_3D('',#2251,#2252,#2253);
#2251 = CARTESIAN_POINT('',(45.3266431653,19.426112328432,
    21.934155881141));
#2252 = DIRECTION('',(0.600846695681,-0.793084641315,-1.E-01));
#2253 = DIRECTION('',(-0.797080055223,-0.603873650333,
    -6.938893903907E-18));
#2254 = PLANE('',#2255);
#2255 = AXIS2_PLACEMENT_3D('',#2256,#2257,#2258);
#2256 = CARTESIAN_POINT('',(27.873376934738,7.332512036074,
    12.979268947182));
#2257 = DIRECTION('',(0.600846695681,-0.793084641315,-0.1));
#2258 = DIRECTION('',(-6.038736503325E-02,7.970800552228E-02,
    -0.994987437107));
#2259 = ADVANCED_FACE('',(#2260),#2264,.F.);
#2260 = FACE_BOUND('',#2261,.T.);
#2261 = EDGE_LOOP('',(#2262,#2263));
#2262 = ORIENTED_EDGE('',*,*,#764,.F.);
#2263 = ORIENTED_EDGE('',*,*,#2212,.T.);
#2264 = PLANE('',#2265);
#2265 = AXIS2_PLACEMENT_3D('',#2266,#2267,#2268);
#2266 = CARTESIAN_POINT('',(27.873376934738,7.332512036074,
    12.979268947182));
#2267 = DIRECTION('',(6.038736503325E-02,-7.970800552228E-02,
    0.994987437107));
#2268 = DIRECTION('',(-0.797080055223,-0.603873650333,
    -8.380430382045E-18));
#2269 = ADVANCED_FACE('',(#2270),#2291,.T.);
#2270 = FACE_BOUND('',#2271,.T.);
#2271 = EDGE_LOOP('',(#2272,#2273,#2281,#2288,#2289,#2290));
#2272 = ORIENTED_EDGE('',*,*,#2236,.F.);
#2273 = ORIENTED_EDGE('',*,*,#2274,.F.);
#2274 = EDGE_CURVE('',#2275,#2228,#2277,.T.);
#2275 = VERTEX_POINT('',#2276);
#2276 = CARTESIAN_POINT('',(52.376846670253,27.649300131247,
    22.165023807326));
#2277 = LINE('',#2278,#2279);
#2278 = CARTESIAN_POINT('',(52.376846670253,27.649300131247,
    22.165023807326));
#2279 = VECTOR('',#2280,1.);
#2280 = DIRECTION('',(0.600846695681,-0.793084641315,-0.1));
#2281 = ORIENTED_EDGE('',*,*,#2282,.T.);
#2282 = EDGE_CURVE('',#2275,#2275,#2283,.T.);
#2283 = CIRCLE('',#2284,5.414656965084);
#2284 = AXIS2_PLACEMENT_3D('',#2285,#2286,#2287);
#2285 = CARTESIAN_POINT('',(56.692761742995,30.919068798051,
    22.165023807326));
#2286 = DIRECTION('',(0.600846695681,-0.793084641315,-1.E-01));
#2287 = DIRECTION('',(-0.797080055223,-0.603873650333,
    -6.938893903907E-18));
#2288 = ORIENTED_EDGE('',*,*,#2274,.T.);
#2289 = ORIENTED_EDGE('',*,*,#2227,.F.);
#2290 = ORIENTED_EDGE('',*,*,#917,.F.);
#2291 = CYLINDRICAL_SURFACE('',#2292,5.414656965084);
#2292 = AXIS2_PLACEMENT_3D('',#2293,#2294,#2295);
#2293 = CARTESIAN_POINT('',(56.692761742995,30.919068798051,
    22.165023807326));
#2294 = DIRECTION('',(0.600846695681,-0.793084641315,-0.1));
#2295 = DIRECTION('',(-0.797080055223,-0.603873650333,
    -6.938893903907E-18));
#2296 = ADVANCED_FACE('',(#2297),#2318,.T.);
#2297 = FACE_BOUND('',#2298,.T.);
#2298 = EDGE_LOOP('',(#2299,#2300,#2308,#2315,#2316,#2317));
#2299 = ORIENTED_EDGE('',*,*,#782,.F.);
#2300 = ORIENTED_EDGE('',*,*,#2301,.F.);
#2301 = EDGE_CURVE('',#2302,#783,#2304,.T.);
#2302 = VERTEX_POINT('',#2303);
#2303 = CARTESIAN_POINT('',(26.870284903122,8.325343320606,
    22.165023807326));
#2304 = LINE('',#2305,#2306);
#2305 = CARTESIAN_POINT('',(26.870284903122,8.325343320606,
    22.165023807326));
#2306 = VECTOR('',#2307,1.);
#2307 = DIRECTION('',(0.600846695681,-0.793084641315,-0.1));
#2308 = ORIENTED_EDGE('',*,*,#2309,.T.);
#2309 = EDGE_CURVE('',#2302,#2302,#2310,.T.);
#2310 = CIRCLE('',#2311,5.414656965084);
#2311 = AXIS2_PLACEMENT_3D('',#2312,#2313,#2314);
#2312 = CARTESIAN_POINT('',(31.186199975864,11.595111987409,
    22.165023807326));
#2313 = DIRECTION('',(0.600846695681,-0.793084641315,-1.E-01));
#2314 = DIRECTION('',(-0.797080055223,-0.603873650333,
    -6.938893903907E-18));
#2315 = ORIENTED_EDGE('',*,*,#2301,.T.);
#2316 = ORIENTED_EDGE('',*,*,#845,.F.);
#2317 = ORIENTED_EDGE('',*,*,#2219,.F.);
#2318 = CYLINDRICAL_SURFACE('',#2319,5.414656965084);
#2319 = AXIS2_PLACEMENT_3D('',#2320,#2321,#2322);
#2320 = CARTESIAN_POINT('',(31.186199975864,11.595111987409,
    22.165023807326));
#2321 = DIRECTION('',(0.600846695681,-0.793084641315,-0.1));
#2322 = DIRECTION('',(-0.797080055223,-0.603873650333,
    -6.938893903907E-18));
#2323 = ADVANCED_FACE('',(#2324),#2335,.T.);
#2324 = FACE_BOUND('',#2325,.T.);
#2325 = EDGE_LOOP('',(#2326,#2327,#2328,#2334));
#2326 = ORIENTED_EDGE('',*,*,#1094,.F.);
#2327 = ORIENTED_EDGE('',*,*,#1052,.T.);
#2328 = ORIENTED_EDGE('',*,*,#2329,.F.);
#2329 = EDGE_CURVE('',#1117,#1045,#2330,.T.);
#2330 = LINE('',#2331,#2332);
#2331 = CARTESIAN_POINT('',(4.28851911205,60.325929640659,-200.));
#2332 = VECTOR('',#2333,1.);
#2333 = DIRECTION('',(0.,0.,-1.));
#2334 = ORIENTED_EDGE('',*,*,#1116,.T.);
#2335 = PLANE('',#2336);
#2336 = AXIS2_PLACEMENT_3D('',#2337,#2338,#2339);
#2337 = CARTESIAN_POINT('',(0.854818341583,60.325929640659,0.));
#2338 = DIRECTION('',(-0.,1.,0.));
#2339 = DIRECTION('',(0.,0.,1.));
#2340 = ADVANCED_FACE('',(#2341),#2399,.F.);
#2341 = FACE_BOUND('',#2342,.F.);
#2342 = EDGE_LOOP('',(#2343,#2344,#2345,#2346,#2347,#2348,#2349,#2350,
    #2359,#2367,#2374,#2375,#2376,#2377,#2378,#2384,#2385,#2386,#2392,
    #2393));
#2343 = ORIENTED_EDGE('',*,*,#1392,.T.);
#2344 = ORIENTED_EDGE('',*,*,#1450,.T.);
#2345 = ORIENTED_EDGE('',*,*,#1884,.T.);
#2346 = ORIENTED_EDGE('',*,*,#1909,.T.);
#2347 = ORIENTED_EDGE('',*,*,#1934,.T.);
#2348 = ORIENTED_EDGE('',*,*,#1959,.F.);
#2349 = ORIENTED_EDGE('',*,*,#1995,.F.);
#2350 = ORIENTED_EDGE('',*,*,#2351,.F.);
#2351 = EDGE_CURVE('',#2352,#1996,#2354,.T.);
#2352 = VERTEX_POINT('',#2353);
#2353 = CARTESIAN_POINT('',(0.457932143715,69.165503935736,
    30.003299580976));
#2354 = ELLIPSE('',#2355,47.857352763737,1.65);
#2355 = AXIS2_PLACEMENT_3D('',#2356,#2357,#2358);
#2356 = CARTESIAN_POINT('',(-9.145181658416,91.325929640658,31.));
#2357 = DIRECTION('',(0.917551657565,0.397616593844,0.));
#2358 = DIRECTION('',(0.395621137696,-0.912946884714,-0.100059487805));
#2359 = ORIENTED_EDGE('',*,*,#2360,.F.);
#2360 = EDGE_CURVE('',#2361,#2352,#2363,.T.);
#2361 = VERTEX_POINT('',#2362);
#2362 = CARTESIAN_POINT('',(0.344551357142,69.427144748184,
    27.167786361399));
#2363 = LINE('',#2364,#2365);
#2364 = CARTESIAN_POINT('',(-7.333285877694,87.144746051555,
    -164.845425358));
#2365 = VECTOR('',#2366,1.);
#2366 = DIRECTION('',(3.978531272274E-02,-9.180974889036E-02,
    0.994981456561));
#2367 = ORIENTED_EDGE('',*,*,#2368,.F.);
#2368 = EDGE_CURVE('',#1985,#2361,#2369,.T.);
#2369 = ELLIPSE('',#2370,47.857352763737,1.65);
#2370 = AXIS2_PLACEMENT_3D('',#2371,#2372,#2373);
#2371 = CARTESIAN_POINT('',(-9.145181658416,91.325929640658,31.));
#2372 = DIRECTION('',(0.917551657565,0.397616593844,0.));
#2373 = DIRECTION('',(0.395621137696,-0.912946884714,-0.100059487805));
#2374 = ORIENTED_EDGE('',*,*,#1984,.F.);
#2375 = ORIENTED_EDGE('',*,*,#1044,.F.);
#2376 = ORIENTED_EDGE('',*,*,#2329,.F.);
#2377 = ORIENTED_EDGE('',*,*,#1124,.F.);
#2378 = ORIENTED_EDGE('',*,*,#2379,.F.);
#2379 = EDGE_CURVE('',#1210,#1125,#2380,.T.);
#2380 = LINE('',#2381,#2382);
#2381 = CARTESIAN_POINT('',(7.360558599433,53.236801653067,7.3));
#2382 = VECTOR('',#2383,1.);
#2383 = DIRECTION('',(0.,0.,1.));
#2384 = ORIENTED_EDGE('',*,*,#1209,.T.);
#2385 = ORIENTED_EDGE('',*,*,#1250,.T.);
#2386 = ORIENTED_EDGE('',*,*,#2387,.T.);
#2387 = EDGE_CURVE('',#1241,#1327,#2388,.T.);
#2388 = LINE('',#2389,#2390);
#2389 = CARTESIAN_POINT('',(6.217498196715,55.874561201958,-197.5));
#2390 = VECTOR('',#2391,1.);
#2391 = DIRECTION('',(0.,0.,-1.));
#2392 = ORIENTED_EDGE('',*,*,#1326,.T.);
#2393 = ORIENTED_EDGE('',*,*,#2394,.F.);
#2394 = EDGE_CURVE('',#1393,#1318,#2395,.T.);
#2395 = LINE('',#2396,#2397);
#2396 = CARTESIAN_POINT('',(5.981925115925,56.418176519082,-0.2));
#2397 = VECTOR('',#2398,1.);
#2398 = DIRECTION('',(0.,0.,1.));
#2399 = PLANE('',#2400);
#2400 = AXIS2_PLACEMENT_3D('',#2401,#2402,#2403);
#2401 = CARTESIAN_POINT('',(149.90145587926,-275.6947333852,-400.));
#2402 = DIRECTION('',(0.917551657565,0.397616593844,0.));
#2403 = DIRECTION('',(-0.397616593844,0.917551657565,0.));
#2404 = ADVANCED_FACE('',(#2405),#2411,.F.);
#2405 = FACE_BOUND('',#2406,.F.);
#2406 = EDGE_LOOP('',(#2407,#2408,#2409,#2410));
#2407 = ORIENTED_EDGE('',*,*,#1132,.F.);
#2408 = ORIENTED_EDGE('',*,*,#1158,.F.);
#2409 = ORIENTED_EDGE('',*,*,#1217,.T.);
#2410 = ORIENTED_EDGE('',*,*,#2379,.T.);
#2411 = CYLINDRICAL_SURFACE('',#2412,1.75);
#2412 = AXIS2_PLACEMENT_3D('',#2413,#2414,#2415);
#2413 = CARTESIAN_POINT('',(8.854818341583,52.325929640659,7.3));
#2414 = DIRECTION('',(0.,0.,1.));
#2415 = DIRECTION('',(1.,0.,-0.));
#2416 = ADVANCED_FACE('',(#2417),#2428,.F.);
#2417 = FACE_BOUND('',#2418,.F.);
#2418 = EDGE_LOOP('',(#2419,#2420,#2421,#2422));
#2419 = ORIENTED_EDGE('',*,*,#1334,.F.);
#2420 = ORIENTED_EDGE('',*,*,#2387,.F.);
#2421 = ORIENTED_EDGE('',*,*,#1240,.T.);
#2422 = ORIENTED_EDGE('',*,*,#2423,.F.);
#2423 = EDGE_CURVE('',#1335,#1243,#2424,.T.);
#2424 = LINE('',#2425,#2426);
#2425 = CARTESIAN_POINT('',(12.203449902883,55.874561201959,5.));
#2426 = VECTOR('',#2427,1.);
#2427 = DIRECTION('',(0.,0.,1.));
#2428 = PLANE('',#2429);
#2429 = AXIS2_PLACEMENT_3D('',#2430,#2431,#2432);
#2430 = CARTESIAN_POINT('',(-11.14518165841,55.874561201959,5.));
#2431 = DIRECTION('',(-0.,1.,0.));
#2432 = DIRECTION('',(0.,0.,1.));
#2433 = ADVANCED_FACE('',(#2434),#2440,.F.);
#2434 = FACE_BOUND('',#2435,.F.);
#2435 = EDGE_LOOP('',(#2436,#2437,#2438,#2439));
#2436 = ORIENTED_EDGE('',*,*,#1293,.F.);
#2437 = ORIENTED_EDGE('',*,*,#1342,.T.);
#2438 = ORIENTED_EDGE('',*,*,#2423,.T.);
#2439 = ORIENTED_EDGE('',*,*,#1269,.F.);
#2440 = PLANE('',#2441);
#2441 = AXIS2_PLACEMENT_3D('',#2442,#2443,#2444);
#2442 = CARTESIAN_POINT('',(12.203449902883,48.777298079359,5.));
#2443 = DIRECTION('',(1.,0.,-0.));
#2444 = DIRECTION('',(0.,0.,1.));
#2445 = ADVANCED_FACE('',(#2446),#2452,.F.);
#2446 = FACE_BOUND('',#2447,.F.);
#2447 = EDGE_LOOP('',(#2448,#2449,#2450,#2451));
#2448 = ORIENTED_EDGE('',*,*,#1366,.F.);
#2449 = ORIENTED_EDGE('',*,*,#1400,.T.);
#2450 = ORIENTED_EDGE('',*,*,#2394,.T.);
#2451 = ORIENTED_EDGE('',*,*,#1317,.F.);
#2452 = CYLINDRICAL_SURFACE('',#2453,5.);
#2453 = AXIS2_PLACEMENT_3D('',#2454,#2455,#2456);
#2454 = CARTESIAN_POINT('',(8.854818341583,52.325929640659,-0.2));
#2455 = DIRECTION('',(0.,0.,1.));
#2456 = DIRECTION('',(1.,0.,-0.));
#2457 = ADVANCED_FACE('',(#2458,#2489),#2500,.T.);
#2458 = FACE_BOUND('',#2459,.F.);
#2459 = EDGE_LOOP('',(#2460,#2461,#2462,#2463,#2470,#2471,#2472,#2473,
    #2482));
#2460 = ORIENTED_EDGE('',*,*,#1531,.F.);
#2461 = ORIENTED_EDGE('',*,*,#1483,.F.);
#2462 = ORIENTED_EDGE('',*,*,#1507,.T.);
#2463 = ORIENTED_EDGE('',*,*,#2464,.T.);
#2464 = EDGE_CURVE('',#1498,#1597,#2465,.T.);
#2465 = CIRCLE('',#2466,5.414656965084);
#2466 = AXIS2_PLACEMENT_3D('',#2467,#2468,#2469);
#2467 = CARTESIAN_POINT('',(37.041554189682,3.866365986438,
    21.190506637487));
#2468 = DIRECTION('',(0.600846695681,-0.793084641315,-1.E-01));
#2469 = DIRECTION('',(-0.797080055223,-0.603873650333,
    -6.938893903907E-18));
#2470 = ORIENTED_EDGE('',*,*,#1654,.T.);
#2471 = ORIENTED_EDGE('',*,*,#1671,.T.);
#2472 = ORIENTED_EDGE('',*,*,#1630,.F.);
#2473 = ORIENTED_EDGE('',*,*,#2474,.T.);
#2474 = EDGE_CURVE('',#1571,#2475,#2477,.T.);
#2475 = VERTEX_POINT('',#2476);
#2476 = CARTESIAN_POINT('',(58.232200884071,19.920554130275,
    21.190506637487));
#2477 = CIRCLE('',#2478,5.414656965084);
#2478 = AXIS2_PLACEMENT_3D('',#2479,#2480,#2481);
#2479 = CARTESIAN_POINT('',(62.548115956813,23.190322797079,
    21.190506637487));
#2480 = DIRECTION('',(0.600846695681,-0.793084641315,-1.E-01));
#2481 = DIRECTION('',(-0.797080055223,-0.603873650333,
    -6.938893903907E-18));
#2482 = ORIENTED_EDGE('',*,*,#2483,.T.);
#2483 = EDGE_CURVE('',#2475,#1522,#2484,.T.);
#2484 = CIRCLE('',#2485,5.414656965084);
#2485 = AXIS2_PLACEMENT_3D('',#2486,#2487,#2488);
#2486 = CARTESIAN_POINT('',(62.548115956813,23.190322797079,
    21.190506637487));
#2487 = DIRECTION('',(0.600846695681,-0.793084641315,-1.E-01));
#2488 = DIRECTION('',(-0.797080055223,-0.603873650333,
    -6.938893903907E-18));
#2489 = FACE_BOUND('',#2490,.F.);
#2490 = EDGE_LOOP('',(#2491));
#2491 = ORIENTED_EDGE('',*,*,#2492,.T.);
#2492 = EDGE_CURVE('',#2493,#2493,#2495,.T.);
#2493 = VERTEX_POINT('',#2494);
#2494 = CARTESIAN_POINT('',(46.606514852356,11.112849790429,
    21.190506637487));
#2495 = CIRCLE('',#2496,4.);
#2496 = AXIS2_PLACEMENT_3D('',#2497,#2498,#2499);
#2497 = CARTESIAN_POINT('',(49.794835073248,13.528344391759,
    21.190506637487));
#2498 = DIRECTION('',(0.600846695681,-0.793084641315,-1.E-01));
#2499 = DIRECTION('',(-0.797080055223,-0.603873650333,
    -6.938893903907E-18));
#2500 = PLANE('',#2501);
#2501 = AXIS2_PLACEMENT_3D('',#2502,#2503,#2504);
#2502 = CARTESIAN_POINT('',(32.341568842685,1.434744099401,
    12.235619703528));
#2503 = DIRECTION('',(0.600846695681,-0.793084641315,-0.1));
#2504 = DIRECTION('',(-6.038736503325E-02,7.970800552228E-02,
    -0.994987437107));
#2505 = ADVANCED_FACE('',(#2506),#2516,.T.);
#2506 = FACE_BOUND('',#2507,.T.);
#2507 = EDGE_LOOP('',(#2508,#2509,#2510));
#2508 = ORIENTED_EDGE('',*,*,#1596,.T.);
#2509 = ORIENTED_EDGE('',*,*,#1545,.T.);
#2510 = ORIENTED_EDGE('',*,*,#2511,.T.);
#2511 = EDGE_CURVE('',#1498,#1597,#2512,.T.);
#2512 = LINE('',#2513,#2514);
#2513 = CARTESIAN_POINT('',(32.341568842685,1.434744099401,
    12.235619703528));
#2514 = VECTOR('',#2515,1.);
#2515 = DIRECTION('',(6.038736503325E-02,-7.970800552228E-02,
    0.994987437107));
#2516 = PLANE('',#2517);
#2517 = AXIS2_PLACEMENT_3D('',#2518,#2519,#2520);
#2518 = CARTESIAN_POINT('',(37.041554189682,3.866365986438,
    21.190506637487));
#2519 = DIRECTION('',(0.600846695681,-0.793084641315,-0.1));
#2520 = DIRECTION('',(-0.797080055223,-0.603873650333,
    -6.938893903907E-18));
#2521 = ADVANCED_FACE('',(#2522),#2531,.T.);
#2522 = FACE_BOUND('',#2523,.T.);
#2523 = EDGE_LOOP('',(#2524,#2530));
#2524 = ORIENTED_EDGE('',*,*,#2525,.F.);
#2525 = EDGE_CURVE('',#1522,#1571,#2526,.T.);
#2526 = LINE('',#2527,#2528);
#2527 = CARTESIAN_POINT('',(66.161128733212,27.056688783517,
    12.235619703528));
#2528 = VECTOR('',#2529,1.);
#2529 = DIRECTION('',(6.038736503325E-02,-7.970800552228E-02,
    0.994987437107));
#2530 = ORIENTED_EDGE('',*,*,#1570,.T.);
#2531 = PLANE('',#2532);
#2532 = AXIS2_PLACEMENT_3D('',#2533,#2534,#2535);
#2533 = CARTESIAN_POINT('',(62.548115956813,23.190322797079,
    21.190506637487));
#2534 = DIRECTION('',(0.600846695681,-0.793084641315,-0.1));
#2535 = DIRECTION('',(-0.797080055223,-0.603873650333,
    -6.938893903907E-18));
#2536 = ADVANCED_FACE('',(#2537),#2562,.F.);
#2537 = FACE_BOUND('',#2538,.F.);
#2538 = EDGE_LOOP('',(#2539,#2547,#2555,#2561));
#2539 = ORIENTED_EDGE('',*,*,#2540,.F.);
#2540 = EDGE_CURVE('',#2541,#1682,#2543,.T.);
#2541 = VERTEX_POINT('',#2542);
#2542 = CARTESIAN_POINT('',(65.091422910875,27.143861283776,
    17.116975905515));
#2543 = LINE('',#2544,#2545);
#2544 = CARTESIAN_POINT('',(65.091422910875,27.143861283776,
    17.116975905515));
#2545 = VECTOR('',#2546,1.);
#2546 = DIRECTION('',(6.038736503325E-02,-7.970800552228E-02,
    0.994987437107));
#2547 = ORIENTED_EDGE('',*,*,#2548,.F.);
#2548 = EDGE_CURVE('',#2549,#2541,#2551,.T.);
#2549 = VERTEX_POINT('',#2550);
#2550 = CARTESIAN_POINT('',(63.048544145561,29.840349064247,
    17.456975905515));
#2551 = LINE('',#2552,#2553);
#2552 = CARTESIAN_POINT('',(63.048544145561,29.840349064247,
    17.456975905515));
#2553 = VECTOR('',#2554,1.);
#2554 = DIRECTION('',(0.600846695681,-0.793084641315,-0.1));
#2555 = ORIENTED_EDGE('',*,*,#2556,.T.);
#2556 = EDGE_CURVE('',#2549,#1680,#2557,.T.);
#2557 = LINE('',#2558,#2559);
#2558 = CARTESIAN_POINT('',(63.048544145561,29.840349064247,
    17.456975905515));
#2559 = VECTOR('',#2560,1.);
#2560 = DIRECTION('',(6.038736503325E-02,-7.970800552228E-02,
    0.994987437107));
#2561 = ORIENTED_EDGE('',*,*,#1679,.T.);
#2562 = PLANE('',#2563);
#2563 = AXIS2_PLACEMENT_3D('',#2564,#2565,#2566);
#2564 = CARTESIAN_POINT('',(63.048544145561,29.840349064247,
    17.456975905515));
#2565 = DIRECTION('',(0.797080055223,0.603873650333,8.400691569059E-18)
  );
#2566 = DIRECTION('',(6.038736503325E-02,-7.970800552228E-02,
    0.994987437107));
#2567 = ADVANCED_FACE('',(#2568,#2594),#2642,.F.);
#2568 = FACE_BOUND('',#2569,.F.);
#2569 = EDGE_LOOP('',(#2570,#2578,#2586,#2592,#2593));
#2570 = ORIENTED_EDGE('',*,*,#2571,.F.);
#2571 = EDGE_CURVE('',#2572,#1698,#2574,.T.);
#2572 = VERTEX_POINT('',#2573);
#2573 = CARTESIAN_POINT('',(58.053752875837,21.812071250833,
    17.116975905515));
#2574 = LINE('',#2575,#2576);
#2575 = CARTESIAN_POINT('',(58.053752875837,21.812071250833,
    17.116975905515));
#2576 = VECTOR('',#2577,1.);
#2577 = DIRECTION('',(6.038736503325E-02,-7.970800552228E-02,
    0.994987437107));
#2578 = ORIENTED_EDGE('',*,*,#2579,.T.);
#2579 = EDGE_CURVE('',#2572,#2580,#2582,.T.);
#2580 = VERTEX_POINT('',#2581);
#2581 = CARTESIAN_POINT('',(61.572587893356,24.477966267305,
    17.116975905515));
#2582 = LINE('',#2583,#2584);
#2583 = CARTESIAN_POINT('',(58.053752875837,21.812071250833,
    17.116975905515));
#2584 = VECTOR('',#2585,1.);
#2585 = DIRECTION('',(0.797080055223,0.603873650333,8.400691569059E-18)
  );
#2586 = ORIENTED_EDGE('',*,*,#2587,.T.);
#2587 = EDGE_CURVE('',#2580,#2541,#2588,.T.);
#2588 = LINE('',#2589,#2590);
#2589 = CARTESIAN_POINT('',(58.053752875837,21.812071250833,
    17.116975905515));
#2590 = VECTOR('',#2591,1.);
#2591 = DIRECTION('',(0.797080055223,0.603873650333,8.400691569059E-18)
  );
#2592 = ORIENTED_EDGE('',*,*,#2540,.T.);
#2593 = ORIENTED_EDGE('',*,*,#1705,.T.);
#2594 = FACE_BOUND('',#2595,.F.);
#2595 = EDGE_LOOP('',(#2596,#2604,#2612,#2620,#2628,#2636));
#2596 = ORIENTED_EDGE('',*,*,#2597,.F.);
#2597 = EDGE_CURVE('',#2580,#2598,#2600,.T.);
#2598 = VERTEX_POINT('',#2599);
#2599 = CARTESIAN_POINT('',(64.60918610924,26.514134140695,
    19.213741271501));
#2600 = LINE('',#2601,#2602);
#2601 = CARTESIAN_POINT('',(61.572587893356,24.477966267305,
    17.116975905515));
#2602 = VECTOR('',#2603,1.);
#2603 = DIRECTION('',(0.72048525919,0.483115919103,0.497493718553));
#2604 = ORIENTED_EDGE('',*,*,#2605,.F.);
#2605 = EDGE_CURVE('',#2606,#2580,#2608,.T.);
#2606 = VERTEX_POINT('',#2607);
#2607 = CARTESIAN_POINT('',(58.790501706113,22.105856493267,
    19.213741271501));
#2608 = LINE('',#2609,#2610);
#2609 = CARTESIAN_POINT('',(58.790501706113,22.105856493267,
    19.213741271501));
#2610 = VECTOR('',#2611,1.);
#2611 = DIRECTION('',(0.660097894156,0.562823924625,-0.497493718553));
#2612 = ORIENTED_EDGE('',*,*,#2613,.F.);
#2613 = EDGE_CURVE('',#2614,#2606,#2616,.T.);
#2614 = VERTEX_POINT('',#2615);
#2615 = CARTESIAN_POINT('',(59.045013734753,21.76991459262,
    23.407272003474));
#2616 = LINE('',#2617,#2618);
#2617 = CARTESIAN_POINT('',(59.045013734753,21.76991459262,
    23.407272003474));
#2618 = VECTOR('',#2619,1.);
#2619 = DIRECTION('',(-6.038736503325E-02,7.970800552228E-02,
    -0.994987437107));
#2620 = ORIENTED_EDGE('',*,*,#2621,.F.);
#2621 = EDGE_CURVE('',#2622,#2614,#2624,.T.);
#2622 = VERTEX_POINT('',#2623);
#2623 = CARTESIAN_POINT('',(62.081611950637,23.80608246601,
    25.50403736946));
#2624 = LINE('',#2625,#2626);
#2625 = CARTESIAN_POINT('',(62.081611950637,23.80608246601,
    25.50403736946));
#2626 = VECTOR('',#2627,1.);
#2627 = DIRECTION('',(-0.72048525919,-0.483115919103,-0.497493718553));
#2628 = ORIENTED_EDGE('',*,*,#2629,.F.);
#2629 = EDGE_CURVE('',#2630,#2622,#2632,.T.);
#2630 = VERTEX_POINT('',#2631);
#2631 = CARTESIAN_POINT('',(64.86369813788,26.178192240047,
    23.407272003474));
#2632 = LINE('',#2633,#2634);
#2633 = CARTESIAN_POINT('',(64.86369813788,26.178192240047,
    23.407272003474));
#2634 = VECTOR('',#2635,1.);
#2635 = DIRECTION('',(-0.660097894156,-0.562823924625,0.497493718553));
#2636 = ORIENTED_EDGE('',*,*,#2637,.F.);
#2637 = EDGE_CURVE('',#2598,#2630,#2638,.T.);
#2638 = LINE('',#2639,#2640);
#2639 = CARTESIAN_POINT('',(64.60918610924,26.514134140695,
    19.213741271501));
#2640 = VECTOR('',#2641,1.);
#2641 = DIRECTION('',(6.038736503325E-02,-7.970800552228E-02,
    0.994987437107));
#2642 = PLANE('',#2643);
#2643 = AXIS2_PLACEMENT_3D('',#2644,#2645,#2646);
#2644 = CARTESIAN_POINT('',(58.053752875837,21.812071250833,
    17.116975905515));
#2645 = DIRECTION('',(0.600846695681,-0.793084641315,-0.1));
#2646 = DIRECTION('',(6.038736503325E-02,-7.970800552228E-02,
    0.994987437107));
#2647 = ADVANCED_FACE('',(#2648),#2666,.T.);
#2648 = FACE_BOUND('',#2649,.T.);
#2649 = EDGE_LOOP('',(#2650,#2651,#2659,#2665));
#2650 = ORIENTED_EDGE('',*,*,#2571,.F.);
#2651 = ORIENTED_EDGE('',*,*,#2652,.F.);
#2652 = EDGE_CURVE('',#2653,#2572,#2655,.T.);
#2653 = VERTEX_POINT('',#2654);
#2654 = CARTESIAN_POINT('',(56.010874110523,24.508559031304,
    17.456975905515));
#2655 = LINE('',#2656,#2657);
#2656 = CARTESIAN_POINT('',(56.010874110523,24.508559031304,
    17.456975905515));
#2657 = VECTOR('',#2658,1.);
#2658 = DIRECTION('',(0.600846695681,-0.793084641315,-0.1));
#2659 = ORIENTED_EDGE('',*,*,#2660,.T.);
#2660 = EDGE_CURVE('',#2653,#1690,#2661,.T.);
#2661 = LINE('',#2662,#2663);
#2662 = CARTESIAN_POINT('',(56.010874110523,24.508559031304,
    17.456975905515));
#2663 = VECTOR('',#2664,1.);
#2664 = DIRECTION('',(6.038736503325E-02,-7.970800552228E-02,
    0.994987437107));
#2665 = ORIENTED_EDGE('',*,*,#1697,.T.);
#2666 = PLANE('',#2667);
#2667 = AXIS2_PLACEMENT_3D('',#2668,#2669,#2670);
#2668 = CARTESIAN_POINT('',(56.010874110523,24.508559031304,
    17.456975905515));
#2669 = DIRECTION('',(0.797080055223,0.603873650333,8.400691569059E-18)
  );
#2670 = DIRECTION('',(6.038736503325E-02,-7.970800552228E-02,
    0.994987437107));
#2671 = ADVANCED_FACE('',(#2672,#2691),#2739,.T.);
#2672 = FACE_BOUND('',#2673,.T.);
#2673 = EDGE_LOOP('',(#2674,#2675,#2683,#2689,#2690));
#2674 = ORIENTED_EDGE('',*,*,#2660,.F.);
#2675 = ORIENTED_EDGE('',*,*,#2676,.T.);
#2676 = EDGE_CURVE('',#2653,#2677,#2679,.T.);
#2677 = VERTEX_POINT('',#2678);
#2678 = CARTESIAN_POINT('',(59.529709128042,27.174454047776,
    17.456975905515));
#2679 = LINE('',#2680,#2681);
#2680 = CARTESIAN_POINT('',(56.010874110523,24.508559031304,
    17.456975905515));
#2681 = VECTOR('',#2682,1.);
#2682 = DIRECTION('',(0.797080055223,0.603873650333,8.400691569059E-18)
  );
#2683 = ORIENTED_EDGE('',*,*,#2684,.T.);
#2684 = EDGE_CURVE('',#2677,#2549,#2685,.T.);
#2685 = LINE('',#2686,#2687);
#2686 = CARTESIAN_POINT('',(56.010874110523,24.508559031304,
    17.456975905515));
#2687 = VECTOR('',#2688,1.);
#2688 = DIRECTION('',(0.797080055223,0.603873650333,8.400691569059E-18)
  );
#2689 = ORIENTED_EDGE('',*,*,#2556,.T.);
#2690 = ORIENTED_EDGE('',*,*,#1689,.T.);
#2691 = FACE_BOUND('',#2692,.T.);
#2692 = EDGE_LOOP('',(#2693,#2701,#2709,#2717,#2725,#2733));
#2693 = ORIENTED_EDGE('',*,*,#2694,.F.);
#2694 = EDGE_CURVE('',#2677,#2695,#2697,.T.);
#2695 = VERTEX_POINT('',#2696);
#2696 = CARTESIAN_POINT('',(62.566307343926,29.210621921166,
    19.553741271501));
#2697 = LINE('',#2698,#2699);
#2698 = CARTESIAN_POINT('',(59.529709128042,27.174454047776,
    17.456975905515));
#2699 = VECTOR('',#2700,1.);
#2700 = DIRECTION('',(0.72048525919,0.483115919103,0.497493718553));
#2701 = ORIENTED_EDGE('',*,*,#2702,.F.);
#2702 = EDGE_CURVE('',#2703,#2677,#2705,.T.);
#2703 = VERTEX_POINT('',#2704);
#2704 = CARTESIAN_POINT('',(56.747622940799,24.802344273738,
    19.553741271501));
#2705 = LINE('',#2706,#2707);
#2706 = CARTESIAN_POINT('',(56.747622940799,24.802344273738,
    19.553741271501));
#2707 = VECTOR('',#2708,1.);
#2708 = DIRECTION('',(0.660097894156,0.562823924625,-0.497493718553));
#2709 = ORIENTED_EDGE('',*,*,#2710,.F.);
#2710 = EDGE_CURVE('',#2711,#2703,#2713,.T.);
#2711 = VERTEX_POINT('',#2712);
#2712 = CARTESIAN_POINT('',(57.002134969439,24.466402373091,
    23.747272003474));
#2713 = LINE('',#2714,#2715);
#2714 = CARTESIAN_POINT('',(57.002134969439,24.466402373091,
    23.747272003474));
#2715 = VECTOR('',#2716,1.);
#2716 = DIRECTION('',(-6.038736503325E-02,7.970800552228E-02,
    -0.994987437107));
#2717 = ORIENTED_EDGE('',*,*,#2718,.F.);
#2718 = EDGE_CURVE('',#2719,#2711,#2721,.T.);
#2719 = VERTEX_POINT('',#2720);
#2720 = CARTESIAN_POINT('',(60.038733185323,26.502570246481,
    25.84403736946));
#2721 = LINE('',#2722,#2723);
#2722 = CARTESIAN_POINT('',(60.038733185323,26.502570246481,
    25.84403736946));
#2723 = VECTOR('',#2724,1.);
#2724 = DIRECTION('',(-0.72048525919,-0.483115919103,-0.497493718553));
#2725 = ORIENTED_EDGE('',*,*,#2726,.F.);
#2726 = EDGE_CURVE('',#2727,#2719,#2729,.T.);
#2727 = VERTEX_POINT('',#2728);
#2728 = CARTESIAN_POINT('',(62.820819372566,28.874680020518,
    23.747272003474));
#2729 = LINE('',#2730,#2731);
#2730 = CARTESIAN_POINT('',(62.820819372566,28.874680020518,
    23.747272003474));
#2731 = VECTOR('',#2732,1.);
#2732 = DIRECTION('',(-0.660097894156,-0.562823924625,0.497493718553));
#2733 = ORIENTED_EDGE('',*,*,#2734,.F.);
#2734 = EDGE_CURVE('',#2695,#2727,#2735,.T.);
#2735 = LINE('',#2736,#2737);
#2736 = CARTESIAN_POINT('',(62.566307343926,29.210621921166,
    19.553741271501));
#2737 = VECTOR('',#2738,1.);
#2738 = DIRECTION('',(6.038736503325E-02,-7.970800552228E-02,
    0.994987437107));
#2739 = PLANE('',#2740);
#2740 = AXIS2_PLACEMENT_3D('',#2741,#2742,#2743);
#2741 = CARTESIAN_POINT('',(56.010874110523,24.508559031304,
    17.456975905515));
#2742 = DIRECTION('',(0.600846695681,-0.793084641315,-0.1));
#2743 = DIRECTION('',(6.038736503325E-02,-7.970800552228E-02,
    0.994987437107));
#2744 = ADVANCED_FACE('',(#2745),#2770,.F.);
#2745 = FACE_BOUND('',#2746,.F.);
#2746 = EDGE_LOOP('',(#2747,#2755,#2763,#2769));
#2747 = ORIENTED_EDGE('',*,*,#2748,.F.);
#2748 = EDGE_CURVE('',#2749,#1716,#2751,.T.);
#2749 = VERTEX_POINT('',#2750);
#2750 = CARTESIAN_POINT('',(39.584861143744,7.819904473135,
    17.116975905515));
#2751 = LINE('',#2752,#2753);
#2752 = CARTESIAN_POINT('',(39.584861143744,7.819904473135,
    17.116975905515));
#2753 = VECTOR('',#2754,1.);
#2754 = DIRECTION('',(6.038736503325E-02,-7.970800552228E-02,
    0.994987437107));
#2755 = ORIENTED_EDGE('',*,*,#2756,.F.);
#2756 = EDGE_CURVE('',#2757,#2749,#2759,.T.);
#2757 = VERTEX_POINT('',#2758);
#2758 = CARTESIAN_POINT('',(37.54198237843,10.516392253606,
    17.456975905515));
#2759 = LINE('',#2760,#2761);
#2760 = CARTESIAN_POINT('',(37.54198237843,10.516392253606,
    17.456975905515));
#2761 = VECTOR('',#2762,1.);
#2762 = DIRECTION('',(0.600846695681,-0.793084641315,-0.1));
#2763 = ORIENTED_EDGE('',*,*,#2764,.T.);
#2764 = EDGE_CURVE('',#2757,#1714,#2765,.T.);
#2765 = LINE('',#2766,#2767);
#2766 = CARTESIAN_POINT('',(37.54198237843,10.516392253606,
    17.456975905515));
#2767 = VECTOR('',#2768,1.);
#2768 = DIRECTION('',(6.038736503325E-02,-7.970800552228E-02,
    0.994987437107));
#2769 = ORIENTED_EDGE('',*,*,#1713,.T.);
#2770 = PLANE('',#2771);
#2771 = AXIS2_PLACEMENT_3D('',#2772,#2773,#2774);
#2772 = CARTESIAN_POINT('',(37.54198237843,10.516392253606,
    17.456975905515));
#2773 = DIRECTION('',(0.797080055223,0.603873650333,8.400691569059E-18)
  );
#2774 = DIRECTION('',(6.038736503325E-02,-7.970800552228E-02,
    0.994987437107));
#2775 = ADVANCED_FACE('',(#2776,#2802),#2850,.T.);
#2776 = FACE_BOUND('',#2777,.T.);
#2777 = EDGE_LOOP('',(#2778,#2786,#2794,#2800,#2801));
#2778 = ORIENTED_EDGE('',*,*,#2779,.F.);
#2779 = EDGE_CURVE('',#2780,#1724,#2782,.T.);
#2780 = VERTEX_POINT('',#2781);
#2781 = CARTESIAN_POINT('',(30.504312343392,5.184602220663,
    17.456975905515));
#2782 = LINE('',#2783,#2784);
#2783 = CARTESIAN_POINT('',(30.504312343392,5.184602220663,
    17.456975905515));
#2784 = VECTOR('',#2785,1.);
#2785 = DIRECTION('',(6.038736503325E-02,-7.970800552228E-02,
    0.994987437107));
#2786 = ORIENTED_EDGE('',*,*,#2787,.T.);
#2787 = EDGE_CURVE('',#2780,#2788,#2790,.T.);
#2788 = VERTEX_POINT('',#2789);
#2789 = CARTESIAN_POINT('',(34.023147360911,7.850497237134,
    17.456975905515));
#2790 = LINE('',#2791,#2792);
#2791 = CARTESIAN_POINT('',(30.504312343392,5.184602220663,
    17.456975905515));
#2792 = VECTOR('',#2793,1.);
#2793 = DIRECTION('',(0.797080055223,0.603873650333,8.400691569059E-18)
  );
#2794 = ORIENTED_EDGE('',*,*,#2795,.T.);
#2795 = EDGE_CURVE('',#2788,#2757,#2796,.T.);
#2796 = LINE('',#2797,#2798);
#2797 = CARTESIAN_POINT('',(30.504312343392,5.184602220663,
    17.456975905515));
#2798 = VECTOR('',#2799,1.);
#2799 = DIRECTION('',(0.797080055223,0.603873650333,8.400691569059E-18)
  );
#2800 = ORIENTED_EDGE('',*,*,#2764,.T.);
#2801 = ORIENTED_EDGE('',*,*,#1723,.T.);
#2802 = FACE_BOUND('',#2803,.T.);
#2803 = EDGE_LOOP('',(#2804,#2812,#2820,#2828,#2836,#2844));
#2804 = ORIENTED_EDGE('',*,*,#2805,.F.);
#2805 = EDGE_CURVE('',#2788,#2806,#2808,.T.);
#2806 = VERTEX_POINT('',#2807);
#2807 = CARTESIAN_POINT('',(37.059745576795,9.886665110524,
    19.553741271501));
#2808 = LINE('',#2809,#2810);
#2809 = CARTESIAN_POINT('',(34.023147360911,7.850497237134,
    17.456975905515));
#2810 = VECTOR('',#2811,1.);
#2811 = DIRECTION('',(0.72048525919,0.483115919103,0.497493718553));
#2812 = ORIENTED_EDGE('',*,*,#2813,.F.);
#2813 = EDGE_CURVE('',#2814,#2788,#2816,.T.);
#2814 = VERTEX_POINT('',#2815);
#2815 = CARTESIAN_POINT('',(31.241061173668,5.478387463097,
    19.553741271501));
#2816 = LINE('',#2817,#2818);
#2817 = CARTESIAN_POINT('',(31.241061173668,5.478387463097,
    19.553741271501));
#2818 = VECTOR('',#2819,1.);
#2819 = DIRECTION('',(0.660097894156,0.562823924625,-0.497493718553));
#2820 = ORIENTED_EDGE('',*,*,#2821,.F.);
#2821 = EDGE_CURVE('',#2822,#2814,#2824,.T.);
#2822 = VERTEX_POINT('',#2823);
#2823 = CARTESIAN_POINT('',(31.495573202308,5.142445562449,
    23.747272003474));
#2824 = LINE('',#2825,#2826);
#2825 = CARTESIAN_POINT('',(31.495573202308,5.142445562449,
    23.747272003474));
#2826 = VECTOR('',#2827,1.);
#2827 = DIRECTION('',(-6.038736503326E-02,7.970800552228E-02,
    -0.994987437107));
#2828 = ORIENTED_EDGE('',*,*,#2829,.F.);
#2829 = EDGE_CURVE('',#2830,#2822,#2832,.T.);
#2830 = VERTEX_POINT('',#2831);
#2831 = CARTESIAN_POINT('',(34.532171418192,7.178613435839,
    25.84403736946));
#2832 = LINE('',#2833,#2834);
#2833 = CARTESIAN_POINT('',(34.532171418192,7.178613435839,
    25.84403736946));
#2834 = VECTOR('',#2835,1.);
#2835 = DIRECTION('',(-0.72048525919,-0.483115919103,-0.497493718553));
#2836 = ORIENTED_EDGE('',*,*,#2837,.F.);
#2837 = EDGE_CURVE('',#2838,#2830,#2840,.T.);
#2838 = VERTEX_POINT('',#2839);
#2839 = CARTESIAN_POINT('',(37.314257605435,9.550723209877,
    23.747272003474));
#2840 = LINE('',#2841,#2842);
#2841 = CARTESIAN_POINT('',(37.314257605435,9.550723209877,
    23.747272003474));
#2842 = VECTOR('',#2843,1.);
#2843 = DIRECTION('',(-0.660097894156,-0.562823924625,0.497493718553));
#2844 = ORIENTED_EDGE('',*,*,#2845,.F.);
#2845 = EDGE_CURVE('',#2806,#2838,#2846,.T.);
#2846 = LINE('',#2847,#2848);
#2847 = CARTESIAN_POINT('',(37.059745576795,9.886665110524,
    19.553741271501));
#2848 = VECTOR('',#2849,1.);
#2849 = DIRECTION('',(6.038736503326E-02,-7.970800552228E-02,
    0.994987437107));
#2850 = PLANE('',#2851);
#2851 = AXIS2_PLACEMENT_3D('',#2852,#2853,#2854);
#2852 = CARTESIAN_POINT('',(30.504312343392,5.184602220663,
    17.456975905515));
#2853 = DIRECTION('',(0.600846695681,-0.793084641315,-0.1));
#2854 = DIRECTION('',(6.038736503325E-02,-7.970800552228E-02,
    0.994987437107));
#2855 = ADVANCED_FACE('',(#2856,#2882),#2930,.F.);
#2856 = FACE_BOUND('',#2857,.F.);
#2857 = EDGE_LOOP('',(#2858,#2866,#2874,#2880,#2881));
#2858 = ORIENTED_EDGE('',*,*,#2859,.F.);
#2859 = EDGE_CURVE('',#2860,#1732,#2862,.T.);
#2860 = VERTEX_POINT('',#2861);
#2861 = CARTESIAN_POINT('',(32.547191108706,2.488114440192,
    17.116975905515));
#2862 = LINE('',#2863,#2864);
#2863 = CARTESIAN_POINT('',(32.547191108706,2.488114440192,
    17.116975905515));
#2864 = VECTOR('',#2865,1.);
#2865 = DIRECTION('',(6.038736503325E-02,-7.970800552228E-02,
    0.994987437107));
#2866 = ORIENTED_EDGE('',*,*,#2867,.T.);
#2867 = EDGE_CURVE('',#2860,#2868,#2870,.T.);
#2868 = VERTEX_POINT('',#2869);
#2869 = CARTESIAN_POINT('',(36.066026126225,5.154009456663,
    17.116975905515));
#2870 = LINE('',#2871,#2872);
#2871 = CARTESIAN_POINT('',(32.547191108706,2.488114440192,
    17.116975905515));
#2872 = VECTOR('',#2873,1.);
#2873 = DIRECTION('',(0.797080055223,0.603873650333,8.400691569059E-18)
  );
#2874 = ORIENTED_EDGE('',*,*,#2875,.T.);
#2875 = EDGE_CURVE('',#2868,#2749,#2876,.T.);
#2876 = LINE('',#2877,#2878);
#2877 = CARTESIAN_POINT('',(32.547191108706,2.488114440192,
    17.116975905515));
#2878 = VECTOR('',#2879,1.);
#2879 = DIRECTION('',(0.797080055223,0.603873650333,8.400691569059E-18)
  );
#2880 = ORIENTED_EDGE('',*,*,#2748,.T.);
#2881 = ORIENTED_EDGE('',*,*,#1739,.T.);
#2882 = FACE_BOUND('',#2883,.F.);
#2883 = EDGE_LOOP('',(#2884,#2892,#2900,#2908,#2916,#2924));
#2884 = ORIENTED_EDGE('',*,*,#2885,.F.);
#2885 = EDGE_CURVE('',#2868,#2886,#2888,.T.);
#2886 = VERTEX_POINT('',#2887);
#2887 = CARTESIAN_POINT('',(39.102624342109,7.190177330053,
    19.213741271501));
#2888 = LINE('',#2889,#2890);
#2889 = CARTESIAN_POINT('',(36.066026126225,5.154009456663,
    17.116975905515));
#2890 = VECTOR('',#2891,1.);
#2891 = DIRECTION('',(0.72048525919,0.483115919103,0.497493718553));
#2892 = ORIENTED_EDGE('',*,*,#2893,.F.);
#2893 = EDGE_CURVE('',#2894,#2868,#2896,.T.);
#2894 = VERTEX_POINT('',#2895);
#2895 = CARTESIAN_POINT('',(33.283939938982,2.781899682626,
    19.213741271501));
#2896 = LINE('',#2897,#2898);
#2897 = CARTESIAN_POINT('',(33.283939938982,2.781899682626,
    19.213741271501));
#2898 = VECTOR('',#2899,1.);
#2899 = DIRECTION('',(0.660097894156,0.562823924625,-0.497493718553));
#2900 = ORIENTED_EDGE('',*,*,#2901,.F.);
#2901 = EDGE_CURVE('',#2902,#2894,#2904,.T.);
#2902 = VERTEX_POINT('',#2903);
#2903 = CARTESIAN_POINT('',(33.538451967622,2.445957781978,
    23.407272003474));
#2904 = LINE('',#2905,#2906);
#2905 = CARTESIAN_POINT('',(33.538451967622,2.445957781978,
    23.407272003474));
#2906 = VECTOR('',#2907,1.);
#2907 = DIRECTION('',(-6.038736503326E-02,7.970800552228E-02,
    -0.994987437107));
#2908 = ORIENTED_EDGE('',*,*,#2909,.F.);
#2909 = EDGE_CURVE('',#2910,#2902,#2912,.T.);
#2910 = VERTEX_POINT('',#2911);
#2911 = CARTESIAN_POINT('',(36.575050183506,4.482125655369,
    25.50403736946));
#2912 = LINE('',#2913,#2914);
#2913 = CARTESIAN_POINT('',(36.575050183506,4.482125655369,
    25.50403736946));
#2914 = VECTOR('',#2915,1.);
#2915 = DIRECTION('',(-0.72048525919,-0.483115919103,-0.497493718553));
#2916 = ORIENTED_EDGE('',*,*,#2917,.F.);
#2917 = EDGE_CURVE('',#2918,#2910,#2920,.T.);
#2918 = VERTEX_POINT('',#2919);
#2919 = CARTESIAN_POINT('',(39.357136370749,6.854235429406,
    23.407272003474));
#2920 = LINE('',#2921,#2922);
#2921 = CARTESIAN_POINT('',(39.357136370749,6.854235429406,
    23.407272003474));
#2922 = VECTOR('',#2923,1.);
#2923 = DIRECTION('',(-0.660097894156,-0.562823924625,0.497493718553));
#2924 = ORIENTED_EDGE('',*,*,#2925,.F.);
#2925 = EDGE_CURVE('',#2886,#2918,#2926,.T.);
#2926 = LINE('',#2927,#2928);
#2927 = CARTESIAN_POINT('',(39.102624342109,7.190177330053,
    19.213741271501));
#2928 = VECTOR('',#2929,1.);
#2929 = DIRECTION('',(6.038736503326E-02,-7.970800552228E-02,
    0.994987437107));
#2930 = PLANE('',#2931);
#2931 = AXIS2_PLACEMENT_3D('',#2932,#2933,#2934);
#2932 = CARTESIAN_POINT('',(32.547191108706,2.488114440192,
    17.116975905515));
#2933 = DIRECTION('',(0.600846695681,-0.793084641315,-0.1));
#2934 = DIRECTION('',(6.038736503325E-02,-7.970800552228E-02,
    0.994987437107));
#2935 = ADVANCED_FACE('',(#2936),#2947,.T.);
#2936 = FACE_BOUND('',#2937,.T.);
#2937 = EDGE_LOOP('',(#2938,#2939,#2945,#2946));
#2938 = ORIENTED_EDGE('',*,*,#2859,.F.);
#2939 = ORIENTED_EDGE('',*,*,#2940,.F.);
#2940 = EDGE_CURVE('',#2780,#2860,#2941,.T.);
#2941 = LINE('',#2942,#2943);
#2942 = CARTESIAN_POINT('',(30.504312343392,5.184602220663,
    17.456975905515));
#2943 = VECTOR('',#2944,1.);
#2944 = DIRECTION('',(0.600846695681,-0.793084641315,-0.1));
#2945 = ORIENTED_EDGE('',*,*,#2779,.T.);
#2946 = ORIENTED_EDGE('',*,*,#1731,.T.);
#2947 = PLANE('',#2948);
#2948 = AXIS2_PLACEMENT_3D('',#2949,#2950,#2951);
#2949 = CARTESIAN_POINT('',(30.504312343392,5.184602220663,
    17.456975905515));
#2950 = DIRECTION('',(0.797080055223,0.603873650333,8.400691569059E-18)
  );
#2951 = DIRECTION('',(6.038736503325E-02,-7.970800552228E-02,
    0.994987437107));
#2952 = ADVANCED_FACE('',(#2953),#2965,.F.);
#2953 = FACE_BOUND('',#2954,.F.);
#2954 = EDGE_LOOP('',(#2955,#2956,#2957,#2964));
#2955 = ORIENTED_EDGE('',*,*,#2003,.F.);
#2956 = ORIENTED_EDGE('',*,*,#2368,.T.);
#2957 = ORIENTED_EDGE('',*,*,#2958,.T.);
#2958 = EDGE_CURVE('',#2361,#2352,#2959,.T.);
#2959 = CIRCLE('',#2960,1.65);
#2960 = AXIS2_PLACEMENT_3D('',#2961,#2962,#2963);
#2961 = CARTESIAN_POINT('',(-0.37300799006,68.991910941842,
    28.588413024904));
#2962 = DIRECTION('',(0.363751080054,-0.92611292603,-0.1));
#2963 = DIRECTION('',(-0.93077851186,-0.365583590796,-6.938893903907E-18
    ));
#2964 = ORIENTED_EDGE('',*,*,#2351,.T.);
#2965 = CYLINDRICAL_SURFACE('',#2966,1.65);
#2966 = AXIS2_PLACEMENT_3D('',#2967,#2968,#2969);
#2967 = CARTESIAN_POINT('',(-0.37300799006,68.991910941842,
    28.588413024904));
#2968 = DIRECTION('',(0.363751080054,-0.92611292603,-0.1));
#2969 = DIRECTION('',(-0.93077851186,-0.365583590796,0.));
#2970 = ADVANCED_FACE('',(#2971),#2990,.F.);
#2971 = FACE_BOUND('',#2972,.F.);
#2972 = EDGE_LOOP('',(#2973,#2974,#2982,#2989));
#2973 = ORIENTED_EDGE('',*,*,#2052,.F.);
#2974 = ORIENTED_EDGE('',*,*,#2975,.F.);
#2975 = EDGE_CURVE('',#2976,#2053,#2978,.T.);
#2976 = VERTEX_POINT('',#2977);
#2977 = CARTESIAN_POINT('',(4.029576903795,71.20361220617,
    28.588413024904));
#2978 = LINE('',#2979,#2980);
#2979 = CARTESIAN_POINT('',(4.029576903795,71.20361220617,
    28.588413024904));
#2980 = VECTOR('',#2981,1.);
#2981 = DIRECTION('',(0.600846695681,-0.793084641315,-0.1));
#2982 = ORIENTED_EDGE('',*,*,#2983,.T.);
#2983 = EDGE_CURVE('',#2976,#2976,#2984,.T.);
#2984 = CIRCLE('',#2985,1.65);
#2985 = AXIS2_PLACEMENT_3D('',#2986,#2987,#2988);
#2986 = CARTESIAN_POINT('',(5.344758994912,72.200003729218,
    28.588413024904));
#2987 = DIRECTION('',(0.600846695681,-0.793084641315,-1.E-01));
#2988 = DIRECTION('',(-0.797080055223,-0.603873650333,
    -6.938893903907E-18));
#2989 = ORIENTED_EDGE('',*,*,#2975,.T.);
#2990 = CYLINDRICAL_SURFACE('',#2991,1.65);
#2991 = AXIS2_PLACEMENT_3D('',#2992,#2993,#2994);
#2992 = CARTESIAN_POINT('',(5.344758994912,72.200003729218,
    28.588413024904));
#2993 = DIRECTION('',(0.600846695681,-0.793084641315,-0.1));
#2994 = DIRECTION('',(-0.797080055223,-0.603873650333,
    -6.938893903907E-18));
#2995 = ADVANCED_FACE('',(#2996),#3015,.F.);
#2996 = FACE_BOUND('',#2997,.F.);
#2997 = EDGE_LOOP('',(#2998,#2999,#3007,#3014));
#2998 = ORIENTED_EDGE('',*,*,#2103,.F.);
#2999 = ORIENTED_EDGE('',*,*,#3000,.F.);
#3000 = EDGE_CURVE('',#3001,#2104,#3003,.T.);
#3001 = VERTEX_POINT('',#3002);
#3002 = CARTESIAN_POINT('',(10.977135776072,78.151171078447,
    28.588413024904));
#3003 = LINE('',#3004,#3005);
#3004 = CARTESIAN_POINT('',(10.977135776072,78.151171078447,
    28.588413024904));
#3005 = VECTOR('',#3006,1.);
#3006 = DIRECTION('',(0.793084641315,-0.600846695681,-0.1));
#3007 = ORIENTED_EDGE('',*,*,#3008,.T.);
#3008 = EDGE_CURVE('',#3001,#3001,#3009,.T.);
#3009 = CIRCLE('',#3010,1.65);
#3010 = AXIS2_PLACEMENT_3D('',#3011,#3012,#3013);
#3011 = CARTESIAN_POINT('',(9.980744253024,76.83598898733,
    28.588413024904));
#3012 = DIRECTION('',(0.793084641315,-0.600846695681,-0.1));
#3013 = DIRECTION('',(0.603873650333,0.797080055223,-6.938893903907E-18)
  );
#3014 = ORIENTED_EDGE('',*,*,#3000,.T.);
#3015 = CYLINDRICAL_SURFACE('',#3016,1.65);
#3016 = AXIS2_PLACEMENT_3D('',#3017,#3018,#3019);
#3017 = CARTESIAN_POINT('',(9.980744253024,76.83598898733,
    28.588413024904));
#3018 = DIRECTION('',(0.793084641315,-0.600846695681,-0.1));
#3019 = DIRECTION('',(0.603873650333,0.797080055223,-6.938893903907E-18)
  );
#3020 = ADVANCED_FACE('',(#3021),#3032,.F.);
#3021 = FACE_BOUND('',#3022,.F.);
#3022 = EDGE_LOOP('',(#3023,#3024,#3030,#3031));
#3023 = ORIENTED_EDGE('',*,*,#2492,.F.);
#3024 = ORIENTED_EDGE('',*,*,#3025,.F.);
#3025 = EDGE_CURVE('',#2247,#2493,#3026,.T.);
#3026 = LINE('',#3027,#3028);
#3027 = CARTESIAN_POINT('',(42.018153605273,17.169234655365,
    21.954155881141));
#3028 = VECTOR('',#3029,1.);
#3029 = DIRECTION('',(0.600846695681,-0.793084641315,-0.1));
#3030 = ORIENTED_EDGE('',*,*,#2246,.T.);
#3031 = ORIENTED_EDGE('',*,*,#3025,.T.);
#3032 = CYLINDRICAL_SURFACE('',#3033,4.);
#3033 = AXIS2_PLACEMENT_3D('',#3034,#3035,#3036);
#3034 = CARTESIAN_POINT('',(45.206473826164,19.584729256695,
    21.954155881141));
#3035 = DIRECTION('',(0.600846695681,-0.793084641315,-0.1));
#3036 = DIRECTION('',(-0.797080055223,-0.603873650333,
    -6.938893903907E-18));
#3037 = ADVANCED_FACE('',(#3038,#3041),#3052,.F.);
#3038 = FACE_BOUND('',#3039,.F.);
#3039 = EDGE_LOOP('',(#3040));
#3040 = ORIENTED_EDGE('',*,*,#2282,.T.);
#3041 = FACE_BOUND('',#3042,.F.);
#3042 = EDGE_LOOP('',(#3043));
#3043 = ORIENTED_EDGE('',*,*,#3044,.F.);
#3044 = EDGE_CURVE('',#3045,#3045,#3047,.T.);
#3045 = VERTEX_POINT('',#3046);
#3046 = CARTESIAN_POINT('',(54.859477615982,29.530159402286,
    22.165023807326));
#3047 = CIRCLE('',#3048,2.3);
#3048 = AXIS2_PLACEMENT_3D('',#3049,#3050,#3051);
#3049 = CARTESIAN_POINT('',(56.692761742995,30.919068798051,
    22.165023807326));
#3050 = DIRECTION('',(0.600846695681,-0.793084641315,-1.E-01));
#3051 = DIRECTION('',(-0.797080055223,-0.603873650333,
    -6.938893903907E-18));
#3052 = PLANE('',#3053);
#3053 = AXIS2_PLACEMENT_3D('',#3054,#3055,#3056);
#3054 = CARTESIAN_POINT('',(56.692761742995,30.919068798051,
    22.165023807326));
#3055 = DIRECTION('',(0.600846695681,-0.793084641315,-0.1));
#3056 = DIRECTION('',(-0.797080055223,-0.603873650333,
    -6.938893903907E-18));
#3057 = ADVANCED_FACE('',(#3058,#3061),#3072,.F.);
#3058 = FACE_BOUND('',#3059,.F.);
#3059 = EDGE_LOOP('',(#3060));
#3060 = ORIENTED_EDGE('',*,*,#2309,.T.);
#3061 = FACE_BOUND('',#3062,.F.);
#3062 = EDGE_LOOP('',(#3063));
#3063 = ORIENTED_EDGE('',*,*,#3064,.F.);
#3064 = EDGE_CURVE('',#3065,#3065,#3067,.T.);
#3065 = VERTEX_POINT('',#3066);
#3066 = CARTESIAN_POINT('',(29.352915848851,10.206202591645,
    22.165023807326));
#3067 = CIRCLE('',#3068,2.3);
#3068 = AXIS2_PLACEMENT_3D('',#3069,#3070,#3071);
#3069 = CARTESIAN_POINT('',(31.186199975864,11.59511198741,
    22.165023807326));
#3070 = DIRECTION('',(0.600846695681,-0.793084641315,-1.E-01));
#3071 = DIRECTION('',(-0.797080055223,-0.603873650333,
    -6.938893903907E-18));
#3072 = PLANE('',#3073);
#3073 = AXIS2_PLACEMENT_3D('',#3074,#3075,#3076);
#3074 = CARTESIAN_POINT('',(31.186199975864,11.595111987409,
    22.165023807326));
#3075 = DIRECTION('',(0.600846695681,-0.793084641315,-0.1));
#3076 = DIRECTION('',(-0.797080055223,-0.603873650333,
    -6.938893903907E-18));
#3077 = ADVANCED_FACE('',(#3078),#3082,.T.);
#3078 = FACE_BOUND('',#3079,.T.);
#3079 = EDGE_LOOP('',(#3080,#3081));
#3080 = ORIENTED_EDGE('',*,*,#2360,.F.);
#3081 = ORIENTED_EDGE('',*,*,#2958,.T.);
#3082 = PLANE('',#3083);
#3083 = AXIS2_PLACEMENT_3D('',#3084,#3085,#3086);
#3084 = CARTESIAN_POINT('',(-0.37300799006,68.991910941842,
    28.588413024904));
#3085 = DIRECTION('',(0.363751080054,-0.92611292603,-0.1));
#3086 = DIRECTION('',(-0.93077851186,-0.365583590796,0.));
#3087 = ADVANCED_FACE('',(#3088,#3093),#3104,.T.);
#3088 = FACE_BOUND('',#3089,.F.);
#3089 = EDGE_LOOP('',(#3090,#3091,#3092));
#3090 = ORIENTED_EDGE('',*,*,#2525,.F.);
#3091 = ORIENTED_EDGE('',*,*,#2483,.F.);
#3092 = ORIENTED_EDGE('',*,*,#2474,.F.);
#3093 = FACE_BOUND('',#3094,.F.);
#3094 = EDGE_LOOP('',(#3095));
#3095 = ORIENTED_EDGE('',*,*,#3096,.T.);
#3096 = EDGE_CURVE('',#3097,#3097,#3099,.T.);
#3097 = VERTEX_POINT('',#3098);
#3098 = CARTESIAN_POINT('',(60.714831829801,21.801413401315,
    21.190506637487));
#3099 = CIRCLE('',#3100,2.3);
#3100 = AXIS2_PLACEMENT_3D('',#3101,#3102,#3103);
#3101 = CARTESIAN_POINT('',(62.548115956813,23.190322797079,
    21.190506637487));
#3102 = DIRECTION('',(0.600846695681,-0.793084641315,-1.E-01));
#3103 = DIRECTION('',(-0.797080055223,-0.603873650333,
    -6.938893903907E-18));
#3104 = PLANE('',#3105);
#3105 = AXIS2_PLACEMENT_3D('',#3106,#3107,#3108);
#3106 = CARTESIAN_POINT('',(32.341568842685,1.434744099401,
    12.235619703528));
#3107 = DIRECTION('',(0.600846695681,-0.793084641315,-0.1));
#3108 = DIRECTION('',(-6.038736503325E-02,7.970800552228E-02,
    -0.994987437107));
#3109 = ADVANCED_FACE('',(#3110,#3114),#3125,.T.);
#3110 = FACE_BOUND('',#3111,.F.);
#3111 = EDGE_LOOP('',(#3112,#3113));
#3112 = ORIENTED_EDGE('',*,*,#2464,.F.);
#3113 = ORIENTED_EDGE('',*,*,#2511,.T.);
#3114 = FACE_BOUND('',#3115,.F.);
#3115 = EDGE_LOOP('',(#3116));
#3116 = ORIENTED_EDGE('',*,*,#3117,.T.);
#3117 = EDGE_CURVE('',#3118,#3118,#3120,.T.);
#3118 = VERTEX_POINT('',#3119);
#3119 = CARTESIAN_POINT('',(35.20827006267,2.477456590673,
    21.190506637487));
#3120 = CIRCLE('',#3121,2.3);
#3121 = AXIS2_PLACEMENT_3D('',#3122,#3123,#3124);
#3122 = CARTESIAN_POINT('',(37.041554189682,3.866365986438,
    21.190506637487));
#3123 = DIRECTION('',(0.600846695681,-0.793084641315,-1.E-01));
#3124 = DIRECTION('',(-0.797080055223,-0.603873650333,
    -6.938893903907E-18));
#3125 = PLANE('',#3126);
#3126 = AXIS2_PLACEMENT_3D('',#3127,#3128,#3129);
#3127 = CARTESIAN_POINT('',(32.341568842685,1.434744099401,
    12.235619703528));
#3128 = DIRECTION('',(0.600846695681,-0.793084641315,-0.1));
#3129 = DIRECTION('',(-6.038736503325E-02,7.970800552228E-02,
    -0.994987437107));
#3130 = ADVANCED_FACE('',(#3131),#3142,.T.);
#3131 = FACE_BOUND('',#3132,.T.);
#3132 = EDGE_LOOP('',(#3133,#3134,#3140,#3141));
#3133 = ORIENTED_EDGE('',*,*,#2684,.F.);
#3134 = ORIENTED_EDGE('',*,*,#3135,.T.);
#3135 = EDGE_CURVE('',#2677,#2580,#3136,.T.);
#3136 = LINE('',#3137,#3138);
#3137 = CARTESIAN_POINT('',(59.529709128042,27.174454047776,
    17.456975905515));
#3138 = VECTOR('',#3139,1.);
#3139 = DIRECTION('',(0.600846695681,-0.793084641315,-0.1));
#3140 = ORIENTED_EDGE('',*,*,#2587,.T.);
#3141 = ORIENTED_EDGE('',*,*,#2548,.F.);
#3142 = PLANE('',#3143);
#3143 = AXIS2_PLACEMENT_3D('',#3144,#3145,#3146);
#3144 = CARTESIAN_POINT('',(56.010874110523,24.508559031304,
    17.456975905515));
#3145 = DIRECTION('',(6.038736503325E-02,-7.970800552228E-02,
    0.994987437107));
#3146 = DIRECTION('',(0.600846695681,-0.793084641315,-0.1));
#3147 = ADVANCED_FACE('',(#3148),#3154,.T.);
#3148 = FACE_BOUND('',#3149,.T.);
#3149 = EDGE_LOOP('',(#3150,#3151,#3152,#3153));
#3150 = ORIENTED_EDGE('',*,*,#2676,.F.);
#3151 = ORIENTED_EDGE('',*,*,#2652,.T.);
#3152 = ORIENTED_EDGE('',*,*,#2579,.T.);
#3153 = ORIENTED_EDGE('',*,*,#3135,.F.);
#3154 = PLANE('',#3155);
#3155 = AXIS2_PLACEMENT_3D('',#3156,#3157,#3158);
#3156 = CARTESIAN_POINT('',(56.010874110523,24.508559031304,
    17.456975905515));
#3157 = DIRECTION('',(6.038736503325E-02,-7.970800552228E-02,
    0.994987437107));
#3158 = DIRECTION('',(0.600846695681,-0.793084641315,-0.1));
#3159 = ADVANCED_FACE('',(#3160,#3168),#3179,.F.);
#3160 = FACE_BOUND('',#3161,.F.);
#3161 = EDGE_LOOP('',(#3162,#3163,#3164,#3165,#3166,#3167));
#3162 = ORIENTED_EDGE('',*,*,#2629,.T.);
#3163 = ORIENTED_EDGE('',*,*,#2621,.T.);
#3164 = ORIENTED_EDGE('',*,*,#2613,.T.);
#3165 = ORIENTED_EDGE('',*,*,#2605,.T.);
#3166 = ORIENTED_EDGE('',*,*,#2597,.T.);
#3167 = ORIENTED_EDGE('',*,*,#2637,.T.);
#3168 = FACE_BOUND('',#3169,.F.);
#3169 = EDGE_LOOP('',(#3170));
#3170 = ORIENTED_EDGE('',*,*,#3171,.F.);
#3171 = EDGE_CURVE('',#3172,#3172,#3174,.T.);
#3172 = VERTEX_POINT('',#3173);
#3173 = CARTESIAN_POINT('',(59.993815794984,22.753114970893,
    21.310506637487));
#3174 = CIRCLE('',#3175,2.3);
#3175 = AXIS2_PLACEMENT_3D('',#3176,#3177,#3178);
#3176 = CARTESIAN_POINT('',(61.827099921997,24.142024366657,
    21.310506637487));
#3177 = DIRECTION('',(0.600846695681,-0.793084641315,-1.E-01));
#3178 = DIRECTION('',(-0.797080055223,-0.603873650333,
    -6.938893903907E-18));
#3179 = PLANE('',#3180);
#3180 = AXIS2_PLACEMENT_3D('',#3181,#3182,#3183);
#3181 = CARTESIAN_POINT('',(61.827099921997,24.142024366657,
    21.310506637487));
#3182 = DIRECTION('',(0.600846695681,-0.793084641315,-1.E-01));
#3183 = DIRECTION('',(-0.797080055223,-0.603873650333,
    -6.938893903907E-18));
#3184 = ADVANCED_FACE('',(#3185,#3193),#3204,.T.);
#3185 = FACE_BOUND('',#3186,.T.);
#3186 = EDGE_LOOP('',(#3187,#3188,#3189,#3190,#3191,#3192));
#3187 = ORIENTED_EDGE('',*,*,#2726,.T.);
#3188 = ORIENTED_EDGE('',*,*,#2718,.T.);
#3189 = ORIENTED_EDGE('',*,*,#2710,.T.);
#3190 = ORIENTED_EDGE('',*,*,#2702,.T.);
#3191 = ORIENTED_EDGE('',*,*,#2694,.T.);
#3192 = ORIENTED_EDGE('',*,*,#2734,.T.);
#3193 = FACE_BOUND('',#3194,.T.);
#3194 = EDGE_LOOP('',(#3195));
#3195 = ORIENTED_EDGE('',*,*,#3196,.F.);
#3196 = EDGE_CURVE('',#3197,#3197,#3199,.T.);
#3197 = VERTEX_POINT('',#3198);
#3198 = CARTESIAN_POINT('',(57.95093702967,25.449602751363,
    21.650506637487));
#3199 = CIRCLE('',#3200,2.3);
#3200 = AXIS2_PLACEMENT_3D('',#3201,#3202,#3203);
#3201 = CARTESIAN_POINT('',(59.784221156683,26.838512147128,
    21.650506637487));
#3202 = DIRECTION('',(0.600846695681,-0.793084641315,-1.E-01));
#3203 = DIRECTION('',(-0.797080055223,-0.603873650333,
    -6.938893903907E-18));
#3204 = PLANE('',#3205);
#3205 = AXIS2_PLACEMENT_3D('',#3206,#3207,#3208);
#3206 = CARTESIAN_POINT('',(59.784221156683,26.838512147128,
    21.650506637487));
#3207 = DIRECTION('',(0.600846695681,-0.793084641315,-1.E-01));
#3208 = DIRECTION('',(-0.797080055223,-0.603873650333,
    -6.938893903907E-18));
#3209 = ADVANCED_FACE('',(#3210),#3221,.T.);
#3210 = FACE_BOUND('',#3211,.T.);
#3211 = EDGE_LOOP('',(#3212,#3213,#3219,#3220));
#3212 = ORIENTED_EDGE('',*,*,#2795,.F.);
#3213 = ORIENTED_EDGE('',*,*,#3214,.T.);
#3214 = EDGE_CURVE('',#2788,#2868,#3215,.T.);
#3215 = LINE('',#3216,#3217);
#3216 = CARTESIAN_POINT('',(34.023147360911,7.850497237134,
    17.456975905515));
#3217 = VECTOR('',#3218,1.);
#3218 = DIRECTION('',(0.600846695681,-0.793084641315,-0.1));
#3219 = ORIENTED_EDGE('',*,*,#2875,.T.);
#3220 = ORIENTED_EDGE('',*,*,#2756,.F.);
#3221 = PLANE('',#3222);
#3222 = AXIS2_PLACEMENT_3D('',#3223,#3224,#3225);
#3223 = CARTESIAN_POINT('',(30.504312343392,5.184602220663,
    17.456975905515));
#3224 = DIRECTION('',(6.038736503325E-02,-7.970800552228E-02,
    0.994987437107));
#3225 = DIRECTION('',(0.600846695681,-0.793084641315,-0.1));
#3226 = ADVANCED_FACE('',(#3227),#3233,.T.);
#3227 = FACE_BOUND('',#3228,.T.);
#3228 = EDGE_LOOP('',(#3229,#3230,#3231,#3232));
#3229 = ORIENTED_EDGE('',*,*,#2787,.F.);
#3230 = ORIENTED_EDGE('',*,*,#2940,.T.);
#3231 = ORIENTED_EDGE('',*,*,#2867,.T.);
#3232 = ORIENTED_EDGE('',*,*,#3214,.F.);
#3233 = PLANE('',#3234);
#3234 = AXIS2_PLACEMENT_3D('',#3235,#3236,#3237);
#3235 = CARTESIAN_POINT('',(30.504312343392,5.184602220663,
    17.456975905515));
#3236 = DIRECTION('',(6.038736503325E-02,-7.970800552228E-02,
    0.994987437107));
#3237 = DIRECTION('',(0.600846695681,-0.793084641315,-0.1));
#3238 = ADVANCED_FACE('',(#3239,#3247),#3258,.T.);
#3239 = FACE_BOUND('',#3240,.T.);
#3240 = EDGE_LOOP('',(#3241,#3242,#3243,#3244,#3245,#3246));
#3241 = ORIENTED_EDGE('',*,*,#2837,.T.);
#3242 = ORIENTED_EDGE('',*,*,#2829,.T.);
#3243 = ORIENTED_EDGE('',*,*,#2821,.T.);
#3244 = ORIENTED_EDGE('',*,*,#2813,.T.);
#3245 = ORIENTED_EDGE('',*,*,#2805,.T.);
#3246 = ORIENTED_EDGE('',*,*,#2845,.T.);
#3247 = FACE_BOUND('',#3248,.T.);
#3248 = EDGE_LOOP('',(#3249));
#3249 = ORIENTED_EDGE('',*,*,#3250,.F.);
#3250 = EDGE_CURVE('',#3251,#3251,#3253,.T.);
#3251 = VERTEX_POINT('',#3252);
#3252 = CARTESIAN_POINT('',(32.444375262539,6.125645940722,
    21.650506637487));
#3253 = CIRCLE('',#3254,2.3);
#3254 = AXIS2_PLACEMENT_3D('',#3255,#3256,#3257);
#3255 = CARTESIAN_POINT('',(34.277659389552,7.514555336487,
    21.650506637487));
#3256 = DIRECTION('',(0.600846695681,-0.793084641315,-1.E-01));
#3257 = DIRECTION('',(-0.797080055223,-0.603873650333,
    -6.938893903907E-18));
#3258 = PLANE('',#3259);
#3259 = AXIS2_PLACEMENT_3D('',#3260,#3261,#3262);
#3260 = CARTESIAN_POINT('',(34.277659389552,7.514555336487,
    21.650506637487));
#3261 = DIRECTION('',(0.600846695681,-0.793084641315,-1.E-01));
#3262 = DIRECTION('',(-0.797080055223,-0.603873650333,
    -6.938893903907E-18));
#3263 = ADVANCED_FACE('',(#3264,#3272),#3283,.F.);
#3264 = FACE_BOUND('',#3265,.F.);
#3265 = EDGE_LOOP('',(#3266,#3267,#3268,#3269,#3270,#3271));
#3266 = ORIENTED_EDGE('',*,*,#2917,.T.);
#3267 = ORIENTED_EDGE('',*,*,#2909,.T.);
#3268 = ORIENTED_EDGE('',*,*,#2901,.T.);
#3269 = ORIENTED_EDGE('',*,*,#2893,.T.);
#3270 = ORIENTED_EDGE('',*,*,#2885,.T.);
#3271 = ORIENTED_EDGE('',*,*,#2925,.T.);
#3272 = FACE_BOUND('',#3273,.F.);
#3273 = EDGE_LOOP('',(#3274));
#3274 = ORIENTED_EDGE('',*,*,#3275,.F.);
#3275 = EDGE_CURVE('',#3276,#3276,#3278,.T.);
#3276 = VERTEX_POINT('',#3277);
#3277 = CARTESIAN_POINT('',(34.487254027853,3.429158160251,
    21.310506637487));
#3278 = CIRCLE('',#3279,2.3);
#3279 = AXIS2_PLACEMENT_3D('',#3280,#3281,#3282);
#3280 = CARTESIAN_POINT('',(36.320538154866,4.818067556016,
    21.310506637487));
#3281 = DIRECTION('',(0.600846695681,-0.793084641315,-1.E-01));
#3282 = DIRECTION('',(-0.797080055223,-0.603873650333,
    -6.938893903907E-18));
#3283 = PLANE('',#3284);
#3284 = AXIS2_PLACEMENT_3D('',#3285,#3286,#3287);
#3285 = CARTESIAN_POINT('',(36.320538154866,4.818067556016,
    21.310506637487));
#3286 = DIRECTION('',(0.600846695681,-0.793084641315,-1.E-01));
#3287 = DIRECTION('',(-0.797080055223,-0.603873650333,
    -6.938893903907E-18));
#3288 = ADVANCED_FACE('',(#3289),#3292,.T.);
#3289 = FACE_BOUND('',#3290,.F.);
#3290 = EDGE_LOOP('',(#3291));
#3291 = ORIENTED_EDGE('',*,*,#2983,.F.);
#3292 = PLANE('',#3293);
#3293 = AXIS2_PLACEMENT_3D('',#3294,#3295,#3296);
#3294 = CARTESIAN_POINT('',(5.344758994912,72.200003729218,
    28.588413024904));
#3295 = DIRECTION('',(0.600846695681,-0.793084641315,-0.1));
#3296 = DIRECTION('',(-0.797080055223,-0.603873650333,
    -6.938893903907E-18));
#3297 = ADVANCED_FACE('',(#3298),#3301,.T.);
#3298 = FACE_BOUND('',#3299,.F.);
#3299 = EDGE_LOOP('',(#3300));
#3300 = ORIENTED_EDGE('',*,*,#3008,.F.);
#3301 = PLANE('',#3302);
#3302 = AXIS2_PLACEMENT_3D('',#3303,#3304,#3305);
#3303 = CARTESIAN_POINT('',(9.980744253024,76.83598898733,
    28.588413024904));
#3304 = DIRECTION('',(0.793084641315,-0.600846695681,-0.1));
#3305 = DIRECTION('',(0.603873650333,0.797080055223,-6.938893903907E-18)
  );
#3306 = ADVANCED_FACE('',(#3307),#3318,.F.);
#3307 = FACE_BOUND('',#3308,.F.);
#3308 = EDGE_LOOP('',(#3309,#3310,#3316,#3317));
#3309 = ORIENTED_EDGE('',*,*,#3196,.F.);
#3310 = ORIENTED_EDGE('',*,*,#3311,.F.);
#3311 = EDGE_CURVE('',#3045,#3197,#3312,.T.);
#3312 = LINE('',#3313,#3314);
#3313 = CARTESIAN_POINT('',(54.61913893771,29.847393258812,
    22.205023807326));
#3314 = VECTOR('',#3315,1.);
#3315 = DIRECTION('',(0.600846695681,-0.793084641315,-0.1));
#3316 = ORIENTED_EDGE('',*,*,#3044,.T.);
#3317 = ORIENTED_EDGE('',*,*,#3311,.T.);
#3318 = CYLINDRICAL_SURFACE('',#3319,2.3);
#3319 = AXIS2_PLACEMENT_3D('',#3320,#3321,#3322);
#3320 = CARTESIAN_POINT('',(56.452423064723,31.236302654577,
    22.205023807326));
#3321 = DIRECTION('',(0.600846695681,-0.793084641315,-0.1));
#3322 = DIRECTION('',(-0.797080055223,-0.603873650333,
    -6.938893903907E-18));
#3323 = ADVANCED_FACE('',(#3324),#3335,.F.);
#3324 = FACE_BOUND('',#3325,.F.);
#3325 = EDGE_LOOP('',(#3326,#3327,#3333,#3334));
#3326 = ORIENTED_EDGE('',*,*,#3250,.F.);
#3327 = ORIENTED_EDGE('',*,*,#3328,.F.);
#3328 = EDGE_CURVE('',#3065,#3251,#3329,.T.);
#3329 = LINE('',#3330,#3331);
#3330 = CARTESIAN_POINT('',(29.112577170579,10.523436448171,
    22.205023807326));
#3331 = VECTOR('',#3332,1.);
#3332 = DIRECTION('',(0.600846695681,-0.793084641315,-0.1));
#3333 = ORIENTED_EDGE('',*,*,#3064,.T.);
#3334 = ORIENTED_EDGE('',*,*,#3328,.T.);
#3335 = CYLINDRICAL_SURFACE('',#3336,2.3);
#3336 = AXIS2_PLACEMENT_3D('',#3337,#3338,#3339);
#3337 = CARTESIAN_POINT('',(30.945861297592,11.912345843935,
    22.205023807326));
#3338 = DIRECTION('',(0.600846695681,-0.793084641315,-0.1));
#3339 = DIRECTION('',(-0.797080055223,-0.603873650333,
    -6.938893903907E-18));
#3340 = ADVANCED_FACE('',(#3341),#3352,.F.);
#3341 = FACE_BOUND('',#3342,.F.);
#3342 = EDGE_LOOP('',(#3343,#3349,#3350,#3351));
#3343 = ORIENTED_EDGE('',*,*,#3344,.T.);
#3344 = EDGE_CURVE('',#3172,#3097,#3345,.T.);
#3345 = LINE('',#3346,#3347);
#3346 = CARTESIAN_POINT('',(54.61913893771,29.847393258812,
    22.205023807326));
#3347 = VECTOR('',#3348,1.);
#3348 = DIRECTION('',(0.600846695681,-0.793084641315,-0.1));
#3349 = ORIENTED_EDGE('',*,*,#3096,.F.);
#3350 = ORIENTED_EDGE('',*,*,#3344,.F.);
#3351 = ORIENTED_EDGE('',*,*,#3171,.T.);
#3352 = CYLINDRICAL_SURFACE('',#3353,2.3);
#3353 = AXIS2_PLACEMENT_3D('',#3354,#3355,#3356);
#3354 = CARTESIAN_POINT('',(56.452423064723,31.236302654577,
    22.205023807326));
#3355 = DIRECTION('',(0.600846695681,-0.793084641315,-0.1));
#3356 = DIRECTION('',(-0.797080055223,-0.603873650333,
    -6.938893903907E-18));
#3357 = ADVANCED_FACE('',(#3358),#3369,.F.);
#3358 = FACE_BOUND('',#3359,.F.);
#3359 = EDGE_LOOP('',(#3360,#3366,#3367,#3368));
#3360 = ORIENTED_EDGE('',*,*,#3361,.T.);
#3361 = EDGE_CURVE('',#3276,#3118,#3362,.T.);
#3362 = LINE('',#3363,#3364);
#3363 = CARTESIAN_POINT('',(29.112577170579,10.523436448171,
    22.205023807326));
#3364 = VECTOR('',#3365,1.);
#3365 = DIRECTION('',(0.600846695681,-0.793084641315,-0.1));
#3366 = ORIENTED_EDGE('',*,*,#3117,.F.);
#3367 = ORIENTED_EDGE('',*,*,#3361,.F.);
#3368 = ORIENTED_EDGE('',*,*,#3275,.T.);
#3369 = CYLINDRICAL_SURFACE('',#3370,2.3);
#3370 = AXIS2_PLACEMENT_3D('',#3371,#3372,#3373);
#3371 = CARTESIAN_POINT('',(30.945861297592,11.912345843935,
    22.205023807326));
#3372 = DIRECTION('',(0.600846695681,-0.793084641315,-0.1));
#3373 = DIRECTION('',(-0.797080055223,-0.603873650333,
    -6.938893903907E-18));
#3374 = ( GEOMETRIC_REPRESENTATION_CONTEXT(3) 
GLOBAL_UNCERTAINTY_ASSIGNED_CONTEXT((#3378)) 
GLOBAL_UNIT_ASSIGNED_CONTEXT((#3375,#3376,#3377)) REPRESENTATION_CONTEXT
('Context #1','3D Context with UNIT and UNCERTAINTY') );
#3375 = ( LENGTH_UNIT() NAMED_UNIT(*) SI_UNIT(.MILLI.,.METRE.) );
#3376 = ( NAMED_UNIT(*) PLANE_ANGLE_UNIT() SI_UNIT($,.RADIAN.) );
#3377 = ( NAMED_UNIT(*) SI_UNIT($,.STERADIAN.) SOLID_ANGLE_UNIT() );
#3378 = UNCERTAINTY_MEASURE_WITH_UNIT(LENGTH_MEASURE(1.E-07),#3375,
  'distance_accuracy_value','confusion accuracy');
#3379 = PRODUCT_RELATED_PRODUCT_CATEGORY('part',$,(#7));
ENDSEC;
END-ISO-10303-21;
