ISO-10303-21;
HEADER;
FILE_DESCRIPTION(('FreeCAD Model'),'2;1');
FILE_NAME('Open CASCADE Shape Model','2026-09-26T01:42:03',('FreeCAD'),(
    'FreeCAD'),'Open CASCADE STEP processor 7.8','FreeCAD','Unknown');
FILE_SCHEMA(('AUTOMOTIVE_DESIGN { 1 0 10303 214 1 1 1 1 }'));
ENDSEC;
DATA;
#1 = APPLICATION_PROTOCOL_DEFINITION('international standard',
  'automotive_design',2000,#2);
#2 = APPLICATION_CONTEXT(
  'core data for automotive mechanical design processes');
#3 = SHAPE_DEFINITION_REPRESENTATION(#4,#10);
#4 = PRODUCT_DEFINITION_SHAPE('','',#5);
#5 = PRODUCT_DEFINITION('design','',#6,#9);
#6 = PRODUCT_DEFINITION_FORMATION('','',#7);
#7 = PRODUCT('Open CASCADE STEP translator 7.8 11',
  'Open CASCADE STEP translator 7.8 11','',(#8));
#8 = PRODUCT_CONTEXT('',#2,'mechanical');
#9 = PRODUCT_DEFINITION_CONTEXT('part definition',#2,'design');
#10 = ADVANCED_BREP_SHAPE_REPRESENTATION('',(#11,#15),#3527);
#11 = AXIS2_PLACEMENT_3D('',#12,#13,#14);
#12 = CARTESIAN_POINT('',(0.,0.,0.));
#13 = DIRECTION('',(0.,0.,1.));
#14 = DIRECTION('',(1.,0.,-0.));
#15 = MANIFOLD_SOLID_BREP('',#16);
#16 = CLOSED_SHELL('',(#17,#59,#90,#115,#139,#779,#810,#834,#859,#883,
    #907,#925,#990,#1055,#1126,#1191,#1222,#1246,#1270,#1295,#1320,#1345
    ,#1369,#1393,#1410,#1475,#1540,#1611,#1642,#1666,#1924,#1949,#1973,
    #2021,#2037,#2052,#2070,#2101,#2450,#2501,#2511,#2538,#2565,#2605,
    #2627,#2648,#2665,#2700,#2726,#2787,#2812,#2837,#2862,#2887,#2912,
    #2971,#3030,#3061,#3078,#3103,#3128,#3149,#3160,#3169,#3178,#3187,
    #3196,#3205,#3236,#3260,#3284,#3308,#3332,#3349,#3380,#3404,#3428,
    #3452,#3476,#3493,#3510));
#17 = ADVANCED_FACE('',(#18),#54,.T.);
#18 = FACE_BOUND('',#19,.T.);
#19 = EDGE_LOOP('',(#20,#30,#39,#47));
#20 = ORIENTED_EDGE('',*,*,#21,.T.);
#21 = EDGE_CURVE('',#22,#24,#26,.T.);
#22 = VERTEX_POINT('',#23);
#23 = CARTESIAN_POINT('',(94.,94.,0.));
#24 = VERTEX_POINT('',#25);
#25 = CARTESIAN_POINT('',(94.,94.,3.));
#26 = LINE('',#27,#28);
#27 = CARTESIAN_POINT('',(94.,94.,0.));
#28 = VECTOR('',#29,1.);
#29 = DIRECTION('',(0.,0.,1.));
#30 = ORIENTED_EDGE('',*,*,#31,.F.);
#31 = EDGE_CURVE('',#32,#24,#34,.T.);
#32 = VERTEX_POINT('',#33);
#33 = CARTESIAN_POINT('',(0.,0.,3.));
#34 = CIRCLE('',#35,94.);
#35 = AXIS2_PLACEMENT_3D('',#36,#37,#38);
#36 = CARTESIAN_POINT('',(1.42108547152E-14,94.,3.));
#37 = DIRECTION('',(0.,0.,1.));
#38 = DIRECTION('',(1.,0.,-0.));
#39 = ORIENTED_EDGE('',*,*,#40,.F.);
#40 = EDGE_CURVE('',#41,#32,#43,.T.);
#41 = VERTEX_POINT('',#42);
#42 = CARTESIAN_POINT('',(0.,0.,0.));
#43 = LINE('',#44,#45);
#44 = CARTESIAN_POINT('',(2.84217094304E-14,0.,0.));
#45 = VECTOR('',#46,1.);
#46 = DIRECTION('',(0.,0.,1.));
#47 = ORIENTED_EDGE('',*,*,#48,.T.);
#48 = EDGE_CURVE('',#41,#22,#49,.T.);
#49 = CIRCLE('',#50,94.);
#50 = AXIS2_PLACEMENT_3D('',#51,#52,#53);
#51 = CARTESIAN_POINT('',(1.42108547152E-14,94.,0.));
#52 = DIRECTION('',(0.,0.,1.));
#53 = DIRECTION('',(1.,0.,-0.));
#54 = CYLINDRICAL_SURFACE('',#55,94.);
#55 = AXIS2_PLACEMENT_3D('',#56,#57,#58);
#56 = CARTESIAN_POINT('',(1.42108547152E-14,94.,0.));
#57 = DIRECTION('',(0.,0.,1.));
#58 = DIRECTION('',(1.,0.,-0.));
#59 = ADVANCED_FACE('',(#60),#85,.F.);
#60 = FACE_BOUND('',#61,.F.);
#61 = EDGE_LOOP('',(#62,#72,#78,#79));
#62 = ORIENTED_EDGE('',*,*,#63,.F.);
#63 = EDGE_CURVE('',#64,#66,#68,.T.);
#64 = VERTEX_POINT('',#65);
#65 = CARTESIAN_POINT('',(91.,94.,0.));
#66 = VERTEX_POINT('',#67);
#67 = CARTESIAN_POINT('',(91.,94.,3.));
#68 = LINE('',#69,#70);
#69 = CARTESIAN_POINT('',(91.,94.,0.));
#70 = VECTOR('',#71,1.);
#71 = DIRECTION('',(0.,0.,1.));
#72 = ORIENTED_EDGE('',*,*,#73,.T.);
#73 = EDGE_CURVE('',#64,#22,#74,.T.);
#74 = LINE('',#75,#76);
#75 = CARTESIAN_POINT('',(-200.,94.,0.));
#76 = VECTOR('',#77,1.);
#77 = DIRECTION('',(1.,0.,-0.));
#78 = ORIENTED_EDGE('',*,*,#21,.T.);
#79 = ORIENTED_EDGE('',*,*,#80,.F.);
#80 = EDGE_CURVE('',#66,#24,#81,.T.);
#81 = LINE('',#82,#83);
#82 = CARTESIAN_POINT('',(-200.,94.,3.));
#83 = VECTOR('',#84,1.);
#84 = DIRECTION('',(1.,0.,-0.));
#85 = PLANE('',#86);
#86 = AXIS2_PLACEMENT_3D('',#87,#88,#89);
#87 = CARTESIAN_POINT('',(-400.,94.,-400.));
#88 = DIRECTION('',(0.,-1.,0.));
#89 = DIRECTION('',(1.,0.,0.));
#90 = ADVANCED_FACE('',(#91),#110,.F.);
#91 = FACE_BOUND('',#92,.F.);
#92 = EDGE_LOOP('',(#93,#101,#102,#103));
#93 = ORIENTED_EDGE('',*,*,#94,.F.);
#94 = EDGE_CURVE('',#41,#95,#97,.T.);
#95 = VERTEX_POINT('',#96);
#96 = CARTESIAN_POINT('',(0.,3.,0.));
#97 = LINE('',#98,#99);
#98 = CARTESIAN_POINT('',(4.263256414561E-14,-106.,0.));
#99 = VECTOR('',#100,1.);
#100 = DIRECTION('',(-6.123233995737E-17,1.,0.));
#101 = ORIENTED_EDGE('',*,*,#48,.T.);
#102 = ORIENTED_EDGE('',*,*,#73,.F.);
#103 = ORIENTED_EDGE('',*,*,#104,.F.);
#104 = EDGE_CURVE('',#95,#64,#105,.T.);
#105 = CIRCLE('',#106,91.);
#106 = AXIS2_PLACEMENT_3D('',#107,#108,#109);
#107 = CARTESIAN_POINT('',(1.42108547152E-14,94.,0.));
#108 = DIRECTION('',(0.,0.,1.));
#109 = DIRECTION('',(1.,0.,-0.));
#110 = PLANE('',#111);
#111 = AXIS2_PLACEMENT_3D('',#112,#113,#114);
#112 = CARTESIAN_POINT('',(1.42108547152E-14,94.,0.));
#113 = DIRECTION('',(0.,0.,1.));
#114 = DIRECTION('',(1.,0.,-0.));
#115 = ADVANCED_FACE('',(#116),#134,.F.);
#116 = FACE_BOUND('',#117,.F.);
#117 = EDGE_LOOP('',(#118,#119,#120,#128));
#118 = ORIENTED_EDGE('',*,*,#40,.F.);
#119 = ORIENTED_EDGE('',*,*,#94,.T.);
#120 = ORIENTED_EDGE('',*,*,#121,.T.);
#121 = EDGE_CURVE('',#95,#122,#124,.T.);
#122 = VERTEX_POINT('',#123);
#123 = CARTESIAN_POINT('',(4.263256414561E-14,3.,3.));
#124 = LINE('',#125,#126);
#125 = CARTESIAN_POINT('',(2.84217094304E-14,3.,0.));
#126 = VECTOR('',#127,1.);
#127 = DIRECTION('',(0.,0.,1.));
#128 = ORIENTED_EDGE('',*,*,#129,.F.);
#129 = EDGE_CURVE('',#32,#122,#130,.T.);
#130 = LINE('',#131,#132);
#131 = CARTESIAN_POINT('',(4.263256414561E-14,-106.,3.));
#132 = VECTOR('',#133,1.);
#133 = DIRECTION('',(-6.123233995737E-17,1.,0.));
#134 = PLANE('',#135);
#135 = AXIS2_PLACEMENT_3D('',#136,#137,#138);
#136 = CARTESIAN_POINT('',(3.870379069815E-14,-306.,-400.));
#137 = DIRECTION('',(1.,6.123233995737E-17,0.));
#138 = DIRECTION('',(-6.123233995737E-17,1.,0.));
#139 = ADVANCED_FACE('',(#140,#166,#217,#268,#325,#376,#615,#666,#717),
  #774,.T.);
#140 = FACE_BOUND('',#141,.T.);
#141 = EDGE_LOOP('',(#142,#143,#151,#160));
#142 = ORIENTED_EDGE('',*,*,#31,.T.);
#143 = ORIENTED_EDGE('',*,*,#144,.T.);
#144 = EDGE_CURVE('',#24,#145,#147,.T.);
#145 = VERTEX_POINT('',#146);
#146 = CARTESIAN_POINT('',(94.,94.,35.));
#147 = LINE('',#148,#149);
#148 = CARTESIAN_POINT('',(94.,94.,0.));
#149 = VECTOR('',#150,1.);
#150 = DIRECTION('',(0.,0.,1.));
#151 = ORIENTED_EDGE('',*,*,#152,.F.);
#152 = EDGE_CURVE('',#153,#145,#155,.T.);
#153 = VERTEX_POINT('',#154);
#154 = CARTESIAN_POINT('',(0.,0.,35.));
#155 = CIRCLE('',#156,94.);
#156 = AXIS2_PLACEMENT_3D('',#157,#158,#159);
#157 = CARTESIAN_POINT('',(1.42108547152E-14,94.,35.));
#158 = DIRECTION('',(0.,0.,1.));
#159 = DIRECTION('',(1.,0.,-0.));
#160 = ORIENTED_EDGE('',*,*,#161,.F.);
#161 = EDGE_CURVE('',#32,#153,#162,.T.);
#162 = LINE('',#163,#164);
#163 = CARTESIAN_POINT('',(2.84217094304E-14,0.,0.));
#164 = VECTOR('',#165,1.);
#165 = DIRECTION('',(0.,0.,1.));
#166 = FACE_BOUND('',#167,.T.);
#167 = EDGE_LOOP('',(#168));
#168 = ORIENTED_EDGE('',*,*,#169,.F.);
#169 = EDGE_CURVE('',#170,#170,#172,.T.);
#170 = VERTEX_POINT('',#171);
#171 = CARTESIAN_POINT('',(20.531148662622,2.269569200874,7.));
#172 = B_SPLINE_CURVE_WITH_KNOTS('',7,(#173,#174,#175,#176,#177,#178,
    #179,#180,#181,#182,#183,#184,#185,#186,#187,#188,#189,#190,#191,
    #192,#193,#194,#195,#196,#197,#198,#199,#200,#201,#202,#203,#204,
    #205,#206,#207,#208,#209,#210,#211,#212,#213,#214,#215,#216),
  .UNSPECIFIED.,.T.,.F.,(8,6,6,6,6,6,6,8),(0.,0.152374620604,
    0.285747149123,0.422052183665,0.588263058232,0.71422661669,
    0.838102768335,1.),.UNSPECIFIED.);
#173 = CARTESIAN_POINT('',(20.531148662622,2.269569200874,7.));
#174 = CARTESIAN_POINT('',(20.531148662622,2.269569200874,6.808652840564
    ));
#175 = CARTESIAN_POINT('',(20.557204311865,2.275401012337,6.617361443813
    ));
#176 = CARTESIAN_POINT('',(20.609295729556,2.287060015581,6.428500620149
    ));
#177 = CARTESIAN_POINT('',(20.68815736307,2.30476014288,6.244764973991)
  );
#178 = CARTESIAN_POINT('',(20.794951909198,2.328858014329,6.069666057917
    ));
#179 = CARTESIAN_POINT('',(20.930971451029,2.35981538934,5.90805315741)
  );
#180 = CARTESIAN_POINT('',(21.242182765804,2.431490727363,5.643872399801
    ));
#181 = CARTESIAN_POINT('',(21.415186636434,2.471618550547,5.532369567669
    ));
#182 = CARTESIAN_POINT('',(21.612423678453,2.51780451239,5.445159281968)
  );
#183 = CARTESIAN_POINT('',(21.826740362869,2.56861568362,5.390858696676)
  );
#184 = CARTESIAN_POINT('',(22.048649550578,2.621974123873,5.374097482177
    ));
#185 = CARTESIAN_POINT('',(22.268098242012,2.675426681311,5.395264519336
    ));
#186 = CARTESIAN_POINT('',(22.688688369068,2.778997201951,5.506478721567
    ));
#187 = CARTESIAN_POINT('',(22.882179894861,2.827257264259,5.596140373056
    ));
#188 = CARTESIAN_POINT('',(23.053127067609,2.870381738693,5.711849743276
    ));
#189 = CARTESIAN_POINT('',(23.199931367945,2.907746606697,5.847309462186
    ));
#190 = CARTESIAN_POINT('',(23.322036972409,2.939029231799,5.996897586055
    ));
#191 = CARTESIAN_POINT('',(23.419737754674,2.964173082533,6.155553051835
    ));
#192 = CARTESIAN_POINT('',(23.584789478662,3.006777852383,6.517759930227
    ));
#193 = CARTESIAN_POINT('',(23.642156369343,3.021698389506,6.726548723817
    ));
#194 = CARTESIAN_POINT('',(23.667684681735,3.028364307581,6.940449632348
    ));
#195 = CARTESIAN_POINT('',(23.661717601859,3.02680804244,7.156008593684)
  );
#196 = CARTESIAN_POINT('',(23.623880305484,3.01693629864,7.369436046305)
  );
#197 = CARTESIAN_POINT('',(23.553473200614,2.998652006719,7.576302317034
    ));
#198 = CARTESIAN_POINT('',(23.371429843397,2.951755450807,7.918211159997
    ));
#199 = CARTESIAN_POINT('',(23.272720216954,2.92641085748,8.060742471402)
  );
#200 = CARTESIAN_POINT('',(23.153050184379,2.895828771068,8.194444663238
    ));
#201 = CARTESIAN_POINT('',(23.012389595982,2.860114401529,8.315032828753
    ));
#202 = CARTESIAN_POINT('',(22.851432926165,2.819591876524,8.417891353235
    ));
#203 = CARTESIAN_POINT('',(22.671716346835,2.774817833331,8.498009091606
    ));
#204 = CARTESIAN_POINT('',(22.283738267677,2.679278045138,8.6005998796)
  );
#205 = CARTESIAN_POINT('',(22.080857827069,2.62982045686,8.622721484227)
  );
#206 = CARTESIAN_POINT('',(21.874856679726,2.580192864433,8.612347788365
    ));
#207 = CARTESIAN_POINT('',(21.674109269769,2.532450595761,8.569355272489
    ));
#208 = CARTESIAN_POINT('',(21.486617198587,2.4883791778,8.497076033308)
  );
#209 = CARTESIAN_POINT('',(21.318784096169,2.449295846959,8.402151805956
    ));
#210 = CARTESIAN_POINT('',(20.985509684768,2.37224254003,8.153638857556)
  );
#211 = CARTESIAN_POINT('',(20.830612542864,2.336908657324,7.986509856757
    ));
#212 = CARTESIAN_POINT('',(20.709191020335,2.309482012897,7.802578455979
    ));
#213 = CARTESIAN_POINT('',(20.619678803569,2.289383837309,7.607997653333
    ));
#214 = CARTESIAN_POINT('',(20.560663699013,2.276175325118,7.407274493727
    ));
#215 = CARTESIAN_POINT('',(20.531148662622,2.269569200874,7.203648345753
    ));
#216 = CARTESIAN_POINT('',(20.531148662622,2.269569200874,7.));
#217 = FACE_BOUND('',#218,.T.);
#218 = EDGE_LOOP('',(#219));
#219 = ORIENTED_EDGE('',*,*,#220,.F.);
#220 = EDGE_CURVE('',#221,#221,#223,.T.);
#221 = VERTEX_POINT('',#222);
#222 = CARTESIAN_POINT('',(91.730430799126,73.468851337378,7.));
#223 = B_SPLINE_CURVE_WITH_KNOTS('',7,(#224,#225,#226,#227,#228,#229,
    #230,#231,#232,#233,#234,#235,#236,#237,#238,#239,#240,#241,#242,
    #243,#244,#245,#246,#247,#248,#249,#250,#251,#252,#253,#254,#255,
    #256,#257,#258,#259,#260,#261,#262,#263,#264,#265,#266,#267),
  .UNSPECIFIED.,.T.,.F.,(8,6,6,6,6,6,6,8),(0.,0.152374620681,
    0.285747148958,0.422052183526,0.588263058132,0.714226616585,
    0.8381027684,1.),.UNSPECIFIED.);
#224 = CARTESIAN_POINT('',(91.730430799126,73.468851337378,7.));
#225 = CARTESIAN_POINT('',(91.730430799126,73.468851337378,
    7.191347159436));
#226 = CARTESIAN_POINT('',(91.724598987662,73.442795688135,
    7.382638556187));
#227 = CARTESIAN_POINT('',(91.712939984419,73.390704270444,
    7.571499379851));
#228 = CARTESIAN_POINT('',(91.69523985712,73.311842636929,7.755235026009
    ));
#229 = CARTESIAN_POINT('',(91.671141985671,73.205048090802,
    7.930333942083));
#230 = CARTESIAN_POINT('',(91.64018461066,73.069028548971,8.09194684259)
  );
#231 = CARTESIAN_POINT('',(91.568509272714,72.757817234533,
    8.356127599913));
#232 = CARTESIAN_POINT('',(91.528381449383,72.584813363256,8.46763043276
    ));
#233 = CARTESIAN_POINT('',(91.482195487512,72.387576321138,8.55484071795
    ));
#234 = CARTESIAN_POINT('',(91.431384316469,72.173259637522,
    8.609141303072));
#235 = CARTESIAN_POINT('',(91.378025876227,71.951350449817,
    8.625902518074));
#236 = CARTESIAN_POINT('',(91.324573318586,71.73190175757,8.604735480554
    ));
#237 = CARTESIAN_POINT('',(91.221002798049,71.311311630932,
    8.493521278433));
#238 = CARTESIAN_POINT('',(91.172742735741,71.117820105139,
    8.403859626944));
#239 = CARTESIAN_POINT('',(91.129618261307,70.946872932391,
    8.288150256724));
#240 = CARTESIAN_POINT('',(91.092253393303,70.800068632055,
    8.152690537814));
#241 = CARTESIAN_POINT('',(91.060970768201,70.677963027591,
    8.003102413945));
#242 = CARTESIAN_POINT('',(91.035826917467,70.580262245326,
    7.844446948165));
#243 = CARTESIAN_POINT('',(90.993222147616,70.415210521334,
    7.482240069765));
#244 = CARTESIAN_POINT('',(90.978301610494,70.357843630656,
    7.273451276174));
#245 = CARTESIAN_POINT('',(90.971635692419,70.332315318267,
    7.059550367647));
#246 = CARTESIAN_POINT('',(90.973191957561,70.338282398143,6.84399140632
    ));
#247 = CARTESIAN_POINT('',(90.983063701359,70.376119694514,
    6.630563953706));
#248 = CARTESIAN_POINT('',(91.00134799328,70.446526799382,6.423697682976
    ));
#249 = CARTESIAN_POINT('',(91.048244549188,70.628570156585,
    6.081788840036));
#250 = CARTESIAN_POINT('',(91.073589142518,70.727279783038,
    5.939257528593));
#251 = CARTESIAN_POINT('',(91.104171228937,70.846949815641,
    5.805555336735));
#252 = CARTESIAN_POINT('',(91.139885598478,70.987610404044,
    5.684967171236));
#253 = CARTESIAN_POINT('',(91.180408123475,71.148567073832,
    5.582108646777));
#254 = CARTESIAN_POINT('',(91.225182166661,71.328283653131,
    5.501990908403));
#255 = CARTESIAN_POINT('',(91.320721954937,71.716261732627,5.39940012032
    ));
#256 = CARTESIAN_POINT('',(91.370179543065,71.919142172634,
    5.377278515948));
#257 = CARTESIAN_POINT('',(91.419807135507,72.125143320014,
    5.387652211472));
#258 = CARTESIAN_POINT('',(91.467549404304,72.325890730501,
    5.430644727447));
#259 = CARTESIAN_POINT('',(91.511620822256,72.513382801661,
    5.502923966981));
#260 = CARTESIAN_POINT('',(91.550704152981,72.681215903574,
    5.597848193853));
#261 = CARTESIAN_POINT('',(91.62775745997,73.014490315232,5.846361142444
    ));
#262 = CARTESIAN_POINT('',(91.663091342676,73.169387457136,
    6.013490143242));
#263 = CARTESIAN_POINT('',(91.690517987103,73.290808979666,
    6.197421544021));
#264 = CARTESIAN_POINT('',(91.710616162691,73.380321196431,
    6.392002346667));
#265 = CARTESIAN_POINT('',(91.723824674881,73.439336300987,
    6.592725506272));
#266 = CARTESIAN_POINT('',(91.730430799126,73.468851337378,
    6.796351654247));
#267 = CARTESIAN_POINT('',(91.730430799126,73.468851337378,7.));
#268 = FACE_BOUND('',#269,.T.);
#269 = EDGE_LOOP('',(#270));
#270 = ORIENTED_EDGE('',*,*,#271,.F.);
#271 = EDGE_CURVE('',#272,#272,#274,.T.);
#272 = VERTEX_POINT('',#273);
#273 = CARTESIAN_POINT('',(9.416499020468,0.472840595913,19.894416035191
    ));
#274 = B_SPLINE_CURVE_WITH_KNOTS('',7,(#275,#276,#277,#278,#279,#280,
    #281,#282,#283,#284,#285,#286,#287,#288,#289,#290,#291,#292,#293,
    #294,#295,#296,#297,#298,#299,#300,#301,#302,#303,#304,#305,#306,
    #307,#308,#309,#310,#311,#312,#313,#314,#315,#316,#317,#318,#319,
    #320,#321,#322,#323,#324),.UNSPECIFIED.,.T.,.F.,(8,6,6,6,6,6,6,6,8),
  (0.,0.138630283696,0.262696396096,0.408702735745,0.535909804816,
    0.644517201998,0.772771747342,0.882764339471,1.),.UNSPECIFIED.);
#275 = CARTESIAN_POINT('',(9.416499020468,0.472840595913,19.894416035191
    ));
#276 = CARTESIAN_POINT('',(9.642780476089,0.495623059518,19.896717294141
    ));
#277 = CARTESIAN_POINT('',(9.862290551152,0.518368519111,19.935775468069
    ));
#278 = CARTESIAN_POINT('',(10.068419017894,0.540345028137,
    20.007811745778));
#279 = CARTESIAN_POINT('',(10.255779095631,0.560825482859,
    20.107832400931));
#280 = CARTESIAN_POINT('',(10.420385471988,0.579178484236,
    20.229697980978));
#281 = CARTESIAN_POINT('',(10.559986871557,0.59496815384,20.366232053831
    ));
#282 = CARTESIAN_POINT('',(10.777083406527,0.61978195017,20.637469286265
    ));
#283 = CARTESIAN_POINT('',(10.86190350809,0.629609796669,20.773783556102
    ));
#284 = CARTESIAN_POINT('',(10.929636236573,0.637534951066,
    20.915840707771));
#285 = CARTESIAN_POINT('',(10.980901046525,0.643571791673,
    21.061819566511));
#286 = CARTESIAN_POINT('',(11.016190802074,0.647742048815,
    21.210313358775));
#287 = CARTESIAN_POINT('',(11.035793031082,0.650060055,21.360169119107)
  );
#288 = CARTESIAN_POINT('',(11.044320413591,0.651068521638,
    21.687067078247));
#289 = CARTESIAN_POINT('',(11.027241247554,0.649048980501,
    21.865520275225));
#290 = CARTESIAN_POINT('',(10.987882227646,0.644390229794,22.04321211617
    ));
#291 = CARTESIAN_POINT('',(10.925678200758,0.637053078514,
    22.217533784156));
#292 = CARTESIAN_POINT('',(10.840030589392,0.627030487932,
    22.385629296383));
#293 = CARTESIAN_POINT('',(10.730304275404,0.614354207623,
    22.544134083985));
#294 = CARTESIAN_POINT('',(10.478987469751,0.585843205351,
    22.814485437113));
#295 = CARTESIAN_POINT('',(10.340372300291,0.57029139421,22.932882245719
    ));
#296 = CARTESIAN_POINT('',(10.180807748773,0.552649573192,
    23.037011236243));
#297 = CARTESIAN_POINT('',(10.002713058748,0.53333779947,23.12104185878)
  );
#298 = CARTESIAN_POINT('',(9.809878565152,0.512915442933,23.180216829011
    ));
#299 = CARTESIAN_POINT('',(9.607122633298,0.491997519864,23.210956931741
    ));
#300 = CARTESIAN_POINT('',(9.223161949536,0.453408019188,23.210956931741
    ));
#301 = CARTESIAN_POINT('',(9.046282853077,0.436024965852,23.188549059188
    ));
#302 = CARTESIAN_POINT('',(8.872734643553,0.419370950236,23.143733256768
    ));
#303 = CARTESIAN_POINT('',(8.705852408158,0.403735469791,23.077155288937
    ));
#304 = CARTESIAN_POINT('',(8.548817755599,0.389349718476,22.990067600589
    ));
#305 = CARTESIAN_POINT('',(8.404532169748,0.376388536501,22.884292018402
    ));
#306 = CARTESIAN_POINT('',(8.123082972205,0.351514003702,22.617987205472
    ));
#307 = CARTESIAN_POINT('',(7.998477039314,0.340792961779,22.457211267056
    ));
#308 = CARTESIAN_POINT('',(7.900679280482,0.3325411206,22.285557453925)
  );
#309 = CARTESIAN_POINT('',(7.828435222701,0.326520425512,22.106879778764
    ));
#310 = CARTESIAN_POINT('',(7.780694079257,0.322567440187,21.923986958139
    ));
#311 = CARTESIAN_POINT('',(7.756822478911,0.320590816174,21.739072358225
    ));
#312 = CARTESIAN_POINT('',(7.756822478911,0.320590816174,21.395465703982
    ));
#313 = CARTESIAN_POINT('',(7.774380288525,0.32204463616,21.236933010239)
  );
#314 = CARTESIAN_POINT('',(7.809444631039,0.324948016256,21.079720739452
    ));
#315 = CARTESIAN_POINT('',(7.862326430707,0.329347622975,20.92515461454)
  );
#316 = CARTESIAN_POINT('',(7.933593719069,0.335331798018,20.774862136756
    ));
#317 = CARTESIAN_POINT('',(8.02396915841,0.343029336196,20.6309789322));
#318 = CARTESIAN_POINT('',(8.251619504467,0.36280293098,20.353084064249)
  );
#319 = CARTESIAN_POINT('',(8.394816792095,0.375414693927,20.216407664719
    ));
#320 = CARTESIAN_POINT('',(8.563583015418,0.390554750471,20.095062310986
    ));
#321 = CARTESIAN_POINT('',(8.755307815481,0.408183640771,19.996592729714
    ));
#322 = CARTESIAN_POINT('',(8.965505680588,0.428089603283,19.927297391837
    ));
#323 = CARTESIAN_POINT('',(9.188252591133,0.449860294876,19.892094792662
    ));
#324 = CARTESIAN_POINT('',(9.416499020468,0.472840595913,19.894416035191
    ));
#325 = FACE_BOUND('',#326,.T.);
#326 = EDGE_LOOP('',(#327));
#327 = ORIENTED_EDGE('',*,*,#328,.F.);
#328 = EDGE_CURVE('',#329,#329,#331,.T.);
#329 = VERTEX_POINT('',#330);
#330 = CARTESIAN_POINT('',(32.82377842638,5.917086958844,21.554100082442
    ));
#331 = B_SPLINE_CURVE_WITH_KNOTS('',7,(#332,#333,#334,#335,#336,#337,
    #338,#339,#340,#341,#342,#343,#344,#345,#346,#347,#348,#349,#350,
    #351,#352,#353,#354,#355,#356,#357,#358,#359,#360,#361,#362,#363,
    #364,#365,#366,#367,#368,#369,#370,#371,#372,#373,#374,#375),
  .UNSPECIFIED.,.T.,.F.,(8,6,6,6,6,6,6,8),(0.,0.153253087692,
    0.286284849147,0.422708360775,0.588472489166,0.714286940498,
    0.837651817035,1.),.UNSPECIFIED.);
#332 = CARTESIAN_POINT('',(32.82377842638,5.917086958844,21.554100082442
    ));
#333 = CARTESIAN_POINT('',(32.82377842638,5.917086958844,21.355900359171
    ));
#334 = CARTESIAN_POINT('',(32.849548499691,5.926690111127,
    21.157825510418));
#335 = CARTESIAN_POINT('',(32.901015594108,5.945868993309,
    20.962230251122));
#336 = CARTESIAN_POINT('',(32.978920958714,5.974954610818,
    20.771793457649));
#337 = CARTESIAN_POINT('',(33.084497194013,6.01451206914,20.590068471303
    ));
#338 = CARTESIAN_POINT('',(33.219157925727,6.065259701951,
    20.422073951289));
#339 = CARTESIAN_POINT('',(33.526644196806,6.182077618896,
    20.148236659802));
#340 = CARTESIAN_POINT('',(33.697281573778,6.247215288775,
    20.032494127403));
#341 = CARTESIAN_POINT('',(33.892179660282,6.322096587867,
    19.941651721691));
#342 = CARTESIAN_POINT('',(34.104182412414,6.404244425854,
    19.884945073897));
#343 = CARTESIAN_POINT('',(34.323756690145,6.490159657613,
    19.867350130754));
#344 = CARTESIAN_POINT('',(34.540840781623,6.575865514824,
    19.889318872953));
#345 = CARTESIAN_POINT('',(34.957330135127,6.741553009347,
    20.005181720565));
#346 = CARTESIAN_POINT('',(35.148621583216,6.818340383276,
    20.098801079958));
#347 = CARTESIAN_POINT('',(35.317091528438,6.886509584676,
    20.219309911833));
#348 = CARTESIAN_POINT('',(35.461413193463,6.945272452421,
    20.359988529831));
#349 = CARTESIAN_POINT('',(35.581272293557,6.994299922069,
    20.514963109352));
#350 = CARTESIAN_POINT('',(35.67713649203,7.033637750742,20.679060400726
    ));
#351 = CARTESIAN_POINT('',(35.838849418416,7.100137675654,21.05274430904
    ));
#352 = CARTESIAN_POINT('',(35.895712759734,7.123644593047,
    21.268922460665));
#353 = CARTESIAN_POINT('',(35.92130347144,7.134255649956,21.491382402135
    ));
#354 = CARTESIAN_POINT('',(35.915486069562,7.131845748066,
    21.715900526234));
#355 = CARTESIAN_POINT('',(35.877855474222,7.1162519715,21.937920415082)
  );
#356 = CARTESIAN_POINT('',(35.808138383843,7.087461942264,
    22.152204432664));
#357 = CARTESIAN_POINT('',(35.629550446196,7.014127155585,
    22.504805740421));
#358 = CARTESIAN_POINT('',(35.53261394282,6.974414573376,22.652046979387
    ));
#359 = CARTESIAN_POINT('',(35.4149945499,6.926388194187,22.790341208194)
  );
#360 = CARTESIAN_POINT('',(35.276546135306,6.870113566508,
    22.915262366976));
#361 = CARTESIAN_POINT('',(35.117820732081,6.805980010746,
    23.021990851663));
#362 = CARTESIAN_POINT('',(34.940207392454,6.734741252194,
    23.105233703246));
#363 = CARTESIAN_POINT('',(34.556493122444,6.582092317771,
    23.211616518195));
#364 = CARTESIAN_POINT('',(34.35597073632,6.502879152934,23.234520097899
    ));
#365 = CARTESIAN_POINT('',(34.152273815264,6.423069999025,
    23.223707591845));
#366 = CARTESIAN_POINT('',(33.953745215294,6.345976265505,
    23.179056545779));
#367 = CARTESIAN_POINT('',(33.768442644481,6.274594018802,
    23.104105542405));
#368 = CARTESIAN_POINT('',(33.602732613928,6.211164799192,
    23.005867511373));
#369 = CARTESIAN_POINT('',(33.272897800797,6.08552738962,22.748520044054
    ));
#370 = CARTESIAN_POINT('',(33.119450920131,6.027612211546,
    22.575013860145));
#371 = CARTESIAN_POINT('',(32.999411783378,5.982605604437,
    22.384326095857));
#372 = CARTESIAN_POINT('',(32.911063425906,5.949613133346,
    22.182861356759));
#373 = CARTESIAN_POINT('',(32.852875566288,5.927929967934,
    21.975238621917));
#374 = CARTESIAN_POINT('',(32.82377842638,5.917086958844,21.764699658175
    ));
#375 = CARTESIAN_POINT('',(32.82377842638,5.917086958844,21.554100082442
    ));
#376 = FACE_BOUND('',#377,.T.);
#377 = EDGE_LOOP('',(#378,#389,#397,#460,#523,#531,#540,#548,#609));
#378 = ORIENTED_EDGE('',*,*,#379,.F.);
#379 = EDGE_CURVE('',#380,#382,#384,.T.);
#380 = VERTEX_POINT('',#381);
#381 = CARTESIAN_POINT('',(38.389810130177,8.196605672218,
    12.751049078972));
#382 = VERTEX_POINT('',#383);
#383 = CARTESIAN_POINT('',(72.209370020704,33.818550356334,
    12.751049078972));
#384 = ELLIPSE('',#385,94.473554634366,94.);
#385 = AXIS2_PLACEMENT_3D('',#386,#387,#388);
#386 = CARTESIAN_POINT('',(1.42108547152E-14,94.,21.954659662667));
#387 = DIRECTION('',(6.038736503325E-02,-7.970800552228E-02,
    0.994987437107));
#388 = DIRECTION('',(-0.600846695681,0.793084641315,0.1));
#389 = ORIENTED_EDGE('',*,*,#390,.T.);
#390 = EDGE_CURVE('',#380,#391,#393,.T.);
#391 = VERTEX_POINT('',#392);
#392 = CARTESIAN_POINT('',(38.389810130177,8.196605672218,
    20.331010234143));
#393 = LINE('',#394,#395);
#394 = CARTESIAN_POINT('',(38.389810130177,8.196605672218,
    -1.777879557749E-16));
#395 = VECTOR('',#396,1.);
#396 = DIRECTION('',(0.,0.,1.));
#397 = ORIENTED_EDGE('',*,*,#398,.F.);
#398 = EDGE_CURVE('',#399,#391,#401,.T.);
#399 = VERTEX_POINT('',#400);
#400 = CARTESIAN_POINT('',(38.202275821847,8.112945550383,
    21.801069195272));
#401 = B_SPLINE_CURVE_WITH_KNOTS('',8,(#402,#403,#404,#405,#406,#407,
    #408,#409,#410,#411,#412,#413,#414,#415,#416,#417,#418,#419,#420,
    #421,#422,#423,#424,#425,#426,#427,#428,#429,#430,#431,#432,#433,
    #434,#435,#436,#437,#438,#439,#440,#441,#442,#443,#444,#445,#446,
    #447,#448,#449,#450,#451,#452,#453,#454,#455,#456,#457,#458,#459),
  .UNSPECIFIED.,.T.,.F.,(9,7,7,7,7,7,7,7,9),(0.,0.144042897639,
    0.260309104688,0.380788857645,0.504320961985,0.628109379863,
    0.731237272106,0.839569620558,1.),.UNSPECIFIED.);
#402 = CARTESIAN_POINT('',(38.202275821847,8.112945550383,
    21.801069195272));
#403 = CARTESIAN_POINT('',(38.202275821847,8.112945550383,
    21.265444901576));
#404 = CARTESIAN_POINT('',(38.258529521337,8.137967115455,
    20.731246050263));
#405 = CARTESIAN_POINT('',(38.36999324697,8.187545409941,20.202145118252
    ));
#406 = CARTESIAN_POINT('',(38.536840963945,8.262006396629,
    19.681851367915));
#407 = CARTESIAN_POINT('',(38.760137576933,8.362293769046,
    19.174890451797));
#408 = CARTESIAN_POINT('',(39.041582841751,8.489907358309,
    18.687141224844));
#409 = CARTESIAN_POINT('',(39.383152343087,8.646819214733,
    18.226552754217));
#410 = CARTESIAN_POINT('',(40.111998928073,8.987314799543,
    17.463770187428));
#411 = CARTESIAN_POINT('',(40.484919174917,9.163264671174,
    17.140667157612));
#412 = CARTESIAN_POINT('',(40.903467981947,9.363157976187,
    16.849020382778));
#413 = CARTESIAN_POINT('',(41.36341507256,9.586057311894,16.601395742201
    ));
#414 = CARTESIAN_POINT('',(41.858369365975,9.830018089813,
    16.408990778943));
#415 = CARTESIAN_POINT('',(42.380238765687,10.092067872918,
    16.281524433933));
#416 = CARTESIAN_POINT('',(42.91962682105,10.368156255694,
    16.227139088892));
#417 = CARTESIAN_POINT('',(44.03208863235,10.948312229224,
    16.278511693612));
#418 = CARTESIAN_POINT('',(44.576803062003,11.23797436909,
    16.388811593239));
#419 = CARTESIAN_POINT('',(45.08951454269,11.515875463325,
    16.575391520233));
#420 = CARTESIAN_POINT('',(45.561703934235,11.77634579805,
    16.828535400914));
#421 = CARTESIAN_POINT('',(45.986886191814,12.014450839805,
    17.13670617491));
#422 = CARTESIAN_POINT('',(46.360816822393,12.226427663171,
    17.486672539538));
#423 = CARTESIAN_POINT('',(46.681791965752,12.410130607725,
    17.863666569378));
#424 = CARTESIAN_POINT('',(47.226817151229,12.724362928671,
    18.649149089024));
#425 = CARTESIAN_POINT('',(47.455543535579,12.857657951101,
    19.068769489322));
#426 = CARTESIAN_POINT('',(47.639858416775,12.965929946646,
    19.503612037065));
#427 = CARTESIAN_POINT('',(47.78226158321,13.050048584377,
    19.948796237199));
#428 = CARTESIAN_POINT('',(47.884774770337,13.110815021402,
    20.400682884854));
#429 = CARTESIAN_POINT('',(47.948827021851,13.148841210426,
    20.85648817725));
#430 = CARTESIAN_POINT('',(47.975162417591,13.164463456709,
    21.313972236182));
#431 = CARTESIAN_POINT('',(47.952239637042,13.150863382693,
    22.229056009223));
#432 = CARTESIAN_POINT('',(47.902843824527,13.121559418397,
    22.685882533719));
#433 = CARTESIAN_POINT('',(47.81568533586,13.069882355106,
    23.139272522988));
#434 = CARTESIAN_POINT('',(47.690178931392,12.995648953209,
    23.58684470406));
#435 = CARTESIAN_POINT('',(47.525131045326,12.898446948425,24.0257145294
    ));
#436 = CARTESIAN_POINT('',(47.318837682771,12.777722311746,
    24.452211438483));
#437 = CARTESIAN_POINT('',(47.069208175938,12.63289679203,
    24.861527023559));
#438 = CARTESIAN_POINT('',(46.528025138152,12.322443243611,
    25.568391129008));
#439 = CARTESIAN_POINT('',(46.24794387785,12.162899560368,
    25.876430161503));
#440 = CARTESIAN_POINT('',(45.933287692401,11.985188134567,
    26.164315703782));
#441 = CARTESIAN_POINT('',(45.584496143937,11.790209452819,
    26.425142107791));
#442 = CARTESIAN_POINT('',(45.202857585655,11.579426046852,
    26.652069848784));
#443 = CARTESIAN_POINT('',(44.790547081296,11.354817327163,
    26.838320788606));
#444 = CARTESIAN_POINT('',(44.35074108486,11.118845267375,
    26.977137070958));
#445 = CARTESIAN_POINT('',(43.401514321649,10.617681988268,
    27.150537966472));
#446 = CARTESIAN_POINT('',(42.901451623157,10.357822058794,
    27.177361036514));
#447 = CARTESIAN_POINT('',(42.398745557982,10.101081585808,
    27.138622290143));
#448 = CARTESIAN_POINT('',(41.905208849893,9.853542364224,
    27.034934065207));
#449 = CARTESIAN_POINT('',(41.432506825992,9.620559372142,
    26.870876859615));
#450 = CARTESIAN_POINT('',(40.991115880758,9.40639437926,26.654787069788
    ));
#451 = CARTESIAN_POINT('',(40.589336547161,9.214025087789,
    26.398574948535));
#452 = CARTESIAN_POINT('',(39.704360045568,8.794921276952,
    25.701552493667));
#453 = CARTESIAN_POINT('',(39.260116876257,8.589134404302,
    25.219555415058));
#454 = CARTESIAN_POINT('',(38.898313240204,8.424371575332,
    24.693384376767));
#455 = CARTESIAN_POINT('',(38.615305549208,8.297019645423,
    24.137895195254));
#456 = CARTESIAN_POINT('',(38.407125567862,8.204062539652,
    23.563881277307));
#457 = CARTESIAN_POINT('',(38.270279971111,8.143193467292,
    22.979275075405));
#458 = CARTESIAN_POINT('',(38.202275821847,8.112945550383,
    22.389981954517));
#459 = CARTESIAN_POINT('',(38.202275821847,8.112945550383,
    21.801069195272));
#460 = ORIENTED_EDGE('',*,*,#461,.F.);
#461 = EDGE_CURVE('',#462,#399,#464,.T.);
#462 = VERTEX_POINT('',#463);
#463 = CARTESIAN_POINT('',(38.389810130177,8.196605672218,
    23.261768598468));
#464 = B_SPLINE_CURVE_WITH_KNOTS('',8,(#465,#466,#467,#468,#469,#470,
    #471,#472,#473,#474,#475,#476,#477,#478,#479,#480,#481,#482,#483,
    #484,#485,#486,#487,#488,#489,#490,#491,#492,#493,#494,#495,#496,
    #497,#498,#499,#500,#501,#502,#503,#504,#505,#506,#507,#508,#509,
    #510,#511,#512,#513,#514,#515,#516,#517,#518,#519,#520,#521,#522),
  .UNSPECIFIED.,.T.,.F.,(9,7,7,7,7,7,7,7,9),(0.,0.144042897639,
    0.260309104688,0.380788857645,0.504320961985,0.628109379863,
    0.731237272106,0.839569620558,1.),.UNSPECIFIED.);
#465 = CARTESIAN_POINT('',(38.202275821847,8.112945550383,
    21.801069195272));
#466 = CARTESIAN_POINT('',(38.202275821847,8.112945550383,
    21.265444901576));
#467 = CARTESIAN_POINT('',(38.258529521337,8.137967115455,
    20.731246050263));
#468 = CARTESIAN_POINT('',(38.36999324697,8.187545409941,20.202145118252
    ));
#469 = CARTESIAN_POINT('',(38.536840963945,8.262006396629,
    19.681851367915));
#470 = CARTESIAN_POINT('',(38.760137576933,8.362293769046,
    19.174890451797));
#471 = CARTESIAN_POINT('',(39.041582841751,8.489907358309,
    18.687141224844));
#472 = CARTESIAN_POINT('',(39.383152343087,8.646819214733,
    18.226552754217));
#473 = CARTESIAN_POINT('',(40.111998928073,8.987314799543,
    17.463770187428));
#474 = CARTESIAN_POINT('',(40.484919174917,9.163264671174,
    17.140667157612));
#475 = CARTESIAN_POINT('',(40.903467981947,9.363157976187,
    16.849020382778));
#476 = CARTESIAN_POINT('',(41.36341507256,9.586057311894,16.601395742201
    ));
#477 = CARTESIAN_POINT('',(41.858369365975,9.830018089813,
    16.408990778943));
#478 = CARTESIAN_POINT('',(42.380238765687,10.092067872918,
    16.281524433933));
#479 = CARTESIAN_POINT('',(42.91962682105,10.368156255694,
    16.227139088892));
#480 = CARTESIAN_POINT('',(44.03208863235,10.948312229224,
    16.278511693612));
#481 = CARTESIAN_POINT('',(44.576803062003,11.23797436909,
    16.388811593239));
#482 = CARTESIAN_POINT('',(45.08951454269,11.515875463325,
    16.575391520233));
#483 = CARTESIAN_POINT('',(45.561703934235,11.77634579805,
    16.828535400914));
#484 = CARTESIAN_POINT('',(45.986886191814,12.014450839805,
    17.13670617491));
#485 = CARTESIAN_POINT('',(46.360816822393,12.226427663171,
    17.486672539538));
#486 = CARTESIAN_POINT('',(46.681791965752,12.410130607725,
    17.863666569378));
#487 = CARTESIAN_POINT('',(47.226817151229,12.724362928671,
    18.649149089024));
#488 = CARTESIAN_POINT('',(47.455543535579,12.857657951101,
    19.068769489322));
#489 = CARTESIAN_POINT('',(47.639858416775,12.965929946646,
    19.503612037065));
#490 = CARTESIAN_POINT('',(47.78226158321,13.050048584377,
    19.948796237199));
#491 = CARTESIAN_POINT('',(47.884774770337,13.110815021402,
    20.400682884854));
#492 = CARTESIAN_POINT('',(47.948827021851,13.148841210426,
    20.85648817725));
#493 = CARTESIAN_POINT('',(47.975162417591,13.164463456709,
    21.313972236182));
#494 = CARTESIAN_POINT('',(47.952239637042,13.150863382693,
    22.229056009223));
#495 = CARTESIAN_POINT('',(47.902843824527,13.121559418397,
    22.685882533719));
#496 = CARTESIAN_POINT('',(47.81568533586,13.069882355106,
    23.139272522988));
#497 = CARTESIAN_POINT('',(47.690178931392,12.995648953209,
    23.58684470406));
#498 = CARTESIAN_POINT('',(47.525131045326,12.898446948425,24.0257145294
    ));
#499 = CARTESIAN_POINT('',(47.318837682771,12.777722311746,
    24.452211438483));
#500 = CARTESIAN_POINT('',(47.069208175938,12.63289679203,
    24.861527023559));
#501 = CARTESIAN_POINT('',(46.528025138152,12.322443243611,
    25.568391129008));
#502 = CARTESIAN_POINT('',(46.24794387785,12.162899560368,
    25.876430161503));
#503 = CARTESIAN_POINT('',(45.933287692401,11.985188134567,
    26.164315703782));
#504 = CARTESIAN_POINT('',(45.584496143937,11.790209452819,
    26.425142107791));
#505 = CARTESIAN_POINT('',(45.202857585655,11.579426046852,
    26.652069848784));
#506 = CARTESIAN_POINT('',(44.790547081296,11.354817327163,
    26.838320788606));
#507 = CARTESIAN_POINT('',(44.35074108486,11.118845267375,
    26.977137070958));
#508 = CARTESIAN_POINT('',(43.401514321649,10.617681988268,
    27.150537966472));
#509 = CARTESIAN_POINT('',(42.901451623157,10.357822058794,
    27.177361036514));
#510 = CARTESIAN_POINT('',(42.398745557982,10.101081585808,
    27.138622290143));
#511 = CARTESIAN_POINT('',(41.905208849893,9.853542364224,
    27.034934065207));
#512 = CARTESIAN_POINT('',(41.432506825992,9.620559372142,
    26.870876859615));
#513 = CARTESIAN_POINT('',(40.991115880758,9.40639437926,26.654787069788
    ));
#514 = CARTESIAN_POINT('',(40.589336547161,9.214025087789,
    26.398574948535));
#515 = CARTESIAN_POINT('',(39.704360045568,8.794921276952,
    25.701552493667));
#516 = CARTESIAN_POINT('',(39.260116876257,8.589134404302,
    25.219555415058));
#517 = CARTESIAN_POINT('',(38.898313240204,8.424371575332,
    24.693384376767));
#518 = CARTESIAN_POINT('',(38.615305549208,8.297019645423,
    24.137895195254));
#519 = CARTESIAN_POINT('',(38.407125567862,8.204062539652,
    23.563881277307));
#520 = CARTESIAN_POINT('',(38.270279971111,8.143193467292,
    22.979275075405));
#521 = CARTESIAN_POINT('',(38.202275821847,8.112945550383,
    22.389981954517));
#522 = CARTESIAN_POINT('',(38.202275821847,8.112945550383,
    21.801069195272));
#523 = ORIENTED_EDGE('',*,*,#524,.T.);
#524 = EDGE_CURVE('',#462,#525,#527,.T.);
#525 = VERTEX_POINT('',#526);
#526 = CARTESIAN_POINT('',(38.389810130177,8.196605672218,
    30.841729753638));
#527 = LINE('',#528,#529);
#528 = CARTESIAN_POINT('',(38.389810130177,8.196605672218,
    -1.777879557749E-16));
#529 = VECTOR('',#530,1.);
#530 = DIRECTION('',(0.,0.,1.));
#531 = ORIENTED_EDGE('',*,*,#532,.T.);
#532 = EDGE_CURVE('',#525,#533,#535,.T.);
#533 = VERTEX_POINT('',#534);
#534 = CARTESIAN_POINT('',(72.209370020704,33.818550356334,
    30.841729753638));
#535 = ELLIPSE('',#536,94.473554634366,94.);
#536 = AXIS2_PLACEMENT_3D('',#537,#538,#539);
#537 = CARTESIAN_POINT('',(1.42108547152E-14,94.,40.045340337333));
#538 = DIRECTION('',(6.038736503325E-02,-7.970800552228E-02,
    0.994987437107));
#539 = DIRECTION('',(-0.600846695681,0.793084641315,0.1));
#540 = ORIENTED_EDGE('',*,*,#541,.F.);
#541 = EDGE_CURVE('',#542,#533,#544,.T.);
#542 = VERTEX_POINT('',#543);
#543 = CARTESIAN_POINT('',(72.209370020704,33.818550356334,
    23.261768598465));
#544 = LINE('',#545,#546);
#545 = CARTESIAN_POINT('',(72.209370020704,33.818550356334,
    1.777879557749E-16));
#546 = VECTOR('',#547,1.);
#547 = DIRECTION('',(0.,0.,1.));
#548 = ORIENTED_EDGE('',*,*,#549,.F.);
#549 = EDGE_CURVE('',#550,#542,#552,.T.);
#550 = VERTEX_POINT('',#551);
#551 = CARTESIAN_POINT('',(72.209370020704,33.818550356334,
    20.331010234145));
#552 = B_SPLINE_CURVE_WITH_KNOTS('',7,(#553,#554,#555,#556,#557,#558,
    #559,#560,#561,#562,#563,#564,#565,#566,#567,#568,#569,#570,#571,
    #572,#573,#574,#575,#576,#577,#578,#579,#580,#581,#582,#583,#584,
    #585,#586,#587,#588,#589,#590,#591,#592,#593,#594,#595,#596,#597,
    #598,#599,#600,#601,#602,#603,#604,#605,#606,#607,#608),
  .UNSPECIFIED.,.T.,.F.,(8,6,6,6,6,6,6,6,6,8),(0.,0.118556442046,
    0.239412243515,0.356041346886,0.484509884318,0.618290550049,
    0.709289878481,0.795456928675,0.890378319814,1.),.UNSPECIFIED.);
#553 = CARTESIAN_POINT('',(64.84042715965,25.943266271778,
    21.612736700676));
#554 = CARTESIAN_POINT('',(64.84042715965,25.943266271778,
    21.112843939429));
#555 = CARTESIAN_POINT('',(64.87926640612,25.980270028054,20.61320874341
    ));
#556 = CARTESIAN_POINT('',(64.957048119579,26.054375729277,
    20.116749350511));
#557 = CARTESIAN_POINT('',(65.074783006865,26.166813235456,
    19.62682312837));
#558 = CARTESIAN_POINT('',(65.234194280205,26.319759902272,
    19.147881407294));
#559 = CARTESIAN_POINT('',(65.437405055158,26.51617011668,
    18.686294745594));
#560 = CARTESIAN_POINT('',(65.940455685387,27.007594983409,
    17.808262505373));
#561 = CARTESIAN_POINT('',(66.249765421137,27.311943046036,
    17.379475884258));
#562 = CARTESIAN_POINT('',(66.61448474622,27.674357148111,
    16.991044349302));
#563 = CARTESIAN_POINT('',(67.029549934514,28.092270751252,
    16.666026452526));
#564 = CARTESIAN_POINT('',(67.485613254418,28.559214805331,
    16.424333299743));
#565 = CARTESIAN_POINT('',(67.970673656555,29.065263604213,
    16.282246473726));
#566 = CARTESIAN_POINT('',(68.95308865633,30.109723431089,16.22353492563
    ));
#567 = CARTESIAN_POINT('',(69.421718169262,30.61693242232,
    16.300854271622));
#568 = CARTESIAN_POINT('',(69.863904547417,31.104382923879,
    16.473872678499));
#569 = CARTESIAN_POINT('',(70.269914599116,31.559684328136,
    16.728918808564));
#570 = CARTESIAN_POINT('',(70.632765625953,31.972469072616,
    17.049189681009));
#571 = CARTESIAN_POINT('',(70.948524023231,32.335783770108,
    17.41509957097));
#572 = CARTESIAN_POINT('',(71.511773773925,32.989584421929,
    18.233355279621));
#573 = CARTESIAN_POINT('',(71.757397388949,33.278586430396,
    18.702786333444));
#574 = CARTESIAN_POINT('',(71.956293494708,33.514976281198,
    19.199966665013));
#575 = CARTESIAN_POINT('',(72.111226078055,33.700392484479,
    19.716390439293));
#576 = CARTESIAN_POINT('',(72.224188531323,33.836164603391,
    20.245888764334));
#577 = CARTESIAN_POINT('',(72.296246447981,33.922923747068,
    20.78388725547));
#578 = CARTESIAN_POINT('',(72.359339634316,33.998929118698,
    21.891118962008));
#579 = CARTESIAN_POINT('',(72.346838176325,33.983918626715,
    22.459613638505));
#580 = CARTESIAN_POINT('',(72.289670319058,33.914903016111,
    23.026753357793));
#581 = CARTESIAN_POINT('',(72.186443807135,33.79047253043,
    23.587350659095));
#582 = CARTESIAN_POINT('',(72.034646706186,33.608364288974,
    24.134747751865));
#583 = CARTESIAN_POINT('',(71.83070841871,33.365764433834,
    24.660033295107));
#584 = CARTESIAN_POINT('',(71.393374009937,32.852140425499,
    25.482757723994));
#585 = CARTESIAN_POINT('',(71.189114161222,32.613676738213,
    25.801485403477));
#586 = CARTESIAN_POINT('',(70.956891038262,32.344569881677,
    26.099018690777));
#587 = CARTESIAN_POINT('',(70.696590368611,32.045644133231,
    26.368280785614));
#588 = CARTESIAN_POINT('',(70.408746872079,31.718636367988,
    26.601984894636));
#589 = CARTESIAN_POINT('',(70.094683137309,31.366226941946,
    26.792580883632));
#590 = CARTESIAN_POINT('',(69.436814125988,30.637892220314,
    27.064277103496));
#591 = CARTESIAN_POINT('',(69.097790433117,30.26677359484,
    27.149698213605));
#592 = CARTESIAN_POINT('',(68.746816098624,29.88745010292,
    27.180973363645));
#593 = CARTESIAN_POINT('',(68.392298516534,29.509503670444,
    27.15521530531));
#594 = CARTESIAN_POINT('',(68.043194630928,29.14229485304,
    27.074027455608));
#595 = CARTESIAN_POINT('',(67.708165390625,28.794121240199,
    26.943466291946));
#596 = CARTESIAN_POINT('',(67.049244767956,28.116434122391,
    26.587342649728));
#597 = CARTESIAN_POINT('',(66.729009440566,27.79144877732,
    26.352970412002));
#598 = CARTESIAN_POINT('',(66.436110470883,27.497703358949,
    26.080112443835));
#599 = CARTESIAN_POINT('',(66.171695819478,27.235164134143,
    25.776581700373));
#600 = CARTESIAN_POINT('',(65.93617132976,27.003236463266,
    25.449166137802));
#601 = CARTESIAN_POINT('',(65.729400621275,26.800982195678,
    25.10382846537));
#602 = CARTESIAN_POINT('',(65.344522841362,26.426512902464,
    24.332279454886));
#603 = CARTESIAN_POINT('',(65.174823570307,26.262837346497,
    23.899840706673));
#604 = CARTESIAN_POINT('',(65.040489397853,26.134070422746,
    23.454288513546));
#605 = CARTESIAN_POINT('',(64.940423856499,26.03853770456,
    22.999823814296));
#606 = CARTESIAN_POINT('',(64.873842676352,25.975102397796,
    22.539635994675));
#607 = CARTESIAN_POINT('',(64.84042715965,25.943266271778,
    22.076411321514));
#608 = CARTESIAN_POINT('',(64.84042715965,25.943266271778,
    21.612736700676));
#609 = ORIENTED_EDGE('',*,*,#610,.F.);
#610 = EDGE_CURVE('',#382,#550,#611,.T.);
#611 = LINE('',#612,#613);
#612 = CARTESIAN_POINT('',(72.209370020704,33.818550356334,
    1.777879557749E-16));
#613 = VECTOR('',#614,1.);
#614 = DIRECTION('',(0.,0.,1.));
#615 = FACE_BOUND('',#616,.T.);
#616 = EDGE_LOOP('',(#617));
#617 = ORIENTED_EDGE('',*,*,#618,.F.);
#618 = EDGE_CURVE('',#619,#619,#621,.T.);
#619 = VERTEX_POINT('',#620);
#620 = CARTESIAN_POINT('',(75.910373003187,38.559804559173,
    21.554100082442));
#621 = B_SPLINE_CURVE_WITH_KNOTS('',7,(#622,#623,#624,#625,#626,#627,
    #628,#629,#630,#631,#632,#633,#634,#635,#636,#637,#638,#639,#640,
    #641,#642,#643,#644,#645,#646,#647,#648,#649,#650,#651,#652,#653,
    #654,#655,#656,#657,#658,#659,#660,#661,#662,#663,#664,#665),
  .UNSPECIFIED.,.T.,.F.,(8,6,6,6,6,6,6,8),(0.,0.152714438841,
    0.285439885268,0.421472855298,0.588718088149,0.714465741594,
    0.837670590794,1.),.UNSPECIFIED.);
#622 = CARTESIAN_POINT('',(75.910373003187,38.559804559173,
    21.554100082442));
#623 = CARTESIAN_POINT('',(75.910373003187,38.559804559173,
    21.752013162619));
#624 = CARTESIAN_POINT('',(75.894199936769,38.537659957739,
    21.94984780194));
#625 = CARTESIAN_POINT('',(75.861857753089,38.493375841761,
    22.145241411535));
#626 = CARTESIAN_POINT('',(75.812797249281,38.426286778992,
    22.335484352315));
#627 = CARTESIAN_POINT('',(75.746126572358,38.335339896139,
    22.51698687145));
#628 = CARTESIAN_POINT('',(75.660775098317,38.219374752142,
    22.684706819532));
#629 = CARTESIAN_POINT('',(75.464862320336,37.954679033995,
    22.95812144669));
#630 = CARTESIAN_POINT('',(75.355883112512,37.807927827082,
    23.073498716286));
#631 = CARTESIAN_POINT('',(75.231025806437,37.640552341567,
    23.16394053959));
#632 = CARTESIAN_POINT('',(75.094592468522,37.458742973274,
    23.220348479538));
#633 = CARTESIAN_POINT('',(74.952516148505,37.270707377693,
    23.237818041608));
#634 = CARTESIAN_POINT('',(74.811336562394,37.085038599961,
    23.215919389934));
#635 = CARTESIAN_POINT('',(74.539353847897,36.729273573838,
    23.100556906128));
#636 = CARTESIAN_POINT('',(74.413694433909,36.565955631776,
    23.007359670751));
#637 = CARTESIAN_POINT('',(74.302425785677,36.422167611956,
    22.887271800825));
#638 = CARTESIAN_POINT('',(74.206718648795,36.299043499928,
    22.746942397249));
#639 = CARTESIAN_POINT('',(74.127016842839,36.196849789724,
    22.59223313875));
#640 = CARTESIAN_POINT('',(74.063172871402,36.115177679482,
    22.428356148634));
#641 = CARTESIAN_POINT('',(73.954686837195,35.976610638543,
    22.052817334872));
#642 = CARTESIAN_POINT('',(73.917052963795,35.928731252043,
    21.836191387728));
#643 = CARTESIAN_POINT('',(73.900458473057,35.907660489065,
    21.614971679564));
#644 = CARTESIAN_POINT('',(73.904455847592,35.912738399969,
    21.392441019544));
#645 = CARTESIAN_POINT('',(73.92919552497,35.944166699074,
    21.171984284376));
#646 = CARTESIAN_POINT('',(73.975272096103,36.002832919826,
    20.957524863869));
#647 = CARTESIAN_POINT('',(74.094827349872,36.155696071164,
    20.602488469795));
#648 = CARTESIAN_POINT('',(74.159260974572,36.238220569574,
    20.45502781512));
#649 = CARTESIAN_POINT('',(74.237271797772,36.338373832789,
    20.31646918968));
#650 = CARTESIAN_POINT('',(74.328857604672,36.456341150123,
    20.191215888889));
#651 = CARTESIAN_POINT('',(74.433528987589,36.59174076099,
    20.084103112401));
#652 = CARTESIAN_POINT('',(74.550226864604,36.743495944844,
    20.000483545943));
#653 = CARTESIAN_POINT('',(74.801246828371,37.071840796215,
    19.893649832753));
#654 = CARTESIAN_POINT('',(74.931848911851,37.243529117404,
    19.870660449928));
#655 = CARTESIAN_POINT('',(75.063877187425,37.418104445215,
    19.881551944008));
#656 = CARTESIAN_POINT('',(75.191867803143,37.588407860079,
    19.926439663469));
#657 = CARTESIAN_POINT('',(75.310736205843,37.747466538232,
    20.00172968895));
#658 = CARTESIAN_POINT('',(75.416580475082,37.889728766611,
    20.10029512281));
#659 = CARTESIAN_POINT('',(75.626599587805,38.172966947306,
    20.358121847842));
#660 = CARTESIAN_POINT('',(75.723833091692,38.304936505667,
    20.531951384893));
#661 = CARTESIAN_POINT('',(75.799628957966,38.408281606701,
    20.722895669284));
#662 = CARTESIAN_POINT('',(75.855324027346,38.484429440953,
    20.924565858527));
#663 = CARTESIAN_POINT('',(75.892002070922,38.534650632226,
    21.132387731964));
#664 = CARTESIAN_POINT('',(75.910373003187,38.559804559173,
    21.343173794311));
#665 = CARTESIAN_POINT('',(75.910373003187,38.559804559173,
    21.554100082442));
#666 = FACE_BOUND('',#667,.T.);
#667 = EDGE_LOOP('',(#668));
#668 = ORIENTED_EDGE('',*,*,#669,.F.);
#669 = EDGE_CURVE('',#670,#670,#672,.T.);
#670 = VERTEX_POINT('',#671);
#671 = CARTESIAN_POINT('',(88.082913041156,61.17622157362,
    21.554100082442));
#672 = B_SPLINE_CURVE_WITH_KNOTS('',7,(#673,#674,#675,#676,#677,#678,
    #679,#680,#681,#682,#683,#684,#685,#686,#687,#688,#689,#690,#691,
    #692,#693,#694,#695,#696,#697,#698,#699,#700,#701,#702,#703,#704,
    #705,#706,#707,#708,#709,#710,#711,#712,#713,#714,#715,#716),
  .UNSPECIFIED.,.T.,.F.,(8,6,6,6,6,6,6,8),(0.,0.152714438255,
    0.285439884514,0.42147285407,0.588718089539,0.714465742594,
    0.83767059123,1.),.UNSPECIFIED.);
#673 = CARTESIAN_POINT('',(88.082913041156,61.176221573619,
    21.554100082442));
#674 = CARTESIAN_POINT('',(88.082913041156,61.176221573619,
    21.752013162619));
#675 = CARTESIAN_POINT('',(88.073337645295,61.15052598559,21.94984780194
    ));
#676 = CARTESIAN_POINT('',(88.054189278429,61.099140775466,
    22.145241411535));
#677 = CARTESIAN_POINT('',(88.02511935342,61.021276696218,
    22.335484352314));
#678 = CARTESIAN_POINT('',(87.985554293626,60.915678776232,
    22.516986871451));
#679 = CARTESIAN_POINT('',(87.934777540387,60.780940102965,
    22.684706819532));
#680 = CARTESIAN_POINT('',(87.817823979197,60.473096791253,
    22.958121447018));
#681 = CARTESIAN_POINT('',(87.752634448433,60.30232586495,
    23.073498715795));
#682 = CARTESIAN_POINT('',(87.677741968283,60.107402761135,
    23.163940539683));
#683 = CARTESIAN_POINT('',(87.595612439961,59.895451249945,
    23.220348479827));
#684 = CARTESIAN_POINT('',(87.50973584817,59.675978525212,
    23.237818041319));
#685 = CARTESIAN_POINT('',(87.424081882502,59.459026990812,
    23.21591939006));
#686 = CARTESIAN_POINT('',(87.258548001368,59.042923775932,
    23.100556906128));
#687 = CARTESIAN_POINT('',(87.181785086528,58.851689643444,
    23.007359670751));
#688 = CARTESIAN_POINT('',(87.11358952154,58.683151601332,
    22.887271800825));
#689 = CARTESIAN_POINT('',(87.054781410037,58.538718194412,
    22.746942397248));
#690 = CARTESIAN_POINT('',(87.005715871583,58.418766098915,
    22.59223313875));
#691 = CARTESIAN_POINT('',(86.96636156734,58.322861849698,
    22.428356148634));
#692 = CARTESIAN_POINT('',(86.899431565053,58.16010307144,
    22.052817330909));
#693 = CARTESIAN_POINT('',(86.87616218604,58.103824484023,
    21.836191403289));
#694 = CARTESIAN_POINT('',(86.865890435777,58.079048576335,
    21.614971651516));
#695 = CARTESIAN_POINT('',(86.868364138236,58.085018915948,
    21.392441047457));
#696 = CARTESIAN_POINT('',(86.883673519099,58.121970412813,
    21.171984269049));
#697 = CARTESIAN_POINT('',(86.912150733064,58.190918386927,
    20.957524867722));
#698 = CARTESIAN_POINT('',(86.985867180912,58.370435761805,
    20.602488469756));
#699 = CARTESIAN_POINT('',(87.025558408755,58.467320183976,
    20.455027815126));
#700 = CARTESIAN_POINT('',(87.07354838103,58.584850295954,
    20.316469189711));
#701 = CARTESIAN_POINT('',(87.12978481277,58.723203871,20.191215888902)
  );
#702 = CARTESIAN_POINT('',(87.193899897628,58.881880929611,
    20.084103112387));
#703 = CARTESIAN_POINT('',(87.265165527267,59.059558278683,
    20.000483545932));
#704 = CARTESIAN_POINT('',(87.41794107713,59.443590822458,
    19.893649832841));
#705 = CARTESIAN_POINT('',(87.497196520665,59.644220727508,
    19.870660449734));
#706 = CARTESIAN_POINT('',(87.577043482713,59.848015902324,
    19.881551944191));
#707 = CARTESIAN_POINT('',(87.654159797809,60.046605742194,
    19.926439663535));
#708 = CARTESIAN_POINT('',(87.725538069824,60.231901458718,
    20.001729688633));
#709 = CARTESIAN_POINT('',(87.78892473201,60.397502431569,
    20.100295123021));
#710 = CARTESIAN_POINT('',(87.914439108143,60.727014246067,
    20.358121847842));
#711 = CARTESIAN_POINT('',(87.972322383811,60.88037605686,
    20.531951384893));
#712 = CARTESIAN_POINT('',(88.017316135618,61.000379329941,
    20.722895669283));
#713 = CARTESIAN_POINT('',(88.050320999466,61.08875982766,
    20.924565858528));
#714 = CARTESIAN_POINT('',(88.07203636681,61.147034090886,
    21.132387731964));
#715 = CARTESIAN_POINT('',(88.082913041156,61.176221573619,
    21.343173794311));
#716 = CARTESIAN_POINT('',(88.082913041156,61.176221573619,
    21.554100082442));
#717 = FACE_BOUND('',#718,.T.);
#718 = EDGE_LOOP('',(#719));
#719 = ORIENTED_EDGE('',*,*,#720,.F.);
#720 = EDGE_CURVE('',#721,#721,#723,.T.);
#721 = VERTEX_POINT('',#722);
#722 = CARTESIAN_POINT('',(93.530475861384,84.616499312992,
    23.210873331933));
#723 = B_SPLINE_CURVE_WITH_KNOTS('',7,(#724,#725,#726,#727,#728,#729,
    #730,#731,#732,#733,#734,#735,#736,#737,#738,#739,#740,#741,#742,
    #743,#744,#745,#746,#747,#748,#749,#750,#751,#752,#753,#754,#755,
    #756,#757,#758,#759,#760,#761,#762,#763,#764,#765,#766,#767,#768,
    #769,#770,#771,#772,#773),.UNSPECIFIED.,.T.,.F.,(8,6,6,6,6,6,6,6,8),
  (0.,0.132168663492,0.31658120679,0.455189490391,0.587042655128,
    0.726619102479,0.812065717611,0.944482312091,1.),.UNSPECIFIED.);
#724 = CARTESIAN_POINT('',(93.530475861384,84.616499312992,
    23.210873331933));
#725 = CARTESIAN_POINT('',(93.506968064381,84.382184262192,
    23.213247856883));
#726 = CARTESIAN_POINT('',(93.483377253867,84.153936760891,
    23.17621622279));
#727 = CARTESIAN_POINT('',(93.46052226602,83.939282828013,
    23.103563001512));
#728 = CARTESIAN_POINT('',(93.439218930585,83.744415077185,
    23.00058924111));
#729 = CARTESIAN_POINT('',(93.420200311117,83.573947645062,
    22.874013561451));
#730 = CARTESIAN_POINT('',(93.403951722681,83.430441131668,
    22.731810816167));
#731 = CARTESIAN_POINT('',(93.371995901447,83.151166282366,
    22.375481190218));
#732 = CARTESIAN_POINT('',(93.358285804511,83.034275483997,
    22.146715438567));
#733 = CARTESIAN_POINT('',(93.349549715573,82.960817195846,
    21.906869830484));
#734 = CARTESIAN_POINT('',(93.345694390467,82.928518347726,
    21.662075453837));
#735 = CARTESIAN_POINT('',(93.34661783982,82.936142795412,21.41706263419
    ));
#736 = CARTESIAN_POINT('',(93.352324380434,82.984016647954,
    21.175603844349));
#737 = CARTESIAN_POINT('',(93.370934616963,83.143053394694,
    20.768936140861));
#738 = CARTESIAN_POINT('',(93.381747402509,83.235960189228,
    20.59861679509));
#739 = CARTESIAN_POINT('',(93.395448432189,83.354706967017,
    20.436300950575));
#740 = CARTESIAN_POINT('',(93.412007927178,83.500109778014,
    20.286624001787));
#741 = CARTESIAN_POINT('',(93.431274589765,83.672392547986,
    20.155158950253));
#742 = CARTESIAN_POINT('',(93.452930924449,83.870857861469,
    20.048643179277));
#743 = CARTESIAN_POINT('',(93.498833317712,84.303957017832,
    19.906184331062));
#744 = CARTESIAN_POINT('',(93.522402050377,84.531644711982,
    19.868606494962));
#745 = CARTESIAN_POINT('',(93.546005968845,84.766447456636,
    19.869614159645));
#746 = CARTESIAN_POINT('',(93.568415016406,84.997079889322,
    19.910592698103));
#747 = CARTESIAN_POINT('',(93.588682990192,85.212374310303,
    19.987808570122));
#748 = CARTESIAN_POINT('',(93.606231744876,85.403498917786,
    20.092620718676));
#749 = CARTESIAN_POINT('',(93.636273889455,85.736958545837,
    20.337434186284));
#750 = CARTESIAN_POINT('',(93.648942390934,85.881675823636,
    20.483466045252));
#751 = CARTESIAN_POINT('',(93.659075009928,86.000037806941,
    20.643217142354));
#752 = CARTESIAN_POINT('',(93.666921536259,86.093119503541,
    20.812232890536));
#753 = CARTESIAN_POINT('',(93.672673211779,86.162030145649,
    20.987270090745));
#754 = CARTESIAN_POINT('',(93.676461097364,86.207622317105,
    21.165911547904));
#755 = CARTESIAN_POINT('',(93.67948134254,86.244036623062,
    21.456627227943));
#756 = CARTESIAN_POINT('',(93.679910599867,86.249240345123,
    21.567635841733));
#757 = CARTESIAN_POINT('',(93.679633404805,86.2458922899,21.678797865369
    ));
#758 = CARTESIAN_POINT('',(93.6786500681,86.233990076675,21.789669699318
    ));
#759 = CARTESIAN_POINT('',(93.676950268008,86.213463387402,
    21.899792406409));
#760 = CARTESIAN_POINT('',(93.67451325635,86.184180289821,
    22.008656436087));
#761 = CARTESIAN_POINT('',(93.666340979803,86.086713609435,
    22.281499578874));
#762 = CARTESIAN_POINT('',(93.659506723665,86.005730057864,
    22.443622400993));
#763 = CARTESIAN_POINT('',(93.650673920837,85.902127877473,
    22.599265980882));
#764 = CARTESIAN_POINT('',(93.63968157193,85.775116565031,
    22.744999706658));
#765 = CARTESIAN_POINT('',(93.626352643704,85.624196856758,
    22.876594556213));
#766 = CARTESIAN_POINT('',(93.610508051642,85.449443744803,
    22.988796426811));
#767 = CARTESIAN_POINT('',(93.584347816354,85.169556083396,
    23.110855437633));
#768 = CARTESIAN_POINT('',(93.576178696346,85.083073876489,
    23.142243416831));
#769 = CARTESIAN_POINT('',(93.567608160362,84.99337101014,
    23.168291289114));
#770 = CARTESIAN_POINT('',(93.558687222746,84.901114965789,
    23.188474752081));
#771 = CARTESIAN_POINT('',(93.549476972526,84.807036187477,
    23.202419768799));
#772 = CARTESIAN_POINT('',(93.540047339678,84.711903464322,
    23.209906515944));
#773 = CARTESIAN_POINT('',(93.530475861384,84.616499312992,
    23.210873331933));
#774 = CYLINDRICAL_SURFACE('',#775,94.);
#775 = AXIS2_PLACEMENT_3D('',#776,#777,#778);
#776 = CARTESIAN_POINT('',(1.42108547152E-14,94.,0.));
#777 = DIRECTION('',(0.,0.,1.));
#778 = DIRECTION('',(1.,0.,-0.));
#779 = ADVANCED_FACE('',(#780),#805,.F.);
#780 = FACE_BOUND('',#781,.F.);
#781 = EDGE_LOOP('',(#782,#792,#798,#799));
#782 = ORIENTED_EDGE('',*,*,#783,.F.);
#783 = EDGE_CURVE('',#784,#786,#788,.T.);
#784 = VERTEX_POINT('',#785);
#785 = CARTESIAN_POINT('',(28.,94.,0.));
#786 = VERTEX_POINT('',#787);
#787 = CARTESIAN_POINT('',(28.,94.,3.));
#788 = LINE('',#789,#790);
#789 = CARTESIAN_POINT('',(28.,94.,0.));
#790 = VECTOR('',#791,1.);
#791 = DIRECTION('',(0.,0.,1.));
#792 = ORIENTED_EDGE('',*,*,#793,.T.);
#793 = EDGE_CURVE('',#784,#64,#794,.T.);
#794 = LINE('',#795,#796);
#795 = CARTESIAN_POINT('',(-200.,94.,0.));
#796 = VECTOR('',#797,1.);
#797 = DIRECTION('',(1.,0.,-0.));
#798 = ORIENTED_EDGE('',*,*,#63,.T.);
#799 = ORIENTED_EDGE('',*,*,#800,.F.);
#800 = EDGE_CURVE('',#786,#66,#801,.T.);
#801 = LINE('',#802,#803);
#802 = CARTESIAN_POINT('',(-200.,94.,3.));
#803 = VECTOR('',#804,1.);
#804 = DIRECTION('',(1.,0.,-0.));
#805 = PLANE('',#806);
#806 = AXIS2_PLACEMENT_3D('',#807,#808,#809);
#807 = CARTESIAN_POINT('',(-400.,94.,-400.));
#808 = DIRECTION('',(0.,-1.,0.));
#809 = DIRECTION('',(1.,0.,0.));
#810 = ADVANCED_FACE('',(#811),#829,.F.);
#811 = FACE_BOUND('',#812,.F.);
#812 = EDGE_LOOP('',(#813,#821,#822,#823));
#813 = ORIENTED_EDGE('',*,*,#814,.F.);
#814 = EDGE_CURVE('',#66,#815,#817,.T.);
#815 = VERTEX_POINT('',#816);
#816 = CARTESIAN_POINT('',(91.,94.,35.));
#817 = LINE('',#818,#819);
#818 = CARTESIAN_POINT('',(91.,94.,0.));
#819 = VECTOR('',#820,1.);
#820 = DIRECTION('',(0.,0.,1.));
#821 = ORIENTED_EDGE('',*,*,#80,.T.);
#822 = ORIENTED_EDGE('',*,*,#144,.T.);
#823 = ORIENTED_EDGE('',*,*,#824,.F.);
#824 = EDGE_CURVE('',#815,#145,#825,.T.);
#825 = LINE('',#826,#827);
#826 = CARTESIAN_POINT('',(-200.,94.,35.));
#827 = VECTOR('',#828,1.);
#828 = DIRECTION('',(1.,0.,-0.));
#829 = PLANE('',#830);
#830 = AXIS2_PLACEMENT_3D('',#831,#832,#833);
#831 = CARTESIAN_POINT('',(-400.,94.,-400.));
#832 = DIRECTION('',(0.,-1.,0.));
#833 = DIRECTION('',(1.,0.,0.));
#834 = ADVANCED_FACE('',(#835),#854,.F.);
#835 = FACE_BOUND('',#836,.F.);
#836 = EDGE_LOOP('',(#837,#845,#846,#847));
#837 = ORIENTED_EDGE('',*,*,#838,.F.);
#838 = EDGE_CURVE('',#95,#839,#841,.T.);
#839 = VERTEX_POINT('',#840);
#840 = CARTESIAN_POINT('',(2.84217094304E-14,66.,0.));
#841 = LINE('',#842,#843);
#842 = CARTESIAN_POINT('',(4.263256414561E-14,-106.,0.));
#843 = VECTOR('',#844,1.);
#844 = DIRECTION('',(-6.123233995737E-17,1.,0.));
#845 = ORIENTED_EDGE('',*,*,#104,.T.);
#846 = ORIENTED_EDGE('',*,*,#793,.F.);
#847 = ORIENTED_EDGE('',*,*,#848,.F.);
#848 = EDGE_CURVE('',#839,#784,#849,.T.);
#849 = CIRCLE('',#850,28.);
#850 = AXIS2_PLACEMENT_3D('',#851,#852,#853);
#851 = CARTESIAN_POINT('',(1.42108547152E-14,94.,0.));
#852 = DIRECTION('',(0.,0.,1.));
#853 = DIRECTION('',(1.,0.,-0.));
#854 = PLANE('',#855);
#855 = AXIS2_PLACEMENT_3D('',#856,#857,#858);
#856 = CARTESIAN_POINT('',(1.42108547152E-14,94.,0.));
#857 = DIRECTION('',(0.,0.,1.));
#858 = DIRECTION('',(1.,0.,-0.));
#859 = ADVANCED_FACE('',(#860),#878,.F.);
#860 = FACE_BOUND('',#861,.F.);
#861 = EDGE_LOOP('',(#862,#863,#864,#872));
#862 = ORIENTED_EDGE('',*,*,#161,.F.);
#863 = ORIENTED_EDGE('',*,*,#129,.T.);
#864 = ORIENTED_EDGE('',*,*,#865,.T.);
#865 = EDGE_CURVE('',#122,#866,#868,.T.);
#866 = VERTEX_POINT('',#867);
#867 = CARTESIAN_POINT('',(0.,3.,35.));
#868 = LINE('',#869,#870);
#869 = CARTESIAN_POINT('',(2.84217094304E-14,3.,0.));
#870 = VECTOR('',#871,1.);
#871 = DIRECTION('',(0.,0.,1.));
#872 = ORIENTED_EDGE('',*,*,#873,.F.);
#873 = EDGE_CURVE('',#153,#866,#874,.T.);
#874 = LINE('',#875,#876);
#875 = CARTESIAN_POINT('',(4.263256414561E-14,-106.,35.));
#876 = VECTOR('',#877,1.);
#877 = DIRECTION('',(-6.123233995737E-17,1.,0.));
#878 = PLANE('',#879);
#879 = AXIS2_PLACEMENT_3D('',#880,#881,#882);
#880 = CARTESIAN_POINT('',(3.870379069815E-14,-306.,-400.));
#881 = DIRECTION('',(1.,6.123233995737E-17,0.));
#882 = DIRECTION('',(-6.123233995737E-17,1.,0.));
#883 = ADVANCED_FACE('',(#884),#902,.F.);
#884 = FACE_BOUND('',#885,.F.);
#885 = EDGE_LOOP('',(#886,#887,#888,#896));
#886 = ORIENTED_EDGE('',*,*,#121,.F.);
#887 = ORIENTED_EDGE('',*,*,#838,.T.);
#888 = ORIENTED_EDGE('',*,*,#889,.T.);
#889 = EDGE_CURVE('',#839,#890,#892,.T.);
#890 = VERTEX_POINT('',#891);
#891 = CARTESIAN_POINT('',(2.84217094304E-14,66.,3.));
#892 = LINE('',#893,#894);
#893 = CARTESIAN_POINT('',(2.84217094304E-14,66.,0.));
#894 = VECTOR('',#895,1.);
#895 = DIRECTION('',(0.,0.,1.));
#896 = ORIENTED_EDGE('',*,*,#897,.F.);
#897 = EDGE_CURVE('',#122,#890,#898,.T.);
#898 = LINE('',#899,#900);
#899 = CARTESIAN_POINT('',(4.263256414561E-14,-106.,3.));
#900 = VECTOR('',#901,1.);
#901 = DIRECTION('',(-6.123233995737E-17,1.,0.));
#902 = PLANE('',#903);
#903 = AXIS2_PLACEMENT_3D('',#904,#905,#906);
#904 = CARTESIAN_POINT('',(3.870379069815E-14,-306.,-400.));
#905 = DIRECTION('',(1.,6.123233995737E-17,0.));
#906 = DIRECTION('',(-6.123233995737E-17,1.,0.));
#907 = ADVANCED_FACE('',(#908),#920,.T.);
#908 = FACE_BOUND('',#909,.T.);
#909 = EDGE_LOOP('',(#910,#911,#912,#913));
#910 = ORIENTED_EDGE('',*,*,#873,.F.);
#911 = ORIENTED_EDGE('',*,*,#152,.T.);
#912 = ORIENTED_EDGE('',*,*,#824,.F.);
#913 = ORIENTED_EDGE('',*,*,#914,.F.);
#914 = EDGE_CURVE('',#866,#815,#915,.T.);
#915 = CIRCLE('',#916,91.);
#916 = AXIS2_PLACEMENT_3D('',#917,#918,#919);
#917 = CARTESIAN_POINT('',(1.42108547152E-14,94.,35.));
#918 = DIRECTION('',(0.,0.,1.));
#919 = DIRECTION('',(1.,0.,-0.));
#920 = PLANE('',#921);
#921 = AXIS2_PLACEMENT_3D('',#922,#923,#924);
#922 = CARTESIAN_POINT('',(1.42108547152E-14,94.,35.));
#923 = DIRECTION('',(0.,0.,1.));
#924 = DIRECTION('',(1.,0.,-0.));
#925 = ADVANCED_FACE('',(#926),#985,.F.);
#926 = FACE_BOUND('',#927,.F.);
#927 = EDGE_LOOP('',(#928,#929,#937,#984));
#928 = ORIENTED_EDGE('',*,*,#169,.F.);
#929 = ORIENTED_EDGE('',*,*,#930,.F.);
#930 = EDGE_CURVE('',#931,#170,#933,.T.);
#931 = VERTEX_POINT('',#932);
#932 = CARTESIAN_POINT('',(19.826057722129,5.185995275526,7.));
#933 = LINE('',#934,#935);
#934 = CARTESIAN_POINT('',(19.594368262304,6.144318724392,7.));
#935 = VECTOR('',#936,1.);
#936 = DIRECTION('',(0.234995141492,-0.971996544991,0.));
#937 = ORIENTED_EDGE('',*,*,#938,.T.);
#938 = EDGE_CURVE('',#931,#931,#939,.T.);
#939 = B_SPLINE_CURVE_WITH_KNOTS('',7,(#940,#941,#942,#943,#944,#945,
    #946,#947,#948,#949,#950,#951,#952,#953,#954,#955,#956,#957,#958,
    #959,#960,#961,#962,#963,#964,#965,#966,#967,#968,#969,#970,#971,
    #972,#973,#974,#975,#976,#977,#978,#979,#980,#981,#982,#983),
  .UNSPECIFIED.,.T.,.F.,(8,6,6,6,6,6,6,8),(0.,0.152374663295,
    0.285747360688,0.422052456503,0.588262989572,0.714226582746,
    0.83810281933,1.),.UNSPECIFIED.);
#940 = CARTESIAN_POINT('',(19.826057722129,5.185995275526,7.));
#941 = CARTESIAN_POINT('',(19.826057722129,5.185995275526,6.808652509246
    ));
#942 = CARTESIAN_POINT('',(19.852116983442,5.191812540383,6.617360792588
    ));
#943 = CARTESIAN_POINT('',(19.904215617637,5.20344245487,6.428499768474)
  );
#944 = CARTESIAN_POINT('',(19.983087721526,5.221100068484,6.244764115835
    ));
#945 = CARTESIAN_POINT('',(20.089895309021,5.245144331585,6.069665393739
    ));
#946 = CARTESIAN_POINT('',(20.225929240158,5.276041635745,5.908052821243
    ));
#947 = CARTESIAN_POINT('',(20.537166802195,5.347605791379,5.643872572466
    ));
#948 = CARTESIAN_POINT('',(20.710183393188,5.387680689875,5.532369701087
    ));
#949 = CARTESIAN_POINT('',(20.907431722309,5.433819956371,5.445159365767
    ));
#950 = CARTESIAN_POINT('',(21.121755959158,5.484599882277,5.390858744311
    ));
#951 = CARTESIAN_POINT('',(21.343667366706,5.537949247056,5.374097470915
    ));
#952 = CARTESIAN_POINT('',(21.563113161149,5.591414206083,5.395264477768
    ));
#953 = CARTESIAN_POINT('',(21.983689227495,5.695043517417,5.506478718145
    ));
#954 = CARTESIAN_POINT('',(22.177169492246,5.743349666123,5.596140335243
    ));
#955 = CARTESIAN_POINT('',(22.348103018098,5.786530031266,5.711849597683
    ));
#956 = CARTESIAN_POINT('',(22.494893149888,5.823953216502,5.847309173119
    ));
#957 = CARTESIAN_POINT('',(22.616985520491,5.85529073133,5.996897196371)
  );
#958 = CARTESIAN_POINT('',(22.714674959345,5.880482067511,6.155552715001
    ));
#959 = CARTESIAN_POINT('',(22.879706453101,5.92317101354,6.51775984262)
  );
#960 = CARTESIAN_POINT('',(22.937065472398,5.938124313976,6.726548657834
    ));
#961 = CARTESIAN_POINT('',(22.962590095509,5.944805634308,6.940449724022
    ));
#962 = CARTESIAN_POINT('',(22.956623835547,5.943245819137,7.15600875482)
  );
#963 = CARTESIAN_POINT('',(22.91879193129,5.933351501642,7.369436257244)
  );
#964 = CARTESIAN_POINT('',(22.848394327409,5.915027880906,7.57630243982)
  );
#965 = CARTESIAN_POINT('',(22.666372630051,5.868041435978,7.91821141043)
  );
#966 = CARTESIAN_POINT('',(22.567674058603,5.842650712175,8.06074274916)
  );
#967 = CARTESIAN_POINT('',(22.448016444582,5.812017223304,8.19444485452)
  );
#968 = CARTESIAN_POINT('',(22.307368785831,5.776249683136,8.315032908902
    ));
#969 = CARTESIAN_POINT('',(22.146424340315,5.735677075014,8.417891359148
    ));
#970 = CARTESIAN_POINT('',(21.966717816755,5.69086178729,8.498009084906)
  );
#971 = CARTESIAN_POINT('',(21.578752711987,5.59526776793,8.600599907048)
  );
#972 = CARTESIAN_POINT('',(21.375875257406,5.545797447713,8.622721500676
    ));
#973 = CARTESIAN_POINT('',(21.169872733386,5.496175337547,8.612347763374
    ));
#974 = CARTESIAN_POINT('',(20.969119336236,5.448457714778,8.569355207746
    ));
#975 = CARTESIAN_POINT('',(20.781617786137,5.404425468673,8.497075915075
    ));
#976 = CARTESIAN_POINT('',(20.613773509064,5.365388656247,8.402151651547
    ));
#977 = CARTESIAN_POINT('',(20.280473248539,5.288445179013,8.153639200237
    ));
#978 = CARTESIAN_POINT('',(20.125560336233,5.253177211672,7.986510568056
    ));
#979 = CARTESIAN_POINT('',(20.004124204913,5.225810638588,7.802579403202
    ));
#980 = CARTESIAN_POINT('',(19.914600155898,5.205760481054,7.607998617843
    ));
#981 = CARTESIAN_POINT('',(19.855576861213,5.192584925205,7.407275246616
    ));
#982 = CARTESIAN_POINT('',(19.826057722129,5.185995275526,7.203648737453
    ));
#983 = CARTESIAN_POINT('',(19.826057722129,5.185995275526,7.));
#984 = ORIENTED_EDGE('',*,*,#930,.T.);
#985 = CYLINDRICAL_SURFACE('',#986,1.6);
#986 = AXIS2_PLACEMENT_3D('',#987,#988,#989);
#987 = CARTESIAN_POINT('',(21.14956273429,6.520310950779,7.));
#988 = DIRECTION('',(0.234995141492,-0.971996544991,0.));
#989 = DIRECTION('',(-0.971996544991,-0.234995141492,0.));
#990 = ADVANCED_FACE('',(#991),#1050,.F.);
#991 = FACE_BOUND('',#992,.F.);
#992 = EDGE_LOOP('',(#993,#994,#1002,#1049));
#993 = ORIENTED_EDGE('',*,*,#220,.F.);
#994 = ORIENTED_EDGE('',*,*,#995,.F.);
#995 = EDGE_CURVE('',#996,#221,#998,.T.);
#996 = VERTEX_POINT('',#997);
#997 = CARTESIAN_POINT('',(88.814004724474,74.173942277871,7.));
#998 = LINE('',#999,#1000);
#999 = CARTESIAN_POINT('',(87.855681275608,74.405631737696,7.));
#1000 = VECTOR('',#1001,1.);
#1001 = DIRECTION('',(0.971996544991,-0.234995141492,0.));
#1002 = ORIENTED_EDGE('',*,*,#1003,.T.);
#1003 = EDGE_CURVE('',#996,#996,#1004,.T.);
#1004 = B_SPLINE_CURVE_WITH_KNOTS('',7,(#1005,#1006,#1007,#1008,#1009,
    #1010,#1011,#1012,#1013,#1014,#1015,#1016,#1017,#1018,#1019,#1020,
    #1021,#1022,#1023,#1024,#1025,#1026,#1027,#1028,#1029,#1030,#1031,
    #1032,#1033,#1034,#1035,#1036,#1037,#1038,#1039,#1040,#1041,#1042,
    #1043,#1044,#1045,#1046,#1047,#1048),.UNSPECIFIED.,.T.,.F.,(8,6,6,6,
    6,6,6,8),(0.,0.152374663216,0.285747360845,0.422052456632,
    0.588262989657,0.714226582806,0.838102819363,1.),.UNSPECIFIED.);
#1005 = CARTESIAN_POINT('',(88.814004724474,74.173942277871,7.));
#1006 = CARTESIAN_POINT('',(88.814004724474,74.173942277871,
    7.191347490754));
#1007 = CARTESIAN_POINT('',(88.808187459617,74.147883016558,
    7.382639207412));
#1008 = CARTESIAN_POINT('',(88.79655754513,74.095784382363,
    7.571500231526));
#1009 = CARTESIAN_POINT('',(88.778899931516,74.016912278474,
    7.755235884165));
#1010 = CARTESIAN_POINT('',(88.754855668415,73.910104690979,
    7.930334606261));
#1011 = CARTESIAN_POINT('',(88.723958364255,73.774070759842,
    8.091947178757));
#1012 = CARTESIAN_POINT('',(88.652394208544,73.46283319747,
    8.356127427818));
#1013 = CARTESIAN_POINT('',(88.612319310194,73.28981660712,
    8.467630298488));
#1014 = CARTESIAN_POINT('',(88.566180043726,73.092568278098,
    8.554840634313));
#1015 = CARTESIAN_POINT('',(88.515400117635,72.878244040454,
    8.609141255939));
#1016 = CARTESIAN_POINT('',(88.462050752845,72.656332632901,
    8.625902528834));
#1017 = CARTESIAN_POINT('',(88.408585794019,72.436886839266,
    8.604735522342));
#1018 = CARTESIAN_POINT('',(88.304956482583,72.016310772504,
    8.493521281855));
#1019 = CARTESIAN_POINT('',(88.256650333876,71.822830507755,
    8.403859664757));
#1020 = CARTESIAN_POINT('',(88.213469968735,71.651896981902,
    8.288150402317));
#1021 = CARTESIAN_POINT('',(88.176046783498,71.505106850112,
    8.152690826881));
#1022 = CARTESIAN_POINT('',(88.14470926867,71.38301447951,8.003102803629
    ));
#1023 = CARTESIAN_POINT('',(88.119517932489,71.285325040655,
    7.844447284999));
#1024 = CARTESIAN_POINT('',(88.076828986461,71.120293546903,
    7.482240157389));
#1025 = CARTESIAN_POINT('',(88.061875686025,71.062934527603,
    7.273451342177));
#1026 = CARTESIAN_POINT('',(88.055194365692,71.037409904489,
    7.059550275983));
#1027 = CARTESIAN_POINT('',(88.056754180862,71.043376164451,
    6.843991245177));
#1028 = CARTESIAN_POINT('',(88.066648498358,71.081208068712,
    6.630563742745));
#1029 = CARTESIAN_POINT('',(88.084972119096,71.151605672596,
    6.42369756017));
#1030 = CARTESIAN_POINT('',(88.131958564022,71.333627369949,
    6.08178858957));
#1031 = CARTESIAN_POINT('',(88.157349287825,71.432325941397,
    5.93925725084));
#1032 = CARTESIAN_POINT('',(88.187982776695,71.551983555418,
    5.80555514548));
#1033 = CARTESIAN_POINT('',(88.223750316864,71.692631214169,
    5.684967091098));
#1034 = CARTESIAN_POINT('',(88.264322924986,71.853575659686,
    5.582108640852));
#1035 = CARTESIAN_POINT('',(88.30913821271,72.033282183245,
    5.501990915094));
#1036 = CARTESIAN_POINT('',(88.40473223207,72.421247288013,
    5.399400092952));
#1037 = CARTESIAN_POINT('',(88.454202552287,72.624124742595,
    5.377278499324));
#1038 = CARTESIAN_POINT('',(88.503824662453,72.830127266614,
    5.387652236626));
#1039 = CARTESIAN_POINT('',(88.551542285221,73.030880663764,
    5.430644792254));
#1040 = CARTESIAN_POINT('',(88.595574531327,73.218382213862,
    5.502924084925));
#1041 = CARTESIAN_POINT('',(88.634611343753,73.386226490936,
    5.597848348453));
#1042 = CARTESIAN_POINT('',(88.711554820987,73.71952675146,
    5.846360799763));
#1043 = CARTESIAN_POINT('',(88.746822788328,73.874439663767,
    6.013489431945));
#1044 = CARTESIAN_POINT('',(88.774189361412,73.995875795086,
    6.197420596796));
#1045 = CARTESIAN_POINT('',(88.794239518946,74.085399844103,
    6.392001382159));
#1046 = CARTESIAN_POINT('',(88.807415074795,74.144423138787,
    6.592724753383));
#1047 = CARTESIAN_POINT('',(88.814004724474,74.173942277871,
    6.796351262548));
#1048 = CARTESIAN_POINT('',(88.814004724474,74.173942277871,7.));
#1049 = ORIENTED_EDGE('',*,*,#995,.T.);
#1050 = CYLINDRICAL_SURFACE('',#1051,1.6);
#1051 = AXIS2_PLACEMENT_3D('',#1052,#1053,#1054);
#1052 = CARTESIAN_POINT('',(87.479689049221,72.85043726571,7.));
#1053 = DIRECTION('',(0.971996544991,-0.234995141492,0.));
#1054 = DIRECTION('',(0.234995141492,0.971996544991,0.));
#1055 = ADVANCED_FACE('',(#1056),#1121,.F.);
#1056 = FACE_BOUND('',#1057,.F.);
#1057 = EDGE_LOOP('',(#1058,#1059,#1067,#1120));
#1058 = ORIENTED_EDGE('',*,*,#271,.F.);
#1059 = ORIENTED_EDGE('',*,*,#1060,.F.);
#1060 = EDGE_CURVE('',#1061,#272,#1063,.T.);
#1061 = VERTEX_POINT('',#1062);
#1062 = CARTESIAN_POINT('',(9.116499015646,3.457802955209,
    20.195927384615));
#1063 = LINE('',#1064,#1065);
#1064 = CARTESIAN_POINT('',(9.060200502516,4.017966088135,
    20.252509519254));
#1065 = VECTOR('',#1066,1.);
#1066 = DIRECTION('',(9.949874371066E-02,-0.99,-0.1));
#1067 = ORIENTED_EDGE('',*,*,#1068,.T.);
#1068 = EDGE_CURVE('',#1061,#1061,#1069,.T.);
#1069 = B_SPLINE_CURVE_WITH_KNOTS('',7,(#1070,#1071,#1072,#1073,#1074,
    #1075,#1076,#1077,#1078,#1079,#1080,#1081,#1082,#1083,#1084,#1085,
    #1086,#1087,#1088,#1089,#1090,#1091,#1092,#1093,#1094,#1095,#1096,
    #1097,#1098,#1099,#1100,#1101,#1102,#1103,#1104,#1105,#1106,#1107,
    #1108,#1109,#1110,#1111,#1112,#1113,#1114,#1115,#1116,#1117,#1118,
    #1119),.UNSPECIFIED.,.T.,.F.,(8,6,6,6,6,6,6,6,8),(0.,0.138613964466,
    0.26266602683,0.408767363882,0.535955716847,0.644549451624,
    0.772789010054,0.882773514281,1.),.UNSPECIFIED.);
#1070 = CARTESIAN_POINT('',(9.116499015646,3.457802955209,
    20.195927384615));
#1071 = CARTESIAN_POINT('',(9.342786153685,3.480587320273,
    20.198228835632));
#1072 = CARTESIAN_POINT('',(9.56229766309,3.503355958313,20.237291391896
    ));
#1073 = CARTESIAN_POINT('',(9.768419211572,3.525371725617,
    20.309333060121));
#1074 = CARTESIAN_POINT('',(9.955775544501,3.545908541099,
    20.409360907302));
#1075 = CARTESIAN_POINT('',(10.120371372139,3.564318474687,
    20.531231104084));
#1076 = CARTESIAN_POINT('',(10.259965436083,3.580165860494,
    20.667769895751));
#1077 = CARTESIAN_POINT('',(10.477048440441,3.605076992227,
    20.939012373265));
#1078 = CARTESIAN_POINT('',(10.561863526174,3.614947289645,
    21.075329122354));
#1079 = CARTESIAN_POINT('',(10.629592596166,3.622908932691,
    21.217388592283));
#1080 = CARTESIAN_POINT('',(10.680855089068,3.628974718692,
    21.363369819567));
#1081 = CARTESIAN_POINT('',(10.716143654683,3.633165433374,
    21.511866233631));
#1082 = CARTESIAN_POINT('',(10.735745457195,3.635494883006,
    21.661725004731));
#1083 = CARTESIAN_POINT('',(10.744276045718,3.636508733683,
    21.988765422757));
#1084 = CARTESIAN_POINT('',(10.727163753522,3.634475245307,
    22.167217511796));
#1085 = CARTESIAN_POINT('',(10.687797691904,3.62979241775,
    22.344814177399));
#1086 = CARTESIAN_POINT('',(10.625638233416,3.622424814856,
    22.519013472023));
#1087 = CARTESIAN_POINT('',(10.540067698633,3.612364571285,
    22.687031940551));
#1088 = CARTESIAN_POINT('',(10.430383094294,3.59963822793,
    22.845558442592));
#1089 = CARTESIAN_POINT('',(10.178964681652,3.571008261877,
    23.116019853162));
#1090 = CARTESIAN_POINT('',(10.040352650845,3.555403315386,
    23.234412410218));
#1091 = CARTESIAN_POINT('',(9.880791662532,3.537708929166,
    23.338536090388));
#1092 = CARTESIAN_POINT('',(9.702700731725,3.518350974292,
    23.422561166285));
#1093 = CARTESIAN_POINT('',(9.509870086473,3.497894686363,
    23.481731272919));
#1094 = CARTESIAN_POINT('',(9.30711818605,3.476959384218,23.512468276319
    ));
#1095 = CARTESIAN_POINT('',(8.923161973253,3.438370332892,
    23.512468276319));
#1096 = CARTESIAN_POINT('',(8.746281564496,3.42100013539,23.490061708935
    ));
#1097 = CARTESIAN_POINT('',(8.572730737134,3.404371842657,
    23.445248495669));
#1098 = CARTESIAN_POINT('',(8.405844774698,3.388773466026,
    23.378674261354));
#1099 = CARTESIAN_POINT('',(8.248805577274,3.374433309687,
    23.291591189009));
#1100 = CARTESIAN_POINT('',(8.104514963144,3.361522398905,
    23.185820723822));
#1101 = CARTESIAN_POINT('',(7.82305313268,3.336759120836,22.919525800374
    ));
#1102 = CARTESIAN_POINT('',(7.698440194068,3.326096823296,
    22.758753980951));
#1103 = CARTESIAN_POINT('',(7.600636999692,3.317896455345,
    22.587103523863));
#1104 = CARTESIAN_POINT('',(7.528389498024,3.311916301026,
    22.408428816559));
#1105 = CARTESIAN_POINT('',(7.480646729336,3.307991003457,
    22.225539043546));
#1106 = CARTESIAN_POINT('',(7.456774726685,3.306028256143,
    22.040627882615));
#1107 = CARTESIAN_POINT('',(7.456774726685,3.306028256143,
    21.697021438459));
#1108 = CARTESIAN_POINT('',(7.47433435374,3.307471994527,21.538485574296
    ));
#1109 = CARTESIAN_POINT('',(7.509401745637,3.310355192705,
    21.381270616066));
#1110 = CARTESIAN_POINT('',(7.562287252784,3.314724979883,21.22670214819
    ));
#1111 = CARTESIAN_POINT('',(7.63355841891,3.320670687322,21.076407401223
    ));
#1112 = CARTESIAN_POINT('',(7.723937541938,3.328322924936,
    20.932521693729));
#1113 = CARTESIAN_POINT('',(7.951594086215,3.347994779507,
    20.654621457337));
#1114 = CARTESIAN_POINT('',(8.094794752947,3.360548215433,
    20.517940684031));
#1115 = CARTESIAN_POINT('',(8.263564658343,3.375628599176,
    20.396589629157));
#1116 = CARTESIAN_POINT('',(8.455293251271,3.393203788217,
    20.298113752659));
#1117 = CARTESIAN_POINT('',(8.665495115586,3.413069909861,
    20.228812529157));
#1118 = CARTESIAN_POINT('',(8.888246679915,3.434820718618,
    20.193605946576));
#1119 = CARTESIAN_POINT('',(9.116499015646,3.457802955209,
    20.195927384615));
#1120 = ORIENTED_EDGE('',*,*,#1060,.T.);
#1121 = CYLINDRICAL_SURFACE('',#1122,1.65);
#1122 = AXIS2_PLACEMENT_3D('',#1123,#1124,#1125);
#1123 = CARTESIAN_POINT('',(9.060200502516,3.852143223298,
    21.894155881141));
#1124 = DIRECTION('',(9.949874371066E-02,-0.99,-0.1));
#1125 = DIRECTION('',(-1.734723475977E-18,0.100498705962,-0.994937189022
    ));
#1126 = ADVANCED_FACE('',(#1127),#1186,.F.);
#1127 = FACE_BOUND('',#1128,.F.);
#1128 = EDGE_LOOP('',(#1129,#1130,#1138,#1185));
#1129 = ORIENTED_EDGE('',*,*,#328,.F.);
#1130 = ORIENTED_EDGE('',*,*,#1131,.F.);
#1131 = EDGE_CURVE('',#1132,#329,#1134,.T.);
#1132 = VERTEX_POINT('',#1133);
#1133 = CARTESIAN_POINT('',(31.726853079691,8.709866961883,
    21.855659419812));
#1134 = LINE('',#1135,#1136);
#1135 = CARTESIAN_POINT('',(31.586821785825,9.066387666312,
    21.894155881141));
#1136 = VECTOR('',#1137,1.);
#1137 = DIRECTION('',(0.363751080054,-0.92611292603,-0.1));
#1138 = ORIENTED_EDGE('',*,*,#1139,.T.);
#1139 = EDGE_CURVE('',#1132,#1132,#1140,.T.);
#1140 = B_SPLINE_CURVE_WITH_KNOTS('',7,(#1141,#1142,#1143,#1144,#1145,
    #1146,#1147,#1148,#1149,#1150,#1151,#1152,#1153,#1154,#1155,#1156,
    #1157,#1158,#1159,#1160,#1161,#1162,#1163,#1164,#1165,#1166,#1167,
    #1168,#1169,#1170,#1171,#1172,#1173,#1174,#1175,#1176,#1177,#1178,
    #1179,#1180,#1181,#1182,#1183,#1184),.UNSPECIFIED.,.T.,.F.,(8,6,6,6,
    6,6,6,8),(0.,0.153281260392,0.286334933715,0.422782047337,
    0.588465286051,0.714281802378,0.837650325969,1.),.UNSPECIFIED.);
#1141 = CARTESIAN_POINT('',(31.726853079691,8.709866961883,
    21.855659419812));
#1142 = CARTESIAN_POINT('',(31.726853079691,8.709866961883,
    21.657454823122));
#1143 = CARTESIAN_POINT('',(31.752630240352,8.719455769061,
    21.45937555412));
#1144 = CARTESIAN_POINT('',(31.804110529816,8.738605638242,
    21.263776585754));
#1145 = CARTESIAN_POINT('',(31.882033814193,8.767648372269,
    21.073336536604));
#1146 = CARTESIAN_POINT('',(31.987631206137,8.807151176501,
    20.89160815323));
#1147 = CARTESIAN_POINT('',(32.122314507761,8.857837032747,
    20.72360951995));
#1148 = CARTESIAN_POINT('',(32.429838629543,8.974539533013,
    20.449765830874));
#1149 = CARTESIAN_POINT('',(32.60049486303,9.039622507737,
    20.334017238793));
#1150 = CARTESIAN_POINT('',(32.795411255519,9.114455943225,
    20.243168170855));
#1151 = CARTESIAN_POINT('',(33.00742742161,9.196572068119,20.1864565516)
  );
#1152 = CARTESIAN_POINT('',(33.227007069943,9.282478594144,
    20.168859469465));
#1153 = CARTESIAN_POINT('',(33.444088499133,9.368197951172,
    20.190829328008));
#1154 = CARTESIAN_POINT('',(33.860560795802,9.53394808509,
    20.306700474534));
#1155 = CARTESIAN_POINT('',(34.051834526254,9.610783044808,
    20.400326761081));
#1156 = CARTESIAN_POINT('',(34.220280795561,9.679008855819,
    20.520842418319));
#1157 = CARTESIAN_POINT('',(34.364577243423,9.737830288707,
    20.66152663414));
#1158 = CARTESIAN_POINT('',(34.484412962001,9.786912853059,
    20.81650547021));
#1159 = CARTESIAN_POINT('',(34.58025772576,9.826298602843,
    20.980606445634));
#1160 = CARTESIAN_POINT('',(34.741878977956,9.892859799215,
    21.354165050405));
#1161 = CARTESIAN_POINT('',(34.798772815302,9.916418028496,
    21.570336306709));
#1162 = CARTESIAN_POINT('',(34.824396728194,9.927061637727,
    21.792884402133));
#1163 = CARTESIAN_POINT('',(34.81857539267,9.924645893079,
    22.017512739339));
#1164 = CARTESIAN_POINT('',(34.780913375202,9.909011960476,
    22.23959672228));
#1165 = CARTESIAN_POINT('',(34.711182495744,9.880169733537,
    22.453858368887));
#1166 = CARTESIAN_POINT('',(34.532680701403,9.806764504182,
    22.806350419543));
#1167 = CARTESIAN_POINT('',(34.435761630317,9.767004718738,
    22.953588064333));
#1168 = CARTESIAN_POINT('',(34.318161279029,9.718925495484,
    23.091877831099));
#1169 = CARTESIAN_POINT('',(34.179732648052,9.662596110855,
    23.216793389319));
#1170 = CARTESIAN_POINT('',(34.021026649677,9.598411149354,
    23.323515460752));
#1171 = CARTESIAN_POINT('',(33.843431017942,9.527130673711,
    23.406752095135));
#1172 = CARTESIAN_POINT('',(33.459743577129,9.374428452685,
    23.513127522486));
#1173 = CARTESIAN_POINT('',(33.259227956055,9.295202991996,
    23.536029673644));
#1174 = CARTESIAN_POINT('',(33.055530389761,9.215400075758,
    23.525218418109));
#1175 = CARTESIAN_POINT('',(32.856992871518,9.138331914274,
    23.480571222854));
#1176 = CARTESIAN_POINT('',(32.67167448239,9.066989568224,
    23.405625743502));
#1177 = CARTESIAN_POINT('',(32.505944138247,9.003607005506,
    23.307393070425));
#1178 = CARTESIAN_POINT('',(32.176060800564,8.878079588802,
    23.050054058057));
#1179 = CARTESIAN_POINT('',(32.022586282353,8.820231207613,
    22.876553619778));
#1180 = CARTESIAN_POINT('',(31.902522446708,8.775285531691,
    22.685870363952));
#1181 = CARTESIAN_POINT('',(31.814155215234,8.742341981479,
    22.484409025405));
#1182 = CARTESIAN_POINT('',(31.75595540539,8.720692727217,
    22.276789301877));
#1183 = CARTESIAN_POINT('',(31.726853079691,8.709866961883,
    22.066253984726));
#1184 = CARTESIAN_POINT('',(31.726853079691,8.709866961883,
    21.855659419812));
#1185 = ORIENTED_EDGE('',*,*,#1131,.T.);
#1186 = CYLINDRICAL_SURFACE('',#1187,1.65);
#1187 = AXIS2_PLACEMENT_3D('',#1188,#1189,#1190);
#1188 = CARTESIAN_POINT('',(33.122606330394,9.669600591125,
    21.894155881141));
#1189 = DIRECTION('',(0.363751080054,-0.92611292603,-0.1));
#1190 = DIRECTION('',(-0.93077851186,-0.365583590796,0.));
#1191 = ADVANCED_FACE('',(#1192),#1217,.F.);
#1192 = FACE_BOUND('',#1193,.T.);
#1193 = EDGE_LOOP('',(#1194,#1202,#1203,#1211));
#1194 = ORIENTED_EDGE('',*,*,#1195,.F.);
#1195 = EDGE_CURVE('',#380,#1196,#1198,.T.);
#1196 = VERTEX_POINT('',#1197);
#1197 = CARTESIAN_POINT('',(41.486750501102,4.108814458742,
    12.235619703528));
#1198 = LINE('',#1199,#1200);
#1199 = CARTESIAN_POINT('',(37.018558593155,10.006582395416,
    12.979268947182));
#1200 = VECTOR('',#1201,1.);
#1201 = DIRECTION('',(0.600846695681,-0.793084641315,-0.1));
#1202 = ORIENTED_EDGE('',*,*,#379,.T.);
#1203 = ORIENTED_EDGE('',*,*,#1204,.T.);
#1204 = EDGE_CURVE('',#382,#1205,#1207,.T.);
#1205 = VERTEX_POINT('',#1206);
#1206 = CARTESIAN_POINT('',(75.306310391628,29.730759142859,
    12.235619703528));
#1207 = LINE('',#1208,#1209);
#1208 = CARTESIAN_POINT('',(70.838118483681,35.628527079532,
    12.979268947182));
#1209 = VECTOR('',#1210,1.);
#1210 = DIRECTION('',(0.600846695681,-0.793084641315,-0.1));
#1211 = ORIENTED_EDGE('',*,*,#1212,.F.);
#1212 = EDGE_CURVE('',#1196,#1205,#1213,.T.);
#1213 = LINE('',#1214,#1215);
#1214 = CARTESIAN_POINT('',(41.486750501102,4.108814458742,
    12.235619703528));
#1215 = VECTOR('',#1216,1.);
#1216 = DIRECTION('',(0.797080055223,0.603873650333,8.380430382045E-18)
  );
#1217 = PLANE('',#1218);
#1218 = AXIS2_PLACEMENT_3D('',#1219,#1220,#1221);
#1219 = CARTESIAN_POINT('',(37.018558593155,10.006582395416,
    12.979268947182));
#1220 = DIRECTION('',(6.038736503325E-02,-7.970800552228E-02,
    0.994987437107));
#1221 = DIRECTION('',(-0.797080055223,-0.603873650333,
    -8.380430382045E-18));
#1222 = ADVANCED_FACE('',(#1223),#1241,.F.);
#1223 = FACE_BOUND('',#1224,.T.);
#1224 = EDGE_LOOP('',(#1225,#1233,#1234,#1235));
#1225 = ORIENTED_EDGE('',*,*,#1226,.F.);
#1226 = EDGE_CURVE('',#391,#1227,#1229,.T.);
#1227 = VERTEX_POINT('',#1228);
#1228 = CARTESIAN_POINT('',(41.942189962449,3.507659381349,
    19.739781247149));
#1229 = LINE('',#1230,#1231);
#1230 = CARTESIAN_POINT('',(36.086835748631,11.236405382321,
    20.714298416988));
#1231 = VECTOR('',#1232,1.);
#1232 = DIRECTION('',(0.600846695681,-0.793084641315,-0.1));
#1233 = ORIENTED_EDGE('',*,*,#390,.F.);
#1234 = ORIENTED_EDGE('',*,*,#1195,.T.);
#1235 = ORIENTED_EDGE('',*,*,#1236,.T.);
#1236 = EDGE_CURVE('',#1196,#1227,#1237,.T.);
#1237 = LINE('',#1238,#1239);
#1238 = CARTESIAN_POINT('',(41.486750501102,4.108814458742,
    12.235619703528));
#1239 = VECTOR('',#1240,1.);
#1240 = DIRECTION('',(6.038736503325E-02,-7.970800552228E-02,
    0.994987437107));
#1241 = PLANE('',#1242);
#1242 = AXIS2_PLACEMENT_3D('',#1243,#1244,#1245);
#1243 = CARTESIAN_POINT('',(37.018558593155,10.006582395416,
    12.979268947182));
#1244 = DIRECTION('',(0.797080055223,0.603873650333,8.380430382045E-18)
  );
#1245 = DIRECTION('',(-6.038736503325E-02,7.970800552228E-02,
    -0.994987437107));
#1246 = ADVANCED_FACE('',(#1247),#1265,.T.);
#1247 = FACE_BOUND('',#1248,.F.);
#1248 = EDGE_LOOP('',(#1249,#1257,#1258,#1259));
#1249 = ORIENTED_EDGE('',*,*,#1250,.F.);
#1250 = EDGE_CURVE('',#550,#1251,#1253,.T.);
#1251 = VERTEX_POINT('',#1252);
#1252 = CARTESIAN_POINT('',(75.761749852976,29.129604065466,
    19.739781247149));
#1253 = LINE('',#1254,#1255);
#1254 = CARTESIAN_POINT('',(69.906395639157,36.858350066437,
    20.714298416988));
#1255 = VECTOR('',#1256,1.);
#1256 = DIRECTION('',(0.600846695681,-0.793084641315,-0.1));
#1257 = ORIENTED_EDGE('',*,*,#610,.F.);
#1258 = ORIENTED_EDGE('',*,*,#1204,.T.);
#1259 = ORIENTED_EDGE('',*,*,#1260,.T.);
#1260 = EDGE_CURVE('',#1205,#1251,#1261,.T.);
#1261 = LINE('',#1262,#1263);
#1262 = CARTESIAN_POINT('',(75.306310391628,29.730759142859,
    12.235619703528));
#1263 = VECTOR('',#1264,1.);
#1264 = DIRECTION('',(6.038736503325E-02,-7.970800552228E-02,
    0.994987437107));
#1265 = PLANE('',#1266);
#1266 = AXIS2_PLACEMENT_3D('',#1267,#1268,#1269);
#1267 = CARTESIAN_POINT('',(70.838118483681,35.628527079532,
    12.979268947182));
#1268 = DIRECTION('',(0.797080055223,0.603873650333,8.380430382045E-18)
  );
#1269 = DIRECTION('',(-6.038736503325E-02,7.970800552228E-02,
    -0.994987437107));
#1270 = ADVANCED_FACE('',(#1271),#1290,.T.);
#1271 = FACE_BOUND('',#1272,.T.);
#1272 = EDGE_LOOP('',(#1273,#1282,#1288,#1289));
#1273 = ORIENTED_EDGE('',*,*,#1274,.F.);
#1274 = EDGE_CURVE('',#1275,#1227,#1277,.T.);
#1275 = VERTEX_POINT('',#1276);
#1276 = CARTESIAN_POINT('',(41.870820775357,3.270667678975,
    21.190506637487));
#1277 = CIRCLE('',#1278,5.414656965084);
#1278 = AXIS2_PLACEMENT_3D('',#1279,#1280,#1281);
#1279 = CARTESIAN_POINT('',(46.186735848099,6.540436345779,
    21.190506637487));
#1280 = DIRECTION('',(0.600846695681,-0.793084641315,-1.E-01));
#1281 = DIRECTION('',(-0.797080055223,-0.603873650333,
    -6.938893903907E-18));
#1282 = ORIENTED_EDGE('',*,*,#1283,.F.);
#1283 = EDGE_CURVE('',#399,#1275,#1284,.T.);
#1284 = LINE('',#1285,#1286);
#1285 = CARTESIAN_POINT('',(36.015466561538,10.999413679947,
    22.165023807326));
#1286 = VECTOR('',#1287,1.);
#1287 = DIRECTION('',(0.600846695681,-0.793084641315,-0.1));
#1288 = ORIENTED_EDGE('',*,*,#398,.T.);
#1289 = ORIENTED_EDGE('',*,*,#1226,.T.);
#1290 = CYLINDRICAL_SURFACE('',#1291,5.414656965084);
#1291 = AXIS2_PLACEMENT_3D('',#1292,#1293,#1294);
#1292 = CARTESIAN_POINT('',(40.331381634281,14.269182346751,
    22.165023807326));
#1293 = DIRECTION('',(0.600846695681,-0.793084641315,-0.1));
#1294 = DIRECTION('',(-0.797080055223,-0.603873650333,
    -6.938893903907E-18));
#1295 = ADVANCED_FACE('',(#1296),#1315,.T.);
#1296 = FACE_BOUND('',#1297,.T.);
#1297 = EDGE_LOOP('',(#1298,#1307,#1308,#1309));
#1298 = ORIENTED_EDGE('',*,*,#1299,.F.);
#1299 = EDGE_CURVE('',#1251,#1300,#1302,.T.);
#1300 = VERTEX_POINT('',#1301);
#1301 = CARTESIAN_POINT('',(75.93784350088,28.897170120851,
    22.641232027826));
#1302 = CIRCLE('',#1303,5.414656965084);
#1303 = AXIS2_PLACEMENT_3D('',#1304,#1305,#1306);
#1304 = CARTESIAN_POINT('',(71.69329761523,25.864393156421,
    21.190506637487));
#1305 = DIRECTION('',(0.600846695681,-0.793084641315,-1.E-01));
#1306 = DIRECTION('',(-0.797080055223,-0.603873650333,
    -6.938893903907E-18));
#1307 = ORIENTED_EDGE('',*,*,#1250,.F.);
#1308 = ORIENTED_EDGE('',*,*,#549,.T.);
#1309 = ORIENTED_EDGE('',*,*,#1310,.T.);
#1310 = EDGE_CURVE('',#542,#1300,#1311,.T.);
#1311 = LINE('',#1312,#1313);
#1312 = CARTESIAN_POINT('',(70.082489287061,36.625916121822,
    23.615749197665));
#1313 = VECTOR('',#1314,1.);
#1314 = DIRECTION('',(0.600846695681,-0.793084641315,-0.1));
#1315 = CYLINDRICAL_SURFACE('',#1316,5.414656965084);
#1316 = AXIS2_PLACEMENT_3D('',#1317,#1318,#1319);
#1317 = CARTESIAN_POINT('',(65.837943401412,33.593139157392,
    22.165023807326));
#1318 = DIRECTION('',(0.600846695681,-0.793084641315,-0.1));
#1319 = DIRECTION('',(-0.797080055223,-0.603873650333,
    -6.938893903907E-18));
#1320 = ADVANCED_FACE('',(#1321),#1340,.T.);
#1321 = FACE_BOUND('',#1322,.T.);
#1322 = EDGE_LOOP('',(#1323,#1324,#1333,#1339));
#1323 = ORIENTED_EDGE('',*,*,#1283,.T.);
#1324 = ORIENTED_EDGE('',*,*,#1325,.F.);
#1325 = EDGE_CURVE('',#1326,#1275,#1328,.T.);
#1326 = VERTEX_POINT('',#1327);
#1327 = CARTESIAN_POINT('',(42.118283610353,3.275225436734,
    22.641232027826));
#1328 = CIRCLE('',#1329,5.414656965084);
#1329 = AXIS2_PLACEMENT_3D('',#1330,#1331,#1332);
#1330 = CARTESIAN_POINT('',(46.186735848099,6.540436345779,
    21.190506637487));
#1331 = DIRECTION('',(0.600846695681,-0.793084641315,-1.E-01));
#1332 = DIRECTION('',(-0.797080055223,-0.603873650333,
    -6.938893903907E-18));
#1333 = ORIENTED_EDGE('',*,*,#1334,.F.);
#1334 = EDGE_CURVE('',#462,#1326,#1335,.T.);
#1335 = LINE('',#1336,#1337);
#1336 = CARTESIAN_POINT('',(36.262929396535,11.003971437706,
    23.615749197665));
#1337 = VECTOR('',#1338,1.);
#1338 = DIRECTION('',(0.600846695681,-0.793084641315,-0.1));
#1339 = ORIENTED_EDGE('',*,*,#461,.T.);
#1340 = CYLINDRICAL_SURFACE('',#1341,5.414656965084);
#1341 = AXIS2_PLACEMENT_3D('',#1342,#1343,#1344);
#1342 = CARTESIAN_POINT('',(40.331381634281,14.269182346751,
    22.165023807326));
#1343 = DIRECTION('',(0.600846695681,-0.793084641315,-0.1));
#1344 = DIRECTION('',(-0.797080055223,-0.603873650333,
    -6.938893903907E-18));
#1345 = ADVANCED_FACE('',(#1346),#1364,.T.);
#1346 = FACE_BOUND('',#1347,.F.);
#1347 = EDGE_LOOP('',(#1348,#1356,#1357,#1358));
#1348 = ORIENTED_EDGE('',*,*,#1349,.F.);
#1349 = EDGE_CURVE('',#533,#1350,#1352,.T.);
#1350 = VERTEX_POINT('',#1351);
#1351 = CARTESIAN_POINT('',(76.393282962227,28.296015043458,
    30.145393571447));
#1352 = LINE('',#1353,#1354);
#1353 = CARTESIAN_POINT('',(71.925091054279,34.193782980131,
    30.889042815101));
#1354 = VECTOR('',#1355,1.);
#1355 = DIRECTION('',(0.600846695681,-0.793084641315,-0.1));
#1356 = ORIENTED_EDGE('',*,*,#541,.F.);
#1357 = ORIENTED_EDGE('',*,*,#1310,.T.);
#1358 = ORIENTED_EDGE('',*,*,#1359,.T.);
#1359 = EDGE_CURVE('',#1300,#1350,#1360,.T.);
#1360 = LINE('',#1361,#1362);
#1361 = CARTESIAN_POINT('',(75.306310391628,29.730759142859,
    12.235619703528));
#1362 = VECTOR('',#1363,1.);
#1363 = DIRECTION('',(6.038736503325E-02,-7.970800552228E-02,
    0.994987437107));
#1364 = PLANE('',#1365);
#1365 = AXIS2_PLACEMENT_3D('',#1366,#1367,#1368);
#1366 = CARTESIAN_POINT('',(70.838118483681,35.628527079532,
    12.979268947182));
#1367 = DIRECTION('',(0.797080055223,0.603873650333,8.380430382045E-18)
  );
#1368 = DIRECTION('',(-6.038736503325E-02,7.970800552228E-02,
    -0.994987437107));
#1369 = ADVANCED_FACE('',(#1370),#1388,.F.);
#1370 = FACE_BOUND('',#1371,.T.);
#1371 = EDGE_LOOP('',(#1372,#1380,#1381,#1382));
#1372 = ORIENTED_EDGE('',*,*,#1373,.F.);
#1373 = EDGE_CURVE('',#525,#1374,#1376,.T.);
#1374 = VERTEX_POINT('',#1375);
#1375 = CARTESIAN_POINT('',(42.573723071701,2.674070359341,
    30.145393571447));
#1376 = LINE('',#1377,#1378);
#1377 = CARTESIAN_POINT('',(38.105531163753,8.571838296015,
    30.889042815101));
#1378 = VECTOR('',#1379,1.);
#1379 = DIRECTION('',(0.600846695681,-0.793084641315,-0.1));
#1380 = ORIENTED_EDGE('',*,*,#524,.F.);
#1381 = ORIENTED_EDGE('',*,*,#1334,.T.);
#1382 = ORIENTED_EDGE('',*,*,#1383,.T.);
#1383 = EDGE_CURVE('',#1326,#1374,#1384,.T.);
#1384 = LINE('',#1385,#1386);
#1385 = CARTESIAN_POINT('',(41.486750501102,4.108814458742,
    12.235619703528));
#1386 = VECTOR('',#1387,1.);
#1387 = DIRECTION('',(6.038736503325E-02,-7.970800552228E-02,
    0.994987437107));
#1388 = PLANE('',#1389);
#1389 = AXIS2_PLACEMENT_3D('',#1390,#1391,#1392);
#1390 = CARTESIAN_POINT('',(37.018558593155,10.006582395416,
    12.979268947182));
#1391 = DIRECTION('',(0.797080055223,0.603873650333,8.380430382045E-18)
  );
#1392 = DIRECTION('',(-6.038736503325E-02,7.970800552228E-02,
    -0.994987437107));
#1393 = ADVANCED_FACE('',(#1394),#1405,.T.);
#1394 = FACE_BOUND('',#1395,.F.);
#1395 = EDGE_LOOP('',(#1396,#1397,#1398,#1399));
#1396 = ORIENTED_EDGE('',*,*,#1373,.F.);
#1397 = ORIENTED_EDGE('',*,*,#532,.T.);
#1398 = ORIENTED_EDGE('',*,*,#1349,.T.);
#1399 = ORIENTED_EDGE('',*,*,#1400,.F.);
#1400 = EDGE_CURVE('',#1374,#1350,#1401,.T.);
#1401 = LINE('',#1402,#1403);
#1402 = CARTESIAN_POINT('',(42.573723071701,2.674070359341,
    30.145393571447));
#1403 = VECTOR('',#1404,1.);
#1404 = DIRECTION('',(0.797080055223,0.603873650333,8.380430382045E-18)
  );
#1405 = PLANE('',#1406);
#1406 = AXIS2_PLACEMENT_3D('',#1407,#1408,#1409);
#1407 = CARTESIAN_POINT('',(38.105531163753,8.571838296015,
    30.889042815101));
#1408 = DIRECTION('',(6.038736503325E-02,-7.970800552228E-02,
    0.994987437107));
#1409 = DIRECTION('',(-0.797080055223,-0.603873650333,
    -8.380430382045E-18));
#1410 = ADVANCED_FACE('',(#1411),#1470,.F.);
#1411 = FACE_BOUND('',#1412,.F.);
#1412 = EDGE_LOOP('',(#1413,#1414,#1422,#1469));
#1413 = ORIENTED_EDGE('',*,*,#618,.F.);
#1414 = ORIENTED_EDGE('',*,*,#1415,.F.);
#1415 = EDGE_CURVE('',#1416,#619,#1418,.T.);
#1416 = VERTEX_POINT('',#1417);
#1417 = CARTESIAN_POINT('',(73.518752214049,40.371713873281,
    21.855659419812));
#1418 = LINE('',#1419,#1420);
#1419 = CARTESIAN_POINT('',(73.213442691801,40.603018589129,
    21.894155881141));
#1420 = VECTOR('',#1421,1.);
#1421 = DIRECTION('',(0.793084641315,-0.600846695681,-0.1));
#1422 = ORIENTED_EDGE('',*,*,#1423,.T.);
#1423 = EDGE_CURVE('',#1416,#1416,#1424,.T.);
#1424 = B_SPLINE_CURVE_WITH_KNOTS('',7,(#1425,#1426,#1427,#1428,#1429,
    #1430,#1431,#1432,#1433,#1434,#1435,#1436,#1437,#1438,#1439,#1440,
    #1441,#1442,#1443,#1444,#1445,#1446,#1447,#1448,#1449,#1450,#1451,
    #1452,#1453,#1454,#1455,#1456,#1457,#1458,#1459,#1460,#1461,#1462,
    #1463,#1464,#1465,#1466,#1467,#1468),.UNSPECIFIED.,.T.,.F.,(8,6,6,6,
    6,6,6,8),(0.,0.152709085152,0.285432656257,0.421462313882,
    0.588710970466,0.714460934923,0.837666553674,1.),.UNSPECIFIED.);
#1425 = CARTESIAN_POINT('',(73.518752214049,40.371713873281,
    21.855659419812));
#1426 = CARTESIAN_POINT('',(73.518752214049,40.371713873281,
    22.053568013393));
#1427 = CARTESIAN_POINT('',(73.502592531947,40.349560691126,
    22.251399109465));
#1428 = CARTESIAN_POINT('',(73.470276374043,40.305258391048,
    22.446789708936));
#1429 = CARTESIAN_POINT('',(73.421253174144,40.238141675592,
    22.637029486368));
#1430 = CARTESIAN_POINT('',(73.354628976431,40.147158998817,
    22.818528086529));
#1431 = CARTESIAN_POINT('',(73.269329266936,40.031153143588,
    22.986243117218));
#1432 = CARTESIAN_POINT('',(73.073509976656,39.766379537922,
    23.2596502072));
#1433 = CARTESIAN_POINT('',(72.96457549576,39.619591586907,
    23.375021495193));
#1434 = CARTESIAN_POINT('',(72.839758698733,39.452184854281,
    23.465456774681));
#1435 = CARTESIAN_POINT('',(72.703353251989,39.2703554868,
    23.521859838508));
#1436 = CARTESIAN_POINT('',(72.561285959976,39.082315266591,
    23.539327406733));
#1437 = CARTESIAN_POINT('',(72.42009692292,38.896656451673,
    23.517429948773));
#1438 = CARTESIAN_POINT('',(72.148066893697,38.540935646549,
    23.402075661799));
#1439 = CARTESIAN_POINT('',(72.022367803664,38.377649205533,
    23.308885415858));
#1440 = CARTESIAN_POINT('',(71.911049633684,38.233897368477,
    23.1888046001));
#1441 = CARTESIAN_POINT('',(71.815290476627,38.110810268164,
    23.048481114108));
#1442 = CARTESIAN_POINT('',(71.735539884093,38.008651396893,
    22.893776349145));
#1443 = CARTESIAN_POINT('',(71.671654141039,37.927009856145,
    22.729902940115));
#1444 = CARTESIAN_POINT('',(71.56309175631,37.788494794259,
    22.354363413369));
#1445 = CARTESIAN_POINT('',(71.525429725214,37.740637447876,
    22.137734180478));
#1446 = CARTESIAN_POINT('',(71.508824345805,37.719579670878,
    21.916514827219));
#1447 = CARTESIAN_POINT('',(71.512826903115,37.724657761935,
    21.693988525643));
#1448 = CARTESIAN_POINT('',(71.537585980619,37.756071240547,
    21.473537110272));
#1449 = CARTESIAN_POINT('',(71.58369480856,37.814709142058,
    21.259078904304));
#1450 = CARTESIAN_POINT('',(71.703328530372,37.967512862814,
    20.904032591931));
#1451 = CARTESIAN_POINT('',(71.767801712093,38.050006357148,
    20.756568295909));
#1452 = CARTESIAN_POINT('',(71.845856266535,38.150124502857,
    20.618005413557));
#1453 = CARTESIAN_POINT('',(71.937487349528,38.268055303414,
    20.492746761227));
#1454 = CARTESIAN_POINT('',(72.042201963286,38.403420941417,
    20.385627727602));
#1455 = CARTESIAN_POINT('',(72.158936675512,38.555149546205,
    20.302001958867));
#1456 = CARTESIAN_POINT('',(72.410007573028,38.883463085938,
    20.195160768441));
#1457 = CARTESIAN_POINT('',(72.540621964276,39.055144600007,
    20.172169985693));
#1458 = CARTESIAN_POINT('',(72.672646466284,39.229725032853,
    20.18306283325));
#1459 = CARTESIAN_POINT('',(72.800616104106,39.400045724538,
    20.227954504165));
#1460 = CARTESIAN_POINT('',(72.919450157068,39.559130272493,
    20.30325018175));
#1461 = CARTESIAN_POINT('',(73.025252693046,39.701421598846,
    20.401821051468));
#1462 = CARTESIAN_POINT('',(73.235172368108,39.984727045391,
    20.659655128567));
#1463 = CARTESIAN_POINT('',(73.332347310335,40.116738838248,
    20.833489578303));
#1464 = CARTESIAN_POINT('',(73.408090506492,40.220123158938,
    21.024437804921));
#1465 = CARTESIAN_POINT('',(73.463744267905,40.296303323301,
    21.226111371612));
#1466 = CARTESIAN_POINT('',(73.500394652952,40.346547689722,
    21.433936816623));
#1467 = CARTESIAN_POINT('',(73.518752214049,40.371713873281,
    21.644727391697));
#1468 = CARTESIAN_POINT('',(73.518752214049,40.371713873281,
    21.855659419812));
#1469 = ORIENTED_EDGE('',*,*,#1415,.T.);
#1470 = CYLINDRICAL_SURFACE('',#1471,1.65);
#1471 = AXIS2_PLACEMENT_3D('',#1472,#1473,#1474);
#1472 = CARTESIAN_POINT('',(72.217051168753,39.287836498011,
    21.894155881141));
#1473 = DIRECTION('',(0.793084641315,-0.600846695681,-0.1));
#1474 = DIRECTION('',(0.603873650333,0.797080055223,-6.938893903907E-18)
  );
#1475 = ADVANCED_FACE('',(#1476),#1535,.F.);
#1476 = FACE_BOUND('',#1477,.F.);
#1477 = EDGE_LOOP('',(#1478,#1479,#1487,#1534));
#1478 = ORIENTED_EDGE('',*,*,#669,.F.);
#1479 = ORIENTED_EDGE('',*,*,#1480,.F.);
#1480 = EDGE_CURVE('',#1481,#670,#1483,.T.);
#1481 = VERTEX_POINT('',#1482);
#1482 = CARTESIAN_POINT('',(85.290133038117,62.273146920309,
    21.855659419812));
#1483 = LINE('',#1484,#1485);
#1484 = CARTESIAN_POINT('',(84.933612333688,62.413178214175,
    21.894155881141));
#1485 = VECTOR('',#1486,1.);
#1486 = DIRECTION('',(0.92611292603,-0.363751080054,-0.1));
#1487 = ORIENTED_EDGE('',*,*,#1488,.T.);
#1488 = EDGE_CURVE('',#1481,#1481,#1489,.T.);
#1489 = B_SPLINE_CURVE_WITH_KNOTS('',7,(#1490,#1491,#1492,#1493,#1494,
    #1495,#1496,#1497,#1498,#1499,#1500,#1501,#1502,#1503,#1504,#1505,
    #1506,#1507,#1508,#1509,#1510,#1511,#1512,#1513,#1514,#1515,#1516,
    #1517,#1518,#1519,#1520,#1521,#1522,#1523,#1524,#1525,#1526,#1527,
    #1528,#1529,#1530,#1531,#1532,#1533),.UNSPECIFIED.,.T.,.F.,(8,6,6,6,
    6,6,6,8),(0.,0.152709085136,0.285432656228,0.42146231384,
    0.588710970406,0.714460934871,0.837666553645,1.),.UNSPECIFIED.);
#1490 = CARTESIAN_POINT('',(85.290133038117,62.273146920309,
    21.855659419812));
#1491 = CARTESIAN_POINT('',(85.290133038117,62.273146920309,
    22.053568013393));
#1492 = CARTESIAN_POINT('',(85.280572849524,62.247446694643,
    22.251399109464));
#1493 = CARTESIAN_POINT('',(85.261454458874,62.196051023688,
    22.446789708937));
#1494 = CARTESIAN_POINT('',(85.232427930111,62.118170421163,
    22.637029486367));
#1495 = CARTESIAN_POINT('',(85.192917302972,62.012550624073,
    22.81852808653));
#1496 = CARTESIAN_POINT('',(85.142201401415,61.877786770549,
    22.986243117218));
#1497 = CARTESIAN_POINT('',(85.025358920357,61.569893783745,
    23.2596502072));
#1498 = CARTESIAN_POINT('',(84.960222392301,61.399099590624,
    23.375021495193));
#1499 = CARTESIAN_POINT('',(84.885377366757,61.204157370721,
    23.465456774682));
#1500 = CARTESIAN_POINT('',(84.803280102043,60.992194157153,
    23.521859838507));
#1501 = CARTESIAN_POINT('',(84.71741345303,60.772719424067,
    23.539327406733));
#1502 = CARTESIAN_POINT('',(84.631747692185,60.555774921576,
    23.517429948773));
#1503 = CARTESIAN_POINT('',(84.466156293264,60.139701470609,
    23.402075661799));
#1504 = CARTESIAN_POINT('',(84.389346656945,59.94848692403,
    23.308885415857));
#1505 = CARTESIAN_POINT('',(84.321093625086,59.779970309815,
    23.188804600101));
#1506 = CARTESIAN_POINT('',(84.262225417175,59.635558452542,
    23.048481114107));
#1507 = CARTESIAN_POINT('',(84.213103483316,59.515626690264,
    22.893776349146));
#1508 = CARTESIAN_POINT('',(84.173700692394,59.419740562963,
    22.729902940114));
#1509 = CARTESIAN_POINT('',(84.106683121021,59.257011159122,
    22.354363413369));
#1510 = CARTESIAN_POINT('',(84.083380667615,59.200746162415,
    22.137734180477));
#1511 = CARTESIAN_POINT('',(84.073094922173,59.17597981351,
    21.91651482722));
#1512 = CARTESIAN_POINT('',(84.07557356586,59.181951731064,
    21.693988525642));
#1513 = CARTESIAN_POINT('',(84.090905631132,59.218894204342,
    21.473537110272));
#1514 = CARTESIAN_POINT('',(84.119421565646,59.287823653683,
    21.259078904304));
#1515 = CARTESIAN_POINT('',(84.19322963789,59.467305053689,
    20.904032591907));
#1516 = CARTESIAN_POINT('',(84.232967338117,59.564170336158,
    20.756568295913));
#1517 = CARTESIAN_POINT('',(84.281008914576,59.68167847841,
    20.618005413576));
#1518 = CARTESIAN_POINT('',(84.337298816424,59.820009154829,
    20.492746761236));
#1519 = CARTESIAN_POINT('',(84.401464713913,59.978665210163,
    20.385627727593));
#1520 = CARTESIAN_POINT('',(84.472772997987,60.156326942622,
    20.302001958861));
#1521 = CARTESIAN_POINT('',(84.625606055663,60.540343130318,
    20.195160768441));
#1522 = CARTESIAN_POINT('',(84.704875189788,60.740969813111,
    20.172169985693));
#1523 = CARTESIAN_POINT('',(84.784717137347,60.944768881002,
    20.183062833249));
#1524 = CARTESIAN_POINT('',(84.861808581483,61.143369675214,
    20.227954504165));
#1525 = CARTESIAN_POINT('',(84.933146783705,61.32868099825,
    20.303250181751));
#1526 = CARTESIAN_POINT('',(84.996485394239,61.494298686284,
    20.401821051468));
#1527 = CARTESIAN_POINT('',(85.121885837628,61.82384834084,
    20.659655128567));
#1528 = CARTESIAN_POINT('',(85.179701305921,61.977234958498,
    20.833489578304));
#1529 = CARTESIAN_POINT('',(85.224633738008,62.097261730825,
    21.024437804919));
#1530 = CARTESIAN_POINT('',(85.257590084966,62.185662170853,
    21.226111371614));
#1531 = CARTESIAN_POINT('',(85.279272553346,62.243951257705,
    21.433936816622));
#1532 = CARTESIAN_POINT('',(85.290133038117,62.273146920309,
    21.644727391697));
#1533 = CARTESIAN_POINT('',(85.290133038117,62.273146920309,
    21.855659419812));
#1534 = ORIENTED_EDGE('',*,*,#1480,.T.);
#1535 = CYLINDRICAL_SURFACE('',#1536,1.65);
#1536 = AXIS2_PLACEMENT_3D('',#1537,#1538,#1539);
#1537 = CARTESIAN_POINT('',(84.330399408875,60.877393669606,
    21.894155881141));
#1538 = DIRECTION('',(0.92611292603,-0.363751080054,-0.1));
#1539 = DIRECTION('',(0.365583590796,0.93077851186,6.938893903907E-18));
#1540 = ADVANCED_FACE('',(#1541),#1606,.F.);
#1541 = FACE_BOUND('',#1542,.F.);
#1542 = EDGE_LOOP('',(#1543,#1544,#1552,#1605));
#1543 = ORIENTED_EDGE('',*,*,#720,.F.);
#1544 = ORIENTED_EDGE('',*,*,#1545,.F.);
#1545 = EDGE_CURVE('',#1546,#721,#1548,.T.);
#1546 = VERTEX_POINT('',#1547);
#1547 = CARTESIAN_POINT('',(90.545513502087,84.916499317813,
    23.512384681357));
#1548 = LINE('',#1549,#1550);
#1549 = CARTESIAN_POINT('',(90.31367964154,84.939799497484,
    23.535802243028));
#1550 = VECTOR('',#1551,1.);
#1551 = DIRECTION('',(0.99,-9.949874371066E-02,-0.1));
#1552 = ORIENTED_EDGE('',*,*,#1553,.T.);
#1553 = EDGE_CURVE('',#1546,#1546,#1554,.T.);
#1554 = B_SPLINE_CURVE_WITH_KNOTS('',7,(#1555,#1556,#1557,#1558,#1559,
    #1560,#1561,#1562,#1563,#1564,#1565,#1566,#1567,#1568,#1569,#1570,
    #1571,#1572,#1573,#1574,#1575,#1576,#1577,#1578,#1579,#1580,#1581,
    #1582,#1583,#1584,#1585,#1586,#1587,#1588,#1589,#1590,#1591,#1592,
    #1593,#1594,#1595,#1596,#1597,#1598,#1599,#1600,#1601,#1602,#1603,
    #1604),.UNSPECIFIED.,.T.,.F.,(8,6,6,6,6,6,6,6,8),(0.,0.132166950471,
    0.316574176856,0.45518581939,0.587040572518,0.72662208129,
    0.812068455317,0.944482244564,1.),.UNSPECIFIED.);
#1555 = CARTESIAN_POINT('',(90.545513502088,84.916499317813,
    23.512384681357));
#1556 = CARTESIAN_POINT('',(90.522007638403,84.682189818412,
    23.514759011022));
#1557 = CARTESIAN_POINT('',(90.498395876348,84.45394707525,
    23.477731406211));
#1558 = CARTESIAN_POINT('',(90.475499109076,84.239297442152,
    23.405084276721));
#1559 = CARTESIAN_POINT('',(90.454139550035,84.044433878671,
    23.302117146194));
#1560 = CARTESIAN_POINT('',(90.435059133549,83.873970422482,
    23.175547469652));
#1561 = CARTESIAN_POINT('',(90.41875067724,83.730467451277,
    23.033349235814));
#1562 = CARTESIAN_POINT('',(90.386667612235,83.451202430852,
    22.677028695698));
#1563 = CARTESIAN_POINT('',(90.37289302023,83.334314270693,
    22.448263946509));
#1564 = CARTESIAN_POINT('',(90.364112660437,83.260859891403,
    22.20841488119));
#1565 = CARTESIAN_POINT('',(90.360237840163,83.228566266009,
    21.963617426966));
#1566 = CARTESIAN_POINT('',(90.361166974806,83.236194802304,
    21.718605171334));
#1567 = CARTESIAN_POINT('',(90.366902875607,83.284066979423,
    21.477151054671));
#1568 = CARTESIAN_POINT('',(90.385598431077,83.443091491957,
    21.07048393874));
#1569 = CARTESIAN_POINT('',(90.396459373305,83.535993405895,
    20.90016084541));
#1570 = CARTESIAN_POINT('',(90.410217937181,83.654733257257,
    20.737840966831));
#1571 = CARTESIAN_POINT('',(90.426840750327,83.800127907213,
    20.588158739871));
#1572 = CARTESIAN_POINT('',(90.446170969103,83.972402872644,
    20.456687072409));
#1573 = CARTESIAN_POINT('',(90.467883170359,84.170862949417,
    20.350164256282));
#1574 = CARTESIAN_POINT('',(90.513863500694,84.603958500534,
    20.207696204455));
#1575 = CARTESIAN_POINT('',(90.537454794123,84.831645831982,
    20.170115743247));
#1576 = CARTESIAN_POINT('',(90.561059096128,85.066450721188,
    20.171123897218));
#1577 = CARTESIAN_POINT('',(90.583443143707,85.297087352266,
    20.212106234282));
#1578 = CARTESIAN_POINT('',(90.603666414762,85.512386643308,
    20.289328307909));
#1579 = CARTESIAN_POINT('',(90.621160796324,85.703514789739,
    20.394146685425));
#1580 = CARTESIAN_POINT('',(90.651089083215,86.036979853608,
    20.638967228868));
#1581 = CARTESIAN_POINT('',(90.663696250997,86.181702207866,
    20.785003997204));
#1582 = CARTESIAN_POINT('',(90.673771265618,86.300069376298,
    20.944759321745));
#1583 = CARTESIAN_POINT('',(90.681568562464,86.393156183773,
    21.11377870557));
#1584 = CARTESIAN_POINT('',(90.687281981909,86.462071567002,
    21.288819413322));
#1585 = CARTESIAN_POINT('',(90.691044033305,86.507667528686,
    21.467464921319));
#1586 = CARTESIAN_POINT('',(90.694043419634,86.544084180571,
    21.758184686098));
#1587 = CARTESIAN_POINT('',(90.694469628575,86.549288354797,
    21.86919233399));
#1588 = CARTESIAN_POINT('',(90.694194397639,86.545940448663,
    21.980353650834));
#1589 = CARTESIAN_POINT('',(90.693218037923,86.534037863312,
    22.091225016077));
#1590 = CARTESIAN_POINT('',(90.691530105843,86.513510100623,
    22.201347375104));
#1591 = CARTESIAN_POINT('',(90.689109599322,86.484225142872,
    22.310210987948));
#1592 = CARTESIAN_POINT('',(90.680990310621,86.386752969023,
    22.583049243335));
#1593 = CARTESIAN_POINT('',(90.674198652316,86.305765106563,
    22.745168553446));
#1594 = CARTESIAN_POINT('',(90.665417353274,86.202156988416,
    22.900808218625));
#1595 = CARTESIAN_POINT('',(90.654482771245,86.075138664792,
    23.046536970035));
#1596 = CARTESIAN_POINT('',(90.641213782983,85.924211976809,
    23.178125707781));
#1597 = CARTESIAN_POINT('',(90.62542530086,85.749453461458,
    23.290320946356));
#1598 = CARTESIAN_POINT('',(90.59932948958,85.469560844768,
    23.412372807397));
#1599 = CARTESIAN_POINT('',(90.591177380528,85.383076426691,
    23.443759148654));
#1600 = CARTESIAN_POINT('',(90.582621347603,85.293371923975,
    23.469805476328));
#1601 = CARTESIAN_POINT('',(90.573711877633,85.201114824277,
    23.489987637024));
#1602 = CARTESIAN_POINT('',(90.564509654018,85.107035563517,
    23.503931704325));
#1603 = CARTESIAN_POINT('',(90.555084363356,85.011902904882,
    23.511417927693));
#1604 = CARTESIAN_POINT('',(90.545513502088,84.916499317813,
    23.512384681357));
#1605 = ORIENTED_EDGE('',*,*,#1545,.T.);
#1606 = CYLINDRICAL_SURFACE('',#1607,1.65);
#1607 = AXIS2_PLACEMENT_3D('',#1608,#1609,#1610);
#1608 = CARTESIAN_POINT('',(90.147856776702,84.939799497484,
    21.894155881141));
#1609 = DIRECTION('',(0.99,-9.949874371066E-02,-0.1));
#1610 = DIRECTION('',(0.100498705962,0.,0.994937189022));
#1611 = ADVANCED_FACE('',(#1612),#1637,.F.);
#1612 = FACE_BOUND('',#1613,.F.);
#1613 = EDGE_LOOP('',(#1614,#1624,#1630,#1631));
#1614 = ORIENTED_EDGE('',*,*,#1615,.F.);
#1615 = EDGE_CURVE('',#1616,#1618,#1620,.T.);
#1616 = VERTEX_POINT('',#1617);
#1617 = CARTESIAN_POINT('',(23.,94.,0.));
#1618 = VERTEX_POINT('',#1619);
#1619 = CARTESIAN_POINT('',(23.,94.,3.));
#1620 = LINE('',#1621,#1622);
#1621 = CARTESIAN_POINT('',(23.,94.,0.));
#1622 = VECTOR('',#1623,1.);
#1623 = DIRECTION('',(0.,0.,1.));
#1624 = ORIENTED_EDGE('',*,*,#1625,.T.);
#1625 = EDGE_CURVE('',#1616,#784,#1626,.T.);
#1626 = LINE('',#1627,#1628);
#1627 = CARTESIAN_POINT('',(-200.,94.,0.));
#1628 = VECTOR('',#1629,1.);
#1629 = DIRECTION('',(1.,0.,-0.));
#1630 = ORIENTED_EDGE('',*,*,#783,.T.);
#1631 = ORIENTED_EDGE('',*,*,#1632,.F.);
#1632 = EDGE_CURVE('',#1618,#786,#1633,.T.);
#1633 = LINE('',#1634,#1635);
#1634 = CARTESIAN_POINT('',(-200.,94.,3.));
#1635 = VECTOR('',#1636,1.);
#1636 = DIRECTION('',(1.,0.,-0.));
#1637 = PLANE('',#1638);
#1638 = AXIS2_PLACEMENT_3D('',#1639,#1640,#1641);
#1639 = CARTESIAN_POINT('',(-400.,94.,-400.));
#1640 = DIRECTION('',(0.,-1.,0.));
#1641 = DIRECTION('',(1.,0.,0.));
#1642 = ADVANCED_FACE('',(#1643),#1661,.T.);
#1643 = FACE_BOUND('',#1644,.T.);
#1644 = EDGE_LOOP('',(#1645,#1646,#1653,#1654));
#1645 = ORIENTED_EDGE('',*,*,#897,.F.);
#1646 = ORIENTED_EDGE('',*,*,#1647,.T.);
#1647 = EDGE_CURVE('',#122,#66,#1648,.T.);
#1648 = CIRCLE('',#1649,91.);
#1649 = AXIS2_PLACEMENT_3D('',#1650,#1651,#1652);
#1650 = CARTESIAN_POINT('',(1.42108547152E-14,94.,3.));
#1651 = DIRECTION('',(0.,0.,1.));
#1652 = DIRECTION('',(1.,0.,-0.));
#1653 = ORIENTED_EDGE('',*,*,#800,.F.);
#1654 = ORIENTED_EDGE('',*,*,#1655,.F.);
#1655 = EDGE_CURVE('',#890,#786,#1656,.T.);
#1656 = CIRCLE('',#1657,28.);
#1657 = AXIS2_PLACEMENT_3D('',#1658,#1659,#1660);
#1658 = CARTESIAN_POINT('',(1.42108547152E-14,94.,3.));
#1659 = DIRECTION('',(0.,0.,1.));
#1660 = DIRECTION('',(1.,0.,-0.));
#1661 = PLANE('',#1662);
#1662 = AXIS2_PLACEMENT_3D('',#1663,#1664,#1665);
#1663 = CARTESIAN_POINT('',(1.42108547152E-14,94.,3.));
#1664 = DIRECTION('',(0.,0.,1.));
#1665 = DIRECTION('',(1.,0.,-0.));
#1666 = ADVANCED_FACE('',(#1667,#1673,#1676,#1679,#1682,#1685,#1910,
    #1913,#1916),#1919,.F.);
#1667 = FACE_BOUND('',#1668,.F.);
#1668 = EDGE_LOOP('',(#1669,#1670,#1671,#1672));
#1669 = ORIENTED_EDGE('',*,*,#1647,.T.);
#1670 = ORIENTED_EDGE('',*,*,#814,.T.);
#1671 = ORIENTED_EDGE('',*,*,#914,.F.);
#1672 = ORIENTED_EDGE('',*,*,#865,.F.);
#1673 = FACE_BOUND('',#1674,.F.);
#1674 = EDGE_LOOP('',(#1675));
#1675 = ORIENTED_EDGE('',*,*,#938,.F.);
#1676 = FACE_BOUND('',#1677,.F.);
#1677 = EDGE_LOOP('',(#1678));
#1678 = ORIENTED_EDGE('',*,*,#1003,.F.);
#1679 = FACE_BOUND('',#1680,.F.);
#1680 = EDGE_LOOP('',(#1681));
#1681 = ORIENTED_EDGE('',*,*,#1068,.F.);
#1682 = FACE_BOUND('',#1683,.F.);
#1683 = EDGE_LOOP('',(#1684));
#1684 = ORIENTED_EDGE('',*,*,#1139,.F.);
#1685 = FACE_BOUND('',#1686,.F.);
#1686 = EDGE_LOOP('',(#1687,#1698,#1707,#1716,#1779,#1842,#1851));
#1687 = ORIENTED_EDGE('',*,*,#1688,.F.);
#1688 = EDGE_CURVE('',#1689,#1691,#1693,.T.);
#1689 = VERTEX_POINT('',#1690);
#1690 = CARTESIAN_POINT('',(67.866846011452,33.377469432084,
    12.979268947182));
#1691 = VERTEX_POINT('',#1692);
#1692 = CARTESIAN_POINT('',(66.526902491378,31.90997467465,
    16.56673811615));
#1693 = ELLIPSE('',#1694,910.,91.);
#1694 = AXIS2_PLACEMENT_3D('',#1695,#1696,#1697);
#1695 = CARTESIAN_POINT('',(1.42108547152E-14,94.,-875.5844118858));
#1696 = DIRECTION('',(0.600846695681,-0.793084641315,-0.1));
#1697 = DIRECTION('',(6.038736503325E-02,-7.970800552228E-02,
    0.994987437107));
#1698 = ORIENTED_EDGE('',*,*,#1699,.F.);
#1699 = EDGE_CURVE('',#1700,#1689,#1702,.T.);
#1700 = VERTEX_POINT('',#1701);
#1701 = CARTESIAN_POINT('',(39.989831065383,12.257640042863,
    12.979268947182));
#1702 = ELLIPSE('',#1703,91.458441188588,91.);
#1703 = AXIS2_PLACEMENT_3D('',#1704,#1705,#1706);
#1704 = CARTESIAN_POINT('',(1.42108547152E-14,94.,21.954659662667));
#1705 = DIRECTION('',(6.038736503325E-02,-7.970800552228E-02,
    0.994987437107));
#1706 = DIRECTION('',(-0.600846695681,0.793084641315,0.1));
#1707 = ORIENTED_EDGE('',*,*,#1708,.F.);
#1708 = EDGE_CURVE('',#1709,#1700,#1711,.T.);
#1709 = VERTEX_POINT('',#1710);
#1710 = CARTESIAN_POINT('',(41.765232968493,13.150353648965,
    16.56673811615));
#1711 = ELLIPSE('',#1712,910.,91.);
#1712 = AXIS2_PLACEMENT_3D('',#1713,#1714,#1715);
#1713 = CARTESIAN_POINT('',(1.42108547152E-14,94.,-875.5844118858));
#1714 = DIRECTION('',(0.600846695681,-0.793084641315,-0.1));
#1715 = DIRECTION('',(6.038736503325E-02,-7.970800552228E-02,
    0.994987437107));
#1716 = ORIENTED_EDGE('',*,*,#1717,.F.);
#1717 = EDGE_CURVE('',#1718,#1709,#1720,.T.);
#1718 = VERTEX_POINT('',#1719);
#1719 = CARTESIAN_POINT('',(36.34004868855,10.570983097523,
    22.111003018106));
#1720 = B_SPLINE_CURVE_WITH_KNOTS('',8,(#1721,#1722,#1723,#1724,#1725,
    #1726,#1727,#1728,#1729,#1730,#1731,#1732,#1733,#1734,#1735,#1736,
    #1737,#1738,#1739,#1740,#1741,#1742,#1743,#1744,#1745,#1746,#1747,
    #1748,#1749,#1750,#1751,#1752,#1753,#1754,#1755,#1756,#1757,#1758,
    #1759,#1760,#1761,#1762,#1763,#1764,#1765,#1766,#1767,#1768,#1769,
    #1770,#1771,#1772,#1773,#1774,#1775,#1776,#1777,#1778),
  .UNSPECIFIED.,.T.,.F.,(9,7,7,7,7,7,7,7,9),(0.,0.144775430056,
    0.265423616365,0.382063578605,0.505272032979,0.628784634981,
    0.731784333188,0.839998261873,1.),.UNSPECIFIED.);
#1721 = CARTESIAN_POINT('',(36.34004868855,10.570983097523,
    22.111003018106));
#1722 = CARTESIAN_POINT('',(36.34004868855,10.570983097523,
    21.574971449747));
#1723 = CARTESIAN_POINT('',(36.396683734976,10.59565232437,
    21.040379546687));
#1724 = CARTESIAN_POINT('',(36.508879660089,10.644522272755,
    20.510946081997));
#1725 = CARTESIAN_POINT('',(36.676763958342,10.717906068688,
    19.99041691721));
#1726 = CARTESIAN_POINT('',(36.90134143856,10.816728036522,
    19.483337086518));
#1727 = CARTESIAN_POINT('',(37.184240191233,10.942465381248,
    18.995582779054));
#1728 = CARTESIAN_POINT('',(37.527355636228,11.097069022443,
    18.535071574728));
#1729 = CARTESIAN_POINT('',(38.269613310722,11.437451169053,
    17.761394903797));
#1730 = CARTESIAN_POINT('',(38.658290881102,11.61759333519,
    17.427706038621));
#1731 = CARTESIAN_POINT('',(39.096150367408,11.823219051556,
    17.127873023989));
#1732 = CARTESIAN_POINT('',(39.57813034322,12.053203457991,
    16.876063590253));
#1733 = CARTESIAN_POINT('',(40.096631809866,12.305244198644,
    16.684657879785));
#1734 = CARTESIAN_POINT('',(40.642135986117,12.575842243988,
    16.564110309783));
#1735 = CARTESIAN_POINT('',(41.203752357318,12.860267462201,
    16.522819112891));
#1736 = CARTESIAN_POINT('',(42.316315543122,13.435067467917,
    16.609839717814));
#1737 = CARTESIAN_POINT('',(42.840176765911,13.711074029127,
    16.730464611318));
#1738 = CARTESIAN_POINT('',(43.331947600202,13.97514295079,
    16.921082043271));
#1739 = CARTESIAN_POINT('',(43.784456177623,14.222381945236,
    17.172477031289));
#1740 = CARTESIAN_POINT('',(44.192328297189,14.448581303649,
    17.474060953774));
#1741 = CARTESIAN_POINT('',(44.552110192259,14.650551369969,
    17.813958849788));
#1742 = CARTESIAN_POINT('',(44.862486479632,14.826467042294,
    18.179132309643));
#1743 = CARTESIAN_POINT('',(45.401204100095,15.134087085607,
    18.953002038217));
#1744 = CARTESIAN_POINT('',(45.630585629372,15.266537891565,
    19.372535968386));
#1745 = CARTESIAN_POINT('',(45.815412357038,15.374147500766,
    19.807320170348));
#1746 = CARTESIAN_POINT('',(45.958197762344,15.457761410797,
    20.252464094237));
#1747 = CARTESIAN_POINT('',(46.060975676024,15.51816499467,
    20.704318451601));
#1748 = CARTESIAN_POINT('',(46.125185858904,15.555961860891,
    21.160090448206));
#1749 = CARTESIAN_POINT('',(46.151581818543,15.571486862308,
    21.617533029812));
#1750 = CARTESIAN_POINT('',(46.128596924731,15.557965834795,
    22.532688220014));
#1751 = CARTESIAN_POINT('',(46.079047848774,15.528820865334,
    22.98964236946));
#1752 = CARTESIAN_POINT('',(45.991620641935,15.477426313947,
    23.44314776775));
#1753 = CARTESIAN_POINT('',(45.865735343765,15.40361033126,
    23.890811694681));
#1754 = CARTESIAN_POINT('',(45.700204190888,15.306979644766,
    24.329742609987));
#1755 = CARTESIAN_POINT('',(45.493329108438,15.187006724519,
    24.756268878168));
#1756 = CARTESIAN_POINT('',(45.243024723475,15.043147246552,
    25.165589276214));
#1757 = CARTESIAN_POINT('',(44.700196517113,14.73479313725,
    25.872770581137));
#1758 = CARTESIAN_POINT('',(44.419114990853,14.576288495471,
    26.181075820232));
#1759 = CARTESIAN_POINT('',(44.103347610836,14.399801435941,
    26.469174104407));
#1760 = CARTESIAN_POINT('',(43.753346776883,14.206257925714,
    26.730165879156));
#1761 = CARTESIAN_POINT('',(43.370416350786,13.997144255635,
    26.957227065546));
#1762 = CARTESIAN_POINT('',(42.956748254583,13.774458598944,
    27.143605064303));
#1763 = CARTESIAN_POINT('',(42.515535834523,13.540672362409,
    27.282578366739));
#1764 = CARTESIAN_POINT('',(41.563283904989,13.044480817673,
    27.456474143027));
#1765 = CARTESIAN_POINT('',(41.061491788312,12.787297815448,
    27.483644096261));
#1766 = CARTESIAN_POINT('',(40.556919917451,12.533322951642,
    27.445324812021));
#1767 = CARTESIAN_POINT('',(40.061400665555,12.288565377452,
    27.342097673511));
#1768 = CARTESIAN_POINT('',(39.586632245123,12.058296186276,
    27.178496201226));
#1769 = CARTESIAN_POINT('',(39.143135828497,11.846692171613,
    26.962794433289));
#1770 = CARTESIAN_POINT('',(38.739262683347,11.656657352158,
    26.706824590133));
#1771 = CARTESIAN_POINT('',(37.850069379736,11.243039592818,
    26.010461445441));
#1772 = CARTESIAN_POINT('',(37.40371474964,11.040153592235,
    25.529034326757));
#1773 = CARTESIAN_POINT('',(37.040001453156,10.877761955976,
    25.003245545047));
#1774 = CARTESIAN_POINT('',(36.755399282753,10.752273468671,
    24.447936034231));
#1775 = CARTESIAN_POINT('',(36.546018622499,10.660700082681,
    23.873935803736));
#1776 = CARTESIAN_POINT('',(36.408403024835,10.600756806925,
    23.289251464663));
#1777 = CARTESIAN_POINT('',(36.34004868855,10.570983097523,
    22.699886424332));
#1778 = CARTESIAN_POINT('',(36.34004868855,10.570983097523,
    22.111003018106));
#1779 = ORIENTED_EDGE('',*,*,#1780,.F.);
#1780 = EDGE_CURVE('',#1781,#1718,#1783,.T.);
#1781 = VERTEX_POINT('',#1782);
#1782 = CARTESIAN_POINT('',(45.952100052754,15.454443150859,
    23.450010682796));
#1783 = B_SPLINE_CURVE_WITH_KNOTS('',8,(#1784,#1785,#1786,#1787,#1788,
    #1789,#1790,#1791,#1792,#1793,#1794,#1795,#1796,#1797,#1798,#1799,
    #1800,#1801,#1802,#1803,#1804,#1805,#1806,#1807,#1808,#1809,#1810,
    #1811,#1812,#1813,#1814,#1815,#1816,#1817,#1818,#1819,#1820,#1821,
    #1822,#1823,#1824,#1825,#1826,#1827,#1828,#1829,#1830,#1831,#1832,
    #1833,#1834,#1835,#1836,#1837,#1838,#1839,#1840,#1841),
  .UNSPECIFIED.,.T.,.F.,(9,7,7,7,7,7,7,7,9),(0.,0.144775430056,
    0.265423616365,0.382063578605,0.505272032979,0.628784634981,
    0.731784333188,0.839998261873,1.),.UNSPECIFIED.);
#1784 = CARTESIAN_POINT('',(36.34004868855,10.570983097523,
    22.111003018106));
#1785 = CARTESIAN_POINT('',(36.34004868855,10.570983097523,
    21.574971449747));
#1786 = CARTESIAN_POINT('',(36.396683734976,10.59565232437,
    21.040379546687));
#1787 = CARTESIAN_POINT('',(36.508879660089,10.644522272755,
    20.510946081997));
#1788 = CARTESIAN_POINT('',(36.676763958342,10.717906068688,
    19.99041691721));
#1789 = CARTESIAN_POINT('',(36.90134143856,10.816728036522,
    19.483337086518));
#1790 = CARTESIAN_POINT('',(37.184240191233,10.942465381248,
    18.995582779054));
#1791 = CARTESIAN_POINT('',(37.527355636228,11.097069022443,
    18.535071574728));
#1792 = CARTESIAN_POINT('',(38.269613310722,11.437451169053,
    17.761394903797));
#1793 = CARTESIAN_POINT('',(38.658290881102,11.61759333519,
    17.427706038621));
#1794 = CARTESIAN_POINT('',(39.096150367408,11.823219051556,
    17.127873023989));
#1795 = CARTESIAN_POINT('',(39.57813034322,12.053203457991,
    16.876063590253));
#1796 = CARTESIAN_POINT('',(40.096631809866,12.305244198644,
    16.684657879785));
#1797 = CARTESIAN_POINT('',(40.642135986117,12.575842243988,
    16.564110309783));
#1798 = CARTESIAN_POINT('',(41.203752357318,12.860267462201,
    16.522819112891));
#1799 = CARTESIAN_POINT('',(42.316315543122,13.435067467917,
    16.609839717814));
#1800 = CARTESIAN_POINT('',(42.840176765911,13.711074029127,
    16.730464611318));
#1801 = CARTESIAN_POINT('',(43.331947600202,13.97514295079,
    16.921082043271));
#1802 = CARTESIAN_POINT('',(43.784456177623,14.222381945236,
    17.172477031289));
#1803 = CARTESIAN_POINT('',(44.192328297189,14.448581303649,
    17.474060953774));
#1804 = CARTESIAN_POINT('',(44.552110192259,14.650551369969,
    17.813958849788));
#1805 = CARTESIAN_POINT('',(44.862486479632,14.826467042294,
    18.179132309643));
#1806 = CARTESIAN_POINT('',(45.401204100095,15.134087085607,
    18.953002038217));
#1807 = CARTESIAN_POINT('',(45.630585629372,15.266537891565,
    19.372535968386));
#1808 = CARTESIAN_POINT('',(45.815412357038,15.374147500766,
    19.807320170348));
#1809 = CARTESIAN_POINT('',(45.958197762344,15.457761410797,
    20.252464094237));
#1810 = CARTESIAN_POINT('',(46.060975676024,15.51816499467,
    20.704318451601));
#1811 = CARTESIAN_POINT('',(46.125185858904,15.555961860891,
    21.160090448206));
#1812 = CARTESIAN_POINT('',(46.151581818543,15.571486862308,
    21.617533029812));
#1813 = CARTESIAN_POINT('',(46.128596924731,15.557965834795,
    22.532688220014));
#1814 = CARTESIAN_POINT('',(46.079047848774,15.528820865334,
    22.98964236946));
#1815 = CARTESIAN_POINT('',(45.991620641935,15.477426313947,
    23.44314776775));
#1816 = CARTESIAN_POINT('',(45.865735343765,15.40361033126,
    23.890811694681));
#1817 = CARTESIAN_POINT('',(45.700204190888,15.306979644766,
    24.329742609987));
#1818 = CARTESIAN_POINT('',(45.493329108438,15.187006724519,
    24.756268878168));
#1819 = CARTESIAN_POINT('',(45.243024723475,15.043147246552,
    25.165589276214));
#1820 = CARTESIAN_POINT('',(44.700196517113,14.73479313725,
    25.872770581137));
#1821 = CARTESIAN_POINT('',(44.419114990853,14.576288495471,
    26.181075820232));
#1822 = CARTESIAN_POINT('',(44.103347610836,14.399801435941,
    26.469174104407));
#1823 = CARTESIAN_POINT('',(43.753346776883,14.206257925714,
    26.730165879156));
#1824 = CARTESIAN_POINT('',(43.370416350786,13.997144255635,
    26.957227065546));
#1825 = CARTESIAN_POINT('',(42.956748254583,13.774458598944,
    27.143605064303));
#1826 = CARTESIAN_POINT('',(42.515535834523,13.540672362409,
    27.282578366739));
#1827 = CARTESIAN_POINT('',(41.563283904989,13.044480817673,
    27.456474143027));
#1828 = CARTESIAN_POINT('',(41.061491788312,12.787297815448,
    27.483644096261));
#1829 = CARTESIAN_POINT('',(40.556919917451,12.533322951642,
    27.445324812021));
#1830 = CARTESIAN_POINT('',(40.061400665555,12.288565377452,
    27.342097673511));
#1831 = CARTESIAN_POINT('',(39.586632245123,12.058296186276,
    27.178496201226));
#1832 = CARTESIAN_POINT('',(39.143135828497,11.846692171613,
    26.962794433289));
#1833 = CARTESIAN_POINT('',(38.739262683347,11.656657352158,
    26.706824590133));
#1834 = CARTESIAN_POINT('',(37.850069379736,11.243039592818,
    26.010461445441));
#1835 = CARTESIAN_POINT('',(37.40371474964,11.040153592235,
    25.529034326757));
#1836 = CARTESIAN_POINT('',(37.040001453156,10.877761955976,
    25.003245545047));
#1837 = CARTESIAN_POINT('',(36.755399282753,10.752273468671,
    24.447936034231));
#1838 = CARTESIAN_POINT('',(36.546018622499,10.660700082681,
    23.873935803736));
#1839 = CARTESIAN_POINT('',(36.408403024835,10.600756806925,
    23.289251464663));
#1840 = CARTESIAN_POINT('',(36.34004868855,10.570983097523,
    22.699886424332));
#1841 = CARTESIAN_POINT('',(36.34004868855,10.570983097523,
    22.111003018106));
#1842 = ORIENTED_EDGE('',*,*,#1843,.F.);
#1843 = EDGE_CURVE('',#1844,#1781,#1846,.T.);
#1844 = VERTEX_POINT('',#1845);
#1845 = CARTESIAN_POINT('',(63.175548857045,28.503053303141,
    23.450010682796));
#1846 = ELLIPSE('',#1847,910.,91.);
#1847 = AXIS2_PLACEMENT_3D('',#1848,#1849,#1850);
#1848 = CARTESIAN_POINT('',(1.42108547152E-14,94.,-875.5844118858));
#1849 = DIRECTION('',(0.600846695681,-0.793084641315,-0.1));
#1850 = DIRECTION('',(6.038736503325E-02,-7.970800552228E-02,
    0.994987437107));
#1851 = ORIENTED_EDGE('',*,*,#1852,.F.);
#1852 = EDGE_CURVE('',#1691,#1844,#1853,.T.);
#1853 = B_SPLINE_CURVE_WITH_KNOTS('',7,(#1854,#1855,#1856,#1857,#1858,
    #1859,#1860,#1861,#1862,#1863,#1864,#1865,#1866,#1867,#1868,#1869,
    #1870,#1871,#1872,#1873,#1874,#1875,#1876,#1877,#1878,#1879,#1880,
    #1881,#1882,#1883,#1884,#1885,#1886,#1887,#1888,#1889,#1890,#1891,
    #1892,#1893,#1894,#1895,#1896,#1897,#1898,#1899,#1900,#1901,#1902,
    #1903,#1904,#1905,#1906,#1907,#1908,#1909),.UNSPECIFIED.,.T.,.F.,(8,
    6,6,6,6,6,6,6,6,8),(0.,0.117874322864,0.23451144676,0.355156697405,
    0.483884828296,0.613015021173,0.70892827223,0.795278053622,
    0.89032115623,1.),.UNSPECIFIED.);
#1854 = CARTESIAN_POINT('',(63.016823031745,28.350323572879,
    21.916242427014));
#1855 = CARTESIAN_POINT('',(63.016823031745,28.350323572879,
    21.416408794986));
#1856 = CARTESIAN_POINT('',(63.055531237139,28.387479423796,
    20.916817820821));
#1857 = CARTESIAN_POINT('',(63.133060278634,28.461899079376,
    20.420395297677));
#1858 = CARTESIAN_POINT('',(63.25041884365,28.57482758876,
    19.930510098516));
#1859 = CARTESIAN_POINT('',(63.409317331567,28.728462569066,
    19.451627812724));
#1860 = CARTESIAN_POINT('',(63.611853549114,28.925784684561,
    18.990133628298));
#1861 = CARTESIAN_POINT('',(64.105716226608,29.4122610499,
    18.125369699078));
#1862 = CARTESIAN_POINT('',(64.402590808254,29.706834787769,
    17.710155239012));
#1863 = CARTESIAN_POINT('',(64.750743567212,30.055699402702,
    17.332404376985));
#1864 = CARTESIAN_POINT('',(65.145940367187,30.456892262421,
    17.012549683523));
#1865 = CARTESIAN_POINT('',(65.580322857037,30.905157868562,
    16.768635985726));
#1866 = CARTESIAN_POINT('',(66.043649746491,31.392242991681,
    16.615950480199));
#1867 = CARTESIAN_POINT('',(67.020203500472,32.438471178433,
    16.516498359736));
#1868 = CARTESIAN_POINT('',(67.505212703532,32.968033639951,
    16.579980958219));
#1869 = CARTESIAN_POINT('',(67.964249598113,33.479244777474,
    16.747464038334));
#1870 = CARTESIAN_POINT('',(68.385925613957,33.957687993931,
    17.004663138706));
#1871 = CARTESIAN_POINT('',(68.761980131714,34.391064109922,
    17.333222823691));
#1872 = CARTESIAN_POINT('',(69.087711144139,34.77105339017,
    17.711155703378));
#1873 = CARTESIAN_POINT('',(69.6552926199,35.439389711747,
    18.541909913996));
#1874 = CARTESIAN_POINT('',(69.899117407432,35.730555012665,
    19.011307950293));
#1875 = CARTESIAN_POINT('',(70.096616803518,35.968876638402,
    19.508552258582));
#1876 = CARTESIAN_POINT('',(70.250506390293,36.1559134657,
    20.025164798304));
#1877 = CARTESIAN_POINT('',(70.362734156307,36.292927129441,
    20.554971789344));
#1878 = CARTESIAN_POINT('',(70.434330089633,36.380493767723,
    21.093367125821));
#1879 = CARTESIAN_POINT('',(70.495822481198,36.455744152423,
    22.180740320077));
#1880 = CARTESIAN_POINT('',(70.48540882497,36.44304863664,
    22.728786120773));
#1881 = CARTESIAN_POINT('',(70.433761594531,36.379710796238,
    23.275761818684));
#1882 = CARTESIAN_POINT('',(70.339677972387,36.264491008063,
    23.816941682808));
#1883 = CARTESIAN_POINT('',(70.20099753583,36.095430585486,
    24.346405491767));
#1884 = CARTESIAN_POINT('',(70.014648717515,35.87009293802,
    24.856369324185));
#1885 = CARTESIAN_POINT('',(69.600382628915,35.375240790838,
    25.691061849446));
#1886 = CARTESIAN_POINT('',(69.394253023268,35.130524073195,
    26.032186472036));
#1887 = CARTESIAN_POINT('',(69.157557499314,34.85169591236,
    26.351054555312));
#1888 = CARTESIAN_POINT('',(68.890013447566,34.539549406502,
    26.639696915199));
#1889 = CARTESIAN_POINT('',(68.592062465914,34.195950027353,
    26.889825826078));
#1890 = CARTESIAN_POINT('',(68.265056671204,33.823891975739,
    27.092755271315));
#1891 = CARTESIAN_POINT('',(67.593425371728,33.070882455624,
    27.371094078234));
#1892 = CARTESIAN_POINT('',(67.256278396801,32.69728597989,
    27.456177541039));
#1893 = CARTESIAN_POINT('',(66.907211289366,32.315563031443,
    27.487120028532));
#1894 = CARTESIAN_POINT('',(66.554547236807,31.935326953704,
    27.461070154247));
#1895 = CARTESIAN_POINT('',(66.20716688924,31.565955135439,
    27.379635153718));
#1896 = CARTESIAN_POINT('',(65.873670349606,31.21574829806,
    27.248843113549));
#1897 = CARTESIAN_POINT('',(65.21776557524,30.534350784285,
    26.89229891846));
#1898 = CARTESIAN_POINT('',(64.898961676738,30.207696009997,
    26.657826379854));
#1899 = CARTESIAN_POINT('',(64.607236907885,29.912422157451,
    26.384860674881));
#1900 = CARTESIAN_POINT('',(64.343779709048,29.648503697134,
    26.081184274546));
#1901 = CARTESIAN_POINT('',(64.109037621332,29.415353264103,
    25.753573370923));
#1902 = CARTESIAN_POINT('',(63.902911826311,29.212037523404,
    25.407994600321));
#1903 = CARTESIAN_POINT('',(63.519348403753,28.835782528232,
    24.63617871647));
#1904 = CARTESIAN_POINT('',(63.350229736199,28.671374558111,
    24.203730739406));
#1905 = CARTESIAN_POINT('',(63.216317382728,28.542021543633,
    23.75814361811));
#1906 = CARTESIAN_POINT('',(63.116544426514,28.446046199259,
    23.303616016323));
#1907 = CARTESIAN_POINT('',(63.050148147856,28.382311991573,
    22.843342142355));
#1908 = CARTESIAN_POINT('',(63.016823031745,28.350323572879,
    22.380017632945));
#1909 = CARTESIAN_POINT('',(63.016823031745,28.350323572879,
    21.916242427014));
#1910 = FACE_BOUND('',#1911,.F.);
#1911 = EDGE_LOOP('',(#1912));
#1912 = ORIENTED_EDGE('',*,*,#1423,.F.);
#1913 = FACE_BOUND('',#1914,.F.);
#1914 = EDGE_LOOP('',(#1915));
#1915 = ORIENTED_EDGE('',*,*,#1488,.F.);
#1916 = FACE_BOUND('',#1917,.F.);
#1917 = EDGE_LOOP('',(#1918));
#1918 = ORIENTED_EDGE('',*,*,#1553,.F.);
#1919 = CYLINDRICAL_SURFACE('',#1920,91.);
#1920 = AXIS2_PLACEMENT_3D('',#1921,#1922,#1923);
#1921 = CARTESIAN_POINT('',(1.42108547152E-14,94.,0.));
#1922 = DIRECTION('',(0.,0.,1.));
#1923 = DIRECTION('',(1.,0.,-0.));
#1924 = ADVANCED_FACE('',(#1925),#1944,.F.);
#1925 = FACE_BOUND('',#1926,.F.);
#1926 = EDGE_LOOP('',(#1927,#1935,#1936,#1937));
#1927 = ORIENTED_EDGE('',*,*,#1928,.F.);
#1928 = EDGE_CURVE('',#839,#1929,#1931,.T.);
#1929 = VERTEX_POINT('',#1930);
#1930 = CARTESIAN_POINT('',(1.42108547152E-14,71.,0.));
#1931 = LINE('',#1932,#1933);
#1932 = CARTESIAN_POINT('',(4.263256414561E-14,-106.,0.));
#1933 = VECTOR('',#1934,1.);
#1934 = DIRECTION('',(-6.123233995737E-17,1.,0.));
#1935 = ORIENTED_EDGE('',*,*,#848,.T.);
#1936 = ORIENTED_EDGE('',*,*,#1625,.F.);
#1937 = ORIENTED_EDGE('',*,*,#1938,.F.);
#1938 = EDGE_CURVE('',#1929,#1616,#1939,.T.);
#1939 = CIRCLE('',#1940,23.);
#1940 = AXIS2_PLACEMENT_3D('',#1941,#1942,#1943);
#1941 = CARTESIAN_POINT('',(1.42108547152E-14,94.,0.));
#1942 = DIRECTION('',(0.,0.,1.));
#1943 = DIRECTION('',(1.,0.,-0.));
#1944 = PLANE('',#1945);
#1945 = AXIS2_PLACEMENT_3D('',#1946,#1947,#1948);
#1946 = CARTESIAN_POINT('',(1.42108547152E-14,94.,0.));
#1947 = DIRECTION('',(0.,0.,1.));
#1948 = DIRECTION('',(1.,0.,-0.));
#1949 = ADVANCED_FACE('',(#1950),#1968,.F.);
#1950 = FACE_BOUND('',#1951,.F.);
#1951 = EDGE_LOOP('',(#1952,#1953,#1954,#1962));
#1952 = ORIENTED_EDGE('',*,*,#889,.F.);
#1953 = ORIENTED_EDGE('',*,*,#1928,.T.);
#1954 = ORIENTED_EDGE('',*,*,#1955,.T.);
#1955 = EDGE_CURVE('',#1929,#1956,#1958,.T.);
#1956 = VERTEX_POINT('',#1957);
#1957 = CARTESIAN_POINT('',(1.42108547152E-14,71.,3.));
#1958 = LINE('',#1959,#1960);
#1959 = CARTESIAN_POINT('',(2.84217094304E-14,71.,0.));
#1960 = VECTOR('',#1961,1.);
#1961 = DIRECTION('',(0.,0.,1.));
#1962 = ORIENTED_EDGE('',*,*,#1963,.F.);
#1963 = EDGE_CURVE('',#890,#1956,#1964,.T.);
#1964 = LINE('',#1965,#1966);
#1965 = CARTESIAN_POINT('',(4.263256414561E-14,-106.,3.));
#1966 = VECTOR('',#1967,1.);
#1967 = DIRECTION('',(-6.123233995737E-17,1.,0.));
#1968 = PLANE('',#1969);
#1969 = AXIS2_PLACEMENT_3D('',#1970,#1971,#1972);
#1970 = CARTESIAN_POINT('',(3.870379069815E-14,-306.,-400.));
#1971 = DIRECTION('',(1.,6.123233995737E-17,0.));
#1972 = DIRECTION('',(-6.123233995737E-17,1.,0.));
#1973 = ADVANCED_FACE('',(#1974,#2005),#2016,.T.);
#1974 = FACE_BOUND('',#1975,.F.);
#1975 = EDGE_LOOP('',(#1976,#1977,#1978,#1979,#1986,#1987,#1988,#1989,
    #1998));
#1976 = ORIENTED_EDGE('',*,*,#1260,.F.);
#1977 = ORIENTED_EDGE('',*,*,#1212,.F.);
#1978 = ORIENTED_EDGE('',*,*,#1236,.T.);
#1979 = ORIENTED_EDGE('',*,*,#1980,.T.);
#1980 = EDGE_CURVE('',#1227,#1326,#1981,.T.);
#1981 = CIRCLE('',#1982,5.414656965084);
#1982 = AXIS2_PLACEMENT_3D('',#1983,#1984,#1985);
#1983 = CARTESIAN_POINT('',(46.186735848099,6.540436345779,
    21.190506637487));
#1984 = DIRECTION('',(0.600846695681,-0.793084641315,-1.E-01));
#1985 = DIRECTION('',(-0.797080055223,-0.603873650333,
    -6.938893903907E-18));
#1986 = ORIENTED_EDGE('',*,*,#1383,.T.);
#1987 = ORIENTED_EDGE('',*,*,#1400,.T.);
#1988 = ORIENTED_EDGE('',*,*,#1359,.F.);
#1989 = ORIENTED_EDGE('',*,*,#1990,.T.);
#1990 = EDGE_CURVE('',#1300,#1991,#1993,.T.);
#1991 = VERTEX_POINT('',#1992);
#1992 = CARTESIAN_POINT('',(67.377382542488,22.594624489617,
    21.190506637487));
#1993 = CIRCLE('',#1994,5.414656965084);
#1994 = AXIS2_PLACEMENT_3D('',#1995,#1996,#1997);
#1995 = CARTESIAN_POINT('',(71.69329761523,25.864393156421,
    21.190506637487));
#1996 = DIRECTION('',(0.600846695681,-0.793084641315,-1.E-01));
#1997 = DIRECTION('',(-0.797080055223,-0.603873650333,
    -6.938893903907E-18));
#1998 = ORIENTED_EDGE('',*,*,#1999,.T.);
#1999 = EDGE_CURVE('',#1991,#1251,#2000,.T.);
#2000 = CIRCLE('',#2001,5.414656965084);
#2001 = AXIS2_PLACEMENT_3D('',#2002,#2003,#2004);
#2002 = CARTESIAN_POINT('',(71.69329761523,25.864393156421,
    21.190506637487));
#2003 = DIRECTION('',(0.600846695681,-0.793084641315,-1.E-01));
#2004 = DIRECTION('',(-0.797080055223,-0.603873650333,
    -6.938893903907E-18));
#2005 = FACE_BOUND('',#2006,.F.);
#2006 = EDGE_LOOP('',(#2007));
#2007 = ORIENTED_EDGE('',*,*,#2008,.T.);
#2008 = EDGE_CURVE('',#2009,#2009,#2011,.T.);
#2009 = VERTEX_POINT('',#2010);
#2010 = CARTESIAN_POINT('',(55.751696510773,13.78692014977,
    21.190506637487));
#2011 = CIRCLE('',#2012,4.);
#2012 = AXIS2_PLACEMENT_3D('',#2013,#2014,#2015);
#2013 = CARTESIAN_POINT('',(58.940016731664,16.2024147511,
    21.190506637487));
#2014 = DIRECTION('',(0.600846695681,-0.793084641315,-1.E-01));
#2015 = DIRECTION('',(-0.797080055223,-0.603873650333,
    -6.938893903907E-18));
#2016 = PLANE('',#2017);
#2017 = AXIS2_PLACEMENT_3D('',#2018,#2019,#2020);
#2018 = CARTESIAN_POINT('',(41.486750501102,4.108814458742,
    12.235619703528));
#2019 = DIRECTION('',(0.600846695681,-0.793084641315,-0.1));
#2020 = DIRECTION('',(-6.038736503325E-02,7.970800552228E-02,
    -0.994987437107));
#2021 = ADVANCED_FACE('',(#2022),#2032,.T.);
#2022 = FACE_BOUND('',#2023,.T.);
#2023 = EDGE_LOOP('',(#2024,#2025,#2026));
#2024 = ORIENTED_EDGE('',*,*,#1325,.T.);
#2025 = ORIENTED_EDGE('',*,*,#1274,.T.);
#2026 = ORIENTED_EDGE('',*,*,#2027,.T.);
#2027 = EDGE_CURVE('',#1227,#1326,#2028,.T.);
#2028 = LINE('',#2029,#2030);
#2029 = CARTESIAN_POINT('',(41.486750501102,4.108814458742,
    12.235619703528));
#2030 = VECTOR('',#2031,1.);
#2031 = DIRECTION('',(6.038736503325E-02,-7.970800552228E-02,
    0.994987437107));
#2032 = PLANE('',#2033);
#2033 = AXIS2_PLACEMENT_3D('',#2034,#2035,#2036);
#2034 = CARTESIAN_POINT('',(46.186735848099,6.540436345779,
    21.190506637487));
#2035 = DIRECTION('',(0.600846695681,-0.793084641315,-0.1));
#2036 = DIRECTION('',(-0.797080055223,-0.603873650333,
    -6.938893903907E-18));
#2037 = ADVANCED_FACE('',(#2038),#2047,.T.);
#2038 = FACE_BOUND('',#2039,.T.);
#2039 = EDGE_LOOP('',(#2040,#2046));
#2040 = ORIENTED_EDGE('',*,*,#2041,.F.);
#2041 = EDGE_CURVE('',#1251,#1300,#2042,.T.);
#2042 = LINE('',#2043,#2044);
#2043 = CARTESIAN_POINT('',(75.306310391628,29.730759142859,
    12.235619703528));
#2044 = VECTOR('',#2045,1.);
#2045 = DIRECTION('',(6.038736503325E-02,-7.970800552228E-02,
    0.994987437107));
#2046 = ORIENTED_EDGE('',*,*,#1299,.T.);
#2047 = PLANE('',#2048);
#2048 = AXIS2_PLACEMENT_3D('',#2049,#2050,#2051);
#2049 = CARTESIAN_POINT('',(71.69329761523,25.864393156421,
    21.190506637487));
#2050 = DIRECTION('',(0.600846695681,-0.793084641315,-0.1));
#2051 = DIRECTION('',(-0.797080055223,-0.603873650333,
    -6.938893903907E-18));
#2052 = ADVANCED_FACE('',(#2053),#2065,.F.);
#2053 = FACE_BOUND('',#2054,.F.);
#2054 = EDGE_LOOP('',(#2055,#2056,#2063,#2064));
#2055 = ORIENTED_EDGE('',*,*,#1615,.T.);
#2056 = ORIENTED_EDGE('',*,*,#2057,.F.);
#2057 = EDGE_CURVE('',#1956,#1618,#2058,.T.);
#2058 = CIRCLE('',#2059,23.);
#2059 = AXIS2_PLACEMENT_3D('',#2060,#2061,#2062);
#2060 = CARTESIAN_POINT('',(1.42108547152E-14,94.,3.));
#2061 = DIRECTION('',(0.,0.,1.));
#2062 = DIRECTION('',(1.,0.,-0.));
#2063 = ORIENTED_EDGE('',*,*,#1955,.F.);
#2064 = ORIENTED_EDGE('',*,*,#1938,.T.);
#2065 = CYLINDRICAL_SURFACE('',#2066,23.);
#2066 = AXIS2_PLACEMENT_3D('',#2067,#2068,#2069);
#2067 = CARTESIAN_POINT('',(1.42108547152E-14,94.,0.));
#2068 = DIRECTION('',(0.,0.,1.));
#2069 = DIRECTION('',(1.,0.,-0.));
#2070 = ADVANCED_FACE('',(#2071),#2096,.F.);
#2071 = FACE_BOUND('',#2072,.F.);
#2072 = EDGE_LOOP('',(#2073,#2081,#2082,#2090));
#2073 = ORIENTED_EDGE('',*,*,#2074,.F.);
#2074 = EDGE_CURVE('',#1618,#2075,#2077,.T.);
#2075 = VERTEX_POINT('',#2076);
#2076 = CARTESIAN_POINT('',(23.,94.,35.));
#2077 = LINE('',#2078,#2079);
#2078 = CARTESIAN_POINT('',(23.,94.,0.));
#2079 = VECTOR('',#2080,1.);
#2080 = DIRECTION('',(0.,0.,1.));
#2081 = ORIENTED_EDGE('',*,*,#1632,.T.);
#2082 = ORIENTED_EDGE('',*,*,#2083,.T.);
#2083 = EDGE_CURVE('',#786,#2084,#2086,.T.);
#2084 = VERTEX_POINT('',#2085);
#2085 = CARTESIAN_POINT('',(28.,94.,35.));
#2086 = LINE('',#2087,#2088);
#2087 = CARTESIAN_POINT('',(28.,94.,0.));
#2088 = VECTOR('',#2089,1.);
#2089 = DIRECTION('',(0.,0.,1.));
#2090 = ORIENTED_EDGE('',*,*,#2091,.F.);
#2091 = EDGE_CURVE('',#2075,#2084,#2092,.T.);
#2092 = LINE('',#2093,#2094);
#2093 = CARTESIAN_POINT('',(-200.,94.,35.));
#2094 = VECTOR('',#2095,1.);
#2095 = DIRECTION('',(1.,0.,-0.));
#2096 = PLANE('',#2097);
#2097 = AXIS2_PLACEMENT_3D('',#2098,#2099,#2100);
#2098 = CARTESIAN_POINT('',(-400.,94.,-400.));
#2099 = DIRECTION('',(0.,-1.,0.));
#2100 = DIRECTION('',(1.,0.,0.));
#2101 = ADVANCED_FACE('',(#2102,#2121,#2178,#2229,#2280,#2343,#2394),
  #2445,.T.);
#2102 = FACE_BOUND('',#2103,.T.);
#2103 = EDGE_LOOP('',(#2104,#2105,#2106,#2115));
#2104 = ORIENTED_EDGE('',*,*,#1655,.T.);
#2105 = ORIENTED_EDGE('',*,*,#2083,.T.);
#2106 = ORIENTED_EDGE('',*,*,#2107,.F.);
#2107 = EDGE_CURVE('',#2108,#2084,#2110,.T.);
#2108 = VERTEX_POINT('',#2109);
#2109 = CARTESIAN_POINT('',(2.84217094304E-14,66.,35.));
#2110 = CIRCLE('',#2111,28.);
#2111 = AXIS2_PLACEMENT_3D('',#2112,#2113,#2114);
#2112 = CARTESIAN_POINT('',(1.42108547152E-14,94.,35.));
#2113 = DIRECTION('',(0.,0.,1.));
#2114 = DIRECTION('',(1.,0.,-0.));
#2115 = ORIENTED_EDGE('',*,*,#2116,.F.);
#2116 = EDGE_CURVE('',#890,#2108,#2117,.T.);
#2117 = LINE('',#2118,#2119);
#2118 = CARTESIAN_POINT('',(2.84217094304E-14,66.,0.));
#2119 = VECTOR('',#2120,1.);
#2120 = DIRECTION('',(0.,0.,1.));
#2121 = FACE_BOUND('',#2122,.T.);
#2122 = EDGE_LOOP('',(#2123));
#2123 = ORIENTED_EDGE('',*,*,#2124,.F.);
#2124 = EDGE_CURVE('',#2125,#2125,#2127,.T.);
#2125 = VERTEX_POINT('',#2126);
#2126 = CARTESIAN_POINT('',(2.816498675708,66.142014875269,
    26.527665962399));
#2127 = B_SPLINE_CURVE_WITH_KNOTS('',7,(#2128,#2129,#2130,#2131,#2132,
    #2133,#2134,#2135,#2136,#2137,#2138,#2139,#2140,#2141,#2142,#2143,
    #2144,#2145,#2146,#2147,#2148,#2149,#2150,#2151,#2152,#2153,#2154,
    #2155,#2156,#2157,#2158,#2159,#2160,#2161,#2162,#2163,#2164,#2165,
    #2166,#2167,#2168,#2169,#2170,#2171,#2172,#2173,#2174,#2175,#2176,
    #2177),.UNSPECIFIED.,.T.,.F.,(8,6,6,6,6,6,6,6,8),(0.,0.123812477636,
    0.244300161061,0.380536263009,0.498686183607,0.616836103019,
    0.75398412802,0.87521960819,1.),.UNSPECIFIED.);
#2128 = CARTESIAN_POINT('',(2.816498675708,66.142014875269,
    26.527665962399));
#2129 = CARTESIAN_POINT('',(3.033909898995,66.163995589945,
    26.529886236609));
#2130 = CARTESIAN_POINT('',(3.245049294942,66.187341990569,
    26.566182567828));
#2131 = CARTESIAN_POINT('',(3.443974903519,66.211252114376,
    26.633253086012));
#2132 = CARTESIAN_POINT('',(3.625791534022,66.23471094218,26.72665369159
    ));
#2133 = CARTESIAN_POINT('',(3.786794158986,66.256640199202,
    26.840848696623));
#2134 = CARTESIAN_POINT('',(3.924797325111,66.276194121598,
    26.969301704271));
#2135 = CARTESIAN_POINT('',(4.151207246422,66.309203472024,
    27.236242073852));
#2136 = CARTESIAN_POINT('',(4.243488378393,66.323193766487,
    27.377482664528));
#2137 = CARTESIAN_POINT('',(4.317095542137,66.334663876761,
    27.525356405328));
#2138 = CARTESIAN_POINT('',(4.372748912647,66.34349102908,
    27.677729533631));
#2139 = CARTESIAN_POINT('',(4.41101584448,66.34961927081,27.832982342994
    ));
#2140 = CARTESIAN_POINT('',(4.432211651125,66.353019749276,27.9898072881
    ));
#2141 = CARTESIAN_POINT('',(4.44091237387,66.354415919439,
    28.324785069083));
#2142 = CARTESIAN_POINT('',(4.423647861423,66.351646499142,
    28.502891656206));
#2143 = CARTESIAN_POINT('',(4.38450246621,66.345350971167,
    28.679537561866));
#2144 = CARTESIAN_POINT('',(4.322960410164,66.335543337559,
    28.852782580837));
#2145 = CARTESIAN_POINT('',(4.238132448474,66.322286702715,
    29.02024469365));
#2146 = CARTESIAN_POINT('',(4.128891965982,66.305762798813,
    29.178745580973));
#2147 = CARTESIAN_POINT('',(3.877360289878,66.269511209362,
    29.449382290129));
#2148 = CARTESIAN_POINT('',(3.738972628048,66.250152791279,
    29.567472090703));
#2149 = CARTESIAN_POINT('',(3.579673622481,66.228755230204,
    29.671215241778));
#2150 = CARTESIAN_POINT('',(3.401856807036,66.206137483541,
    29.754848181718));
#2151 = CARTESIAN_POINT('',(3.209301096047,66.183297606748,
    29.813680649552));
#2152 = CARTESIAN_POINT('',(3.006829947942,66.161138952916,
    29.844206512452));
#2153 = CARTESIAN_POINT('',(2.593170054137,66.119564569323,
    29.844206512452));
#2154 = CARTESIAN_POINT('',(2.390338805422,66.100988799598,
    29.813680649991));
#2155 = CARTESIAN_POINT('',(2.197089139667,66.085053777197,
    29.754848179529));
#2156 = CARTESIAN_POINT('',(2.018327782311,66.071834068826,
    29.671215245888));
#2157 = CARTESIAN_POINT('',(1.857956692689,66.061103576815,
    29.567472087097));
#2158 = CARTESIAN_POINT('',(1.718484511467,66.052536029733,
    29.449382291458));
#2159 = CARTESIAN_POINT('',(1.463859971969,66.037956337018,
    29.177775399447));
#2160 = CARTESIAN_POINT('',(1.35295113278,66.032389217761,
    29.018123915394));
#2161 = CARTESIAN_POINT('',(1.266938239659,66.028496364807,
    28.849421382603));
#2162 = CARTESIAN_POINT('',(1.204731762942,66.025868731487,
    28.674898388103));
#2163 = CARTESIAN_POINT('',(1.16546071281,66.024264920476,
    28.496974400517));
#2164 = CARTESIAN_POINT('',(1.148620856186,66.023568820699,
    28.317623760415));
#2165 = CARTESIAN_POINT('',(1.159169115376,66.024004012378,
    27.980518436988));
#2166 = CARTESIAN_POINT('',(1.181648697235,66.02493248813,
    27.822797336352));
#2167 = CARTESIAN_POINT('',(1.221620602492,66.026596671169,
    27.666727987558));
#2168 = CARTESIAN_POINT('',(1.279404390364,66.029092259217,
    27.513646717179));
#2169 = CARTESIAN_POINT('',(1.355566103738,66.032593707167,
    27.365218255855));
#2170 = CARTESIAN_POINT('',(1.45080716273,66.03737459222,27.223644260079
    ));
#2171 = CARTESIAN_POINT('',(1.684122541462,66.050442235526,
    26.956472066897));
#2172 = CARTESIAN_POINT('',(1.82646538801,66.059000906638,
    26.827914561459));
#2173 = CARTESIAN_POINT('',(1.992338498101,66.069892342515,
    26.714263520343));
#2174 = CARTESIAN_POINT('',(2.179118513229,66.083515732996,
    26.622397561467));
#2175 = CARTESIAN_POINT('',(2.382532711583,66.100176200872,
    26.557995211062));
#2176 = CARTESIAN_POINT('',(2.597119210286,66.11983516733,26.52542558786
    ));
#2177 = CARTESIAN_POINT('',(2.816498675708,66.142014875269,
    26.527665962399));
#2178 = FACE_BOUND('',#2179,.T.);
#2179 = EDGE_LOOP('',(#2180));
#2180 = ORIENTED_EDGE('',*,*,#2181,.F.);
#2181 = EDGE_CURVE('',#2182,#2182,#2184,.T.);
#2182 = VERTEX_POINT('',#2183);
#2183 = CARTESIAN_POINT('',(8.682767303168,67.380278890284,
    28.190784465515));
#2184 = B_SPLINE_CURVE_WITH_KNOTS('',7,(#2185,#2186,#2187,#2188,#2189,
    #2190,#2191,#2192,#2193,#2194,#2195,#2196,#2197,#2198,#2199,#2200,
    #2201,#2202,#2203,#2204,#2205,#2206,#2207,#2208,#2209,#2210,#2211,
    #2212,#2213,#2214,#2215,#2216,#2217,#2218,#2219,#2220,#2221,#2222,
    #2223,#2224,#2225,#2226,#2227,#2228),.UNSPECIFIED.,.T.,.F.,(8,6,6,6,
    6,6,6,8),(0.,0.153696250848,0.286968054216,0.423708175512,
    0.590775172378,0.715876098531,0.838661701417,1.),.UNSPECIFIED.);
#2185 = CARTESIAN_POINT('',(8.682767303168,67.380278890284,
    28.190784465515));
#2186 = CARTESIAN_POINT('',(8.682767303168,67.380278890284,
    27.992347238253));
#2187 = CARTESIAN_POINT('',(8.709017146882,67.388841108672,
    27.793875654631));
#2188 = CARTESIAN_POINT('',(8.761463201092,67.405947352638,
    27.597891658933));
#2189 = CARTESIAN_POINT('',(8.840715688944,67.431979516368,
    27.40716189461));
#2190 = CARTESIAN_POINT('',(8.947838132142,67.467637670717,
    27.225219288112));
#2191 = CARTESIAN_POINT('',(9.084082613362,67.513958245998,
    27.056996206423));
#2192 = CARTESIAN_POINT('',(9.394187512447,67.622499686016,
    26.782777665958));
#2193 = CARTESIAN_POINT('',(9.566167217162,67.683723641773,
    26.666598526349));
#2194 = CARTESIAN_POINT('',(9.762375049134,67.755178201417,
    26.575275089436));
#2195 = CARTESIAN_POINT('',(9.975337866612,67.83505441974,
    26.518209068081));
#2196 = CARTESIAN_POINT('',(10.195299574121,67.920344365812,
    26.500455201338));
#2197 = CARTESIAN_POINT('',(10.412202129746,68.007017945896,
    26.522500610838));
#2198 = CARTESIAN_POINT('',(10.827482880086,68.17719475027,
    26.638961050971));
#2199 = CARTESIAN_POINT('',(11.017496561777,68.257386106383,
    26.733073317185));
#2200 = CARTESIAN_POINT('',(11.184262636765,68.329600843458,
    26.854061221628));
#2201 = CARTESIAN_POINT('',(11.326775819517,68.392548562312,
    26.99512762399));
#2202 = CARTESIAN_POINT('',(11.44496527511,68.445517283942,
    27.150397504078));
#2203 = CARTESIAN_POINT('',(11.539449040814,68.488289597153,
    27.314762869035));
#2204 = CARTESIAN_POINT('',(11.699305085835,68.56114010025,
    27.690376305162));
#2205 = CARTESIAN_POINT('',(11.754886459106,68.586897270781,
    27.907024342236));
#2206 = CARTESIAN_POINT('',(11.779484333048,68.598399031369,
    28.128510147466));
#2207 = CARTESIAN_POINT('',(11.773782939476,68.595735747927,
    28.351093396897));
#2208 = CARTESIAN_POINT('',(11.737656875538,68.578886216343,
    28.571336021779));
#2209 = CARTESIAN_POINT('',(11.669984343723,68.54761535531,
    28.785668732842));
#2210 = CARTESIAN_POINT('',(11.492510231618,68.467096289706,
    29.140463325114));
#2211 = CARTESIAN_POINT('',(11.396814953708,68.423998481194,
    29.28744897594));
#2212 = CARTESIAN_POINT('',(11.280559351114,68.372186560759,
    29.425415182699));
#2213 = CARTESIAN_POINT('',(11.143533570568,68.311994784234,
    29.549925247146));
#2214 = CARTESIAN_POINT('',(10.986204963244,68.244189709687,
    29.656188572284));
#2215 = CARTESIAN_POINT('',(10.80986307165,68.169974375401,
    29.738986275213));
#2216 = CARTESIAN_POINT('',(10.428053829738,68.013513772264,
    29.844844550091));
#2217 = CARTESIAN_POINT('',(10.228007070369,67.933418686138,
    29.867644870562));
#2218 = CARTESIAN_POINT('',(10.024260186857,67.854052444354,
    29.856917571008));
#2219 = CARTESIAN_POINT('',(9.825093136417,67.778782603667,
    29.812537669539));
#2220 = CARTESIAN_POINT('',(9.63865983629,67.71025066328,29.737976291891
    ));
#2221 = CARTESIAN_POINT('',(9.471502748343,67.650161950428,
    29.640118263405));
#2222 = CARTESIAN_POINT('',(9.138251917605,67.532423012135,
    29.383421963298));
#2223 = CARTESIAN_POINT('',(8.982840156701,67.479295637231,
    29.210360693955));
#2224 = CARTESIAN_POINT('',(8.861024484625,67.43865178348,
    29.020017714631));
#2225 = CARTESIAN_POINT('',(8.771305196224,67.409157132823,
    28.818797855016));
#2226 = CARTESIAN_POINT('',(8.712243783781,67.389893684149,
    28.611370122356));
#2227 = CARTESIAN_POINT('',(8.682767303168,67.380278890284,
    28.401058364108));
#2228 = CARTESIAN_POINT('',(8.682767303168,67.380278890284,
    28.190784465515));
#2229 = FACE_BOUND('',#2230,.T.);
#2230 = EDGE_LOOP('',(#2231));
#2231 = ORIENTED_EDGE('',*,*,#2232,.F.);
#2232 = EDGE_CURVE('',#2233,#2233,#2235,.T.);
#2233 = VERTEX_POINT('',#2234);
#2234 = CARTESIAN_POINT('',(15.563896622382,70.724151531516,
    28.190784465515));
#2235 = B_SPLINE_CURVE_WITH_KNOTS('',7,(#2236,#2237,#2238,#2239,#2240,
    #2241,#2242,#2243,#2244,#2245,#2246,#2247,#2248,#2249,#2250,#2251,
    #2252,#2253,#2254,#2255,#2256,#2257,#2258,#2259,#2260,#2261,#2262,
    #2263,#2264,#2265,#2266,#2267,#2268,#2269,#2270,#2271,#2272,#2273,
    #2274,#2275,#2276,#2277,#2278,#2279),.UNSPECIFIED.,.T.,.F.,(8,6,6,6,
    6,6,6,8),(0.,0.153696251472,0.28696805533,0.423708177173,
    0.590775171604,0.715876098281,0.838661700688,1.),.UNSPECIFIED.);
#2236 = CARTESIAN_POINT('',(15.563896622382,70.724151531516,
    28.190784465515));
#2237 = CARTESIAN_POINT('',(15.563896622382,70.724151531516,
    27.992347238253));
#2238 = CARTESIAN_POINT('',(15.586849029866,70.73949926325,
    27.793875654631));
#2239 = CARTESIAN_POINT('',(15.632707137984,70.770162695947,
    27.597891658932));
#2240 = CARTESIAN_POINT('',(15.701955022501,70.816674639241,
    27.407161894611));
#2241 = CARTESIAN_POINT('',(15.795427014786,70.879996898098,
    27.225219288112));
#2242 = CARTESIAN_POINT('',(15.914047924936,70.961466119478,
    27.056996206423));
#2243 = CARTESIAN_POINT('',(16.183197744573,71.149892941317,
    26.782777666007));
#2244 = CARTESIAN_POINT('',(16.332185982228,71.255381787524,
    26.666598526276));
#2245 = CARTESIAN_POINT('',(16.501728791616,71.377277247704,
    26.57527508945));
#2246 = CARTESIAN_POINT('',(16.685121626763,71.511815122802,
    26.518209068123));
#2247 = CARTESIAN_POINT('',(16.873786741315,71.653459050389,
    26.500455201295));
#2248 = CARTESIAN_POINT('',(17.059132385613,71.795606932281,
    26.522500610857));
#2249 = CARTESIAN_POINT('',(17.412848934049,72.07183663678,
    26.638961050971));
#2250 = CARTESIAN_POINT('',(17.574063995903,72.200466169377,
    26.733073317185));
#2251 = CARTESIAN_POINT('',(17.71505831157,72.315124335104,
    26.854061221628));
#2252 = CARTESIAN_POINT('',(17.835213398042,72.414296799839,
    26.99512762399));
#2253 = CARTESIAN_POINT('',(17.934653778232,72.497278988725,
    27.150397504078));
#2254 = CARTESIAN_POINT('',(18.01403326626,72.56402889239,
    27.314762869035));
#2255 = CARTESIAN_POINT('',(18.148203408286,72.677428730528,
    27.690376301325));
#2256 = CARTESIAN_POINT('',(18.194738227876,72.717268812195,
    27.907024357391));
#2257 = CARTESIAN_POINT('',(18.215304672421,72.734999209667,
    28.128510119979));
#2258 = CARTESIAN_POINT('',(18.210536982429,72.730892127198,
    28.351093424413));
#2259 = CARTESIAN_POINT('',(18.180320181419,72.704893213878,
    28.571336006585));
#2260 = CARTESIAN_POINT('',(18.123637957933,72.656472506793,
    28.785668736687));
#2261 = CARTESIAN_POINT('',(17.97458308346,72.530921624839,
    29.140463325085));
#2262 = CARTESIAN_POINT('',(17.894125410276,72.463530452268,
    29.287448975945));
#2263 = CARTESIAN_POINT('',(17.796233579705,72.382185324896,
    29.425415182722));
#2264 = CARTESIAN_POINT('',(17.680615097952,72.287151219573,
    29.549925247155));
#2265 = CARTESIAN_POINT('',(17.547512383836,72.179292579201,
    29.656188572274));
#2266 = CARTESIAN_POINT('',(17.397841212622,72.060116578804,
    29.738986275205));
#2267 = CARTESIAN_POINT('',(17.07263411694,71.806150909573,
    29.844844549675));
#2268 = CARTESIAN_POINT('',(16.901734435307,71.67489836297,
    29.867644870949));
#2269 = CARTESIAN_POINT('',(16.727075491958,71.543345944683,
    29.856917572115));
#2270 = CARTESIAN_POINT('',(16.555716604852,71.416976628736,
    29.812537666765));
#2271 = CARTESIAN_POINT('',(16.394792394958,71.300540403943,
    29.737976294388));
#2272 = CARTESIAN_POINT('',(16.250139466643,71.197449772782,
    29.640118262472));
#2273 = CARTESIAN_POINT('',(15.961197240794,70.993903800109,
    29.383421963298));
#2274 = CARTESIAN_POINT('',(15.825966959311,70.900693798708,
    29.210360693955));
#2275 = CARTESIAN_POINT('',(15.719699712855,70.828594886498,
    29.020017714631));
#2276 = CARTESIAN_POINT('',(15.641312942518,70.775916623763,
    28.818797855016));
#2277 = CARTESIAN_POINT('',(15.589670316554,70.741385911665,
    28.611370122355));
#2278 = CARTESIAN_POINT('',(15.563896622382,70.724151531516,
    28.401058364108));
#2279 = CARTESIAN_POINT('',(15.563896622382,70.724151531516,
    28.190784465515));
#2280 = FACE_BOUND('',#2281,.T.);
#2281 = EDGE_LOOP('',(#2282));
#2282 = ORIENTED_EDGE('',*,*,#2283,.F.);
#2283 = EDGE_CURVE('',#2284,#2284,#2286,.T.);
#2284 = VERTEX_POINT('',#2285);
#2285 = CARTESIAN_POINT('',(27.861301582028,91.216499657752,
    29.844123259141));
#2286 = B_SPLINE_CURVE_WITH_KNOTS('',7,(#2287,#2288,#2289,#2290,#2291,
    #2292,#2293,#2294,#2295,#2296,#2297,#2298,#2299,#2300,#2301,#2302,
    #2303,#2304,#2305,#2306,#2307,#2308,#2309,#2310,#2311,#2312,#2313,
    #2314,#2315,#2316,#2317,#2318,#2319,#2320,#2321,#2322,#2323,#2324,
    #2325,#2326,#2327,#2328,#2329,#2330,#2331,#2332,#2333,#2334,#2335,
    #2336,#2337,#2338,#2339,#2340,#2341,#2342),.UNSPECIFIED.,.T.,.F.,(8,
    6,6,6,6,6,6,6,6,8),(0.,0.147535830565,0.27814535256,0.44704590676,
    0.593501538075,0.688358390325,0.792711085602,0.889190919284,
    0.953891977971,1.),.UNSPECIFIED.);
#2287 = CARTESIAN_POINT('',(27.861301582028,91.216499657752,
    29.844123259141));
#2288 = CARTESIAN_POINT('',(27.837928961828,90.98255263419,
    29.846484129868));
#2289 = CARTESIAN_POINT('',(27.81284466203,90.754641604125,
    29.809730318049));
#2290 = CARTESIAN_POINT('',(27.787008867724,90.540305868469,
    29.737508526778));
#2291 = CARTESIAN_POINT('',(27.761687708206,90.345751313778,
    29.635013293318));
#2292 = CARTESIAN_POINT('',(27.738246693652,90.175577178947,
    29.508875442034));
#2293 = CARTESIAN_POINT('',(27.717709245294,90.032326520274,
    29.367000708174));
#2294 = CARTESIAN_POINT('',(27.685360719336,89.812918998945,
    29.086861477124));
#2295 = CARTESIAN_POINT('',(27.672427576161,89.728296697664,
    28.946661691903));
#2296 = CARTESIAN_POINT('',(27.661968103649,89.661564871899,
    28.800464064441));
#2297 = CARTESIAN_POINT('',(27.654095847631,89.612125180098,
    28.650306272795));
#2298 = CARTESIAN_POINT('',(27.648850170948,89.579439329475,
    28.497793830855));
#2299 = CARTESIAN_POINT('',(27.646233791402,89.563136563837,
    28.344234473547));
#2300 = CARTESIAN_POINT('',(27.646233791402,89.563136563837,
    27.992347238253));
#2301 = CARTESIAN_POINT('',(27.650608918981,89.590398701269,
    27.793875654631));
#2302 = CARTESIAN_POINT('',(27.65935085643,89.644866955459,
    27.597891658933));
#2303 = CARTESIAN_POINT('',(27.67239865562,89.727258613505,
    27.40716189461));
#2304 = CARTESIAN_POINT('',(27.689615412808,89.838839548615,
    27.225219288112));
#2305 = CARTESIAN_POINT('',(27.710651154266,89.981197028006,
    27.056996206423));
#2306 = CARTESIAN_POINT('',(27.755762510216,90.306637127263,
    26.782777665956));
#2307 = CARTESIAN_POINT('',(27.779865765465,90.487591333283,
    26.666598526353));
#2308 = CARTESIAN_POINT('',(27.805936449785,90.694771416399,
    26.575275089435));
#2309 = CARTESIAN_POINT('',(27.832169771289,90.920703230733,
    26.518209068078));
#2310 = CARTESIAN_POINT('',(27.856784582,91.155334087111,26.50045520134)
  );
#2311 = CARTESIAN_POINT('',(27.878771065671,91.387875744999,
    26.522500610837));
#2312 = CARTESIAN_POINT('',(27.909943870692,91.751529993508,
    26.617213148099));
#2313 = CARTESIAN_POINT('',(27.921014152681,91.890714785173,
    26.6696222232));
#2314 = CARTESIAN_POINT('',(27.930821440939,92.024239962031,
    26.736704852165));
#2315 = CARTESIAN_POINT('',(27.939359973605,92.150306739762,
    26.817663765758));
#2316 = CARTESIAN_POINT('',(27.94668253911,92.267234089688,
    26.911419805852));
#2317 = CARTESIAN_POINT('',(27.952879171975,92.373508270812,
    27.016634968312));
#2318 = CARTESIAN_POINT('',(27.963738205956,92.571661047321,
    27.258385380223));
#2319 = CARTESIAN_POINT('',(27.968186162524,92.661052866859,
    27.397027277352));
#2320 = CARTESIAN_POINT('',(27.971526339002,92.734350024387,
    27.54561554298));
#2321 = CARTESIAN_POINT('',(27.973910706457,92.790241270024,
    27.701842092164));
#2322 = CARTESIAN_POINT('',(27.975459402739,92.827814715821,
    27.863198948008));
#2323 = CARTESIAN_POINT('',(27.976233791402,92.846595106289,
    28.027058521049));
#2324 = CARTESIAN_POINT('',(27.976233791402,92.846595106289,
    28.342158149249));
#2325 = CARTESIAN_POINT('',(27.975571914286,92.830541176328,
    28.493606330635));
#2326 = CARTESIAN_POINT('',(27.974245483462,92.798367468599,
    28.643950825965));
#2327 = CARTESIAN_POINT('',(27.972184312475,92.749784952242,
    28.791948352415));
#2328 = CARTESIAN_POINT('',(27.969251574262,92.684319646994,
    28.93615713617));
#2329 = CARTESIAN_POINT('',(27.965229433735,92.601360007359,
    29.074768436991));
#2330 = CARTESIAN_POINT('',(27.956169581574,92.432456528483,
    29.292899804478));
#2331 = CARTESIAN_POINT('',(27.951894287704,92.356338001324,
    29.377049087909));
#2332 = CARTESIAN_POINT('',(27.946891787599,92.271835365821,
    29.456763343059));
#2333 = CARTESIAN_POINT('',(27.941062543122,92.178990339681,
    29.530962686678));
#2334 = CARTESIAN_POINT('',(27.934298536724,92.077966536527,
    29.598500163336));
#2335 = CARTESIAN_POINT('',(27.92649149597,91.969069928598,
    29.658149314578));
#2336 = CARTESIAN_POINT('',(27.911172855842,91.769901653344,
    29.744533507425));
#2337 = CARTESIAN_POINT('',(27.904220813779,91.683264285997,
    29.775803804585));
#2338 = CARTESIAN_POINT('',(27.896687319989,91.593445627444,
    29.801741656585));
#2339 = CARTESIAN_POINT('',(27.888585963895,91.501113840168,
    29.821832860892));
#2340 = CARTESIAN_POINT('',(27.879949086305,91.406998909589,
    29.835710903504));
#2341 = CARTESIAN_POINT('',(27.870829395282,91.311867807872,
    29.843160853761));
#2342 = CARTESIAN_POINT('',(27.861301582028,91.216499657752,
    29.844123259141));
#2343 = FACE_BOUND('',#2344,.T.);
#2344 = EDGE_LOOP('',(#2345));
#2345 = ORIENTED_EDGE('',*,*,#2346,.F.);
#2346 = EDGE_CURVE('',#2347,#2347,#2349,.T.);
#2347 = VERTEX_POINT('',#2348);
#2348 = CARTESIAN_POINT('',(23.275848468484,78.436103377619,
    28.190784465515));
#2349 = B_SPLINE_CURVE_WITH_KNOTS('',7,(#2350,#2351,#2352,#2353,#2354,
    #2355,#2356,#2357,#2358,#2359,#2360,#2361,#2362,#2363,#2364,#2365,
    #2366,#2367,#2368,#2369,#2370,#2371,#2372,#2373,#2374,#2375,#2376,
    #2377,#2378,#2379,#2380,#2381,#2382,#2383,#2384,#2385,#2386,#2387,
    #2388,#2389,#2390,#2391,#2392,#2393),.UNSPECIFIED.,.T.,.F.,(8,6,6,6,
    6,6,6,8),(0.,0.152328179175,0.284925984395,0.420718224121,
    0.588026133422,0.713994798123,0.83731428467,1.),.UNSPECIFIED.);
#2350 = CARTESIAN_POINT('',(23.275848468484,78.436103377619,
    28.190784465515));
#2351 = CARTESIAN_POINT('',(23.275848468484,78.436103377619,
    28.38840232445));
#2352 = CARTESIAN_POINT('',(23.260627250607,78.413340164128,
    28.586014319679));
#2353 = CARTESIAN_POINT('',(23.230137316355,78.367741566255,
    28.781213314734));
#2354 = CARTESIAN_POINT('',(23.183738284015,78.298657346835,
    28.971230905097));
#2355 = CARTESIAN_POINT('',(23.120393418886,78.205140445898,
    29.152434024088));
#2356 = CARTESIAN_POINT('',(23.038756546543,78.086270132328,
    29.319771467965));
#2357 = CARTESIAN_POINT('',(22.849573847959,77.816040614549,
    29.592599409424));
#2358 = CARTESIAN_POINT('',(22.743799747035,77.666665561349,
    29.707552088865));
#2359 = CARTESIAN_POINT('',(22.621837204951,77.497057720389,
    29.7975309786));
#2360 = CARTESIAN_POINT('',(22.487394254792,77.313821725153,
    29.853594254575));
#2361 = CARTESIAN_POINT('',(22.345960137622,77.125455194643,
    29.8709272226));
#2362 = CARTESIAN_POINT('',(22.20409918929,76.940491298365,
    29.849117008162));
#2363 = CARTESIAN_POINT('',(21.928727900614,76.587873965101,
    29.734336417753));
#2364 = CARTESIAN_POINT('',(21.800241361018,76.426813804841,
    29.641641489038));
#2365 = CARTESIAN_POINT('',(21.685438847979,76.28562222519,
    29.522067643601));
#2366 = CARTESIAN_POINT('',(21.586010893106,76.165153378188,
    29.382175021171));
#2367 = CARTESIAN_POINT('',(21.50281196635,76.065453750044,
    29.227797474167));
#2368 = CARTESIAN_POINT('',(21.435967672339,75.985962669264,
    29.06417291624));
#2369 = CARTESIAN_POINT('',(21.322049653952,75.851179437143,
    28.688734547908));
#2370 = CARTESIAN_POINT('',(21.282372475104,75.804847457505,
    28.471937046036));
#2371 = CARTESIAN_POINT('',(21.264952150886,75.784637422499,
    28.250644673494));
#2372 = CARTESIAN_POINT('',(21.269317466886,75.789707549389,
    28.028199007108));
#2373 = CARTESIAN_POINT('',(21.29550757665,75.820145923065,
    27.807919414923));
#2374 = CARTESIAN_POINT('',(21.343962624318,75.876878632728,
    27.593548790526));
#2375 = CARTESIAN_POINT('',(21.46904569761,76.025378121526,
    27.23806082289));
#2376 = CARTESIAN_POINT('',(21.536314962745,76.105690537402,
    27.090337482727));
#2377 = CARTESIAN_POINT('',(21.617453355593,76.203332781885,
    26.951482337264));
#2378 = CARTESIAN_POINT('',(21.712272520754,76.318683924471,
    26.825856072843));
#2379 = CARTESIAN_POINT('',(21.820031016515,76.451645400295,
    26.718301950693));
#2380 = CARTESIAN_POINT('',(21.939362521121,76.601491766512,
    26.634239405048));
#2381 = CARTESIAN_POINT('',(22.194035690917,76.927604827969,
    26.526867355784));
#2382 = CARTESIAN_POINT('',(22.325522662116,77.098813104112,
    26.503779083602));
#2383 = CARTESIAN_POINT('',(22.457281845749,77.273758560964,
    26.51477155635));
#2384 = CARTESIAN_POINT('',(22.583770983541,77.445301157011,
    26.559945927274));
#2385 = CARTESIAN_POINT('',(22.700180417338,77.606212261102,
    26.635645237966));
#2386 = CARTESIAN_POINT('',(22.803036240517,77.750550450051,
    26.734602561314));
#2387 = CARTESIAN_POINT('',(23.005915759956,78.03854661699,
    26.992911091642));
#2388 = CARTESIAN_POINT('',(23.098950864109,78.173519530221,
    27.167055960068));
#2389 = CARTESIAN_POINT('',(23.170982352968,78.279675977892,
    27.358256175356));
#2390 = CARTESIAN_POINT('',(23.223731217001,78.358160448283,
    27.560169503074));
#2391 = CARTESIAN_POINT('',(23.258436200645,78.410063642821,
    27.768278094132));
#2392 = CARTESIAN_POINT('',(23.275848468484,78.436103377619,
    27.979428074033));
#2393 = CARTESIAN_POINT('',(23.275848468484,78.436103377619,
    28.190784465515));
#2394 = FACE_BOUND('',#2395,.T.);
#2395 = EDGE_LOOP('',(#2396));
#2396 = ORIENTED_EDGE('',*,*,#2397,.F.);
#2397 = EDGE_CURVE('',#2398,#2398,#2400,.T.);
#2398 = VERTEX_POINT('',#2399);
#2399 = CARTESIAN_POINT('',(26.619721109715,85.317232696832,
    28.190784465515));
#2400 = B_SPLINE_CURVE_WITH_KNOTS('',7,(#2401,#2402,#2403,#2404,#2405,
    #2406,#2407,#2408,#2409,#2410,#2411,#2412,#2413,#2414,#2415,#2416,
    #2417,#2418,#2419,#2420,#2421,#2422,#2423,#2424,#2425,#2426,#2427,
    #2428,#2429,#2430,#2431,#2432,#2433,#2434,#2435,#2436,#2437,#2438,
    #2439,#2440,#2441,#2442,#2443,#2444),.UNSPECIFIED.,.T.,.F.,(8,6,6,6,
    6,6,6,8),(0.,0.152328178661,0.284925983434,0.420718222664,
    0.588026134603,0.713994798894,0.837314285108,1.),.UNSPECIFIED.);
#2401 = CARTESIAN_POINT('',(26.619721109716,85.317232696832,
    28.190784465515));
#2402 = CARTESIAN_POINT('',(26.619721109716,85.317232696832,
    28.388402324449));
#2403 = CARTESIAN_POINT('',(26.611229472836,85.291199228658,
    28.586014319679));
#2404 = CARTESIAN_POINT('',(26.594220008365,85.239049958893,
    28.781213314734));
#2405 = CARTESIAN_POINT('',(26.568252241008,85.159985588702,
    28.971230905098));
#2406 = CARTESIAN_POINT('',(26.53258447982,85.052813794322,
    29.152434024087));
#2407 = CARTESIAN_POINT('',(26.4861700186,84.916283840963,
    29.319771467965));
#2408 = CARTESIAN_POINT('',(26.377193163147,84.604934951937,
    29.592599409424));
#2409 = CARTESIAN_POINT('',(26.315799301439,84.432505660082,
    29.707552088866));
#2410 = CARTESIAN_POINT('',(26.244297766271,84.236217066794,
    29.797530978599));
#2411 = CARTESIAN_POINT('',(26.164470477144,84.023430928363,
    29.853594254576));
#2412 = CARTESIAN_POINT('',(26.079301690833,83.803813449199,
    29.870927222599));
#2413 = CARTESIAN_POINT('',(25.992801004425,83.587356056536,
    29.849117008162));
#2414 = CARTESIAN_POINT('',(25.823153044245,83.173365839384,
    29.734336417769));
#2415 = CARTESIAN_POINT('',(25.743057415653,82.983539981336,
    29.641641489061));
#2416 = CARTESIAN_POINT('',(25.670757113623,82.816544934971,
    29.522067643581));
#2417 = CARTESIAN_POINT('',(25.60764836833,82.673660549639,
    29.382175021123));
#2418 = CARTESIAN_POINT('',(25.554541170877,82.555162858391,
    29.227797474157));
#2419 = CARTESIAN_POINT('',(25.511708195966,82.460546116623,
    29.064172916302));
#2420 = CARTESIAN_POINT('',(25.438524802633,82.299959609703,
    28.688734543809));
#2421 = CARTESIAN_POINT('',(25.412869550806,82.244617598462,
    28.471937062144));
#2422 = CARTESIAN_POINT('',(25.401569818078,82.220446757761,
    28.250644644428));
#2423 = CARTESIAN_POINT('',(25.404399834066,82.226509195796,
    28.028199036061));
#2424 = CARTESIAN_POINT('',(25.421373451239,82.262900313254,
    27.807919399013));
#2425 = CARTESIAN_POINT('',(25.452663705622,82.330630741547,
    27.593548794532));
#2426 = CARTESIAN_POINT('',(25.532882753345,82.507443576639,
    27.238060822778));
#2427 = CARTESIAN_POINT('',(25.575902522322,82.602966022406,
    27.090337482745));
#2428 = CARTESIAN_POINT('',(25.62758298161,82.718925398075,
    26.951482337352));
#2429 = CARTESIAN_POINT('',(25.687640202964,82.855635640319,
    26.825856072881));
#2430 = CARTESIAN_POINT('',(25.755387100626,83.012801175199,
    26.718301950652));
#2431 = CARTESIAN_POINT('',(25.829704713779,83.18935381289,
    26.634239405018));
#2432 = CARTESIAN_POINT('',(25.986601186064,83.57222670192,
    26.526867355784));
#2433 = CARTESIAN_POINT('',(26.066838420691,83.772633996186,
    26.503779083602));
#2434 = CARTESIAN_POINT('',(26.146326151641,83.976712647623,
    26.51477155635));
#2435 = CARTESIAN_POINT('',(26.221661624112,84.176089002354,
    26.559945927274));
#2436 = CARTESIAN_POINT('',(26.290171315239,84.362502419034,
    26.635645237966));
#2437 = CARTESIAN_POINT('',(26.350119179068,84.529292966648,
    26.734602561314));
#2438 = CARTESIAN_POINT('',(26.467472614362,84.861452661379,
    26.992911091642));
#2439 = CARTESIAN_POINT('',(26.520501283403,85.016569321254,
    27.167055960069));
#2440 = CARTESIAN_POINT('',(26.561110220894,85.138260080825,
    27.358256175355));
#2441 = CARTESIAN_POINT('',(26.590646392605,85.228092532145,
    27.560169503075));
#2442 = CARTESIAN_POINT('',(26.610007078555,85.287451957112,
    27.768278094131));
#2443 = CARTESIAN_POINT('',(26.619721109716,85.317232696832,
    27.979428074033));
#2444 = CARTESIAN_POINT('',(26.619721109716,85.317232696832,
    28.190784465515));
#2445 = CYLINDRICAL_SURFACE('',#2446,28.);
#2446 = AXIS2_PLACEMENT_3D('',#2447,#2448,#2449);
#2447 = CARTESIAN_POINT('',(1.42108547152E-14,94.,0.));
#2448 = DIRECTION('',(0.,0.,1.));
#2449 = DIRECTION('',(1.,0.,-0.));
#2450 = ADVANCED_FACE('',(#2451,#2485),#2496,.F.);
#2451 = FACE_BOUND('',#2452,.T.);
#2452 = EDGE_LOOP('',(#2453,#2459,#2460,#2467,#2468,#2477,#2484));
#2453 = ORIENTED_EDGE('',*,*,#2454,.F.);
#2454 = EDGE_CURVE('',#1700,#1689,#2455,.T.);
#2455 = LINE('',#2456,#2457);
#2456 = CARTESIAN_POINT('',(37.018558593155,10.006582395416,
    12.979268947182));
#2457 = VECTOR('',#2458,1.);
#2458 = DIRECTION('',(0.797080055223,0.603873650333,8.380430382045E-18)
  );
#2459 = ORIENTED_EDGE('',*,*,#1708,.F.);
#2460 = ORIENTED_EDGE('',*,*,#2461,.T.);
#2461 = EDGE_CURVE('',#1709,#1781,#2462,.T.);
#2462 = CIRCLE('',#2463,5.414656965084);
#2463 = AXIS2_PLACEMENT_3D('',#2464,#2465,#2466);
#2464 = CARTESIAN_POINT('',(41.718543940151,12.438204282453,
    21.934155881141));
#2465 = DIRECTION('',(0.600846695681,-0.793084641315,-1.E-01));
#2466 = DIRECTION('',(-0.797080055223,-0.603873650333,
    -6.938893903907E-18));
#2467 = ORIENTED_EDGE('',*,*,#1843,.F.);
#2468 = ORIENTED_EDGE('',*,*,#2469,.T.);
#2469 = EDGE_CURVE('',#1844,#2470,#2472,.T.);
#2470 = VERTEX_POINT('',#2471);
#2471 = CARTESIAN_POINT('',(62.90919063454,28.49239242629,
    21.934155881141));
#2472 = CIRCLE('',#2473,5.414656965084);
#2473 = AXIS2_PLACEMENT_3D('',#2474,#2475,#2476);
#2474 = CARTESIAN_POINT('',(67.225105707282,31.762161093094,
    21.934155881141));
#2475 = DIRECTION('',(0.600846695681,-0.793084641315,-1.E-01));
#2476 = DIRECTION('',(-0.797080055223,-0.603873650333,
    -6.938893903907E-18));
#2477 = ORIENTED_EDGE('',*,*,#2478,.T.);
#2478 = EDGE_CURVE('',#2470,#1691,#2479,.T.);
#2479 = CIRCLE('',#2480,5.414656965084);
#2480 = AXIS2_PLACEMENT_3D('',#2481,#2482,#2483);
#2481 = CARTESIAN_POINT('',(67.225105707282,31.762161093094,
    21.934155881141));
#2482 = DIRECTION('',(0.600846695681,-0.793084641315,-1.E-01));
#2483 = DIRECTION('',(-0.797080055223,-0.603873650333,
    -6.938893903907E-18));
#2484 = ORIENTED_EDGE('',*,*,#1688,.F.);
#2485 = FACE_BOUND('',#2486,.T.);
#2486 = EDGE_LOOP('',(#2487));
#2487 = ORIENTED_EDGE('',*,*,#2488,.T.);
#2488 = EDGE_CURVE('',#2489,#2489,#2491,.T.);
#2489 = VERTEX_POINT('',#2490);
#2490 = CARTESIAN_POINT('',(51.283504602826,19.684688086443,
    21.934155881141));
#2491 = CIRCLE('',#2492,4.);
#2492 = AXIS2_PLACEMENT_3D('',#2493,#2494,#2495);
#2493 = CARTESIAN_POINT('',(54.471824823717,22.100182687773,
    21.934155881141));
#2494 = DIRECTION('',(0.600846695681,-0.793084641315,-1.E-01));
#2495 = DIRECTION('',(-0.797080055223,-0.603873650333,
    -6.938893903907E-18));
#2496 = PLANE('',#2497);
#2497 = AXIS2_PLACEMENT_3D('',#2498,#2499,#2500);
#2498 = CARTESIAN_POINT('',(37.018558593155,10.006582395416,
    12.979268947182));
#2499 = DIRECTION('',(0.600846695681,-0.793084641315,-0.1));
#2500 = DIRECTION('',(-6.038736503325E-02,7.970800552228E-02,
    -0.994987437107));
#2501 = ADVANCED_FACE('',(#2502),#2506,.F.);
#2502 = FACE_BOUND('',#2503,.T.);
#2503 = EDGE_LOOP('',(#2504,#2505));
#2504 = ORIENTED_EDGE('',*,*,#1699,.F.);
#2505 = ORIENTED_EDGE('',*,*,#2454,.T.);
#2506 = PLANE('',#2507);
#2507 = AXIS2_PLACEMENT_3D('',#2508,#2509,#2510);
#2508 = CARTESIAN_POINT('',(37.018558593155,10.006582395416,
    12.979268947182));
#2509 = DIRECTION('',(6.038736503325E-02,-7.970800552228E-02,
    0.994987437107));
#2510 = DIRECTION('',(-0.797080055223,-0.603873650333,
    -8.380430382045E-18));
#2511 = ADVANCED_FACE('',(#2512),#2533,.T.);
#2512 = FACE_BOUND('',#2513,.T.);
#2513 = EDGE_LOOP('',(#2514,#2515,#2523,#2530,#2531,#2532));
#2514 = ORIENTED_EDGE('',*,*,#2478,.F.);
#2515 = ORIENTED_EDGE('',*,*,#2516,.F.);
#2516 = EDGE_CURVE('',#2517,#2470,#2519,.T.);
#2517 = VERTEX_POINT('',#2518);
#2518 = CARTESIAN_POINT('',(61.522028328669,30.323370490588,
    22.165023807326));
#2519 = LINE('',#2520,#2521);
#2520 = CARTESIAN_POINT('',(61.522028328669,30.323370490588,
    22.165023807326));
#2521 = VECTOR('',#2522,1.);
#2522 = DIRECTION('',(0.600846695681,-0.793084641315,-0.1));
#2523 = ORIENTED_EDGE('',*,*,#2524,.T.);
#2524 = EDGE_CURVE('',#2517,#2517,#2525,.T.);
#2525 = CIRCLE('',#2526,5.414656965084);
#2526 = AXIS2_PLACEMENT_3D('',#2527,#2528,#2529);
#2527 = CARTESIAN_POINT('',(65.837943401412,33.593139157392,
    22.165023807326));
#2528 = DIRECTION('',(0.600846695681,-0.793084641315,-1.E-01));
#2529 = DIRECTION('',(-0.797080055223,-0.603873650333,
    -6.938893903907E-18));
#2530 = ORIENTED_EDGE('',*,*,#2516,.T.);
#2531 = ORIENTED_EDGE('',*,*,#2469,.F.);
#2532 = ORIENTED_EDGE('',*,*,#1852,.F.);
#2533 = CYLINDRICAL_SURFACE('',#2534,5.414656965084);
#2534 = AXIS2_PLACEMENT_3D('',#2535,#2536,#2537);
#2535 = CARTESIAN_POINT('',(65.837943401412,33.593139157392,
    22.165023807326));
#2536 = DIRECTION('',(0.600846695681,-0.793084641315,-0.1));
#2537 = DIRECTION('',(-0.797080055223,-0.603873650333,
    -6.938893903907E-18));
#2538 = ADVANCED_FACE('',(#2539),#2560,.T.);
#2539 = FACE_BOUND('',#2540,.T.);
#2540 = EDGE_LOOP('',(#2541,#2542,#2550,#2557,#2558,#2559));
#2541 = ORIENTED_EDGE('',*,*,#1717,.F.);
#2542 = ORIENTED_EDGE('',*,*,#2543,.F.);
#2543 = EDGE_CURVE('',#2544,#1718,#2546,.T.);
#2544 = VERTEX_POINT('',#2545);
#2545 = CARTESIAN_POINT('',(36.015466561538,10.999413679947,
    22.165023807326));
#2546 = LINE('',#2547,#2548);
#2547 = CARTESIAN_POINT('',(36.015466561538,10.999413679947,
    22.165023807326));
#2548 = VECTOR('',#2549,1.);
#2549 = DIRECTION('',(0.600846695681,-0.793084641315,-0.1));
#2550 = ORIENTED_EDGE('',*,*,#2551,.T.);
#2551 = EDGE_CURVE('',#2544,#2544,#2552,.T.);
#2552 = CIRCLE('',#2553,5.414656965084);
#2553 = AXIS2_PLACEMENT_3D('',#2554,#2555,#2556);
#2554 = CARTESIAN_POINT('',(40.331381634281,14.269182346751,
    22.165023807326));
#2555 = DIRECTION('',(0.600846695681,-0.793084641315,-1.E-01));
#2556 = DIRECTION('',(-0.797080055223,-0.603873650333,
    -6.938893903907E-18));
#2557 = ORIENTED_EDGE('',*,*,#2543,.T.);
#2558 = ORIENTED_EDGE('',*,*,#1780,.F.);
#2559 = ORIENTED_EDGE('',*,*,#2461,.F.);
#2560 = CYLINDRICAL_SURFACE('',#2561,5.414656965084);
#2561 = AXIS2_PLACEMENT_3D('',#2562,#2563,#2564);
#2562 = CARTESIAN_POINT('',(40.331381634281,14.269182346751,
    22.165023807326));
#2563 = DIRECTION('',(0.600846695681,-0.793084641315,-0.1));
#2564 = DIRECTION('',(-0.797080055223,-0.603873650333,
    -6.938893903907E-18));
#2565 = ADVANCED_FACE('',(#2566),#2600,.F.);
#2566 = FACE_BOUND('',#2567,.F.);
#2567 = EDGE_LOOP('',(#2568,#2569,#2570,#2578,#2586,#2594));
#2568 = ORIENTED_EDGE('',*,*,#2116,.F.);
#2569 = ORIENTED_EDGE('',*,*,#1963,.T.);
#2570 = ORIENTED_EDGE('',*,*,#2571,.T.);
#2571 = EDGE_CURVE('',#1956,#2572,#2574,.T.);
#2572 = VERTEX_POINT('',#2573);
#2573 = CARTESIAN_POINT('',(2.84217094304E-14,71.,4.));
#2574 = LINE('',#2575,#2576);
#2575 = CARTESIAN_POINT('',(2.84217094304E-14,71.,0.));
#2576 = VECTOR('',#2577,1.);
#2577 = DIRECTION('',(0.,0.,1.));
#2578 = ORIENTED_EDGE('',*,*,#2579,.T.);
#2579 = EDGE_CURVE('',#2572,#2580,#2582,.T.);
#2580 = VERTEX_POINT('',#2581);
#2581 = CARTESIAN_POINT('',(1.42108547152E-14,68.5,4.));
#2582 = LINE('',#2583,#2584);
#2583 = CARTESIAN_POINT('',(4.263256414561E-14,-118.75,4.));
#2584 = VECTOR('',#2585,1.);
#2585 = DIRECTION('',(6.123233995737E-17,-1.,0.));
#2586 = ORIENTED_EDGE('',*,*,#2587,.T.);
#2587 = EDGE_CURVE('',#2580,#2588,#2590,.T.);
#2588 = VERTEX_POINT('',#2589);
#2589 = CARTESIAN_POINT('',(2.84217094304E-14,68.5,35.));
#2590 = LINE('',#2591,#2592);
#2591 = CARTESIAN_POINT('',(1.42108547152E-14,68.5,-198.));
#2592 = VECTOR('',#2593,1.);
#2593 = DIRECTION('',(0.,-0.,1.));
#2594 = ORIENTED_EDGE('',*,*,#2595,.F.);
#2595 = EDGE_CURVE('',#2108,#2588,#2596,.T.);
#2596 = LINE('',#2597,#2598);
#2597 = CARTESIAN_POINT('',(4.263256414561E-14,-106.,35.));
#2598 = VECTOR('',#2599,1.);
#2599 = DIRECTION('',(-6.123233995737E-17,1.,0.));
#2600 = PLANE('',#2601);
#2601 = AXIS2_PLACEMENT_3D('',#2602,#2603,#2604);
#2602 = CARTESIAN_POINT('',(3.870379069815E-14,-306.,-400.));
#2603 = DIRECTION('',(1.,6.123233995737E-17,0.));
#2604 = DIRECTION('',(-6.123233995737E-17,1.,0.));
#2605 = ADVANCED_FACE('',(#2606,#2611),#2622,.T.);
#2606 = FACE_BOUND('',#2607,.F.);
#2607 = EDGE_LOOP('',(#2608,#2609,#2610));
#2608 = ORIENTED_EDGE('',*,*,#2041,.F.);
#2609 = ORIENTED_EDGE('',*,*,#1999,.F.);
#2610 = ORIENTED_EDGE('',*,*,#1990,.F.);
#2611 = FACE_BOUND('',#2612,.F.);
#2612 = EDGE_LOOP('',(#2613));
#2613 = ORIENTED_EDGE('',*,*,#2614,.T.);
#2614 = EDGE_CURVE('',#2615,#2615,#2617,.T.);
#2615 = VERTEX_POINT('',#2616);
#2616 = CARTESIAN_POINT('',(69.860013488217,24.475483760656,
    21.190506637487));
#2617 = CIRCLE('',#2618,2.3);
#2618 = AXIS2_PLACEMENT_3D('',#2619,#2620,#2621);
#2619 = CARTESIAN_POINT('',(71.69329761523,25.864393156421,
    21.190506637487));
#2620 = DIRECTION('',(0.600846695681,-0.793084641315,-1.E-01));
#2621 = DIRECTION('',(-0.797080055223,-0.603873650333,
    -6.938893903907E-18));
#2622 = PLANE('',#2623);
#2623 = AXIS2_PLACEMENT_3D('',#2624,#2625,#2626);
#2624 = CARTESIAN_POINT('',(41.486750501102,4.108814458742,
    12.235619703528));
#2625 = DIRECTION('',(0.600846695681,-0.793084641315,-0.1));
#2626 = DIRECTION('',(-6.038736503325E-02,7.970800552228E-02,
    -0.994987437107));
#2627 = ADVANCED_FACE('',(#2628,#2632),#2643,.T.);
#2628 = FACE_BOUND('',#2629,.F.);
#2629 = EDGE_LOOP('',(#2630,#2631));
#2630 = ORIENTED_EDGE('',*,*,#1980,.F.);
#2631 = ORIENTED_EDGE('',*,*,#2027,.T.);
#2632 = FACE_BOUND('',#2633,.F.);
#2633 = EDGE_LOOP('',(#2634));
#2634 = ORIENTED_EDGE('',*,*,#2635,.T.);
#2635 = EDGE_CURVE('',#2636,#2636,#2638,.T.);
#2636 = VERTEX_POINT('',#2637);
#2637 = CARTESIAN_POINT('',(44.353451721086,5.151526950014,
    21.190506637487));
#2638 = CIRCLE('',#2639,2.3);
#2639 = AXIS2_PLACEMENT_3D('',#2640,#2641,#2642);
#2640 = CARTESIAN_POINT('',(46.186735848099,6.540436345779,
    21.190506637487));
#2641 = DIRECTION('',(0.600846695681,-0.793084641315,-1.E-01));
#2642 = DIRECTION('',(-0.797080055223,-0.603873650333,
    -6.938893903907E-18));
#2643 = PLANE('',#2644);
#2644 = AXIS2_PLACEMENT_3D('',#2645,#2646,#2647);
#2645 = CARTESIAN_POINT('',(41.486750501102,4.108814458742,
    12.235619703528));
#2646 = DIRECTION('',(0.600846695681,-0.793084641315,-0.1));
#2647 = DIRECTION('',(-6.038736503325E-02,7.970800552228E-02,
    -0.994987437107));
#2648 = ADVANCED_FACE('',(#2649),#2660,.F.);
#2649 = FACE_BOUND('',#2650,.F.);
#2650 = EDGE_LOOP('',(#2651,#2652,#2658,#2659));
#2651 = ORIENTED_EDGE('',*,*,#2008,.F.);
#2652 = ORIENTED_EDGE('',*,*,#2653,.F.);
#2653 = EDGE_CURVE('',#2489,#2009,#2654,.T.);
#2654 = LINE('',#2655,#2656);
#2655 = CARTESIAN_POINT('',(51.163335263689,19.843305014706,
    21.954155881141));
#2656 = VECTOR('',#2657,1.);
#2657 = DIRECTION('',(0.600846695681,-0.793084641315,-0.1));
#2658 = ORIENTED_EDGE('',*,*,#2488,.T.);
#2659 = ORIENTED_EDGE('',*,*,#2653,.T.);
#2660 = CYLINDRICAL_SURFACE('',#2661,4.);
#2661 = AXIS2_PLACEMENT_3D('',#2662,#2663,#2664);
#2662 = CARTESIAN_POINT('',(54.351655484581,22.258799616036,
    21.954155881141));
#2663 = DIRECTION('',(0.600846695681,-0.793084641315,-0.1));
#2664 = DIRECTION('',(-0.797080055223,-0.603873650333,
    -6.938893903907E-18));
#2665 = ADVANCED_FACE('',(#2666),#2695,.F.);
#2666 = FACE_BOUND('',#2667,.F.);
#2667 = EDGE_LOOP('',(#2668,#2669,#2670,#2671,#2680,#2688));
#2668 = ORIENTED_EDGE('',*,*,#2571,.F.);
#2669 = ORIENTED_EDGE('',*,*,#2057,.T.);
#2670 = ORIENTED_EDGE('',*,*,#2074,.T.);
#2671 = ORIENTED_EDGE('',*,*,#2672,.F.);
#2672 = EDGE_CURVE('',#2673,#2075,#2675,.T.);
#2673 = VERTEX_POINT('',#2674);
#2674 = CARTESIAN_POINT('',(1.5,71.048965164943,35.));
#2675 = CIRCLE('',#2676,23.);
#2676 = AXIS2_PLACEMENT_3D('',#2677,#2678,#2679);
#2677 = CARTESIAN_POINT('',(1.42108547152E-14,94.,35.));
#2678 = DIRECTION('',(0.,0.,1.));
#2679 = DIRECTION('',(1.,0.,-0.));
#2680 = ORIENTED_EDGE('',*,*,#2681,.F.);
#2681 = EDGE_CURVE('',#2682,#2673,#2684,.T.);
#2682 = VERTEX_POINT('',#2683);
#2683 = CARTESIAN_POINT('',(1.5,71.048965164943,4.));
#2684 = LINE('',#2685,#2686);
#2685 = CARTESIAN_POINT('',(1.5,71.048965164943,0.));
#2686 = VECTOR('',#2687,1.);
#2687 = DIRECTION('',(0.,0.,1.));
#2688 = ORIENTED_EDGE('',*,*,#2689,.F.);
#2689 = EDGE_CURVE('',#2572,#2682,#2690,.T.);
#2690 = CIRCLE('',#2691,23.);
#2691 = AXIS2_PLACEMENT_3D('',#2692,#2693,#2694);
#2692 = CARTESIAN_POINT('',(1.42108547152E-14,94.,4.));
#2693 = DIRECTION('',(0.,0.,1.));
#2694 = DIRECTION('',(1.,0.,-0.));
#2695 = CYLINDRICAL_SURFACE('',#2696,23.);
#2696 = AXIS2_PLACEMENT_3D('',#2697,#2698,#2699);
#2697 = CARTESIAN_POINT('',(1.42108547152E-14,94.,0.));
#2698 = DIRECTION('',(0.,0.,1.));
#2699 = DIRECTION('',(1.,0.,-0.));
#2700 = ADVANCED_FACE('',(#2701),#2721,.T.);
#2701 = FACE_BOUND('',#2702,.T.);
#2702 = EDGE_LOOP('',(#2703,#2704,#2705,#2706,#2707,#2715));
#2703 = ORIENTED_EDGE('',*,*,#2595,.F.);
#2704 = ORIENTED_EDGE('',*,*,#2107,.T.);
#2705 = ORIENTED_EDGE('',*,*,#2091,.F.);
#2706 = ORIENTED_EDGE('',*,*,#2672,.F.);
#2707 = ORIENTED_EDGE('',*,*,#2708,.F.);
#2708 = EDGE_CURVE('',#2709,#2673,#2711,.T.);
#2709 = VERTEX_POINT('',#2710);
#2710 = CARTESIAN_POINT('',(1.5,68.5,35.));
#2711 = LINE('',#2712,#2713);
#2712 = CARTESIAN_POINT('',(1.5,81.25,35.));
#2713 = VECTOR('',#2714,1.);
#2714 = DIRECTION('',(-0.,1.,0.));
#2715 = ORIENTED_EDGE('',*,*,#2716,.T.);
#2716 = EDGE_CURVE('',#2709,#2588,#2717,.T.);
#2717 = LINE('',#2718,#2719);
#2718 = CARTESIAN_POINT('',(-8.25,68.5,35.));
#2719 = VECTOR('',#2720,1.);
#2720 = DIRECTION('',(-1.,-0.,0.));
#2721 = PLANE('',#2722);
#2722 = AXIS2_PLACEMENT_3D('',#2723,#2724,#2725);
#2723 = CARTESIAN_POINT('',(1.42108547152E-14,94.,35.));
#2724 = DIRECTION('',(0.,0.,1.));
#2725 = DIRECTION('',(1.,0.,-0.));
#2726 = ADVANCED_FACE('',(#2727),#2782,.F.);
#2727 = FACE_BOUND('',#2728,.F.);
#2728 = EDGE_LOOP('',(#2729,#2737,#2738,#2739,#2748,#2757,#2766,#2775));
#2729 = ORIENTED_EDGE('',*,*,#2730,.T.);
#2730 = EDGE_CURVE('',#2731,#2125,#2733,.T.);
#2731 = VERTEX_POINT('',#2732);
#2732 = CARTESIAN_POINT('',(2.399498743711,70.291111811385,
    26.946766663017));
#2733 = LINE('',#2734,#2735);
#2734 = CARTESIAN_POINT('',(2.399498743711,70.291111811385,
    26.946766663017));
#2735 = VECTOR('',#2736,1.);
#2736 = DIRECTION('',(9.949874371066E-02,-0.99,-0.1));
#2737 = ORIENTED_EDGE('',*,*,#2124,.F.);
#2738 = ORIENTED_EDGE('',*,*,#2730,.F.);
#2739 = ORIENTED_EDGE('',*,*,#2740,.T.);
#2740 = EDGE_CURVE('',#2731,#2741,#2743,.T.);
#2741 = VERTEX_POINT('',#2742);
#2742 = CARTESIAN_POINT('',(1.5,69.897077578005,29.952715623791));
#2743 = CIRCLE('',#2744,1.65);
#2744 = AXIS2_PLACEMENT_3D('',#2745,#2746,#2747);
#2745 = CARTESIAN_POINT('',(2.399498743711,70.125288946548,
    28.588413024904));
#2746 = DIRECTION('',(9.949874371066E-02,-0.99,-0.1));
#2747 = DIRECTION('',(-3.469446951954E-18,0.100498705962,-0.994937189022
    ));
#2748 = ORIENTED_EDGE('',*,*,#2749,.T.);
#2749 = EDGE_CURVE('',#2741,#2750,#2752,.T.);
#2750 = VERTEX_POINT('',#2751);
#2751 = CARTESIAN_POINT('',(1.5,68.5,29.70785705807));
#2752 = ELLIPSE('',#2753,16.583123951777,1.65);
#2753 = AXIS2_PLACEMENT_3D('',#2754,#2755,#2756);
#2754 = CARTESIAN_POINT('',(1.5,79.075188443401,29.492443277111));
#2755 = DIRECTION('',(1.,0.,0.));
#2756 = DIRECTION('',(0.,-0.994937189022,-0.100498705962));
#2757 = ORIENTED_EDGE('',*,*,#2758,.F.);
#2758 = EDGE_CURVE('',#2759,#2750,#2761,.T.);
#2759 = VERTEX_POINT('',#2760);
#2760 = CARTESIAN_POINT('',(1.5,68.5,27.161991807472));
#2761 = ELLIPSE('',#2762,1.666666666667,1.65);
#2762 = AXIS2_PLACEMENT_3D('',#2763,#2764,#2765);
#2763 = CARTESIAN_POINT('',(2.562846428911,68.5,28.424242424242));
#2764 = DIRECTION('',(0.,1.,0.));
#2765 = DIRECTION('',(0.705327893384,0.,-0.708881205008));
#2766 = ORIENTED_EDGE('',*,*,#2767,.T.);
#2767 = EDGE_CURVE('',#2759,#2768,#2770,.T.);
#2768 = VERTEX_POINT('',#2769);
#2769 = CARTESIAN_POINT('',(1.5,70.174520403932,27.206031647112));
#2770 = ELLIPSE('',#2771,16.583123951777,1.65);
#2771 = AXIS2_PLACEMENT_3D('',#2772,#2773,#2774);
#2772 = CARTESIAN_POINT('',(1.5,79.075188443401,29.492443277111));
#2773 = DIRECTION('',(1.,0.,0.));
#2774 = DIRECTION('',(0.,-0.994937189022,-0.100498705962));
#2775 = ORIENTED_EDGE('',*,*,#2776,.T.);
#2776 = EDGE_CURVE('',#2768,#2731,#2777,.T.);
#2777 = CIRCLE('',#2778,1.65);
#2778 = AXIS2_PLACEMENT_3D('',#2779,#2780,#2781);
#2779 = CARTESIAN_POINT('',(2.399498743711,70.125288946548,
    28.588413024904));
#2780 = DIRECTION('',(9.949874371066E-02,-0.99,-0.1));
#2781 = DIRECTION('',(-3.469446951954E-18,0.100498705962,-0.994937189022
    ));
#2782 = CYLINDRICAL_SURFACE('',#2783,1.65);
#2783 = AXIS2_PLACEMENT_3D('',#2784,#2785,#2786);
#2784 = CARTESIAN_POINT('',(2.399498743711,70.125288946548,
    28.588413024904));
#2785 = DIRECTION('',(9.949874371066E-02,-0.99,-0.1));
#2786 = DIRECTION('',(-1.734723475977E-18,0.100498705962,-0.994937189022
    ));
#2787 = ADVANCED_FACE('',(#2788),#2807,.F.);
#2788 = FACE_BOUND('',#2789,.F.);
#2789 = EDGE_LOOP('',(#2790,#2791,#2799,#2806));
#2790 = ORIENTED_EDGE('',*,*,#2181,.F.);
#2791 = ORIENTED_EDGE('',*,*,#2792,.F.);
#2792 = EDGE_CURVE('',#2793,#2182,#2795,.T.);
#2793 = VERTEX_POINT('',#2794);
#2794 = CARTESIAN_POINT('',(7.236389123788,71.06276837637,
    28.588413024904));
#2795 = LINE('',#2796,#2797);
#2796 = CARTESIAN_POINT('',(7.236389123788,71.06276837637,
    28.588413024904));
#2797 = VECTOR('',#2798,1.);
#2798 = DIRECTION('',(0.363751080054,-0.92611292603,-0.1));
#2799 = ORIENTED_EDGE('',*,*,#2800,.T.);
#2800 = EDGE_CURVE('',#2793,#2793,#2801,.T.);
#2801 = CIRCLE('',#2802,1.65);
#2802 = AXIS2_PLACEMENT_3D('',#2803,#2804,#2805);
#2803 = CARTESIAN_POINT('',(8.772173668357,71.665981301183,
    28.588413024904));
#2804 = DIRECTION('',(0.363751080054,-0.92611292603,-0.1));
#2805 = DIRECTION('',(-0.93077851186,-0.365583590796,-6.938893903907E-18
    ));
#2806 = ORIENTED_EDGE('',*,*,#2792,.T.);
#2807 = CYLINDRICAL_SURFACE('',#2808,1.65);
#2808 = AXIS2_PLACEMENT_3D('',#2809,#2810,#2811);
#2809 = CARTESIAN_POINT('',(8.772173668357,71.665981301183,
    28.588413024904));
#2810 = DIRECTION('',(0.363751080054,-0.92611292603,-0.1));
#2811 = DIRECTION('',(-0.93077851186,-0.365583590796,0.));
#2812 = ADVANCED_FACE('',(#2813),#2832,.F.);
#2813 = FACE_BOUND('',#2814,.F.);
#2814 = EDGE_LOOP('',(#2815,#2816,#2824,#2831));
#2815 = ORIENTED_EDGE('',*,*,#2232,.F.);
#2816 = ORIENTED_EDGE('',*,*,#2817,.F.);
#2817 = EDGE_CURVE('',#2818,#2233,#2820,.T.);
#2818 = VERTEX_POINT('',#2819);
#2819 = CARTESIAN_POINT('',(13.174758562211,73.877682565511,
    28.588413024904));
#2820 = LINE('',#2821,#2822);
#2821 = CARTESIAN_POINT('',(13.174758562211,73.877682565511,
    28.588413024904));
#2822 = VECTOR('',#2823,1.);
#2823 = DIRECTION('',(0.600846695681,-0.793084641315,-0.1));
#2824 = ORIENTED_EDGE('',*,*,#2825,.T.);
#2825 = EDGE_CURVE('',#2818,#2818,#2826,.T.);
#2826 = CIRCLE('',#2827,1.65);
#2827 = AXIS2_PLACEMENT_3D('',#2828,#2829,#2830);
#2828 = CARTESIAN_POINT('',(14.489940653329,74.87407408856,
    28.588413024904));
#2829 = DIRECTION('',(0.600846695681,-0.793084641315,-1.E-01));
#2830 = DIRECTION('',(-0.797080055223,-0.603873650333,
    -6.938893903907E-18));
#2831 = ORIENTED_EDGE('',*,*,#2817,.T.);
#2832 = CYLINDRICAL_SURFACE('',#2833,1.65);
#2833 = AXIS2_PLACEMENT_3D('',#2834,#2835,#2836);
#2834 = CARTESIAN_POINT('',(14.489940653329,74.87407408856,
    28.588413024904));
#2835 = DIRECTION('',(0.600846695681,-0.793084641315,-0.1));
#2836 = DIRECTION('',(-0.797080055223,-0.603873650333,
    -6.938893903907E-18));
#2837 = ADVANCED_FACE('',(#2838),#2857,.F.);
#2838 = FACE_BOUND('',#2839,.F.);
#2839 = EDGE_LOOP('',(#2840,#2841,#2849,#2856));
#2840 = ORIENTED_EDGE('',*,*,#2283,.F.);
#2841 = ORIENTED_EDGE('',*,*,#2842,.F.);
#2842 = EDGE_CURVE('',#2843,#2284,#2845,.T.);
#2843 = VERTEX_POINT('',#2844);
#2844 = CARTESIAN_POINT('',(24.040533918289,91.600501256289,
    30.230059386791));
#2845 = LINE('',#2846,#2847);
#2846 = CARTESIAN_POINT('',(24.040533918289,91.600501256289,
    30.230059386791));
#2847 = VECTOR('',#2848,1.);
#2848 = DIRECTION('',(0.99,-9.949874371066E-02,-0.1));
#2849 = ORIENTED_EDGE('',*,*,#2850,.T.);
#2850 = EDGE_CURVE('',#2843,#2843,#2851,.T.);
#2851 = CIRCLE('',#2852,1.65);
#2852 = AXIS2_PLACEMENT_3D('',#2853,#2854,#2855);
#2853 = CARTESIAN_POINT('',(23.874711053452,91.600501256289,
    28.588413024904));
#2854 = DIRECTION('',(0.99,-9.949874371066E-02,-0.1));
#2855 = DIRECTION('',(0.100498705962,-1.734723475977E-18,0.994937189022)
  );
#2856 = ORIENTED_EDGE('',*,*,#2842,.T.);
#2857 = CYLINDRICAL_SURFACE('',#2858,1.65);
#2858 = AXIS2_PLACEMENT_3D('',#2859,#2860,#2861);
#2859 = CARTESIAN_POINT('',(23.874711053452,91.600501256289,
    28.588413024904));
#2860 = DIRECTION('',(0.99,-9.949874371066E-02,-0.1));
#2861 = DIRECTION('',(0.100498705962,0.,0.994937189022));
#2862 = ADVANCED_FACE('',(#2863),#2882,.F.);
#2863 = FACE_BOUND('',#2864,.F.);
#2864 = EDGE_LOOP('',(#2865,#2866,#2874,#2881));
#2865 = ORIENTED_EDGE('',*,*,#2346,.F.);
#2866 = ORIENTED_EDGE('',*,*,#2867,.F.);
#2867 = EDGE_CURVE('',#2868,#2347,#2870,.T.);
#2868 = VERTEX_POINT('',#2869);
#2869 = CARTESIAN_POINT('',(20.122317434489,80.825241437789,
    28.588413024904));
#2870 = LINE('',#2871,#2872);
#2871 = CARTESIAN_POINT('',(20.122317434489,80.825241437789,
    28.588413024904));
#2872 = VECTOR('',#2873,1.);
#2873 = DIRECTION('',(0.793084641315,-0.600846695681,-0.1));
#2874 = ORIENTED_EDGE('',*,*,#2875,.T.);
#2875 = EDGE_CURVE('',#2868,#2868,#2876,.T.);
#2876 = CIRCLE('',#2877,1.65);
#2877 = AXIS2_PLACEMENT_3D('',#2878,#2879,#2880);
#2878 = CARTESIAN_POINT('',(19.12592591144,79.510059346671,
    28.588413024904));
#2879 = DIRECTION('',(0.793084641315,-0.600846695681,-0.1));
#2880 = DIRECTION('',(0.603873650333,0.797080055223,-6.938893903907E-18)
  );
#2881 = ORIENTED_EDGE('',*,*,#2867,.T.);
#2882 = CYLINDRICAL_SURFACE('',#2883,1.65);
#2883 = AXIS2_PLACEMENT_3D('',#2884,#2885,#2886);
#2884 = CARTESIAN_POINT('',(19.12592591144,79.510059346671,
    28.588413024904));
#2885 = DIRECTION('',(0.793084641315,-0.600846695681,-0.1));
#2886 = DIRECTION('',(0.603873650333,0.797080055223,-6.938893903907E-18)
  );
#2887 = ADVANCED_FACE('',(#2888),#2907,.F.);
#2888 = FACE_BOUND('',#2889,.F.);
#2889 = EDGE_LOOP('',(#2890,#2891,#2899,#2906));
#2890 = ORIENTED_EDGE('',*,*,#2397,.F.);
#2891 = ORIENTED_EDGE('',*,*,#2892,.F.);
#2892 = EDGE_CURVE('',#2893,#2398,#2895,.T.);
#2893 = VERTEX_POINT('',#2894);
#2894 = CARTESIAN_POINT('',(22.93723162363,86.763610876212,
    28.588413024904));
#2895 = LINE('',#2896,#2897);
#2896 = CARTESIAN_POINT('',(22.93723162363,86.763610876212,
    28.588413024904));
#2897 = VECTOR('',#2898,1.);
#2898 = DIRECTION('',(0.92611292603,-0.363751080054,-0.1));
#2899 = ORIENTED_EDGE('',*,*,#2900,.T.);
#2900 = EDGE_CURVE('',#2893,#2893,#2901,.T.);
#2901 = CIRCLE('',#2902,1.65);
#2902 = AXIS2_PLACEMENT_3D('',#2903,#2904,#2905);
#2903 = CARTESIAN_POINT('',(22.334018698817,85.227826331643,
    28.588413024904));
#2904 = DIRECTION('',(0.92611292603,-0.363751080054,-1.E-01));
#2905 = DIRECTION('',(0.365583590796,0.93077851186,0.));
#2906 = ORIENTED_EDGE('',*,*,#2892,.T.);
#2907 = CYLINDRICAL_SURFACE('',#2908,1.65);
#2908 = AXIS2_PLACEMENT_3D('',#2909,#2910,#2911);
#2909 = CARTESIAN_POINT('',(22.334018698817,85.227826331643,
    28.588413024904));
#2910 = DIRECTION('',(0.92611292603,-0.363751080054,-0.1));
#2911 = DIRECTION('',(0.365583590796,0.93077851186,6.938893903907E-18));
#2912 = ADVANCED_FACE('',(#2913,#2916),#2966,.F.);
#2913 = FACE_BOUND('',#2914,.F.);
#2914 = EDGE_LOOP('',(#2915));
#2915 = ORIENTED_EDGE('',*,*,#2524,.T.);
#2916 = FACE_BOUND('',#2917,.F.);
#2917 = EDGE_LOOP('',(#2918,#2928,#2936,#2944,#2952,#2960));
#2918 = ORIENTED_EDGE('',*,*,#2919,.T.);
#2919 = EDGE_CURVE('',#2920,#2922,#2924,.T.);
#2920 = VERTEX_POINT('',#2921);
#2921 = CARTESIAN_POINT('',(63.055857214168,31.221029383355,
    24.261789173313));
#2922 = VERTEX_POINT('',#2923);
#2923 = CARTESIAN_POINT('',(66.092455430052,33.257197256745,
    26.358554539299));
#2924 = LINE('',#2925,#2926);
#2925 = CARTESIAN_POINT('',(65.333305876081,32.748155288397,
    25.834363197803));
#2926 = VECTOR('',#2927,1.);
#2927 = DIRECTION('',(0.72048525919,0.483115919103,0.497493718553));
#2928 = ORIENTED_EDGE('',*,*,#2929,.T.);
#2929 = EDGE_CURVE('',#2922,#2930,#2932,.T.);
#2930 = VERTEX_POINT('',#2931);
#2931 = CARTESIAN_POINT('',(68.874541617295,35.629307030782,
    24.261789173313));
#2932 = LINE('',#2933,#2934);
#2933 = CARTESIAN_POINT('',(68.179020070484,35.036279587273,
    24.785980514809));
#2934 = VECTOR('',#2935,1.);
#2935 = DIRECTION('',(0.660097894156,0.562823924625,-0.497493718553));
#2936 = ORIENTED_EDGE('',*,*,#2937,.T.);
#2937 = EDGE_CURVE('',#2930,#2938,#2940,.T.);
#2938 = VERTEX_POINT('',#2939);
#2939 = CARTESIAN_POINT('',(68.620029588655,35.96524893143,
    20.06825844134));
#2940 = LINE('',#2941,#2942);
#2941 = CARTESIAN_POINT('',(68.683657595815,35.881263456268,
    21.116641124333));
#2942 = VECTOR('',#2943,1.);
#2943 = DIRECTION('',(-6.038736503325E-02,7.970800552229E-02,
    -0.994987437107));
#2944 = ORIENTED_EDGE('',*,*,#2945,.T.);
#2945 = EDGE_CURVE('',#2938,#2946,#2948,.T.);
#2946 = VERTEX_POINT('',#2947);
#2947 = CARTESIAN_POINT('',(65.583431372771,33.92908105804,
    17.971493075354));
#2948 = LINE('',#2949,#2950);
#2949 = CARTESIAN_POINT('',(66.342580926742,34.438123026387,
    18.49568441685));
#2950 = VECTOR('',#2951,1.);
#2951 = DIRECTION('',(-0.72048525919,-0.483115919103,-0.497493718553));
#2952 = ORIENTED_EDGE('',*,*,#2953,.T.);
#2953 = EDGE_CURVE('',#2946,#2954,#2956,.T.);
#2954 = VERTEX_POINT('',#2955);
#2955 = CARTESIAN_POINT('',(62.801345185528,31.556971284002,
    20.06825844134));
#2956 = LINE('',#2957,#2958);
#2957 = CARTESIAN_POINT('',(63.496866732339,32.149998727511,
    19.544067099844));
#2958 = VECTOR('',#2959,1.);
#2959 = DIRECTION('',(-0.660097894156,-0.562823924625,0.497493718553));
#2960 = ORIENTED_EDGE('',*,*,#2961,.T.);
#2961 = EDGE_CURVE('',#2954,#2920,#2962,.T.);
#2962 = LINE('',#2963,#2964);
#2963 = CARTESIAN_POINT('',(62.992229207008,31.305014858517,
    23.21340649032));
#2964 = VECTOR('',#2965,1.);
#2965 = DIRECTION('',(6.038736503325E-02,-7.970800552229E-02,
    0.994987437107));
#2966 = PLANE('',#2967);
#2967 = AXIS2_PLACEMENT_3D('',#2968,#2969,#2970);
#2968 = CARTESIAN_POINT('',(65.837943401412,33.593139157392,
    22.165023807326));
#2969 = DIRECTION('',(0.600846695681,-0.793084641315,-0.1));
#2970 = DIRECTION('',(-0.797080055223,-0.603873650333,
    -6.938893903907E-18));
#2971 = ADVANCED_FACE('',(#2972,#2975),#3025,.F.);
#2972 = FACE_BOUND('',#2973,.F.);
#2973 = EDGE_LOOP('',(#2974));
#2974 = ORIENTED_EDGE('',*,*,#2551,.T.);
#2975 = FACE_BOUND('',#2976,.F.);
#2976 = EDGE_LOOP('',(#2977,#2987,#2995,#3003,#3011,#3019));
#2977 = ORIENTED_EDGE('',*,*,#2978,.T.);
#2978 = EDGE_CURVE('',#2979,#2981,#2983,.T.);
#2979 = VERTEX_POINT('',#2980);
#2980 = CARTESIAN_POINT('',(37.549295447037,11.897072572713,
    24.261789173313));
#2981 = VERTEX_POINT('',#2982);
#2982 = CARTESIAN_POINT('',(40.585893662921,13.933240446103,
    26.358554539299));
#2983 = LINE('',#2984,#2985);
#2984 = CARTESIAN_POINT('',(39.82674410895,13.424198477756,
    25.834363197803));
#2985 = VECTOR('',#2986,1.);
#2986 = DIRECTION('',(0.72048525919,0.483115919103,0.497493718553));
#2987 = ORIENTED_EDGE('',*,*,#2988,.T.);
#2988 = EDGE_CURVE('',#2981,#2989,#2991,.T.);
#2989 = VERTEX_POINT('',#2990);
#2990 = CARTESIAN_POINT('',(43.367979850164,16.305350220141,
    24.261789173313));
#2991 = LINE('',#2992,#2993);
#2992 = CARTESIAN_POINT('',(42.672458303353,15.712322776631,
    24.785980514809));
#2993 = VECTOR('',#2994,1.);
#2994 = DIRECTION('',(0.660097894156,0.562823924625,-0.497493718553));
#2995 = ORIENTED_EDGE('',*,*,#2996,.T.);
#2996 = EDGE_CURVE('',#2989,#2997,#2999,.T.);
#2997 = VERTEX_POINT('',#2998);
#2998 = CARTESIAN_POINT('',(43.113467821524,16.641292120788,
    20.06825844134));
#2999 = LINE('',#3000,#3001);
#3000 = CARTESIAN_POINT('',(43.177095828684,16.557306645626,
    21.116641124333));
#3001 = VECTOR('',#3002,1.);
#3002 = DIRECTION('',(-6.038736503326E-02,7.970800552228E-02,
    -0.994987437107));
#3003 = ORIENTED_EDGE('',*,*,#3004,.T.);
#3004 = EDGE_CURVE('',#2997,#3005,#3007,.T.);
#3005 = VERTEX_POINT('',#3006);
#3006 = CARTESIAN_POINT('',(40.07686960564,14.605124247398,
    17.971493075354));
#3007 = LINE('',#3008,#3009);
#3008 = CARTESIAN_POINT('',(40.836019159611,15.114166215746,
    18.49568441685));
#3009 = VECTOR('',#3010,1.);
#3010 = DIRECTION('',(-0.72048525919,-0.483115919103,-0.497493718553));
#3011 = ORIENTED_EDGE('',*,*,#3012,.T.);
#3012 = EDGE_CURVE('',#3005,#3013,#3015,.T.);
#3013 = VERTEX_POINT('',#3014);
#3014 = CARTESIAN_POINT('',(37.294783418397,12.233014473361,
    20.06825844134));
#3015 = LINE('',#3016,#3017);
#3016 = CARTESIAN_POINT('',(37.990304965208,12.82604191687,
    19.544067099844));
#3017 = VECTOR('',#3018,1.);
#3018 = DIRECTION('',(-0.660097894156,-0.562823924625,0.497493718553));
#3019 = ORIENTED_EDGE('',*,*,#3020,.T.);
#3020 = EDGE_CURVE('',#3013,#2979,#3021,.T.);
#3021 = LINE('',#3022,#3023);
#3022 = CARTESIAN_POINT('',(37.485667439877,11.981058047875,
    23.21340649032));
#3023 = VECTOR('',#3024,1.);
#3024 = DIRECTION('',(6.038736503326E-02,-7.970800552228E-02,
    0.994987437107));
#3025 = PLANE('',#3026);
#3026 = AXIS2_PLACEMENT_3D('',#3027,#3028,#3029);
#3027 = CARTESIAN_POINT('',(40.331381634281,14.269182346751,
    22.165023807326));
#3028 = DIRECTION('',(0.600846695681,-0.793084641315,-0.1));
#3029 = DIRECTION('',(-0.797080055223,-0.603873650333,
    -6.938893903907E-18));
#3030 = ADVANCED_FACE('',(#3031),#3056,.T.);
#3031 = FACE_BOUND('',#3032,.T.);
#3032 = EDGE_LOOP('',(#3033,#3041,#3042,#3043,#3049,#3050));
#3033 = ORIENTED_EDGE('',*,*,#3034,.F.);
#3034 = EDGE_CURVE('',#2580,#3035,#3037,.T.);
#3035 = VERTEX_POINT('',#3036);
#3036 = CARTESIAN_POINT('',(1.5,68.5,4.));
#3037 = LINE('',#3038,#3039);
#3038 = CARTESIAN_POINT('',(-16.5,68.5,4.));
#3039 = VECTOR('',#3040,1.);
#3040 = DIRECTION('',(1.,0.,-0.));
#3041 = ORIENTED_EDGE('',*,*,#2587,.T.);
#3042 = ORIENTED_EDGE('',*,*,#2716,.F.);
#3043 = ORIENTED_EDGE('',*,*,#3044,.F.);
#3044 = EDGE_CURVE('',#2750,#2709,#3045,.T.);
#3045 = LINE('',#3046,#3047);
#3046 = CARTESIAN_POINT('',(1.5,68.5,4.));
#3047 = VECTOR('',#3048,1.);
#3048 = DIRECTION('',(0.,0.,1.));
#3049 = ORIENTED_EDGE('',*,*,#2758,.F.);
#3050 = ORIENTED_EDGE('',*,*,#3051,.F.);
#3051 = EDGE_CURVE('',#3035,#2759,#3052,.T.);
#3052 = LINE('',#3053,#3054);
#3053 = CARTESIAN_POINT('',(1.5,68.5,4.));
#3054 = VECTOR('',#3055,1.);
#3055 = DIRECTION('',(0.,0.,1.));
#3056 = PLANE('',#3057);
#3057 = AXIS2_PLACEMENT_3D('',#3058,#3059,#3060);
#3058 = CARTESIAN_POINT('',(-16.5,68.5,4.));
#3059 = DIRECTION('',(-0.,1.,0.));
#3060 = DIRECTION('',(0.,0.,1.));
#3061 = ADVANCED_FACE('',(#3062),#3073,.T.);
#3062 = FACE_BOUND('',#3063,.T.);
#3063 = EDGE_LOOP('',(#3064,#3065,#3066,#3072));
#3064 = ORIENTED_EDGE('',*,*,#2579,.T.);
#3065 = ORIENTED_EDGE('',*,*,#3034,.T.);
#3066 = ORIENTED_EDGE('',*,*,#3067,.T.);
#3067 = EDGE_CURVE('',#3035,#2682,#3068,.T.);
#3068 = LINE('',#3069,#3070);
#3069 = CARTESIAN_POINT('',(1.5,68.5,4.));
#3070 = VECTOR('',#3071,1.);
#3071 = DIRECTION('',(-0.,1.,0.));
#3072 = ORIENTED_EDGE('',*,*,#2689,.F.);
#3073 = PLANE('',#3074);
#3074 = AXIS2_PLACEMENT_3D('',#3075,#3076,#3077);
#3075 = CARTESIAN_POINT('',(-16.5,68.5,4.));
#3076 = DIRECTION('',(0.,0.,1.));
#3077 = DIRECTION('',(1.,0.,-0.));
#3078 = ADVANCED_FACE('',(#3079),#3098,.F.);
#3079 = FACE_BOUND('',#3080,.F.);
#3080 = EDGE_LOOP('',(#3081,#3089,#3090,#3091));
#3081 = ORIENTED_EDGE('',*,*,#3082,.T.);
#3082 = EDGE_CURVE('',#3083,#2615,#3085,.T.);
#3083 = VERTEX_POINT('',#3084);
#3084 = CARTESIAN_POINT('',(66.047538039713,29.507741981156,
    21.825023807326));
#3085 = LINE('',#3086,#3087);
#3086 = CARTESIAN_POINT('',(63.764320596127,32.521463618153,
    22.205023807326));
#3087 = VECTOR('',#3088,1.);
#3088 = DIRECTION('',(0.600846695681,-0.793084641315,-0.1));
#3089 = ORIENTED_EDGE('',*,*,#2614,.F.);
#3090 = ORIENTED_EDGE('',*,*,#3082,.F.);
#3091 = ORIENTED_EDGE('',*,*,#3092,.T.);
#3092 = EDGE_CURVE('',#3083,#3083,#3093,.T.);
#3093 = CIRCLE('',#3094,2.3);
#3094 = AXIS2_PLACEMENT_3D('',#3095,#3096,#3097);
#3095 = CARTESIAN_POINT('',(67.880822166726,30.896651376921,
    21.825023807326));
#3096 = DIRECTION('',(0.600846695681,-0.793084641315,-1.E-01));
#3097 = DIRECTION('',(-0.797080055223,-0.603873650333,
    -6.938893903907E-18));
#3098 = CYLINDRICAL_SURFACE('',#3099,2.3);
#3099 = AXIS2_PLACEMENT_3D('',#3100,#3101,#3102);
#3100 = CARTESIAN_POINT('',(65.597604723139,33.910373013918,
    22.205023807326));
#3101 = DIRECTION('',(0.600846695681,-0.793084641315,-0.1));
#3102 = DIRECTION('',(-0.797080055223,-0.603873650333,
    -6.938893903907E-18));
#3103 = ADVANCED_FACE('',(#3104),#3123,.F.);
#3104 = FACE_BOUND('',#3105,.F.);
#3105 = EDGE_LOOP('',(#3106,#3114,#3115,#3116));
#3106 = ORIENTED_EDGE('',*,*,#3107,.T.);
#3107 = EDGE_CURVE('',#3108,#2636,#3110,.T.);
#3108 = VERTEX_POINT('',#3109);
#3109 = CARTESIAN_POINT('',(40.540976272582,10.183785170515,
    21.825023807326));
#3110 = LINE('',#3111,#3112);
#3111 = CARTESIAN_POINT('',(38.257758828996,13.197506807512,
    22.205023807326));
#3112 = VECTOR('',#3113,1.);
#3113 = DIRECTION('',(0.600846695681,-0.793084641315,-0.1));
#3114 = ORIENTED_EDGE('',*,*,#2635,.F.);
#3115 = ORIENTED_EDGE('',*,*,#3107,.F.);
#3116 = ORIENTED_EDGE('',*,*,#3117,.T.);
#3117 = EDGE_CURVE('',#3108,#3108,#3118,.T.);
#3118 = CIRCLE('',#3119,2.3);
#3119 = AXIS2_PLACEMENT_3D('',#3120,#3121,#3122);
#3120 = CARTESIAN_POINT('',(42.374260399595,11.57269456628,
    21.825023807326));
#3121 = DIRECTION('',(0.600846695681,-0.793084641315,-1.E-01));
#3122 = DIRECTION('',(-0.797080055223,-0.603873650333,
    -6.938893903907E-18));
#3123 = CYLINDRICAL_SURFACE('',#3124,2.3);
#3124 = AXIS2_PLACEMENT_3D('',#3125,#3126,#3127);
#3125 = CARTESIAN_POINT('',(40.091042956008,14.586416203277,
    22.205023807326));
#3126 = DIRECTION('',(0.600846695681,-0.793084641315,-0.1));
#3127 = DIRECTION('',(-0.797080055223,-0.603873650333,
    -6.938893903907E-18));
#3128 = ADVANCED_FACE('',(#3129),#3144,.F.);
#3129 = FACE_BOUND('',#3130,.F.);
#3130 = EDGE_LOOP('',(#3131,#3132,#3133,#3134,#3135,#3136,#3137,#3143));
#3131 = ORIENTED_EDGE('',*,*,#3051,.F.);
#3132 = ORIENTED_EDGE('',*,*,#3067,.T.);
#3133 = ORIENTED_EDGE('',*,*,#2681,.T.);
#3134 = ORIENTED_EDGE('',*,*,#2708,.F.);
#3135 = ORIENTED_EDGE('',*,*,#3044,.F.);
#3136 = ORIENTED_EDGE('',*,*,#2749,.F.);
#3137 = ORIENTED_EDGE('',*,*,#3138,.F.);
#3138 = EDGE_CURVE('',#2768,#2741,#3139,.T.);
#3139 = LINE('',#3140,#3141);
#3140 = CARTESIAN_POINT('',(1.5,71.25688776988,16.49059472423));
#3141 = VECTOR('',#3142,1.);
#3142 = DIRECTION('',(0.,-0.100498705962,0.994937189022));
#3143 = ORIENTED_EDGE('',*,*,#2767,.F.);
#3144 = PLANE('',#3145);
#3145 = AXIS2_PLACEMENT_3D('',#3146,#3147,#3148);
#3146 = CARTESIAN_POINT('',(1.5,68.5,4.));
#3147 = DIRECTION('',(1.,0.,-0.));
#3148 = DIRECTION('',(0.,0.,1.));
#3149 = ADVANCED_FACE('',(#3150),#3155,.T.);
#3150 = FACE_BOUND('',#3151,.T.);
#3151 = EDGE_LOOP('',(#3152,#3153,#3154));
#3152 = ORIENTED_EDGE('',*,*,#2776,.T.);
#3153 = ORIENTED_EDGE('',*,*,#2740,.T.);
#3154 = ORIENTED_EDGE('',*,*,#3138,.F.);
#3155 = PLANE('',#3156);
#3156 = AXIS2_PLACEMENT_3D('',#3157,#3158,#3159);
#3157 = CARTESIAN_POINT('',(2.399498743711,70.125288946548,
    28.588413024904));
#3158 = DIRECTION('',(9.949874371066E-02,-0.99,-0.1));
#3159 = DIRECTION('',(-1.734723475977E-18,0.100498705962,-0.994937189022
    ));
#3160 = ADVANCED_FACE('',(#3161),#3164,.T.);
#3161 = FACE_BOUND('',#3162,.F.);
#3162 = EDGE_LOOP('',(#3163));
#3163 = ORIENTED_EDGE('',*,*,#2800,.F.);
#3164 = PLANE('',#3165);
#3165 = AXIS2_PLACEMENT_3D('',#3166,#3167,#3168);
#3166 = CARTESIAN_POINT('',(8.772173668357,71.665981301183,
    28.588413024904));
#3167 = DIRECTION('',(0.363751080054,-0.92611292603,-0.1));
#3168 = DIRECTION('',(-0.93077851186,-0.365583590796,0.));
#3169 = ADVANCED_FACE('',(#3170),#3173,.T.);
#3170 = FACE_BOUND('',#3171,.F.);
#3171 = EDGE_LOOP('',(#3172));
#3172 = ORIENTED_EDGE('',*,*,#2825,.F.);
#3173 = PLANE('',#3174);
#3174 = AXIS2_PLACEMENT_3D('',#3175,#3176,#3177);
#3175 = CARTESIAN_POINT('',(14.489940653329,74.87407408856,
    28.588413024904));
#3176 = DIRECTION('',(0.600846695681,-0.793084641315,-0.1));
#3177 = DIRECTION('',(-0.797080055223,-0.603873650333,
    -6.938893903907E-18));
#3178 = ADVANCED_FACE('',(#3179),#3182,.T.);
#3179 = FACE_BOUND('',#3180,.F.);
#3180 = EDGE_LOOP('',(#3181));
#3181 = ORIENTED_EDGE('',*,*,#2850,.F.);
#3182 = PLANE('',#3183);
#3183 = AXIS2_PLACEMENT_3D('',#3184,#3185,#3186);
#3184 = CARTESIAN_POINT('',(23.874711053452,91.600501256289,
    28.588413024904));
#3185 = DIRECTION('',(0.99,-9.949874371066E-02,-0.1));
#3186 = DIRECTION('',(0.100498705962,0.,0.994937189022));
#3187 = ADVANCED_FACE('',(#3188),#3191,.T.);
#3188 = FACE_BOUND('',#3189,.F.);
#3189 = EDGE_LOOP('',(#3190));
#3190 = ORIENTED_EDGE('',*,*,#2875,.F.);
#3191 = PLANE('',#3192);
#3192 = AXIS2_PLACEMENT_3D('',#3193,#3194,#3195);
#3193 = CARTESIAN_POINT('',(19.12592591144,79.510059346671,
    28.588413024904));
#3194 = DIRECTION('',(0.793084641315,-0.600846695681,-0.1));
#3195 = DIRECTION('',(0.603873650333,0.797080055223,-6.938893903907E-18)
  );
#3196 = ADVANCED_FACE('',(#3197),#3200,.T.);
#3197 = FACE_BOUND('',#3198,.F.);
#3198 = EDGE_LOOP('',(#3199));
#3199 = ORIENTED_EDGE('',*,*,#2900,.F.);
#3200 = PLANE('',#3201);
#3201 = AXIS2_PLACEMENT_3D('',#3202,#3203,#3204);
#3202 = CARTESIAN_POINT('',(22.334018698817,85.227826331643,
    28.588413024904));
#3203 = DIRECTION('',(0.92611292603,-0.363751080054,-0.1));
#3204 = DIRECTION('',(0.365583590796,0.93077851186,6.938893903907E-18));
#3205 = ADVANCED_FACE('',(#3206),#3231,.T.);
#3206 = FACE_BOUND('',#3207,.T.);
#3207 = EDGE_LOOP('',(#3208,#3209,#3217,#3225));
#3208 = ORIENTED_EDGE('',*,*,#2919,.T.);
#3209 = ORIENTED_EDGE('',*,*,#3210,.T.);
#3210 = EDGE_CURVE('',#2922,#3211,#3213,.T.);
#3211 = VERTEX_POINT('',#3212);
#3212 = CARTESIAN_POINT('',(68.135334195366,30.560709476274,
    26.018554539299));
#3213 = LINE('',#3214,#3215);
#3214 = CARTESIAN_POINT('',(65.972286090916,33.415814185008,
    26.378554539299));
#3215 = VECTOR('',#3216,1.);
#3216 = DIRECTION('',(0.600846695681,-0.793084641315,-1.E-01));
#3217 = ORIENTED_EDGE('',*,*,#3218,.T.);
#3218 = EDGE_CURVE('',#3211,#3219,#3221,.T.);
#3219 = VERTEX_POINT('',#3220);
#3220 = CARTESIAN_POINT('',(65.098735979482,28.524541602884,
    23.921789173313));
#3221 = LINE('',#3222,#3223);
#3222 = CARTESIAN_POINT('',(68.135334195366,30.560709476274,
    26.018554539299));
#3223 = VECTOR('',#3224,1.);
#3224 = DIRECTION('',(-0.72048525919,-0.483115919103,-0.497493718553));
#3225 = ORIENTED_EDGE('',*,*,#3226,.F.);
#3226 = EDGE_CURVE('',#2920,#3219,#3227,.T.);
#3227 = LINE('',#3228,#3229);
#3228 = CARTESIAN_POINT('',(62.935687875032,31.379646311618,
    24.281789173313));
#3229 = VECTOR('',#3230,1.);
#3230 = DIRECTION('',(0.600846695681,-0.793084641315,-1.E-01));
#3231 = PLANE('',#3232);
#3232 = AXIS2_PLACEMENT_3D('',#3233,#3234,#3235);
#3233 = CARTESIAN_POINT('',(65.972286090916,33.415814185008,
    26.378554539299));
#3234 = DIRECTION('',(0.346243035425,0.370965982834,-0.861684396981));
#3235 = DIRECTION('',(-0.72048525919,-0.483115919103,-0.497493718553));
#3236 = ADVANCED_FACE('',(#3237),#3255,.T.);
#3237 = FACE_BOUND('',#3238,.T.);
#3238 = EDGE_LOOP('',(#3239,#3240,#3241,#3249));
#3239 = ORIENTED_EDGE('',*,*,#2961,.T.);
#3240 = ORIENTED_EDGE('',*,*,#3226,.T.);
#3241 = ORIENTED_EDGE('',*,*,#3242,.T.);
#3242 = EDGE_CURVE('',#3219,#3243,#3245,.T.);
#3243 = VERTEX_POINT('',#3244);
#3244 = CARTESIAN_POINT('',(64.844223950842,28.860483503531,
    19.72825844134));
#3245 = LINE('',#3246,#3247);
#3246 = CARTESIAN_POINT('',(65.098735979482,28.524541602884,
    23.921789173313));
#3247 = VECTOR('',#3248,1.);
#3248 = DIRECTION('',(-6.038736503325E-02,7.970800552228E-02,
    -0.994987437107));
#3249 = ORIENTED_EDGE('',*,*,#3250,.F.);
#3250 = EDGE_CURVE('',#2954,#3243,#3251,.T.);
#3251 = LINE('',#3252,#3253);
#3252 = CARTESIAN_POINT('',(62.681175846392,31.715588212265,
    20.08825844134));
#3253 = VECTOR('',#3254,1.);
#3254 = DIRECTION('',(0.600846695681,-0.793084641315,-1.E-01));
#3255 = PLANE('',#3256);
#3256 = AXIS2_PLACEMENT_3D('',#3257,#3258,#3259);
#3257 = CARTESIAN_POINT('',(62.935687875032,31.379646311618,
    24.281789173313));
#3258 = DIRECTION('',(0.797080055223,0.603873650333,2.546574062734E-15)
  );
#3259 = DIRECTION('',(-6.038736503325E-02,7.970800552228E-02,
    -0.994987437107));
#3260 = ADVANCED_FACE('',(#3261),#3279,.T.);
#3261 = FACE_BOUND('',#3262,.T.);
#3262 = EDGE_LOOP('',(#3263,#3264,#3265,#3273));
#3263 = ORIENTED_EDGE('',*,*,#2953,.T.);
#3264 = ORIENTED_EDGE('',*,*,#3250,.T.);
#3265 = ORIENTED_EDGE('',*,*,#3266,.T.);
#3266 = EDGE_CURVE('',#3243,#3267,#3269,.T.);
#3267 = VERTEX_POINT('',#3268);
#3268 = CARTESIAN_POINT('',(67.626310138085,31.232593277569,
    17.631493075354));
#3269 = LINE('',#3270,#3271);
#3270 = CARTESIAN_POINT('',(64.844223950842,28.860483503531,
    19.72825844134));
#3271 = VECTOR('',#3272,1.);
#3272 = DIRECTION('',(0.660097894156,0.562823924625,-0.497493718553));
#3273 = ORIENTED_EDGE('',*,*,#3274,.F.);
#3274 = EDGE_CURVE('',#2946,#3267,#3275,.T.);
#3275 = LINE('',#3276,#3277);
#3276 = CARTESIAN_POINT('',(65.463262033635,34.087697986303,
    17.991493075354));
#3277 = VECTOR('',#3278,1.);
#3278 = DIRECTION('',(0.600846695681,-0.793084641315,-1.E-01));
#3279 = PLANE('',#3280);
#3280 = AXIS2_PLACEMENT_3D('',#3281,#3282,#3283);
#3281 = CARTESIAN_POINT('',(62.681175846392,31.715588212265,
    20.08825844134));
#3282 = DIRECTION('',(0.450837019798,0.232907667499,0.861684396981));
#3283 = DIRECTION('',(0.660097894156,0.562823924625,-0.497493718553));
#3284 = ADVANCED_FACE('',(#3285),#3303,.T.);
#3285 = FACE_BOUND('',#3286,.T.);
#3286 = EDGE_LOOP('',(#3287,#3288,#3289,#3297));
#3287 = ORIENTED_EDGE('',*,*,#2945,.T.);
#3288 = ORIENTED_EDGE('',*,*,#3274,.T.);
#3289 = ORIENTED_EDGE('',*,*,#3290,.T.);
#3290 = EDGE_CURVE('',#3267,#3291,#3293,.T.);
#3291 = VERTEX_POINT('',#3292);
#3292 = CARTESIAN_POINT('',(70.662908353969,33.268761150959,
    19.72825844134));
#3293 = LINE('',#3294,#3295);
#3294 = CARTESIAN_POINT('',(67.626310138085,31.232593277569,
    17.631493075354));
#3295 = VECTOR('',#3296,1.);
#3296 = DIRECTION('',(0.72048525919,0.483115919103,0.497493718553));
#3297 = ORIENTED_EDGE('',*,*,#3298,.F.);
#3298 = EDGE_CURVE('',#2938,#3291,#3299,.T.);
#3299 = LINE('',#3300,#3301);
#3300 = CARTESIAN_POINT('',(68.499860249519,36.123865859693,
    20.08825844134));
#3301 = VECTOR('',#3302,1.);
#3302 = DIRECTION('',(0.600846695681,-0.793084641315,-1.E-01));
#3303 = PLANE('',#3304);
#3304 = AXIS2_PLACEMENT_3D('',#3305,#3306,#3307);
#3305 = CARTESIAN_POINT('',(65.463262033635,34.087697986303,
    17.991493075354));
#3306 = DIRECTION('',(-0.346243035425,-0.370965982834,0.861684396981));
#3307 = DIRECTION('',(0.72048525919,0.483115919103,0.497493718553));
#3308 = ADVANCED_FACE('',(#3309),#3327,.T.);
#3309 = FACE_BOUND('',#3310,.T.);
#3310 = EDGE_LOOP('',(#3311,#3312,#3313,#3321));
#3311 = ORIENTED_EDGE('',*,*,#2937,.T.);
#3312 = ORIENTED_EDGE('',*,*,#3298,.T.);
#3313 = ORIENTED_EDGE('',*,*,#3314,.T.);
#3314 = EDGE_CURVE('',#3291,#3315,#3317,.T.);
#3315 = VERTEX_POINT('',#3316);
#3316 = CARTESIAN_POINT('',(70.917420382609,32.932819250311,
    23.921789173313));
#3317 = LINE('',#3318,#3319);
#3318 = CARTESIAN_POINT('',(70.662908353969,33.268761150959,
    19.72825844134));
#3319 = VECTOR('',#3320,1.);
#3320 = DIRECTION('',(6.038736503325E-02,-7.970800552228E-02,
    0.994987437107));
#3321 = ORIENTED_EDGE('',*,*,#3322,.F.);
#3322 = EDGE_CURVE('',#2930,#3315,#3323,.T.);
#3323 = LINE('',#3324,#3325);
#3324 = CARTESIAN_POINT('',(68.754372278159,35.787923959045,
    24.281789173313));
#3325 = VECTOR('',#3326,1.);
#3326 = DIRECTION('',(0.600846695681,-0.793084641315,-1.E-01));
#3327 = PLANE('',#3328);
#3328 = AXIS2_PLACEMENT_3D('',#3329,#3330,#3331);
#3329 = CARTESIAN_POINT('',(68.499860249519,36.123865859693,
    20.08825844134));
#3330 = DIRECTION('',(-0.797080055223,-0.603873650333,-2.53963516883E-15
    ));
#3331 = DIRECTION('',(6.038736503325E-02,-7.970800552228E-02,
    0.994987437107));
#3332 = ADVANCED_FACE('',(#3333),#3344,.T.);
#3333 = FACE_BOUND('',#3334,.T.);
#3334 = EDGE_LOOP('',(#3335,#3336,#3337,#3343));
#3335 = ORIENTED_EDGE('',*,*,#2929,.T.);
#3336 = ORIENTED_EDGE('',*,*,#3322,.T.);
#3337 = ORIENTED_EDGE('',*,*,#3338,.T.);
#3338 = EDGE_CURVE('',#3315,#3211,#3339,.T.);
#3339 = LINE('',#3340,#3341);
#3340 = CARTESIAN_POINT('',(70.917420382609,32.932819250311,
    23.921789173313));
#3341 = VECTOR('',#3342,1.);
#3342 = DIRECTION('',(-0.660097894156,-0.562823924625,0.497493718553));
#3343 = ORIENTED_EDGE('',*,*,#3210,.F.);
#3344 = PLANE('',#3345);
#3345 = AXIS2_PLACEMENT_3D('',#3346,#3347,#3348);
#3346 = CARTESIAN_POINT('',(68.754372278159,35.787923959045,
    24.281789173313));
#3347 = DIRECTION('',(-0.450837019798,-0.232907667499,-0.861684396981));
#3348 = DIRECTION('',(-0.660097894156,-0.562823924625,0.497493718553));
#3349 = ADVANCED_FACE('',(#3350),#3375,.T.);
#3350 = FACE_BOUND('',#3351,.T.);
#3351 = EDGE_LOOP('',(#3352,#3353,#3361,#3369));
#3352 = ORIENTED_EDGE('',*,*,#2978,.T.);
#3353 = ORIENTED_EDGE('',*,*,#3354,.T.);
#3354 = EDGE_CURVE('',#2981,#3355,#3357,.T.);
#3355 = VERTEX_POINT('',#3356);
#3356 = CARTESIAN_POINT('',(42.628772428235,11.236752665632,
    26.018554539299));
#3357 = LINE('',#3358,#3359);
#3358 = CARTESIAN_POINT('',(40.465724323785,14.091857374366,
    26.378554539299));
#3359 = VECTOR('',#3360,1.);
#3360 = DIRECTION('',(0.600846695681,-0.793084641315,-1.E-01));
#3361 = ORIENTED_EDGE('',*,*,#3362,.T.);
#3362 = EDGE_CURVE('',#3355,#3363,#3365,.T.);
#3363 = VERTEX_POINT('',#3364);
#3364 = CARTESIAN_POINT('',(39.592174212351,9.200584792242,
    23.921789173313));
#3365 = LINE('',#3366,#3367);
#3366 = CARTESIAN_POINT('',(42.628772428235,11.236752665632,
    26.018554539299));
#3367 = VECTOR('',#3368,1.);
#3368 = DIRECTION('',(-0.72048525919,-0.483115919103,-0.497493718553));
#3369 = ORIENTED_EDGE('',*,*,#3370,.F.);
#3370 = EDGE_CURVE('',#2979,#3363,#3371,.T.);
#3371 = LINE('',#3372,#3373);
#3372 = CARTESIAN_POINT('',(37.429126107901,12.055689500976,
    24.281789173313));
#3373 = VECTOR('',#3374,1.);
#3374 = DIRECTION('',(0.600846695681,-0.793084641315,-1.E-01));
#3375 = PLANE('',#3376);
#3376 = AXIS2_PLACEMENT_3D('',#3377,#3378,#3379);
#3377 = CARTESIAN_POINT('',(40.465724323785,14.091857374366,
    26.378554539299));
#3378 = DIRECTION('',(0.346243035425,0.370965982834,-0.861684396981));
#3379 = DIRECTION('',(-0.72048525919,-0.483115919103,-0.497493718553));
#3380 = ADVANCED_FACE('',(#3381),#3399,.T.);
#3381 = FACE_BOUND('',#3382,.T.);
#3382 = EDGE_LOOP('',(#3383,#3384,#3385,#3393));
#3383 = ORIENTED_EDGE('',*,*,#3020,.T.);
#3384 = ORIENTED_EDGE('',*,*,#3370,.T.);
#3385 = ORIENTED_EDGE('',*,*,#3386,.T.);
#3386 = EDGE_CURVE('',#3363,#3387,#3389,.T.);
#3387 = VERTEX_POINT('',#3388);
#3388 = CARTESIAN_POINT('',(39.337662183711,9.53652669289,19.72825844134
    ));
#3389 = LINE('',#3390,#3391);
#3390 = CARTESIAN_POINT('',(39.592174212351,9.200584792242,
    23.921789173313));
#3391 = VECTOR('',#3392,1.);
#3392 = DIRECTION('',(-6.038736503326E-02,7.970800552228E-02,
    -0.994987437107));
#3393 = ORIENTED_EDGE('',*,*,#3394,.F.);
#3394 = EDGE_CURVE('',#3013,#3387,#3395,.T.);
#3395 = LINE('',#3396,#3397);
#3396 = CARTESIAN_POINT('',(37.174614079261,12.391631401624,
    20.08825844134));
#3397 = VECTOR('',#3398,1.);
#3398 = DIRECTION('',(0.600846695681,-0.793084641315,-1.E-01));
#3399 = PLANE('',#3400);
#3400 = AXIS2_PLACEMENT_3D('',#3401,#3402,#3403);
#3401 = CARTESIAN_POINT('',(37.429126107901,12.055689500976,
    24.281789173313));
#3402 = DIRECTION('',(0.797080055223,0.603873650333,-2.803313137179E-15)
  );
#3403 = DIRECTION('',(-6.038736503326E-02,7.970800552228E-02,
    -0.994987437107));
#3404 = ADVANCED_FACE('',(#3405),#3423,.T.);
#3405 = FACE_BOUND('',#3406,.T.);
#3406 = EDGE_LOOP('',(#3407,#3408,#3409,#3417));
#3407 = ORIENTED_EDGE('',*,*,#3012,.T.);
#3408 = ORIENTED_EDGE('',*,*,#3394,.T.);
#3409 = ORIENTED_EDGE('',*,*,#3410,.T.);
#3410 = EDGE_CURVE('',#3387,#3411,#3413,.T.);
#3411 = VERTEX_POINT('',#3412);
#3412 = CARTESIAN_POINT('',(42.119748370954,11.908636466927,
    17.631493075354));
#3413 = LINE('',#3414,#3415);
#3414 = CARTESIAN_POINT('',(39.337662183711,9.53652669289,19.72825844134
    ));
#3415 = VECTOR('',#3416,1.);
#3416 = DIRECTION('',(0.660097894156,0.562823924625,-0.497493718553));
#3417 = ORIENTED_EDGE('',*,*,#3418,.F.);
#3418 = EDGE_CURVE('',#3005,#3411,#3419,.T.);
#3419 = LINE('',#3420,#3421);
#3420 = CARTESIAN_POINT('',(39.956700266504,14.763741175661,
    17.991493075354));
#3421 = VECTOR('',#3422,1.);
#3422 = DIRECTION('',(0.600846695681,-0.793084641315,-1.E-01));
#3423 = PLANE('',#3424);
#3424 = AXIS2_PLACEMENT_3D('',#3425,#3426,#3427);
#3425 = CARTESIAN_POINT('',(37.174614079261,12.391631401624,
    20.08825844134));
#3426 = DIRECTION('',(0.450837019798,0.232907667499,0.861684396981));
#3427 = DIRECTION('',(0.660097894156,0.562823924625,-0.497493718553));
#3428 = ADVANCED_FACE('',(#3429),#3447,.T.);
#3429 = FACE_BOUND('',#3430,.T.);
#3430 = EDGE_LOOP('',(#3431,#3432,#3433,#3441));
#3431 = ORIENTED_EDGE('',*,*,#3004,.T.);
#3432 = ORIENTED_EDGE('',*,*,#3418,.T.);
#3433 = ORIENTED_EDGE('',*,*,#3434,.T.);
#3434 = EDGE_CURVE('',#3411,#3435,#3437,.T.);
#3435 = VERTEX_POINT('',#3436);
#3436 = CARTESIAN_POINT('',(45.156346586838,13.944804340317,
    19.72825844134));
#3437 = LINE('',#3438,#3439);
#3438 = CARTESIAN_POINT('',(42.119748370954,11.908636466927,
    17.631493075354));
#3439 = VECTOR('',#3440,1.);
#3440 = DIRECTION('',(0.72048525919,0.483115919103,0.497493718553));
#3441 = ORIENTED_EDGE('',*,*,#3442,.F.);
#3442 = EDGE_CURVE('',#2997,#3435,#3443,.T.);
#3443 = LINE('',#3444,#3445);
#3444 = CARTESIAN_POINT('',(42.993298482388,16.799909049051,
    20.08825844134));
#3445 = VECTOR('',#3446,1.);
#3446 = DIRECTION('',(0.600846695681,-0.793084641315,-1.E-01));
#3447 = PLANE('',#3448);
#3448 = AXIS2_PLACEMENT_3D('',#3449,#3450,#3451);
#3449 = CARTESIAN_POINT('',(39.956700266504,14.763741175661,
    17.991493075354));
#3450 = DIRECTION('',(-0.346243035425,-0.370965982834,0.861684396981));
#3451 = DIRECTION('',(0.72048525919,0.483115919103,0.497493718553));
#3452 = ADVANCED_FACE('',(#3453),#3471,.T.);
#3453 = FACE_BOUND('',#3454,.T.);
#3454 = EDGE_LOOP('',(#3455,#3456,#3457,#3465));
#3455 = ORIENTED_EDGE('',*,*,#2996,.T.);
#3456 = ORIENTED_EDGE('',*,*,#3442,.T.);
#3457 = ORIENTED_EDGE('',*,*,#3458,.T.);
#3458 = EDGE_CURVE('',#3435,#3459,#3461,.T.);
#3459 = VERTEX_POINT('',#3460);
#3460 = CARTESIAN_POINT('',(45.410858615478,13.60886243967,
    23.921789173313));
#3461 = LINE('',#3462,#3463);
#3462 = CARTESIAN_POINT('',(45.156346586838,13.944804340317,
    19.72825844134));
#3463 = VECTOR('',#3464,1.);
#3464 = DIRECTION('',(6.038736503326E-02,-7.970800552228E-02,
    0.994987437107));
#3465 = ORIENTED_EDGE('',*,*,#3466,.F.);
#3466 = EDGE_CURVE('',#2989,#3459,#3467,.T.);
#3467 = LINE('',#3468,#3469);
#3468 = CARTESIAN_POINT('',(43.247810511028,16.463967148404,
    24.281789173313));
#3469 = VECTOR('',#3470,1.);
#3470 = DIRECTION('',(0.600846695681,-0.793084641315,-1.E-01));
#3471 = PLANE('',#3472);
#3472 = AXIS2_PLACEMENT_3D('',#3473,#3474,#3475);
#3473 = CARTESIAN_POINT('',(42.993298482388,16.799909049051,
    20.08825844134));
#3474 = DIRECTION('',(-0.797080055223,-0.603873650333,2.810252031082E-15
    ));
#3475 = DIRECTION('',(6.038736503326E-02,-7.970800552228E-02,
    0.994987437107));
#3476 = ADVANCED_FACE('',(#3477),#3488,.T.);
#3477 = FACE_BOUND('',#3478,.T.);
#3478 = EDGE_LOOP('',(#3479,#3480,#3481,#3487));
#3479 = ORIENTED_EDGE('',*,*,#2988,.T.);
#3480 = ORIENTED_EDGE('',*,*,#3466,.T.);
#3481 = ORIENTED_EDGE('',*,*,#3482,.T.);
#3482 = EDGE_CURVE('',#3459,#3355,#3483,.T.);
#3483 = LINE('',#3484,#3485);
#3484 = CARTESIAN_POINT('',(45.410858615478,13.60886243967,
    23.921789173313));
#3485 = VECTOR('',#3486,1.);
#3486 = DIRECTION('',(-0.660097894156,-0.562823924625,0.497493718553));
#3487 = ORIENTED_EDGE('',*,*,#3354,.F.);
#3488 = PLANE('',#3489);
#3489 = AXIS2_PLACEMENT_3D('',#3490,#3491,#3492);
#3490 = CARTESIAN_POINT('',(43.247810511028,16.463967148404,
    24.281789173313));
#3491 = DIRECTION('',(-0.450837019798,-0.232907667499,-0.861684396981));
#3492 = DIRECTION('',(-0.660097894156,-0.562823924625,0.497493718553));
#3493 = ADVANCED_FACE('',(#3494,#3502),#3505,.F.);
#3494 = FACE_BOUND('',#3495,.F.);
#3495 = EDGE_LOOP('',(#3496,#3497,#3498,#3499,#3500,#3501));
#3496 = ORIENTED_EDGE('',*,*,#3338,.T.);
#3497 = ORIENTED_EDGE('',*,*,#3218,.T.);
#3498 = ORIENTED_EDGE('',*,*,#3242,.T.);
#3499 = ORIENTED_EDGE('',*,*,#3266,.T.);
#3500 = ORIENTED_EDGE('',*,*,#3290,.T.);
#3501 = ORIENTED_EDGE('',*,*,#3314,.T.);
#3502 = FACE_BOUND('',#3503,.F.);
#3503 = EDGE_LOOP('',(#3504));
#3504 = ORIENTED_EDGE('',*,*,#3092,.F.);
#3505 = PLANE('',#3506);
#3506 = AXIS2_PLACEMENT_3D('',#3507,#3508,#3509);
#3507 = CARTESIAN_POINT('',(67.880822166726,30.896651376921,
    21.825023807326));
#3508 = DIRECTION('',(0.600846695681,-0.793084641315,-1.E-01));
#3509 = DIRECTION('',(-0.797080055223,-0.603873650333,
    -6.938893903907E-18));
#3510 = ADVANCED_FACE('',(#3511,#3519),#3522,.F.);
#3511 = FACE_BOUND('',#3512,.F.);
#3512 = EDGE_LOOP('',(#3513,#3514,#3515,#3516,#3517,#3518));
#3513 = ORIENTED_EDGE('',*,*,#3482,.T.);
#3514 = ORIENTED_EDGE('',*,*,#3362,.T.);
#3515 = ORIENTED_EDGE('',*,*,#3386,.T.);
#3516 = ORIENTED_EDGE('',*,*,#3410,.T.);
#3517 = ORIENTED_EDGE('',*,*,#3434,.T.);
#3518 = ORIENTED_EDGE('',*,*,#3458,.T.);
#3519 = FACE_BOUND('',#3520,.F.);
#3520 = EDGE_LOOP('',(#3521));
#3521 = ORIENTED_EDGE('',*,*,#3117,.F.);
#3522 = PLANE('',#3523);
#3523 = AXIS2_PLACEMENT_3D('',#3524,#3525,#3526);
#3524 = CARTESIAN_POINT('',(42.374260399595,11.57269456628,
    21.825023807326));
#3525 = DIRECTION('',(0.600846695681,-0.793084641315,-1.E-01));
#3526 = DIRECTION('',(-0.797080055223,-0.603873650333,0.));
#3527 = ( GEOMETRIC_REPRESENTATION_CONTEXT(3) 
GLOBAL_UNCERTAINTY_ASSIGNED_CONTEXT((#3531)) 
GLOBAL_UNIT_ASSIGNED_CONTEXT((#3528,#3529,#3530)) REPRESENTATION_CONTEXT
('Context #1','3D Context with UNIT and UNCERTAINTY') );
#3528 = ( LENGTH_UNIT() NAMED_UNIT(*) SI_UNIT(.MILLI.,.METRE.) );
#3529 = ( NAMED_UNIT(*) PLANE_ANGLE_UNIT() SI_UNIT($,.RADIAN.) );
#3530 = ( NAMED_UNIT(*) SI_UNIT($,.STERADIAN.) SOLID_ANGLE_UNIT() );
#3531 = UNCERTAINTY_MEASURE_WITH_UNIT(LENGTH_MEASURE(1.E-07),#3528,
  'distance_accuracy_value','confusion accuracy');
#3532 = PRODUCT_RELATED_PRODUCT_CATEGORY('part',$,(#7));
ENDSEC;
END-ISO-10303-21;
