ISO-10303-21;
HEADER;
FILE_DESCRIPTION(('FreeCAD Model'),'2;1');
FILE_NAME('Open CASCADE Shape Model','2026-09-26T10:02:31',('FreeCAD'),(
    'FreeCAD'),'Open CASCADE STEP processor 7.8','FreeCAD','Unknown');
FILE_SCHEMA(('AUTOMOTIVE_DESIGN { 1 0 10303 214 1 1 1 1 }'));
ENDSEC;
DATA;
#1 = APPLICATION_PROTOCOL_DEFINITION('international standard',
  'automotive_design',2000,#2);
#2 = APPLICATION_CONTEXT(
  'core data for automotive mechanical design processes');
#3 = SHAPE_DEFINITION_REPRESENTATION(#4,#10);
#4 = PRODUCT_DEFINITION_SHAPE('','',#5);
#5 = PRODUCT_DEFINITION('design','',#6,#9);
#6 = PRODUCT_DEFINITION_FORMATION('','',#7);
#7 = PRODUCT('Open CASCADE STEP translator 7.8 42',
  'Open CASCADE STEP translator 7.8 42','',(#8));
#8 = PRODUCT_CONTEXT('',#2,'mechanical');
#9 = PRODUCT_DEFINITION_CONTEXT('part definition',#2,'design');
#10 = ADVANCED_BREP_SHAPE_REPRESENTATION('',(#11,#15),#5826);
#11 = AXIS2_PLACEMENT_3D('',#12,#13,#14);
#12 = CARTESIAN_POINT('',(0.,0.,0.));
#13 = DIRECTION('',(0.,0.,1.));
#14 = DIRECTION('',(1.,0.,-0.));
#15 = MANIFOLD_SOLID_BREP('',#16);
#16 = CLOSED_SHELL('',(#17,#59,#90,#115,#139,#779,#810,#834,#927,#951,
    #975,#993,#1018,#1043,#1114,#1179,#1210,#1234,#1258,#1283,#1308,
    #1333,#1357,#1381,#1398,#1463,#1528,#1599,#1630,#1788,#2195,#2220,
    #2254,#2288,#2312,#2371,#2430,#2478,#2494,#2509,#2527,#2558,#2907,
    #2932,#2999,#3011,#3036,#3103,#3115,#3146,#3170,#3194,#3211,#3242,
    #3266,#3290,#3307,#3358,#3368,#3395,#3422,#3447,#3472,#3497,#3522,
    #3562,#3584,#3601,#3618,#3635,#3652,#3664,#3686,#3703,#3720,#3737,
    #3754,#3766,#3788,#3809,#3826,#3861,#3887,#3948,#3973,#3998,#4023,
    #4048,#4073,#4107,#4141,#4161,#4181,#4240,#4299,#4358,#4417,#4448,
    #4465,#4490,#4515,#4536,#4547,#4556,#4565,#4574,#4583,#4592,#4617,
    #4642,#4667,#4692,#4717,#4742,#4773,#4797,#4821,#4845,#4869,#4886,
    #4917,#4941,#4965,#4989,#5013,#5030,#5061,#5085,#5109,#5133,#5157,
    #5174,#5205,#5229,#5253,#5277,#5301,#5318,#5377,#5436,#5453,#5470,
    #5487,#5504,#5563,#5622,#5644,#5661,#5678,#5695,#5712,#5724,#5746,
    #5763,#5780,#5797,#5814));
#17 = ADVANCED_FACE('',(#18),#54,.T.);
#18 = FACE_BOUND('',#19,.T.);
#19 = EDGE_LOOP('',(#20,#30,#39,#47));
#20 = ORIENTED_EDGE('',*,*,#21,.T.);
#21 = EDGE_CURVE('',#22,#24,#26,.T.);
#22 = VERTEX_POINT('',#23);
#23 = CARTESIAN_POINT('',(215.5,85.5,0.));
#24 = VERTEX_POINT('',#25);
#25 = CARTESIAN_POINT('',(215.5,85.5,3.));
#26 = LINE('',#27,#28);
#27 = CARTESIAN_POINT('',(215.5,85.5,0.));
#28 = VECTOR('',#29,1.);
#29 = DIRECTION('',(0.,0.,1.));
#30 = ORIENTED_EDGE('',*,*,#31,.F.);
#31 = EDGE_CURVE('',#32,#24,#34,.T.);
#32 = VERTEX_POINT('',#33);
#33 = CARTESIAN_POINT('',(121.5,-8.5,3.));
#34 = CIRCLE('',#35,94.);
#35 = AXIS2_PLACEMENT_3D('',#36,#37,#38);
#36 = CARTESIAN_POINT('',(121.5,85.5,3.));
#37 = DIRECTION('',(0.,0.,1.));
#38 = DIRECTION('',(1.,0.,-0.));
#39 = ORIENTED_EDGE('',*,*,#40,.F.);
#40 = EDGE_CURVE('',#41,#32,#43,.T.);
#41 = VERTEX_POINT('',#42);
#42 = CARTESIAN_POINT('',(121.5,-8.5,0.));
#43 = LINE('',#44,#45);
#44 = CARTESIAN_POINT('',(121.5,-8.5,0.));
#45 = VECTOR('',#46,1.);
#46 = DIRECTION('',(0.,0.,1.));
#47 = ORIENTED_EDGE('',*,*,#48,.T.);
#48 = EDGE_CURVE('',#41,#22,#49,.T.);
#49 = CIRCLE('',#50,94.);
#50 = AXIS2_PLACEMENT_3D('',#51,#52,#53);
#51 = CARTESIAN_POINT('',(121.5,85.5,0.));
#52 = DIRECTION('',(0.,0.,1.));
#53 = DIRECTION('',(1.,0.,-0.));
#54 = CYLINDRICAL_SURFACE('',#55,94.);
#55 = AXIS2_PLACEMENT_3D('',#56,#57,#58);
#56 = CARTESIAN_POINT('',(121.5,85.5,0.));
#57 = DIRECTION('',(0.,0.,1.));
#58 = DIRECTION('',(1.,0.,-0.));
#59 = ADVANCED_FACE('',(#60),#85,.F.);
#60 = FACE_BOUND('',#61,.F.);
#61 = EDGE_LOOP('',(#62,#72,#78,#79));
#62 = ORIENTED_EDGE('',*,*,#63,.F.);
#63 = EDGE_CURVE('',#64,#66,#68,.T.);
#64 = VERTEX_POINT('',#65);
#65 = CARTESIAN_POINT('',(212.5,85.5,0.));
#66 = VERTEX_POINT('',#67);
#67 = CARTESIAN_POINT('',(212.5,85.5,3.));
#68 = LINE('',#69,#70);
#69 = CARTESIAN_POINT('',(212.5,85.5,0.));
#70 = VECTOR('',#71,1.);
#71 = DIRECTION('',(0.,0.,1.));
#72 = ORIENTED_EDGE('',*,*,#73,.T.);
#73 = EDGE_CURVE('',#64,#22,#74,.T.);
#74 = LINE('',#75,#76);
#75 = CARTESIAN_POINT('',(-78.5,85.5,0.));
#76 = VECTOR('',#77,1.);
#77 = DIRECTION('',(1.,0.,-0.));
#78 = ORIENTED_EDGE('',*,*,#21,.T.);
#79 = ORIENTED_EDGE('',*,*,#80,.F.);
#80 = EDGE_CURVE('',#66,#24,#81,.T.);
#81 = LINE('',#82,#83);
#82 = CARTESIAN_POINT('',(-78.5,85.5,3.));
#83 = VECTOR('',#84,1.);
#84 = DIRECTION('',(1.,0.,-0.));
#85 = PLANE('',#86);
#86 = AXIS2_PLACEMENT_3D('',#87,#88,#89);
#87 = CARTESIAN_POINT('',(-278.5,85.5,-400.));
#88 = DIRECTION('',(0.,-1.,0.));
#89 = DIRECTION('',(1.,0.,0.));
#90 = ADVANCED_FACE('',(#91),#110,.F.);
#91 = FACE_BOUND('',#92,.F.);
#92 = EDGE_LOOP('',(#93,#101,#102,#103));
#93 = ORIENTED_EDGE('',*,*,#94,.F.);
#94 = EDGE_CURVE('',#41,#95,#97,.T.);
#95 = VERTEX_POINT('',#96);
#96 = CARTESIAN_POINT('',(121.5,-5.5,0.));
#97 = LINE('',#98,#99);
#98 = CARTESIAN_POINT('',(121.5,-114.5,0.));
#99 = VECTOR('',#100,1.);
#100 = DIRECTION('',(-6.123233995737E-17,1.,0.));
#101 = ORIENTED_EDGE('',*,*,#48,.T.);
#102 = ORIENTED_EDGE('',*,*,#73,.F.);
#103 = ORIENTED_EDGE('',*,*,#104,.F.);
#104 = EDGE_CURVE('',#95,#64,#105,.T.);
#105 = CIRCLE('',#106,91.);
#106 = AXIS2_PLACEMENT_3D('',#107,#108,#109);
#107 = CARTESIAN_POINT('',(121.5,85.5,0.));
#108 = DIRECTION('',(0.,0.,1.));
#109 = DIRECTION('',(1.,0.,-0.));
#110 = PLANE('',#111);
#111 = AXIS2_PLACEMENT_3D('',#112,#113,#114);
#112 = CARTESIAN_POINT('',(121.5,85.5,0.));
#113 = DIRECTION('',(0.,0.,1.));
#114 = DIRECTION('',(1.,0.,-0.));
#115 = ADVANCED_FACE('',(#116),#134,.F.);
#116 = FACE_BOUND('',#117,.F.);
#117 = EDGE_LOOP('',(#118,#119,#120,#128));
#118 = ORIENTED_EDGE('',*,*,#40,.F.);
#119 = ORIENTED_EDGE('',*,*,#94,.T.);
#120 = ORIENTED_EDGE('',*,*,#121,.T.);
#121 = EDGE_CURVE('',#95,#122,#124,.T.);
#122 = VERTEX_POINT('',#123);
#123 = CARTESIAN_POINT('',(121.5,-5.5,3.));
#124 = LINE('',#125,#126);
#125 = CARTESIAN_POINT('',(121.5,-5.5,0.));
#126 = VECTOR('',#127,1.);
#127 = DIRECTION('',(0.,0.,1.));
#128 = ORIENTED_EDGE('',*,*,#129,.F.);
#129 = EDGE_CURVE('',#32,#122,#130,.T.);
#130 = LINE('',#131,#132);
#131 = CARTESIAN_POINT('',(121.5,-114.5,3.));
#132 = VECTOR('',#133,1.);
#133 = DIRECTION('',(-6.123233995737E-17,1.,0.));
#134 = PLANE('',#135);
#135 = AXIS2_PLACEMENT_3D('',#136,#137,#138);
#136 = CARTESIAN_POINT('',(121.5,-314.5,-400.));
#137 = DIRECTION('',(1.,6.123233995737E-17,0.));
#138 = DIRECTION('',(-6.123233995737E-17,1.,0.));
#139 = ADVANCED_FACE('',(#140,#166,#217,#268,#325,#376,#615,#666,#717),
  #774,.T.);
#140 = FACE_BOUND('',#141,.T.);
#141 = EDGE_LOOP('',(#142,#143,#151,#160));
#142 = ORIENTED_EDGE('',*,*,#31,.T.);
#143 = ORIENTED_EDGE('',*,*,#144,.T.);
#144 = EDGE_CURVE('',#24,#145,#147,.T.);
#145 = VERTEX_POINT('',#146);
#146 = CARTESIAN_POINT('',(215.5,85.5,35.));
#147 = LINE('',#148,#149);
#148 = CARTESIAN_POINT('',(215.5,85.5,0.));
#149 = VECTOR('',#150,1.);
#150 = DIRECTION('',(0.,0.,1.));
#151 = ORIENTED_EDGE('',*,*,#152,.F.);
#152 = EDGE_CURVE('',#153,#145,#155,.T.);
#153 = VERTEX_POINT('',#154);
#154 = CARTESIAN_POINT('',(121.5,-8.5,35.));
#155 = CIRCLE('',#156,94.);
#156 = AXIS2_PLACEMENT_3D('',#157,#158,#159);
#157 = CARTESIAN_POINT('',(121.5,85.5,35.));
#158 = DIRECTION('',(0.,0.,1.));
#159 = DIRECTION('',(1.,0.,-0.));
#160 = ORIENTED_EDGE('',*,*,#161,.F.);
#161 = EDGE_CURVE('',#32,#153,#162,.T.);
#162 = LINE('',#163,#164);
#163 = CARTESIAN_POINT('',(121.5,-8.5,0.));
#164 = VECTOR('',#165,1.);
#165 = DIRECTION('',(0.,0.,1.));
#166 = FACE_BOUND('',#167,.T.);
#167 = EDGE_LOOP('',(#168));
#168 = ORIENTED_EDGE('',*,*,#169,.F.);
#169 = EDGE_CURVE('',#170,#170,#172,.T.);
#170 = VERTEX_POINT('',#171);
#171 = CARTESIAN_POINT('',(141.88472096891,-6.263081634279,7.));
#172 = B_SPLINE_CURVE_WITH_KNOTS('',7,(#173,#174,#175,#176,#177,#178,
    #179,#180,#181,#182,#183,#184,#185,#186,#187,#188,#189,#190,#191,
    #192,#193,#194,#195,#196,#197,#198,#199,#200,#201,#202,#203,#204,
    #205,#206,#207,#208,#209,#210,#211,#212,#213,#214,#215,#216),
  .UNSPECIFIED.,.T.,.F.,(8,6,6,6,6,6,6,8),(0.,0.152892568412,
    0.285680664949,0.421826207427,0.588895790423,0.714586081474,
    0.837773858142,1.),.UNSPECIFIED.);
#173 = CARTESIAN_POINT('',(141.88472096891,-6.263081634279,7.));
#174 = CARTESIAN_POINT('',(141.88472096891,-6.263081634279,
    6.790990056682));
#175 = CARTESIAN_POINT('',(141.91315497165,-6.256765129806,
    6.582093563605));
#176 = CARTESIAN_POINT('',(141.96997675154,-6.244142601448,
    6.375795192892));
#177 = CARTESIAN_POINT('',(142.05603826426,-6.224965814703,
    6.174935984713));
#178 = CARTESIAN_POINT('',(142.17273098933,-6.198811353877,
    5.983281616641));
#179 = CARTESIAN_POINT('',(142.32163866488,-6.165120216788,
    5.806140418798));
#180 = CARTESIAN_POINT('',(142.66188397866,-6.08712241588,5.517384145983
    ));
#181 = CARTESIAN_POINT('',(142.8506968393,-6.043503548865,5.395438529973
    ));
#182 = CARTESIAN_POINT('',(143.0663523391,-5.993162822195,5.299781501941
    ));
#183 = CARTESIAN_POINT('',(143.30099017339,-5.937642055164,
    5.240091410556));
#184 = CARTESIAN_POINT('',(143.54409573639,-5.879219529655,5.22158758477
    ));
#185 = CARTESIAN_POINT('',(143.78452448242,-5.820616620458,
    5.244737307897));
#186 = CARTESIAN_POINT('',(144.24588840236,-5.706811320166,
    5.366744805315));
#187 = CARTESIAN_POINT('',(144.4579427735,-5.653763762202,5.465322639704
    ));
#188 = CARTESIAN_POINT('',(144.64483262078,-5.60642721917,5.592273717629
    ));
#189 = CARTESIAN_POINT('',(144.80501017865,-5.565463376214,5.74054609087
    ));
#190 = CARTESIAN_POINT('',(144.93806730541,-5.531193221472,
    5.903948989335));
#191 = CARTESIAN_POINT('',(145.044483151,-5.503650047402,6.077000480121)
  );
#192 = CARTESIAN_POINT('',(145.22495095495,-5.456787852992,
    6.473176895062));
#193 = CARTESIAN_POINT('',(145.28748804789,-5.440413473762,
    6.701660460616));
#194 = CARTESIAN_POINT('',(145.31515474698,-5.433139161223,
    6.935196608454));
#195 = CARTESIAN_POINT('',(145.30862451672,-5.434854253461,
    7.170272304652));
#196 = CARTESIAN_POINT('',(145.26754849902,-5.445643925207,
    7.403161359293));
#197 = CARTESIAN_POINT('',(145.1908682645,-5.465688859955,7.629500047951
    ));
#198 = CARTESIAN_POINT('',(144.99167749712,-5.517299964044,
    8.003741712972));
#199 = CARTESIAN_POINT('',(144.88413107886,-5.545065587637,
    8.159237047965));
#200 = CARTESIAN_POINT('',(144.75367177808,-5.5785753542,8.305316650366)
  );
#201 = CARTESIAN_POINT('',(144.60013696824,-5.617736584676,
    8.437320349487));
#202 = CARTESIAN_POINT('',(144.42413057289,-5.662218044561,
    8.550154398224));
#203 = CARTESIAN_POINT('',(144.22718031344,-5.71142607131,8.638202541046
    ));
#204 = CARTESIAN_POINT('',(143.80175054363,-5.816367443214,
    8.750707267353));
#205 = CARTESIAN_POINT('',(143.57953236397,-5.870580813181,
    8.774924988139));
#206 = CARTESIAN_POINT('',(143.35388673062,-5.924921194171,
    8.763471610336));
#207 = CARTESIAN_POINT('',(143.13407978087,-5.977111181196,8.71622281816
    ));
#208 = CARTESIAN_POINT('',(142.92903312148,-6.025176253519,
    8.636946243671));
#209 = CARTESIAN_POINT('',(142.7457805176,-6.067695673749,8.53310607735)
  );
#210 = CARTESIAN_POINT('',(142.38114896875,-6.151638544157,
    8.261272535497));
#211 = CARTESIAN_POINT('',(142.2115546586,-6.190105196049,8.077999378255
    ));
#212 = CARTESIAN_POINT('',(142.07890680909,-6.219868919011,
    7.876636870318));
#213 = CARTESIAN_POINT('',(141.98126261726,-6.241635659126,
    7.663928689418));
#214 = CARTESIAN_POINT('',(141.91692099262,-6.255928486567,
    7.444724066144));
#215 = CARTESIAN_POINT('',(141.88472096891,-6.263081634279,
    7.222414315166));
#216 = CARTESIAN_POINT('',(141.88472096891,-6.263081634279,7.));
#217 = FACE_BOUND('',#218,.T.);
#218 = EDGE_LOOP('',(#219));
#219 = ORIENTED_EDGE('',*,*,#220,.F.);
#220 = EDGE_CURVE('',#221,#221,#223,.T.);
#221 = VERTEX_POINT('',#222);
#222 = CARTESIAN_POINT('',(213.26308163427,65.115279031084,7.));
#223 = B_SPLINE_CURVE_WITH_KNOTS('',7,(#224,#225,#226,#227,#228,#229,
    #230,#231,#232,#233,#234,#235,#236,#237,#238,#239,#240,#241,#242,
    #243,#244,#245,#246,#247,#248,#249,#250,#251,#252,#253,#254,#255,
    #256,#257,#258,#259,#260,#261,#262,#263,#264,#265,#266,#267),
  .UNSPECIFIED.,.T.,.F.,(8,6,6,6,6,6,6,8),(0.,0.152892567954,
    0.285680664093,0.421826206164,0.588895791742,0.714586082407,
    0.837773858672,1.),.UNSPECIFIED.);
#224 = CARTESIAN_POINT('',(213.26308163427,65.115279031084,7.));
#225 = CARTESIAN_POINT('',(213.26308163427,65.115279031084,
    7.209009943318));
#226 = CARTESIAN_POINT('',(213.2567651298,65.086845028347,7.417906436396
    ));
#227 = CARTESIAN_POINT('',(213.24414260144,65.030023248457,
    7.624204807107));
#228 = CARTESIAN_POINT('',(213.2249658147,64.943961735737,7.825064015288
    ));
#229 = CARTESIAN_POINT('',(213.19881135387,64.827269010662,
    8.016718383359));
#230 = CARTESIAN_POINT('',(213.16512021678,64.67836133512,8.193859581202
    ));
#231 = CARTESIAN_POINT('',(213.08712241588,64.338116021333,
    8.482615854017));
#232 = CARTESIAN_POINT('',(213.04350354886,64.149303160699,
    8.604561470027));
#233 = CARTESIAN_POINT('',(212.99316282219,63.9336476609,8.700218498059)
  );
#234 = CARTESIAN_POINT('',(212.93764205516,63.699009826605,
    8.759908589444));
#235 = CARTESIAN_POINT('',(212.87921952965,63.455904263608,8.77841241523
    ));
#236 = CARTESIAN_POINT('',(212.82061662045,63.21547551758,8.755262692103
    ));
#237 = CARTESIAN_POINT('',(212.70681132016,62.754111597636,
    8.633255194685));
#238 = CARTESIAN_POINT('',(212.6537637622,62.542057226497,8.534677360296
    ));
#239 = CARTESIAN_POINT('',(212.60642721917,62.355167379212,
    8.407726282372));
#240 = CARTESIAN_POINT('',(212.56546337621,62.194989821341,8.25945390913
    ));
#241 = CARTESIAN_POINT('',(212.53119322147,62.061932694587,
    8.096051010665));
#242 = CARTESIAN_POINT('',(212.5036500474,61.955516848999,7.922999519879
    ));
#243 = CARTESIAN_POINT('',(212.45678785251,61.775049043212,
    7.526823100911));
#244 = CARTESIAN_POINT('',(212.44041347471,61.712511955762,
    7.298339555193));
#245 = CARTESIAN_POINT('',(212.43313916083,61.684845251518,7.06480336306
    ));
#246 = CARTESIAN_POINT('',(212.43485425261,61.691375480004,
    6.829727723676));
#247 = CARTESIAN_POINT('',(212.4456439264,61.732451505606,6.596838625169
    ));
#248 = CARTESIAN_POINT('',(212.46568885941,61.80913173342,6.37049995595)
  );
#249 = CARTESIAN_POINT('',(212.51729996403,62.008322502849,5.99625828707
    ));
#250 = CARTESIAN_POINT('',(212.54506558763,62.115868921123,
    5.840762952029));
#251 = CARTESIAN_POINT('',(212.5785753542,62.246328221936,5.694683349602
    ));
#252 = CARTESIAN_POINT('',(212.61773658468,62.399863031791,
    5.562679650499));
#253 = CARTESIAN_POINT('',(212.66221804455,62.575869427101,
    5.449845601791));
#254 = CARTESIAN_POINT('',(212.71142607129,62.772819686512,
    5.361797458965));
#255 = CARTESIAN_POINT('',(212.81636744321,63.198249456361,
    5.249292732647));
#256 = CARTESIAN_POINT('',(212.87058081318,63.420467636022,
    5.225075011861));
#257 = CARTESIAN_POINT('',(212.92492119417,63.64611326938,5.236528389663
    ));
#258 = CARTESIAN_POINT('',(212.97711118119,63.865920219123,
    5.283777181841));
#259 = CARTESIAN_POINT('',(213.02517625351,64.070966878516,
    5.363053756328));
#260 = CARTESIAN_POINT('',(213.06769567375,64.254219482397,
    5.466893922651));
#261 = CARTESIAN_POINT('',(213.15163854415,64.618851031243,
    5.738727464503));
#262 = CARTESIAN_POINT('',(213.19010519604,64.7884453414,5.922000621745)
  );
#263 = CARTESIAN_POINT('',(213.21986891901,64.921093190901,
    6.123363129681));
#264 = CARTESIAN_POINT('',(213.24163565912,65.018737382733,
    6.336071310584));
#265 = CARTESIAN_POINT('',(213.25592848656,65.083079007377,
    6.555275933855));
#266 = CARTESIAN_POINT('',(213.26308163427,65.115279031084,
    6.777585684835));
#267 = CARTESIAN_POINT('',(213.26308163427,65.115279031084,7.));
#268 = FACE_BOUND('',#269,.T.);
#269 = EDGE_LOOP('',(#270));
#270 = ORIENTED_EDGE('',*,*,#271,.F.);
#271 = EDGE_CURVE('',#272,#272,#274,.T.);
#272 = VERTEX_POINT('',#273);
#273 = CARTESIAN_POINT('',(130.91649902046,-8.027159404087,
    19.894416035191));
#274 = B_SPLINE_CURVE_WITH_KNOTS('',7,(#275,#276,#277,#278,#279,#280,
    #281,#282,#283,#284,#285,#286,#287,#288,#289,#290,#291,#292,#293,
    #294,#295,#296,#297,#298,#299,#300,#301,#302,#303,#304,#305,#306,
    #307,#308,#309,#310,#311,#312,#313,#314,#315,#316,#317,#318,#319,
    #320,#321,#322,#323,#324),.UNSPECIFIED.,.T.,.F.,(8,6,6,6,6,6,6,6,8),
  (0.,0.138630283696,0.262696396096,0.408702735745,0.535909804816,
    0.644517201998,0.772771747342,0.882764339471,1.),.UNSPECIFIED.);
#275 = CARTESIAN_POINT('',(130.91649902046,-8.027159404087,
    19.894416035191));
#276 = CARTESIAN_POINT('',(131.14278047608,-8.004376940482,
    19.896717294141));
#277 = CARTESIAN_POINT('',(131.36229055115,-7.981631480889,
    19.935775468069));
#278 = CARTESIAN_POINT('',(131.56841901789,-7.959654971863,
    20.007811745778));
#279 = CARTESIAN_POINT('',(131.75577909563,-7.939174517141,
    20.107832400931));
#280 = CARTESIAN_POINT('',(131.92038547198,-7.920821515764,
    20.229697980978));
#281 = CARTESIAN_POINT('',(132.05998687155,-7.90503184616,
    20.366232053831));
#282 = CARTESIAN_POINT('',(132.27708340652,-7.88021804983,
    20.637469286265));
#283 = CARTESIAN_POINT('',(132.36190350809,-7.870390203331,
    20.773783556102));
#284 = CARTESIAN_POINT('',(132.42963623657,-7.862465048934,
    20.915840707771));
#285 = CARTESIAN_POINT('',(132.48090104652,-7.856428208327,
    21.061819566511));
#286 = CARTESIAN_POINT('',(132.51619080207,-7.852257951185,
    21.210313358775));
#287 = CARTESIAN_POINT('',(132.53579303108,-7.849939945,21.360169119107)
  );
#288 = CARTESIAN_POINT('',(132.54432041359,-7.848931478362,
    21.687067078247));
#289 = CARTESIAN_POINT('',(132.52724124755,-7.850951019499,
    21.865520275225));
#290 = CARTESIAN_POINT('',(132.48788222764,-7.855609770206,
    22.04321211617));
#291 = CARTESIAN_POINT('',(132.42567820075,-7.862946921486,
    22.217533784156));
#292 = CARTESIAN_POINT('',(132.34003058939,-7.872969512068,
    22.385629296383));
#293 = CARTESIAN_POINT('',(132.2303042754,-7.885645792377,
    22.544134083985));
#294 = CARTESIAN_POINT('',(131.97898746975,-7.914156794649,
    22.814485437113));
#295 = CARTESIAN_POINT('',(131.84037230029,-7.92970860579,
    22.932882245719));
#296 = CARTESIAN_POINT('',(131.68080774877,-7.947350426808,
    23.037011236243));
#297 = CARTESIAN_POINT('',(131.50271305874,-7.96666220053,23.12104185878
    ));
#298 = CARTESIAN_POINT('',(131.30987856515,-7.987084557067,
    23.180216829011));
#299 = CARTESIAN_POINT('',(131.10712263329,-8.008002480136,
    23.210956931741));
#300 = CARTESIAN_POINT('',(130.72316194953,-8.046591980812,
    23.210956931741));
#301 = CARTESIAN_POINT('',(130.54628285307,-8.063975034148,
    23.188549059188));
#302 = CARTESIAN_POINT('',(130.37273464355,-8.080629049764,
    23.143733256768));
#303 = CARTESIAN_POINT('',(130.20585240815,-8.096264530209,
    23.077155288937));
#304 = CARTESIAN_POINT('',(130.04881775559,-8.110650281524,
    22.990067600589));
#305 = CARTESIAN_POINT('',(129.90453216974,-8.123611463499,
    22.884292018402));
#306 = CARTESIAN_POINT('',(129.6230829722,-8.148485996298,
    22.617987205472));
#307 = CARTESIAN_POINT('',(129.49847703931,-8.159207038221,
    22.457211267056));
#308 = CARTESIAN_POINT('',(129.40067928048,-8.1674588794,22.285557453925
    ));
#309 = CARTESIAN_POINT('',(129.3284352227,-8.173479574488,
    22.106879778764));
#310 = CARTESIAN_POINT('',(129.28069407925,-8.177432559813,
    21.923986958139));
#311 = CARTESIAN_POINT('',(129.25682247891,-8.179409183826,
    21.739072358225));
#312 = CARTESIAN_POINT('',(129.25682247891,-8.179409183826,
    21.395465703982));
#313 = CARTESIAN_POINT('',(129.27438028852,-8.17795536384,
    21.236933010239));
#314 = CARTESIAN_POINT('',(129.30944463103,-8.175051983744,
    21.079720739452));
#315 = CARTESIAN_POINT('',(129.3623264307,-8.170652377025,20.92515461454
    ));
#316 = CARTESIAN_POINT('',(129.43359371906,-8.164668201982,
    20.774862136756));
#317 = CARTESIAN_POINT('',(129.52396915841,-8.156970663804,20.6309789322
    ));
#318 = CARTESIAN_POINT('',(129.75161950446,-8.13719706902,
    20.353084064249));
#319 = CARTESIAN_POINT('',(129.89481679209,-8.124585306073,
    20.216407664719));
#320 = CARTESIAN_POINT('',(130.06358301541,-8.109445249529,
    20.095062310986));
#321 = CARTESIAN_POINT('',(130.25530781548,-8.091816359229,
    19.996592729714));
#322 = CARTESIAN_POINT('',(130.46550568058,-8.071910396717,
    19.927297391837));
#323 = CARTESIAN_POINT('',(130.68825259113,-8.050139705124,
    19.892094792662));
#324 = CARTESIAN_POINT('',(130.91649902046,-8.027159404087,
    19.894416035191));
#325 = FACE_BOUND('',#326,.T.);
#326 = EDGE_LOOP('',(#327));
#327 = ORIENTED_EDGE('',*,*,#328,.F.);
#328 = EDGE_CURVE('',#329,#329,#331,.T.);
#329 = VERTEX_POINT('',#330);
#330 = CARTESIAN_POINT('',(154.32377842638,-2.582913041156,
    21.554100082442));
#331 = B_SPLINE_CURVE_WITH_KNOTS('',7,(#332,#333,#334,#335,#336,#337,
    #338,#339,#340,#341,#342,#343,#344,#345,#346,#347,#348,#349,#350,
    #351,#352,#353,#354,#355,#356,#357,#358,#359,#360,#361,#362,#363,
    #364,#365,#366,#367,#368,#369,#370,#371,#372,#373,#374,#375),
  .UNSPECIFIED.,.T.,.F.,(8,6,6,6,6,6,6,8),(0.,0.153253087692,
    0.286284849147,0.422708360775,0.588472489166,0.714286940498,
    0.837651817035,1.),.UNSPECIFIED.);
#332 = CARTESIAN_POINT('',(154.32377842638,-2.582913041156,
    21.554100082442));
#333 = CARTESIAN_POINT('',(154.32377842638,-2.582913041156,
    21.355900359171));
#334 = CARTESIAN_POINT('',(154.34954849969,-2.573309888873,
    21.157825510418));
#335 = CARTESIAN_POINT('',(154.4010155941,-2.554131006691,
    20.962230251122));
#336 = CARTESIAN_POINT('',(154.47892095871,-2.525045389182,
    20.771793457649));
#337 = CARTESIAN_POINT('',(154.58449719401,-2.48548793086,
    20.590068471303));
#338 = CARTESIAN_POINT('',(154.71915792572,-2.434740298049,
    20.422073951289));
#339 = CARTESIAN_POINT('',(155.0266441968,-2.317922381104,
    20.148236659802));
#340 = CARTESIAN_POINT('',(155.19728157377,-2.252784711225,
    20.032494127403));
#341 = CARTESIAN_POINT('',(155.39217966028,-2.177903412133,
    19.941651721691));
#342 = CARTESIAN_POINT('',(155.60418241241,-2.095755574146,
    19.884945073897));
#343 = CARTESIAN_POINT('',(155.82375669014,-2.009840342387,
    19.867350130754));
#344 = CARTESIAN_POINT('',(156.04084078162,-1.924134485176,
    19.889318872953));
#345 = CARTESIAN_POINT('',(156.45733013512,-1.758446990653,
    20.005181720565));
#346 = CARTESIAN_POINT('',(156.64862158321,-1.681659616724,
    20.098801079958));
#347 = CARTESIAN_POINT('',(156.81709152843,-1.613490415324,
    20.219309911833));
#348 = CARTESIAN_POINT('',(156.96141319346,-1.554727547579,
    20.359988529831));
#349 = CARTESIAN_POINT('',(157.08127229355,-1.505700077931,
    20.514963109352));
#350 = CARTESIAN_POINT('',(157.17713649203,-1.466362249258,
    20.679060400726));
#351 = CARTESIAN_POINT('',(157.33884941841,-1.399862324346,
    21.05274430904));
#352 = CARTESIAN_POINT('',(157.39571275973,-1.376355406953,
    21.268922460665));
#353 = CARTESIAN_POINT('',(157.42130347144,-1.365744350044,
    21.491382402135));
#354 = CARTESIAN_POINT('',(157.41548606956,-1.368154251934,
    21.715900526234));
#355 = CARTESIAN_POINT('',(157.37785547422,-1.3837480285,21.937920415082
    ));
#356 = CARTESIAN_POINT('',(157.30813838384,-1.412538057736,
    22.152204432664));
#357 = CARTESIAN_POINT('',(157.12955044619,-1.485872844415,
    22.504805740421));
#358 = CARTESIAN_POINT('',(157.03261394282,-1.525585426624,
    22.652046979387));
#359 = CARTESIAN_POINT('',(156.9149945499,-1.573611805813,
    22.790341208194));
#360 = CARTESIAN_POINT('',(156.7765461353,-1.629886433492,
    22.915262366976));
#361 = CARTESIAN_POINT('',(156.61782073208,-1.694019989254,
    23.021990851663));
#362 = CARTESIAN_POINT('',(156.44020739245,-1.765258747806,
    23.105233703246));
#363 = CARTESIAN_POINT('',(156.05649312244,-1.917907682229,
    23.211616518195));
#364 = CARTESIAN_POINT('',(155.85597073632,-1.997120847066,
    23.234520097899));
#365 = CARTESIAN_POINT('',(155.65227381526,-2.076930000975,
    23.223707591845));
#366 = CARTESIAN_POINT('',(155.45374521529,-2.154023734495,
    23.179056545779));
#367 = CARTESIAN_POINT('',(155.26844264448,-2.225405981198,
    23.104105542405));
#368 = CARTESIAN_POINT('',(155.10273261392,-2.288835200808,
    23.005867511373));
#369 = CARTESIAN_POINT('',(154.77289780079,-2.41447261038,
    22.748520044054));
#370 = CARTESIAN_POINT('',(154.61945092013,-2.472387788454,
    22.575013860145));
#371 = CARTESIAN_POINT('',(154.49941178337,-2.517394395563,
    22.384326095857));
#372 = CARTESIAN_POINT('',(154.4110634259,-2.550386866654,
    22.182861356759));
#373 = CARTESIAN_POINT('',(154.35287556628,-2.572070032066,
    21.975238621917));
#374 = CARTESIAN_POINT('',(154.32377842638,-2.582913041156,
    21.764699658175));
#375 = CARTESIAN_POINT('',(154.32377842638,-2.582913041156,
    21.554100082442));
#376 = FACE_BOUND('',#377,.T.);
#377 = EDGE_LOOP('',(#378,#389,#397,#460,#523,#531,#540,#548,#609));
#378 = ORIENTED_EDGE('',*,*,#379,.F.);
#379 = EDGE_CURVE('',#380,#382,#384,.T.);
#380 = VERTEX_POINT('',#381);
#381 = CARTESIAN_POINT('',(159.88981013017,-0.303394327782,
    12.751049078972));
#382 = VERTEX_POINT('',#383);
#383 = CARTESIAN_POINT('',(193.7093700207,25.318550356334,
    12.751049078972));
#384 = ELLIPSE('',#385,94.473554634366,94.);
#385 = AXIS2_PLACEMENT_3D('',#386,#387,#388);
#386 = CARTESIAN_POINT('',(121.5,85.5,21.954659662667));
#387 = DIRECTION('',(6.038736503325E-02,-7.970800552228E-02,
    0.994987437107));
#388 = DIRECTION('',(-0.600846695681,0.793084641315,0.1));
#389 = ORIENTED_EDGE('',*,*,#390,.T.);
#390 = EDGE_CURVE('',#380,#391,#393,.T.);
#391 = VERTEX_POINT('',#392);
#392 = CARTESIAN_POINT('',(159.88981013017,-0.303394327782,
    20.331010234143));
#393 = LINE('',#394,#395);
#394 = CARTESIAN_POINT('',(159.88981013017,-0.303394327782,
    -1.777879557749E-16));
#395 = VECTOR('',#396,1.);
#396 = DIRECTION('',(0.,0.,1.));
#397 = ORIENTED_EDGE('',*,*,#398,.F.);
#398 = EDGE_CURVE('',#399,#391,#401,.T.);
#399 = VERTEX_POINT('',#400);
#400 = CARTESIAN_POINT('',(159.70227582184,-0.387054449617,
    21.801069195272));
#401 = B_SPLINE_CURVE_WITH_KNOTS('',8,(#402,#403,#404,#405,#406,#407,
    #408,#409,#410,#411,#412,#413,#414,#415,#416,#417,#418,#419,#420,
    #421,#422,#423,#424,#425,#426,#427,#428,#429,#430,#431,#432,#433,
    #434,#435,#436,#437,#438,#439,#440,#441,#442,#443,#444,#445,#446,
    #447,#448,#449,#450,#451,#452,#453,#454,#455,#456,#457,#458,#459),
  .UNSPECIFIED.,.T.,.F.,(9,7,7,7,7,7,7,7,9),(0.,0.144042897639,
    0.260309104688,0.380788857645,0.504320961985,0.628109379863,
    0.731237272106,0.839569620558,1.),.UNSPECIFIED.);
#402 = CARTESIAN_POINT('',(159.70227582184,-0.387054449617,
    21.801069195272));
#403 = CARTESIAN_POINT('',(159.70227582184,-0.387054449617,
    21.265444901576));
#404 = CARTESIAN_POINT('',(159.75852952133,-0.362032884545,
    20.731246050263));
#405 = CARTESIAN_POINT('',(159.86999324697,-0.312454590059,
    20.202145118252));
#406 = CARTESIAN_POINT('',(160.03684096394,-0.237993603371,
    19.681851367915));
#407 = CARTESIAN_POINT('',(160.26013757693,-0.137706230954,
    19.174890451797));
#408 = CARTESIAN_POINT('',(160.54158284175,-1.009264169122E-02,
    18.687141224844));
#409 = CARTESIAN_POINT('',(160.88315234308,0.146819214733,
    18.226552754217));
#410 = CARTESIAN_POINT('',(161.61199892807,0.487314799543,
    17.463770187428));
#411 = CARTESIAN_POINT('',(161.98491917491,0.663264671174,
    17.140667157612));
#412 = CARTESIAN_POINT('',(162.40346798194,0.863157976187,
    16.849020382778));
#413 = CARTESIAN_POINT('',(162.86341507256,1.086057311894,
    16.601395742201));
#414 = CARTESIAN_POINT('',(163.35836936597,1.330018089813,
    16.408990778943));
#415 = CARTESIAN_POINT('',(163.88023876568,1.592067872918,
    16.281524433933));
#416 = CARTESIAN_POINT('',(164.41962682105,1.868156255694,
    16.227139088892));
#417 = CARTESIAN_POINT('',(165.53208863235,2.448312229224,
    16.278511693612));
#418 = CARTESIAN_POINT('',(166.076803062,2.73797436909,16.388811593239)
  );
#419 = CARTESIAN_POINT('',(166.58951454269,3.015875463325,
    16.575391520233));
#420 = CARTESIAN_POINT('',(167.06170393423,3.27634579805,16.828535400914
    ));
#421 = CARTESIAN_POINT('',(167.48688619181,3.514450839805,17.13670617491
    ));
#422 = CARTESIAN_POINT('',(167.86081682239,3.726427663171,
    17.486672539538));
#423 = CARTESIAN_POINT('',(168.18179196575,3.910130607725,
    17.863666569378));
#424 = CARTESIAN_POINT('',(168.72681715122,4.224362928671,
    18.649149089024));
#425 = CARTESIAN_POINT('',(168.95554353557,4.357657951101,
    19.068769489322));
#426 = CARTESIAN_POINT('',(169.13985841677,4.465929946646,
    19.503612037065));
#427 = CARTESIAN_POINT('',(169.28226158321,4.550048584377,
    19.948796237199));
#428 = CARTESIAN_POINT('',(169.38477477033,4.610815021402,
    20.400682884854));
#429 = CARTESIAN_POINT('',(169.44882702185,4.648841210426,20.85648817725
    ));
#430 = CARTESIAN_POINT('',(169.47516241759,4.664463456709,
    21.313972236182));
#431 = CARTESIAN_POINT('',(169.45223963704,4.650863382693,
    22.229056009223));
#432 = CARTESIAN_POINT('',(169.40284382452,4.621559418397,
    22.685882533719));
#433 = CARTESIAN_POINT('',(169.31568533586,4.569882355106,
    23.139272522988));
#434 = CARTESIAN_POINT('',(169.19017893139,4.495648953209,23.58684470406
    ));
#435 = CARTESIAN_POINT('',(169.02513104532,4.398446948425,24.0257145294)
  );
#436 = CARTESIAN_POINT('',(168.81883768277,4.277722311746,
    24.452211438483));
#437 = CARTESIAN_POINT('',(168.56920817593,4.13289679203,24.861527023559
    ));
#438 = CARTESIAN_POINT('',(168.02802513815,3.822443243611,
    25.568391129008));
#439 = CARTESIAN_POINT('',(167.74794387785,3.662899560368,
    25.876430161503));
#440 = CARTESIAN_POINT('',(167.4332876924,3.485188134567,26.164315703782
    ));
#441 = CARTESIAN_POINT('',(167.08449614393,3.290209452819,
    26.425142107791));
#442 = CARTESIAN_POINT('',(166.70285758565,3.079426046852,
    26.652069848784));
#443 = CARTESIAN_POINT('',(166.29054708129,2.854817327163,
    26.838320788606));
#444 = CARTESIAN_POINT('',(165.85074108486,2.618845267375,
    26.977137070958));
#445 = CARTESIAN_POINT('',(164.90151432164,2.117681988268,
    27.150537966472));
#446 = CARTESIAN_POINT('',(164.40145162315,1.857822058794,
    27.177361036514));
#447 = CARTESIAN_POINT('',(163.89874555798,1.601081585808,
    27.138622290143));
#448 = CARTESIAN_POINT('',(163.40520884989,1.353542364224,
    27.034934065207));
#449 = CARTESIAN_POINT('',(162.93250682599,1.120559372142,
    26.870876859615));
#450 = CARTESIAN_POINT('',(162.49111588075,0.90639437926,26.654787069788
    ));
#451 = CARTESIAN_POINT('',(162.08933654716,0.714025087789,
    26.398574948535));
#452 = CARTESIAN_POINT('',(161.20436004556,0.294921276952,
    25.701552493667));
#453 = CARTESIAN_POINT('',(160.76011687625,8.913440430207E-02,
    25.219555415058));
#454 = CARTESIAN_POINT('',(160.3983132402,-7.562842466782E-02,
    24.693384376767));
#455 = CARTESIAN_POINT('',(160.1153055492,-0.202980354577,
    24.137895195254));
#456 = CARTESIAN_POINT('',(159.90712556786,-0.295937460348,
    23.563881277307));
#457 = CARTESIAN_POINT('',(159.77027997111,-0.356806532708,
    22.979275075405));
#458 = CARTESIAN_POINT('',(159.70227582184,-0.387054449617,
    22.389981954517));
#459 = CARTESIAN_POINT('',(159.70227582184,-0.387054449617,
    21.801069195272));
#460 = ORIENTED_EDGE('',*,*,#461,.F.);
#461 = EDGE_CURVE('',#462,#399,#464,.T.);
#462 = VERTEX_POINT('',#463);
#463 = CARTESIAN_POINT('',(159.88981013017,-0.303394327782,
    23.261768598468));
#464 = B_SPLINE_CURVE_WITH_KNOTS('',8,(#465,#466,#467,#468,#469,#470,
    #471,#472,#473,#474,#475,#476,#477,#478,#479,#480,#481,#482,#483,
    #484,#485,#486,#487,#488,#489,#490,#491,#492,#493,#494,#495,#496,
    #497,#498,#499,#500,#501,#502,#503,#504,#505,#506,#507,#508,#509,
    #510,#511,#512,#513,#514,#515,#516,#517,#518,#519,#520,#521,#522),
  .UNSPECIFIED.,.T.,.F.,(9,7,7,7,7,7,7,7,9),(0.,0.144042897639,
    0.260309104688,0.380788857645,0.504320961985,0.628109379863,
    0.731237272106,0.839569620558,1.),.UNSPECIFIED.);
#465 = CARTESIAN_POINT('',(159.70227582184,-0.387054449617,
    21.801069195272));
#466 = CARTESIAN_POINT('',(159.70227582184,-0.387054449617,
    21.265444901576));
#467 = CARTESIAN_POINT('',(159.75852952133,-0.362032884545,
    20.731246050263));
#468 = CARTESIAN_POINT('',(159.86999324697,-0.312454590059,
    20.202145118252));
#469 = CARTESIAN_POINT('',(160.03684096394,-0.237993603371,
    19.681851367915));
#470 = CARTESIAN_POINT('',(160.26013757693,-0.137706230954,
    19.174890451797));
#471 = CARTESIAN_POINT('',(160.54158284175,-1.009264169122E-02,
    18.687141224844));
#472 = CARTESIAN_POINT('',(160.88315234308,0.146819214733,
    18.226552754217));
#473 = CARTESIAN_POINT('',(161.61199892807,0.487314799543,
    17.463770187428));
#474 = CARTESIAN_POINT('',(161.98491917491,0.663264671174,
    17.140667157612));
#475 = CARTESIAN_POINT('',(162.40346798194,0.863157976187,
    16.849020382778));
#476 = CARTESIAN_POINT('',(162.86341507256,1.086057311894,
    16.601395742201));
#477 = CARTESIAN_POINT('',(163.35836936597,1.330018089813,
    16.408990778943));
#478 = CARTESIAN_POINT('',(163.88023876568,1.592067872918,
    16.281524433933));
#479 = CARTESIAN_POINT('',(164.41962682105,1.868156255694,
    16.227139088892));
#480 = CARTESIAN_POINT('',(165.53208863235,2.448312229224,
    16.278511693612));
#481 = CARTESIAN_POINT('',(166.076803062,2.73797436909,16.388811593239)
  );
#482 = CARTESIAN_POINT('',(166.58951454269,3.015875463325,
    16.575391520233));
#483 = CARTESIAN_POINT('',(167.06170393423,3.27634579805,16.828535400914
    ));
#484 = CARTESIAN_POINT('',(167.48688619181,3.514450839805,17.13670617491
    ));
#485 = CARTESIAN_POINT('',(167.86081682239,3.726427663171,
    17.486672539538));
#486 = CARTESIAN_POINT('',(168.18179196575,3.910130607725,
    17.863666569378));
#487 = CARTESIAN_POINT('',(168.72681715122,4.224362928671,
    18.649149089024));
#488 = CARTESIAN_POINT('',(168.95554353557,4.357657951101,
    19.068769489322));
#489 = CARTESIAN_POINT('',(169.13985841677,4.465929946646,
    19.503612037065));
#490 = CARTESIAN_POINT('',(169.28226158321,4.550048584377,
    19.948796237199));
#491 = CARTESIAN_POINT('',(169.38477477033,4.610815021402,
    20.400682884854));
#492 = CARTESIAN_POINT('',(169.44882702185,4.648841210426,20.85648817725
    ));
#493 = CARTESIAN_POINT('',(169.47516241759,4.664463456709,
    21.313972236182));
#494 = CARTESIAN_POINT('',(169.45223963704,4.650863382693,
    22.229056009223));
#495 = CARTESIAN_POINT('',(169.40284382452,4.621559418397,
    22.685882533719));
#496 = CARTESIAN_POINT('',(169.31568533586,4.569882355106,
    23.139272522988));
#497 = CARTESIAN_POINT('',(169.19017893139,4.495648953209,23.58684470406
    ));
#498 = CARTESIAN_POINT('',(169.02513104532,4.398446948425,24.0257145294)
  );
#499 = CARTESIAN_POINT('',(168.81883768277,4.277722311746,
    24.452211438483));
#500 = CARTESIAN_POINT('',(168.56920817593,4.13289679203,24.861527023559
    ));
#501 = CARTESIAN_POINT('',(168.02802513815,3.822443243611,
    25.568391129008));
#502 = CARTESIAN_POINT('',(167.74794387785,3.662899560368,
    25.876430161503));
#503 = CARTESIAN_POINT('',(167.4332876924,3.485188134567,26.164315703782
    ));
#504 = CARTESIAN_POINT('',(167.08449614393,3.290209452819,
    26.425142107791));
#505 = CARTESIAN_POINT('',(166.70285758565,3.079426046852,
    26.652069848784));
#506 = CARTESIAN_POINT('',(166.29054708129,2.854817327163,
    26.838320788606));
#507 = CARTESIAN_POINT('',(165.85074108486,2.618845267375,
    26.977137070958));
#508 = CARTESIAN_POINT('',(164.90151432164,2.117681988268,
    27.150537966472));
#509 = CARTESIAN_POINT('',(164.40145162315,1.857822058794,
    27.177361036514));
#510 = CARTESIAN_POINT('',(163.89874555798,1.601081585808,
    27.138622290143));
#511 = CARTESIAN_POINT('',(163.40520884989,1.353542364224,
    27.034934065207));
#512 = CARTESIAN_POINT('',(162.93250682599,1.120559372142,
    26.870876859615));
#513 = CARTESIAN_POINT('',(162.49111588075,0.90639437926,26.654787069788
    ));
#514 = CARTESIAN_POINT('',(162.08933654716,0.714025087789,
    26.398574948535));
#515 = CARTESIAN_POINT('',(161.20436004556,0.294921276952,
    25.701552493667));
#516 = CARTESIAN_POINT('',(160.76011687625,8.913440430207E-02,
    25.219555415058));
#517 = CARTESIAN_POINT('',(160.3983132402,-7.562842466782E-02,
    24.693384376767));
#518 = CARTESIAN_POINT('',(160.1153055492,-0.202980354577,
    24.137895195254));
#519 = CARTESIAN_POINT('',(159.90712556786,-0.295937460348,
    23.563881277307));
#520 = CARTESIAN_POINT('',(159.77027997111,-0.356806532708,
    22.979275075405));
#521 = CARTESIAN_POINT('',(159.70227582184,-0.387054449617,
    22.389981954517));
#522 = CARTESIAN_POINT('',(159.70227582184,-0.387054449617,
    21.801069195272));
#523 = ORIENTED_EDGE('',*,*,#524,.T.);
#524 = EDGE_CURVE('',#462,#525,#527,.T.);
#525 = VERTEX_POINT('',#526);
#526 = CARTESIAN_POINT('',(159.88981013017,-0.303394327782,
    30.841729753638));
#527 = LINE('',#528,#529);
#528 = CARTESIAN_POINT('',(159.88981013017,-0.303394327782,
    -1.777879557749E-16));
#529 = VECTOR('',#530,1.);
#530 = DIRECTION('',(0.,0.,1.));
#531 = ORIENTED_EDGE('',*,*,#532,.T.);
#532 = EDGE_CURVE('',#525,#533,#535,.T.);
#533 = VERTEX_POINT('',#534);
#534 = CARTESIAN_POINT('',(193.7093700207,25.318550356334,
    30.841729753638));
#535 = ELLIPSE('',#536,94.473554634366,94.);
#536 = AXIS2_PLACEMENT_3D('',#537,#538,#539);
#537 = CARTESIAN_POINT('',(121.5,85.5,40.045340337333));
#538 = DIRECTION('',(6.038736503325E-02,-7.970800552228E-02,
    0.994987437107));
#539 = DIRECTION('',(-0.600846695681,0.793084641315,0.1));
#540 = ORIENTED_EDGE('',*,*,#541,.F.);
#541 = EDGE_CURVE('',#542,#533,#544,.T.);
#542 = VERTEX_POINT('',#543);
#543 = CARTESIAN_POINT('',(193.7093700207,25.318550356334,
    23.261768598465));
#544 = LINE('',#545,#546);
#545 = CARTESIAN_POINT('',(193.7093700207,25.318550356334,
    1.777879557749E-16));
#546 = VECTOR('',#547,1.);
#547 = DIRECTION('',(0.,0.,1.));
#548 = ORIENTED_EDGE('',*,*,#549,.F.);
#549 = EDGE_CURVE('',#550,#542,#552,.T.);
#550 = VERTEX_POINT('',#551);
#551 = CARTESIAN_POINT('',(193.7093700207,25.318550356334,
    20.331010234145));
#552 = B_SPLINE_CURVE_WITH_KNOTS('',7,(#553,#554,#555,#556,#557,#558,
    #559,#560,#561,#562,#563,#564,#565,#566,#567,#568,#569,#570,#571,
    #572,#573,#574,#575,#576,#577,#578,#579,#580,#581,#582,#583,#584,
    #585,#586,#587,#588,#589,#590,#591,#592,#593,#594,#595,#596,#597,
    #598,#599,#600,#601,#602,#603,#604,#605,#606,#607,#608),
  .UNSPECIFIED.,.T.,.F.,(8,6,6,6,6,6,6,6,6,8),(0.,0.118556442046,
    0.239412243515,0.356041346886,0.484509884318,0.618290550049,
    0.709289878481,0.795456928675,0.890378319814,1.),.UNSPECIFIED.);
#553 = CARTESIAN_POINT('',(186.34042715965,17.443266271778,
    21.612736700676));
#554 = CARTESIAN_POINT('',(186.34042715965,17.443266271778,
    21.112843939429));
#555 = CARTESIAN_POINT('',(186.37926640612,17.480270028054,
    20.61320874341));
#556 = CARTESIAN_POINT('',(186.45704811957,17.554375729277,
    20.116749350511));
#557 = CARTESIAN_POINT('',(186.57478300686,17.666813235456,
    19.62682312837));
#558 = CARTESIAN_POINT('',(186.7341942802,17.819759902272,
    19.147881407294));
#559 = CARTESIAN_POINT('',(186.93740505515,18.01617011668,
    18.686294745594));
#560 = CARTESIAN_POINT('',(187.44045568538,18.507594983409,
    17.808262505373));
#561 = CARTESIAN_POINT('',(187.74976542113,18.811943046036,
    17.379475884258));
#562 = CARTESIAN_POINT('',(188.11448474622,19.174357148111,
    16.991044349302));
#563 = CARTESIAN_POINT('',(188.52954993451,19.592270751252,
    16.666026452526));
#564 = CARTESIAN_POINT('',(188.98561325441,20.059214805331,
    16.424333299743));
#565 = CARTESIAN_POINT('',(189.47067365655,20.565263604213,
    16.282246473726));
#566 = CARTESIAN_POINT('',(190.45308865633,21.609723431089,
    16.22353492563));
#567 = CARTESIAN_POINT('',(190.92171816926,22.11693242232,
    16.300854271622));
#568 = CARTESIAN_POINT('',(191.36390454741,22.604382923879,
    16.473872678499));
#569 = CARTESIAN_POINT('',(191.76991459911,23.059684328136,
    16.728918808564));
#570 = CARTESIAN_POINT('',(192.13276562595,23.472469072616,
    17.049189681009));
#571 = CARTESIAN_POINT('',(192.44852402323,23.835783770108,
    17.41509957097));
#572 = CARTESIAN_POINT('',(193.01177377392,24.489584421929,
    18.233355279621));
#573 = CARTESIAN_POINT('',(193.25739738894,24.778586430396,
    18.702786333444));
#574 = CARTESIAN_POINT('',(193.4562934947,25.014976281198,
    19.199966665013));
#575 = CARTESIAN_POINT('',(193.61122607805,25.200392484479,
    19.716390439293));
#576 = CARTESIAN_POINT('',(193.72418853132,25.336164603391,
    20.245888764334));
#577 = CARTESIAN_POINT('',(193.79624644798,25.422923747068,
    20.78388725547));
#578 = CARTESIAN_POINT('',(193.85933963431,25.498929118698,
    21.891118962008));
#579 = CARTESIAN_POINT('',(193.84683817632,25.483918626715,
    22.459613638505));
#580 = CARTESIAN_POINT('',(193.78967031905,25.414903016111,
    23.026753357793));
#581 = CARTESIAN_POINT('',(193.68644380713,25.29047253043,
    23.587350659095));
#582 = CARTESIAN_POINT('',(193.53464670618,25.108364288974,
    24.134747751865));
#583 = CARTESIAN_POINT('',(193.33070841871,24.865764433834,
    24.660033295107));
#584 = CARTESIAN_POINT('',(192.89337400993,24.352140425499,
    25.482757723994));
#585 = CARTESIAN_POINT('',(192.68911416122,24.113676738213,
    25.801485403477));
#586 = CARTESIAN_POINT('',(192.45689103826,23.844569881677,
    26.099018690777));
#587 = CARTESIAN_POINT('',(192.19659036861,23.545644133231,
    26.368280785614));
#588 = CARTESIAN_POINT('',(191.90874687207,23.218636367988,
    26.601984894636));
#589 = CARTESIAN_POINT('',(191.5946831373,22.866226941946,
    26.792580883632));
#590 = CARTESIAN_POINT('',(190.93681412598,22.137892220314,
    27.064277103496));
#591 = CARTESIAN_POINT('',(190.59779043311,21.76677359484,
    27.149698213605));
#592 = CARTESIAN_POINT('',(190.24681609862,21.38745010292,
    27.180973363645));
#593 = CARTESIAN_POINT('',(189.89229851653,21.009503670444,
    27.15521530531));
#594 = CARTESIAN_POINT('',(189.54319463092,20.64229485304,
    27.074027455608));
#595 = CARTESIAN_POINT('',(189.20816539062,20.294121240199,
    26.943466291946));
#596 = CARTESIAN_POINT('',(188.54924476795,19.616434122391,
    26.587342649728));
#597 = CARTESIAN_POINT('',(188.22900944056,19.29144877732,
    26.352970412002));
#598 = CARTESIAN_POINT('',(187.93611047088,18.997703358949,
    26.080112443835));
#599 = CARTESIAN_POINT('',(187.67169581947,18.735164134143,
    25.776581700373));
#600 = CARTESIAN_POINT('',(187.43617132976,18.503236463266,
    25.449166137802));
#601 = CARTESIAN_POINT('',(187.22940062127,18.300982195678,
    25.10382846537));
#602 = CARTESIAN_POINT('',(186.84452284136,17.926512902464,
    24.332279454886));
#603 = CARTESIAN_POINT('',(186.6748235703,17.762837346497,
    23.899840706673));
#604 = CARTESIAN_POINT('',(186.54048939785,17.634070422746,
    23.454288513546));
#605 = CARTESIAN_POINT('',(186.44042385649,17.53853770456,
    22.999823814296));
#606 = CARTESIAN_POINT('',(186.37384267635,17.475102397796,
    22.539635994675));
#607 = CARTESIAN_POINT('',(186.34042715965,17.443266271778,
    22.076411321514));
#608 = CARTESIAN_POINT('',(186.34042715965,17.443266271778,
    21.612736700676));
#609 = ORIENTED_EDGE('',*,*,#610,.F.);
#610 = EDGE_CURVE('',#382,#550,#611,.T.);
#611 = LINE('',#612,#613);
#612 = CARTESIAN_POINT('',(193.7093700207,25.318550356334,
    1.777879557749E-16));
#613 = VECTOR('',#614,1.);
#614 = DIRECTION('',(0.,0.,1.));
#615 = FACE_BOUND('',#616,.T.);
#616 = EDGE_LOOP('',(#617));
#617 = ORIENTED_EDGE('',*,*,#618,.F.);
#618 = EDGE_CURVE('',#619,#619,#621,.T.);
#619 = VERTEX_POINT('',#620);
#620 = CARTESIAN_POINT('',(197.41037300318,30.059804559173,
    21.554100082442));
#621 = B_SPLINE_CURVE_WITH_KNOTS('',7,(#622,#623,#624,#625,#626,#627,
    #628,#629,#630,#631,#632,#633,#634,#635,#636,#637,#638,#639,#640,
    #641,#642,#643,#644,#645,#646,#647,#648,#649,#650,#651,#652,#653,
    #654,#655,#656,#657,#658,#659,#660,#661,#662,#663,#664,#665),
  .UNSPECIFIED.,.T.,.F.,(8,6,6,6,6,6,6,8),(0.,0.152714438841,
    0.285439885268,0.421472855298,0.588718088149,0.714465741594,
    0.837670590794,1.),.UNSPECIFIED.);
#622 = CARTESIAN_POINT('',(197.41037300318,30.059804559173,
    21.554100082442));
#623 = CARTESIAN_POINT('',(197.41037300318,30.059804559173,
    21.752013162619));
#624 = CARTESIAN_POINT('',(197.39419993676,30.037659957739,
    21.94984780194));
#625 = CARTESIAN_POINT('',(197.36185775308,29.993375841761,
    22.145241411535));
#626 = CARTESIAN_POINT('',(197.31279724928,29.926286778992,
    22.335484352315));
#627 = CARTESIAN_POINT('',(197.24612657235,29.835339896139,
    22.51698687145));
#628 = CARTESIAN_POINT('',(197.16077509831,29.719374752142,
    22.684706819532));
#629 = CARTESIAN_POINT('',(196.96486232033,29.454679033995,
    22.95812144669));
#630 = CARTESIAN_POINT('',(196.85588311251,29.307927827082,
    23.073498716286));
#631 = CARTESIAN_POINT('',(196.73102580643,29.140552341567,
    23.16394053959));
#632 = CARTESIAN_POINT('',(196.59459246852,28.958742973274,
    23.220348479538));
#633 = CARTESIAN_POINT('',(196.4525161485,28.770707377693,
    23.237818041608));
#634 = CARTESIAN_POINT('',(196.31133656239,28.585038599961,
    23.215919389934));
#635 = CARTESIAN_POINT('',(196.03935384789,28.229273573838,
    23.100556906128));
#636 = CARTESIAN_POINT('',(195.9136944339,28.065955631776,
    23.007359670751));
#637 = CARTESIAN_POINT('',(195.80242578567,27.922167611956,
    22.887271800825));
#638 = CARTESIAN_POINT('',(195.70671864879,27.799043499928,
    22.746942397249));
#639 = CARTESIAN_POINT('',(195.62701684283,27.696849789724,
    22.59223313875));
#640 = CARTESIAN_POINT('',(195.5631728714,27.615177679482,
    22.428356148634));
#641 = CARTESIAN_POINT('',(195.45468683719,27.476610638543,
    22.052817334872));
#642 = CARTESIAN_POINT('',(195.41705296379,27.428731252043,
    21.836191387728));
#643 = CARTESIAN_POINT('',(195.40045847305,27.407660489065,
    21.614971679564));
#644 = CARTESIAN_POINT('',(195.40445584759,27.412738399969,
    21.392441019544));
#645 = CARTESIAN_POINT('',(195.42919552497,27.444166699074,
    21.171984284376));
#646 = CARTESIAN_POINT('',(195.4752720961,27.502832919826,
    20.957524863869));
#647 = CARTESIAN_POINT('',(195.59482734987,27.655696071164,
    20.602488469795));
#648 = CARTESIAN_POINT('',(195.65926097457,27.738220569574,
    20.45502781512));
#649 = CARTESIAN_POINT('',(195.73727179777,27.838373832789,
    20.31646918968));
#650 = CARTESIAN_POINT('',(195.82885760467,27.956341150123,
    20.191215888889));
#651 = CARTESIAN_POINT('',(195.93352898758,28.09174076099,
    20.084103112401));
#652 = CARTESIAN_POINT('',(196.0502268646,28.243495944844,
    20.000483545943));
#653 = CARTESIAN_POINT('',(196.30124682837,28.571840796215,
    19.893649832753));
#654 = CARTESIAN_POINT('',(196.43184891185,28.743529117404,
    19.870660449928));
#655 = CARTESIAN_POINT('',(196.56387718742,28.918104445215,
    19.881551944008));
#656 = CARTESIAN_POINT('',(196.69186780314,29.088407860079,
    19.926439663469));
#657 = CARTESIAN_POINT('',(196.81073620584,29.247466538232,
    20.00172968895));
#658 = CARTESIAN_POINT('',(196.91658047508,29.389728766611,
    20.10029512281));
#659 = CARTESIAN_POINT('',(197.1265995878,29.672966947306,
    20.358121847842));
#660 = CARTESIAN_POINT('',(197.22383309169,29.804936505667,
    20.531951384893));
#661 = CARTESIAN_POINT('',(197.29962895796,29.908281606701,
    20.722895669284));
#662 = CARTESIAN_POINT('',(197.35532402734,29.984429440953,
    20.924565858527));
#663 = CARTESIAN_POINT('',(197.39200207092,30.034650632226,
    21.132387731964));
#664 = CARTESIAN_POINT('',(197.41037300318,30.059804559173,
    21.343173794311));
#665 = CARTESIAN_POINT('',(197.41037300318,30.059804559173,
    21.554100082442));
#666 = FACE_BOUND('',#667,.T.);
#667 = EDGE_LOOP('',(#668));
#668 = ORIENTED_EDGE('',*,*,#669,.F.);
#669 = EDGE_CURVE('',#670,#670,#672,.T.);
#670 = VERTEX_POINT('',#671);
#671 = CARTESIAN_POINT('',(209.58291304115,52.67622157362,
    21.554100082442));
#672 = B_SPLINE_CURVE_WITH_KNOTS('',7,(#673,#674,#675,#676,#677,#678,
    #679,#680,#681,#682,#683,#684,#685,#686,#687,#688,#689,#690,#691,
    #692,#693,#694,#695,#696,#697,#698,#699,#700,#701,#702,#703,#704,
    #705,#706,#707,#708,#709,#710,#711,#712,#713,#714,#715,#716),
  .UNSPECIFIED.,.T.,.F.,(8,6,6,6,6,6,6,8),(0.,0.152714438255,
    0.285439884514,0.42147285407,0.588718089539,0.714465742594,
    0.83767059123,1.),.UNSPECIFIED.);
#673 = CARTESIAN_POINT('',(209.58291304115,52.676221573619,
    21.554100082442));
#674 = CARTESIAN_POINT('',(209.58291304115,52.676221573619,
    21.752013162619));
#675 = CARTESIAN_POINT('',(209.57333764529,52.65052598559,21.94984780194
    ));
#676 = CARTESIAN_POINT('',(209.55418927842,52.599140775466,
    22.145241411535));
#677 = CARTESIAN_POINT('',(209.52511935342,52.521276696218,
    22.335484352314));
#678 = CARTESIAN_POINT('',(209.48555429362,52.415678776232,
    22.516986871451));
#679 = CARTESIAN_POINT('',(209.43477754038,52.280940102965,
    22.684706819532));
#680 = CARTESIAN_POINT('',(209.31782397919,51.973096791253,
    22.958121447018));
#681 = CARTESIAN_POINT('',(209.25263444843,51.80232586495,
    23.073498715795));
#682 = CARTESIAN_POINT('',(209.17774196828,51.607402761135,
    23.163940539683));
#683 = CARTESIAN_POINT('',(209.09561243996,51.395451249945,
    23.220348479827));
#684 = CARTESIAN_POINT('',(209.00973584817,51.175978525212,
    23.237818041319));
#685 = CARTESIAN_POINT('',(208.9240818825,50.959026990812,23.21591939006
    ));
#686 = CARTESIAN_POINT('',(208.75854800136,50.542923775932,
    23.100556906128));
#687 = CARTESIAN_POINT('',(208.68178508652,50.351689643444,
    23.007359670751));
#688 = CARTESIAN_POINT('',(208.61358952154,50.183151601332,
    22.887271800825));
#689 = CARTESIAN_POINT('',(208.55478141003,50.038718194412,
    22.746942397248));
#690 = CARTESIAN_POINT('',(208.50571587158,49.918766098915,
    22.59223313875));
#691 = CARTESIAN_POINT('',(208.46636156734,49.822861849698,
    22.428356148634));
#692 = CARTESIAN_POINT('',(208.39943156505,49.66010307144,
    22.052817330909));
#693 = CARTESIAN_POINT('',(208.37616218604,49.603824484023,
    21.836191403289));
#694 = CARTESIAN_POINT('',(208.36589043577,49.579048576335,
    21.614971651516));
#695 = CARTESIAN_POINT('',(208.36836413823,49.585018915948,
    21.392441047457));
#696 = CARTESIAN_POINT('',(208.38367351909,49.621970412813,
    21.171984269049));
#697 = CARTESIAN_POINT('',(208.41215073306,49.690918386927,
    20.957524867722));
#698 = CARTESIAN_POINT('',(208.48586718091,49.870435761805,
    20.602488469756));
#699 = CARTESIAN_POINT('',(208.52555840875,49.967320183976,
    20.455027815126));
#700 = CARTESIAN_POINT('',(208.57354838103,50.084850295954,
    20.316469189711));
#701 = CARTESIAN_POINT('',(208.62978481277,50.223203871,20.191215888902)
  );
#702 = CARTESIAN_POINT('',(208.69389989762,50.381880929611,
    20.084103112387));
#703 = CARTESIAN_POINT('',(208.76516552726,50.559558278683,
    20.000483545932));
#704 = CARTESIAN_POINT('',(208.91794107713,50.943590822458,
    19.893649832841));
#705 = CARTESIAN_POINT('',(208.99719652066,51.144220727508,
    19.870660449734));
#706 = CARTESIAN_POINT('',(209.07704348271,51.348015902324,
    19.881551944191));
#707 = CARTESIAN_POINT('',(209.1541597978,51.546605742194,
    19.926439663535));
#708 = CARTESIAN_POINT('',(209.22553806982,51.731901458718,
    20.001729688633));
#709 = CARTESIAN_POINT('',(209.28892473201,51.897502431569,
    20.100295123021));
#710 = CARTESIAN_POINT('',(209.41443910814,52.227014246067,
    20.358121847842));
#711 = CARTESIAN_POINT('',(209.47232238381,52.38037605686,
    20.531951384893));
#712 = CARTESIAN_POINT('',(209.51731613561,52.500379329941,
    20.722895669283));
#713 = CARTESIAN_POINT('',(209.55032099946,52.58875982766,
    20.924565858528));
#714 = CARTESIAN_POINT('',(209.57203636681,52.647034090886,
    21.132387731964));
#715 = CARTESIAN_POINT('',(209.58291304115,52.676221573619,
    21.343173794311));
#716 = CARTESIAN_POINT('',(209.58291304115,52.676221573619,
    21.554100082442));
#717 = FACE_BOUND('',#718,.T.);
#718 = EDGE_LOOP('',(#719));
#719 = ORIENTED_EDGE('',*,*,#720,.F.);
#720 = EDGE_CURVE('',#721,#721,#723,.T.);
#721 = VERTEX_POINT('',#722);
#722 = CARTESIAN_POINT('',(215.03047586138,76.116499312992,
    23.210873331933));
#723 = B_SPLINE_CURVE_WITH_KNOTS('',7,(#724,#725,#726,#727,#728,#729,
    #730,#731,#732,#733,#734,#735,#736,#737,#738,#739,#740,#741,#742,
    #743,#744,#745,#746,#747,#748,#749,#750,#751,#752,#753,#754,#755,
    #756,#757,#758,#759,#760,#761,#762,#763,#764,#765,#766,#767,#768,
    #769,#770,#771,#772,#773),.UNSPECIFIED.,.T.,.F.,(8,6,6,6,6,6,6,6,8),
  (0.,0.132168663492,0.31658120679,0.455189490391,0.587042655128,
    0.726619102479,0.812065717611,0.944482312091,1.),.UNSPECIFIED.);
#724 = CARTESIAN_POINT('',(215.03047586138,76.116499312992,
    23.210873331933));
#725 = CARTESIAN_POINT('',(215.00696806438,75.882184262192,
    23.213247856883));
#726 = CARTESIAN_POINT('',(214.98337725386,75.653936760891,
    23.17621622279));
#727 = CARTESIAN_POINT('',(214.96052226602,75.439282828013,
    23.103563001512));
#728 = CARTESIAN_POINT('',(214.93921893058,75.244415077185,
    23.00058924111));
#729 = CARTESIAN_POINT('',(214.92020031111,75.073947645062,
    22.874013561451));
#730 = CARTESIAN_POINT('',(214.90395172268,74.930441131668,
    22.731810816167));
#731 = CARTESIAN_POINT('',(214.87199590144,74.651166282366,
    22.375481190218));
#732 = CARTESIAN_POINT('',(214.85828580451,74.534275483997,
    22.146715438567));
#733 = CARTESIAN_POINT('',(214.84954971557,74.460817195846,
    21.906869830484));
#734 = CARTESIAN_POINT('',(214.84569439046,74.428518347726,
    21.662075453837));
#735 = CARTESIAN_POINT('',(214.84661783982,74.436142795412,
    21.41706263419));
#736 = CARTESIAN_POINT('',(214.85232438043,74.484016647954,
    21.175603844349));
#737 = CARTESIAN_POINT('',(214.87093461696,74.643053394694,
    20.768936140861));
#738 = CARTESIAN_POINT('',(214.8817474025,74.735960189228,20.59861679509
    ));
#739 = CARTESIAN_POINT('',(214.89544843218,74.854706967017,
    20.436300950575));
#740 = CARTESIAN_POINT('',(214.91200792717,75.000109778014,
    20.286624001787));
#741 = CARTESIAN_POINT('',(214.93127458976,75.172392547986,
    20.155158950253));
#742 = CARTESIAN_POINT('',(214.95293092444,75.370857861469,
    20.048643179277));
#743 = CARTESIAN_POINT('',(214.99883331771,75.803957017832,
    19.906184331062));
#744 = CARTESIAN_POINT('',(215.02240205037,76.031644711982,
    19.868606494962));
#745 = CARTESIAN_POINT('',(215.04600596884,76.266447456636,
    19.869614159645));
#746 = CARTESIAN_POINT('',(215.0684150164,76.497079889322,
    19.910592698103));
#747 = CARTESIAN_POINT('',(215.08868299019,76.712374310303,
    19.987808570122));
#748 = CARTESIAN_POINT('',(215.10623174487,76.903498917786,
    20.092620718676));
#749 = CARTESIAN_POINT('',(215.13627388945,77.236958545837,
    20.337434186284));
#750 = CARTESIAN_POINT('',(215.14894239093,77.381675823636,
    20.483466045252));
#751 = CARTESIAN_POINT('',(215.15907500992,77.500037806941,
    20.643217142354));
#752 = CARTESIAN_POINT('',(215.16692153625,77.593119503541,
    20.812232890536));
#753 = CARTESIAN_POINT('',(215.17267321177,77.662030145649,
    20.987270090745));
#754 = CARTESIAN_POINT('',(215.17646109736,77.707622317105,
    21.165911547904));
#755 = CARTESIAN_POINT('',(215.17948134254,77.744036623062,
    21.456627227943));
#756 = CARTESIAN_POINT('',(215.17991059986,77.749240345123,
    21.567635841733));
#757 = CARTESIAN_POINT('',(215.1796334048,77.7458922899,21.678797865369)
  );
#758 = CARTESIAN_POINT('',(215.1786500681,77.733990076675,
    21.789669699318));
#759 = CARTESIAN_POINT('',(215.176950268,77.713463387402,21.899792406409
    ));
#760 = CARTESIAN_POINT('',(215.17451325635,77.684180289821,
    22.008656436087));
#761 = CARTESIAN_POINT('',(215.1663409798,77.586713609435,
    22.281499578874));
#762 = CARTESIAN_POINT('',(215.15950672366,77.505730057864,
    22.443622400993));
#763 = CARTESIAN_POINT('',(215.15067392083,77.402127877473,
    22.599265980882));
#764 = CARTESIAN_POINT('',(215.13968157193,77.275116565031,
    22.744999706658));
#765 = CARTESIAN_POINT('',(215.1263526437,77.124196856758,
    22.876594556213));
#766 = CARTESIAN_POINT('',(215.11050805164,76.949443744803,
    22.988796426811));
#767 = CARTESIAN_POINT('',(215.08434781635,76.669556083396,
    23.110855437633));
#768 = CARTESIAN_POINT('',(215.07617869634,76.583073876489,
    23.142243416831));
#769 = CARTESIAN_POINT('',(215.06760816036,76.49337101014,
    23.168291289114));
#770 = CARTESIAN_POINT('',(215.05868722274,76.401114965789,
    23.188474752081));
#771 = CARTESIAN_POINT('',(215.04947697252,76.307036187477,
    23.202419768799));
#772 = CARTESIAN_POINT('',(215.04004733967,76.211903464322,
    23.209906515944));
#773 = CARTESIAN_POINT('',(215.03047586138,76.116499312992,
    23.210873331933));
#774 = CYLINDRICAL_SURFACE('',#775,94.);
#775 = AXIS2_PLACEMENT_3D('',#776,#777,#778);
#776 = CARTESIAN_POINT('',(121.5,85.5,0.));
#777 = DIRECTION('',(0.,0.,1.));
#778 = DIRECTION('',(1.,0.,-0.));
#779 = ADVANCED_FACE('',(#780),#805,.F.);
#780 = FACE_BOUND('',#781,.F.);
#781 = EDGE_LOOP('',(#782,#792,#798,#799));
#782 = ORIENTED_EDGE('',*,*,#783,.F.);
#783 = EDGE_CURVE('',#784,#786,#788,.T.);
#784 = VERTEX_POINT('',#785);
#785 = CARTESIAN_POINT('',(149.5,85.5,0.));
#786 = VERTEX_POINT('',#787);
#787 = CARTESIAN_POINT('',(149.5,85.5,3.));
#788 = LINE('',#789,#790);
#789 = CARTESIAN_POINT('',(149.5,85.5,0.));
#790 = VECTOR('',#791,1.);
#791 = DIRECTION('',(0.,0.,1.));
#792 = ORIENTED_EDGE('',*,*,#793,.T.);
#793 = EDGE_CURVE('',#784,#64,#794,.T.);
#794 = LINE('',#795,#796);
#795 = CARTESIAN_POINT('',(-78.5,85.5,0.));
#796 = VECTOR('',#797,1.);
#797 = DIRECTION('',(1.,0.,-0.));
#798 = ORIENTED_EDGE('',*,*,#63,.T.);
#799 = ORIENTED_EDGE('',*,*,#800,.F.);
#800 = EDGE_CURVE('',#786,#66,#801,.T.);
#801 = LINE('',#802,#803);
#802 = CARTESIAN_POINT('',(-78.5,85.5,3.));
#803 = VECTOR('',#804,1.);
#804 = DIRECTION('',(1.,0.,-0.));
#805 = PLANE('',#806);
#806 = AXIS2_PLACEMENT_3D('',#807,#808,#809);
#807 = CARTESIAN_POINT('',(-278.5,85.5,-400.));
#808 = DIRECTION('',(0.,-1.,0.));
#809 = DIRECTION('',(1.,0.,0.));
#810 = ADVANCED_FACE('',(#811),#829,.F.);
#811 = FACE_BOUND('',#812,.F.);
#812 = EDGE_LOOP('',(#813,#821,#822,#823));
#813 = ORIENTED_EDGE('',*,*,#814,.F.);
#814 = EDGE_CURVE('',#66,#815,#817,.T.);
#815 = VERTEX_POINT('',#816);
#816 = CARTESIAN_POINT('',(212.5,85.5,35.));
#817 = LINE('',#818,#819);
#818 = CARTESIAN_POINT('',(212.5,85.5,0.));
#819 = VECTOR('',#820,1.);
#820 = DIRECTION('',(0.,0.,1.));
#821 = ORIENTED_EDGE('',*,*,#80,.T.);
#822 = ORIENTED_EDGE('',*,*,#144,.T.);
#823 = ORIENTED_EDGE('',*,*,#824,.F.);
#824 = EDGE_CURVE('',#815,#145,#825,.T.);
#825 = LINE('',#826,#827);
#826 = CARTESIAN_POINT('',(-78.5,85.5,35.));
#827 = VECTOR('',#828,1.);
#828 = DIRECTION('',(1.,0.,-0.));
#829 = PLANE('',#830);
#830 = AXIS2_PLACEMENT_3D('',#831,#832,#833);
#831 = CARTESIAN_POINT('',(-278.5,85.5,-400.));
#832 = DIRECTION('',(0.,-1.,0.));
#833 = DIRECTION('',(1.,0.,0.));
#834 = ADVANCED_FACE('',(#835,#854,#888),#922,.F.);
#835 = FACE_BOUND('',#836,.F.);
#836 = EDGE_LOOP('',(#837,#845,#846,#847));
#837 = ORIENTED_EDGE('',*,*,#838,.F.);
#838 = EDGE_CURVE('',#95,#839,#841,.T.);
#839 = VERTEX_POINT('',#840);
#840 = CARTESIAN_POINT('',(121.5,57.5,0.));
#841 = LINE('',#842,#843);
#842 = CARTESIAN_POINT('',(121.5,-114.5,0.));
#843 = VECTOR('',#844,1.);
#844 = DIRECTION('',(-6.123233995737E-17,1.,0.));
#845 = ORIENTED_EDGE('',*,*,#104,.T.);
#846 = ORIENTED_EDGE('',*,*,#793,.F.);
#847 = ORIENTED_EDGE('',*,*,#848,.F.);
#848 = EDGE_CURVE('',#839,#784,#849,.T.);
#849 = CIRCLE('',#850,28.);
#850 = AXIS2_PLACEMENT_3D('',#851,#852,#853);
#851 = CARTESIAN_POINT('',(121.5,85.5,0.));
#852 = DIRECTION('',(0.,0.,1.));
#853 = DIRECTION('',(1.,0.,-0.));
#854 = FACE_BOUND('',#855,.F.);
#855 = EDGE_LOOP('',(#856,#866,#874,#882));
#856 = ORIENTED_EDGE('',*,*,#857,.F.);
#857 = EDGE_CURVE('',#858,#860,#862,.T.);
#858 = VERTEX_POINT('',#859);
#859 = CARTESIAN_POINT('',(131.5,6.5,0.));
#860 = VERTEX_POINT('',#861);
#861 = CARTESIAN_POINT('',(147.5,6.5,0.));
#862 = LINE('',#863,#864);
#863 = CARTESIAN_POINT('',(131.5,6.5,0.));
#864 = VECTOR('',#865,1.);
#865 = DIRECTION('',(1.,0.,-0.));
#866 = ORIENTED_EDGE('',*,*,#867,.T.);
#867 = EDGE_CURVE('',#858,#868,#870,.T.);
#868 = VERTEX_POINT('',#869);
#869 = CARTESIAN_POINT('',(131.5,54.5,0.));
#870 = LINE('',#871,#872);
#871 = CARTESIAN_POINT('',(131.5,6.5,0.));
#872 = VECTOR('',#873,1.);
#873 = DIRECTION('',(-0.,1.,0.));
#874 = ORIENTED_EDGE('',*,*,#875,.T.);
#875 = EDGE_CURVE('',#868,#876,#878,.T.);
#876 = VERTEX_POINT('',#877);
#877 = CARTESIAN_POINT('',(147.5,54.5,0.));
#878 = LINE('',#879,#880);
#879 = CARTESIAN_POINT('',(131.5,54.5,0.));
#880 = VECTOR('',#881,1.);
#881 = DIRECTION('',(1.,0.,-0.));
#882 = ORIENTED_EDGE('',*,*,#883,.F.);
#883 = EDGE_CURVE('',#860,#876,#884,.T.);
#884 = LINE('',#885,#886);
#885 = CARTESIAN_POINT('',(147.5,6.5,0.));
#886 = VECTOR('',#887,1.);
#887 = DIRECTION('',(-0.,1.,0.));
#888 = FACE_BOUND('',#889,.F.);
#889 = EDGE_LOOP('',(#890,#900,#908,#916));
#890 = ORIENTED_EDGE('',*,*,#891,.F.);
#891 = EDGE_CURVE('',#892,#894,#896,.T.);
#892 = VERTEX_POINT('',#893);
#893 = CARTESIAN_POINT('',(152.5,59.5,0.));
#894 = VERTEX_POINT('',#895);
#895 = CARTESIAN_POINT('',(200.5,59.5,0.));
#896 = LINE('',#897,#898);
#897 = CARTESIAN_POINT('',(152.5,59.5,0.));
#898 = VECTOR('',#899,1.);
#899 = DIRECTION('',(1.,0.,-0.));
#900 = ORIENTED_EDGE('',*,*,#901,.T.);
#901 = EDGE_CURVE('',#892,#902,#904,.T.);
#902 = VERTEX_POINT('',#903);
#903 = CARTESIAN_POINT('',(152.5,75.5,0.));
#904 = LINE('',#905,#906);
#905 = CARTESIAN_POINT('',(152.5,59.5,0.));
#906 = VECTOR('',#907,1.);
#907 = DIRECTION('',(-0.,1.,0.));
#908 = ORIENTED_EDGE('',*,*,#909,.T.);
#909 = EDGE_CURVE('',#902,#910,#912,.T.);
#910 = VERTEX_POINT('',#911);
#911 = CARTESIAN_POINT('',(200.5,75.5,0.));
#912 = LINE('',#913,#914);
#913 = CARTESIAN_POINT('',(152.5,75.5,0.));
#914 = VECTOR('',#915,1.);
#915 = DIRECTION('',(1.,0.,-0.));
#916 = ORIENTED_EDGE('',*,*,#917,.F.);
#917 = EDGE_CURVE('',#894,#910,#918,.T.);
#918 = LINE('',#919,#920);
#919 = CARTESIAN_POINT('',(200.5,59.5,0.));
#920 = VECTOR('',#921,1.);
#921 = DIRECTION('',(-0.,1.,0.));
#922 = PLANE('',#923);
#923 = AXIS2_PLACEMENT_3D('',#924,#925,#926);
#924 = CARTESIAN_POINT('',(121.5,85.5,0.));
#925 = DIRECTION('',(0.,0.,1.));
#926 = DIRECTION('',(1.,0.,-0.));
#927 = ADVANCED_FACE('',(#928),#946,.F.);
#928 = FACE_BOUND('',#929,.F.);
#929 = EDGE_LOOP('',(#930,#931,#932,#940));
#930 = ORIENTED_EDGE('',*,*,#161,.F.);
#931 = ORIENTED_EDGE('',*,*,#129,.T.);
#932 = ORIENTED_EDGE('',*,*,#933,.T.);
#933 = EDGE_CURVE('',#122,#934,#936,.T.);
#934 = VERTEX_POINT('',#935);
#935 = CARTESIAN_POINT('',(121.5,-5.5,35.));
#936 = LINE('',#937,#938);
#937 = CARTESIAN_POINT('',(121.5,-5.5,0.));
#938 = VECTOR('',#939,1.);
#939 = DIRECTION('',(0.,0.,1.));
#940 = ORIENTED_EDGE('',*,*,#941,.F.);
#941 = EDGE_CURVE('',#153,#934,#942,.T.);
#942 = LINE('',#943,#944);
#943 = CARTESIAN_POINT('',(121.5,-114.5,35.));
#944 = VECTOR('',#945,1.);
#945 = DIRECTION('',(-6.123233995737E-17,1.,0.));
#946 = PLANE('',#947);
#947 = AXIS2_PLACEMENT_3D('',#948,#949,#950);
#948 = CARTESIAN_POINT('',(121.5,-314.5,-400.));
#949 = DIRECTION('',(1.,6.123233995737E-17,0.));
#950 = DIRECTION('',(-6.123233995737E-17,1.,0.));
#951 = ADVANCED_FACE('',(#952),#970,.F.);
#952 = FACE_BOUND('',#953,.F.);
#953 = EDGE_LOOP('',(#954,#955,#956,#964));
#954 = ORIENTED_EDGE('',*,*,#121,.F.);
#955 = ORIENTED_EDGE('',*,*,#838,.T.);
#956 = ORIENTED_EDGE('',*,*,#957,.T.);
#957 = EDGE_CURVE('',#839,#958,#960,.T.);
#958 = VERTEX_POINT('',#959);
#959 = CARTESIAN_POINT('',(121.5,57.5,3.));
#960 = LINE('',#961,#962);
#961 = CARTESIAN_POINT('',(121.5,57.5,0.));
#962 = VECTOR('',#963,1.);
#963 = DIRECTION('',(0.,0.,1.));
#964 = ORIENTED_EDGE('',*,*,#965,.F.);
#965 = EDGE_CURVE('',#122,#958,#966,.T.);
#966 = LINE('',#967,#968);
#967 = CARTESIAN_POINT('',(121.5,-114.5,3.));
#968 = VECTOR('',#969,1.);
#969 = DIRECTION('',(-6.123233995737E-17,1.,0.));
#970 = PLANE('',#971);
#971 = AXIS2_PLACEMENT_3D('',#972,#973,#974);
#972 = CARTESIAN_POINT('',(121.5,-314.5,-400.));
#973 = DIRECTION('',(1.,6.123233995737E-17,0.));
#974 = DIRECTION('',(-6.123233995737E-17,1.,0.));
#975 = ADVANCED_FACE('',(#976),#988,.T.);
#976 = FACE_BOUND('',#977,.T.);
#977 = EDGE_LOOP('',(#978,#979,#980,#981));
#978 = ORIENTED_EDGE('',*,*,#941,.F.);
#979 = ORIENTED_EDGE('',*,*,#152,.T.);
#980 = ORIENTED_EDGE('',*,*,#824,.F.);
#981 = ORIENTED_EDGE('',*,*,#982,.F.);
#982 = EDGE_CURVE('',#934,#815,#983,.T.);
#983 = CIRCLE('',#984,91.);
#984 = AXIS2_PLACEMENT_3D('',#985,#986,#987);
#985 = CARTESIAN_POINT('',(121.5,85.5,35.));
#986 = DIRECTION('',(0.,0.,1.));
#987 = DIRECTION('',(1.,0.,-0.));
#988 = PLANE('',#989);
#989 = AXIS2_PLACEMENT_3D('',#990,#991,#992);
#990 = CARTESIAN_POINT('',(121.5,85.5,35.));
#991 = DIRECTION('',(0.,0.,1.));
#992 = DIRECTION('',(1.,0.,-0.));
#993 = ADVANCED_FACE('',(#994),#1013,.F.);
#994 = FACE_BOUND('',#995,.F.);
#995 = EDGE_LOOP('',(#996,#997,#1005,#1012));
#996 = ORIENTED_EDGE('',*,*,#169,.F.);
#997 = ORIENTED_EDGE('',*,*,#998,.F.);
#998 = EDGE_CURVE('',#999,#170,#1001,.T.);
#999 = VERTEX_POINT('',#1000);
#1000 = CARTESIAN_POINT('',(141.23056295034,-3.557326400822,7.));
#1001 = LINE('',#1002,#1003);
#1002 = CARTESIAN_POINT('',(141.17181416497,-3.314327264574,7.));
#1003 = VECTOR('',#1004,1.);
#1004 = DIRECTION('',(0.234995141492,-0.971996544991,0.));
#1005 = ORIENTED_EDGE('',*,*,#1006,.T.);
#1006 = EDGE_CURVE('',#999,#999,#1007,.T.);
#1007 = CIRCLE('',#1008,1.75);
#1008 = AXIS2_PLACEMENT_3D('',#1009,#1010,#1011);
#1009 = CARTESIAN_POINT('',(142.93155690408,-3.14608490321,7.));
#1010 = DIRECTION('',(0.234995141492,-0.971996544991,0.));
#1011 = DIRECTION('',(-0.971996544991,-0.234995141492,0.));
#1012 = ORIENTED_EDGE('',*,*,#998,.T.);
#1013 = CYLINDRICAL_SURFACE('',#1014,1.75);
#1014 = AXIS2_PLACEMENT_3D('',#1015,#1016,#1017);
#1015 = CARTESIAN_POINT('',(142.8728081187,-2.903085766962,7.));
#1016 = DIRECTION('',(0.234995141492,-0.971996544991,0.));
#1017 = DIRECTION('',(-0.971996544991,-0.234995141492,0.));
#1018 = ADVANCED_FACE('',(#1019),#1038,.F.);
#1019 = FACE_BOUND('',#1020,.F.);
#1020 = EDGE_LOOP('',(#1021,#1022,#1030,#1037));
#1021 = ORIENTED_EDGE('',*,*,#220,.F.);
#1022 = ORIENTED_EDGE('',*,*,#1023,.F.);
#1023 = EDGE_CURVE('',#1024,#221,#1026,.T.);
#1024 = VERTEX_POINT('',#1025);
#1025 = CARTESIAN_POINT('',(210.55732640082,65.769437049655,7.));
#1026 = LINE('',#1027,#1028);
#1027 = CARTESIAN_POINT('',(210.31432726457,65.828185835028,7.));
#1028 = VECTOR('',#1029,1.);
#1029 = DIRECTION('',(0.971996544991,-0.234995141492,0.));
#1030 = ORIENTED_EDGE('',*,*,#1031,.T.);
#1031 = EDGE_CURVE('',#1024,#1024,#1032,.T.);
#1032 = CIRCLE('',#1033,1.75);
#1033 = AXIS2_PLACEMENT_3D('',#1034,#1035,#1036);
#1034 = CARTESIAN_POINT('',(210.14608490321,64.06844309592,7.));
#1035 = DIRECTION('',(0.971996544991,-0.234995141492,0.));
#1036 = DIRECTION('',(0.234995141492,0.971996544991,0.));
#1037 = ORIENTED_EDGE('',*,*,#1023,.T.);
#1038 = CYLINDRICAL_SURFACE('',#1039,1.75);
#1039 = AXIS2_PLACEMENT_3D('',#1040,#1041,#1042);
#1040 = CARTESIAN_POINT('',(209.90308576696,64.127191881293,7.));
#1041 = DIRECTION('',(0.971996544991,-0.234995141492,0.));
#1042 = DIRECTION('',(0.234995141492,0.971996544991,0.));
#1043 = ADVANCED_FACE('',(#1044),#1109,.F.);
#1044 = FACE_BOUND('',#1045,.F.);
#1045 = EDGE_LOOP('',(#1046,#1047,#1055,#1108));
#1046 = ORIENTED_EDGE('',*,*,#271,.F.);
#1047 = ORIENTED_EDGE('',*,*,#1048,.F.);
#1048 = EDGE_CURVE('',#1049,#272,#1051,.T.);
#1049 = VERTEX_POINT('',#1050);
#1050 = CARTESIAN_POINT('',(130.61649901564,-5.042197044791,
    20.195927384615));
#1051 = LINE('',#1052,#1053);
#1052 = CARTESIAN_POINT('',(130.56020050251,-4.482033911865,
    20.252509519254));
#1053 = VECTOR('',#1054,1.);
#1054 = DIRECTION('',(9.949874371066E-02,-0.99,-0.1));
#1055 = ORIENTED_EDGE('',*,*,#1056,.T.);
#1056 = EDGE_CURVE('',#1049,#1049,#1057,.T.);
#1057 = B_SPLINE_CURVE_WITH_KNOTS('',7,(#1058,#1059,#1060,#1061,#1062,
    #1063,#1064,#1065,#1066,#1067,#1068,#1069,#1070,#1071,#1072,#1073,
    #1074,#1075,#1076,#1077,#1078,#1079,#1080,#1081,#1082,#1083,#1084,
    #1085,#1086,#1087,#1088,#1089,#1090,#1091,#1092,#1093,#1094,#1095,
    #1096,#1097,#1098,#1099,#1100,#1101,#1102,#1103,#1104,#1105,#1106,
    #1107),.UNSPECIFIED.,.T.,.F.,(8,6,6,6,6,6,6,6,8),(0.,0.138613964466,
    0.26266602683,0.408767363882,0.535955716847,0.644549451624,
    0.772789010054,0.882773514281,1.),.UNSPECIFIED.);
#1058 = CARTESIAN_POINT('',(130.61649901564,-5.042197044791,
    20.195927384615));
#1059 = CARTESIAN_POINT('',(130.84278615368,-5.019412679727,
    20.198228835632));
#1060 = CARTESIAN_POINT('',(131.06229766309,-4.996644041687,
    20.237291391896));
#1061 = CARTESIAN_POINT('',(131.26841921157,-4.974628274383,
    20.309333060121));
#1062 = CARTESIAN_POINT('',(131.4557755445,-4.954091458901,
    20.409360907302));
#1063 = CARTESIAN_POINT('',(131.62037137213,-4.935681525313,
    20.531231104084));
#1064 = CARTESIAN_POINT('',(131.75996543608,-4.919834139506,
    20.667769895751));
#1065 = CARTESIAN_POINT('',(131.97704844044,-4.894923007773,
    20.939012373265));
#1066 = CARTESIAN_POINT('',(132.06186352617,-4.885052710355,
    21.075329122354));
#1067 = CARTESIAN_POINT('',(132.12959259616,-4.877091067309,
    21.217388592283));
#1068 = CARTESIAN_POINT('',(132.18085508906,-4.871025281308,
    21.363369819567));
#1069 = CARTESIAN_POINT('',(132.21614365468,-4.866834566626,
    21.511866233631));
#1070 = CARTESIAN_POINT('',(132.23574545719,-4.864505116994,
    21.661725004731));
#1071 = CARTESIAN_POINT('',(132.24427604571,-4.863491266317,
    21.988765422757));
#1072 = CARTESIAN_POINT('',(132.22716375352,-4.865524754693,
    22.167217511796));
#1073 = CARTESIAN_POINT('',(132.1877976919,-4.87020758225,
    22.344814177399));
#1074 = CARTESIAN_POINT('',(132.12563823341,-4.877575185144,
    22.519013472023));
#1075 = CARTESIAN_POINT('',(132.04006769863,-4.887635428715,
    22.687031940551));
#1076 = CARTESIAN_POINT('',(131.93038309429,-4.90036177207,
    22.845558442592));
#1077 = CARTESIAN_POINT('',(131.67896468165,-4.928991738123,
    23.116019853162));
#1078 = CARTESIAN_POINT('',(131.54035265084,-4.944596684614,
    23.234412410218));
#1079 = CARTESIAN_POINT('',(131.38079166253,-4.962291070834,
    23.338536090388));
#1080 = CARTESIAN_POINT('',(131.20270073172,-4.981649025708,
    23.422561166285));
#1081 = CARTESIAN_POINT('',(131.00987008647,-5.002105313637,
    23.481731272919));
#1082 = CARTESIAN_POINT('',(130.80711818605,-5.023040615782,
    23.512468276319));
#1083 = CARTESIAN_POINT('',(130.42316197325,-5.061629667108,
    23.512468276319));
#1084 = CARTESIAN_POINT('',(130.24628156449,-5.07899986461,
    23.490061708935));
#1085 = CARTESIAN_POINT('',(130.07273073713,-5.095628157343,
    23.445248495669));
#1086 = CARTESIAN_POINT('',(129.90584477469,-5.111226533974,
    23.378674261354));
#1087 = CARTESIAN_POINT('',(129.74880557727,-5.125566690313,
    23.291591189009));
#1088 = CARTESIAN_POINT('',(129.60451496314,-5.138477601095,
    23.185820723822));
#1089 = CARTESIAN_POINT('',(129.32305313268,-5.163240879164,
    22.919525800374));
#1090 = CARTESIAN_POINT('',(129.19844019406,-5.173903176704,
    22.758753980951));
#1091 = CARTESIAN_POINT('',(129.10063699969,-5.182103544655,
    22.587103523863));
#1092 = CARTESIAN_POINT('',(129.02838949802,-5.188083698974,
    22.408428816559));
#1093 = CARTESIAN_POINT('',(128.98064672933,-5.192008996543,
    22.225539043546));
#1094 = CARTESIAN_POINT('',(128.95677472668,-5.193971743857,
    22.040627882615));
#1095 = CARTESIAN_POINT('',(128.95677472668,-5.193971743857,
    21.697021438459));
#1096 = CARTESIAN_POINT('',(128.97433435374,-5.192528005473,
    21.538485574296));
#1097 = CARTESIAN_POINT('',(129.00940174563,-5.189644807295,
    21.381270616066));
#1098 = CARTESIAN_POINT('',(129.06228725278,-5.185275020117,
    21.22670214819));
#1099 = CARTESIAN_POINT('',(129.13355841891,-5.179329312678,
    21.076407401223));
#1100 = CARTESIAN_POINT('',(129.22393754193,-5.171677075064,
    20.932521693729));
#1101 = CARTESIAN_POINT('',(129.45159408621,-5.152005220493,
    20.654621457337));
#1102 = CARTESIAN_POINT('',(129.59479475294,-5.139451784567,
    20.517940684031));
#1103 = CARTESIAN_POINT('',(129.76356465834,-5.124371400824,
    20.396589629157));
#1104 = CARTESIAN_POINT('',(129.95529325127,-5.106796211783,
    20.298113752659));
#1105 = CARTESIAN_POINT('',(130.16549511558,-5.086930090139,
    20.228812529157));
#1106 = CARTESIAN_POINT('',(130.38824667991,-5.065179281382,
    20.193605946576));
#1107 = CARTESIAN_POINT('',(130.61649901564,-5.042197044791,
    20.195927384615));
#1108 = ORIENTED_EDGE('',*,*,#1048,.T.);
#1109 = CYLINDRICAL_SURFACE('',#1110,1.65);
#1110 = AXIS2_PLACEMENT_3D('',#1111,#1112,#1113);
#1111 = CARTESIAN_POINT('',(130.56020050251,-4.647856776702,
    21.894155881141));
#1112 = DIRECTION('',(9.949874371066E-02,-0.99,-0.1));
#1113 = DIRECTION('',(-1.734723475977E-18,0.100498705962,-0.994937189022
    ));
#1114 = ADVANCED_FACE('',(#1115),#1174,.F.);
#1115 = FACE_BOUND('',#1116,.F.);
#1116 = EDGE_LOOP('',(#1117,#1118,#1126,#1173));
#1117 = ORIENTED_EDGE('',*,*,#328,.F.);
#1118 = ORIENTED_EDGE('',*,*,#1119,.F.);
#1119 = EDGE_CURVE('',#1120,#329,#1122,.T.);
#1120 = VERTEX_POINT('',#1121);
#1121 = CARTESIAN_POINT('',(153.22685307969,0.209866961883,
    21.855659419812));
#1122 = LINE('',#1123,#1124);
#1123 = CARTESIAN_POINT('',(153.08682178582,0.566387666312,
    21.894155881141));
#1124 = VECTOR('',#1125,1.);
#1125 = DIRECTION('',(0.363751080054,-0.92611292603,-0.1));
#1126 = ORIENTED_EDGE('',*,*,#1127,.T.);
#1127 = EDGE_CURVE('',#1120,#1120,#1128,.T.);
#1128 = B_SPLINE_CURVE_WITH_KNOTS('',7,(#1129,#1130,#1131,#1132,#1133,
    #1134,#1135,#1136,#1137,#1138,#1139,#1140,#1141,#1142,#1143,#1144,
    #1145,#1146,#1147,#1148,#1149,#1150,#1151,#1152,#1153,#1154,#1155,
    #1156,#1157,#1158,#1159,#1160,#1161,#1162,#1163,#1164,#1165,#1166,
    #1167,#1168,#1169,#1170,#1171,#1172),.UNSPECIFIED.,.T.,.F.,(8,6,6,6,
    6,6,6,8),(0.,0.153281260392,0.286334933715,0.422782047337,
    0.588465286051,0.714281802378,0.837650325969,1.),.UNSPECIFIED.);
#1129 = CARTESIAN_POINT('',(153.22685307969,0.209866961883,
    21.855659419812));
#1130 = CARTESIAN_POINT('',(153.22685307969,0.209866961883,
    21.657454823122));
#1131 = CARTESIAN_POINT('',(153.25263024035,0.219455769061,
    21.45937555412));
#1132 = CARTESIAN_POINT('',(153.30411052981,0.238605638242,
    21.263776585754));
#1133 = CARTESIAN_POINT('',(153.38203381419,0.267648372269,
    21.073336536604));
#1134 = CARTESIAN_POINT('',(153.48763120613,0.307151176501,
    20.89160815323));
#1135 = CARTESIAN_POINT('',(153.62231450776,0.357837032747,
    20.72360951995));
#1136 = CARTESIAN_POINT('',(153.92983862954,0.474539533013,
    20.449765830874));
#1137 = CARTESIAN_POINT('',(154.10049486303,0.539622507737,
    20.334017238793));
#1138 = CARTESIAN_POINT('',(154.29541125551,0.614455943225,
    20.243168170855));
#1139 = CARTESIAN_POINT('',(154.50742742161,0.696572068119,20.1864565516
    ));
#1140 = CARTESIAN_POINT('',(154.72700706994,0.782478594144,
    20.168859469465));
#1141 = CARTESIAN_POINT('',(154.94408849913,0.868197951172,
    20.190829328008));
#1142 = CARTESIAN_POINT('',(155.3605607958,1.03394808509,20.306700474534
    ));
#1143 = CARTESIAN_POINT('',(155.55183452625,1.110783044808,
    20.400326761081));
#1144 = CARTESIAN_POINT('',(155.72028079556,1.179008855819,
    20.520842418319));
#1145 = CARTESIAN_POINT('',(155.86457724342,1.237830288707,
    20.66152663414));
#1146 = CARTESIAN_POINT('',(155.984412962,1.286912853059,20.81650547021)
  );
#1147 = CARTESIAN_POINT('',(156.08025772576,1.326298602843,
    20.980606445634));
#1148 = CARTESIAN_POINT('',(156.24187897795,1.392859799215,
    21.354165050405));
#1149 = CARTESIAN_POINT('',(156.2987728153,1.416418028496,
    21.570336306709));
#1150 = CARTESIAN_POINT('',(156.32439672819,1.427061637727,
    21.792884402133));
#1151 = CARTESIAN_POINT('',(156.31857539267,1.424645893079,
    22.017512739339));
#1152 = CARTESIAN_POINT('',(156.2809133752,1.409011960476,22.23959672228
    ));
#1153 = CARTESIAN_POINT('',(156.21118249574,1.380169733537,
    22.453858368887));
#1154 = CARTESIAN_POINT('',(156.0326807014,1.306764504182,
    22.806350419543));
#1155 = CARTESIAN_POINT('',(155.93576163031,1.267004718738,
    22.953588064333));
#1156 = CARTESIAN_POINT('',(155.81816127902,1.218925495484,
    23.091877831099));
#1157 = CARTESIAN_POINT('',(155.67973264805,1.162596110855,
    23.216793389319));
#1158 = CARTESIAN_POINT('',(155.52102664967,1.098411149354,
    23.323515460752));
#1159 = CARTESIAN_POINT('',(155.34343101794,1.027130673711,
    23.406752095135));
#1160 = CARTESIAN_POINT('',(154.95974357712,0.874428452685,
    23.513127522486));
#1161 = CARTESIAN_POINT('',(154.75922795605,0.795202991996,
    23.536029673644));
#1162 = CARTESIAN_POINT('',(154.55553038976,0.715400075758,
    23.525218418109));
#1163 = CARTESIAN_POINT('',(154.35699287151,0.638331914274,
    23.480571222854));
#1164 = CARTESIAN_POINT('',(154.17167448239,0.566989568224,
    23.405625743502));
#1165 = CARTESIAN_POINT('',(154.00594413824,0.503607005506,
    23.307393070425));
#1166 = CARTESIAN_POINT('',(153.67606080056,0.378079588802,
    23.050054058057));
#1167 = CARTESIAN_POINT('',(153.52258628235,0.320231207613,
    22.876553619778));
#1168 = CARTESIAN_POINT('',(153.4025224467,0.275285531691,
    22.685870363952));
#1169 = CARTESIAN_POINT('',(153.31415521523,0.242341981479,
    22.484409025405));
#1170 = CARTESIAN_POINT('',(153.25595540539,0.220692727217,
    22.276789301877));
#1171 = CARTESIAN_POINT('',(153.22685307969,0.209866961883,
    22.066253984726));
#1172 = CARTESIAN_POINT('',(153.22685307969,0.209866961883,
    21.855659419812));
#1173 = ORIENTED_EDGE('',*,*,#1119,.T.);
#1174 = CYLINDRICAL_SURFACE('',#1175,1.65);
#1175 = AXIS2_PLACEMENT_3D('',#1176,#1177,#1178);
#1176 = CARTESIAN_POINT('',(154.62260633039,1.169600591125,
    21.894155881141));
#1177 = DIRECTION('',(0.363751080054,-0.92611292603,-0.1));
#1178 = DIRECTION('',(-0.93077851186,-0.365583590796,0.));
#1179 = ADVANCED_FACE('',(#1180),#1205,.F.);
#1180 = FACE_BOUND('',#1181,.T.);
#1181 = EDGE_LOOP('',(#1182,#1190,#1191,#1199));
#1182 = ORIENTED_EDGE('',*,*,#1183,.F.);
#1183 = EDGE_CURVE('',#380,#1184,#1186,.T.);
#1184 = VERTEX_POINT('',#1185);
#1185 = CARTESIAN_POINT('',(162.9867505011,-4.391185541258,
    12.235619703528));
#1186 = LINE('',#1187,#1188);
#1187 = CARTESIAN_POINT('',(158.51855859315,1.506582395416,
    12.979268947182));
#1188 = VECTOR('',#1189,1.);
#1189 = DIRECTION('',(0.600846695681,-0.793084641315,-0.1));
#1190 = ORIENTED_EDGE('',*,*,#379,.T.);
#1191 = ORIENTED_EDGE('',*,*,#1192,.T.);
#1192 = EDGE_CURVE('',#382,#1193,#1195,.T.);
#1193 = VERTEX_POINT('',#1194);
#1194 = CARTESIAN_POINT('',(196.80631039162,21.230759142859,
    12.235619703528));
#1195 = LINE('',#1196,#1197);
#1196 = CARTESIAN_POINT('',(192.33811848368,27.128527079532,
    12.979268947182));
#1197 = VECTOR('',#1198,1.);
#1198 = DIRECTION('',(0.600846695681,-0.793084641315,-0.1));
#1199 = ORIENTED_EDGE('',*,*,#1200,.F.);
#1200 = EDGE_CURVE('',#1184,#1193,#1201,.T.);
#1201 = LINE('',#1202,#1203);
#1202 = CARTESIAN_POINT('',(162.9867505011,-4.391185541258,
    12.235619703528));
#1203 = VECTOR('',#1204,1.);
#1204 = DIRECTION('',(0.797080055223,0.603873650333,8.380430382045E-18)
  );
#1205 = PLANE('',#1206);
#1206 = AXIS2_PLACEMENT_3D('',#1207,#1208,#1209);
#1207 = CARTESIAN_POINT('',(158.51855859315,1.506582395416,
    12.979268947182));
#1208 = DIRECTION('',(6.038736503325E-02,-7.970800552228E-02,
    0.994987437107));
#1209 = DIRECTION('',(-0.797080055223,-0.603873650333,
    -8.380430382045E-18));
#1210 = ADVANCED_FACE('',(#1211),#1229,.F.);
#1211 = FACE_BOUND('',#1212,.T.);
#1212 = EDGE_LOOP('',(#1213,#1221,#1222,#1223));
#1213 = ORIENTED_EDGE('',*,*,#1214,.F.);
#1214 = EDGE_CURVE('',#391,#1215,#1217,.T.);
#1215 = VERTEX_POINT('',#1216);
#1216 = CARTESIAN_POINT('',(163.44218996244,-4.992340618651,
    19.739781247149));
#1217 = LINE('',#1218,#1219);
#1218 = CARTESIAN_POINT('',(157.58683574863,2.736405382321,
    20.714298416988));
#1219 = VECTOR('',#1220,1.);
#1220 = DIRECTION('',(0.600846695681,-0.793084641315,-0.1));
#1221 = ORIENTED_EDGE('',*,*,#390,.F.);
#1222 = ORIENTED_EDGE('',*,*,#1183,.T.);
#1223 = ORIENTED_EDGE('',*,*,#1224,.T.);
#1224 = EDGE_CURVE('',#1184,#1215,#1225,.T.);
#1225 = LINE('',#1226,#1227);
#1226 = CARTESIAN_POINT('',(162.9867505011,-4.391185541258,
    12.235619703528));
#1227 = VECTOR('',#1228,1.);
#1228 = DIRECTION('',(6.038736503325E-02,-7.970800552228E-02,
    0.994987437107));
#1229 = PLANE('',#1230);
#1230 = AXIS2_PLACEMENT_3D('',#1231,#1232,#1233);
#1231 = CARTESIAN_POINT('',(158.51855859315,1.506582395416,
    12.979268947182));
#1232 = DIRECTION('',(0.797080055223,0.603873650333,8.380430382045E-18)
  );
#1233 = DIRECTION('',(-6.038736503325E-02,7.970800552228E-02,
    -0.994987437107));
#1234 = ADVANCED_FACE('',(#1235),#1253,.T.);
#1235 = FACE_BOUND('',#1236,.F.);
#1236 = EDGE_LOOP('',(#1237,#1245,#1246,#1247));
#1237 = ORIENTED_EDGE('',*,*,#1238,.F.);
#1238 = EDGE_CURVE('',#550,#1239,#1241,.T.);
#1239 = VERTEX_POINT('',#1240);
#1240 = CARTESIAN_POINT('',(197.26174985297,20.629604065466,
    19.739781247149));
#1241 = LINE('',#1242,#1243);
#1242 = CARTESIAN_POINT('',(191.40639563915,28.358350066437,
    20.714298416988));
#1243 = VECTOR('',#1244,1.);
#1244 = DIRECTION('',(0.600846695681,-0.793084641315,-0.1));
#1245 = ORIENTED_EDGE('',*,*,#610,.F.);
#1246 = ORIENTED_EDGE('',*,*,#1192,.T.);
#1247 = ORIENTED_EDGE('',*,*,#1248,.T.);
#1248 = EDGE_CURVE('',#1193,#1239,#1249,.T.);
#1249 = LINE('',#1250,#1251);
#1250 = CARTESIAN_POINT('',(196.80631039162,21.230759142859,
    12.235619703528));
#1251 = VECTOR('',#1252,1.);
#1252 = DIRECTION('',(6.038736503325E-02,-7.970800552228E-02,
    0.994987437107));
#1253 = PLANE('',#1254);
#1254 = AXIS2_PLACEMENT_3D('',#1255,#1256,#1257);
#1255 = CARTESIAN_POINT('',(192.33811848368,27.128527079532,
    12.979268947182));
#1256 = DIRECTION('',(0.797080055223,0.603873650333,8.380430382045E-18)
  );
#1257 = DIRECTION('',(-6.038736503325E-02,7.970800552228E-02,
    -0.994987437107));
#1258 = ADVANCED_FACE('',(#1259),#1278,.T.);
#1259 = FACE_BOUND('',#1260,.T.);
#1260 = EDGE_LOOP('',(#1261,#1270,#1276,#1277));
#1261 = ORIENTED_EDGE('',*,*,#1262,.F.);
#1262 = EDGE_CURVE('',#1263,#1215,#1265,.T.);
#1263 = VERTEX_POINT('',#1264);
#1264 = CARTESIAN_POINT('',(163.37082077535,-5.229332321025,
    21.190506637487));
#1265 = CIRCLE('',#1266,5.414656965084);
#1266 = AXIS2_PLACEMENT_3D('',#1267,#1268,#1269);
#1267 = CARTESIAN_POINT('',(167.68673584809,-1.959563654221,
    21.190506637487));
#1268 = DIRECTION('',(0.600846695681,-0.793084641315,-1.E-01));
#1269 = DIRECTION('',(-0.797080055223,-0.603873650333,
    -6.938893903907E-18));
#1270 = ORIENTED_EDGE('',*,*,#1271,.F.);
#1271 = EDGE_CURVE('',#399,#1263,#1272,.T.);
#1272 = LINE('',#1273,#1274);
#1273 = CARTESIAN_POINT('',(157.51546656153,2.499413679947,
    22.165023807326));
#1274 = VECTOR('',#1275,1.);
#1275 = DIRECTION('',(0.600846695681,-0.793084641315,-0.1));
#1276 = ORIENTED_EDGE('',*,*,#398,.T.);
#1277 = ORIENTED_EDGE('',*,*,#1214,.T.);
#1278 = CYLINDRICAL_SURFACE('',#1279,5.414656965084);
#1279 = AXIS2_PLACEMENT_3D('',#1280,#1281,#1282);
#1280 = CARTESIAN_POINT('',(161.83138163428,5.769182346751,
    22.165023807326));
#1281 = DIRECTION('',(0.600846695681,-0.793084641315,-0.1));
#1282 = DIRECTION('',(-0.797080055223,-0.603873650333,
    -6.938893903907E-18));
#1283 = ADVANCED_FACE('',(#1284),#1303,.T.);
#1284 = FACE_BOUND('',#1285,.T.);
#1285 = EDGE_LOOP('',(#1286,#1295,#1296,#1297));
#1286 = ORIENTED_EDGE('',*,*,#1287,.F.);
#1287 = EDGE_CURVE('',#1239,#1288,#1290,.T.);
#1288 = VERTEX_POINT('',#1289);
#1289 = CARTESIAN_POINT('',(197.43784350087,20.397170120851,
    22.641232027826));
#1290 = CIRCLE('',#1291,5.414656965084);
#1291 = AXIS2_PLACEMENT_3D('',#1292,#1293,#1294);
#1292 = CARTESIAN_POINT('',(193.19329761523,17.364393156421,
    21.190506637487));
#1293 = DIRECTION('',(0.600846695681,-0.793084641315,-1.E-01));
#1294 = DIRECTION('',(-0.797080055223,-0.603873650333,
    -6.938893903907E-18));
#1295 = ORIENTED_EDGE('',*,*,#1238,.F.);
#1296 = ORIENTED_EDGE('',*,*,#549,.T.);
#1297 = ORIENTED_EDGE('',*,*,#1298,.T.);
#1298 = EDGE_CURVE('',#542,#1288,#1299,.T.);
#1299 = LINE('',#1300,#1301);
#1300 = CARTESIAN_POINT('',(191.58248928706,28.125916121822,
    23.615749197665));
#1301 = VECTOR('',#1302,1.);
#1302 = DIRECTION('',(0.600846695681,-0.793084641315,-0.1));
#1303 = CYLINDRICAL_SURFACE('',#1304,5.414656965084);
#1304 = AXIS2_PLACEMENT_3D('',#1305,#1306,#1307);
#1305 = CARTESIAN_POINT('',(187.33794340141,25.093139157392,
    22.165023807326));
#1306 = DIRECTION('',(0.600846695681,-0.793084641315,-0.1));
#1307 = DIRECTION('',(-0.797080055223,-0.603873650333,
    -6.938893903907E-18));
#1308 = ADVANCED_FACE('',(#1309),#1328,.T.);
#1309 = FACE_BOUND('',#1310,.T.);
#1310 = EDGE_LOOP('',(#1311,#1312,#1321,#1327));
#1311 = ORIENTED_EDGE('',*,*,#1271,.T.);
#1312 = ORIENTED_EDGE('',*,*,#1313,.F.);
#1313 = EDGE_CURVE('',#1314,#1263,#1316,.T.);
#1314 = VERTEX_POINT('',#1315);
#1315 = CARTESIAN_POINT('',(163.61828361035,-5.224774563266,
    22.641232027826));
#1316 = CIRCLE('',#1317,5.414656965084);
#1317 = AXIS2_PLACEMENT_3D('',#1318,#1319,#1320);
#1318 = CARTESIAN_POINT('',(167.68673584809,-1.959563654221,
    21.190506637487));
#1319 = DIRECTION('',(0.600846695681,-0.793084641315,-1.E-01));
#1320 = DIRECTION('',(-0.797080055223,-0.603873650333,
    -6.938893903907E-18));
#1321 = ORIENTED_EDGE('',*,*,#1322,.F.);
#1322 = EDGE_CURVE('',#462,#1314,#1323,.T.);
#1323 = LINE('',#1324,#1325);
#1324 = CARTESIAN_POINT('',(157.76292939653,2.503971437706,
    23.615749197665));
#1325 = VECTOR('',#1326,1.);
#1326 = DIRECTION('',(0.600846695681,-0.793084641315,-0.1));
#1327 = ORIENTED_EDGE('',*,*,#461,.T.);
#1328 = CYLINDRICAL_SURFACE('',#1329,5.414656965084);
#1329 = AXIS2_PLACEMENT_3D('',#1330,#1331,#1332);
#1330 = CARTESIAN_POINT('',(161.83138163428,5.769182346751,
    22.165023807326));
#1331 = DIRECTION('',(0.600846695681,-0.793084641315,-0.1));
#1332 = DIRECTION('',(-0.797080055223,-0.603873650333,
    -6.938893903907E-18));
#1333 = ADVANCED_FACE('',(#1334),#1352,.T.);
#1334 = FACE_BOUND('',#1335,.F.);
#1335 = EDGE_LOOP('',(#1336,#1344,#1345,#1346));
#1336 = ORIENTED_EDGE('',*,*,#1337,.F.);
#1337 = EDGE_CURVE('',#533,#1338,#1340,.T.);
#1338 = VERTEX_POINT('',#1339);
#1339 = CARTESIAN_POINT('',(197.89328296222,19.796015043458,
    30.145393571447));
#1340 = LINE('',#1341,#1342);
#1341 = CARTESIAN_POINT('',(193.42509105427,25.693782980131,
    30.889042815101));
#1342 = VECTOR('',#1343,1.);
#1343 = DIRECTION('',(0.600846695681,-0.793084641315,-0.1));
#1344 = ORIENTED_EDGE('',*,*,#541,.F.);
#1345 = ORIENTED_EDGE('',*,*,#1298,.T.);
#1346 = ORIENTED_EDGE('',*,*,#1347,.T.);
#1347 = EDGE_CURVE('',#1288,#1338,#1348,.T.);
#1348 = LINE('',#1349,#1350);
#1349 = CARTESIAN_POINT('',(196.80631039162,21.230759142859,
    12.235619703528));
#1350 = VECTOR('',#1351,1.);
#1351 = DIRECTION('',(6.038736503325E-02,-7.970800552228E-02,
    0.994987437107));
#1352 = PLANE('',#1353);
#1353 = AXIS2_PLACEMENT_3D('',#1354,#1355,#1356);
#1354 = CARTESIAN_POINT('',(192.33811848368,27.128527079532,
    12.979268947182));
#1355 = DIRECTION('',(0.797080055223,0.603873650333,8.380430382045E-18)
  );
#1356 = DIRECTION('',(-6.038736503325E-02,7.970800552228E-02,
    -0.994987437107));
#1357 = ADVANCED_FACE('',(#1358),#1376,.F.);
#1358 = FACE_BOUND('',#1359,.T.);
#1359 = EDGE_LOOP('',(#1360,#1368,#1369,#1370));
#1360 = ORIENTED_EDGE('',*,*,#1361,.F.);
#1361 = EDGE_CURVE('',#525,#1362,#1364,.T.);
#1362 = VERTEX_POINT('',#1363);
#1363 = CARTESIAN_POINT('',(164.0737230717,-5.825929640659,
    30.145393571447));
#1364 = LINE('',#1365,#1366);
#1365 = CARTESIAN_POINT('',(159.60553116375,7.183829601458E-02,
    30.889042815101));
#1366 = VECTOR('',#1367,1.);
#1367 = DIRECTION('',(0.600846695681,-0.793084641315,-0.1));
#1368 = ORIENTED_EDGE('',*,*,#524,.F.);
#1369 = ORIENTED_EDGE('',*,*,#1322,.T.);
#1370 = ORIENTED_EDGE('',*,*,#1371,.T.);
#1371 = EDGE_CURVE('',#1314,#1362,#1372,.T.);
#1372 = LINE('',#1373,#1374);
#1373 = CARTESIAN_POINT('',(162.9867505011,-4.391185541258,
    12.235619703528));
#1374 = VECTOR('',#1375,1.);
#1375 = DIRECTION('',(6.038736503325E-02,-7.970800552228E-02,
    0.994987437107));
#1376 = PLANE('',#1377);
#1377 = AXIS2_PLACEMENT_3D('',#1378,#1379,#1380);
#1378 = CARTESIAN_POINT('',(158.51855859315,1.506582395416,
    12.979268947182));
#1379 = DIRECTION('',(0.797080055223,0.603873650333,8.380430382045E-18)
  );
#1380 = DIRECTION('',(-6.038736503325E-02,7.970800552228E-02,
    -0.994987437107));
#1381 = ADVANCED_FACE('',(#1382),#1393,.T.);
#1382 = FACE_BOUND('',#1383,.F.);
#1383 = EDGE_LOOP('',(#1384,#1385,#1386,#1387));
#1384 = ORIENTED_EDGE('',*,*,#1361,.F.);
#1385 = ORIENTED_EDGE('',*,*,#532,.T.);
#1386 = ORIENTED_EDGE('',*,*,#1337,.T.);
#1387 = ORIENTED_EDGE('',*,*,#1388,.F.);
#1388 = EDGE_CURVE('',#1362,#1338,#1389,.T.);
#1389 = LINE('',#1390,#1391);
#1390 = CARTESIAN_POINT('',(164.0737230717,-5.825929640659,
    30.145393571447));
#1391 = VECTOR('',#1392,1.);
#1392 = DIRECTION('',(0.797080055223,0.603873650333,8.380430382045E-18)
  );
#1393 = PLANE('',#1394);
#1394 = AXIS2_PLACEMENT_3D('',#1395,#1396,#1397);
#1395 = CARTESIAN_POINT('',(159.60553116375,7.183829601458E-02,
    30.889042815101));
#1396 = DIRECTION('',(6.038736503325E-02,-7.970800552228E-02,
    0.994987437107));
#1397 = DIRECTION('',(-0.797080055223,-0.603873650333,
    -8.380430382045E-18));
#1398 = ADVANCED_FACE('',(#1399),#1458,.F.);
#1399 = FACE_BOUND('',#1400,.F.);
#1400 = EDGE_LOOP('',(#1401,#1402,#1410,#1457));
#1401 = ORIENTED_EDGE('',*,*,#618,.F.);
#1402 = ORIENTED_EDGE('',*,*,#1403,.F.);
#1403 = EDGE_CURVE('',#1404,#619,#1406,.T.);
#1404 = VERTEX_POINT('',#1405);
#1405 = CARTESIAN_POINT('',(195.01875221404,31.871713873281,
    21.855659419812));
#1406 = LINE('',#1407,#1408);
#1407 = CARTESIAN_POINT('',(194.7134426918,32.103018589129,
    21.894155881141));
#1408 = VECTOR('',#1409,1.);
#1409 = DIRECTION('',(0.793084641315,-0.600846695681,-0.1));
#1410 = ORIENTED_EDGE('',*,*,#1411,.T.);
#1411 = EDGE_CURVE('',#1404,#1404,#1412,.T.);
#1412 = B_SPLINE_CURVE_WITH_KNOTS('',7,(#1413,#1414,#1415,#1416,#1417,
    #1418,#1419,#1420,#1421,#1422,#1423,#1424,#1425,#1426,#1427,#1428,
    #1429,#1430,#1431,#1432,#1433,#1434,#1435,#1436,#1437,#1438,#1439,
    #1440,#1441,#1442,#1443,#1444,#1445,#1446,#1447,#1448,#1449,#1450,
    #1451,#1452,#1453,#1454,#1455,#1456),.UNSPECIFIED.,.T.,.F.,(8,6,6,6,
    6,6,6,8),(0.,0.152709085152,0.285432656257,0.421462313882,
    0.588710970466,0.714460934923,0.837666553674,1.),.UNSPECIFIED.);
#1413 = CARTESIAN_POINT('',(195.01875221404,31.871713873281,
    21.855659419812));
#1414 = CARTESIAN_POINT('',(195.01875221404,31.871713873281,
    22.053568013393));
#1415 = CARTESIAN_POINT('',(195.00259253194,31.849560691126,
    22.251399109465));
#1416 = CARTESIAN_POINT('',(194.97027637404,31.805258391048,
    22.446789708936));
#1417 = CARTESIAN_POINT('',(194.92125317414,31.738141675592,
    22.637029486368));
#1418 = CARTESIAN_POINT('',(194.85462897643,31.647158998817,
    22.818528086529));
#1419 = CARTESIAN_POINT('',(194.76932926693,31.531153143588,
    22.986243117218));
#1420 = CARTESIAN_POINT('',(194.57350997665,31.266379537922,
    23.2596502072));
#1421 = CARTESIAN_POINT('',(194.46457549576,31.119591586907,
    23.375021495193));
#1422 = CARTESIAN_POINT('',(194.33975869873,30.952184854281,
    23.465456774681));
#1423 = CARTESIAN_POINT('',(194.20335325198,30.7703554868,
    23.521859838508));
#1424 = CARTESIAN_POINT('',(194.06128595997,30.582315266591,
    23.539327406733));
#1425 = CARTESIAN_POINT('',(193.92009692291,30.396656451673,
    23.517429948773));
#1426 = CARTESIAN_POINT('',(193.64806689369,30.040935646549,
    23.402075661799));
#1427 = CARTESIAN_POINT('',(193.52236780366,29.877649205533,
    23.308885415858));
#1428 = CARTESIAN_POINT('',(193.41104963368,29.733897368477,
    23.1888046001));
#1429 = CARTESIAN_POINT('',(193.31529047662,29.610810268164,
    23.048481114108));
#1430 = CARTESIAN_POINT('',(193.23553988409,29.508651396893,
    22.893776349145));
#1431 = CARTESIAN_POINT('',(193.17165414103,29.427009856145,
    22.729902940115));
#1432 = CARTESIAN_POINT('',(193.06309175631,29.288494794259,
    22.354363413369));
#1433 = CARTESIAN_POINT('',(193.02542972521,29.240637447876,
    22.137734180478));
#1434 = CARTESIAN_POINT('',(193.0088243458,29.219579670878,
    21.916514827219));
#1435 = CARTESIAN_POINT('',(193.01282690311,29.224657761935,
    21.693988525643));
#1436 = CARTESIAN_POINT('',(193.03758598061,29.256071240547,
    21.473537110272));
#1437 = CARTESIAN_POINT('',(193.08369480856,29.314709142058,
    21.259078904304));
#1438 = CARTESIAN_POINT('',(193.20332853037,29.467512862814,
    20.904032591931));
#1439 = CARTESIAN_POINT('',(193.26780171209,29.550006357148,
    20.756568295909));
#1440 = CARTESIAN_POINT('',(193.34585626653,29.650124502857,
    20.618005413557));
#1441 = CARTESIAN_POINT('',(193.43748734952,29.768055303414,
    20.492746761227));
#1442 = CARTESIAN_POINT('',(193.54220196328,29.903420941417,
    20.385627727602));
#1443 = CARTESIAN_POINT('',(193.65893667551,30.055149546205,
    20.302001958867));
#1444 = CARTESIAN_POINT('',(193.91000757302,30.383463085938,
    20.195160768441));
#1445 = CARTESIAN_POINT('',(194.04062196427,30.555144600007,
    20.172169985693));
#1446 = CARTESIAN_POINT('',(194.17264646628,30.729725032853,
    20.18306283325));
#1447 = CARTESIAN_POINT('',(194.3006161041,30.900045724538,
    20.227954504165));
#1448 = CARTESIAN_POINT('',(194.41945015706,31.059130272493,
    20.30325018175));
#1449 = CARTESIAN_POINT('',(194.52525269304,31.201421598846,
    20.401821051468));
#1450 = CARTESIAN_POINT('',(194.7351723681,31.484727045391,
    20.659655128567));
#1451 = CARTESIAN_POINT('',(194.83234731033,31.616738838248,
    20.833489578303));
#1452 = CARTESIAN_POINT('',(194.90809050649,31.720123158938,
    21.024437804921));
#1453 = CARTESIAN_POINT('',(194.9637442679,31.796303323301,
    21.226111371612));
#1454 = CARTESIAN_POINT('',(195.00039465295,31.846547689722,
    21.433936816623));
#1455 = CARTESIAN_POINT('',(195.01875221404,31.871713873281,
    21.644727391697));
#1456 = CARTESIAN_POINT('',(195.01875221404,31.871713873281,
    21.855659419812));
#1457 = ORIENTED_EDGE('',*,*,#1403,.T.);
#1458 = CYLINDRICAL_SURFACE('',#1459,1.65);
#1459 = AXIS2_PLACEMENT_3D('',#1460,#1461,#1462);
#1460 = CARTESIAN_POINT('',(193.71705116875,30.787836498011,
    21.894155881141));
#1461 = DIRECTION('',(0.793084641315,-0.600846695681,-0.1));
#1462 = DIRECTION('',(0.603873650333,0.797080055223,-6.938893903907E-18)
  );
#1463 = ADVANCED_FACE('',(#1464),#1523,.F.);
#1464 = FACE_BOUND('',#1465,.F.);
#1465 = EDGE_LOOP('',(#1466,#1467,#1475,#1522));
#1466 = ORIENTED_EDGE('',*,*,#669,.F.);
#1467 = ORIENTED_EDGE('',*,*,#1468,.F.);
#1468 = EDGE_CURVE('',#1469,#670,#1471,.T.);
#1469 = VERTEX_POINT('',#1470);
#1470 = CARTESIAN_POINT('',(206.79013303811,53.773146920309,
    21.855659419812));
#1471 = LINE('',#1472,#1473);
#1472 = CARTESIAN_POINT('',(206.43361233368,53.913178214175,
    21.894155881141));
#1473 = VECTOR('',#1474,1.);
#1474 = DIRECTION('',(0.92611292603,-0.363751080054,-0.1));
#1475 = ORIENTED_EDGE('',*,*,#1476,.T.);
#1476 = EDGE_CURVE('',#1469,#1469,#1477,.T.);
#1477 = B_SPLINE_CURVE_WITH_KNOTS('',7,(#1478,#1479,#1480,#1481,#1482,
    #1483,#1484,#1485,#1486,#1487,#1488,#1489,#1490,#1491,#1492,#1493,
    #1494,#1495,#1496,#1497,#1498,#1499,#1500,#1501,#1502,#1503,#1504,
    #1505,#1506,#1507,#1508,#1509,#1510,#1511,#1512,#1513,#1514,#1515,
    #1516,#1517,#1518,#1519,#1520,#1521),.UNSPECIFIED.,.T.,.F.,(8,6,6,6,
    6,6,6,8),(0.,0.152709085136,0.285432656228,0.42146231384,
    0.588710970406,0.714460934871,0.837666553645,1.),.UNSPECIFIED.);
#1478 = CARTESIAN_POINT('',(206.79013303811,53.773146920309,
    21.855659419812));
#1479 = CARTESIAN_POINT('',(206.79013303811,53.773146920309,
    22.053568013393));
#1480 = CARTESIAN_POINT('',(206.78057284952,53.747446694643,
    22.251399109464));
#1481 = CARTESIAN_POINT('',(206.76145445887,53.696051023688,
    22.446789708937));
#1482 = CARTESIAN_POINT('',(206.73242793011,53.618170421163,
    22.637029486367));
#1483 = CARTESIAN_POINT('',(206.69291730297,53.512550624073,
    22.81852808653));
#1484 = CARTESIAN_POINT('',(206.64220140141,53.377786770549,
    22.986243117218));
#1485 = CARTESIAN_POINT('',(206.52535892035,53.069893783745,
    23.2596502072));
#1486 = CARTESIAN_POINT('',(206.4602223923,52.899099590624,
    23.375021495193));
#1487 = CARTESIAN_POINT('',(206.38537736675,52.704157370721,
    23.465456774682));
#1488 = CARTESIAN_POINT('',(206.30328010204,52.492194157153,
    23.521859838507));
#1489 = CARTESIAN_POINT('',(206.21741345303,52.272719424067,
    23.539327406733));
#1490 = CARTESIAN_POINT('',(206.13174769218,52.055774921576,
    23.517429948773));
#1491 = CARTESIAN_POINT('',(205.96615629326,51.639701470609,
    23.402075661799));
#1492 = CARTESIAN_POINT('',(205.88934665694,51.44848692403,
    23.308885415857));
#1493 = CARTESIAN_POINT('',(205.82109362508,51.279970309815,
    23.188804600101));
#1494 = CARTESIAN_POINT('',(205.76222541717,51.135558452542,
    23.048481114107));
#1495 = CARTESIAN_POINT('',(205.71310348331,51.015626690264,
    22.893776349146));
#1496 = CARTESIAN_POINT('',(205.67370069239,50.919740562963,
    22.729902940114));
#1497 = CARTESIAN_POINT('',(205.60668312102,50.757011159122,
    22.354363413369));
#1498 = CARTESIAN_POINT('',(205.58338066761,50.700746162415,
    22.137734180477));
#1499 = CARTESIAN_POINT('',(205.57309492217,50.67597981351,
    21.91651482722));
#1500 = CARTESIAN_POINT('',(205.57557356586,50.681951731064,
    21.693988525642));
#1501 = CARTESIAN_POINT('',(205.59090563113,50.718894204342,
    21.473537110272));
#1502 = CARTESIAN_POINT('',(205.61942156564,50.787823653683,
    21.259078904304));
#1503 = CARTESIAN_POINT('',(205.69322963789,50.967305053689,
    20.904032591907));
#1504 = CARTESIAN_POINT('',(205.73296733811,51.064170336158,
    20.756568295913));
#1505 = CARTESIAN_POINT('',(205.78100891457,51.18167847841,
    20.618005413576));
#1506 = CARTESIAN_POINT('',(205.83729881642,51.320009154829,
    20.492746761236));
#1507 = CARTESIAN_POINT('',(205.90146471391,51.478665210163,
    20.385627727593));
#1508 = CARTESIAN_POINT('',(205.97277299798,51.656326942622,
    20.302001958861));
#1509 = CARTESIAN_POINT('',(206.12560605566,52.040343130318,
    20.195160768441));
#1510 = CARTESIAN_POINT('',(206.20487518978,52.240969813111,
    20.172169985693));
#1511 = CARTESIAN_POINT('',(206.28471713734,52.444768881002,
    20.183062833249));
#1512 = CARTESIAN_POINT('',(206.36180858148,52.643369675214,
    20.227954504165));
#1513 = CARTESIAN_POINT('',(206.4331467837,52.82868099825,
    20.303250181751));
#1514 = CARTESIAN_POINT('',(206.49648539423,52.994298686284,
    20.401821051468));
#1515 = CARTESIAN_POINT('',(206.62188583762,53.32384834084,
    20.659655128567));
#1516 = CARTESIAN_POINT('',(206.67970130592,53.477234958498,
    20.833489578304));
#1517 = CARTESIAN_POINT('',(206.724633738,53.597261730825,
    21.024437804919));
#1518 = CARTESIAN_POINT('',(206.75759008496,53.685662170853,
    21.226111371614));
#1519 = CARTESIAN_POINT('',(206.77927255334,53.743951257705,
    21.433936816622));
#1520 = CARTESIAN_POINT('',(206.79013303811,53.773146920309,
    21.644727391697));
#1521 = CARTESIAN_POINT('',(206.79013303811,53.773146920309,
    21.855659419812));
#1522 = ORIENTED_EDGE('',*,*,#1468,.T.);
#1523 = CYLINDRICAL_SURFACE('',#1524,1.65);
#1524 = AXIS2_PLACEMENT_3D('',#1525,#1526,#1527);
#1525 = CARTESIAN_POINT('',(205.83039940887,52.377393669606,
    21.894155881141));
#1526 = DIRECTION('',(0.92611292603,-0.363751080054,-0.1));
#1527 = DIRECTION('',(0.365583590796,0.93077851186,6.938893903907E-18));
#1528 = ADVANCED_FACE('',(#1529),#1594,.F.);
#1529 = FACE_BOUND('',#1530,.F.);
#1530 = EDGE_LOOP('',(#1531,#1532,#1540,#1593));
#1531 = ORIENTED_EDGE('',*,*,#720,.F.);
#1532 = ORIENTED_EDGE('',*,*,#1533,.F.);
#1533 = EDGE_CURVE('',#1534,#721,#1536,.T.);
#1534 = VERTEX_POINT('',#1535);
#1535 = CARTESIAN_POINT('',(212.04551350208,76.416499317813,
    23.512384681357));
#1536 = LINE('',#1537,#1538);
#1537 = CARTESIAN_POINT('',(211.81367964153,76.439799497484,
    23.535802243028));
#1538 = VECTOR('',#1539,1.);
#1539 = DIRECTION('',(0.99,-9.949874371066E-02,-0.1));
#1540 = ORIENTED_EDGE('',*,*,#1541,.T.);
#1541 = EDGE_CURVE('',#1534,#1534,#1542,.T.);
#1542 = B_SPLINE_CURVE_WITH_KNOTS('',7,(#1543,#1544,#1545,#1546,#1547,
    #1548,#1549,#1550,#1551,#1552,#1553,#1554,#1555,#1556,#1557,#1558,
    #1559,#1560,#1561,#1562,#1563,#1564,#1565,#1566,#1567,#1568,#1569,
    #1570,#1571,#1572,#1573,#1574,#1575,#1576,#1577,#1578,#1579,#1580,
    #1581,#1582,#1583,#1584,#1585,#1586,#1587,#1588,#1589,#1590,#1591,
    #1592),.UNSPECIFIED.,.T.,.F.,(8,6,6,6,6,6,6,6,8),(0.,0.132166950471,
    0.316574176856,0.45518581939,0.587040572518,0.72662208129,
    0.812068455317,0.944482244564,1.),.UNSPECIFIED.);
#1543 = CARTESIAN_POINT('',(212.04551350208,76.416499317813,
    23.512384681357));
#1544 = CARTESIAN_POINT('',(212.0220076384,76.182189818412,
    23.514759011022));
#1545 = CARTESIAN_POINT('',(211.99839587634,75.95394707525,
    23.477731406211));
#1546 = CARTESIAN_POINT('',(211.97549910907,75.739297442152,
    23.405084276721));
#1547 = CARTESIAN_POINT('',(211.95413955003,75.544433878671,
    23.302117146194));
#1548 = CARTESIAN_POINT('',(211.93505913354,75.373970422482,
    23.175547469652));
#1549 = CARTESIAN_POINT('',(211.91875067724,75.230467451277,
    23.033349235814));
#1550 = CARTESIAN_POINT('',(211.88666761223,74.951202430852,
    22.677028695698));
#1551 = CARTESIAN_POINT('',(211.87289302023,74.834314270693,
    22.448263946509));
#1552 = CARTESIAN_POINT('',(211.86411266043,74.760859891403,
    22.20841488119));
#1553 = CARTESIAN_POINT('',(211.86023784016,74.728566266009,
    21.963617426966));
#1554 = CARTESIAN_POINT('',(211.8611669748,74.736194802304,
    21.718605171334));
#1555 = CARTESIAN_POINT('',(211.8669028756,74.784066979423,
    21.477151054671));
#1556 = CARTESIAN_POINT('',(211.88559843107,74.943091491957,
    21.07048393874));
#1557 = CARTESIAN_POINT('',(211.8964593733,75.035993405895,
    20.90016084541));
#1558 = CARTESIAN_POINT('',(211.91021793718,75.154733257257,
    20.737840966831));
#1559 = CARTESIAN_POINT('',(211.92684075032,75.300127907213,
    20.588158739871));
#1560 = CARTESIAN_POINT('',(211.9461709691,75.472402872644,
    20.456687072409));
#1561 = CARTESIAN_POINT('',(211.96788317035,75.670862949417,
    20.350164256282));
#1562 = CARTESIAN_POINT('',(212.01386350069,76.103958500534,
    20.207696204455));
#1563 = CARTESIAN_POINT('',(212.03745479412,76.331645831982,
    20.170115743247));
#1564 = CARTESIAN_POINT('',(212.06105909612,76.566450721188,
    20.171123897218));
#1565 = CARTESIAN_POINT('',(212.0834431437,76.797087352266,
    20.212106234282));
#1566 = CARTESIAN_POINT('',(212.10366641476,77.012386643308,
    20.289328307909));
#1567 = CARTESIAN_POINT('',(212.12116079632,77.203514789739,
    20.394146685425));
#1568 = CARTESIAN_POINT('',(212.15108908321,77.536979853608,
    20.638967228868));
#1569 = CARTESIAN_POINT('',(212.16369625099,77.681702207866,
    20.785003997204));
#1570 = CARTESIAN_POINT('',(212.17377126561,77.800069376298,
    20.944759321745));
#1571 = CARTESIAN_POINT('',(212.18156856246,77.893156183773,
    21.11377870557));
#1572 = CARTESIAN_POINT('',(212.1872819819,77.962071567002,
    21.288819413322));
#1573 = CARTESIAN_POINT('',(212.1910440333,78.007667528686,
    21.467464921319));
#1574 = CARTESIAN_POINT('',(212.19404341963,78.044084180571,
    21.758184686098));
#1575 = CARTESIAN_POINT('',(212.19446962857,78.049288354797,
    21.86919233399));
#1576 = CARTESIAN_POINT('',(212.19419439763,78.045940448663,
    21.980353650834));
#1577 = CARTESIAN_POINT('',(212.19321803792,78.034037863312,
    22.091225016077));
#1578 = CARTESIAN_POINT('',(212.19153010584,78.013510100623,
    22.201347375104));
#1579 = CARTESIAN_POINT('',(212.18910959932,77.984225142872,
    22.310210987948));
#1580 = CARTESIAN_POINT('',(212.18099031062,77.886752969023,
    22.583049243335));
#1581 = CARTESIAN_POINT('',(212.17419865231,77.805765106563,
    22.745168553446));
#1582 = CARTESIAN_POINT('',(212.16541735327,77.702156988416,
    22.900808218625));
#1583 = CARTESIAN_POINT('',(212.15448277124,77.575138664792,
    23.046536970035));
#1584 = CARTESIAN_POINT('',(212.14121378298,77.424211976809,
    23.178125707781));
#1585 = CARTESIAN_POINT('',(212.12542530086,77.249453461458,
    23.290320946356));
#1586 = CARTESIAN_POINT('',(212.09932948958,76.969560844768,
    23.412372807397));
#1587 = CARTESIAN_POINT('',(212.09117738052,76.883076426691,
    23.443759148654));
#1588 = CARTESIAN_POINT('',(212.0826213476,76.793371923975,
    23.469805476328));
#1589 = CARTESIAN_POINT('',(212.07371187763,76.701114824277,
    23.489987637024));
#1590 = CARTESIAN_POINT('',(212.06450965401,76.607035563517,
    23.503931704325));
#1591 = CARTESIAN_POINT('',(212.05508436335,76.511902904882,
    23.511417927693));
#1592 = CARTESIAN_POINT('',(212.04551350208,76.416499317813,
    23.512384681357));
#1593 = ORIENTED_EDGE('',*,*,#1533,.T.);
#1594 = CYLINDRICAL_SURFACE('',#1595,1.65);
#1595 = AXIS2_PLACEMENT_3D('',#1596,#1597,#1598);
#1596 = CARTESIAN_POINT('',(211.6478567767,76.439799497484,
    21.894155881141));
#1597 = DIRECTION('',(0.99,-9.949874371066E-02,-0.1));
#1598 = DIRECTION('',(0.100498705962,0.,0.994937189022));
#1599 = ADVANCED_FACE('',(#1600),#1625,.F.);
#1600 = FACE_BOUND('',#1601,.F.);
#1601 = EDGE_LOOP('',(#1602,#1612,#1618,#1619));
#1602 = ORIENTED_EDGE('',*,*,#1603,.F.);
#1603 = EDGE_CURVE('',#1604,#1606,#1608,.T.);
#1604 = VERTEX_POINT('',#1605);
#1605 = CARTESIAN_POINT('',(144.5,85.5,0.));
#1606 = VERTEX_POINT('',#1607);
#1607 = CARTESIAN_POINT('',(144.5,85.5,3.));
#1608 = LINE('',#1609,#1610);
#1609 = CARTESIAN_POINT('',(144.5,85.5,0.));
#1610 = VECTOR('',#1611,1.);
#1611 = DIRECTION('',(0.,0.,1.));
#1612 = ORIENTED_EDGE('',*,*,#1613,.T.);
#1613 = EDGE_CURVE('',#1604,#784,#1614,.T.);
#1614 = LINE('',#1615,#1616);
#1615 = CARTESIAN_POINT('',(-78.5,85.5,0.));
#1616 = VECTOR('',#1617,1.);
#1617 = DIRECTION('',(1.,0.,-0.));
#1618 = ORIENTED_EDGE('',*,*,#783,.T.);
#1619 = ORIENTED_EDGE('',*,*,#1620,.F.);
#1620 = EDGE_CURVE('',#1606,#786,#1621,.T.);
#1621 = LINE('',#1622,#1623);
#1622 = CARTESIAN_POINT('',(-78.5,85.5,3.));
#1623 = VECTOR('',#1624,1.);
#1624 = DIRECTION('',(1.,0.,-0.));
#1625 = PLANE('',#1626);
#1626 = AXIS2_PLACEMENT_3D('',#1627,#1628,#1629);
#1627 = CARTESIAN_POINT('',(-278.5,85.5,-400.));
#1628 = DIRECTION('',(0.,-1.,0.));
#1629 = DIRECTION('',(1.,0.,0.));
#1630 = ADVANCED_FACE('',(#1631,#1715,#1749),#1783,.T.);
#1631 = FACE_BOUND('',#1632,.T.);
#1632 = EDGE_LOOP('',(#1633,#1634,#1643,#1651,#1659,#1667,#1676,#1684,
    #1692,#1700,#1707,#1708));
#1633 = ORIENTED_EDGE('',*,*,#965,.F.);
#1634 = ORIENTED_EDGE('',*,*,#1635,.T.);
#1635 = EDGE_CURVE('',#122,#1636,#1638,.T.);
#1636 = VERTEX_POINT('',#1637);
#1637 = CARTESIAN_POINT('',(140.77349493788,-3.435551906306,3.));
#1638 = CIRCLE('',#1639,91.);
#1639 = AXIS2_PLACEMENT_3D('',#1640,#1641,#1642);
#1640 = CARTESIAN_POINT('',(121.5,85.5,3.));
#1641 = DIRECTION('',(0.,0.,1.));
#1642 = DIRECTION('',(1.,0.,-0.));
#1643 = ORIENTED_EDGE('',*,*,#1644,.F.);
#1644 = EDGE_CURVE('',#1645,#1636,#1647,.T.);
#1645 = VERTEX_POINT('',#1646);
#1646 = CARTESIAN_POINT('',(140.16856413508,-0.933412302272,3.));
#1647 = LINE('',#1648,#1649);
#1648 = CARTESIAN_POINT('',(140.16856413508,-0.933412302272,3.));
#1649 = VECTOR('',#1650,1.);
#1650 = DIRECTION('',(0.234995141492,-0.971996544991,0.));
#1651 = ORIENTED_EDGE('',*,*,#1652,.T.);
#1652 = EDGE_CURVE('',#1645,#1653,#1655,.T.);
#1653 = VERTEX_POINT('',#1654);
#1654 = CARTESIAN_POINT('',(144.37857688071,8.442314780328E-02,3.));
#1655 = LINE('',#1656,#1657);
#1656 = CARTESIAN_POINT('',(142.2735705079,-0.424494577235,3.));
#1657 = VECTOR('',#1658,1.);
#1658 = DIRECTION('',(0.971996544991,0.234995141492,-0.));
#1659 = ORIENTED_EDGE('',*,*,#1660,.T.);
#1660 = EDGE_CURVE('',#1653,#1661,#1663,.T.);
#1661 = VERTEX_POINT('',#1662);
#1662 = CARTESIAN_POINT('',(144.98350768352,-2.417716456229,3.));
#1663 = LINE('',#1664,#1665);
#1664 = CARTESIAN_POINT('',(144.37857688071,8.442314780328E-02,3.));
#1665 = VECTOR('',#1666,1.);
#1666 = DIRECTION('',(0.234995141492,-0.971996544991,0.));
#1667 = ORIENTED_EDGE('',*,*,#1668,.T.);
#1668 = EDGE_CURVE('',#1661,#1669,#1671,.T.);
#1669 = VERTEX_POINT('',#1670);
#1670 = CARTESIAN_POINT('',(209.41771645623,62.016492316479,3.));
#1671 = CIRCLE('',#1672,91.);
#1672 = AXIS2_PLACEMENT_3D('',#1673,#1674,#1675);
#1673 = CARTESIAN_POINT('',(121.5,85.5,3.));
#1674 = DIRECTION('',(0.,0.,1.));
#1675 = DIRECTION('',(1.,0.,-0.));
#1676 = ORIENTED_EDGE('',*,*,#1677,.F.);
#1677 = EDGE_CURVE('',#1678,#1669,#1680,.T.);
#1678 = VERTEX_POINT('',#1679);
#1679 = CARTESIAN_POINT('',(206.91557685219,62.621423119282,3.));
#1680 = LINE('',#1681,#1682);
#1681 = CARTESIAN_POINT('',(206.91557685219,62.621423119282,3.));
#1682 = VECTOR('',#1683,1.);
#1683 = DIRECTION('',(0.971996544991,-0.234995141492,0.));
#1684 = ORIENTED_EDGE('',*,*,#1685,.T.);
#1685 = EDGE_CURVE('',#1678,#1686,#1688,.T.);
#1686 = VERTEX_POINT('',#1687);
#1687 = CARTESIAN_POINT('',(207.93341230227,66.831435864914,3.));
#1688 = LINE('',#1689,#1690);
#1689 = CARTESIAN_POINT('',(207.42449457723,64.726429492098,3.));
#1690 = VECTOR('',#1691,1.);
#1691 = DIRECTION('',(0.234995141492,0.971996544991,-0.));
#1692 = ORIENTED_EDGE('',*,*,#1693,.T.);
#1693 = EDGE_CURVE('',#1686,#1694,#1696,.T.);
#1694 = VERTEX_POINT('',#1695);
#1695 = CARTESIAN_POINT('',(210.4355519063,66.226505062112,3.));
#1696 = LINE('',#1697,#1698);
#1697 = CARTESIAN_POINT('',(207.93341230227,66.831435864914,3.));
#1698 = VECTOR('',#1699,1.);
#1699 = DIRECTION('',(0.971996544991,-0.234995141492,0.));
#1700 = ORIENTED_EDGE('',*,*,#1701,.T.);
#1701 = EDGE_CURVE('',#1694,#66,#1702,.T.);
#1702 = CIRCLE('',#1703,91.);
#1703 = AXIS2_PLACEMENT_3D('',#1704,#1705,#1706);
#1704 = CARTESIAN_POINT('',(121.5,85.5,3.));
#1705 = DIRECTION('',(0.,0.,1.));
#1706 = DIRECTION('',(1.,0.,-0.));
#1707 = ORIENTED_EDGE('',*,*,#800,.F.);
#1708 = ORIENTED_EDGE('',*,*,#1709,.F.);
#1709 = EDGE_CURVE('',#958,#786,#1710,.T.);
#1710 = CIRCLE('',#1711,28.);
#1711 = AXIS2_PLACEMENT_3D('',#1712,#1713,#1714);
#1712 = CARTESIAN_POINT('',(121.5,85.5,3.));
#1713 = DIRECTION('',(0.,0.,1.));
#1714 = DIRECTION('',(1.,0.,-0.));
#1715 = FACE_BOUND('',#1716,.T.);
#1716 = EDGE_LOOP('',(#1717,#1727,#1735,#1743));
#1717 = ORIENTED_EDGE('',*,*,#1718,.T.);
#1718 = EDGE_CURVE('',#1719,#1721,#1723,.T.);
#1719 = VERTEX_POINT('',#1720);
#1720 = CARTESIAN_POINT('',(147.5,6.5,3.));
#1721 = VERTEX_POINT('',#1722);
#1722 = CARTESIAN_POINT('',(131.5,6.5,3.));
#1723 = LINE('',#1724,#1725);
#1724 = CARTESIAN_POINT('',(126.5,6.5,3.));
#1725 = VECTOR('',#1726,1.);
#1726 = DIRECTION('',(-1.,-0.,0.));
#1727 = ORIENTED_EDGE('',*,*,#1728,.T.);
#1728 = EDGE_CURVE('',#1721,#1729,#1731,.T.);
#1729 = VERTEX_POINT('',#1730);
#1730 = CARTESIAN_POINT('',(131.5,54.5,3.));
#1731 = LINE('',#1732,#1733);
#1732 = CARTESIAN_POINT('',(131.5,46.,3.));
#1733 = VECTOR('',#1734,1.);
#1734 = DIRECTION('',(-0.,1.,0.));
#1735 = ORIENTED_EDGE('',*,*,#1736,.F.);
#1736 = EDGE_CURVE('',#1737,#1729,#1739,.T.);
#1737 = VERTEX_POINT('',#1738);
#1738 = CARTESIAN_POINT('',(147.5,54.5,3.));
#1739 = LINE('',#1740,#1741);
#1740 = CARTESIAN_POINT('',(126.5,54.5,3.));
#1741 = VECTOR('',#1742,1.);
#1742 = DIRECTION('',(-1.,-0.,0.));
#1743 = ORIENTED_EDGE('',*,*,#1744,.F.);
#1744 = EDGE_CURVE('',#1719,#1737,#1745,.T.);
#1745 = LINE('',#1746,#1747);
#1746 = CARTESIAN_POINT('',(147.5,46.,3.));
#1747 = VECTOR('',#1748,1.);
#1748 = DIRECTION('',(-0.,1.,0.));
#1749 = FACE_BOUND('',#1750,.T.);
#1750 = EDGE_LOOP('',(#1751,#1761,#1769,#1777));
#1751 = ORIENTED_EDGE('',*,*,#1752,.T.);
#1752 = EDGE_CURVE('',#1753,#1755,#1757,.T.);
#1753 = VERTEX_POINT('',#1754);
#1754 = CARTESIAN_POINT('',(200.5,59.5,3.));
#1755 = VERTEX_POINT('',#1756);
#1756 = CARTESIAN_POINT('',(152.5,59.5,3.));
#1757 = LINE('',#1758,#1759);
#1758 = CARTESIAN_POINT('',(137.,59.5,3.));
#1759 = VECTOR('',#1760,1.);
#1760 = DIRECTION('',(-1.,-0.,0.));
#1761 = ORIENTED_EDGE('',*,*,#1762,.T.);
#1762 = EDGE_CURVE('',#1755,#1763,#1765,.T.);
#1763 = VERTEX_POINT('',#1764);
#1764 = CARTESIAN_POINT('',(152.5,75.5,3.));
#1765 = LINE('',#1766,#1767);
#1766 = CARTESIAN_POINT('',(152.5,72.5,3.));
#1767 = VECTOR('',#1768,1.);
#1768 = DIRECTION('',(-0.,1.,0.));
#1769 = ORIENTED_EDGE('',*,*,#1770,.F.);
#1770 = EDGE_CURVE('',#1771,#1763,#1773,.T.);
#1771 = VERTEX_POINT('',#1772);
#1772 = CARTESIAN_POINT('',(200.5,75.5,3.));
#1773 = LINE('',#1774,#1775);
#1774 = CARTESIAN_POINT('',(137.,75.5,3.));
#1775 = VECTOR('',#1776,1.);
#1776 = DIRECTION('',(-1.,-0.,0.));
#1777 = ORIENTED_EDGE('',*,*,#1778,.F.);
#1778 = EDGE_CURVE('',#1753,#1771,#1779,.T.);
#1779 = LINE('',#1780,#1781);
#1780 = CARTESIAN_POINT('',(200.5,72.5,3.));
#1781 = VECTOR('',#1782,1.);
#1782 = DIRECTION('',(-0.,1.,0.));
#1783 = PLANE('',#1784);
#1784 = AXIS2_PLACEMENT_3D('',#1785,#1786,#1787);
#1785 = CARTESIAN_POINT('',(121.5,85.5,3.));
#1786 = DIRECTION('',(0.,0.,1.));
#1787 = DIRECTION('',(1.,0.,-0.));
#1788 = ADVANCED_FACE('',(#1789,#1950,#1953,#1956,#2181,#2184,#2187),
  #2190,.F.);
#1789 = FACE_BOUND('',#1790,.F.);
#1790 = EDGE_LOOP('',(#1791,#1792,#1793,#1812,#1873,#1874,#1930,#1947,
    #1948,#1949));
#1791 = ORIENTED_EDGE('',*,*,#933,.F.);
#1792 = ORIENTED_EDGE('',*,*,#1635,.T.);
#1793 = ORIENTED_EDGE('',*,*,#1794,.F.);
#1794 = EDGE_CURVE('',#1795,#1636,#1797,.T.);
#1795 = VERTEX_POINT('',#1796);
#1796 = CARTESIAN_POINT('',(138.43657238534,-3.910024694304,7.));
#1797 = B_SPLINE_CURVE_WITH_KNOTS('',7,(#1798,#1799,#1800,#1801,#1802,
    #1803,#1804,#1805,#1806,#1807,#1808,#1809,#1810,#1811),
  .UNSPECIFIED.,.F.,.F.,(8,6,8),(0.,0.749920066972,1.),.UNSPECIFIED.);
#1798 = CARTESIAN_POINT('',(138.43657238534,-3.910024694304,7.));
#1799 = CARTESIAN_POINT('',(138.43657238534,-3.910024694304,
    6.51770659022));
#1800 = CARTESIAN_POINT('',(138.49526432677,-3.89890684107,
    6.036196376122));
#1801 = CARTESIAN_POINT('',(138.61230301641,-3.876737083306,
    5.559161869231));
#1802 = CARTESIAN_POINT('',(138.78945121632,-3.842928267304,
    5.090681080467));
#1803 = CARTESIAN_POINT('',(139.02992409154,-3.796380207531,
    4.636683021774));
#1804 = CARTESIAN_POINT('',(139.33794826973,-3.735405959896,
    4.205787945521));
#1805 = CARTESIAN_POINT('',(139.84407333148,-3.631990120633,
    3.680444026784));
#1806 = CARTESIAN_POINT('',(139.97867659591,-3.604268382559,
    3.553092875406));
#1807 = CARTESIAN_POINT('',(140.12138499809,-3.574622138509,
    3.430385086603));
#1808 = CARTESIAN_POINT('',(140.27224113824,-3.542986636326,
    3.312981781283));
#1809 = CARTESIAN_POINT('',(140.43124895302,-3.509299793547,
    3.201594408853));
#1810 = CARTESIAN_POINT('',(140.59836604651,-3.473504625186,
    3.096990496757));
#1811 = CARTESIAN_POINT('',(140.77349602126,-3.435551671524,2.9999994));
#1812 = ORIENTED_EDGE('',*,*,#1813,.F.);
#1813 = EDGE_CURVE('',#1661,#1795,#1814,.T.);
#1814 = B_SPLINE_CURVE_WITH_KNOTS('',8,(#1815,#1816,#1817,#1818,#1819,
    #1820,#1821,#1822,#1823,#1824,#1825,#1826,#1827,#1828,#1829,#1830,
    #1831,#1832,#1833,#1834,#1835,#1836,#1837,#1838,#1839,#1840,#1841,
    #1842,#1843,#1844,#1845,#1846,#1847,#1848,#1849,#1850,#1851,#1852,
    #1853,#1854,#1855,#1856,#1857,#1858,#1859,#1860,#1861,#1862,#1863,
    #1864,#1865,#1866,#1867,#1868,#1869,#1870,#1871,#1872),
  .UNSPECIFIED.,.F.,.F.,(9,7,7,7,7,7,7,7,9),(0.,6.742508878153E-02,
    0.118853632108,0.159316093638,0.267291855139,0.51843767784,
    0.712496662793,0.845631358019,1.),.UNSPECIFIED.);
#1815 = CARTESIAN_POINT('',(144.98350661254,-2.417716742297,2.9999994));
#1816 = CARTESIAN_POINT('',(145.13499157913,-2.377253928355,
    3.084866609662));
#1817 = CARTESIAN_POINT('',(145.28039132032,-2.338096900572,
    3.175443430829));
#1818 = CARTESIAN_POINT('',(145.41966636351,-2.300300680364,
    3.271211516622));
#1819 = CARTESIAN_POINT('',(145.55280297362,-2.263911301481,
    3.371683433943));
#1820 = CARTESIAN_POINT('',(145.67981017899,-2.228966313918,
    3.476400507404));
#1821 = CARTESIAN_POINT('',(145.80071679719,-2.195495287827,
    3.584930663251));
#1822 = CARTESIAN_POINT('',(145.91556846088,-2.163520317421,
    3.696866273286));
#1823 = CARTESIAN_POINT('',(146.10745478895,-2.109820241451,
    3.899504575374));
#1824 = CARTESIAN_POINT('',(146.18702602226,-2.087454998208,
    3.988974894193));
#1825 = CARTESIAN_POINT('',(146.26318468441,-2.065961858911,
    4.080090038165));
#1826 = CARTESIAN_POINT('',(146.33597691347,-2.045340852542,
    4.172716922119));
#1827 = CARTESIAN_POINT('',(146.40544860635,-2.025591033366,
    4.266732253022));
#1828 = CARTESIAN_POINT('',(146.47164538035,-2.006710540987,
    4.362022490188));
#1829 = CARTESIAN_POINT('',(146.53461253461,-1.988696660401,
    4.458483805495));
#1830 = CARTESIAN_POINT('',(146.64143010203,-1.958052155332,
    4.632762253445));
#1831 = CARTESIAN_POINT('',(146.68649389885,-1.945092699154,
    4.710169161504));
#1832 = CARTESIAN_POINT('',(146.7296082537,-1.932665779779,
    4.788197345849));
#1833 = CARTESIAN_POINT('',(146.77079404034,-1.920769635537,
    4.866803809632));
#1834 = CARTESIAN_POINT('',(146.81007115474,-1.909402476824,
    4.945947981088));
#1835 = CARTESIAN_POINT('',(146.84745851511,-1.898562486104,
    5.025591713532));
#1836 = CARTESIAN_POINT('',(146.88297406187,-1.88824781791,
    5.105699285359));
#1837 = CARTESIAN_POINT('',(147.0064597244,-1.852328323513,
    5.401156708825));
#1838 = CARTESIAN_POINT('',(147.08308385596,-1.829925581512,
    5.619159899558));
#1839 = CARTESIAN_POINT('',(147.14681507774,-1.811217106565,
    5.839590110722));
#1840 = CARTESIAN_POINT('',(147.19790829111,-1.796173677381,
    6.061880308744));
#1841 = CARTESIAN_POINT('',(147.23656128682,-1.784770325127,
    6.285532965304));
#1842 = CARTESIAN_POINT('',(147.26291065844,-1.776988540905,
    6.510099734642));
#1843 = CARTESIAN_POINT('',(147.27702771583,-1.772818483234,
    6.735161130858));
#1844 = CARTESIAN_POINT('',(147.28330272109,-1.770964940982,
    7.483981557341));
#1845 = CARTESIAN_POINT('',(147.22150960188,-1.789217566512,
    8.00643392377));
#1846 = CARTESIAN_POINT('',(147.09431869383,-1.826800935185,
    8.523817398927));
#1847 = CARTESIAN_POINT('',(146.89951488638,-1.884082363098,
    9.031695032031));
#1848 = CARTESIAN_POINT('',(146.63292442307,-1.961705421537,
    9.523292399813));
#1849 = CARTESIAN_POINT('',(146.28910369678,-2.060290535531,
    9.988421801884));
#1850 = CARTESIAN_POINT('',(145.86223049373,-2.179901158381,
    10.412086826674));
#1851 = CARTESIAN_POINT('',(144.9516082141,-2.427192854559,
    11.048306231311));
#1852 = CARTESIAN_POINT('',(144.48713966652,-2.551124086566,
    11.297929026821));
#1853 = CARTESIAN_POINT('',(143.96612195708,-2.686909233363,
    11.489816259651));
#1854 = CARTESIAN_POINT('',(143.4057304134,-2.828632688842,
    11.603713370017));
#1855 = CARTESIAN_POINT('',(142.82833230809,-2.969549535977,
    11.629031051869));
#1856 = CARTESIAN_POINT('',(142.25789863715,-3.10389104733,
    11.565070321776));
#1857 = CARTESIAN_POINT('',(141.7172025582,-3.227218843003,
    11.421262333521));
#1858 = CARTESIAN_POINT('',(140.8866111103,-3.411636819967,
    11.077569608122));
#1859 = CARTESIAN_POINT('',(140.57228595351,-3.479884981634,
    10.909884281587));
#1860 = CARTESIAN_POINT('',(140.28246747926,-3.541533644014,
    10.719056748227));
#1861 = CARTESIAN_POINT('',(140.01747868437,-3.596873623613,
    10.509152198144));
#1862 = CARTESIAN_POINT('',(139.77725252152,-3.646240037784,
    10.283719245802));
#1863 = CARTESIAN_POINT('',(139.5614476043,-3.689975662862,
    10.045874484704));
#1864 = CARTESIAN_POINT('',(139.36952743018,-3.728412385159,
    9.79835837865));
#1865 = CARTESIAN_POINT('',(139.00516859956,-3.800665452146,
    9.248128641095));
#1866 = CARTESIAN_POINT('',(138.83999805035,-3.832909736835,
    8.941818736095));
#1867 = CARTESIAN_POINT('',(138.70413754835,-3.859111183537,
    8.62749824247));
#1868 = CARTESIAN_POINT('',(138.5965643144,-3.879672028862,
    8.307383457857));
#1869 = CARTESIAN_POINT('',(138.51644976055,-3.894893755013,
    7.983221160155));
#1870 = CARTESIAN_POINT('',(138.46321408046,-3.904978129985,
    7.656445156884));
#1871 = CARTESIAN_POINT('',(138.43657238534,-3.910024694304,
    7.328309733406));
#1872 = CARTESIAN_POINT('',(138.43657238534,-3.910024694304,7.));
#1873 = ORIENTED_EDGE('',*,*,#1668,.T.);
#1874 = ORIENTED_EDGE('',*,*,#1875,.F.);
#1875 = EDGE_CURVE('',#1876,#1669,#1878,.T.);
#1876 = VERTEX_POINT('',#1877);
#1877 = CARTESIAN_POINT('',(210.9100246943,68.563427614655,7.));
#1878 = B_SPLINE_CURVE_WITH_KNOTS('',8,(#1879,#1880,#1881,#1882,#1883,
    #1884,#1885,#1886,#1887,#1888,#1889,#1890,#1891,#1892,#1893,#1894,
    #1895,#1896,#1897,#1898,#1899,#1900,#1901,#1902,#1903,#1904,#1905,
    #1906,#1907,#1908,#1909,#1910,#1911,#1912,#1913,#1914,#1915,#1916,
    #1917,#1918,#1919,#1920,#1921,#1922,#1923,#1924,#1925,#1926,#1927,
    #1928,#1929),.UNSPECIFIED.,.F.,.F.,(9,7,7,7,7,7,7,9),(0.,
    0.249774818388,0.444619697846,0.631676682325,0.84274384359,
    0.882683130923,0.933446710087,1.),.UNSPECIFIED.);
#1879 = CARTESIAN_POINT('',(210.9100246943,68.563427614655,7.));
#1880 = CARTESIAN_POINT('',(210.9100246943,68.563427614655,
    7.518689722496));
#1881 = CARTESIAN_POINT('',(210.89742804316,68.496927834583,
    8.035909204693));
#1882 = CARTESIAN_POINT('',(210.87235985551,68.364594141853,
    8.547916680252));
#1883 = CARTESIAN_POINT('',(210.83413116465,68.16428305532,9.05033780451
    ));
#1884 = CARTESIAN_POINT('',(210.78142748017,67.892064751221,
    9.536508601036));
#1885 = CARTESIAN_POINT('',(210.71235519863,67.542948545373,
    9.996442430364));
#1886 = CARTESIAN_POINT('',(210.62438101407,67.111886738632,
    10.415485757128));
#1887 = CARTESIAN_POINT('',(210.42940907962,66.193799652507,
    11.04830622992));
#1888 = CARTESIAN_POINT('',(210.32747000003,65.724014149813,
    11.297929031227));
#1889 = CARTESIAN_POINT('',(210.21024234239,65.198509919433,
    11.489816253674));
#1890 = CARTESIAN_POINT('',(210.08031000561,64.635267628862,
    11.603713373173));
#1891 = CARTESIAN_POINT('',(209.94189108566,64.057265674721,
    11.62903105302));
#1892 = CARTESIAN_POINT('',(209.80080457694,63.488462670312,
    11.565070319427));
#1893 = CARTESIAN_POINT('',(209.66350577254,62.95114431305,
    11.421262334523));
#1894 = CARTESIAN_POINT('',(209.41311758242,61.994288978277,
    11.021720764393));
#1895 = CARTESIAN_POINT('',(209.3000803409,61.573962620872,
    10.771967631459));
#1896 = CARTESIAN_POINT('',(209.19801820176,61.203076518022,
    10.4813052064));
#1897 = CARTESIAN_POINT('',(209.10767944688,60.880770789508,
    10.159901483025));
#1898 = CARTESIAN_POINT('',(209.02935668998,60.60530844845,
    9.815805104174));
#1899 = CARTESIAN_POINT('',(208.96303432482,60.374599006468,
    9.455368355935));
#1900 = CARTESIAN_POINT('',(208.90852074326,60.186484498682,
    9.083491633679));
#1901 = CARTESIAN_POINT('',(208.817106102,59.87280769523,8.27568574167)
  );
#1902 = CARTESIAN_POINT('',(208.78321845308,59.757873498601,
    7.836375400241));
#1903 = CARTESIAN_POINT('',(208.76364409063,59.691947917743,
    7.390760884583));
#1904 = CARTESIAN_POINT('',(208.75819589137,59.673662518019,
    6.942357861374));
#1905 = CARTESIAN_POINT('',(208.7668150858,59.702620015396,6.49423890156
    ));
#1906 = CARTESIAN_POINT('',(208.78958609259,59.7793853588,6.049520901129
    ));
#1907 = CARTESIAN_POINT('',(208.82671294108,59.905478555276,
    5.611857193889));
#1908 = CARTESIAN_POINT('',(208.88824781791,60.117025938122,
    5.105699285359));
#1909 = CARTESIAN_POINT('',(208.8985624861,60.152541484882,
    5.025591713532));
#1910 = CARTESIAN_POINT('',(208.90940247682,60.189928845253,
    4.945947981088));
#1911 = CARTESIAN_POINT('',(208.92076963553,60.229205959659,
    4.866803809632));
#1912 = CARTESIAN_POINT('',(208.93266577977,60.270391746297,
    4.788197345849));
#1913 = CARTESIAN_POINT('',(208.94509269915,60.313506101146,
    4.710169161504));
#1914 = CARTESIAN_POINT('',(208.95805215533,60.358569897962,
    4.632762253445));
#1915 = CARTESIAN_POINT('',(208.9886966604,60.46538746539,4.458483805495
    ));
#1916 = CARTESIAN_POINT('',(209.00671054098,60.52835461965,
    4.362022490188));
#1917 = CARTESIAN_POINT('',(209.02559103336,60.594551393641,
    4.266732253022));
#1918 = CARTESIAN_POINT('',(209.04534085254,60.664023086527,
    4.172716922119));
#1919 = CARTESIAN_POINT('',(209.06596185891,60.736815315586,
    4.080090038165));
#1920 = CARTESIAN_POINT('',(209.0874549982,60.812973977732,
    3.988974894194));
#1921 = CARTESIAN_POINT('',(209.10982024145,60.892545211044,
    3.899504575374));
#1922 = CARTESIAN_POINT('',(209.16352031672,61.084431536625,
    3.696866275913));
#1923 = CARTESIAN_POINT('',(209.19549528834,61.199283204729,
    3.584930662069));
#1924 = CARTESIAN_POINT('',(209.22896631468,61.320189823788,
    3.476400504938));
#1925 = CARTESIAN_POINT('',(209.26391130139,61.447197025989,
    3.371683433644));
#1926 = CARTESIAN_POINT('',(209.30030067949,61.58033363328,
    3.271211518763));
#1927 = CARTESIAN_POINT('',(209.33809690014,61.719608678123,
    3.175443432315));
#1928 = CARTESIAN_POINT('',(209.37725392926,61.865008424258,
    3.084866607761));
#1929 = CARTESIAN_POINT('',(209.41771674229,62.016493387458,2.9999994));
#1930 = ORIENTED_EDGE('',*,*,#1931,.F.);
#1931 = EDGE_CURVE('',#1694,#1876,#1932,.T.);
#1932 = B_SPLINE_CURVE_WITH_KNOTS('',7,(#1933,#1934,#1935,#1936,#1937,
    #1938,#1939,#1940,#1941,#1942,#1943,#1944,#1945,#1946),
  .UNSPECIFIED.,.F.,.F.,(8,6,8),(0.,0.250079935398,1.),.UNSPECIFIED.);
#1933 = CARTESIAN_POINT('',(210.43555167152,66.226503978734,2.9999994));
#1934 = CARTESIAN_POINT('',(210.47350462518,66.401633953481,
    3.096990496757));
#1935 = CARTESIAN_POINT('',(210.50929979354,66.568751046974,
    3.201594408853));
#1936 = CARTESIAN_POINT('',(210.54298663632,66.727758861755,
    3.312981781283));
#1937 = CARTESIAN_POINT('',(210.5746221385,66.878615001908,
    3.430385086603));
#1938 = CARTESIAN_POINT('',(210.60426838255,67.021323404082,
    3.553092875406));
#1939 = CARTESIAN_POINT('',(210.63199012063,67.155926668517,
    3.680444026784));
#1940 = CARTESIAN_POINT('',(210.73540595891,67.662051725473,
    4.205787940542));
#1941 = CARTESIAN_POINT('',(210.79638021049,67.970075923019,
    4.636683042468));
#1942 = CARTESIAN_POINT('',(210.84292826324,68.21054876362,
    5.090681041698));
#1943 = CARTESIAN_POINT('',(210.87673708616,68.387696997746,
    5.559161909031));
#1944 = CARTESIAN_POINT('',(210.89890684019,68.504735668873,
    6.036196353614));
#1945 = CARTESIAN_POINT('',(210.9100246943,68.563427614655,
    6.517706596079));
#1946 = CARTESIAN_POINT('',(210.9100246943,68.563427614655,7.));
#1947 = ORIENTED_EDGE('',*,*,#1701,.T.);
#1948 = ORIENTED_EDGE('',*,*,#814,.T.);
#1949 = ORIENTED_EDGE('',*,*,#982,.F.);
#1950 = FACE_BOUND('',#1951,.F.);
#1951 = EDGE_LOOP('',(#1952));
#1952 = ORIENTED_EDGE('',*,*,#1056,.F.);
#1953 = FACE_BOUND('',#1954,.F.);
#1954 = EDGE_LOOP('',(#1955));
#1955 = ORIENTED_EDGE('',*,*,#1127,.F.);
#1956 = FACE_BOUND('',#1957,.F.);
#1957 = EDGE_LOOP('',(#1958,#1969,#1978,#1987,#2050,#2113,#2122));
#1958 = ORIENTED_EDGE('',*,*,#1959,.F.);
#1959 = EDGE_CURVE('',#1960,#1962,#1964,.T.);
#1960 = VERTEX_POINT('',#1961);
#1961 = CARTESIAN_POINT('',(189.36684601145,24.877469432084,
    12.979268947182));
#1962 = VERTEX_POINT('',#1963);
#1963 = CARTESIAN_POINT('',(188.02690249137,23.40997467465,
    16.56673811615));
#1964 = ELLIPSE('',#1965,910.,91.);
#1965 = AXIS2_PLACEMENT_3D('',#1966,#1967,#1968);
#1966 = CARTESIAN_POINT('',(121.5,85.5,-875.5844118858));
#1967 = DIRECTION('',(0.600846695681,-0.793084641315,-0.1));
#1968 = DIRECTION('',(6.038736503325E-02,-7.970800552228E-02,
    0.994987437107));
#1969 = ORIENTED_EDGE('',*,*,#1970,.F.);
#1970 = EDGE_CURVE('',#1971,#1960,#1973,.T.);
#1971 = VERTEX_POINT('',#1972);
#1972 = CARTESIAN_POINT('',(161.48983106538,3.757640042863,
    12.979268947182));
#1973 = ELLIPSE('',#1974,91.458441188588,91.);
#1974 = AXIS2_PLACEMENT_3D('',#1975,#1976,#1977);
#1975 = CARTESIAN_POINT('',(121.5,85.5,21.954659662667));
#1976 = DIRECTION('',(6.038736503325E-02,-7.970800552228E-02,
    0.994987437107));
#1977 = DIRECTION('',(-0.600846695681,0.793084641315,0.1));
#1978 = ORIENTED_EDGE('',*,*,#1979,.F.);
#1979 = EDGE_CURVE('',#1980,#1971,#1982,.T.);
#1980 = VERTEX_POINT('',#1981);
#1981 = CARTESIAN_POINT('',(163.26523296849,4.650353648965,
    16.56673811615));
#1982 = ELLIPSE('',#1983,910.,91.);
#1983 = AXIS2_PLACEMENT_3D('',#1984,#1985,#1986);
#1984 = CARTESIAN_POINT('',(121.5,85.5,-875.5844118858));
#1985 = DIRECTION('',(0.600846695681,-0.793084641315,-0.1));
#1986 = DIRECTION('',(6.038736503325E-02,-7.970800552228E-02,
    0.994987437107));
#1987 = ORIENTED_EDGE('',*,*,#1988,.F.);
#1988 = EDGE_CURVE('',#1989,#1980,#1991,.T.);
#1989 = VERTEX_POINT('',#1990);
#1990 = CARTESIAN_POINT('',(157.84004868855,2.070983097523,
    22.111003018106));
#1991 = B_SPLINE_CURVE_WITH_KNOTS('',8,(#1992,#1993,#1994,#1995,#1996,
    #1997,#1998,#1999,#2000,#2001,#2002,#2003,#2004,#2005,#2006,#2007,
    #2008,#2009,#2010,#2011,#2012,#2013,#2014,#2015,#2016,#2017,#2018,
    #2019,#2020,#2021,#2022,#2023,#2024,#2025,#2026,#2027,#2028,#2029,
    #2030,#2031,#2032,#2033,#2034,#2035,#2036,#2037,#2038,#2039,#2040,
    #2041,#2042,#2043,#2044,#2045,#2046,#2047,#2048,#2049),
  .UNSPECIFIED.,.T.,.F.,(9,7,7,7,7,7,7,7,9),(0.,0.144775430056,
    0.265423616365,0.382063578605,0.505272032979,0.628784634981,
    0.731784333188,0.839998261873,1.),.UNSPECIFIED.);
#1992 = CARTESIAN_POINT('',(157.84004868855,2.070983097523,
    22.111003018106));
#1993 = CARTESIAN_POINT('',(157.84004868855,2.070983097523,
    21.574971449747));
#1994 = CARTESIAN_POINT('',(157.89668373497,2.09565232437,
    21.040379546687));
#1995 = CARTESIAN_POINT('',(158.00887966008,2.144522272755,
    20.510946081997));
#1996 = CARTESIAN_POINT('',(158.17676395834,2.217906068688,
    19.99041691721));
#1997 = CARTESIAN_POINT('',(158.40134143856,2.316728036522,
    19.483337086518));
#1998 = CARTESIAN_POINT('',(158.68424019123,2.442465381248,
    18.995582779054));
#1999 = CARTESIAN_POINT('',(159.02735563622,2.597069022443,
    18.535071574728));
#2000 = CARTESIAN_POINT('',(159.76961331072,2.937451169053,
    17.761394903797));
#2001 = CARTESIAN_POINT('',(160.1582908811,3.11759333519,17.427706038621
    ));
#2002 = CARTESIAN_POINT('',(160.5961503674,3.323219051556,
    17.127873023989));
#2003 = CARTESIAN_POINT('',(161.07813034322,3.553203457991,
    16.876063590253));
#2004 = CARTESIAN_POINT('',(161.59663180986,3.805244198644,
    16.684657879785));
#2005 = CARTESIAN_POINT('',(162.14213598611,4.075842243988,
    16.564110309783));
#2006 = CARTESIAN_POINT('',(162.70375235731,4.360267462201,
    16.522819112891));
#2007 = CARTESIAN_POINT('',(163.81631554312,4.935067467917,
    16.609839717814));
#2008 = CARTESIAN_POINT('',(164.34017676591,5.211074029127,
    16.730464611318));
#2009 = CARTESIAN_POINT('',(164.8319476002,5.47514295079,16.921082043271
    ));
#2010 = CARTESIAN_POINT('',(165.28445617762,5.722381945236,
    17.172477031289));
#2011 = CARTESIAN_POINT('',(165.69232829718,5.948581303649,
    17.474060953774));
#2012 = CARTESIAN_POINT('',(166.05211019225,6.150551369969,
    17.813958849788));
#2013 = CARTESIAN_POINT('',(166.36248647963,6.326467042294,
    18.179132309643));
#2014 = CARTESIAN_POINT('',(166.90120410009,6.634087085607,
    18.953002038217));
#2015 = CARTESIAN_POINT('',(167.13058562937,6.766537891565,
    19.372535968386));
#2016 = CARTESIAN_POINT('',(167.31541235703,6.874147500766,
    19.807320170348));
#2017 = CARTESIAN_POINT('',(167.45819776234,6.957761410797,
    20.252464094237));
#2018 = CARTESIAN_POINT('',(167.56097567602,7.01816499467,
    20.704318451601));
#2019 = CARTESIAN_POINT('',(167.6251858589,7.055961860891,
    21.160090448206));
#2020 = CARTESIAN_POINT('',(167.65158181854,7.071486862308,
    21.617533029812));
#2021 = CARTESIAN_POINT('',(167.62859692473,7.057965834795,
    22.532688220014));
#2022 = CARTESIAN_POINT('',(167.57904784877,7.028820865334,
    22.98964236946));
#2023 = CARTESIAN_POINT('',(167.49162064193,6.977426313947,
    23.44314776775));
#2024 = CARTESIAN_POINT('',(167.36573534376,6.90361033126,
    23.890811694681));
#2025 = CARTESIAN_POINT('',(167.20020419088,6.806979644766,
    24.329742609987));
#2026 = CARTESIAN_POINT('',(166.99332910843,6.687006724519,
    24.756268878168));
#2027 = CARTESIAN_POINT('',(166.74302472347,6.543147246552,
    25.165589276214));
#2028 = CARTESIAN_POINT('',(166.20019651711,6.23479313725,
    25.872770581137));
#2029 = CARTESIAN_POINT('',(165.91911499085,6.076288495471,
    26.181075820232));
#2030 = CARTESIAN_POINT('',(165.60334761083,5.899801435941,
    26.469174104407));
#2031 = CARTESIAN_POINT('',(165.25334677688,5.706257925714,
    26.730165879156));
#2032 = CARTESIAN_POINT('',(164.87041635078,5.497144255635,
    26.957227065546));
#2033 = CARTESIAN_POINT('',(164.45674825458,5.274458598944,
    27.143605064303));
#2034 = CARTESIAN_POINT('',(164.01553583452,5.040672362409,
    27.282578366739));
#2035 = CARTESIAN_POINT('',(163.06328390498,4.544480817673,
    27.456474143027));
#2036 = CARTESIAN_POINT('',(162.56149178831,4.287297815448,
    27.483644096261));
#2037 = CARTESIAN_POINT('',(162.05691991745,4.033322951642,
    27.445324812021));
#2038 = CARTESIAN_POINT('',(161.56140066555,3.788565377452,
    27.342097673511));
#2039 = CARTESIAN_POINT('',(161.08663224512,3.558296186276,
    27.178496201226));
#2040 = CARTESIAN_POINT('',(160.64313582849,3.346692171613,
    26.962794433289));
#2041 = CARTESIAN_POINT('',(160.23926268334,3.156657352158,
    26.706824590133));
#2042 = CARTESIAN_POINT('',(159.35006937973,2.743039592818,
    26.010461445441));
#2043 = CARTESIAN_POINT('',(158.90371474964,2.540153592235,
    25.529034326757));
#2044 = CARTESIAN_POINT('',(158.54000145315,2.377761955976,
    25.003245545047));
#2045 = CARTESIAN_POINT('',(158.25539928275,2.252273468671,
    24.447936034231));
#2046 = CARTESIAN_POINT('',(158.04601862249,2.160700082681,
    23.873935803736));
#2047 = CARTESIAN_POINT('',(157.90840302483,2.100756806925,
    23.289251464663));
#2048 = CARTESIAN_POINT('',(157.84004868855,2.070983097523,
    22.699886424332));
#2049 = CARTESIAN_POINT('',(157.84004868855,2.070983097523,
    22.111003018106));
#2050 = ORIENTED_EDGE('',*,*,#2051,.F.);
#2051 = EDGE_CURVE('',#2052,#1989,#2054,.T.);
#2052 = VERTEX_POINT('',#2053);
#2053 = CARTESIAN_POINT('',(167.45210005275,6.954443150859,
    23.450010682796));
#2054 = B_SPLINE_CURVE_WITH_KNOTS('',8,(#2055,#2056,#2057,#2058,#2059,
    #2060,#2061,#2062,#2063,#2064,#2065,#2066,#2067,#2068,#2069,#2070,
    #2071,#2072,#2073,#2074,#2075,#2076,#2077,#2078,#2079,#2080,#2081,
    #2082,#2083,#2084,#2085,#2086,#2087,#2088,#2089,#2090,#2091,#2092,
    #2093,#2094,#2095,#2096,#2097,#2098,#2099,#2100,#2101,#2102,#2103,
    #2104,#2105,#2106,#2107,#2108,#2109,#2110,#2111,#2112),
  .UNSPECIFIED.,.T.,.F.,(9,7,7,7,7,7,7,7,9),(0.,0.144775430056,
    0.265423616365,0.382063578605,0.505272032979,0.628784634981,
    0.731784333188,0.839998261873,1.),.UNSPECIFIED.);
#2055 = CARTESIAN_POINT('',(157.84004868855,2.070983097523,
    22.111003018106));
#2056 = CARTESIAN_POINT('',(157.84004868855,2.070983097523,
    21.574971449747));
#2057 = CARTESIAN_POINT('',(157.89668373497,2.09565232437,
    21.040379546687));
#2058 = CARTESIAN_POINT('',(158.00887966008,2.144522272755,
    20.510946081997));
#2059 = CARTESIAN_POINT('',(158.17676395834,2.217906068688,
    19.99041691721));
#2060 = CARTESIAN_POINT('',(158.40134143856,2.316728036522,
    19.483337086518));
#2061 = CARTESIAN_POINT('',(158.68424019123,2.442465381248,
    18.995582779054));
#2062 = CARTESIAN_POINT('',(159.02735563622,2.597069022443,
    18.535071574728));
#2063 = CARTESIAN_POINT('',(159.76961331072,2.937451169053,
    17.761394903797));
#2064 = CARTESIAN_POINT('',(160.1582908811,3.11759333519,17.427706038621
    ));
#2065 = CARTESIAN_POINT('',(160.5961503674,3.323219051556,
    17.127873023989));
#2066 = CARTESIAN_POINT('',(161.07813034322,3.553203457991,
    16.876063590253));
#2067 = CARTESIAN_POINT('',(161.59663180986,3.805244198644,
    16.684657879785));
#2068 = CARTESIAN_POINT('',(162.14213598611,4.075842243988,
    16.564110309783));
#2069 = CARTESIAN_POINT('',(162.70375235731,4.360267462201,
    16.522819112891));
#2070 = CARTESIAN_POINT('',(163.81631554312,4.935067467917,
    16.609839717814));
#2071 = CARTESIAN_POINT('',(164.34017676591,5.211074029127,
    16.730464611318));
#2072 = CARTESIAN_POINT('',(164.8319476002,5.47514295079,16.921082043271
    ));
#2073 = CARTESIAN_POINT('',(165.28445617762,5.722381945236,
    17.172477031289));
#2074 = CARTESIAN_POINT('',(165.69232829718,5.948581303649,
    17.474060953774));
#2075 = CARTESIAN_POINT('',(166.05211019225,6.150551369969,
    17.813958849788));
#2076 = CARTESIAN_POINT('',(166.36248647963,6.326467042294,
    18.179132309643));
#2077 = CARTESIAN_POINT('',(166.90120410009,6.634087085607,
    18.953002038217));
#2078 = CARTESIAN_POINT('',(167.13058562937,6.766537891565,
    19.372535968386));
#2079 = CARTESIAN_POINT('',(167.31541235703,6.874147500766,
    19.807320170348));
#2080 = CARTESIAN_POINT('',(167.45819776234,6.957761410797,
    20.252464094237));
#2081 = CARTESIAN_POINT('',(167.56097567602,7.01816499467,
    20.704318451601));
#2082 = CARTESIAN_POINT('',(167.6251858589,7.055961860891,
    21.160090448206));
#2083 = CARTESIAN_POINT('',(167.65158181854,7.071486862308,
    21.617533029812));
#2084 = CARTESIAN_POINT('',(167.62859692473,7.057965834795,
    22.532688220014));
#2085 = CARTESIAN_POINT('',(167.57904784877,7.028820865334,
    22.98964236946));
#2086 = CARTESIAN_POINT('',(167.49162064193,6.977426313947,
    23.44314776775));
#2087 = CARTESIAN_POINT('',(167.36573534376,6.90361033126,
    23.890811694681));
#2088 = CARTESIAN_POINT('',(167.20020419088,6.806979644766,
    24.329742609987));
#2089 = CARTESIAN_POINT('',(166.99332910843,6.687006724519,
    24.756268878168));
#2090 = CARTESIAN_POINT('',(166.74302472347,6.543147246552,
    25.165589276214));
#2091 = CARTESIAN_POINT('',(166.20019651711,6.23479313725,
    25.872770581137));
#2092 = CARTESIAN_POINT('',(165.91911499085,6.076288495471,
    26.181075820232));
#2093 = CARTESIAN_POINT('',(165.60334761083,5.899801435941,
    26.469174104407));
#2094 = CARTESIAN_POINT('',(165.25334677688,5.706257925714,
    26.730165879156));
#2095 = CARTESIAN_POINT('',(164.87041635078,5.497144255635,
    26.957227065546));
#2096 = CARTESIAN_POINT('',(164.45674825458,5.274458598944,
    27.143605064303));
#2097 = CARTESIAN_POINT('',(164.01553583452,5.040672362409,
    27.282578366739));
#2098 = CARTESIAN_POINT('',(163.06328390498,4.544480817673,
    27.456474143027));
#2099 = CARTESIAN_POINT('',(162.56149178831,4.287297815448,
    27.483644096261));
#2100 = CARTESIAN_POINT('',(162.05691991745,4.033322951642,
    27.445324812021));
#2101 = CARTESIAN_POINT('',(161.56140066555,3.788565377452,
    27.342097673511));
#2102 = CARTESIAN_POINT('',(161.08663224512,3.558296186276,
    27.178496201226));
#2103 = CARTESIAN_POINT('',(160.64313582849,3.346692171613,
    26.962794433289));
#2104 = CARTESIAN_POINT('',(160.23926268334,3.156657352158,
    26.706824590133));
#2105 = CARTESIAN_POINT('',(159.35006937973,2.743039592818,
    26.010461445441));
#2106 = CARTESIAN_POINT('',(158.90371474964,2.540153592235,
    25.529034326757));
#2107 = CARTESIAN_POINT('',(158.54000145315,2.377761955976,
    25.003245545047));
#2108 = CARTESIAN_POINT('',(158.25539928275,2.252273468671,
    24.447936034231));
#2109 = CARTESIAN_POINT('',(158.04601862249,2.160700082681,
    23.873935803736));
#2110 = CARTESIAN_POINT('',(157.90840302483,2.100756806925,
    23.289251464663));
#2111 = CARTESIAN_POINT('',(157.84004868855,2.070983097523,
    22.699886424332));
#2112 = CARTESIAN_POINT('',(157.84004868855,2.070983097523,
    22.111003018106));
#2113 = ORIENTED_EDGE('',*,*,#2114,.F.);
#2114 = EDGE_CURVE('',#2115,#2052,#2117,.T.);
#2115 = VERTEX_POINT('',#2116);
#2116 = CARTESIAN_POINT('',(184.67554885704,20.003053303141,
    23.450010682796));
#2117 = ELLIPSE('',#2118,910.,91.);
#2118 = AXIS2_PLACEMENT_3D('',#2119,#2120,#2121);
#2119 = CARTESIAN_POINT('',(121.5,85.5,-875.5844118858));
#2120 = DIRECTION('',(0.600846695681,-0.793084641315,-0.1));
#2121 = DIRECTION('',(6.038736503325E-02,-7.970800552228E-02,
    0.994987437107));
#2122 = ORIENTED_EDGE('',*,*,#2123,.F.);
#2123 = EDGE_CURVE('',#1962,#2115,#2124,.T.);
#2124 = B_SPLINE_CURVE_WITH_KNOTS('',7,(#2125,#2126,#2127,#2128,#2129,
    #2130,#2131,#2132,#2133,#2134,#2135,#2136,#2137,#2138,#2139,#2140,
    #2141,#2142,#2143,#2144,#2145,#2146,#2147,#2148,#2149,#2150,#2151,
    #2152,#2153,#2154,#2155,#2156,#2157,#2158,#2159,#2160,#2161,#2162,
    #2163,#2164,#2165,#2166,#2167,#2168,#2169,#2170,#2171,#2172,#2173,
    #2174,#2175,#2176,#2177,#2178,#2179,#2180),.UNSPECIFIED.,.T.,.F.,(8,
    6,6,6,6,6,6,6,6,8),(0.,0.117874322864,0.23451144676,0.355156697405,
    0.483884828296,0.613015021173,0.70892827223,0.795278053622,
    0.89032115623,1.),.UNSPECIFIED.);
#2125 = CARTESIAN_POINT('',(184.51682303174,19.850323572879,
    21.916242427014));
#2126 = CARTESIAN_POINT('',(184.51682303174,19.850323572879,
    21.416408794986));
#2127 = CARTESIAN_POINT('',(184.55553123713,19.887479423796,
    20.916817820821));
#2128 = CARTESIAN_POINT('',(184.63306027863,19.961899079376,
    20.420395297677));
#2129 = CARTESIAN_POINT('',(184.75041884365,20.07482758876,
    19.930510098516));
#2130 = CARTESIAN_POINT('',(184.90931733156,20.228462569066,
    19.451627812724));
#2131 = CARTESIAN_POINT('',(185.11185354911,20.425784684561,
    18.990133628298));
#2132 = CARTESIAN_POINT('',(185.6057162266,20.9122610499,18.125369699078
    ));
#2133 = CARTESIAN_POINT('',(185.90259080825,21.206834787769,
    17.710155239012));
#2134 = CARTESIAN_POINT('',(186.25074356721,21.555699402702,
    17.332404376985));
#2135 = CARTESIAN_POINT('',(186.64594036718,21.956892262421,
    17.012549683523));
#2136 = CARTESIAN_POINT('',(187.08032285703,22.405157868562,
    16.768635985726));
#2137 = CARTESIAN_POINT('',(187.54364974649,22.892242991681,
    16.615950480199));
#2138 = CARTESIAN_POINT('',(188.52020350047,23.938471178433,
    16.516498359736));
#2139 = CARTESIAN_POINT('',(189.00521270353,24.468033639951,
    16.579980958219));
#2140 = CARTESIAN_POINT('',(189.46424959811,24.979244777474,
    16.747464038334));
#2141 = CARTESIAN_POINT('',(189.88592561395,25.457687993931,
    17.004663138706));
#2142 = CARTESIAN_POINT('',(190.26198013171,25.891064109922,
    17.333222823691));
#2143 = CARTESIAN_POINT('',(190.58771114413,26.27105339017,
    17.711155703378));
#2144 = CARTESIAN_POINT('',(191.1552926199,26.939389711747,
    18.541909913996));
#2145 = CARTESIAN_POINT('',(191.39911740743,27.230555012665,
    19.011307950293));
#2146 = CARTESIAN_POINT('',(191.59661680351,27.468876638402,
    19.508552258582));
#2147 = CARTESIAN_POINT('',(191.75050639029,27.6559134657,
    20.025164798304));
#2148 = CARTESIAN_POINT('',(191.8627341563,27.792927129441,
    20.554971789344));
#2149 = CARTESIAN_POINT('',(191.93433008963,27.880493767723,
    21.093367125821));
#2150 = CARTESIAN_POINT('',(191.99582248119,27.955744152423,
    22.180740320077));
#2151 = CARTESIAN_POINT('',(191.98540882497,27.94304863664,
    22.728786120773));
#2152 = CARTESIAN_POINT('',(191.93376159453,27.879710796238,
    23.275761818684));
#2153 = CARTESIAN_POINT('',(191.83967797238,27.764491008063,
    23.816941682808));
#2154 = CARTESIAN_POINT('',(191.70099753583,27.595430585486,
    24.346405491767));
#2155 = CARTESIAN_POINT('',(191.51464871751,27.37009293802,
    24.856369324185));
#2156 = CARTESIAN_POINT('',(191.10038262891,26.875240790838,
    25.691061849446));
#2157 = CARTESIAN_POINT('',(190.89425302326,26.630524073195,
    26.032186472036));
#2158 = CARTESIAN_POINT('',(190.65755749931,26.35169591236,
    26.351054555312));
#2159 = CARTESIAN_POINT('',(190.39001344756,26.039549406502,
    26.639696915199));
#2160 = CARTESIAN_POINT('',(190.09206246591,25.695950027353,
    26.889825826078));
#2161 = CARTESIAN_POINT('',(189.7650566712,25.323891975739,
    27.092755271315));
#2162 = CARTESIAN_POINT('',(189.09342537172,24.570882455624,
    27.371094078234));
#2163 = CARTESIAN_POINT('',(188.7562783968,24.19728597989,
    27.456177541039));
#2164 = CARTESIAN_POINT('',(188.40721128936,23.815563031443,
    27.487120028532));
#2165 = CARTESIAN_POINT('',(188.0545472368,23.435326953704,
    27.461070154247));
#2166 = CARTESIAN_POINT('',(187.70716688924,23.065955135439,
    27.379635153718));
#2167 = CARTESIAN_POINT('',(187.3736703496,22.71574829806,
    27.248843113549));
#2168 = CARTESIAN_POINT('',(186.71776557524,22.034350784285,
    26.89229891846));
#2169 = CARTESIAN_POINT('',(186.39896167673,21.707696009997,
    26.657826379854));
#2170 = CARTESIAN_POINT('',(186.10723690788,21.412422157451,
    26.384860674881));
#2171 = CARTESIAN_POINT('',(185.84377970904,21.148503697134,
    26.081184274546));
#2172 = CARTESIAN_POINT('',(185.60903762133,20.915353264103,
    25.753573370923));
#2173 = CARTESIAN_POINT('',(185.40291182631,20.712037523404,
    25.407994600321));
#2174 = CARTESIAN_POINT('',(185.01934840375,20.335782528232,
    24.63617871647));
#2175 = CARTESIAN_POINT('',(184.85022973619,20.171374558111,
    24.203730739406));
#2176 = CARTESIAN_POINT('',(184.71631738272,20.042021543633,
    23.75814361811));
#2177 = CARTESIAN_POINT('',(184.61654442651,19.946046199259,
    23.303616016323));
#2178 = CARTESIAN_POINT('',(184.55014814785,19.882311991573,
    22.843342142355));
#2179 = CARTESIAN_POINT('',(184.51682303174,19.850323572879,
    22.380017632945));
#2180 = CARTESIAN_POINT('',(184.51682303174,19.850323572879,
    21.916242427014));
#2181 = FACE_BOUND('',#2182,.F.);
#2182 = EDGE_LOOP('',(#2183));
#2183 = ORIENTED_EDGE('',*,*,#1411,.F.);
#2184 = FACE_BOUND('',#2185,.F.);
#2185 = EDGE_LOOP('',(#2186));
#2186 = ORIENTED_EDGE('',*,*,#1476,.F.);
#2187 = FACE_BOUND('',#2188,.F.);
#2188 = EDGE_LOOP('',(#2189));
#2189 = ORIENTED_EDGE('',*,*,#1541,.F.);
#2190 = CYLINDRICAL_SURFACE('',#2191,91.);
#2191 = AXIS2_PLACEMENT_3D('',#2192,#2193,#2194);
#2192 = CARTESIAN_POINT('',(121.5,85.5,0.));
#2193 = DIRECTION('',(0.,0.,1.));
#2194 = DIRECTION('',(1.,0.,-0.));
#2195 = ADVANCED_FACE('',(#2196),#2215,.F.);
#2196 = FACE_BOUND('',#2197,.F.);
#2197 = EDGE_LOOP('',(#2198,#2206,#2207,#2208));
#2198 = ORIENTED_EDGE('',*,*,#2199,.F.);
#2199 = EDGE_CURVE('',#839,#2200,#2202,.T.);
#2200 = VERTEX_POINT('',#2201);
#2201 = CARTESIAN_POINT('',(121.5,62.5,0.));
#2202 = LINE('',#2203,#2204);
#2203 = CARTESIAN_POINT('',(121.5,-114.5,0.));
#2204 = VECTOR('',#2205,1.);
#2205 = DIRECTION('',(-6.123233995737E-17,1.,0.));
#2206 = ORIENTED_EDGE('',*,*,#848,.T.);
#2207 = ORIENTED_EDGE('',*,*,#1613,.F.);
#2208 = ORIENTED_EDGE('',*,*,#2209,.F.);
#2209 = EDGE_CURVE('',#2200,#1604,#2210,.T.);
#2210 = CIRCLE('',#2211,23.);
#2211 = AXIS2_PLACEMENT_3D('',#2212,#2213,#2214);
#2212 = CARTESIAN_POINT('',(121.5,85.5,0.));
#2213 = DIRECTION('',(0.,0.,1.));
#2214 = DIRECTION('',(1.,0.,-0.));
#2215 = PLANE('',#2216);
#2216 = AXIS2_PLACEMENT_3D('',#2217,#2218,#2219);
#2217 = CARTESIAN_POINT('',(121.5,85.5,0.));
#2218 = DIRECTION('',(0.,0.,1.));
#2219 = DIRECTION('',(1.,0.,-0.));
#2220 = ADVANCED_FACE('',(#2221,#2227,#2238),#2249,.F.);
#2221 = FACE_BOUND('',#2222,.F.);
#2222 = EDGE_LOOP('',(#2223,#2224,#2225,#2226));
#2223 = ORIENTED_EDGE('',*,*,#867,.F.);
#2224 = ORIENTED_EDGE('',*,*,#857,.T.);
#2225 = ORIENTED_EDGE('',*,*,#883,.T.);
#2226 = ORIENTED_EDGE('',*,*,#875,.F.);
#2227 = FACE_BOUND('',#2228,.F.);
#2228 = EDGE_LOOP('',(#2229));
#2229 = ORIENTED_EDGE('',*,*,#2230,.F.);
#2230 = EDGE_CURVE('',#2231,#2231,#2233,.T.);
#2231 = VERTEX_POINT('',#2232);
#2232 = CARTESIAN_POINT('',(144.5,14.5,0.));
#2233 = CIRCLE('',#2234,5.);
#2234 = AXIS2_PLACEMENT_3D('',#2235,#2236,#2237);
#2235 = CARTESIAN_POINT('',(139.5,14.5,0.));
#2236 = DIRECTION('',(0.,0.,1.));
#2237 = DIRECTION('',(1.,0.,-0.));
#2238 = FACE_BOUND('',#2239,.F.);
#2239 = EDGE_LOOP('',(#2240));
#2240 = ORIENTED_EDGE('',*,*,#2241,.F.);
#2241 = EDGE_CURVE('',#2242,#2242,#2244,.T.);
#2242 = VERTEX_POINT('',#2243);
#2243 = CARTESIAN_POINT('',(144.5,46.5,0.));
#2244 = CIRCLE('',#2245,5.);
#2245 = AXIS2_PLACEMENT_3D('',#2246,#2247,#2248);
#2246 = CARTESIAN_POINT('',(139.5,46.5,0.));
#2247 = DIRECTION('',(0.,0.,1.));
#2248 = DIRECTION('',(1.,0.,-0.));
#2249 = PLANE('',#2250);
#2250 = AXIS2_PLACEMENT_3D('',#2251,#2252,#2253);
#2251 = CARTESIAN_POINT('',(121.5,85.5,0.));
#2252 = DIRECTION('',(0.,0.,1.));
#2253 = DIRECTION('',(1.,0.,-0.));
#2254 = ADVANCED_FACE('',(#2255,#2261,#2272),#2283,.F.);
#2255 = FACE_BOUND('',#2256,.F.);
#2256 = EDGE_LOOP('',(#2257,#2258,#2259,#2260));
#2257 = ORIENTED_EDGE('',*,*,#901,.F.);
#2258 = ORIENTED_EDGE('',*,*,#891,.T.);
#2259 = ORIENTED_EDGE('',*,*,#917,.T.);
#2260 = ORIENTED_EDGE('',*,*,#909,.F.);
#2261 = FACE_BOUND('',#2262,.F.);
#2262 = EDGE_LOOP('',(#2263));
#2263 = ORIENTED_EDGE('',*,*,#2264,.F.);
#2264 = EDGE_CURVE('',#2265,#2265,#2267,.T.);
#2265 = VERTEX_POINT('',#2266);
#2266 = CARTESIAN_POINT('',(165.5,67.5,0.));
#2267 = CIRCLE('',#2268,5.);
#2268 = AXIS2_PLACEMENT_3D('',#2269,#2270,#2271);
#2269 = CARTESIAN_POINT('',(160.5,67.5,0.));
#2270 = DIRECTION('',(0.,0.,1.));
#2271 = DIRECTION('',(1.,0.,-0.));
#2272 = FACE_BOUND('',#2273,.F.);
#2273 = EDGE_LOOP('',(#2274));
#2274 = ORIENTED_EDGE('',*,*,#2275,.F.);
#2275 = EDGE_CURVE('',#2276,#2276,#2278,.T.);
#2276 = VERTEX_POINT('',#2277);
#2277 = CARTESIAN_POINT('',(197.5,67.5,0.));
#2278 = CIRCLE('',#2279,5.);
#2279 = AXIS2_PLACEMENT_3D('',#2280,#2281,#2282);
#2280 = CARTESIAN_POINT('',(192.5,67.5,0.));
#2281 = DIRECTION('',(0.,0.,1.));
#2282 = DIRECTION('',(1.,0.,-0.));
#2283 = PLANE('',#2284);
#2284 = AXIS2_PLACEMENT_3D('',#2285,#2286,#2287);
#2285 = CARTESIAN_POINT('',(121.5,85.5,0.));
#2286 = DIRECTION('',(0.,0.,1.));
#2287 = DIRECTION('',(1.,0.,-0.));
#2288 = ADVANCED_FACE('',(#2289),#2307,.F.);
#2289 = FACE_BOUND('',#2290,.F.);
#2290 = EDGE_LOOP('',(#2291,#2292,#2293,#2301));
#2291 = ORIENTED_EDGE('',*,*,#957,.F.);
#2292 = ORIENTED_EDGE('',*,*,#2199,.T.);
#2293 = ORIENTED_EDGE('',*,*,#2294,.T.);
#2294 = EDGE_CURVE('',#2200,#2295,#2297,.T.);
#2295 = VERTEX_POINT('',#2296);
#2296 = CARTESIAN_POINT('',(121.5,62.5,3.));
#2297 = LINE('',#2298,#2299);
#2298 = CARTESIAN_POINT('',(121.5,62.5,0.));
#2299 = VECTOR('',#2300,1.);
#2300 = DIRECTION('',(0.,0.,1.));
#2301 = ORIENTED_EDGE('',*,*,#2302,.F.);
#2302 = EDGE_CURVE('',#958,#2295,#2303,.T.);
#2303 = LINE('',#2304,#2305);
#2304 = CARTESIAN_POINT('',(121.5,-114.5,3.));
#2305 = VECTOR('',#2306,1.);
#2306 = DIRECTION('',(-6.123233995737E-17,1.,0.));
#2307 = PLANE('',#2308);
#2308 = AXIS2_PLACEMENT_3D('',#2309,#2310,#2311);
#2309 = CARTESIAN_POINT('',(121.5,-314.5,-400.));
#2310 = DIRECTION('',(1.,6.123233995737E-17,0.));
#2311 = DIRECTION('',(-6.123233995737E-17,1.,0.));
#2312 = ADVANCED_FACE('',(#2313,#2363),#2366,.F.);
#2313 = FACE_BOUND('',#2314,.F.);
#2314 = EDGE_LOOP('',(#2315,#2325,#2333,#2341,#2349,#2357));
#2315 = ORIENTED_EDGE('',*,*,#2316,.T.);
#2316 = EDGE_CURVE('',#2317,#2319,#2321,.T.);
#2317 = VERTEX_POINT('',#2318);
#2318 = CARTESIAN_POINT('',(145.75034688455,-2.464598992883,
    8.67431578065));
#2319 = VERTEX_POINT('',#2320);
#2320 = CARTESIAN_POINT('',(142.93155690408,-3.14608490321,10.3486315613
    ));
#2321 = LINE('',#2322,#2323);
#2322 = CARTESIAN_POINT('',(145.75034688455,-2.464598992883,
    8.67431578065));
#2323 = VECTOR('',#2324,1.);
#2324 = DIRECTION('',(-0.841773700353,-0.203511762298,0.5));
#2325 = ORIENTED_EDGE('',*,*,#2326,.T.);
#2326 = EDGE_CURVE('',#2319,#2327,#2329,.T.);
#2327 = VERTEX_POINT('',#2328);
#2328 = CARTESIAN_POINT('',(140.1127669236,-3.827570813537,8.67431578065
    ));
#2329 = LINE('',#2330,#2331);
#2330 = CARTESIAN_POINT('',(142.93155690408,-3.14608490321,10.3486315613
    ));
#2331 = VECTOR('',#2332,1.);
#2332 = DIRECTION('',(-0.841773700353,-0.203511762298,-0.5));
#2333 = ORIENTED_EDGE('',*,*,#2334,.T.);
#2334 = EDGE_CURVE('',#2327,#2335,#2337,.T.);
#2335 = VERTEX_POINT('',#2336);
#2336 = CARTESIAN_POINT('',(140.1127669236,-3.827570813537,5.32568421935
    ));
#2337 = LINE('',#2338,#2339);
#2338 = CARTESIAN_POINT('',(140.1127669236,-3.827570813537,8.67431578065
    ));
#2339 = VECTOR('',#2340,1.);
#2340 = DIRECTION('',(0.,3.315452907558E-17,-1.));
#2341 = ORIENTED_EDGE('',*,*,#2342,.T.);
#2342 = EDGE_CURVE('',#2335,#2343,#2345,.T.);
#2343 = VERTEX_POINT('',#2344);
#2344 = CARTESIAN_POINT('',(142.93155690408,-3.14608490321,3.6513684387)
  );
#2345 = LINE('',#2346,#2347);
#2346 = CARTESIAN_POINT('',(140.1127669236,-3.827570813537,5.32568421935
    ));
#2347 = VECTOR('',#2348,1.);
#2348 = DIRECTION('',(0.841773700353,0.203511762298,-0.5));
#2349 = ORIENTED_EDGE('',*,*,#2350,.T.);
#2350 = EDGE_CURVE('',#2343,#2351,#2353,.T.);
#2351 = VERTEX_POINT('',#2352);
#2352 = CARTESIAN_POINT('',(145.75034688455,-2.464598992883,
    5.32568421935));
#2353 = LINE('',#2354,#2355);
#2354 = CARTESIAN_POINT('',(142.93155690408,-3.14608490321,3.6513684387)
  );
#2355 = VECTOR('',#2356,1.);
#2356 = DIRECTION('',(0.841773700353,0.203511762298,0.5));
#2357 = ORIENTED_EDGE('',*,*,#2358,.T.);
#2358 = EDGE_CURVE('',#2351,#2317,#2359,.T.);
#2359 = LINE('',#2360,#2361);
#2360 = CARTESIAN_POINT('',(145.75034688455,-2.464598992883,
    5.32568421935));
#2361 = VECTOR('',#2362,1.);
#2362 = DIRECTION('',(0.,9.946358722674E-17,1.));
#2363 = FACE_BOUND('',#2364,.F.);
#2364 = EDGE_LOOP('',(#2365));
#2365 = ORIENTED_EDGE('',*,*,#1006,.F.);
#2366 = PLANE('',#2367);
#2367 = AXIS2_PLACEMENT_3D('',#2368,#2369,#2370);
#2368 = CARTESIAN_POINT('',(142.93155690408,-3.14608490321,7.));
#2369 = DIRECTION('',(0.234995141492,-0.971996544991,-0.));
#2370 = DIRECTION('',(-0.971996544991,-0.234995141492,0.));
#2371 = ADVANCED_FACE('',(#2372,#2422),#2425,.F.);
#2372 = FACE_BOUND('',#2373,.F.);
#2373 = EDGE_LOOP('',(#2374,#2384,#2392,#2400,#2408,#2416));
#2374 = ORIENTED_EDGE('',*,*,#2375,.T.);
#2375 = EDGE_CURVE('',#2376,#2378,#2380,.T.);
#2376 = VERTEX_POINT('',#2377);
#2377 = CARTESIAN_POINT('',(210.82757081353,66.887233076395,
    8.67431578065));
#2378 = VERTEX_POINT('',#2379);
#2379 = CARTESIAN_POINT('',(210.14608490321,64.06844309592,10.3486315613
    ));
#2380 = LINE('',#2381,#2382);
#2381 = CARTESIAN_POINT('',(210.82757081353,66.887233076395,
    8.67431578065));
#2382 = VECTOR('',#2383,1.);
#2383 = DIRECTION('',(-0.203511762298,-0.841773700353,0.5));
#2384 = ORIENTED_EDGE('',*,*,#2385,.T.);
#2385 = EDGE_CURVE('',#2378,#2386,#2388,.T.);
#2386 = VERTEX_POINT('',#2387);
#2387 = CARTESIAN_POINT('',(209.46459899288,61.249653115445,
    8.67431578065));
#2388 = LINE('',#2389,#2390);
#2389 = CARTESIAN_POINT('',(210.14608490321,64.06844309592,10.3486315613
    ));
#2390 = VECTOR('',#2391,1.);
#2391 = DIRECTION('',(-0.203511762298,-0.841773700353,-0.5));
#2392 = ORIENTED_EDGE('',*,*,#2393,.T.);
#2393 = EDGE_CURVE('',#2386,#2394,#2396,.T.);
#2394 = VERTEX_POINT('',#2395);
#2395 = CARTESIAN_POINT('',(209.46459899288,61.249653115445,
    5.32568421935));
#2396 = LINE('',#2397,#2398);
#2397 = CARTESIAN_POINT('',(209.46459899288,61.249653115445,
    8.67431578065));
#2398 = VECTOR('',#2399,1.);
#2399 = DIRECTION('',(0.,0.,-1.));
#2400 = ORIENTED_EDGE('',*,*,#2401,.T.);
#2401 = EDGE_CURVE('',#2394,#2402,#2404,.T.);
#2402 = VERTEX_POINT('',#2403);
#2403 = CARTESIAN_POINT('',(210.14608490321,64.06844309592,3.6513684387)
  );
#2404 = LINE('',#2405,#2406);
#2405 = CARTESIAN_POINT('',(209.46459899288,61.249653115445,
    5.32568421935));
#2406 = VECTOR('',#2407,1.);
#2407 = DIRECTION('',(0.203511762298,0.841773700353,-0.5));
#2408 = ORIENTED_EDGE('',*,*,#2409,.T.);
#2409 = EDGE_CURVE('',#2402,#2410,#2412,.T.);
#2410 = VERTEX_POINT('',#2411);
#2411 = CARTESIAN_POINT('',(210.82757081353,66.887233076395,
    5.32568421935));
#2412 = LINE('',#2413,#2414);
#2413 = CARTESIAN_POINT('',(210.14608490321,64.06844309592,3.6513684387)
  );
#2414 = VECTOR('',#2415,1.);
#2415 = DIRECTION('',(0.203511762298,0.841773700353,0.5));
#2416 = ORIENTED_EDGE('',*,*,#2417,.T.);
#2417 = EDGE_CURVE('',#2410,#2376,#2418,.T.);
#2418 = LINE('',#2419,#2420);
#2419 = CARTESIAN_POINT('',(210.82757081353,66.887233076395,
    5.32568421935));
#2420 = VECTOR('',#2421,1.);
#2421 = DIRECTION('',(0.,0.,1.));
#2422 = FACE_BOUND('',#2423,.F.);
#2423 = EDGE_LOOP('',(#2424));
#2424 = ORIENTED_EDGE('',*,*,#1031,.F.);
#2425 = PLANE('',#2426);
#2426 = AXIS2_PLACEMENT_3D('',#2427,#2428,#2429);
#2427 = CARTESIAN_POINT('',(210.14608490321,64.06844309592,7.));
#2428 = DIRECTION('',(0.971996544991,-0.234995141492,0.));
#2429 = DIRECTION('',(0.234995141492,0.971996544991,0.));
#2430 = ADVANCED_FACE('',(#2431,#2462),#2473,.T.);
#2431 = FACE_BOUND('',#2432,.F.);
#2432 = EDGE_LOOP('',(#2433,#2434,#2435,#2436,#2443,#2444,#2445,#2446,
    #2455));
#2433 = ORIENTED_EDGE('',*,*,#1248,.F.);
#2434 = ORIENTED_EDGE('',*,*,#1200,.F.);
#2435 = ORIENTED_EDGE('',*,*,#1224,.T.);
#2436 = ORIENTED_EDGE('',*,*,#2437,.T.);
#2437 = EDGE_CURVE('',#1215,#1314,#2438,.T.);
#2438 = CIRCLE('',#2439,5.414656965084);
#2439 = AXIS2_PLACEMENT_3D('',#2440,#2441,#2442);
#2440 = CARTESIAN_POINT('',(167.68673584809,-1.959563654221,
    21.190506637487));
#2441 = DIRECTION('',(0.600846695681,-0.793084641315,-1.E-01));
#2442 = DIRECTION('',(-0.797080055223,-0.603873650333,
    -6.938893903907E-18));
#2443 = ORIENTED_EDGE('',*,*,#1371,.T.);
#2444 = ORIENTED_EDGE('',*,*,#1388,.T.);
#2445 = ORIENTED_EDGE('',*,*,#1347,.F.);
#2446 = ORIENTED_EDGE('',*,*,#2447,.T.);
#2447 = EDGE_CURVE('',#1288,#2448,#2450,.T.);
#2448 = VERTEX_POINT('',#2449);
#2449 = CARTESIAN_POINT('',(188.87738254248,14.094624489617,
    21.190506637487));
#2450 = CIRCLE('',#2451,5.414656965084);
#2451 = AXIS2_PLACEMENT_3D('',#2452,#2453,#2454);
#2452 = CARTESIAN_POINT('',(193.19329761523,17.364393156421,
    21.190506637487));
#2453 = DIRECTION('',(0.600846695681,-0.793084641315,-1.E-01));
#2454 = DIRECTION('',(-0.797080055223,-0.603873650333,
    -6.938893903907E-18));
#2455 = ORIENTED_EDGE('',*,*,#2456,.T.);
#2456 = EDGE_CURVE('',#2448,#1239,#2457,.T.);
#2457 = CIRCLE('',#2458,5.414656965084);
#2458 = AXIS2_PLACEMENT_3D('',#2459,#2460,#2461);
#2459 = CARTESIAN_POINT('',(193.19329761523,17.364393156421,
    21.190506637487));
#2460 = DIRECTION('',(0.600846695681,-0.793084641315,-1.E-01));
#2461 = DIRECTION('',(-0.797080055223,-0.603873650333,
    -6.938893903907E-18));
#2462 = FACE_BOUND('',#2463,.F.);
#2463 = EDGE_LOOP('',(#2464));
#2464 = ORIENTED_EDGE('',*,*,#2465,.T.);
#2465 = EDGE_CURVE('',#2466,#2466,#2468,.T.);
#2466 = VERTEX_POINT('',#2467);
#2467 = CARTESIAN_POINT('',(177.25169651077,5.28692014977,
    21.190506637487));
#2468 = CIRCLE('',#2469,4.);
#2469 = AXIS2_PLACEMENT_3D('',#2470,#2471,#2472);
#2470 = CARTESIAN_POINT('',(180.44001673166,7.7024147511,21.190506637487
    ));
#2471 = DIRECTION('',(0.600846695681,-0.793084641315,-1.E-01));
#2472 = DIRECTION('',(-0.797080055223,-0.603873650333,
    -6.938893903907E-18));
#2473 = PLANE('',#2474);
#2474 = AXIS2_PLACEMENT_3D('',#2475,#2476,#2477);
#2475 = CARTESIAN_POINT('',(162.9867505011,-4.391185541258,
    12.235619703528));
#2476 = DIRECTION('',(0.600846695681,-0.793084641315,-0.1));
#2477 = DIRECTION('',(-6.038736503325E-02,7.970800552228E-02,
    -0.994987437107));
#2478 = ADVANCED_FACE('',(#2479),#2489,.T.);
#2479 = FACE_BOUND('',#2480,.T.);
#2480 = EDGE_LOOP('',(#2481,#2482,#2483));
#2481 = ORIENTED_EDGE('',*,*,#1313,.T.);
#2482 = ORIENTED_EDGE('',*,*,#1262,.T.);
#2483 = ORIENTED_EDGE('',*,*,#2484,.T.);
#2484 = EDGE_CURVE('',#1215,#1314,#2485,.T.);
#2485 = LINE('',#2486,#2487);
#2486 = CARTESIAN_POINT('',(162.9867505011,-4.391185541258,
    12.235619703528));
#2487 = VECTOR('',#2488,1.);
#2488 = DIRECTION('',(6.038736503325E-02,-7.970800552228E-02,
    0.994987437107));
#2489 = PLANE('',#2490);
#2490 = AXIS2_PLACEMENT_3D('',#2491,#2492,#2493);
#2491 = CARTESIAN_POINT('',(167.68673584809,-1.959563654221,
    21.190506637487));
#2492 = DIRECTION('',(0.600846695681,-0.793084641315,-0.1));
#2493 = DIRECTION('',(-0.797080055223,-0.603873650333,
    -6.938893903907E-18));
#2494 = ADVANCED_FACE('',(#2495),#2504,.T.);
#2495 = FACE_BOUND('',#2496,.T.);
#2496 = EDGE_LOOP('',(#2497,#2503));
#2497 = ORIENTED_EDGE('',*,*,#2498,.F.);
#2498 = EDGE_CURVE('',#1239,#1288,#2499,.T.);
#2499 = LINE('',#2500,#2501);
#2500 = CARTESIAN_POINT('',(196.80631039162,21.230759142859,
    12.235619703528));
#2501 = VECTOR('',#2502,1.);
#2502 = DIRECTION('',(6.038736503325E-02,-7.970800552228E-02,
    0.994987437107));
#2503 = ORIENTED_EDGE('',*,*,#1287,.T.);
#2504 = PLANE('',#2505);
#2505 = AXIS2_PLACEMENT_3D('',#2506,#2507,#2508);
#2506 = CARTESIAN_POINT('',(193.19329761523,17.364393156421,
    21.190506637487));
#2507 = DIRECTION('',(0.600846695681,-0.793084641315,-0.1));
#2508 = DIRECTION('',(-0.797080055223,-0.603873650333,
    -6.938893903907E-18));
#2509 = ADVANCED_FACE('',(#2510),#2522,.F.);
#2510 = FACE_BOUND('',#2511,.F.);
#2511 = EDGE_LOOP('',(#2512,#2513,#2520,#2521));
#2512 = ORIENTED_EDGE('',*,*,#1603,.T.);
#2513 = ORIENTED_EDGE('',*,*,#2514,.F.);
#2514 = EDGE_CURVE('',#2295,#1606,#2515,.T.);
#2515 = CIRCLE('',#2516,23.);
#2516 = AXIS2_PLACEMENT_3D('',#2517,#2518,#2519);
#2517 = CARTESIAN_POINT('',(121.5,85.5,3.));
#2518 = DIRECTION('',(0.,0.,1.));
#2519 = DIRECTION('',(1.,0.,-0.));
#2520 = ORIENTED_EDGE('',*,*,#2294,.F.);
#2521 = ORIENTED_EDGE('',*,*,#2209,.T.);
#2522 = CYLINDRICAL_SURFACE('',#2523,23.);
#2523 = AXIS2_PLACEMENT_3D('',#2524,#2525,#2526);
#2524 = CARTESIAN_POINT('',(121.5,85.5,0.));
#2525 = DIRECTION('',(0.,0.,1.));
#2526 = DIRECTION('',(1.,0.,-0.));
#2527 = ADVANCED_FACE('',(#2528),#2553,.F.);
#2528 = FACE_BOUND('',#2529,.F.);
#2529 = EDGE_LOOP('',(#2530,#2538,#2539,#2547));
#2530 = ORIENTED_EDGE('',*,*,#2531,.F.);
#2531 = EDGE_CURVE('',#1606,#2532,#2534,.T.);
#2532 = VERTEX_POINT('',#2533);
#2533 = CARTESIAN_POINT('',(144.5,85.5,35.));
#2534 = LINE('',#2535,#2536);
#2535 = CARTESIAN_POINT('',(144.5,85.5,0.));
#2536 = VECTOR('',#2537,1.);
#2537 = DIRECTION('',(0.,0.,1.));
#2538 = ORIENTED_EDGE('',*,*,#1620,.T.);
#2539 = ORIENTED_EDGE('',*,*,#2540,.T.);
#2540 = EDGE_CURVE('',#786,#2541,#2543,.T.);
#2541 = VERTEX_POINT('',#2542);
#2542 = CARTESIAN_POINT('',(149.5,85.5,35.));
#2543 = LINE('',#2544,#2545);
#2544 = CARTESIAN_POINT('',(149.5,85.5,0.));
#2545 = VECTOR('',#2546,1.);
#2546 = DIRECTION('',(0.,0.,1.));
#2547 = ORIENTED_EDGE('',*,*,#2548,.F.);
#2548 = EDGE_CURVE('',#2532,#2541,#2549,.T.);
#2549 = LINE('',#2550,#2551);
#2550 = CARTESIAN_POINT('',(-78.5,85.5,35.));
#2551 = VECTOR('',#2552,1.);
#2552 = DIRECTION('',(1.,0.,-0.));
#2553 = PLANE('',#2554);
#2554 = AXIS2_PLACEMENT_3D('',#2555,#2556,#2557);
#2555 = CARTESIAN_POINT('',(-278.5,85.5,-400.));
#2556 = DIRECTION('',(0.,-1.,0.));
#2557 = DIRECTION('',(1.,0.,0.));
#2558 = ADVANCED_FACE('',(#2559,#2578,#2635,#2686,#2737,#2800,#2851),
  #2902,.T.);
#2559 = FACE_BOUND('',#2560,.T.);
#2560 = EDGE_LOOP('',(#2561,#2562,#2563,#2572));
#2561 = ORIENTED_EDGE('',*,*,#1709,.T.);
#2562 = ORIENTED_EDGE('',*,*,#2540,.T.);
#2563 = ORIENTED_EDGE('',*,*,#2564,.F.);
#2564 = EDGE_CURVE('',#2565,#2541,#2567,.T.);
#2565 = VERTEX_POINT('',#2566);
#2566 = CARTESIAN_POINT('',(121.5,57.5,35.));
#2567 = CIRCLE('',#2568,28.);
#2568 = AXIS2_PLACEMENT_3D('',#2569,#2570,#2571);
#2569 = CARTESIAN_POINT('',(121.5,85.5,35.));
#2570 = DIRECTION('',(0.,0.,1.));
#2571 = DIRECTION('',(1.,0.,-0.));
#2572 = ORIENTED_EDGE('',*,*,#2573,.F.);
#2573 = EDGE_CURVE('',#958,#2565,#2574,.T.);
#2574 = LINE('',#2575,#2576);
#2575 = CARTESIAN_POINT('',(121.5,57.5,0.));
#2576 = VECTOR('',#2577,1.);
#2577 = DIRECTION('',(0.,0.,1.));
#2578 = FACE_BOUND('',#2579,.T.);
#2579 = EDGE_LOOP('',(#2580));
#2580 = ORIENTED_EDGE('',*,*,#2581,.F.);
#2581 = EDGE_CURVE('',#2582,#2582,#2584,.T.);
#2582 = VERTEX_POINT('',#2583);
#2583 = CARTESIAN_POINT('',(124.3164986757,57.642014875269,
    26.527665962399));
#2584 = B_SPLINE_CURVE_WITH_KNOTS('',7,(#2585,#2586,#2587,#2588,#2589,
    #2590,#2591,#2592,#2593,#2594,#2595,#2596,#2597,#2598,#2599,#2600,
    #2601,#2602,#2603,#2604,#2605,#2606,#2607,#2608,#2609,#2610,#2611,
    #2612,#2613,#2614,#2615,#2616,#2617,#2618,#2619,#2620,#2621,#2622,
    #2623,#2624,#2625,#2626,#2627,#2628,#2629,#2630,#2631,#2632,#2633,
    #2634),.UNSPECIFIED.,.T.,.F.,(8,6,6,6,6,6,6,6,8),(0.,0.123812477636,
    0.244300161061,0.380536263009,0.498686183607,0.616836103019,
    0.75398412802,0.87521960819,1.),.UNSPECIFIED.);
#2585 = CARTESIAN_POINT('',(124.3164986757,57.642014875269,
    26.527665962399));
#2586 = CARTESIAN_POINT('',(124.53390989899,57.663995589945,
    26.529886236609));
#2587 = CARTESIAN_POINT('',(124.74504929494,57.687341990569,
    26.566182567828));
#2588 = CARTESIAN_POINT('',(124.94397490351,57.711252114376,
    26.633253086012));
#2589 = CARTESIAN_POINT('',(125.12579153402,57.73471094218,
    26.72665369159));
#2590 = CARTESIAN_POINT('',(125.28679415898,57.756640199202,
    26.840848696623));
#2591 = CARTESIAN_POINT('',(125.42479732511,57.776194121598,
    26.969301704271));
#2592 = CARTESIAN_POINT('',(125.65120724642,57.809203472024,
    27.236242073852));
#2593 = CARTESIAN_POINT('',(125.74348837839,57.823193766487,
    27.377482664528));
#2594 = CARTESIAN_POINT('',(125.81709554213,57.834663876761,
    27.525356405328));
#2595 = CARTESIAN_POINT('',(125.87274891264,57.84349102908,
    27.677729533631));
#2596 = CARTESIAN_POINT('',(125.91101584448,57.84961927081,
    27.832982342994));
#2597 = CARTESIAN_POINT('',(125.93221165112,57.853019749276,
    27.9898072881));
#2598 = CARTESIAN_POINT('',(125.94091237387,57.854415919439,
    28.324785069083));
#2599 = CARTESIAN_POINT('',(125.92364786142,57.851646499142,
    28.502891656206));
#2600 = CARTESIAN_POINT('',(125.88450246621,57.845350971167,
    28.679537561866));
#2601 = CARTESIAN_POINT('',(125.82296041016,57.835543337559,
    28.852782580837));
#2602 = CARTESIAN_POINT('',(125.73813244847,57.822286702715,
    29.02024469365));
#2603 = CARTESIAN_POINT('',(125.62889196598,57.805762798813,
    29.178745580973));
#2604 = CARTESIAN_POINT('',(125.37736028987,57.769511209362,
    29.449382290129));
#2605 = CARTESIAN_POINT('',(125.23897262804,57.750152791279,
    29.567472090703));
#2606 = CARTESIAN_POINT('',(125.07967362248,57.728755230204,
    29.671215241778));
#2607 = CARTESIAN_POINT('',(124.90185680703,57.706137483541,
    29.754848181718));
#2608 = CARTESIAN_POINT('',(124.70930109604,57.683297606748,
    29.813680649552));
#2609 = CARTESIAN_POINT('',(124.50682994794,57.661138952916,
    29.844206512452));
#2610 = CARTESIAN_POINT('',(124.09317005413,57.619564569323,
    29.844206512452));
#2611 = CARTESIAN_POINT('',(123.89033880542,57.600988799598,
    29.813680649991));
#2612 = CARTESIAN_POINT('',(123.69708913966,57.585053777197,
    29.754848179529));
#2613 = CARTESIAN_POINT('',(123.51832778231,57.571834068826,
    29.671215245888));
#2614 = CARTESIAN_POINT('',(123.35795669268,57.561103576815,
    29.567472087097));
#2615 = CARTESIAN_POINT('',(123.21848451146,57.552536029733,
    29.449382291458));
#2616 = CARTESIAN_POINT('',(122.96385997196,57.537956337018,
    29.177775399447));
#2617 = CARTESIAN_POINT('',(122.85295113278,57.532389217761,
    29.018123915394));
#2618 = CARTESIAN_POINT('',(122.76693823965,57.528496364807,
    28.849421382603));
#2619 = CARTESIAN_POINT('',(122.70473176294,57.525868731487,
    28.674898388103));
#2620 = CARTESIAN_POINT('',(122.66546071281,57.524264920476,
    28.496974400517));
#2621 = CARTESIAN_POINT('',(122.64862085618,57.523568820699,
    28.317623760415));
#2622 = CARTESIAN_POINT('',(122.65916911537,57.524004012378,
    27.980518436988));
#2623 = CARTESIAN_POINT('',(122.68164869723,57.52493248813,
    27.822797336352));
#2624 = CARTESIAN_POINT('',(122.72162060249,57.526596671169,
    27.666727987558));
#2625 = CARTESIAN_POINT('',(122.77940439036,57.529092259217,
    27.513646717179));
#2626 = CARTESIAN_POINT('',(122.85556610373,57.532593707167,
    27.365218255855));
#2627 = CARTESIAN_POINT('',(122.95080716273,57.53737459222,
    27.223644260079));
#2628 = CARTESIAN_POINT('',(123.18412254146,57.550442235526,
    26.956472066897));
#2629 = CARTESIAN_POINT('',(123.32646538801,57.559000906638,
    26.827914561459));
#2630 = CARTESIAN_POINT('',(123.4923384981,57.569892342515,
    26.714263520343));
#2631 = CARTESIAN_POINT('',(123.67911851322,57.583515732996,
    26.622397561467));
#2632 = CARTESIAN_POINT('',(123.88253271158,57.600176200872,
    26.557995211062));
#2633 = CARTESIAN_POINT('',(124.09711921028,57.61983516733,
    26.52542558786));
#2634 = CARTESIAN_POINT('',(124.3164986757,57.642014875269,
    26.527665962399));
#2635 = FACE_BOUND('',#2636,.T.);
#2636 = EDGE_LOOP('',(#2637));
#2637 = ORIENTED_EDGE('',*,*,#2638,.F.);
#2638 = EDGE_CURVE('',#2639,#2639,#2641,.T.);
#2639 = VERTEX_POINT('',#2640);
#2640 = CARTESIAN_POINT('',(130.18276730316,58.880278890284,
    28.190784465515));
#2641 = B_SPLINE_CURVE_WITH_KNOTS('',7,(#2642,#2643,#2644,#2645,#2646,
    #2647,#2648,#2649,#2650,#2651,#2652,#2653,#2654,#2655,#2656,#2657,
    #2658,#2659,#2660,#2661,#2662,#2663,#2664,#2665,#2666,#2667,#2668,
    #2669,#2670,#2671,#2672,#2673,#2674,#2675,#2676,#2677,#2678,#2679,
    #2680,#2681,#2682,#2683,#2684,#2685),.UNSPECIFIED.,.T.,.F.,(8,6,6,6,
    6,6,6,8),(0.,0.153696250848,0.286968054216,0.423708175512,
    0.590775172378,0.715876098531,0.838661701417,1.),.UNSPECIFIED.);
#2642 = CARTESIAN_POINT('',(130.18276730316,58.880278890284,
    28.190784465515));
#2643 = CARTESIAN_POINT('',(130.18276730316,58.880278890284,
    27.992347238253));
#2644 = CARTESIAN_POINT('',(130.20901714688,58.888841108672,
    27.793875654631));
#2645 = CARTESIAN_POINT('',(130.26146320109,58.905947352638,
    27.597891658933));
#2646 = CARTESIAN_POINT('',(130.34071568894,58.931979516368,
    27.40716189461));
#2647 = CARTESIAN_POINT('',(130.44783813214,58.967637670717,
    27.225219288112));
#2648 = CARTESIAN_POINT('',(130.58408261336,59.013958245998,
    27.056996206423));
#2649 = CARTESIAN_POINT('',(130.89418751244,59.122499686016,
    26.782777665958));
#2650 = CARTESIAN_POINT('',(131.06616721716,59.183723641773,
    26.666598526349));
#2651 = CARTESIAN_POINT('',(131.26237504913,59.255178201417,
    26.575275089436));
#2652 = CARTESIAN_POINT('',(131.47533786661,59.33505441974,
    26.518209068081));
#2653 = CARTESIAN_POINT('',(131.69529957412,59.420344365812,
    26.500455201338));
#2654 = CARTESIAN_POINT('',(131.91220212974,59.507017945896,
    26.522500610838));
#2655 = CARTESIAN_POINT('',(132.32748288008,59.67719475027,
    26.638961050971));
#2656 = CARTESIAN_POINT('',(132.51749656177,59.757386106383,
    26.733073317185));
#2657 = CARTESIAN_POINT('',(132.68426263676,59.829600843458,
    26.854061221628));
#2658 = CARTESIAN_POINT('',(132.82677581951,59.892548562312,
    26.99512762399));
#2659 = CARTESIAN_POINT('',(132.94496527511,59.945517283942,
    27.150397504078));
#2660 = CARTESIAN_POINT('',(133.03944904081,59.988289597153,
    27.314762869035));
#2661 = CARTESIAN_POINT('',(133.19930508583,60.06114010025,
    27.690376305162));
#2662 = CARTESIAN_POINT('',(133.2548864591,60.086897270781,
    27.907024342236));
#2663 = CARTESIAN_POINT('',(133.27948433304,60.098399031369,
    28.128510147466));
#2664 = CARTESIAN_POINT('',(133.27378293947,60.095735747927,
    28.351093396897));
#2665 = CARTESIAN_POINT('',(133.23765687553,60.078886216343,
    28.571336021779));
#2666 = CARTESIAN_POINT('',(133.16998434372,60.04761535531,
    28.785668732842));
#2667 = CARTESIAN_POINT('',(132.99251023161,59.967096289706,
    29.140463325114));
#2668 = CARTESIAN_POINT('',(132.8968149537,59.923998481194,
    29.28744897594));
#2669 = CARTESIAN_POINT('',(132.78055935111,59.872186560759,
    29.425415182699));
#2670 = CARTESIAN_POINT('',(132.64353357056,59.811994784234,
    29.549925247146));
#2671 = CARTESIAN_POINT('',(132.48620496324,59.744189709687,
    29.656188572284));
#2672 = CARTESIAN_POINT('',(132.30986307165,59.669974375401,
    29.738986275213));
#2673 = CARTESIAN_POINT('',(131.92805382973,59.513513772264,
    29.844844550091));
#2674 = CARTESIAN_POINT('',(131.72800707036,59.433418686138,
    29.867644870562));
#2675 = CARTESIAN_POINT('',(131.52426018685,59.354052444354,
    29.856917571008));
#2676 = CARTESIAN_POINT('',(131.32509313641,59.278782603667,
    29.812537669539));
#2677 = CARTESIAN_POINT('',(131.13865983629,59.21025066328,
    29.737976291891));
#2678 = CARTESIAN_POINT('',(130.97150274834,59.150161950428,
    29.640118263405));
#2679 = CARTESIAN_POINT('',(130.6382519176,59.032423012135,
    29.383421963298));
#2680 = CARTESIAN_POINT('',(130.4828401567,58.979295637231,
    29.210360693955));
#2681 = CARTESIAN_POINT('',(130.36102448462,58.93865178348,
    29.020017714631));
#2682 = CARTESIAN_POINT('',(130.27130519622,58.909157132823,
    28.818797855016));
#2683 = CARTESIAN_POINT('',(130.21224378378,58.889893684149,
    28.611370122356));
#2684 = CARTESIAN_POINT('',(130.18276730316,58.880278890284,
    28.401058364108));
#2685 = CARTESIAN_POINT('',(130.18276730316,58.880278890284,
    28.190784465515));
#2686 = FACE_BOUND('',#2687,.T.);
#2687 = EDGE_LOOP('',(#2688));
#2688 = ORIENTED_EDGE('',*,*,#2689,.F.);
#2689 = EDGE_CURVE('',#2690,#2690,#2692,.T.);
#2690 = VERTEX_POINT('',#2691);
#2691 = CARTESIAN_POINT('',(137.06389662238,62.224151531516,
    28.190784465515));
#2692 = B_SPLINE_CURVE_WITH_KNOTS('',7,(#2693,#2694,#2695,#2696,#2697,
    #2698,#2699,#2700,#2701,#2702,#2703,#2704,#2705,#2706,#2707,#2708,
    #2709,#2710,#2711,#2712,#2713,#2714,#2715,#2716,#2717,#2718,#2719,
    #2720,#2721,#2722,#2723,#2724,#2725,#2726,#2727,#2728,#2729,#2730,
    #2731,#2732,#2733,#2734,#2735,#2736),.UNSPECIFIED.,.T.,.F.,(8,6,6,6,
    6,6,6,8),(0.,0.153696251472,0.28696805533,0.423708177173,
    0.590775171604,0.715876098281,0.838661700688,1.),.UNSPECIFIED.);
#2693 = CARTESIAN_POINT('',(137.06389662238,62.224151531516,
    28.190784465515));
#2694 = CARTESIAN_POINT('',(137.06389662238,62.224151531516,
    27.992347238253));
#2695 = CARTESIAN_POINT('',(137.08684902986,62.23949926325,
    27.793875654631));
#2696 = CARTESIAN_POINT('',(137.13270713798,62.270162695947,
    27.597891658932));
#2697 = CARTESIAN_POINT('',(137.2019550225,62.316674639241,
    27.407161894611));
#2698 = CARTESIAN_POINT('',(137.29542701478,62.379996898098,
    27.225219288112));
#2699 = CARTESIAN_POINT('',(137.41404792493,62.461466119478,
    27.056996206423));
#2700 = CARTESIAN_POINT('',(137.68319774457,62.649892941317,
    26.782777666007));
#2701 = CARTESIAN_POINT('',(137.83218598222,62.755381787524,
    26.666598526276));
#2702 = CARTESIAN_POINT('',(138.00172879161,62.877277247704,
    26.57527508945));
#2703 = CARTESIAN_POINT('',(138.18512162676,63.011815122802,
    26.518209068123));
#2704 = CARTESIAN_POINT('',(138.37378674131,63.153459050389,
    26.500455201295));
#2705 = CARTESIAN_POINT('',(138.55913238561,63.295606932281,
    26.522500610857));
#2706 = CARTESIAN_POINT('',(138.91284893404,63.57183663678,
    26.638961050971));
#2707 = CARTESIAN_POINT('',(139.0740639959,63.700466169377,
    26.733073317185));
#2708 = CARTESIAN_POINT('',(139.21505831157,63.815124335104,
    26.854061221628));
#2709 = CARTESIAN_POINT('',(139.33521339804,63.914296799839,
    26.99512762399));
#2710 = CARTESIAN_POINT('',(139.43465377823,63.997278988725,
    27.150397504078));
#2711 = CARTESIAN_POINT('',(139.51403326626,64.06402889239,
    27.314762869035));
#2712 = CARTESIAN_POINT('',(139.64820340828,64.177428730528,
    27.690376301325));
#2713 = CARTESIAN_POINT('',(139.69473822787,64.217268812195,
    27.907024357391));
#2714 = CARTESIAN_POINT('',(139.71530467242,64.234999209667,
    28.128510119979));
#2715 = CARTESIAN_POINT('',(139.71053698242,64.230892127198,
    28.351093424413));
#2716 = CARTESIAN_POINT('',(139.68032018141,64.204893213878,
    28.571336006585));
#2717 = CARTESIAN_POINT('',(139.62363795793,64.156472506793,
    28.785668736687));
#2718 = CARTESIAN_POINT('',(139.47458308346,64.030921624839,
    29.140463325085));
#2719 = CARTESIAN_POINT('',(139.39412541027,63.963530452268,
    29.287448975945));
#2720 = CARTESIAN_POINT('',(139.2962335797,63.882185324896,
    29.425415182722));
#2721 = CARTESIAN_POINT('',(139.18061509795,63.787151219573,
    29.549925247155));
#2722 = CARTESIAN_POINT('',(139.04751238383,63.679292579201,
    29.656188572274));
#2723 = CARTESIAN_POINT('',(138.89784121262,63.560116578804,
    29.738986275205));
#2724 = CARTESIAN_POINT('',(138.57263411694,63.306150909573,
    29.844844549675));
#2725 = CARTESIAN_POINT('',(138.4017344353,63.17489836297,
    29.867644870949));
#2726 = CARTESIAN_POINT('',(138.22707549195,63.043345944683,
    29.856917572115));
#2727 = CARTESIAN_POINT('',(138.05571660485,62.916976628736,
    29.812537666765));
#2728 = CARTESIAN_POINT('',(137.89479239495,62.800540403943,
    29.737976294388));
#2729 = CARTESIAN_POINT('',(137.75013946664,62.697449772782,
    29.640118262472));
#2730 = CARTESIAN_POINT('',(137.46119724079,62.493903800109,
    29.383421963298));
#2731 = CARTESIAN_POINT('',(137.32596695931,62.400693798708,
    29.210360693955));
#2732 = CARTESIAN_POINT('',(137.21969971285,62.328594886498,
    29.020017714631));
#2733 = CARTESIAN_POINT('',(137.14131294251,62.275916623763,
    28.818797855016));
#2734 = CARTESIAN_POINT('',(137.08967031655,62.241385911665,
    28.611370122355));
#2735 = CARTESIAN_POINT('',(137.06389662238,62.224151531516,
    28.401058364108));
#2736 = CARTESIAN_POINT('',(137.06389662238,62.224151531516,
    28.190784465515));
#2737 = FACE_BOUND('',#2738,.T.);
#2738 = EDGE_LOOP('',(#2739));
#2739 = ORIENTED_EDGE('',*,*,#2740,.F.);
#2740 = EDGE_CURVE('',#2741,#2741,#2743,.T.);
#2741 = VERTEX_POINT('',#2742);
#2742 = CARTESIAN_POINT('',(149.36130158202,82.716499657752,
    29.844123259141));
#2743 = B_SPLINE_CURVE_WITH_KNOTS('',7,(#2744,#2745,#2746,#2747,#2748,
    #2749,#2750,#2751,#2752,#2753,#2754,#2755,#2756,#2757,#2758,#2759,
    #2760,#2761,#2762,#2763,#2764,#2765,#2766,#2767,#2768,#2769,#2770,
    #2771,#2772,#2773,#2774,#2775,#2776,#2777,#2778,#2779,#2780,#2781,
    #2782,#2783,#2784,#2785,#2786,#2787,#2788,#2789,#2790,#2791,#2792,
    #2793,#2794,#2795,#2796,#2797,#2798,#2799),.UNSPECIFIED.,.T.,.F.,(8,
    6,6,6,6,6,6,6,6,8),(0.,0.147535830565,0.27814535256,0.44704590676,
    0.593501538075,0.688358390325,0.792711085602,0.889190919284,
    0.953891977971,1.),.UNSPECIFIED.);
#2744 = CARTESIAN_POINT('',(149.36130158202,82.716499657752,
    29.844123259141));
#2745 = CARTESIAN_POINT('',(149.33792896182,82.48255263419,
    29.846484129868));
#2746 = CARTESIAN_POINT('',(149.31284466203,82.254641604125,
    29.809730318049));
#2747 = CARTESIAN_POINT('',(149.28700886772,82.040305868469,
    29.737508526778));
#2748 = CARTESIAN_POINT('',(149.2616877082,81.845751313778,
    29.635013293318));
#2749 = CARTESIAN_POINT('',(149.23824669365,81.675577178947,
    29.508875442034));
#2750 = CARTESIAN_POINT('',(149.21770924529,81.532326520274,
    29.367000708174));
#2751 = CARTESIAN_POINT('',(149.18536071933,81.312918998945,
    29.086861477124));
#2752 = CARTESIAN_POINT('',(149.17242757616,81.228296697664,
    28.946661691903));
#2753 = CARTESIAN_POINT('',(149.16196810364,81.161564871899,
    28.800464064441));
#2754 = CARTESIAN_POINT('',(149.15409584763,81.112125180098,
    28.650306272795));
#2755 = CARTESIAN_POINT('',(149.14885017094,81.079439329475,
    28.497793830855));
#2756 = CARTESIAN_POINT('',(149.1462337914,81.063136563837,
    28.344234473547));
#2757 = CARTESIAN_POINT('',(149.1462337914,81.063136563837,
    27.992347238253));
#2758 = CARTESIAN_POINT('',(149.15060891898,81.090398701269,
    27.793875654631));
#2759 = CARTESIAN_POINT('',(149.15935085643,81.144866955459,
    27.597891658933));
#2760 = CARTESIAN_POINT('',(149.17239865562,81.227258613505,
    27.40716189461));
#2761 = CARTESIAN_POINT('',(149.1896154128,81.338839548615,
    27.225219288112));
#2762 = CARTESIAN_POINT('',(149.21065115426,81.481197028006,
    27.056996206423));
#2763 = CARTESIAN_POINT('',(149.25576251021,81.806637127263,
    26.782777665956));
#2764 = CARTESIAN_POINT('',(149.27986576546,81.987591333283,
    26.666598526353));
#2765 = CARTESIAN_POINT('',(149.30593644978,82.194771416399,
    26.575275089435));
#2766 = CARTESIAN_POINT('',(149.33216977128,82.420703230733,
    26.518209068078));
#2767 = CARTESIAN_POINT('',(149.356784582,82.655334087111,26.50045520134
    ));
#2768 = CARTESIAN_POINT('',(149.37877106567,82.887875744999,
    26.522500610837));
#2769 = CARTESIAN_POINT('',(149.40994387069,83.251529993508,
    26.617213148099));
#2770 = CARTESIAN_POINT('',(149.42101415268,83.390714785173,
    26.6696222232));
#2771 = CARTESIAN_POINT('',(149.43082144093,83.524239962031,
    26.736704852165));
#2772 = CARTESIAN_POINT('',(149.4393599736,83.650306739762,
    26.817663765758));
#2773 = CARTESIAN_POINT('',(149.44668253911,83.767234089688,
    26.911419805852));
#2774 = CARTESIAN_POINT('',(149.45287917197,83.873508270812,
    27.016634968312));
#2775 = CARTESIAN_POINT('',(149.46373820595,84.071661047321,
    27.258385380223));
#2776 = CARTESIAN_POINT('',(149.46818616252,84.161052866859,
    27.397027277352));
#2777 = CARTESIAN_POINT('',(149.471526339,84.234350024387,27.54561554298
    ));
#2778 = CARTESIAN_POINT('',(149.47391070645,84.290241270024,
    27.701842092164));
#2779 = CARTESIAN_POINT('',(149.47545940273,84.327814715821,
    27.863198948008));
#2780 = CARTESIAN_POINT('',(149.4762337914,84.346595106289,
    28.027058521049));
#2781 = CARTESIAN_POINT('',(149.4762337914,84.346595106289,
    28.342158149249));
#2782 = CARTESIAN_POINT('',(149.47557191428,84.330541176328,
    28.493606330635));
#2783 = CARTESIAN_POINT('',(149.47424548346,84.298367468599,
    28.643950825965));
#2784 = CARTESIAN_POINT('',(149.47218431247,84.249784952242,
    28.791948352415));
#2785 = CARTESIAN_POINT('',(149.46925157426,84.184319646994,
    28.93615713617));
#2786 = CARTESIAN_POINT('',(149.46522943373,84.101360007359,
    29.074768436991));
#2787 = CARTESIAN_POINT('',(149.45616958157,83.932456528483,
    29.292899804478));
#2788 = CARTESIAN_POINT('',(149.4518942877,83.856338001324,
    29.377049087909));
#2789 = CARTESIAN_POINT('',(149.44689178759,83.771835365821,
    29.456763343059));
#2790 = CARTESIAN_POINT('',(149.44106254312,83.678990339681,
    29.530962686678));
#2791 = CARTESIAN_POINT('',(149.43429853672,83.577966536527,
    29.598500163336));
#2792 = CARTESIAN_POINT('',(149.42649149597,83.469069928598,
    29.658149314578));
#2793 = CARTESIAN_POINT('',(149.41117285584,83.269901653344,
    29.744533507425));
#2794 = CARTESIAN_POINT('',(149.40422081377,83.183264285997,
    29.775803804585));
#2795 = CARTESIAN_POINT('',(149.39668731998,83.093445627444,
    29.801741656585));
#2796 = CARTESIAN_POINT('',(149.38858596389,83.001113840168,
    29.821832860892));
#2797 = CARTESIAN_POINT('',(149.3799490863,82.906998909589,
    29.835710903504));
#2798 = CARTESIAN_POINT('',(149.37082939528,82.811867807872,
    29.843160853761));
#2799 = CARTESIAN_POINT('',(149.36130158202,82.716499657752,
    29.844123259141));
#2800 = FACE_BOUND('',#2801,.T.);
#2801 = EDGE_LOOP('',(#2802));
#2802 = ORIENTED_EDGE('',*,*,#2803,.F.);
#2803 = EDGE_CURVE('',#2804,#2804,#2806,.T.);
#2804 = VERTEX_POINT('',#2805);
#2805 = CARTESIAN_POINT('',(144.77584846848,69.936103377619,
    28.190784465515));
#2806 = B_SPLINE_CURVE_WITH_KNOTS('',7,(#2807,#2808,#2809,#2810,#2811,
    #2812,#2813,#2814,#2815,#2816,#2817,#2818,#2819,#2820,#2821,#2822,
    #2823,#2824,#2825,#2826,#2827,#2828,#2829,#2830,#2831,#2832,#2833,
    #2834,#2835,#2836,#2837,#2838,#2839,#2840,#2841,#2842,#2843,#2844,
    #2845,#2846,#2847,#2848,#2849,#2850),.UNSPECIFIED.,.T.,.F.,(8,6,6,6,
    6,6,6,8),(0.,0.152328179175,0.284925984395,0.420718224121,
    0.588026133422,0.713994798123,0.83731428467,1.),.UNSPECIFIED.);
#2807 = CARTESIAN_POINT('',(144.77584846848,69.936103377619,
    28.190784465515));
#2808 = CARTESIAN_POINT('',(144.77584846848,69.936103377619,
    28.38840232445));
#2809 = CARTESIAN_POINT('',(144.7606272506,69.913340164128,
    28.586014319679));
#2810 = CARTESIAN_POINT('',(144.73013731635,69.867741566255,
    28.781213314734));
#2811 = CARTESIAN_POINT('',(144.68373828401,69.798657346835,
    28.971230905097));
#2812 = CARTESIAN_POINT('',(144.62039341888,69.705140445898,
    29.152434024088));
#2813 = CARTESIAN_POINT('',(144.53875654654,69.586270132328,
    29.319771467965));
#2814 = CARTESIAN_POINT('',(144.34957384795,69.316040614549,
    29.592599409424));
#2815 = CARTESIAN_POINT('',(144.24379974703,69.166665561349,
    29.707552088865));
#2816 = CARTESIAN_POINT('',(144.12183720495,68.997057720389,
    29.7975309786));
#2817 = CARTESIAN_POINT('',(143.98739425479,68.813821725153,
    29.853594254575));
#2818 = CARTESIAN_POINT('',(143.84596013762,68.625455194643,
    29.8709272226));
#2819 = CARTESIAN_POINT('',(143.70409918929,68.440491298365,
    29.849117008162));
#2820 = CARTESIAN_POINT('',(143.42872790061,68.087873965101,
    29.734336417753));
#2821 = CARTESIAN_POINT('',(143.30024136101,67.926813804841,
    29.641641489038));
#2822 = CARTESIAN_POINT('',(143.18543884797,67.78562222519,
    29.522067643601));
#2823 = CARTESIAN_POINT('',(143.0860108931,67.665153378188,
    29.382175021171));
#2824 = CARTESIAN_POINT('',(143.00281196635,67.565453750044,
    29.227797474167));
#2825 = CARTESIAN_POINT('',(142.93596767233,67.485962669264,
    29.06417291624));
#2826 = CARTESIAN_POINT('',(142.82204965395,67.351179437143,
    28.688734547908));
#2827 = CARTESIAN_POINT('',(142.7823724751,67.304847457505,
    28.471937046036));
#2828 = CARTESIAN_POINT('',(142.76495215088,67.284637422499,
    28.250644673494));
#2829 = CARTESIAN_POINT('',(142.76931746688,67.289707549389,
    28.028199007108));
#2830 = CARTESIAN_POINT('',(142.79550757665,67.320145923065,
    27.807919414923));
#2831 = CARTESIAN_POINT('',(142.84396262431,67.376878632728,
    27.593548790526));
#2832 = CARTESIAN_POINT('',(142.96904569761,67.525378121526,
    27.23806082289));
#2833 = CARTESIAN_POINT('',(143.03631496274,67.605690537402,
    27.090337482727));
#2834 = CARTESIAN_POINT('',(143.11745335559,67.703332781885,
    26.951482337264));
#2835 = CARTESIAN_POINT('',(143.21227252075,67.818683924471,
    26.825856072843));
#2836 = CARTESIAN_POINT('',(143.32003101651,67.951645400295,
    26.718301950693));
#2837 = CARTESIAN_POINT('',(143.43936252112,68.101491766512,
    26.634239405048));
#2838 = CARTESIAN_POINT('',(143.69403569091,68.427604827969,
    26.526867355784));
#2839 = CARTESIAN_POINT('',(143.82552266211,68.598813104112,
    26.503779083602));
#2840 = CARTESIAN_POINT('',(143.95728184574,68.773758560964,
    26.51477155635));
#2841 = CARTESIAN_POINT('',(144.08377098354,68.945301157011,
    26.559945927274));
#2842 = CARTESIAN_POINT('',(144.20018041733,69.106212261102,
    26.635645237966));
#2843 = CARTESIAN_POINT('',(144.30303624051,69.250550450051,
    26.734602561314));
#2844 = CARTESIAN_POINT('',(144.50591575995,69.53854661699,
    26.992911091642));
#2845 = CARTESIAN_POINT('',(144.5989508641,69.673519530221,
    27.167055960068));
#2846 = CARTESIAN_POINT('',(144.67098235296,69.779675977892,
    27.358256175356));
#2847 = CARTESIAN_POINT('',(144.723731217,69.858160448283,
    27.560169503074));
#2848 = CARTESIAN_POINT('',(144.75843620064,69.910063642821,
    27.768278094132));
#2849 = CARTESIAN_POINT('',(144.77584846848,69.936103377619,
    27.979428074033));
#2850 = CARTESIAN_POINT('',(144.77584846848,69.936103377619,
    28.190784465515));
#2851 = FACE_BOUND('',#2852,.T.);
#2852 = EDGE_LOOP('',(#2853));
#2853 = ORIENTED_EDGE('',*,*,#2854,.F.);
#2854 = EDGE_CURVE('',#2855,#2855,#2857,.T.);
#2855 = VERTEX_POINT('',#2856);
#2856 = CARTESIAN_POINT('',(148.11972110971,76.817232696832,
    28.190784465515));
#2857 = B_SPLINE_CURVE_WITH_KNOTS('',7,(#2858,#2859,#2860,#2861,#2862,
    #2863,#2864,#2865,#2866,#2867,#2868,#2869,#2870,#2871,#2872,#2873,
    #2874,#2875,#2876,#2877,#2878,#2879,#2880,#2881,#2882,#2883,#2884,
    #2885,#2886,#2887,#2888,#2889,#2890,#2891,#2892,#2893,#2894,#2895,
    #2896,#2897,#2898,#2899,#2900,#2901),.UNSPECIFIED.,.T.,.F.,(8,6,6,6,
    6,6,6,8),(0.,0.152328178661,0.284925983434,0.420718222664,
    0.588026134603,0.713994798894,0.837314285108,1.),.UNSPECIFIED.);
#2858 = CARTESIAN_POINT('',(148.11972110971,76.817232696832,
    28.190784465515));
#2859 = CARTESIAN_POINT('',(148.11972110971,76.817232696832,
    28.388402324449));
#2860 = CARTESIAN_POINT('',(148.11122947283,76.791199228658,
    28.586014319679));
#2861 = CARTESIAN_POINT('',(148.09422000836,76.739049958893,
    28.781213314734));
#2862 = CARTESIAN_POINT('',(148.068252241,76.659985588702,
    28.971230905098));
#2863 = CARTESIAN_POINT('',(148.03258447982,76.552813794322,
    29.152434024087));
#2864 = CARTESIAN_POINT('',(147.9861700186,76.416283840963,
    29.319771467965));
#2865 = CARTESIAN_POINT('',(147.87719316314,76.104934951937,
    29.592599409424));
#2866 = CARTESIAN_POINT('',(147.81579930143,75.932505660082,
    29.707552088866));
#2867 = CARTESIAN_POINT('',(147.74429776627,75.736217066794,
    29.797530978599));
#2868 = CARTESIAN_POINT('',(147.66447047714,75.523430928363,
    29.853594254576));
#2869 = CARTESIAN_POINT('',(147.57930169083,75.303813449199,
    29.870927222599));
#2870 = CARTESIAN_POINT('',(147.49280100442,75.087356056536,
    29.849117008162));
#2871 = CARTESIAN_POINT('',(147.32315304424,74.673365839384,
    29.734336417769));
#2872 = CARTESIAN_POINT('',(147.24305741565,74.483539981336,
    29.641641489061));
#2873 = CARTESIAN_POINT('',(147.17075711362,74.316544934971,
    29.522067643581));
#2874 = CARTESIAN_POINT('',(147.10764836833,74.173660549639,
    29.382175021123));
#2875 = CARTESIAN_POINT('',(147.05454117087,74.055162858391,
    29.227797474157));
#2876 = CARTESIAN_POINT('',(147.01170819596,73.960546116623,
    29.064172916302));
#2877 = CARTESIAN_POINT('',(146.93852480263,73.799959609703,
    28.688734543809));
#2878 = CARTESIAN_POINT('',(146.9128695508,73.744617598462,
    28.471937062144));
#2879 = CARTESIAN_POINT('',(146.90156981807,73.720446757761,
    28.250644644428));
#2880 = CARTESIAN_POINT('',(146.90439983406,73.726509195796,
    28.028199036061));
#2881 = CARTESIAN_POINT('',(146.92137345123,73.762900313254,
    27.807919399013));
#2882 = CARTESIAN_POINT('',(146.95266370562,73.830630741547,
    27.593548794532));
#2883 = CARTESIAN_POINT('',(147.03288275334,74.007443576639,
    27.238060822778));
#2884 = CARTESIAN_POINT('',(147.07590252232,74.102966022406,
    27.090337482745));
#2885 = CARTESIAN_POINT('',(147.12758298161,74.218925398075,
    26.951482337352));
#2886 = CARTESIAN_POINT('',(147.18764020296,74.355635640319,
    26.825856072881));
#2887 = CARTESIAN_POINT('',(147.25538710062,74.512801175199,
    26.718301950652));
#2888 = CARTESIAN_POINT('',(147.32970471377,74.68935381289,
    26.634239405018));
#2889 = CARTESIAN_POINT('',(147.48660118606,75.07222670192,
    26.526867355784));
#2890 = CARTESIAN_POINT('',(147.56683842069,75.272633996186,
    26.503779083602));
#2891 = CARTESIAN_POINT('',(147.64632615164,75.476712647623,
    26.51477155635));
#2892 = CARTESIAN_POINT('',(147.72166162411,75.676089002354,
    26.559945927274));
#2893 = CARTESIAN_POINT('',(147.79017131523,75.862502419034,
    26.635645237966));
#2894 = CARTESIAN_POINT('',(147.85011917906,76.029292966648,
    26.734602561314));
#2895 = CARTESIAN_POINT('',(147.96747261436,76.361452661379,
    26.992911091642));
#2896 = CARTESIAN_POINT('',(148.0205012834,76.516569321254,
    27.167055960069));
#2897 = CARTESIAN_POINT('',(148.06111022089,76.638260080825,
    27.358256175355));
#2898 = CARTESIAN_POINT('',(148.0906463926,76.728092532145,
    27.560169503075));
#2899 = CARTESIAN_POINT('',(148.11000707855,76.787451957112,
    27.768278094131));
#2900 = CARTESIAN_POINT('',(148.11972110971,76.817232696832,
    27.979428074033));
#2901 = CARTESIAN_POINT('',(148.11972110971,76.817232696832,
    28.190784465515));
#2902 = CYLINDRICAL_SURFACE('',#2903,28.);
#2903 = AXIS2_PLACEMENT_3D('',#2904,#2905,#2906);
#2904 = CARTESIAN_POINT('',(121.5,85.5,0.));
#2905 = DIRECTION('',(0.,0.,1.));
#2906 = DIRECTION('',(1.,0.,-0.));
#2907 = ADVANCED_FACE('',(#2908),#2927,.T.);
#2908 = FACE_BOUND('',#2909,.T.);
#2909 = EDGE_LOOP('',(#2910,#2918,#2919,#2920));
#2910 = ORIENTED_EDGE('',*,*,#2911,.T.);
#2911 = EDGE_CURVE('',#2912,#1876,#2914,.T.);
#2912 = VERTEX_POINT('',#2913);
#2913 = CARTESIAN_POINT('',(208.49340089457,69.14768365412,7.));
#2914 = LINE('',#2915,#2916);
#2915 = CARTESIAN_POINT('',(208.49340089457,69.14768365412,7.));
#2916 = VECTOR('',#2917,1.);
#2917 = DIRECTION('',(0.971996544991,-0.234995141492,0.));
#2918 = ORIENTED_EDGE('',*,*,#1931,.F.);
#2919 = ORIENTED_EDGE('',*,*,#1693,.F.);
#2920 = ORIENTED_EDGE('',*,*,#2921,.T.);
#2921 = EDGE_CURVE('',#1686,#2912,#2922,.T.);
#2922 = CIRCLE('',#2923,4.5486315613);
#2923 = AXIS2_PLACEMENT_3D('',#2924,#2925,#2926);
#2924 = CARTESIAN_POINT('',(207.42449457723,64.726429492098,7.));
#2925 = DIRECTION('',(0.971996544991,-0.234995141492,0.));
#2926 = DIRECTION('',(0.234995141492,0.971996544991,0.));
#2927 = CYLINDRICAL_SURFACE('',#2928,4.5486315613);
#2928 = AXIS2_PLACEMENT_3D('',#2929,#2930,#2931);
#2929 = CARTESIAN_POINT('',(207.42449457723,64.726429492098,7.));
#2930 = DIRECTION('',(0.971996544991,-0.234995141492,0.));
#2931 = DIRECTION('',(0.234995141492,0.971996544991,0.));
#2932 = ADVANCED_FACE('',(#2933,#2944),#2994,.F.);
#2933 = FACE_BOUND('',#2934,.F.);
#2934 = EDGE_LOOP('',(#2935,#2936,#2943));
#2935 = ORIENTED_EDGE('',*,*,#2921,.T.);
#2936 = ORIENTED_EDGE('',*,*,#2937,.T.);
#2937 = EDGE_CURVE('',#2912,#1678,#2938,.T.);
#2938 = CIRCLE('',#2939,4.5486315613);
#2939 = AXIS2_PLACEMENT_3D('',#2940,#2941,#2942);
#2940 = CARTESIAN_POINT('',(207.42449457723,64.726429492098,7.));
#2941 = DIRECTION('',(0.971996544991,-0.234995141492,0.));
#2942 = DIRECTION('',(0.234995141492,0.971996544991,0.));
#2943 = ORIENTED_EDGE('',*,*,#1685,.T.);
#2944 = FACE_BOUND('',#2945,.F.);
#2945 = EDGE_LOOP('',(#2946,#2956,#2964,#2972,#2980,#2988));
#2946 = ORIENTED_EDGE('',*,*,#2947,.T.);
#2947 = EDGE_CURVE('',#2948,#2950,#2952,.T.);
#2948 = VERTEX_POINT('',#2949);
#2949 = CARTESIAN_POINT('',(206.7430086669,61.907639511623,8.67431578065
    ));
#2950 = VERTEX_POINT('',#2951);
#2951 = CARTESIAN_POINT('',(207.42449457723,64.726429492098,
    10.3486315613));
#2952 = LINE('',#2953,#2954);
#2953 = CARTESIAN_POINT('',(207.25412309965,64.021731996979,
    9.930052616137));
#2954 = VECTOR('',#2955,1.);
#2955 = DIRECTION('',(0.203511762298,0.841773700353,0.5));
#2956 = ORIENTED_EDGE('',*,*,#2957,.T.);
#2957 = EDGE_CURVE('',#2950,#2958,#2960,.T.);
#2958 = VERTEX_POINT('',#2959);
#2959 = CARTESIAN_POINT('',(208.10598048756,67.545219472573,
    8.67431578065));
#2960 = LINE('',#2961,#2962);
#2961 = CARTESIAN_POINT('',(207.93560900998,66.840521977454,
    9.092894725812));
#2962 = VECTOR('',#2963,1.);
#2963 = DIRECTION('',(0.203511762298,0.841773700353,-0.5));
#2964 = ORIENTED_EDGE('',*,*,#2965,.T.);
#2965 = EDGE_CURVE('',#2958,#2966,#2968,.T.);
#2966 = VERTEX_POINT('',#2967);
#2967 = CARTESIAN_POINT('',(208.10598048756,67.545219472573,
    5.32568421935));
#2968 = LINE('',#2969,#2970);
#2969 = CARTESIAN_POINT('',(208.10598048756,67.545219472573,
    6.162842109675));
#2970 = VECTOR('',#2971,1.);
#2971 = DIRECTION('',(0.,-0.,-1.));
#2972 = ORIENTED_EDGE('',*,*,#2973,.T.);
#2973 = EDGE_CURVE('',#2966,#2974,#2976,.T.);
#2974 = VERTEX_POINT('',#2975);
#2975 = CARTESIAN_POINT('',(207.42449457723,64.726429492098,3.6513684387
    ));
#2976 = LINE('',#2977,#2978);
#2977 = CARTESIAN_POINT('',(207.59486605481,65.431126987216,
    4.069947383863));
#2978 = VECTOR('',#2979,1.);
#2979 = DIRECTION('',(-0.203511762298,-0.841773700353,-0.5));
#2980 = ORIENTED_EDGE('',*,*,#2981,.T.);
#2981 = EDGE_CURVE('',#2974,#2982,#2984,.T.);
#2982 = VERTEX_POINT('',#2983);
#2983 = CARTESIAN_POINT('',(206.7430086669,61.907639511623,5.32568421935
    ));
#2984 = LINE('',#2985,#2986);
#2985 = CARTESIAN_POINT('',(206.91338014448,62.612337006742,
    4.907105274188));
#2986 = VECTOR('',#2987,1.);
#2987 = DIRECTION('',(-0.203511762298,-0.841773700353,0.5));
#2988 = ORIENTED_EDGE('',*,*,#2989,.T.);
#2989 = EDGE_CURVE('',#2982,#2948,#2990,.T.);
#2990 = LINE('',#2991,#2992);
#2991 = CARTESIAN_POINT('',(206.7430086669,61.907639511623,
    7.837157890325));
#2992 = VECTOR('',#2993,1.);
#2993 = DIRECTION('',(-0.,0.,1.));
#2994 = PLANE('',#2995);
#2995 = AXIS2_PLACEMENT_3D('',#2996,#2997,#2998);
#2996 = CARTESIAN_POINT('',(207.42449457723,64.726429492098,7.));
#2997 = DIRECTION('',(0.971996544991,-0.234995141492,0.));
#2998 = DIRECTION('',(0.234995141492,0.971996544991,0.));
#2999 = ADVANCED_FACE('',(#3000),#3006,.T.);
#3000 = FACE_BOUND('',#3001,.T.);
#3001 = EDGE_LOOP('',(#3002,#3003,#3004,#3005));
#3002 = ORIENTED_EDGE('',*,*,#1875,.F.);
#3003 = ORIENTED_EDGE('',*,*,#2911,.F.);
#3004 = ORIENTED_EDGE('',*,*,#2937,.T.);
#3005 = ORIENTED_EDGE('',*,*,#1677,.T.);
#3006 = CYLINDRICAL_SURFACE('',#3007,4.5486315613);
#3007 = AXIS2_PLACEMENT_3D('',#3008,#3009,#3010);
#3008 = CARTESIAN_POINT('',(207.42449457723,64.726429492098,7.));
#3009 = DIRECTION('',(0.971996544991,-0.234995141492,0.));
#3010 = DIRECTION('',(0.234995141492,0.971996544991,0.));
#3011 = ADVANCED_FACE('',(#3012),#3031,.T.);
#3012 = FACE_BOUND('',#3013,.T.);
#3013 = EDGE_LOOP('',(#3014,#3022,#3023,#3024));
#3014 = ORIENTED_EDGE('',*,*,#3015,.T.);
#3015 = EDGE_CURVE('',#3016,#1795,#3018,.T.);
#3016 = VERTEX_POINT('',#3017);
#3017 = CARTESIAN_POINT('',(137.85231634588,-1.493400894578,7.));
#3018 = LINE('',#3019,#3020);
#3019 = CARTESIAN_POINT('',(137.85231634588,-1.493400894578,7.));
#3020 = VECTOR('',#3021,1.);
#3021 = DIRECTION('',(0.234995141492,-0.971996544991,0.));
#3022 = ORIENTED_EDGE('',*,*,#1813,.F.);
#3023 = ORIENTED_EDGE('',*,*,#1660,.F.);
#3024 = ORIENTED_EDGE('',*,*,#3025,.T.);
#3025 = EDGE_CURVE('',#1653,#3016,#3026,.T.);
#3026 = CIRCLE('',#3027,4.5486315613);
#3027 = AXIS2_PLACEMENT_3D('',#3028,#3029,#3030);
#3028 = CARTESIAN_POINT('',(142.2735705079,-0.424494577235,7.));
#3029 = DIRECTION('',(0.234995141492,-0.971996544991,0.));
#3030 = DIRECTION('',(-0.971996544991,-0.234995141492,0.));
#3031 = CYLINDRICAL_SURFACE('',#3032,4.5486315613);
#3032 = AXIS2_PLACEMENT_3D('',#3033,#3034,#3035);
#3033 = CARTESIAN_POINT('',(142.2735705079,-0.424494577235,7.));
#3034 = DIRECTION('',(0.234995141492,-0.971996544991,0.));
#3035 = DIRECTION('',(-0.971996544991,-0.234995141492,0.));
#3036 = ADVANCED_FACE('',(#3037,#3048),#3098,.F.);
#3037 = FACE_BOUND('',#3038,.F.);
#3038 = EDGE_LOOP('',(#3039,#3040,#3047));
#3039 = ORIENTED_EDGE('',*,*,#3025,.T.);
#3040 = ORIENTED_EDGE('',*,*,#3041,.T.);
#3041 = EDGE_CURVE('',#3016,#1645,#3042,.T.);
#3042 = CIRCLE('',#3043,4.5486315613);
#3043 = AXIS2_PLACEMENT_3D('',#3044,#3045,#3046);
#3044 = CARTESIAN_POINT('',(142.2735705079,-0.424494577235,7.));
#3045 = DIRECTION('',(0.234995141492,-0.971996544991,0.));
#3046 = DIRECTION('',(-0.971996544991,-0.234995141492,0.));
#3047 = ORIENTED_EDGE('',*,*,#1652,.T.);
#3048 = FACE_BOUND('',#3049,.F.);
#3049 = EDGE_LOOP('',(#3050,#3060,#3068,#3076,#3084,#3092));
#3050 = ORIENTED_EDGE('',*,*,#3051,.T.);
#3051 = EDGE_CURVE('',#3052,#3054,#3056,.T.);
#3052 = VERTEX_POINT('',#3053);
#3053 = CARTESIAN_POINT('',(139.45478052742,-1.105980487562,
    8.67431578065));
#3054 = VERTEX_POINT('',#3055);
#3055 = CARTESIAN_POINT('',(142.2735705079,-0.424494577235,10.3486315613
    ));
#3056 = LINE('',#3057,#3058);
#3057 = CARTESIAN_POINT('',(141.56887301278,-0.594866054816,
    9.930052616137));
#3058 = VECTOR('',#3059,1.);
#3059 = DIRECTION('',(0.841773700353,0.203511762298,0.5));
#3060 = ORIENTED_EDGE('',*,*,#3061,.T.);
#3061 = EDGE_CURVE('',#3054,#3062,#3064,.T.);
#3062 = VERTEX_POINT('',#3063);
#3063 = CARTESIAN_POINT('',(145.09236048837,0.256991333093,8.67431578065
    ));
#3064 = LINE('',#3065,#3066);
#3065 = CARTESIAN_POINT('',(144.38766299325,8.661985551077E-02,
    9.092894725812));
#3066 = VECTOR('',#3067,1.);
#3067 = DIRECTION('',(0.841773700353,0.203511762298,-0.5));
#3068 = ORIENTED_EDGE('',*,*,#3069,.T.);
#3069 = EDGE_CURVE('',#3062,#3070,#3072,.T.);
#3070 = VERTEX_POINT('',#3071);
#3071 = CARTESIAN_POINT('',(145.09236048837,0.256991333093,5.32568421935
    ));
#3072 = LINE('',#3073,#3074);
#3073 = CARTESIAN_POINT('',(145.09236048837,0.256991333093,
    6.162842109675));
#3074 = VECTOR('',#3075,1.);
#3075 = DIRECTION('',(-2.271892212505E-17,-5.492649481971E-18,-1.));
#3076 = ORIENTED_EDGE('',*,*,#3077,.T.);
#3077 = EDGE_CURVE('',#3070,#3078,#3080,.T.);
#3078 = VERTEX_POINT('',#3079);
#3079 = CARTESIAN_POINT('',(142.2735705079,-0.424494577235,3.6513684387)
  );
#3080 = LINE('',#3081,#3082);
#3081 = CARTESIAN_POINT('',(142.97826800302,-0.254123099653,
    4.069947383863));
#3082 = VECTOR('',#3083,1.);
#3083 = DIRECTION('',(-0.841773700353,-0.203511762298,-0.5));
#3084 = ORIENTED_EDGE('',*,*,#3085,.T.);
#3085 = EDGE_CURVE('',#3078,#3086,#3088,.T.);
#3086 = VERTEX_POINT('',#3087);
#3087 = CARTESIAN_POINT('',(139.45478052742,-1.105980487562,
    5.32568421935));
#3088 = LINE('',#3089,#3090);
#3089 = CARTESIAN_POINT('',(140.15947802254,-0.93560900998,
    4.907105274188));
#3090 = VECTOR('',#3091,1.);
#3091 = DIRECTION('',(-0.841773700353,-0.203511762298,0.5));
#3092 = ORIENTED_EDGE('',*,*,#3093,.T.);
#3093 = EDGE_CURVE('',#3086,#3052,#3094,.T.);
#3094 = LINE('',#3095,#3096);
#3095 = CARTESIAN_POINT('',(139.45478052742,-1.105980487562,
    7.837157890325));
#3096 = VECTOR('',#3097,1.);
#3097 = DIRECTION('',(-7.572974041684E-18,-1.830883160657E-18,1.));
#3098 = PLANE('',#3099);
#3099 = AXIS2_PLACEMENT_3D('',#3100,#3101,#3102);
#3100 = CARTESIAN_POINT('',(142.2735705079,-0.424494577235,7.));
#3101 = DIRECTION('',(0.234995141492,-0.971996544991,0.));
#3102 = DIRECTION('',(-0.971996544991,-0.234995141492,0.));
#3103 = ADVANCED_FACE('',(#3104),#3110,.T.);
#3104 = FACE_BOUND('',#3105,.T.);
#3105 = EDGE_LOOP('',(#3106,#3107,#3108,#3109));
#3106 = ORIENTED_EDGE('',*,*,#1794,.F.);
#3107 = ORIENTED_EDGE('',*,*,#3015,.F.);
#3108 = ORIENTED_EDGE('',*,*,#3041,.T.);
#3109 = ORIENTED_EDGE('',*,*,#1644,.T.);
#3110 = CYLINDRICAL_SURFACE('',#3111,4.5486315613);
#3111 = AXIS2_PLACEMENT_3D('',#3112,#3113,#3114);
#3112 = CARTESIAN_POINT('',(142.2735705079,-0.424494577235,7.));
#3113 = DIRECTION('',(0.234995141492,-0.971996544991,0.));
#3114 = DIRECTION('',(-0.971996544991,-0.234995141492,0.));
#3115 = ADVANCED_FACE('',(#3116),#3141,.F.);
#3116 = FACE_BOUND('',#3117,.F.);
#3117 = EDGE_LOOP('',(#3118,#3119,#3127,#3135));
#3118 = ORIENTED_EDGE('',*,*,#1718,.T.);
#3119 = ORIENTED_EDGE('',*,*,#3120,.T.);
#3120 = EDGE_CURVE('',#1721,#3121,#3123,.T.);
#3121 = VERTEX_POINT('',#3122);
#3122 = CARTESIAN_POINT('',(131.5,6.5,10.));
#3123 = LINE('',#3124,#3125);
#3124 = CARTESIAN_POINT('',(131.5,6.5,0.));
#3125 = VECTOR('',#3126,1.);
#3126 = DIRECTION('',(0.,0.,1.));
#3127 = ORIENTED_EDGE('',*,*,#3128,.T.);
#3128 = EDGE_CURVE('',#3121,#3129,#3131,.T.);
#3129 = VERTEX_POINT('',#3130);
#3130 = CARTESIAN_POINT('',(147.5,6.5,10.));
#3131 = LINE('',#3132,#3133);
#3132 = CARTESIAN_POINT('',(131.5,6.5,10.));
#3133 = VECTOR('',#3134,1.);
#3134 = DIRECTION('',(1.,0.,-0.));
#3135 = ORIENTED_EDGE('',*,*,#3136,.F.);
#3136 = EDGE_CURVE('',#1719,#3129,#3137,.T.);
#3137 = LINE('',#3138,#3139);
#3138 = CARTESIAN_POINT('',(147.5,6.5,0.));
#3139 = VECTOR('',#3140,1.);
#3140 = DIRECTION('',(0.,0.,1.));
#3141 = PLANE('',#3142);
#3142 = AXIS2_PLACEMENT_3D('',#3143,#3144,#3145);
#3143 = CARTESIAN_POINT('',(131.5,6.5,0.));
#3144 = DIRECTION('',(-0.,1.,0.));
#3145 = DIRECTION('',(0.,0.,1.));
#3146 = ADVANCED_FACE('',(#3147),#3165,.T.);
#3147 = FACE_BOUND('',#3148,.T.);
#3148 = EDGE_LOOP('',(#3149,#3150,#3151,#3159));
#3149 = ORIENTED_EDGE('',*,*,#3136,.F.);
#3150 = ORIENTED_EDGE('',*,*,#1744,.T.);
#3151 = ORIENTED_EDGE('',*,*,#3152,.T.);
#3152 = EDGE_CURVE('',#1737,#3153,#3155,.T.);
#3153 = VERTEX_POINT('',#3154);
#3154 = CARTESIAN_POINT('',(147.5,54.5,10.));
#3155 = LINE('',#3156,#3157);
#3156 = CARTESIAN_POINT('',(147.5,54.5,0.));
#3157 = VECTOR('',#3158,1.);
#3158 = DIRECTION('',(0.,0.,1.));
#3159 = ORIENTED_EDGE('',*,*,#3160,.F.);
#3160 = EDGE_CURVE('',#3129,#3153,#3161,.T.);
#3161 = LINE('',#3162,#3163);
#3162 = CARTESIAN_POINT('',(147.5,6.5,10.));
#3163 = VECTOR('',#3164,1.);
#3164 = DIRECTION('',(-0.,1.,0.));
#3165 = PLANE('',#3166);
#3166 = AXIS2_PLACEMENT_3D('',#3167,#3168,#3169);
#3167 = CARTESIAN_POINT('',(147.5,6.5,0.));
#3168 = DIRECTION('',(1.,0.,-0.));
#3169 = DIRECTION('',(0.,0.,1.));
#3170 = ADVANCED_FACE('',(#3171),#3189,.F.);
#3171 = FACE_BOUND('',#3172,.F.);
#3172 = EDGE_LOOP('',(#3173,#3174,#3175,#3183));
#3173 = ORIENTED_EDGE('',*,*,#3120,.F.);
#3174 = ORIENTED_EDGE('',*,*,#1728,.T.);
#3175 = ORIENTED_EDGE('',*,*,#3176,.T.);
#3176 = EDGE_CURVE('',#1729,#3177,#3179,.T.);
#3177 = VERTEX_POINT('',#3178);
#3178 = CARTESIAN_POINT('',(131.5,54.5,10.));
#3179 = LINE('',#3180,#3181);
#3180 = CARTESIAN_POINT('',(131.5,54.5,0.));
#3181 = VECTOR('',#3182,1.);
#3182 = DIRECTION('',(0.,0.,1.));
#3183 = ORIENTED_EDGE('',*,*,#3184,.F.);
#3184 = EDGE_CURVE('',#3121,#3177,#3185,.T.);
#3185 = LINE('',#3186,#3187);
#3186 = CARTESIAN_POINT('',(131.5,6.5,10.));
#3187 = VECTOR('',#3188,1.);
#3188 = DIRECTION('',(-0.,1.,0.));
#3189 = PLANE('',#3190);
#3190 = AXIS2_PLACEMENT_3D('',#3191,#3192,#3193);
#3191 = CARTESIAN_POINT('',(131.5,6.5,0.));
#3192 = DIRECTION('',(1.,0.,-0.));
#3193 = DIRECTION('',(0.,0.,1.));
#3194 = ADVANCED_FACE('',(#3195),#3206,.T.);
#3195 = FACE_BOUND('',#3196,.T.);
#3196 = EDGE_LOOP('',(#3197,#3198,#3199,#3205));
#3197 = ORIENTED_EDGE('',*,*,#1736,.T.);
#3198 = ORIENTED_EDGE('',*,*,#3176,.T.);
#3199 = ORIENTED_EDGE('',*,*,#3200,.T.);
#3200 = EDGE_CURVE('',#3177,#3153,#3201,.T.);
#3201 = LINE('',#3202,#3203);
#3202 = CARTESIAN_POINT('',(131.5,54.5,10.));
#3203 = VECTOR('',#3204,1.);
#3204 = DIRECTION('',(1.,0.,-0.));
#3205 = ORIENTED_EDGE('',*,*,#3152,.F.);
#3206 = PLANE('',#3207);
#3207 = AXIS2_PLACEMENT_3D('',#3208,#3209,#3210);
#3208 = CARTESIAN_POINT('',(131.5,54.5,0.));
#3209 = DIRECTION('',(-0.,1.,0.));
#3210 = DIRECTION('',(0.,0.,1.));
#3211 = ADVANCED_FACE('',(#3212),#3237,.F.);
#3212 = FACE_BOUND('',#3213,.F.);
#3213 = EDGE_LOOP('',(#3214,#3215,#3223,#3231));
#3214 = ORIENTED_EDGE('',*,*,#1752,.T.);
#3215 = ORIENTED_EDGE('',*,*,#3216,.T.);
#3216 = EDGE_CURVE('',#1755,#3217,#3219,.T.);
#3217 = VERTEX_POINT('',#3218);
#3218 = CARTESIAN_POINT('',(152.5,59.5,10.));
#3219 = LINE('',#3220,#3221);
#3220 = CARTESIAN_POINT('',(152.5,59.5,0.));
#3221 = VECTOR('',#3222,1.);
#3222 = DIRECTION('',(0.,0.,1.));
#3223 = ORIENTED_EDGE('',*,*,#3224,.T.);
#3224 = EDGE_CURVE('',#3217,#3225,#3227,.T.);
#3225 = VERTEX_POINT('',#3226);
#3226 = CARTESIAN_POINT('',(200.5,59.5,10.));
#3227 = LINE('',#3228,#3229);
#3228 = CARTESIAN_POINT('',(152.5,59.5,10.));
#3229 = VECTOR('',#3230,1.);
#3230 = DIRECTION('',(1.,0.,-0.));
#3231 = ORIENTED_EDGE('',*,*,#3232,.F.);
#3232 = EDGE_CURVE('',#1753,#3225,#3233,.T.);
#3233 = LINE('',#3234,#3235);
#3234 = CARTESIAN_POINT('',(200.5,59.5,0.));
#3235 = VECTOR('',#3236,1.);
#3236 = DIRECTION('',(0.,0.,1.));
#3237 = PLANE('',#3238);
#3238 = AXIS2_PLACEMENT_3D('',#3239,#3240,#3241);
#3239 = CARTESIAN_POINT('',(152.5,59.5,0.));
#3240 = DIRECTION('',(-0.,1.,0.));
#3241 = DIRECTION('',(0.,0.,1.));
#3242 = ADVANCED_FACE('',(#3243),#3261,.T.);
#3243 = FACE_BOUND('',#3244,.T.);
#3244 = EDGE_LOOP('',(#3245,#3246,#3247,#3255));
#3245 = ORIENTED_EDGE('',*,*,#3232,.F.);
#3246 = ORIENTED_EDGE('',*,*,#1778,.T.);
#3247 = ORIENTED_EDGE('',*,*,#3248,.T.);
#3248 = EDGE_CURVE('',#1771,#3249,#3251,.T.);
#3249 = VERTEX_POINT('',#3250);
#3250 = CARTESIAN_POINT('',(200.5,75.5,10.));
#3251 = LINE('',#3252,#3253);
#3252 = CARTESIAN_POINT('',(200.5,75.5,0.));
#3253 = VECTOR('',#3254,1.);
#3254 = DIRECTION('',(0.,0.,1.));
#3255 = ORIENTED_EDGE('',*,*,#3256,.F.);
#3256 = EDGE_CURVE('',#3225,#3249,#3257,.T.);
#3257 = LINE('',#3258,#3259);
#3258 = CARTESIAN_POINT('',(200.5,59.5,10.));
#3259 = VECTOR('',#3260,1.);
#3260 = DIRECTION('',(-0.,1.,0.));
#3261 = PLANE('',#3262);
#3262 = AXIS2_PLACEMENT_3D('',#3263,#3264,#3265);
#3263 = CARTESIAN_POINT('',(200.5,59.5,0.));
#3264 = DIRECTION('',(1.,0.,-0.));
#3265 = DIRECTION('',(0.,0.,1.));
#3266 = ADVANCED_FACE('',(#3267),#3285,.F.);
#3267 = FACE_BOUND('',#3268,.F.);
#3268 = EDGE_LOOP('',(#3269,#3270,#3271,#3279));
#3269 = ORIENTED_EDGE('',*,*,#3216,.F.);
#3270 = ORIENTED_EDGE('',*,*,#1762,.T.);
#3271 = ORIENTED_EDGE('',*,*,#3272,.T.);
#3272 = EDGE_CURVE('',#1763,#3273,#3275,.T.);
#3273 = VERTEX_POINT('',#3274);
#3274 = CARTESIAN_POINT('',(152.5,75.5,10.));
#3275 = LINE('',#3276,#3277);
#3276 = CARTESIAN_POINT('',(152.5,75.5,0.));
#3277 = VECTOR('',#3278,1.);
#3278 = DIRECTION('',(0.,0.,1.));
#3279 = ORIENTED_EDGE('',*,*,#3280,.F.);
#3280 = EDGE_CURVE('',#3217,#3273,#3281,.T.);
#3281 = LINE('',#3282,#3283);
#3282 = CARTESIAN_POINT('',(152.5,59.5,10.));
#3283 = VECTOR('',#3284,1.);
#3284 = DIRECTION('',(-0.,1.,0.));
#3285 = PLANE('',#3286);
#3286 = AXIS2_PLACEMENT_3D('',#3287,#3288,#3289);
#3287 = CARTESIAN_POINT('',(152.5,59.5,0.));
#3288 = DIRECTION('',(1.,0.,-0.));
#3289 = DIRECTION('',(0.,0.,1.));
#3290 = ADVANCED_FACE('',(#3291),#3302,.T.);
#3291 = FACE_BOUND('',#3292,.T.);
#3292 = EDGE_LOOP('',(#3293,#3294,#3295,#3301));
#3293 = ORIENTED_EDGE('',*,*,#1770,.T.);
#3294 = ORIENTED_EDGE('',*,*,#3272,.T.);
#3295 = ORIENTED_EDGE('',*,*,#3296,.T.);
#3296 = EDGE_CURVE('',#3273,#3249,#3297,.T.);
#3297 = LINE('',#3298,#3299);
#3298 = CARTESIAN_POINT('',(152.5,75.5,10.));
#3299 = VECTOR('',#3300,1.);
#3300 = DIRECTION('',(1.,0.,-0.));
#3301 = ORIENTED_EDGE('',*,*,#3248,.F.);
#3302 = PLANE('',#3303);
#3303 = AXIS2_PLACEMENT_3D('',#3304,#3305,#3306);
#3304 = CARTESIAN_POINT('',(152.5,75.5,0.));
#3305 = DIRECTION('',(-0.,1.,0.));
#3306 = DIRECTION('',(0.,0.,1.));
#3307 = ADVANCED_FACE('',(#3308,#3342),#3353,.F.);
#3308 = FACE_BOUND('',#3309,.T.);
#3309 = EDGE_LOOP('',(#3310,#3316,#3317,#3324,#3325,#3334,#3341));
#3310 = ORIENTED_EDGE('',*,*,#3311,.F.);
#3311 = EDGE_CURVE('',#1971,#1960,#3312,.T.);
#3312 = LINE('',#3313,#3314);
#3313 = CARTESIAN_POINT('',(158.51855859315,1.506582395416,
    12.979268947182));
#3314 = VECTOR('',#3315,1.);
#3315 = DIRECTION('',(0.797080055223,0.603873650333,8.380430382045E-18)
  );
#3316 = ORIENTED_EDGE('',*,*,#1979,.F.);
#3317 = ORIENTED_EDGE('',*,*,#3318,.T.);
#3318 = EDGE_CURVE('',#1980,#2052,#3319,.T.);
#3319 = CIRCLE('',#3320,5.414656965084);
#3320 = AXIS2_PLACEMENT_3D('',#3321,#3322,#3323);
#3321 = CARTESIAN_POINT('',(163.21854394015,3.938204282453,
    21.934155881141));
#3322 = DIRECTION('',(0.600846695681,-0.793084641315,-1.E-01));
#3323 = DIRECTION('',(-0.797080055223,-0.603873650333,
    -6.938893903907E-18));
#3324 = ORIENTED_EDGE('',*,*,#2114,.F.);
#3325 = ORIENTED_EDGE('',*,*,#3326,.T.);
#3326 = EDGE_CURVE('',#2115,#3327,#3329,.T.);
#3327 = VERTEX_POINT('',#3328);
#3328 = CARTESIAN_POINT('',(184.40919063454,19.99239242629,
    21.934155881141));
#3329 = CIRCLE('',#3330,5.414656965084);
#3330 = AXIS2_PLACEMENT_3D('',#3331,#3332,#3333);
#3331 = CARTESIAN_POINT('',(188.72510570728,23.262161093094,
    21.934155881141));
#3332 = DIRECTION('',(0.600846695681,-0.793084641315,-1.E-01));
#3333 = DIRECTION('',(-0.797080055223,-0.603873650333,
    -6.938893903907E-18));
#3334 = ORIENTED_EDGE('',*,*,#3335,.T.);
#3335 = EDGE_CURVE('',#3327,#1962,#3336,.T.);
#3336 = CIRCLE('',#3337,5.414656965084);
#3337 = AXIS2_PLACEMENT_3D('',#3338,#3339,#3340);
#3338 = CARTESIAN_POINT('',(188.72510570728,23.262161093094,
    21.934155881141));
#3339 = DIRECTION('',(0.600846695681,-0.793084641315,-1.E-01));
#3340 = DIRECTION('',(-0.797080055223,-0.603873650333,
    -6.938893903907E-18));
#3341 = ORIENTED_EDGE('',*,*,#1959,.F.);
#3342 = FACE_BOUND('',#3343,.T.);
#3343 = EDGE_LOOP('',(#3344));
#3344 = ORIENTED_EDGE('',*,*,#3345,.T.);
#3345 = EDGE_CURVE('',#3346,#3346,#3348,.T.);
#3346 = VERTEX_POINT('',#3347);
#3347 = CARTESIAN_POINT('',(172.78350460282,11.184688086443,
    21.934155881141));
#3348 = CIRCLE('',#3349,4.);
#3349 = AXIS2_PLACEMENT_3D('',#3350,#3351,#3352);
#3350 = CARTESIAN_POINT('',(175.97182482371,13.600182687773,
    21.934155881141));
#3351 = DIRECTION('',(0.600846695681,-0.793084641315,-1.E-01));
#3352 = DIRECTION('',(-0.797080055223,-0.603873650333,
    -6.938893903907E-18));
#3353 = PLANE('',#3354);
#3354 = AXIS2_PLACEMENT_3D('',#3355,#3356,#3357);
#3355 = CARTESIAN_POINT('',(158.51855859315,1.506582395416,
    12.979268947182));
#3356 = DIRECTION('',(0.600846695681,-0.793084641315,-0.1));
#3357 = DIRECTION('',(-6.038736503325E-02,7.970800552228E-02,
    -0.994987437107));
#3358 = ADVANCED_FACE('',(#3359),#3363,.F.);
#3359 = FACE_BOUND('',#3360,.T.);
#3360 = EDGE_LOOP('',(#3361,#3362));
#3361 = ORIENTED_EDGE('',*,*,#1970,.F.);
#3362 = ORIENTED_EDGE('',*,*,#3311,.T.);
#3363 = PLANE('',#3364);
#3364 = AXIS2_PLACEMENT_3D('',#3365,#3366,#3367);
#3365 = CARTESIAN_POINT('',(158.51855859315,1.506582395416,
    12.979268947182));
#3366 = DIRECTION('',(6.038736503325E-02,-7.970800552228E-02,
    0.994987437107));
#3367 = DIRECTION('',(-0.797080055223,-0.603873650333,
    -8.380430382045E-18));
#3368 = ADVANCED_FACE('',(#3369),#3390,.T.);
#3369 = FACE_BOUND('',#3370,.T.);
#3370 = EDGE_LOOP('',(#3371,#3372,#3380,#3387,#3388,#3389));
#3371 = ORIENTED_EDGE('',*,*,#3335,.F.);
#3372 = ORIENTED_EDGE('',*,*,#3373,.F.);
#3373 = EDGE_CURVE('',#3374,#3327,#3376,.T.);
#3374 = VERTEX_POINT('',#3375);
#3375 = CARTESIAN_POINT('',(183.02202832866,21.823370490588,
    22.165023807326));
#3376 = LINE('',#3377,#3378);
#3377 = CARTESIAN_POINT('',(183.02202832866,21.823370490588,
    22.165023807326));
#3378 = VECTOR('',#3379,1.);
#3379 = DIRECTION('',(0.600846695681,-0.793084641315,-0.1));
#3380 = ORIENTED_EDGE('',*,*,#3381,.T.);
#3381 = EDGE_CURVE('',#3374,#3374,#3382,.T.);
#3382 = CIRCLE('',#3383,5.414656965084);
#3383 = AXIS2_PLACEMENT_3D('',#3384,#3385,#3386);
#3384 = CARTESIAN_POINT('',(187.33794340141,25.093139157392,
    22.165023807326));
#3385 = DIRECTION('',(0.600846695681,-0.793084641315,-1.E-01));
#3386 = DIRECTION('',(-0.797080055223,-0.603873650333,
    -6.938893903907E-18));
#3387 = ORIENTED_EDGE('',*,*,#3373,.T.);
#3388 = ORIENTED_EDGE('',*,*,#3326,.F.);
#3389 = ORIENTED_EDGE('',*,*,#2123,.F.);
#3390 = CYLINDRICAL_SURFACE('',#3391,5.414656965084);
#3391 = AXIS2_PLACEMENT_3D('',#3392,#3393,#3394);
#3392 = CARTESIAN_POINT('',(187.33794340141,25.093139157392,
    22.165023807326));
#3393 = DIRECTION('',(0.600846695681,-0.793084641315,-0.1));
#3394 = DIRECTION('',(-0.797080055223,-0.603873650333,
    -6.938893903907E-18));
#3395 = ADVANCED_FACE('',(#3396),#3417,.T.);
#3396 = FACE_BOUND('',#3397,.T.);
#3397 = EDGE_LOOP('',(#3398,#3399,#3407,#3414,#3415,#3416));
#3398 = ORIENTED_EDGE('',*,*,#1988,.F.);
#3399 = ORIENTED_EDGE('',*,*,#3400,.F.);
#3400 = EDGE_CURVE('',#3401,#1989,#3403,.T.);
#3401 = VERTEX_POINT('',#3402);
#3402 = CARTESIAN_POINT('',(157.51546656153,2.499413679947,
    22.165023807326));
#3403 = LINE('',#3404,#3405);
#3404 = CARTESIAN_POINT('',(157.51546656153,2.499413679947,
    22.165023807326));
#3405 = VECTOR('',#3406,1.);
#3406 = DIRECTION('',(0.600846695681,-0.793084641315,-0.1));
#3407 = ORIENTED_EDGE('',*,*,#3408,.T.);
#3408 = EDGE_CURVE('',#3401,#3401,#3409,.T.);
#3409 = CIRCLE('',#3410,5.414656965084);
#3410 = AXIS2_PLACEMENT_3D('',#3411,#3412,#3413);
#3411 = CARTESIAN_POINT('',(161.83138163428,5.769182346751,
    22.165023807326));
#3412 = DIRECTION('',(0.600846695681,-0.793084641315,-1.E-01));
#3413 = DIRECTION('',(-0.797080055223,-0.603873650333,
    -6.938893903907E-18));
#3414 = ORIENTED_EDGE('',*,*,#3400,.T.);
#3415 = ORIENTED_EDGE('',*,*,#2051,.F.);
#3416 = ORIENTED_EDGE('',*,*,#3318,.F.);
#3417 = CYLINDRICAL_SURFACE('',#3418,5.414656965084);
#3418 = AXIS2_PLACEMENT_3D('',#3419,#3420,#3421);
#3419 = CARTESIAN_POINT('',(161.83138163428,5.769182346751,
    22.165023807326));
#3420 = DIRECTION('',(0.600846695681,-0.793084641315,-0.1));
#3421 = DIRECTION('',(-0.797080055223,-0.603873650333,
    -6.938893903907E-18));
#3422 = ADVANCED_FACE('',(#3423),#3442,.F.);
#3423 = FACE_BOUND('',#3424,.F.);
#3424 = EDGE_LOOP('',(#3425,#3433,#3440,#3441));
#3425 = ORIENTED_EDGE('',*,*,#3426,.T.);
#3426 = EDGE_CURVE('',#2231,#3427,#3429,.T.);
#3427 = VERTEX_POINT('',#3428);
#3428 = CARTESIAN_POINT('',(144.5,14.5,5.));
#3429 = LINE('',#3430,#3431);
#3430 = CARTESIAN_POINT('',(144.5,14.5,-0.2));
#3431 = VECTOR('',#3432,1.);
#3432 = DIRECTION('',(0.,0.,1.));
#3433 = ORIENTED_EDGE('',*,*,#3434,.F.);
#3434 = EDGE_CURVE('',#3427,#3427,#3435,.T.);
#3435 = CIRCLE('',#3436,5.);
#3436 = AXIS2_PLACEMENT_3D('',#3437,#3438,#3439);
#3437 = CARTESIAN_POINT('',(139.5,14.5,5.));
#3438 = DIRECTION('',(0.,0.,1.));
#3439 = DIRECTION('',(1.,0.,-0.));
#3440 = ORIENTED_EDGE('',*,*,#3426,.F.);
#3441 = ORIENTED_EDGE('',*,*,#2230,.T.);
#3442 = CYLINDRICAL_SURFACE('',#3443,5.);
#3443 = AXIS2_PLACEMENT_3D('',#3444,#3445,#3446);
#3444 = CARTESIAN_POINT('',(139.5,14.5,-0.2));
#3445 = DIRECTION('',(0.,0.,1.));
#3446 = DIRECTION('',(1.,0.,-0.));
#3447 = ADVANCED_FACE('',(#3448),#3467,.F.);
#3448 = FACE_BOUND('',#3449,.F.);
#3449 = EDGE_LOOP('',(#3450,#3458,#3465,#3466));
#3450 = ORIENTED_EDGE('',*,*,#3451,.T.);
#3451 = EDGE_CURVE('',#2242,#3452,#3454,.T.);
#3452 = VERTEX_POINT('',#3453);
#3453 = CARTESIAN_POINT('',(144.5,46.5,5.));
#3454 = LINE('',#3455,#3456);
#3455 = CARTESIAN_POINT('',(144.5,46.5,-0.2));
#3456 = VECTOR('',#3457,1.);
#3457 = DIRECTION('',(0.,0.,1.));
#3458 = ORIENTED_EDGE('',*,*,#3459,.F.);
#3459 = EDGE_CURVE('',#3452,#3452,#3460,.T.);
#3460 = CIRCLE('',#3461,5.);
#3461 = AXIS2_PLACEMENT_3D('',#3462,#3463,#3464);
#3462 = CARTESIAN_POINT('',(139.5,46.5,5.));
#3463 = DIRECTION('',(0.,0.,1.));
#3464 = DIRECTION('',(1.,0.,-0.));
#3465 = ORIENTED_EDGE('',*,*,#3451,.F.);
#3466 = ORIENTED_EDGE('',*,*,#2241,.T.);
#3467 = CYLINDRICAL_SURFACE('',#3468,5.);
#3468 = AXIS2_PLACEMENT_3D('',#3469,#3470,#3471);
#3469 = CARTESIAN_POINT('',(139.5,46.5,-0.2));
#3470 = DIRECTION('',(0.,0.,1.));
#3471 = DIRECTION('',(1.,0.,-0.));
#3472 = ADVANCED_FACE('',(#3473),#3492,.F.);
#3473 = FACE_BOUND('',#3474,.F.);
#3474 = EDGE_LOOP('',(#3475,#3483,#3490,#3491));
#3475 = ORIENTED_EDGE('',*,*,#3476,.T.);
#3476 = EDGE_CURVE('',#2265,#3477,#3479,.T.);
#3477 = VERTEX_POINT('',#3478);
#3478 = CARTESIAN_POINT('',(165.5,67.5,5.));
#3479 = LINE('',#3480,#3481);
#3480 = CARTESIAN_POINT('',(165.5,67.5,-0.2));
#3481 = VECTOR('',#3482,1.);
#3482 = DIRECTION('',(0.,0.,1.));
#3483 = ORIENTED_EDGE('',*,*,#3484,.F.);
#3484 = EDGE_CURVE('',#3477,#3477,#3485,.T.);
#3485 = CIRCLE('',#3486,5.);
#3486 = AXIS2_PLACEMENT_3D('',#3487,#3488,#3489);
#3487 = CARTESIAN_POINT('',(160.5,67.5,5.));
#3488 = DIRECTION('',(0.,0.,1.));
#3489 = DIRECTION('',(1.,0.,-0.));
#3490 = ORIENTED_EDGE('',*,*,#3476,.F.);
#3491 = ORIENTED_EDGE('',*,*,#2264,.T.);
#3492 = CYLINDRICAL_SURFACE('',#3493,5.);
#3493 = AXIS2_PLACEMENT_3D('',#3494,#3495,#3496);
#3494 = CARTESIAN_POINT('',(160.5,67.5,-0.2));
#3495 = DIRECTION('',(0.,0.,1.));
#3496 = DIRECTION('',(1.,0.,-0.));
#3497 = ADVANCED_FACE('',(#3498),#3517,.F.);
#3498 = FACE_BOUND('',#3499,.F.);
#3499 = EDGE_LOOP('',(#3500,#3508,#3515,#3516));
#3500 = ORIENTED_EDGE('',*,*,#3501,.T.);
#3501 = EDGE_CURVE('',#2276,#3502,#3504,.T.);
#3502 = VERTEX_POINT('',#3503);
#3503 = CARTESIAN_POINT('',(197.5,67.5,5.));
#3504 = LINE('',#3505,#3506);
#3505 = CARTESIAN_POINT('',(197.5,67.5,-0.2));
#3506 = VECTOR('',#3507,1.);
#3507 = DIRECTION('',(0.,0.,1.));
#3508 = ORIENTED_EDGE('',*,*,#3509,.F.);
#3509 = EDGE_CURVE('',#3502,#3502,#3510,.T.);
#3510 = CIRCLE('',#3511,5.);
#3511 = AXIS2_PLACEMENT_3D('',#3512,#3513,#3514);
#3512 = CARTESIAN_POINT('',(192.5,67.5,5.));
#3513 = DIRECTION('',(0.,0.,1.));
#3514 = DIRECTION('',(1.,0.,-0.));
#3515 = ORIENTED_EDGE('',*,*,#3501,.F.);
#3516 = ORIENTED_EDGE('',*,*,#2275,.T.);
#3517 = CYLINDRICAL_SURFACE('',#3518,5.);
#3518 = AXIS2_PLACEMENT_3D('',#3519,#3520,#3521);
#3519 = CARTESIAN_POINT('',(192.5,67.5,-0.2));
#3520 = DIRECTION('',(0.,0.,1.));
#3521 = DIRECTION('',(1.,0.,-0.));
#3522 = ADVANCED_FACE('',(#3523),#3557,.F.);
#3523 = FACE_BOUND('',#3524,.F.);
#3524 = EDGE_LOOP('',(#3525,#3526,#3527,#3535,#3543,#3551));
#3525 = ORIENTED_EDGE('',*,*,#2573,.F.);
#3526 = ORIENTED_EDGE('',*,*,#2302,.T.);
#3527 = ORIENTED_EDGE('',*,*,#3528,.T.);
#3528 = EDGE_CURVE('',#2295,#3529,#3531,.T.);
#3529 = VERTEX_POINT('',#3530);
#3530 = CARTESIAN_POINT('',(121.5,62.5,4.));
#3531 = LINE('',#3532,#3533);
#3532 = CARTESIAN_POINT('',(121.5,62.5,0.));
#3533 = VECTOR('',#3534,1.);
#3534 = DIRECTION('',(0.,0.,1.));
#3535 = ORIENTED_EDGE('',*,*,#3536,.T.);
#3536 = EDGE_CURVE('',#3529,#3537,#3539,.T.);
#3537 = VERTEX_POINT('',#3538);
#3538 = CARTESIAN_POINT('',(121.5,60.,4.));
#3539 = LINE('',#3540,#3541);
#3540 = CARTESIAN_POINT('',(121.5,-127.25,4.));
#3541 = VECTOR('',#3542,1.);
#3542 = DIRECTION('',(6.123233995737E-17,-1.,0.));
#3543 = ORIENTED_EDGE('',*,*,#3544,.T.);
#3544 = EDGE_CURVE('',#3537,#3545,#3547,.T.);
#3545 = VERTEX_POINT('',#3546);
#3546 = CARTESIAN_POINT('',(121.5,60.,35.));
#3547 = LINE('',#3548,#3549);
#3548 = CARTESIAN_POINT('',(121.5,60.,-198.));
#3549 = VECTOR('',#3550,1.);
#3550 = DIRECTION('',(0.,-0.,1.));
#3551 = ORIENTED_EDGE('',*,*,#3552,.F.);
#3552 = EDGE_CURVE('',#2565,#3545,#3553,.T.);
#3553 = LINE('',#3554,#3555);
#3554 = CARTESIAN_POINT('',(121.5,-114.5,35.));
#3555 = VECTOR('',#3556,1.);
#3556 = DIRECTION('',(-6.123233995737E-17,1.,0.));
#3557 = PLANE('',#3558);
#3558 = AXIS2_PLACEMENT_3D('',#3559,#3560,#3561);
#3559 = CARTESIAN_POINT('',(121.5,-314.5,-400.));
#3560 = DIRECTION('',(1.,6.123233995737E-17,0.));
#3561 = DIRECTION('',(-6.123233995737E-17,1.,0.));
#3562 = ADVANCED_FACE('',(#3563),#3579,.T.);
#3563 = FACE_BOUND('',#3564,.T.);
#3564 = EDGE_LOOP('',(#3565,#3566,#3572,#3573));
#3565 = ORIENTED_EDGE('',*,*,#3061,.T.);
#3566 = ORIENTED_EDGE('',*,*,#3567,.T.);
#3567 = EDGE_CURVE('',#3062,#2317,#3568,.T.);
#3568 = LINE('',#3569,#3570);
#3569 = CARTESIAN_POINT('',(145.02186194593,0.54859029659,8.67431578065)
  );
#3570 = VECTOR('',#3571,1.);
#3571 = DIRECTION('',(0.234995141492,-0.971996544991,0.));
#3572 = ORIENTED_EDGE('',*,*,#2316,.T.);
#3573 = ORIENTED_EDGE('',*,*,#3574,.F.);
#3574 = EDGE_CURVE('',#3054,#2319,#3575,.T.);
#3575 = LINE('',#3576,#3577);
#3576 = CARTESIAN_POINT('',(142.20307196545,-0.132895613737,
    10.3486315613));
#3577 = VECTOR('',#3578,1.);
#3578 = DIRECTION('',(0.234995141492,-0.971996544991,0.));
#3579 = PLANE('',#3580);
#3580 = AXIS2_PLACEMENT_3D('',#3581,#3582,#3583);
#3581 = CARTESIAN_POINT('',(145.02186194593,0.54859029659,8.67431578065)
  );
#3582 = DIRECTION('',(-0.485998272496,-0.117497570746,-0.866025403784));
#3583 = DIRECTION('',(-0.841773700353,-0.203511762298,0.5));
#3584 = ADVANCED_FACE('',(#3585),#3596,.T.);
#3585 = FACE_BOUND('',#3586,.T.);
#3586 = EDGE_LOOP('',(#3587,#3588,#3594,#3595));
#3587 = ORIENTED_EDGE('',*,*,#3069,.T.);
#3588 = ORIENTED_EDGE('',*,*,#3589,.T.);
#3589 = EDGE_CURVE('',#3070,#2351,#3590,.T.);
#3590 = LINE('',#3591,#3592);
#3591 = CARTESIAN_POINT('',(145.02186194593,0.54859029659,5.32568421935)
  );
#3592 = VECTOR('',#3593,1.);
#3593 = DIRECTION('',(0.234995141492,-0.971996544991,0.));
#3594 = ORIENTED_EDGE('',*,*,#2358,.T.);
#3595 = ORIENTED_EDGE('',*,*,#3567,.F.);
#3596 = PLANE('',#3597);
#3597 = AXIS2_PLACEMENT_3D('',#3598,#3599,#3600);
#3598 = CARTESIAN_POINT('',(145.02186194593,0.54859029659,5.32568421935)
  );
#3599 = DIRECTION('',(-0.971996544991,-0.234995141492,2.337345975366E-17
    ));
#3600 = DIRECTION('',(-3.08148791102E-33,9.946358722674E-17,1.));
#3601 = ADVANCED_FACE('',(#3602),#3613,.T.);
#3602 = FACE_BOUND('',#3603,.T.);
#3603 = EDGE_LOOP('',(#3604,#3605,#3606,#3607));
#3604 = ORIENTED_EDGE('',*,*,#3051,.T.);
#3605 = ORIENTED_EDGE('',*,*,#3574,.T.);
#3606 = ORIENTED_EDGE('',*,*,#2326,.T.);
#3607 = ORIENTED_EDGE('',*,*,#3608,.F.);
#3608 = EDGE_CURVE('',#3052,#2327,#3609,.T.);
#3609 = LINE('',#3610,#3611);
#3610 = CARTESIAN_POINT('',(139.38428198498,-0.814381524064,
    8.67431578065));
#3611 = VECTOR('',#3612,1.);
#3612 = DIRECTION('',(0.234995141492,-0.971996544991,0.));
#3613 = PLANE('',#3614);
#3614 = AXIS2_PLACEMENT_3D('',#3615,#3616,#3617);
#3615 = CARTESIAN_POINT('',(142.20307196545,-0.132895613737,
    10.3486315613));
#3616 = DIRECTION('',(0.485998272496,0.117497570746,-0.866025403784));
#3617 = DIRECTION('',(-0.841773700353,-0.203511762298,-0.5));
#3618 = ADVANCED_FACE('',(#3619),#3630,.T.);
#3619 = FACE_BOUND('',#3620,.T.);
#3620 = EDGE_LOOP('',(#3621,#3622,#3628,#3629));
#3621 = ORIENTED_EDGE('',*,*,#3077,.T.);
#3622 = ORIENTED_EDGE('',*,*,#3623,.T.);
#3623 = EDGE_CURVE('',#3078,#2343,#3624,.T.);
#3624 = LINE('',#3625,#3626);
#3625 = CARTESIAN_POINT('',(142.20307196545,-0.132895613737,3.6513684387
    ));
#3626 = VECTOR('',#3627,1.);
#3627 = DIRECTION('',(0.234995141492,-0.971996544991,0.));
#3628 = ORIENTED_EDGE('',*,*,#2350,.T.);
#3629 = ORIENTED_EDGE('',*,*,#3589,.F.);
#3630 = PLANE('',#3631);
#3631 = AXIS2_PLACEMENT_3D('',#3632,#3633,#3634);
#3632 = CARTESIAN_POINT('',(142.20307196545,-0.132895613737,3.6513684387
    ));
#3633 = DIRECTION('',(-0.485998272496,-0.117497570746,0.866025403784));
#3634 = DIRECTION('',(0.841773700353,0.203511762298,0.5));
#3635 = ADVANCED_FACE('',(#3636),#3647,.T.);
#3636 = FACE_BOUND('',#3637,.T.);
#3637 = EDGE_LOOP('',(#3638,#3639,#3640,#3641));
#3638 = ORIENTED_EDGE('',*,*,#3093,.T.);
#3639 = ORIENTED_EDGE('',*,*,#3608,.T.);
#3640 = ORIENTED_EDGE('',*,*,#2334,.T.);
#3641 = ORIENTED_EDGE('',*,*,#3642,.F.);
#3642 = EDGE_CURVE('',#3086,#2335,#3643,.T.);
#3643 = LINE('',#3644,#3645);
#3644 = CARTESIAN_POINT('',(139.38428198498,-0.814381524064,
    5.32568421935));
#3645 = VECTOR('',#3646,1.);
#3646 = DIRECTION('',(0.234995141492,-0.971996544991,0.));
#3647 = PLANE('',#3648);
#3648 = AXIS2_PLACEMENT_3D('',#3649,#3650,#3651);
#3649 = CARTESIAN_POINT('',(139.38428198498,-0.814381524064,
    8.67431578065));
#3650 = DIRECTION('',(0.971996544991,0.234995141492,7.79115325122E-18));
#3651 = DIRECTION('',(1.54074395551E-33,3.315452907558E-17,-1.));
#3652 = ADVANCED_FACE('',(#3653),#3659,.T.);
#3653 = FACE_BOUND('',#3654,.T.);
#3654 = EDGE_LOOP('',(#3655,#3656,#3657,#3658));
#3655 = ORIENTED_EDGE('',*,*,#3085,.T.);
#3656 = ORIENTED_EDGE('',*,*,#3642,.T.);
#3657 = ORIENTED_EDGE('',*,*,#2342,.T.);
#3658 = ORIENTED_EDGE('',*,*,#3623,.F.);
#3659 = PLANE('',#3660);
#3660 = AXIS2_PLACEMENT_3D('',#3661,#3662,#3663);
#3661 = CARTESIAN_POINT('',(139.38428198498,-0.814381524064,
    5.32568421935));
#3662 = DIRECTION('',(0.485998272496,0.117497570746,0.866025403784));
#3663 = DIRECTION('',(0.841773700353,0.203511762298,-0.5));
#3664 = ADVANCED_FACE('',(#3665),#3681,.T.);
#3665 = FACE_BOUND('',#3666,.T.);
#3666 = EDGE_LOOP('',(#3667,#3668,#3674,#3675));
#3667 = ORIENTED_EDGE('',*,*,#2957,.T.);
#3668 = ORIENTED_EDGE('',*,*,#3669,.T.);
#3669 = EDGE_CURVE('',#2958,#2376,#3670,.T.);
#3670 = LINE('',#3671,#3672);
#3671 = CARTESIAN_POINT('',(207.81438152406,67.61571801502,8.67431578065
    ));
#3672 = VECTOR('',#3673,1.);
#3673 = DIRECTION('',(0.971996544991,-0.234995141492,0.));
#3674 = ORIENTED_EDGE('',*,*,#2375,.T.);
#3675 = ORIENTED_EDGE('',*,*,#3676,.F.);
#3676 = EDGE_CURVE('',#2950,#2378,#3677,.T.);
#3677 = LINE('',#3678,#3679);
#3678 = CARTESIAN_POINT('',(207.13289561373,64.796928034545,
    10.3486315613));
#3679 = VECTOR('',#3680,1.);
#3680 = DIRECTION('',(0.971996544991,-0.234995141492,0.));
#3681 = PLANE('',#3682);
#3682 = AXIS2_PLACEMENT_3D('',#3683,#3684,#3685);
#3683 = CARTESIAN_POINT('',(207.81438152406,67.61571801502,8.67431578065
    ));
#3684 = DIRECTION('',(-0.117497570746,-0.485998272496,-0.866025403784));
#3685 = DIRECTION('',(-0.203511762298,-0.841773700353,0.5));
#3686 = ADVANCED_FACE('',(#3687),#3698,.T.);
#3687 = FACE_BOUND('',#3688,.T.);
#3688 = EDGE_LOOP('',(#3689,#3690,#3696,#3697));
#3689 = ORIENTED_EDGE('',*,*,#2965,.T.);
#3690 = ORIENTED_EDGE('',*,*,#3691,.T.);
#3691 = EDGE_CURVE('',#2966,#2410,#3692,.T.);
#3692 = LINE('',#3693,#3694);
#3693 = CARTESIAN_POINT('',(207.81438152406,67.61571801502,5.32568421935
    ));
#3694 = VECTOR('',#3695,1.);
#3695 = DIRECTION('',(0.971996544991,-0.234995141492,0.));
#3696 = ORIENTED_EDGE('',*,*,#2417,.T.);
#3697 = ORIENTED_EDGE('',*,*,#3669,.F.);
#3698 = PLANE('',#3699);
#3699 = AXIS2_PLACEMENT_3D('',#3700,#3701,#3702);
#3700 = CARTESIAN_POINT('',(207.81438152406,67.61571801502,5.32568421935
    ));
#3701 = DIRECTION('',(-0.234995141492,-0.971996544991,0.));
#3702 = DIRECTION('',(0.,0.,1.));
#3703 = ADVANCED_FACE('',(#3704),#3715,.T.);
#3704 = FACE_BOUND('',#3705,.T.);
#3705 = EDGE_LOOP('',(#3706,#3707,#3708,#3709));
#3706 = ORIENTED_EDGE('',*,*,#2947,.T.);
#3707 = ORIENTED_EDGE('',*,*,#3676,.T.);
#3708 = ORIENTED_EDGE('',*,*,#2385,.T.);
#3709 = ORIENTED_EDGE('',*,*,#3710,.F.);
#3710 = EDGE_CURVE('',#2948,#2386,#3711,.T.);
#3711 = LINE('',#3712,#3713);
#3712 = CARTESIAN_POINT('',(206.45140970341,61.97813805407,8.67431578065
    ));
#3713 = VECTOR('',#3714,1.);
#3714 = DIRECTION('',(0.971996544991,-0.234995141492,0.));
#3715 = PLANE('',#3716);
#3716 = AXIS2_PLACEMENT_3D('',#3717,#3718,#3719);
#3717 = CARTESIAN_POINT('',(207.13289561373,64.796928034545,
    10.3486315613));
#3718 = DIRECTION('',(0.117497570746,0.485998272496,-0.866025403784));
#3719 = DIRECTION('',(-0.203511762298,-0.841773700353,-0.5));
#3720 = ADVANCED_FACE('',(#3721),#3732,.T.);
#3721 = FACE_BOUND('',#3722,.T.);
#3722 = EDGE_LOOP('',(#3723,#3724,#3730,#3731));
#3723 = ORIENTED_EDGE('',*,*,#2973,.T.);
#3724 = ORIENTED_EDGE('',*,*,#3725,.T.);
#3725 = EDGE_CURVE('',#2974,#2402,#3726,.T.);
#3726 = LINE('',#3727,#3728);
#3727 = CARTESIAN_POINT('',(207.13289561373,64.796928034545,3.6513684387
    ));
#3728 = VECTOR('',#3729,1.);
#3729 = DIRECTION('',(0.971996544991,-0.234995141492,0.));
#3730 = ORIENTED_EDGE('',*,*,#2409,.T.);
#3731 = ORIENTED_EDGE('',*,*,#3691,.F.);
#3732 = PLANE('',#3733);
#3733 = AXIS2_PLACEMENT_3D('',#3734,#3735,#3736);
#3734 = CARTESIAN_POINT('',(207.13289561373,64.796928034545,3.6513684387
    ));
#3735 = DIRECTION('',(-0.117497570746,-0.485998272496,0.866025403784));
#3736 = DIRECTION('',(0.203511762298,0.841773700353,0.5));
#3737 = ADVANCED_FACE('',(#3738),#3749,.T.);
#3738 = FACE_BOUND('',#3739,.T.);
#3739 = EDGE_LOOP('',(#3740,#3741,#3742,#3743));
#3740 = ORIENTED_EDGE('',*,*,#2989,.T.);
#3741 = ORIENTED_EDGE('',*,*,#3710,.T.);
#3742 = ORIENTED_EDGE('',*,*,#2393,.T.);
#3743 = ORIENTED_EDGE('',*,*,#3744,.F.);
#3744 = EDGE_CURVE('',#2982,#2394,#3745,.T.);
#3745 = LINE('',#3746,#3747);
#3746 = CARTESIAN_POINT('',(206.45140970341,61.97813805407,5.32568421935
    ));
#3747 = VECTOR('',#3748,1.);
#3748 = DIRECTION('',(0.971996544991,-0.234995141492,0.));
#3749 = PLANE('',#3750);
#3750 = AXIS2_PLACEMENT_3D('',#3751,#3752,#3753);
#3751 = CARTESIAN_POINT('',(206.45140970341,61.97813805407,8.67431578065
    ));
#3752 = DIRECTION('',(0.234995141492,0.971996544991,0.));
#3753 = DIRECTION('',(0.,0.,-1.));
#3754 = ADVANCED_FACE('',(#3755),#3761,.T.);
#3755 = FACE_BOUND('',#3756,.T.);
#3756 = EDGE_LOOP('',(#3757,#3758,#3759,#3760));
#3757 = ORIENTED_EDGE('',*,*,#2981,.T.);
#3758 = ORIENTED_EDGE('',*,*,#3744,.T.);
#3759 = ORIENTED_EDGE('',*,*,#2401,.T.);
#3760 = ORIENTED_EDGE('',*,*,#3725,.F.);
#3761 = PLANE('',#3762);
#3762 = AXIS2_PLACEMENT_3D('',#3763,#3764,#3765);
#3763 = CARTESIAN_POINT('',(206.45140970341,61.97813805407,5.32568421935
    ));
#3764 = DIRECTION('',(0.117497570746,0.485998272496,0.866025403784));
#3765 = DIRECTION('',(0.203511762298,0.841773700353,-0.5));
#3766 = ADVANCED_FACE('',(#3767,#3772),#3783,.T.);
#3767 = FACE_BOUND('',#3768,.F.);
#3768 = EDGE_LOOP('',(#3769,#3770,#3771));
#3769 = ORIENTED_EDGE('',*,*,#2498,.F.);
#3770 = ORIENTED_EDGE('',*,*,#2456,.F.);
#3771 = ORIENTED_EDGE('',*,*,#2447,.F.);
#3772 = FACE_BOUND('',#3773,.F.);
#3773 = EDGE_LOOP('',(#3774));
#3774 = ORIENTED_EDGE('',*,*,#3775,.T.);
#3775 = EDGE_CURVE('',#3776,#3776,#3778,.T.);
#3776 = VERTEX_POINT('',#3777);
#3777 = CARTESIAN_POINT('',(191.36001348821,15.975483760656,
    21.190506637487));
#3778 = CIRCLE('',#3779,2.3);
#3779 = AXIS2_PLACEMENT_3D('',#3780,#3781,#3782);
#3780 = CARTESIAN_POINT('',(193.19329761523,17.364393156421,
    21.190506637487));
#3781 = DIRECTION('',(0.600846695681,-0.793084641315,-1.E-01));
#3782 = DIRECTION('',(-0.797080055223,-0.603873650333,
    -6.938893903907E-18));
#3783 = PLANE('',#3784);
#3784 = AXIS2_PLACEMENT_3D('',#3785,#3786,#3787);
#3785 = CARTESIAN_POINT('',(162.9867505011,-4.391185541258,
    12.235619703528));
#3786 = DIRECTION('',(0.600846695681,-0.793084641315,-0.1));
#3787 = DIRECTION('',(-6.038736503325E-02,7.970800552228E-02,
    -0.994987437107));
#3788 = ADVANCED_FACE('',(#3789,#3793),#3804,.T.);
#3789 = FACE_BOUND('',#3790,.F.);
#3790 = EDGE_LOOP('',(#3791,#3792));
#3791 = ORIENTED_EDGE('',*,*,#2437,.F.);
#3792 = ORIENTED_EDGE('',*,*,#2484,.T.);
#3793 = FACE_BOUND('',#3794,.F.);
#3794 = EDGE_LOOP('',(#3795));
#3795 = ORIENTED_EDGE('',*,*,#3796,.T.);
#3796 = EDGE_CURVE('',#3797,#3797,#3799,.T.);
#3797 = VERTEX_POINT('',#3798);
#3798 = CARTESIAN_POINT('',(165.85345172108,-3.348473049986,
    21.190506637487));
#3799 = CIRCLE('',#3800,2.3);
#3800 = AXIS2_PLACEMENT_3D('',#3801,#3802,#3803);
#3801 = CARTESIAN_POINT('',(167.68673584809,-1.959563654221,
    21.190506637487));
#3802 = DIRECTION('',(0.600846695681,-0.793084641315,-1.E-01));
#3803 = DIRECTION('',(-0.797080055223,-0.603873650333,
    -6.938893903907E-18));
#3804 = PLANE('',#3805);
#3805 = AXIS2_PLACEMENT_3D('',#3806,#3807,#3808);
#3806 = CARTESIAN_POINT('',(162.9867505011,-4.391185541258,
    12.235619703528));
#3807 = DIRECTION('',(0.600846695681,-0.793084641315,-0.1));
#3808 = DIRECTION('',(-6.038736503325E-02,7.970800552228E-02,
    -0.994987437107));
#3809 = ADVANCED_FACE('',(#3810),#3821,.F.);
#3810 = FACE_BOUND('',#3811,.F.);
#3811 = EDGE_LOOP('',(#3812,#3813,#3819,#3820));
#3812 = ORIENTED_EDGE('',*,*,#2465,.F.);
#3813 = ORIENTED_EDGE('',*,*,#3814,.F.);
#3814 = EDGE_CURVE('',#3346,#2466,#3815,.T.);
#3815 = LINE('',#3816,#3817);
#3816 = CARTESIAN_POINT('',(172.66333526368,11.343305014706,
    21.954155881141));
#3817 = VECTOR('',#3818,1.);
#3818 = DIRECTION('',(0.600846695681,-0.793084641315,-0.1));
#3819 = ORIENTED_EDGE('',*,*,#3345,.T.);
#3820 = ORIENTED_EDGE('',*,*,#3814,.T.);
#3821 = CYLINDRICAL_SURFACE('',#3822,4.);
#3822 = AXIS2_PLACEMENT_3D('',#3823,#3824,#3825);
#3823 = CARTESIAN_POINT('',(175.85165548458,13.758799616036,
    21.954155881141));
#3824 = DIRECTION('',(0.600846695681,-0.793084641315,-0.1));
#3825 = DIRECTION('',(-0.797080055223,-0.603873650333,
    -6.938893903907E-18));
#3826 = ADVANCED_FACE('',(#3827),#3856,.F.);
#3827 = FACE_BOUND('',#3828,.F.);
#3828 = EDGE_LOOP('',(#3829,#3830,#3831,#3832,#3841,#3849));
#3829 = ORIENTED_EDGE('',*,*,#3528,.F.);
#3830 = ORIENTED_EDGE('',*,*,#2514,.T.);
#3831 = ORIENTED_EDGE('',*,*,#2531,.T.);
#3832 = ORIENTED_EDGE('',*,*,#3833,.F.);
#3833 = EDGE_CURVE('',#3834,#2532,#3836,.T.);
#3834 = VERTEX_POINT('',#3835);
#3835 = CARTESIAN_POINT('',(123.,62.548965164943,35.));
#3836 = CIRCLE('',#3837,23.);
#3837 = AXIS2_PLACEMENT_3D('',#3838,#3839,#3840);
#3838 = CARTESIAN_POINT('',(121.5,85.5,35.));
#3839 = DIRECTION('',(0.,0.,1.));
#3840 = DIRECTION('',(1.,0.,-0.));
#3841 = ORIENTED_EDGE('',*,*,#3842,.F.);
#3842 = EDGE_CURVE('',#3843,#3834,#3845,.T.);
#3843 = VERTEX_POINT('',#3844);
#3844 = CARTESIAN_POINT('',(123.,62.548965164943,4.));
#3845 = LINE('',#3846,#3847);
#3846 = CARTESIAN_POINT('',(123.,62.548965164943,0.));
#3847 = VECTOR('',#3848,1.);
#3848 = DIRECTION('',(0.,0.,1.));
#3849 = ORIENTED_EDGE('',*,*,#3850,.F.);
#3850 = EDGE_CURVE('',#3529,#3843,#3851,.T.);
#3851 = CIRCLE('',#3852,23.);
#3852 = AXIS2_PLACEMENT_3D('',#3853,#3854,#3855);
#3853 = CARTESIAN_POINT('',(121.5,85.5,4.));
#3854 = DIRECTION('',(0.,0.,1.));
#3855 = DIRECTION('',(1.,0.,-0.));
#3856 = CYLINDRICAL_SURFACE('',#3857,23.);
#3857 = AXIS2_PLACEMENT_3D('',#3858,#3859,#3860);
#3858 = CARTESIAN_POINT('',(121.5,85.5,0.));
#3859 = DIRECTION('',(0.,0.,1.));
#3860 = DIRECTION('',(1.,0.,-0.));
#3861 = ADVANCED_FACE('',(#3862),#3882,.T.);
#3862 = FACE_BOUND('',#3863,.T.);
#3863 = EDGE_LOOP('',(#3864,#3865,#3866,#3867,#3868,#3876));
#3864 = ORIENTED_EDGE('',*,*,#3552,.F.);
#3865 = ORIENTED_EDGE('',*,*,#2564,.T.);
#3866 = ORIENTED_EDGE('',*,*,#2548,.F.);
#3867 = ORIENTED_EDGE('',*,*,#3833,.F.);
#3868 = ORIENTED_EDGE('',*,*,#3869,.F.);
#3869 = EDGE_CURVE('',#3870,#3834,#3872,.T.);
#3870 = VERTEX_POINT('',#3871);
#3871 = CARTESIAN_POINT('',(123.,60.,35.));
#3872 = LINE('',#3873,#3874);
#3873 = CARTESIAN_POINT('',(123.,72.75,35.));
#3874 = VECTOR('',#3875,1.);
#3875 = DIRECTION('',(-0.,1.,0.));
#3876 = ORIENTED_EDGE('',*,*,#3877,.T.);
#3877 = EDGE_CURVE('',#3870,#3545,#3878,.T.);
#3878 = LINE('',#3879,#3880);
#3879 = CARTESIAN_POINT('',(113.25,60.,35.));
#3880 = VECTOR('',#3881,1.);
#3881 = DIRECTION('',(-1.,-0.,0.));
#3882 = PLANE('',#3883);
#3883 = AXIS2_PLACEMENT_3D('',#3884,#3885,#3886);
#3884 = CARTESIAN_POINT('',(121.5,85.5,35.));
#3885 = DIRECTION('',(0.,0.,1.));
#3886 = DIRECTION('',(1.,0.,-0.));
#3887 = ADVANCED_FACE('',(#3888),#3943,.F.);
#3888 = FACE_BOUND('',#3889,.F.);
#3889 = EDGE_LOOP('',(#3890,#3898,#3899,#3900,#3909,#3918,#3927,#3936));
#3890 = ORIENTED_EDGE('',*,*,#3891,.T.);
#3891 = EDGE_CURVE('',#3892,#2582,#3894,.T.);
#3892 = VERTEX_POINT('',#3893);
#3893 = CARTESIAN_POINT('',(123.89949874371,61.791111811385,
    26.946766663017));
#3894 = LINE('',#3895,#3896);
#3895 = CARTESIAN_POINT('',(123.89949874371,61.791111811385,
    26.946766663017));
#3896 = VECTOR('',#3897,1.);
#3897 = DIRECTION('',(9.949874371066E-02,-0.99,-0.1));
#3898 = ORIENTED_EDGE('',*,*,#2581,.F.);
#3899 = ORIENTED_EDGE('',*,*,#3891,.F.);
#3900 = ORIENTED_EDGE('',*,*,#3901,.T.);
#3901 = EDGE_CURVE('',#3892,#3902,#3904,.T.);
#3902 = VERTEX_POINT('',#3903);
#3903 = CARTESIAN_POINT('',(123.,61.397077578005,29.952715623791));
#3904 = CIRCLE('',#3905,1.65);
#3905 = AXIS2_PLACEMENT_3D('',#3906,#3907,#3908);
#3906 = CARTESIAN_POINT('',(123.89949874371,61.625288946548,
    28.588413024904));
#3907 = DIRECTION('',(9.949874371066E-02,-0.99,-0.1));
#3908 = DIRECTION('',(-3.469446951954E-18,0.100498705962,-0.994937189022
    ));
#3909 = ORIENTED_EDGE('',*,*,#3910,.T.);
#3910 = EDGE_CURVE('',#3902,#3911,#3913,.T.);
#3911 = VERTEX_POINT('',#3912);
#3912 = CARTESIAN_POINT('',(123.,60.,29.70785705807));
#3913 = ELLIPSE('',#3914,16.583123951777,1.65);
#3914 = AXIS2_PLACEMENT_3D('',#3915,#3916,#3917);
#3915 = CARTESIAN_POINT('',(123.,70.575188443401,29.492443277111));
#3916 = DIRECTION('',(1.,0.,0.));
#3917 = DIRECTION('',(0.,-0.994937189022,-0.100498705962));
#3918 = ORIENTED_EDGE('',*,*,#3919,.F.);
#3919 = EDGE_CURVE('',#3920,#3911,#3922,.T.);
#3920 = VERTEX_POINT('',#3921);
#3921 = CARTESIAN_POINT('',(123.,60.,27.161991807472));
#3922 = ELLIPSE('',#3923,1.666666666667,1.65);
#3923 = AXIS2_PLACEMENT_3D('',#3924,#3925,#3926);
#3924 = CARTESIAN_POINT('',(124.06284642891,60.,28.424242424242));
#3925 = DIRECTION('',(0.,1.,0.));
#3926 = DIRECTION('',(0.705327893384,0.,-0.708881205008));
#3927 = ORIENTED_EDGE('',*,*,#3928,.T.);
#3928 = EDGE_CURVE('',#3920,#3929,#3931,.T.);
#3929 = VERTEX_POINT('',#3930);
#3930 = CARTESIAN_POINT('',(123.,61.674520403932,27.206031647112));
#3931 = ELLIPSE('',#3932,16.583123951777,1.65);
#3932 = AXIS2_PLACEMENT_3D('',#3933,#3934,#3935);
#3933 = CARTESIAN_POINT('',(123.,70.575188443401,29.492443277111));
#3934 = DIRECTION('',(1.,0.,0.));
#3935 = DIRECTION('',(0.,-0.994937189022,-0.100498705962));
#3936 = ORIENTED_EDGE('',*,*,#3937,.T.);
#3937 = EDGE_CURVE('',#3929,#3892,#3938,.T.);
#3938 = CIRCLE('',#3939,1.65);
#3939 = AXIS2_PLACEMENT_3D('',#3940,#3941,#3942);
#3940 = CARTESIAN_POINT('',(123.89949874371,61.625288946548,
    28.588413024904));
#3941 = DIRECTION('',(9.949874371066E-02,-0.99,-0.1));
#3942 = DIRECTION('',(-3.469446951954E-18,0.100498705962,-0.994937189022
    ));
#3943 = CYLINDRICAL_SURFACE('',#3944,1.65);
#3944 = AXIS2_PLACEMENT_3D('',#3945,#3946,#3947);
#3945 = CARTESIAN_POINT('',(123.89949874371,61.625288946548,
    28.588413024904));
#3946 = DIRECTION('',(9.949874371066E-02,-0.99,-0.1));
#3947 = DIRECTION('',(-1.734723475977E-18,0.100498705962,-0.994937189022
    ));
#3948 = ADVANCED_FACE('',(#3949),#3968,.F.);
#3949 = FACE_BOUND('',#3950,.F.);
#3950 = EDGE_LOOP('',(#3951,#3952,#3960,#3967));
#3951 = ORIENTED_EDGE('',*,*,#2638,.F.);
#3952 = ORIENTED_EDGE('',*,*,#3953,.F.);
#3953 = EDGE_CURVE('',#3954,#2639,#3956,.T.);
#3954 = VERTEX_POINT('',#3955);
#3955 = CARTESIAN_POINT('',(128.73638912378,62.56276837637,
    28.588413024904));
#3956 = LINE('',#3957,#3958);
#3957 = CARTESIAN_POINT('',(128.73638912378,62.56276837637,
    28.588413024904));
#3958 = VECTOR('',#3959,1.);
#3959 = DIRECTION('',(0.363751080054,-0.92611292603,-0.1));
#3960 = ORIENTED_EDGE('',*,*,#3961,.T.);
#3961 = EDGE_CURVE('',#3954,#3954,#3962,.T.);
#3962 = CIRCLE('',#3963,1.65);
#3963 = AXIS2_PLACEMENT_3D('',#3964,#3965,#3966);
#3964 = CARTESIAN_POINT('',(130.27217366835,63.165981301183,
    28.588413024904));
#3965 = DIRECTION('',(0.363751080054,-0.92611292603,-0.1));
#3966 = DIRECTION('',(-0.93077851186,-0.365583590796,-6.938893903907E-18
    ));
#3967 = ORIENTED_EDGE('',*,*,#3953,.T.);
#3968 = CYLINDRICAL_SURFACE('',#3969,1.65);
#3969 = AXIS2_PLACEMENT_3D('',#3970,#3971,#3972);
#3970 = CARTESIAN_POINT('',(130.27217366835,63.165981301183,
    28.588413024904));
#3971 = DIRECTION('',(0.363751080054,-0.92611292603,-0.1));
#3972 = DIRECTION('',(-0.93077851186,-0.365583590796,0.));
#3973 = ADVANCED_FACE('',(#3974),#3993,.F.);
#3974 = FACE_BOUND('',#3975,.F.);
#3975 = EDGE_LOOP('',(#3976,#3977,#3985,#3992));
#3976 = ORIENTED_EDGE('',*,*,#2689,.F.);
#3977 = ORIENTED_EDGE('',*,*,#3978,.F.);
#3978 = EDGE_CURVE('',#3979,#2690,#3981,.T.);
#3979 = VERTEX_POINT('',#3980);
#3980 = CARTESIAN_POINT('',(134.67475856221,65.377682565511,
    28.588413024904));
#3981 = LINE('',#3982,#3983);
#3982 = CARTESIAN_POINT('',(134.67475856221,65.377682565511,
    28.588413024904));
#3983 = VECTOR('',#3984,1.);
#3984 = DIRECTION('',(0.600846695681,-0.793084641315,-0.1));
#3985 = ORIENTED_EDGE('',*,*,#3986,.T.);
#3986 = EDGE_CURVE('',#3979,#3979,#3987,.T.);
#3987 = CIRCLE('',#3988,1.65);
#3988 = AXIS2_PLACEMENT_3D('',#3989,#3990,#3991);
#3989 = CARTESIAN_POINT('',(135.98994065332,66.37407408856,
    28.588413024904));
#3990 = DIRECTION('',(0.600846695681,-0.793084641315,-1.E-01));
#3991 = DIRECTION('',(-0.797080055223,-0.603873650333,
    -6.938893903907E-18));
#3992 = ORIENTED_EDGE('',*,*,#3978,.T.);
#3993 = CYLINDRICAL_SURFACE('',#3994,1.65);
#3994 = AXIS2_PLACEMENT_3D('',#3995,#3996,#3997);
#3995 = CARTESIAN_POINT('',(135.98994065332,66.37407408856,
    28.588413024904));
#3996 = DIRECTION('',(0.600846695681,-0.793084641315,-0.1));
#3997 = DIRECTION('',(-0.797080055223,-0.603873650333,
    -6.938893903907E-18));
#3998 = ADVANCED_FACE('',(#3999),#4018,.F.);
#3999 = FACE_BOUND('',#4000,.F.);
#4000 = EDGE_LOOP('',(#4001,#4002,#4010,#4017));
#4001 = ORIENTED_EDGE('',*,*,#2740,.F.);
#4002 = ORIENTED_EDGE('',*,*,#4003,.F.);
#4003 = EDGE_CURVE('',#4004,#2741,#4006,.T.);
#4004 = VERTEX_POINT('',#4005);
#4005 = CARTESIAN_POINT('',(145.54053391828,83.100501256289,
    30.230059386791));
#4006 = LINE('',#4007,#4008);
#4007 = CARTESIAN_POINT('',(145.54053391828,83.100501256289,
    30.230059386791));
#4008 = VECTOR('',#4009,1.);
#4009 = DIRECTION('',(0.99,-9.949874371066E-02,-0.1));
#4010 = ORIENTED_EDGE('',*,*,#4011,.T.);
#4011 = EDGE_CURVE('',#4004,#4004,#4012,.T.);
#4012 = CIRCLE('',#4013,1.65);
#4013 = AXIS2_PLACEMENT_3D('',#4014,#4015,#4016);
#4014 = CARTESIAN_POINT('',(145.37471105345,83.100501256289,
    28.588413024904));
#4015 = DIRECTION('',(0.99,-9.949874371066E-02,-0.1));
#4016 = DIRECTION('',(0.100498705962,-1.734723475977E-18,0.994937189022)
  );
#4017 = ORIENTED_EDGE('',*,*,#4003,.T.);
#4018 = CYLINDRICAL_SURFACE('',#4019,1.65);
#4019 = AXIS2_PLACEMENT_3D('',#4020,#4021,#4022);
#4020 = CARTESIAN_POINT('',(145.37471105345,83.100501256289,
    28.588413024904));
#4021 = DIRECTION('',(0.99,-9.949874371066E-02,-0.1));
#4022 = DIRECTION('',(0.100498705962,0.,0.994937189022));
#4023 = ADVANCED_FACE('',(#4024),#4043,.F.);
#4024 = FACE_BOUND('',#4025,.F.);
#4025 = EDGE_LOOP('',(#4026,#4027,#4035,#4042));
#4026 = ORIENTED_EDGE('',*,*,#2803,.F.);
#4027 = ORIENTED_EDGE('',*,*,#4028,.F.);
#4028 = EDGE_CURVE('',#4029,#2804,#4031,.T.);
#4029 = VERTEX_POINT('',#4030);
#4030 = CARTESIAN_POINT('',(141.62231743448,72.325241437789,
    28.588413024904));
#4031 = LINE('',#4032,#4033);
#4032 = CARTESIAN_POINT('',(141.62231743448,72.325241437789,
    28.588413024904));
#4033 = VECTOR('',#4034,1.);
#4034 = DIRECTION('',(0.793084641315,-0.600846695681,-0.1));
#4035 = ORIENTED_EDGE('',*,*,#4036,.T.);
#4036 = EDGE_CURVE('',#4029,#4029,#4037,.T.);
#4037 = CIRCLE('',#4038,1.65);
#4038 = AXIS2_PLACEMENT_3D('',#4039,#4040,#4041);
#4039 = CARTESIAN_POINT('',(140.62592591144,71.010059346671,
    28.588413024904));
#4040 = DIRECTION('',(0.793084641315,-0.600846695681,-0.1));
#4041 = DIRECTION('',(0.603873650333,0.797080055223,-6.938893903907E-18)
  );
#4042 = ORIENTED_EDGE('',*,*,#4028,.T.);
#4043 = CYLINDRICAL_SURFACE('',#4044,1.65);
#4044 = AXIS2_PLACEMENT_3D('',#4045,#4046,#4047);
#4045 = CARTESIAN_POINT('',(140.62592591144,71.010059346671,
    28.588413024904));
#4046 = DIRECTION('',(0.793084641315,-0.600846695681,-0.1));
#4047 = DIRECTION('',(0.603873650333,0.797080055223,-6.938893903907E-18)
  );
#4048 = ADVANCED_FACE('',(#4049),#4068,.F.);
#4049 = FACE_BOUND('',#4050,.F.);
#4050 = EDGE_LOOP('',(#4051,#4052,#4060,#4067));
#4051 = ORIENTED_EDGE('',*,*,#2854,.F.);
#4052 = ORIENTED_EDGE('',*,*,#4053,.F.);
#4053 = EDGE_CURVE('',#4054,#2855,#4056,.T.);
#4054 = VERTEX_POINT('',#4055);
#4055 = CARTESIAN_POINT('',(144.43723162363,78.263610876212,
    28.588413024904));
#4056 = LINE('',#4057,#4058);
#4057 = CARTESIAN_POINT('',(144.43723162363,78.263610876212,
    28.588413024904));
#4058 = VECTOR('',#4059,1.);
#4059 = DIRECTION('',(0.92611292603,-0.363751080054,-0.1));
#4060 = ORIENTED_EDGE('',*,*,#4061,.T.);
#4061 = EDGE_CURVE('',#4054,#4054,#4062,.T.);
#4062 = CIRCLE('',#4063,1.65);
#4063 = AXIS2_PLACEMENT_3D('',#4064,#4065,#4066);
#4064 = CARTESIAN_POINT('',(143.83401869881,76.727826331643,
    28.588413024904));
#4065 = DIRECTION('',(0.92611292603,-0.363751080054,-1.E-01));
#4066 = DIRECTION('',(0.365583590796,0.93077851186,0.));
#4067 = ORIENTED_EDGE('',*,*,#4053,.T.);
#4068 = CYLINDRICAL_SURFACE('',#4069,1.65);
#4069 = AXIS2_PLACEMENT_3D('',#4070,#4071,#4072);
#4070 = CARTESIAN_POINT('',(143.83401869881,76.727826331643,
    28.588413024904));
#4071 = DIRECTION('',(0.92611292603,-0.363751080054,-0.1));
#4072 = DIRECTION('',(0.365583590796,0.93077851186,6.938893903907E-18));
#4073 = ADVANCED_FACE('',(#4074,#4080,#4091),#4102,.T.);
#4074 = FACE_BOUND('',#4075,.T.);
#4075 = EDGE_LOOP('',(#4076,#4077,#4078,#4079));
#4076 = ORIENTED_EDGE('',*,*,#3184,.F.);
#4077 = ORIENTED_EDGE('',*,*,#3128,.T.);
#4078 = ORIENTED_EDGE('',*,*,#3160,.T.);
#4079 = ORIENTED_EDGE('',*,*,#3200,.F.);
#4080 = FACE_BOUND('',#4081,.T.);
#4081 = EDGE_LOOP('',(#4082));
#4082 = ORIENTED_EDGE('',*,*,#4083,.F.);
#4083 = EDGE_CURVE('',#4084,#4084,#4086,.T.);
#4084 = VERTEX_POINT('',#4085);
#4085 = CARTESIAN_POINT('',(141.15,14.5,10.));
#4086 = CIRCLE('',#4087,1.65);
#4087 = AXIS2_PLACEMENT_3D('',#4088,#4089,#4090);
#4088 = CARTESIAN_POINT('',(139.5,14.5,10.));
#4089 = DIRECTION('',(0.,0.,1.));
#4090 = DIRECTION('',(1.,0.,-0.));
#4091 = FACE_BOUND('',#4092,.T.);
#4092 = EDGE_LOOP('',(#4093));
#4093 = ORIENTED_EDGE('',*,*,#4094,.F.);
#4094 = EDGE_CURVE('',#4095,#4095,#4097,.T.);
#4095 = VERTEX_POINT('',#4096);
#4096 = CARTESIAN_POINT('',(141.25,46.5,10.));
#4097 = CIRCLE('',#4098,1.75);
#4098 = AXIS2_PLACEMENT_3D('',#4099,#4100,#4101);
#4099 = CARTESIAN_POINT('',(139.5,46.5,10.));
#4100 = DIRECTION('',(0.,0.,1.));
#4101 = DIRECTION('',(1.,0.,-0.));
#4102 = PLANE('',#4103);
#4103 = AXIS2_PLACEMENT_3D('',#4104,#4105,#4106);
#4104 = CARTESIAN_POINT('',(131.5,6.5,10.));
#4105 = DIRECTION('',(0.,0.,1.));
#4106 = DIRECTION('',(1.,0.,-0.));
#4107 = ADVANCED_FACE('',(#4108,#4114,#4125),#4136,.T.);
#4108 = FACE_BOUND('',#4109,.T.);
#4109 = EDGE_LOOP('',(#4110,#4111,#4112,#4113));
#4110 = ORIENTED_EDGE('',*,*,#3280,.F.);
#4111 = ORIENTED_EDGE('',*,*,#3224,.T.);
#4112 = ORIENTED_EDGE('',*,*,#3256,.T.);
#4113 = ORIENTED_EDGE('',*,*,#3296,.F.);
#4114 = FACE_BOUND('',#4115,.T.);
#4115 = EDGE_LOOP('',(#4116));
#4116 = ORIENTED_EDGE('',*,*,#4117,.F.);
#4117 = EDGE_CURVE('',#4118,#4118,#4120,.T.);
#4118 = VERTEX_POINT('',#4119);
#4119 = CARTESIAN_POINT('',(162.25,67.5,10.));
#4120 = CIRCLE('',#4121,1.75);
#4121 = AXIS2_PLACEMENT_3D('',#4122,#4123,#4124);
#4122 = CARTESIAN_POINT('',(160.5,67.5,10.));
#4123 = DIRECTION('',(0.,0.,1.));
#4124 = DIRECTION('',(1.,0.,-0.));
#4125 = FACE_BOUND('',#4126,.T.);
#4126 = EDGE_LOOP('',(#4127));
#4127 = ORIENTED_EDGE('',*,*,#4128,.F.);
#4128 = EDGE_CURVE('',#4129,#4129,#4131,.T.);
#4129 = VERTEX_POINT('',#4130);
#4130 = CARTESIAN_POINT('',(194.15,67.5,10.));
#4131 = CIRCLE('',#4132,1.65);
#4132 = AXIS2_PLACEMENT_3D('',#4133,#4134,#4135);
#4133 = CARTESIAN_POINT('',(192.5,67.5,10.));
#4134 = DIRECTION('',(0.,0.,1.));
#4135 = DIRECTION('',(1.,0.,-0.));
#4136 = PLANE('',#4137);
#4137 = AXIS2_PLACEMENT_3D('',#4138,#4139,#4140);
#4138 = CARTESIAN_POINT('',(152.5,59.5,10.));
#4139 = DIRECTION('',(0.,0.,1.));
#4140 = DIRECTION('',(1.,0.,-0.));
#4141 = ADVANCED_FACE('',(#4142,#4145),#4156,.F.);
#4142 = FACE_BOUND('',#4143,.F.);
#4143 = EDGE_LOOP('',(#4144));
#4144 = ORIENTED_EDGE('',*,*,#3381,.T.);
#4145 = FACE_BOUND('',#4146,.F.);
#4146 = EDGE_LOOP('',(#4147));
#4147 = ORIENTED_EDGE('',*,*,#4148,.F.);
#4148 = EDGE_CURVE('',#4149,#4149,#4151,.T.);
#4149 = VERTEX_POINT('',#4150);
#4150 = CARTESIAN_POINT('',(185.50465927439,23.704229761627,
    22.165023807326));
#4151 = CIRCLE('',#4152,2.3);
#4152 = AXIS2_PLACEMENT_3D('',#4153,#4154,#4155);
#4153 = CARTESIAN_POINT('',(187.33794340141,25.093139157392,
    22.165023807326));
#4154 = DIRECTION('',(0.600846695681,-0.793084641315,-1.E-01));
#4155 = DIRECTION('',(-0.797080055223,-0.603873650333,
    -6.938893903907E-18));
#4156 = PLANE('',#4157);
#4157 = AXIS2_PLACEMENT_3D('',#4158,#4159,#4160);
#4158 = CARTESIAN_POINT('',(187.33794340141,25.093139157392,
    22.165023807326));
#4159 = DIRECTION('',(0.600846695681,-0.793084641315,-0.1));
#4160 = DIRECTION('',(-0.797080055223,-0.603873650333,
    -6.938893903907E-18));
#4161 = ADVANCED_FACE('',(#4162,#4165),#4176,.F.);
#4162 = FACE_BOUND('',#4163,.F.);
#4163 = EDGE_LOOP('',(#4164));
#4164 = ORIENTED_EDGE('',*,*,#3408,.T.);
#4165 = FACE_BOUND('',#4166,.F.);
#4166 = EDGE_LOOP('',(#4167));
#4167 = ORIENTED_EDGE('',*,*,#4168,.F.);
#4168 = EDGE_CURVE('',#4169,#4169,#4171,.T.);
#4169 = VERTEX_POINT('',#4170);
#4170 = CARTESIAN_POINT('',(159.99809750726,4.380272950986,
    22.165023807326));
#4171 = CIRCLE('',#4172,2.3);
#4172 = AXIS2_PLACEMENT_3D('',#4173,#4174,#4175);
#4173 = CARTESIAN_POINT('',(161.83138163428,5.769182346751,
    22.165023807326));
#4174 = DIRECTION('',(0.600846695681,-0.793084641315,-1.E-01));
#4175 = DIRECTION('',(-0.797080055223,-0.603873650333,
    -6.938893903907E-18));
#4176 = PLANE('',#4177);
#4177 = AXIS2_PLACEMENT_3D('',#4178,#4179,#4180);
#4178 = CARTESIAN_POINT('',(161.83138163428,5.769182346751,
    22.165023807326));
#4179 = DIRECTION('',(0.600846695681,-0.793084641315,-0.1));
#4180 = DIRECTION('',(-0.797080055223,-0.603873650333,
    -6.938893903907E-18));
#4181 = ADVANCED_FACE('',(#4182,#4185),#4235,.F.);
#4182 = FACE_BOUND('',#4183,.F.);
#4183 = EDGE_LOOP('',(#4184));
#4184 = ORIENTED_EDGE('',*,*,#3434,.T.);
#4185 = FACE_BOUND('',#4186,.F.);
#4186 = EDGE_LOOP('',(#4187,#4197,#4205,#4213,#4221,#4229));
#4187 = ORIENTED_EDGE('',*,*,#4188,.T.);
#4188 = EDGE_CURVE('',#4189,#4191,#4193,.T.);
#4189 = VERTEX_POINT('',#4190);
#4190 = CARTESIAN_POINT('',(136.6,16.17431578065,5.));
#4191 = VERTEX_POINT('',#4192);
#4192 = CARTESIAN_POINT('',(139.5,17.8486315613,5.));
#4193 = LINE('',#4194,#4195);
#4194 = CARTESIAN_POINT('',(138.775,17.430052616137,5.));
#4195 = VECTOR('',#4196,1.);
#4196 = DIRECTION('',(0.866025403784,0.5,-0.));
#4197 = ORIENTED_EDGE('',*,*,#4198,.T.);
#4198 = EDGE_CURVE('',#4191,#4199,#4201,.T.);
#4199 = VERTEX_POINT('',#4200);
#4200 = CARTESIAN_POINT('',(142.4,16.17431578065,5.));
#4201 = LINE('',#4202,#4203);
#4202 = CARTESIAN_POINT('',(141.675,16.592894725812,5.));
#4203 = VECTOR('',#4204,1.);
#4204 = DIRECTION('',(0.866025403784,-0.5,0.));
#4205 = ORIENTED_EDGE('',*,*,#4206,.T.);
#4206 = EDGE_CURVE('',#4199,#4207,#4209,.T.);
#4207 = VERTEX_POINT('',#4208);
#4208 = CARTESIAN_POINT('',(142.4,12.82568421935,5.));
#4209 = LINE('',#4210,#4211);
#4210 = CARTESIAN_POINT('',(142.4,13.662842109675,5.));
#4211 = VECTOR('',#4212,1.);
#4212 = DIRECTION('',(0.,-1.,0.));
#4213 = ORIENTED_EDGE('',*,*,#4214,.T.);
#4214 = EDGE_CURVE('',#4207,#4215,#4217,.T.);
#4215 = VERTEX_POINT('',#4216);
#4216 = CARTESIAN_POINT('',(139.5,11.1513684387,5.));
#4217 = LINE('',#4218,#4219);
#4218 = CARTESIAN_POINT('',(140.225,11.569947383863,5.));
#4219 = VECTOR('',#4220,1.);
#4220 = DIRECTION('',(-0.866025403784,-0.5,0.));
#4221 = ORIENTED_EDGE('',*,*,#4222,.T.);
#4222 = EDGE_CURVE('',#4215,#4223,#4225,.T.);
#4223 = VERTEX_POINT('',#4224);
#4224 = CARTESIAN_POINT('',(136.6,12.82568421935,5.));
#4225 = LINE('',#4226,#4227);
#4226 = CARTESIAN_POINT('',(137.325,12.407105274188,5.));
#4227 = VECTOR('',#4228,1.);
#4228 = DIRECTION('',(-0.866025403784,0.5,0.));
#4229 = ORIENTED_EDGE('',*,*,#4230,.T.);
#4230 = EDGE_CURVE('',#4223,#4189,#4231,.T.);
#4231 = LINE('',#4232,#4233);
#4232 = CARTESIAN_POINT('',(136.6,15.337157890325,5.));
#4233 = VECTOR('',#4234,1.);
#4234 = DIRECTION('',(-0.,1.,0.));
#4235 = PLANE('',#4236);
#4236 = AXIS2_PLACEMENT_3D('',#4237,#4238,#4239);
#4237 = CARTESIAN_POINT('',(139.5,14.5,5.));
#4238 = DIRECTION('',(0.,0.,1.));
#4239 = DIRECTION('',(1.,0.,-0.));
#4240 = ADVANCED_FACE('',(#4241,#4244),#4294,.F.);
#4241 = FACE_BOUND('',#4242,.F.);
#4242 = EDGE_LOOP('',(#4243));
#4243 = ORIENTED_EDGE('',*,*,#3459,.T.);
#4244 = FACE_BOUND('',#4245,.F.);
#4245 = EDGE_LOOP('',(#4246,#4256,#4264,#4272,#4280,#4288));
#4246 = ORIENTED_EDGE('',*,*,#4247,.T.);
#4247 = EDGE_CURVE('',#4248,#4250,#4252,.T.);
#4248 = VERTEX_POINT('',#4249);
#4249 = CARTESIAN_POINT('',(136.6,48.17431578065,5.));
#4250 = VERTEX_POINT('',#4251);
#4251 = CARTESIAN_POINT('',(139.5,49.8486315613,5.));
#4252 = LINE('',#4253,#4254);
#4253 = CARTESIAN_POINT('',(138.775,49.430052616137,5.));
#4254 = VECTOR('',#4255,1.);
#4255 = DIRECTION('',(0.866025403784,0.5,-0.));
#4256 = ORIENTED_EDGE('',*,*,#4257,.T.);
#4257 = EDGE_CURVE('',#4250,#4258,#4260,.T.);
#4258 = VERTEX_POINT('',#4259);
#4259 = CARTESIAN_POINT('',(142.4,48.17431578065,5.));
#4260 = LINE('',#4261,#4262);
#4261 = CARTESIAN_POINT('',(141.675,48.592894725812,5.));
#4262 = VECTOR('',#4263,1.);
#4263 = DIRECTION('',(0.866025403784,-0.5,0.));
#4264 = ORIENTED_EDGE('',*,*,#4265,.T.);
#4265 = EDGE_CURVE('',#4258,#4266,#4268,.T.);
#4266 = VERTEX_POINT('',#4267);
#4267 = CARTESIAN_POINT('',(142.4,44.82568421935,5.));
#4268 = LINE('',#4269,#4270);
#4269 = CARTESIAN_POINT('',(142.4,45.662842109675,5.));
#4270 = VECTOR('',#4271,1.);
#4271 = DIRECTION('',(0.,-1.,0.));
#4272 = ORIENTED_EDGE('',*,*,#4273,.T.);
#4273 = EDGE_CURVE('',#4266,#4274,#4276,.T.);
#4274 = VERTEX_POINT('',#4275);
#4275 = CARTESIAN_POINT('',(139.5,43.1513684387,5.));
#4276 = LINE('',#4277,#4278);
#4277 = CARTESIAN_POINT('',(140.225,43.569947383863,5.));
#4278 = VECTOR('',#4279,1.);
#4279 = DIRECTION('',(-0.866025403784,-0.5,0.));
#4280 = ORIENTED_EDGE('',*,*,#4281,.T.);
#4281 = EDGE_CURVE('',#4274,#4282,#4284,.T.);
#4282 = VERTEX_POINT('',#4283);
#4283 = CARTESIAN_POINT('',(136.6,44.82568421935,5.));
#4284 = LINE('',#4285,#4286);
#4285 = CARTESIAN_POINT('',(137.325,44.407105274188,5.));
#4286 = VECTOR('',#4287,1.);
#4287 = DIRECTION('',(-0.866025403784,0.5,0.));
#4288 = ORIENTED_EDGE('',*,*,#4289,.T.);
#4289 = EDGE_CURVE('',#4282,#4248,#4290,.T.);
#4290 = LINE('',#4291,#4292);
#4291 = CARTESIAN_POINT('',(136.6,47.337157890325,5.));
#4292 = VECTOR('',#4293,1.);
#4293 = DIRECTION('',(-0.,1.,0.));
#4294 = PLANE('',#4295);
#4295 = AXIS2_PLACEMENT_3D('',#4296,#4297,#4298);
#4296 = CARTESIAN_POINT('',(139.5,46.5,5.));
#4297 = DIRECTION('',(0.,0.,1.));
#4298 = DIRECTION('',(1.,0.,-0.));
#4299 = ADVANCED_FACE('',(#4300,#4303),#4353,.F.);
#4300 = FACE_BOUND('',#4301,.F.);
#4301 = EDGE_LOOP('',(#4302));
#4302 = ORIENTED_EDGE('',*,*,#3484,.T.);
#4303 = FACE_BOUND('',#4304,.F.);
#4304 = EDGE_LOOP('',(#4305,#4315,#4323,#4331,#4339,#4347));
#4305 = ORIENTED_EDGE('',*,*,#4306,.T.);
#4306 = EDGE_CURVE('',#4307,#4309,#4311,.T.);
#4307 = VERTEX_POINT('',#4308);
#4308 = CARTESIAN_POINT('',(157.6,69.17431578065,5.));
#4309 = VERTEX_POINT('',#4310);
#4310 = CARTESIAN_POINT('',(160.5,70.8486315613,5.));
#4311 = LINE('',#4312,#4313);
#4312 = CARTESIAN_POINT('',(159.775,70.430052616137,5.));
#4313 = VECTOR('',#4314,1.);
#4314 = DIRECTION('',(0.866025403784,0.5,-0.));
#4315 = ORIENTED_EDGE('',*,*,#4316,.T.);
#4316 = EDGE_CURVE('',#4309,#4317,#4319,.T.);
#4317 = VERTEX_POINT('',#4318);
#4318 = CARTESIAN_POINT('',(163.4,69.17431578065,5.));
#4319 = LINE('',#4320,#4321);
#4320 = CARTESIAN_POINT('',(162.675,69.592894725812,5.));
#4321 = VECTOR('',#4322,1.);
#4322 = DIRECTION('',(0.866025403784,-0.5,0.));
#4323 = ORIENTED_EDGE('',*,*,#4324,.T.);
#4324 = EDGE_CURVE('',#4317,#4325,#4327,.T.);
#4325 = VERTEX_POINT('',#4326);
#4326 = CARTESIAN_POINT('',(163.4,65.82568421935,5.));
#4327 = LINE('',#4328,#4329);
#4328 = CARTESIAN_POINT('',(163.4,66.662842109675,5.));
#4329 = VECTOR('',#4330,1.);
#4330 = DIRECTION('',(0.,-1.,0.));
#4331 = ORIENTED_EDGE('',*,*,#4332,.T.);
#4332 = EDGE_CURVE('',#4325,#4333,#4335,.T.);
#4333 = VERTEX_POINT('',#4334);
#4334 = CARTESIAN_POINT('',(160.5,64.1513684387,5.));
#4335 = LINE('',#4336,#4337);
#4336 = CARTESIAN_POINT('',(161.225,64.569947383863,5.));
#4337 = VECTOR('',#4338,1.);
#4338 = DIRECTION('',(-0.866025403784,-0.5,0.));
#4339 = ORIENTED_EDGE('',*,*,#4340,.T.);
#4340 = EDGE_CURVE('',#4333,#4341,#4343,.T.);
#4341 = VERTEX_POINT('',#4342);
#4342 = CARTESIAN_POINT('',(157.6,65.82568421935,5.));
#4343 = LINE('',#4344,#4345);
#4344 = CARTESIAN_POINT('',(158.325,65.407105274188,5.));
#4345 = VECTOR('',#4346,1.);
#4346 = DIRECTION('',(-0.866025403784,0.5,0.));
#4347 = ORIENTED_EDGE('',*,*,#4348,.T.);
#4348 = EDGE_CURVE('',#4341,#4307,#4349,.T.);
#4349 = LINE('',#4350,#4351);
#4350 = CARTESIAN_POINT('',(157.6,68.337157890325,5.));
#4351 = VECTOR('',#4352,1.);
#4352 = DIRECTION('',(-0.,1.,0.));
#4353 = PLANE('',#4354);
#4354 = AXIS2_PLACEMENT_3D('',#4355,#4356,#4357);
#4355 = CARTESIAN_POINT('',(160.5,67.5,5.));
#4356 = DIRECTION('',(0.,0.,1.));
#4357 = DIRECTION('',(1.,0.,-0.));
#4358 = ADVANCED_FACE('',(#4359,#4362),#4412,.F.);
#4359 = FACE_BOUND('',#4360,.F.);
#4360 = EDGE_LOOP('',(#4361));
#4361 = ORIENTED_EDGE('',*,*,#3509,.T.);
#4362 = FACE_BOUND('',#4363,.F.);
#4363 = EDGE_LOOP('',(#4364,#4374,#4382,#4390,#4398,#4406));
#4364 = ORIENTED_EDGE('',*,*,#4365,.T.);
#4365 = EDGE_CURVE('',#4366,#4368,#4370,.T.);
#4366 = VERTEX_POINT('',#4367);
#4367 = CARTESIAN_POINT('',(189.6,69.17431578065,5.));
#4368 = VERTEX_POINT('',#4369);
#4369 = CARTESIAN_POINT('',(192.5,70.8486315613,5.));
#4370 = LINE('',#4371,#4372);
#4371 = CARTESIAN_POINT('',(191.775,70.430052616137,5.));
#4372 = VECTOR('',#4373,1.);
#4373 = DIRECTION('',(0.866025403784,0.5,-0.));
#4374 = ORIENTED_EDGE('',*,*,#4375,.T.);
#4375 = EDGE_CURVE('',#4368,#4376,#4378,.T.);
#4376 = VERTEX_POINT('',#4377);
#4377 = CARTESIAN_POINT('',(195.4,69.17431578065,5.));
#4378 = LINE('',#4379,#4380);
#4379 = CARTESIAN_POINT('',(194.675,69.592894725812,5.));
#4380 = VECTOR('',#4381,1.);
#4381 = DIRECTION('',(0.866025403784,-0.5,0.));
#4382 = ORIENTED_EDGE('',*,*,#4383,.T.);
#4383 = EDGE_CURVE('',#4376,#4384,#4386,.T.);
#4384 = VERTEX_POINT('',#4385);
#4385 = CARTESIAN_POINT('',(195.4,65.82568421935,5.));
#4386 = LINE('',#4387,#4388);
#4387 = CARTESIAN_POINT('',(195.4,66.662842109675,5.));
#4388 = VECTOR('',#4389,1.);
#4389 = DIRECTION('',(0.,-1.,0.));
#4390 = ORIENTED_EDGE('',*,*,#4391,.T.);
#4391 = EDGE_CURVE('',#4384,#4392,#4394,.T.);
#4392 = VERTEX_POINT('',#4393);
#4393 = CARTESIAN_POINT('',(192.5,64.1513684387,5.));
#4394 = LINE('',#4395,#4396);
#4395 = CARTESIAN_POINT('',(193.225,64.569947383863,5.));
#4396 = VECTOR('',#4397,1.);
#4397 = DIRECTION('',(-0.866025403784,-0.5,0.));
#4398 = ORIENTED_EDGE('',*,*,#4399,.T.);
#4399 = EDGE_CURVE('',#4392,#4400,#4402,.T.);
#4400 = VERTEX_POINT('',#4401);
#4401 = CARTESIAN_POINT('',(189.6,65.82568421935,5.));
#4402 = LINE('',#4403,#4404);
#4403 = CARTESIAN_POINT('',(190.325,65.407105274188,5.));
#4404 = VECTOR('',#4405,1.);
#4405 = DIRECTION('',(-0.866025403784,0.5,0.));
#4406 = ORIENTED_EDGE('',*,*,#4407,.T.);
#4407 = EDGE_CURVE('',#4400,#4366,#4408,.T.);
#4408 = LINE('',#4409,#4410);
#4409 = CARTESIAN_POINT('',(189.6,68.337157890325,5.));
#4410 = VECTOR('',#4411,1.);
#4411 = DIRECTION('',(-0.,1.,0.));
#4412 = PLANE('',#4413);
#4413 = AXIS2_PLACEMENT_3D('',#4414,#4415,#4416);
#4414 = CARTESIAN_POINT('',(192.5,67.5,5.));
#4415 = DIRECTION('',(0.,0.,1.));
#4416 = DIRECTION('',(1.,0.,-0.));
#4417 = ADVANCED_FACE('',(#4418),#4443,.T.);
#4418 = FACE_BOUND('',#4419,.T.);
#4419 = EDGE_LOOP('',(#4420,#4428,#4429,#4430,#4436,#4437));
#4420 = ORIENTED_EDGE('',*,*,#4421,.F.);
#4421 = EDGE_CURVE('',#3537,#4422,#4424,.T.);
#4422 = VERTEX_POINT('',#4423);
#4423 = CARTESIAN_POINT('',(123.,60.,4.));
#4424 = LINE('',#4425,#4426);
#4425 = CARTESIAN_POINT('',(105.,60.,4.));
#4426 = VECTOR('',#4427,1.);
#4427 = DIRECTION('',(1.,0.,-0.));
#4428 = ORIENTED_EDGE('',*,*,#3544,.T.);
#4429 = ORIENTED_EDGE('',*,*,#3877,.F.);
#4430 = ORIENTED_EDGE('',*,*,#4431,.F.);
#4431 = EDGE_CURVE('',#3911,#3870,#4432,.T.);
#4432 = LINE('',#4433,#4434);
#4433 = CARTESIAN_POINT('',(123.,60.,4.));
#4434 = VECTOR('',#4435,1.);
#4435 = DIRECTION('',(0.,0.,1.));
#4436 = ORIENTED_EDGE('',*,*,#3919,.F.);
#4437 = ORIENTED_EDGE('',*,*,#4438,.F.);
#4438 = EDGE_CURVE('',#4422,#3920,#4439,.T.);
#4439 = LINE('',#4440,#4441);
#4440 = CARTESIAN_POINT('',(123.,60.,4.));
#4441 = VECTOR('',#4442,1.);
#4442 = DIRECTION('',(0.,0.,1.));
#4443 = PLANE('',#4444);
#4444 = AXIS2_PLACEMENT_3D('',#4445,#4446,#4447);
#4445 = CARTESIAN_POINT('',(105.,60.,4.));
#4446 = DIRECTION('',(-0.,1.,0.));
#4447 = DIRECTION('',(0.,0.,1.));
#4448 = ADVANCED_FACE('',(#4449),#4460,.T.);
#4449 = FACE_BOUND('',#4450,.T.);
#4450 = EDGE_LOOP('',(#4451,#4452,#4453,#4459));
#4451 = ORIENTED_EDGE('',*,*,#3536,.T.);
#4452 = ORIENTED_EDGE('',*,*,#4421,.T.);
#4453 = ORIENTED_EDGE('',*,*,#4454,.T.);
#4454 = EDGE_CURVE('',#4422,#3843,#4455,.T.);
#4455 = LINE('',#4456,#4457);
#4456 = CARTESIAN_POINT('',(123.,60.,4.));
#4457 = VECTOR('',#4458,1.);
#4458 = DIRECTION('',(-0.,1.,0.));
#4459 = ORIENTED_EDGE('',*,*,#3850,.F.);
#4460 = PLANE('',#4461);
#4461 = AXIS2_PLACEMENT_3D('',#4462,#4463,#4464);
#4462 = CARTESIAN_POINT('',(105.,60.,4.));
#4463 = DIRECTION('',(0.,0.,1.));
#4464 = DIRECTION('',(1.,0.,-0.));
#4465 = ADVANCED_FACE('',(#4466),#4485,.F.);
#4466 = FACE_BOUND('',#4467,.F.);
#4467 = EDGE_LOOP('',(#4468,#4476,#4477,#4478));
#4468 = ORIENTED_EDGE('',*,*,#4469,.T.);
#4469 = EDGE_CURVE('',#4470,#3776,#4472,.T.);
#4470 = VERTEX_POINT('',#4471);
#4471 = CARTESIAN_POINT('',(190.6389974534,16.927185330234,
    21.310506637487));
#4472 = LINE('',#4473,#4474);
#4473 = CARTESIAN_POINT('',(185.26432059612,24.021463618153,
    22.205023807326));
#4474 = VECTOR('',#4475,1.);
#4475 = DIRECTION('',(0.600846695681,-0.793084641315,-0.1));
#4476 = ORIENTED_EDGE('',*,*,#3775,.F.);
#4477 = ORIENTED_EDGE('',*,*,#4469,.F.);
#4478 = ORIENTED_EDGE('',*,*,#4479,.T.);
#4479 = EDGE_CURVE('',#4470,#4470,#4480,.T.);
#4480 = CIRCLE('',#4481,2.3);
#4481 = AXIS2_PLACEMENT_3D('',#4482,#4483,#4484);
#4482 = CARTESIAN_POINT('',(192.47228158041,18.316094725999,
    21.310506637487));
#4483 = DIRECTION('',(0.600846695681,-0.793084641315,-1.E-01));
#4484 = DIRECTION('',(-0.797080055223,-0.603873650333,
    -6.938893903907E-18));
#4485 = CYLINDRICAL_SURFACE('',#4486,2.3);
#4486 = AXIS2_PLACEMENT_3D('',#4487,#4488,#4489);
#4487 = CARTESIAN_POINT('',(187.09760472313,25.410373013918,
    22.205023807326));
#4488 = DIRECTION('',(0.600846695681,-0.793084641315,-0.1));
#4489 = DIRECTION('',(-0.797080055223,-0.603873650333,
    -6.938893903907E-18));
#4490 = ADVANCED_FACE('',(#4491),#4510,.F.);
#4491 = FACE_BOUND('',#4492,.F.);
#4492 = EDGE_LOOP('',(#4493,#4501,#4502,#4503));
#4493 = ORIENTED_EDGE('',*,*,#4494,.T.);
#4494 = EDGE_CURVE('',#4495,#3797,#4497,.T.);
#4495 = VERTEX_POINT('',#4496);
#4496 = CARTESIAN_POINT('',(165.13243568627,-2.396771480408,
    21.310506637487));
#4497 = LINE('',#4498,#4499);
#4498 = CARTESIAN_POINT('',(159.75775882899,4.697506807512,
    22.205023807326));
#4499 = VECTOR('',#4500,1.);
#4500 = DIRECTION('',(0.600846695681,-0.793084641315,-0.1));
#4501 = ORIENTED_EDGE('',*,*,#3796,.F.);
#4502 = ORIENTED_EDGE('',*,*,#4494,.F.);
#4503 = ORIENTED_EDGE('',*,*,#4504,.T.);
#4504 = EDGE_CURVE('',#4495,#4495,#4505,.T.);
#4505 = CIRCLE('',#4506,2.3);
#4506 = AXIS2_PLACEMENT_3D('',#4507,#4508,#4509);
#4507 = CARTESIAN_POINT('',(166.96571981328,-1.007862084643,
    21.310506637487));
#4508 = DIRECTION('',(0.600846695681,-0.793084641315,-1.E-01));
#4509 = DIRECTION('',(-0.797080055223,-0.603873650333,
    -6.938893903907E-18));
#4510 = CYLINDRICAL_SURFACE('',#4511,2.3);
#4511 = AXIS2_PLACEMENT_3D('',#4512,#4513,#4514);
#4512 = CARTESIAN_POINT('',(161.591042956,6.086416203277,22.205023807326
    ));
#4513 = DIRECTION('',(0.600846695681,-0.793084641315,-0.1));
#4514 = DIRECTION('',(-0.797080055223,-0.603873650333,
    -6.938893903907E-18));
#4515 = ADVANCED_FACE('',(#4516),#4531,.F.);
#4516 = FACE_BOUND('',#4517,.F.);
#4517 = EDGE_LOOP('',(#4518,#4519,#4520,#4521,#4522,#4523,#4524,#4530));
#4518 = ORIENTED_EDGE('',*,*,#4438,.F.);
#4519 = ORIENTED_EDGE('',*,*,#4454,.T.);
#4520 = ORIENTED_EDGE('',*,*,#3842,.T.);
#4521 = ORIENTED_EDGE('',*,*,#3869,.F.);
#4522 = ORIENTED_EDGE('',*,*,#4431,.F.);
#4523 = ORIENTED_EDGE('',*,*,#3910,.F.);
#4524 = ORIENTED_EDGE('',*,*,#4525,.F.);
#4525 = EDGE_CURVE('',#3929,#3902,#4526,.T.);
#4526 = LINE('',#4527,#4528);
#4527 = CARTESIAN_POINT('',(123.,62.75688776988,16.49059472423));
#4528 = VECTOR('',#4529,1.);
#4529 = DIRECTION('',(0.,-0.100498705962,0.994937189022));
#4530 = ORIENTED_EDGE('',*,*,#3928,.F.);
#4531 = PLANE('',#4532);
#4532 = AXIS2_PLACEMENT_3D('',#4533,#4534,#4535);
#4533 = CARTESIAN_POINT('',(123.,60.,4.));
#4534 = DIRECTION('',(1.,0.,-0.));
#4535 = DIRECTION('',(0.,0.,1.));
#4536 = ADVANCED_FACE('',(#4537),#4542,.T.);
#4537 = FACE_BOUND('',#4538,.T.);
#4538 = EDGE_LOOP('',(#4539,#4540,#4541));
#4539 = ORIENTED_EDGE('',*,*,#3937,.T.);
#4540 = ORIENTED_EDGE('',*,*,#3901,.T.);
#4541 = ORIENTED_EDGE('',*,*,#4525,.F.);
#4542 = PLANE('',#4543);
#4543 = AXIS2_PLACEMENT_3D('',#4544,#4545,#4546);
#4544 = CARTESIAN_POINT('',(123.89949874371,61.625288946548,
    28.588413024904));
#4545 = DIRECTION('',(9.949874371066E-02,-0.99,-0.1));
#4546 = DIRECTION('',(-1.734723475977E-18,0.100498705962,-0.994937189022
    ));
#4547 = ADVANCED_FACE('',(#4548),#4551,.T.);
#4548 = FACE_BOUND('',#4549,.F.);
#4549 = EDGE_LOOP('',(#4550));
#4550 = ORIENTED_EDGE('',*,*,#3961,.F.);
#4551 = PLANE('',#4552);
#4552 = AXIS2_PLACEMENT_3D('',#4553,#4554,#4555);
#4553 = CARTESIAN_POINT('',(130.27217366835,63.165981301183,
    28.588413024904));
#4554 = DIRECTION('',(0.363751080054,-0.92611292603,-0.1));
#4555 = DIRECTION('',(-0.93077851186,-0.365583590796,0.));
#4556 = ADVANCED_FACE('',(#4557),#4560,.T.);
#4557 = FACE_BOUND('',#4558,.F.);
#4558 = EDGE_LOOP('',(#4559));
#4559 = ORIENTED_EDGE('',*,*,#3986,.F.);
#4560 = PLANE('',#4561);
#4561 = AXIS2_PLACEMENT_3D('',#4562,#4563,#4564);
#4562 = CARTESIAN_POINT('',(135.98994065332,66.37407408856,
    28.588413024904));
#4563 = DIRECTION('',(0.600846695681,-0.793084641315,-0.1));
#4564 = DIRECTION('',(-0.797080055223,-0.603873650333,
    -6.938893903907E-18));
#4565 = ADVANCED_FACE('',(#4566),#4569,.T.);
#4566 = FACE_BOUND('',#4567,.F.);
#4567 = EDGE_LOOP('',(#4568));
#4568 = ORIENTED_EDGE('',*,*,#4011,.F.);
#4569 = PLANE('',#4570);
#4570 = AXIS2_PLACEMENT_3D('',#4571,#4572,#4573);
#4571 = CARTESIAN_POINT('',(145.37471105345,83.100501256289,
    28.588413024904));
#4572 = DIRECTION('',(0.99,-9.949874371066E-02,-0.1));
#4573 = DIRECTION('',(0.100498705962,0.,0.994937189022));
#4574 = ADVANCED_FACE('',(#4575),#4578,.T.);
#4575 = FACE_BOUND('',#4576,.F.);
#4576 = EDGE_LOOP('',(#4577));
#4577 = ORIENTED_EDGE('',*,*,#4036,.F.);
#4578 = PLANE('',#4579);
#4579 = AXIS2_PLACEMENT_3D('',#4580,#4581,#4582);
#4580 = CARTESIAN_POINT('',(140.62592591144,71.010059346671,
    28.588413024904));
#4581 = DIRECTION('',(0.793084641315,-0.600846695681,-0.1));
#4582 = DIRECTION('',(0.603873650333,0.797080055223,-6.938893903907E-18)
  );
#4583 = ADVANCED_FACE('',(#4584),#4587,.T.);
#4584 = FACE_BOUND('',#4585,.F.);
#4585 = EDGE_LOOP('',(#4586));
#4586 = ORIENTED_EDGE('',*,*,#4061,.F.);
#4587 = PLANE('',#4588);
#4588 = AXIS2_PLACEMENT_3D('',#4589,#4590,#4591);
#4589 = CARTESIAN_POINT('',(143.83401869881,76.727826331643,
    28.588413024904));
#4590 = DIRECTION('',(0.92611292603,-0.363751080054,-0.1));
#4591 = DIRECTION('',(0.365583590796,0.93077851186,6.938893903907E-18));
#4592 = ADVANCED_FACE('',(#4593),#4612,.F.);
#4593 = FACE_BOUND('',#4594,.F.);
#4594 = EDGE_LOOP('',(#4595,#4596,#4604,#4611));
#4595 = ORIENTED_EDGE('',*,*,#4083,.F.);
#4596 = ORIENTED_EDGE('',*,*,#4597,.F.);
#4597 = EDGE_CURVE('',#4598,#4084,#4600,.T.);
#4598 = VERTEX_POINT('',#4599);
#4599 = CARTESIAN_POINT('',(141.15,14.5,7.6));
#4600 = LINE('',#4601,#4602);
#4601 = CARTESIAN_POINT('',(141.15,14.5,7.3));
#4602 = VECTOR('',#4603,1.);
#4603 = DIRECTION('',(0.,0.,1.));
#4604 = ORIENTED_EDGE('',*,*,#4605,.T.);
#4605 = EDGE_CURVE('',#4598,#4598,#4606,.T.);
#4606 = CIRCLE('',#4607,1.65);
#4607 = AXIS2_PLACEMENT_3D('',#4608,#4609,#4610);
#4608 = CARTESIAN_POINT('',(139.5,14.5,7.6));
#4609 = DIRECTION('',(0.,0.,1.));
#4610 = DIRECTION('',(1.,0.,-0.));
#4611 = ORIENTED_EDGE('',*,*,#4597,.T.);
#4612 = CYLINDRICAL_SURFACE('',#4613,1.65);
#4613 = AXIS2_PLACEMENT_3D('',#4614,#4615,#4616);
#4614 = CARTESIAN_POINT('',(139.5,14.5,7.3));
#4615 = DIRECTION('',(0.,0.,1.));
#4616 = DIRECTION('',(1.,0.,-0.));
#4617 = ADVANCED_FACE('',(#4618),#4637,.F.);
#4618 = FACE_BOUND('',#4619,.F.);
#4619 = EDGE_LOOP('',(#4620,#4621,#4629,#4636));
#4620 = ORIENTED_EDGE('',*,*,#4094,.F.);
#4621 = ORIENTED_EDGE('',*,*,#4622,.F.);
#4622 = EDGE_CURVE('',#4623,#4095,#4625,.T.);
#4623 = VERTEX_POINT('',#4624);
#4624 = CARTESIAN_POINT('',(141.25,46.5,7.6));
#4625 = LINE('',#4626,#4627);
#4626 = CARTESIAN_POINT('',(141.25,46.5,7.3));
#4627 = VECTOR('',#4628,1.);
#4628 = DIRECTION('',(0.,0.,1.));
#4629 = ORIENTED_EDGE('',*,*,#4630,.T.);
#4630 = EDGE_CURVE('',#4623,#4623,#4631,.T.);
#4631 = CIRCLE('',#4632,1.75);
#4632 = AXIS2_PLACEMENT_3D('',#4633,#4634,#4635);
#4633 = CARTESIAN_POINT('',(139.5,46.5,7.6));
#4634 = DIRECTION('',(0.,0.,1.));
#4635 = DIRECTION('',(1.,0.,-0.));
#4636 = ORIENTED_EDGE('',*,*,#4622,.T.);
#4637 = CYLINDRICAL_SURFACE('',#4638,1.75);
#4638 = AXIS2_PLACEMENT_3D('',#4639,#4640,#4641);
#4639 = CARTESIAN_POINT('',(139.5,46.5,7.3));
#4640 = DIRECTION('',(0.,0.,1.));
#4641 = DIRECTION('',(1.,0.,-0.));
#4642 = ADVANCED_FACE('',(#4643),#4662,.F.);
#4643 = FACE_BOUND('',#4644,.F.);
#4644 = EDGE_LOOP('',(#4645,#4646,#4654,#4661));
#4645 = ORIENTED_EDGE('',*,*,#4117,.F.);
#4646 = ORIENTED_EDGE('',*,*,#4647,.F.);
#4647 = EDGE_CURVE('',#4648,#4118,#4650,.T.);
#4648 = VERTEX_POINT('',#4649);
#4649 = CARTESIAN_POINT('',(162.25,67.5,7.6));
#4650 = LINE('',#4651,#4652);
#4651 = CARTESIAN_POINT('',(162.25,67.5,7.3));
#4652 = VECTOR('',#4653,1.);
#4653 = DIRECTION('',(0.,0.,1.));
#4654 = ORIENTED_EDGE('',*,*,#4655,.T.);
#4655 = EDGE_CURVE('',#4648,#4648,#4656,.T.);
#4656 = CIRCLE('',#4657,1.75);
#4657 = AXIS2_PLACEMENT_3D('',#4658,#4659,#4660);
#4658 = CARTESIAN_POINT('',(160.5,67.5,7.6));
#4659 = DIRECTION('',(0.,0.,1.));
#4660 = DIRECTION('',(1.,0.,-0.));
#4661 = ORIENTED_EDGE('',*,*,#4647,.T.);
#4662 = CYLINDRICAL_SURFACE('',#4663,1.75);
#4663 = AXIS2_PLACEMENT_3D('',#4664,#4665,#4666);
#4664 = CARTESIAN_POINT('',(160.5,67.5,7.3));
#4665 = DIRECTION('',(0.,0.,1.));
#4666 = DIRECTION('',(1.,0.,-0.));
#4667 = ADVANCED_FACE('',(#4668),#4687,.F.);
#4668 = FACE_BOUND('',#4669,.F.);
#4669 = EDGE_LOOP('',(#4670,#4671,#4679,#4686));
#4670 = ORIENTED_EDGE('',*,*,#4128,.F.);
#4671 = ORIENTED_EDGE('',*,*,#4672,.F.);
#4672 = EDGE_CURVE('',#4673,#4129,#4675,.T.);
#4673 = VERTEX_POINT('',#4674);
#4674 = CARTESIAN_POINT('',(194.15,67.5,7.6));
#4675 = LINE('',#4676,#4677);
#4676 = CARTESIAN_POINT('',(194.15,67.5,7.3));
#4677 = VECTOR('',#4678,1.);
#4678 = DIRECTION('',(0.,0.,1.));
#4679 = ORIENTED_EDGE('',*,*,#4680,.T.);
#4680 = EDGE_CURVE('',#4673,#4673,#4681,.T.);
#4681 = CIRCLE('',#4682,1.65);
#4682 = AXIS2_PLACEMENT_3D('',#4683,#4684,#4685);
#4683 = CARTESIAN_POINT('',(192.5,67.5,7.6));
#4684 = DIRECTION('',(0.,0.,1.));
#4685 = DIRECTION('',(1.,0.,-0.));
#4686 = ORIENTED_EDGE('',*,*,#4672,.T.);
#4687 = CYLINDRICAL_SURFACE('',#4688,1.65);
#4688 = AXIS2_PLACEMENT_3D('',#4689,#4690,#4691);
#4689 = CARTESIAN_POINT('',(192.5,67.5,7.3));
#4690 = DIRECTION('',(0.,0.,1.));
#4691 = DIRECTION('',(1.,0.,-0.));
#4692 = ADVANCED_FACE('',(#4693),#4712,.F.);
#4693 = FACE_BOUND('',#4694,.F.);
#4694 = EDGE_LOOP('',(#4695,#4704,#4710,#4711));
#4695 = ORIENTED_EDGE('',*,*,#4696,.F.);
#4696 = EDGE_CURVE('',#4697,#4697,#4699,.T.);
#4697 = VERTEX_POINT('',#4698);
#4698 = CARTESIAN_POINT('',(188.47594934895,19.782290038968,
    21.670506637487));
#4699 = CIRCLE('',#4700,2.3);
#4700 = AXIS2_PLACEMENT_3D('',#4701,#4702,#4703);
#4701 = CARTESIAN_POINT('',(190.30923347596,21.171199434733,
    21.670506637487));
#4702 = DIRECTION('',(0.600846695681,-0.793084641315,-1.E-01));
#4703 = DIRECTION('',(-0.797080055223,-0.603873650333,
    -6.938893903907E-18));
#4704 = ORIENTED_EDGE('',*,*,#4705,.F.);
#4705 = EDGE_CURVE('',#4149,#4697,#4706,.T.);
#4706 = LINE('',#4707,#4708);
#4707 = CARTESIAN_POINT('',(185.26432059612,24.021463618153,
    22.205023807326));
#4708 = VECTOR('',#4709,1.);
#4709 = DIRECTION('',(0.600846695681,-0.793084641315,-0.1));
#4710 = ORIENTED_EDGE('',*,*,#4148,.T.);
#4711 = ORIENTED_EDGE('',*,*,#4705,.T.);
#4712 = CYLINDRICAL_SURFACE('',#4713,2.3);
#4713 = AXIS2_PLACEMENT_3D('',#4714,#4715,#4716);
#4714 = CARTESIAN_POINT('',(187.09760472313,25.410373013918,
    22.205023807326));
#4715 = DIRECTION('',(0.600846695681,-0.793084641315,-0.1));
#4716 = DIRECTION('',(-0.797080055223,-0.603873650333,
    -6.938893903907E-18));
#4717 = ADVANCED_FACE('',(#4718),#4737,.F.);
#4718 = FACE_BOUND('',#4719,.F.);
#4719 = EDGE_LOOP('',(#4720,#4729,#4735,#4736));
#4720 = ORIENTED_EDGE('',*,*,#4721,.F.);
#4721 = EDGE_CURVE('',#4722,#4722,#4724,.T.);
#4722 = VERTEX_POINT('',#4723);
#4723 = CARTESIAN_POINT('',(162.96938758182,0.458333228326,
    21.670506637487));
#4724 = CIRCLE('',#4725,2.3);
#4725 = AXIS2_PLACEMENT_3D('',#4726,#4727,#4728);
#4726 = CARTESIAN_POINT('',(164.80267170883,1.847242624091,
    21.670506637487));
#4727 = DIRECTION('',(0.600846695681,-0.793084641315,-1.E-01));
#4728 = DIRECTION('',(-0.797080055223,-0.603873650333,
    -6.938893903907E-18));
#4729 = ORIENTED_EDGE('',*,*,#4730,.F.);
#4730 = EDGE_CURVE('',#4169,#4722,#4731,.T.);
#4731 = LINE('',#4732,#4733);
#4732 = CARTESIAN_POINT('',(159.75775882899,4.697506807512,
    22.205023807326));
#4733 = VECTOR('',#4734,1.);
#4734 = DIRECTION('',(0.600846695681,-0.793084641315,-0.1));
#4735 = ORIENTED_EDGE('',*,*,#4168,.T.);
#4736 = ORIENTED_EDGE('',*,*,#4730,.T.);
#4737 = CYLINDRICAL_SURFACE('',#4738,2.3);
#4738 = AXIS2_PLACEMENT_3D('',#4739,#4740,#4741);
#4739 = CARTESIAN_POINT('',(161.591042956,6.086416203277,22.205023807326
    ));
#4740 = DIRECTION('',(0.600846695681,-0.793084641315,-0.1));
#4741 = DIRECTION('',(-0.797080055223,-0.603873650333,
    -6.938893903907E-18));
#4742 = ADVANCED_FACE('',(#4743),#4768,.T.);
#4743 = FACE_BOUND('',#4744,.T.);
#4744 = EDGE_LOOP('',(#4745,#4746,#4754,#4762));
#4745 = ORIENTED_EDGE('',*,*,#4188,.T.);
#4746 = ORIENTED_EDGE('',*,*,#4747,.T.);
#4747 = EDGE_CURVE('',#4191,#4748,#4750,.T.);
#4748 = VERTEX_POINT('',#4749);
#4749 = CARTESIAN_POINT('',(139.5,17.8486315613,7.6));
#4750 = LINE('',#4751,#4752);
#4751 = CARTESIAN_POINT('',(139.5,17.8486315613,4.9));
#4752 = VECTOR('',#4753,1.);
#4753 = DIRECTION('',(0.,0.,1.));
#4754 = ORIENTED_EDGE('',*,*,#4755,.T.);
#4755 = EDGE_CURVE('',#4748,#4756,#4758,.T.);
#4756 = VERTEX_POINT('',#4757);
#4757 = CARTESIAN_POINT('',(136.6,16.17431578065,7.6));
#4758 = LINE('',#4759,#4760);
#4759 = CARTESIAN_POINT('',(139.5,17.8486315613,7.6));
#4760 = VECTOR('',#4761,1.);
#4761 = DIRECTION('',(-0.866025403784,-0.5,0.));
#4762 = ORIENTED_EDGE('',*,*,#4763,.F.);
#4763 = EDGE_CURVE('',#4189,#4756,#4764,.T.);
#4764 = LINE('',#4765,#4766);
#4765 = CARTESIAN_POINT('',(136.6,16.17431578065,4.9));
#4766 = VECTOR('',#4767,1.);
#4767 = DIRECTION('',(0.,0.,1.));
#4768 = PLANE('',#4769);
#4769 = AXIS2_PLACEMENT_3D('',#4770,#4771,#4772);
#4770 = CARTESIAN_POINT('',(139.5,17.8486315613,4.9));
#4771 = DIRECTION('',(0.5,-0.866025403784,0.));
#4772 = DIRECTION('',(-0.866025403784,-0.5,0.));
#4773 = ADVANCED_FACE('',(#4774),#4792,.T.);
#4774 = FACE_BOUND('',#4775,.T.);
#4775 = EDGE_LOOP('',(#4776,#4777,#4778,#4786));
#4776 = ORIENTED_EDGE('',*,*,#4230,.T.);
#4777 = ORIENTED_EDGE('',*,*,#4763,.T.);
#4778 = ORIENTED_EDGE('',*,*,#4779,.T.);
#4779 = EDGE_CURVE('',#4756,#4780,#4782,.T.);
#4780 = VERTEX_POINT('',#4781);
#4781 = CARTESIAN_POINT('',(136.6,12.82568421935,7.6));
#4782 = LINE('',#4783,#4784);
#4783 = CARTESIAN_POINT('',(136.6,16.17431578065,7.6));
#4784 = VECTOR('',#4785,1.);
#4785 = DIRECTION('',(0.,-1.,0.));
#4786 = ORIENTED_EDGE('',*,*,#4787,.F.);
#4787 = EDGE_CURVE('',#4223,#4780,#4788,.T.);
#4788 = LINE('',#4789,#4790);
#4789 = CARTESIAN_POINT('',(136.6,12.82568421935,4.9));
#4790 = VECTOR('',#4791,1.);
#4791 = DIRECTION('',(0.,0.,1.));
#4792 = PLANE('',#4793);
#4793 = AXIS2_PLACEMENT_3D('',#4794,#4795,#4796);
#4794 = CARTESIAN_POINT('',(136.6,16.17431578065,4.9));
#4795 = DIRECTION('',(1.,0.,-0.));
#4796 = DIRECTION('',(0.,-1.,0.));
#4797 = ADVANCED_FACE('',(#4798),#4816,.T.);
#4798 = FACE_BOUND('',#4799,.T.);
#4799 = EDGE_LOOP('',(#4800,#4801,#4802,#4810));
#4800 = ORIENTED_EDGE('',*,*,#4222,.T.);
#4801 = ORIENTED_EDGE('',*,*,#4787,.T.);
#4802 = ORIENTED_EDGE('',*,*,#4803,.T.);
#4803 = EDGE_CURVE('',#4780,#4804,#4806,.T.);
#4804 = VERTEX_POINT('',#4805);
#4805 = CARTESIAN_POINT('',(139.5,11.1513684387,7.6));
#4806 = LINE('',#4807,#4808);
#4807 = CARTESIAN_POINT('',(136.6,12.82568421935,7.6));
#4808 = VECTOR('',#4809,1.);
#4809 = DIRECTION('',(0.866025403784,-0.5,0.));
#4810 = ORIENTED_EDGE('',*,*,#4811,.F.);
#4811 = EDGE_CURVE('',#4215,#4804,#4812,.T.);
#4812 = LINE('',#4813,#4814);
#4813 = CARTESIAN_POINT('',(139.5,11.1513684387,4.9));
#4814 = VECTOR('',#4815,1.);
#4815 = DIRECTION('',(0.,0.,1.));
#4816 = PLANE('',#4817);
#4817 = AXIS2_PLACEMENT_3D('',#4818,#4819,#4820);
#4818 = CARTESIAN_POINT('',(136.6,12.82568421935,4.9));
#4819 = DIRECTION('',(0.5,0.866025403784,-0.));
#4820 = DIRECTION('',(0.866025403784,-0.5,0.));
#4821 = ADVANCED_FACE('',(#4822),#4840,.T.);
#4822 = FACE_BOUND('',#4823,.T.);
#4823 = EDGE_LOOP('',(#4824,#4825,#4826,#4834));
#4824 = ORIENTED_EDGE('',*,*,#4214,.T.);
#4825 = ORIENTED_EDGE('',*,*,#4811,.T.);
#4826 = ORIENTED_EDGE('',*,*,#4827,.T.);
#4827 = EDGE_CURVE('',#4804,#4828,#4830,.T.);
#4828 = VERTEX_POINT('',#4829);
#4829 = CARTESIAN_POINT('',(142.4,12.82568421935,7.6));
#4830 = LINE('',#4831,#4832);
#4831 = CARTESIAN_POINT('',(139.5,11.1513684387,7.6));
#4832 = VECTOR('',#4833,1.);
#4833 = DIRECTION('',(0.866025403784,0.5,0.));
#4834 = ORIENTED_EDGE('',*,*,#4835,.F.);
#4835 = EDGE_CURVE('',#4207,#4828,#4836,.T.);
#4836 = LINE('',#4837,#4838);
#4837 = CARTESIAN_POINT('',(142.4,12.82568421935,4.9));
#4838 = VECTOR('',#4839,1.);
#4839 = DIRECTION('',(0.,0.,1.));
#4840 = PLANE('',#4841);
#4841 = AXIS2_PLACEMENT_3D('',#4842,#4843,#4844);
#4842 = CARTESIAN_POINT('',(139.5,11.1513684387,4.9));
#4843 = DIRECTION('',(-0.5,0.866025403784,0.));
#4844 = DIRECTION('',(0.866025403784,0.5,0.));
#4845 = ADVANCED_FACE('',(#4846),#4864,.T.);
#4846 = FACE_BOUND('',#4847,.T.);
#4847 = EDGE_LOOP('',(#4848,#4849,#4850,#4858));
#4848 = ORIENTED_EDGE('',*,*,#4206,.T.);
#4849 = ORIENTED_EDGE('',*,*,#4835,.T.);
#4850 = ORIENTED_EDGE('',*,*,#4851,.T.);
#4851 = EDGE_CURVE('',#4828,#4852,#4854,.T.);
#4852 = VERTEX_POINT('',#4853);
#4853 = CARTESIAN_POINT('',(142.4,16.17431578065,7.6));
#4854 = LINE('',#4855,#4856);
#4855 = CARTESIAN_POINT('',(142.4,12.82568421935,7.6));
#4856 = VECTOR('',#4857,1.);
#4857 = DIRECTION('',(0.,1.,0.));
#4858 = ORIENTED_EDGE('',*,*,#4859,.F.);
#4859 = EDGE_CURVE('',#4199,#4852,#4860,.T.);
#4860 = LINE('',#4861,#4862);
#4861 = CARTESIAN_POINT('',(142.4,16.17431578065,4.9));
#4862 = VECTOR('',#4863,1.);
#4863 = DIRECTION('',(0.,0.,1.));
#4864 = PLANE('',#4865);
#4865 = AXIS2_PLACEMENT_3D('',#4866,#4867,#4868);
#4866 = CARTESIAN_POINT('',(142.4,12.82568421935,4.9));
#4867 = DIRECTION('',(-1.,0.,0.));
#4868 = DIRECTION('',(0.,1.,0.));
#4869 = ADVANCED_FACE('',(#4870),#4881,.T.);
#4870 = FACE_BOUND('',#4871,.T.);
#4871 = EDGE_LOOP('',(#4872,#4873,#4874,#4880));
#4872 = ORIENTED_EDGE('',*,*,#4198,.T.);
#4873 = ORIENTED_EDGE('',*,*,#4859,.T.);
#4874 = ORIENTED_EDGE('',*,*,#4875,.T.);
#4875 = EDGE_CURVE('',#4852,#4748,#4876,.T.);
#4876 = LINE('',#4877,#4878);
#4877 = CARTESIAN_POINT('',(142.4,16.17431578065,7.6));
#4878 = VECTOR('',#4879,1.);
#4879 = DIRECTION('',(-0.866025403784,0.5,0.));
#4880 = ORIENTED_EDGE('',*,*,#4747,.F.);
#4881 = PLANE('',#4882);
#4882 = AXIS2_PLACEMENT_3D('',#4883,#4884,#4885);
#4883 = CARTESIAN_POINT('',(142.4,16.17431578065,4.9));
#4884 = DIRECTION('',(-0.5,-0.866025403784,0.));
#4885 = DIRECTION('',(-0.866025403784,0.5,0.));
#4886 = ADVANCED_FACE('',(#4887),#4912,.T.);
#4887 = FACE_BOUND('',#4888,.T.);
#4888 = EDGE_LOOP('',(#4889,#4890,#4898,#4906));
#4889 = ORIENTED_EDGE('',*,*,#4247,.T.);
#4890 = ORIENTED_EDGE('',*,*,#4891,.T.);
#4891 = EDGE_CURVE('',#4250,#4892,#4894,.T.);
#4892 = VERTEX_POINT('',#4893);
#4893 = CARTESIAN_POINT('',(139.5,49.8486315613,7.6));
#4894 = LINE('',#4895,#4896);
#4895 = CARTESIAN_POINT('',(139.5,49.8486315613,4.9));
#4896 = VECTOR('',#4897,1.);
#4897 = DIRECTION('',(0.,0.,1.));
#4898 = ORIENTED_EDGE('',*,*,#4899,.T.);
#4899 = EDGE_CURVE('',#4892,#4900,#4902,.T.);
#4900 = VERTEX_POINT('',#4901);
#4901 = CARTESIAN_POINT('',(136.6,48.17431578065,7.6));
#4902 = LINE('',#4903,#4904);
#4903 = CARTESIAN_POINT('',(139.5,49.8486315613,7.6));
#4904 = VECTOR('',#4905,1.);
#4905 = DIRECTION('',(-0.866025403784,-0.5,0.));
#4906 = ORIENTED_EDGE('',*,*,#4907,.F.);
#4907 = EDGE_CURVE('',#4248,#4900,#4908,.T.);
#4908 = LINE('',#4909,#4910);
#4909 = CARTESIAN_POINT('',(136.6,48.17431578065,4.9));
#4910 = VECTOR('',#4911,1.);
#4911 = DIRECTION('',(0.,0.,1.));
#4912 = PLANE('',#4913);
#4913 = AXIS2_PLACEMENT_3D('',#4914,#4915,#4916);
#4914 = CARTESIAN_POINT('',(139.5,49.8486315613,4.9));
#4915 = DIRECTION('',(0.5,-0.866025403784,0.));
#4916 = DIRECTION('',(-0.866025403784,-0.5,0.));
#4917 = ADVANCED_FACE('',(#4918),#4936,.T.);
#4918 = FACE_BOUND('',#4919,.T.);
#4919 = EDGE_LOOP('',(#4920,#4921,#4922,#4930));
#4920 = ORIENTED_EDGE('',*,*,#4289,.T.);
#4921 = ORIENTED_EDGE('',*,*,#4907,.T.);
#4922 = ORIENTED_EDGE('',*,*,#4923,.T.);
#4923 = EDGE_CURVE('',#4900,#4924,#4926,.T.);
#4924 = VERTEX_POINT('',#4925);
#4925 = CARTESIAN_POINT('',(136.6,44.82568421935,7.6));
#4926 = LINE('',#4927,#4928);
#4927 = CARTESIAN_POINT('',(136.6,48.17431578065,7.6));
#4928 = VECTOR('',#4929,1.);
#4929 = DIRECTION('',(0.,-1.,0.));
#4930 = ORIENTED_EDGE('',*,*,#4931,.F.);
#4931 = EDGE_CURVE('',#4282,#4924,#4932,.T.);
#4932 = LINE('',#4933,#4934);
#4933 = CARTESIAN_POINT('',(136.6,44.82568421935,4.9));
#4934 = VECTOR('',#4935,1.);
#4935 = DIRECTION('',(0.,0.,1.));
#4936 = PLANE('',#4937);
#4937 = AXIS2_PLACEMENT_3D('',#4938,#4939,#4940);
#4938 = CARTESIAN_POINT('',(136.6,48.17431578065,4.9));
#4939 = DIRECTION('',(1.,0.,-0.));
#4940 = DIRECTION('',(0.,-1.,0.));
#4941 = ADVANCED_FACE('',(#4942),#4960,.T.);
#4942 = FACE_BOUND('',#4943,.T.);
#4943 = EDGE_LOOP('',(#4944,#4945,#4946,#4954));
#4944 = ORIENTED_EDGE('',*,*,#4281,.T.);
#4945 = ORIENTED_EDGE('',*,*,#4931,.T.);
#4946 = ORIENTED_EDGE('',*,*,#4947,.T.);
#4947 = EDGE_CURVE('',#4924,#4948,#4950,.T.);
#4948 = VERTEX_POINT('',#4949);
#4949 = CARTESIAN_POINT('',(139.5,43.1513684387,7.6));
#4950 = LINE('',#4951,#4952);
#4951 = CARTESIAN_POINT('',(136.6,44.82568421935,7.6));
#4952 = VECTOR('',#4953,1.);
#4953 = DIRECTION('',(0.866025403784,-0.5,0.));
#4954 = ORIENTED_EDGE('',*,*,#4955,.F.);
#4955 = EDGE_CURVE('',#4274,#4948,#4956,.T.);
#4956 = LINE('',#4957,#4958);
#4957 = CARTESIAN_POINT('',(139.5,43.1513684387,4.9));
#4958 = VECTOR('',#4959,1.);
#4959 = DIRECTION('',(0.,0.,1.));
#4960 = PLANE('',#4961);
#4961 = AXIS2_PLACEMENT_3D('',#4962,#4963,#4964);
#4962 = CARTESIAN_POINT('',(136.6,44.82568421935,4.9));
#4963 = DIRECTION('',(0.5,0.866025403784,-0.));
#4964 = DIRECTION('',(0.866025403784,-0.5,0.));
#4965 = ADVANCED_FACE('',(#4966),#4984,.T.);
#4966 = FACE_BOUND('',#4967,.T.);
#4967 = EDGE_LOOP('',(#4968,#4969,#4970,#4978));
#4968 = ORIENTED_EDGE('',*,*,#4273,.T.);
#4969 = ORIENTED_EDGE('',*,*,#4955,.T.);
#4970 = ORIENTED_EDGE('',*,*,#4971,.T.);
#4971 = EDGE_CURVE('',#4948,#4972,#4974,.T.);
#4972 = VERTEX_POINT('',#4973);
#4973 = CARTESIAN_POINT('',(142.4,44.82568421935,7.6));
#4974 = LINE('',#4975,#4976);
#4975 = CARTESIAN_POINT('',(139.5,43.1513684387,7.6));
#4976 = VECTOR('',#4977,1.);
#4977 = DIRECTION('',(0.866025403784,0.5,0.));
#4978 = ORIENTED_EDGE('',*,*,#4979,.F.);
#4979 = EDGE_CURVE('',#4266,#4972,#4980,.T.);
#4980 = LINE('',#4981,#4982);
#4981 = CARTESIAN_POINT('',(142.4,44.82568421935,4.9));
#4982 = VECTOR('',#4983,1.);
#4983 = DIRECTION('',(0.,0.,1.));
#4984 = PLANE('',#4985);
#4985 = AXIS2_PLACEMENT_3D('',#4986,#4987,#4988);
#4986 = CARTESIAN_POINT('',(139.5,43.1513684387,4.9));
#4987 = DIRECTION('',(-0.5,0.866025403784,0.));
#4988 = DIRECTION('',(0.866025403784,0.5,0.));
#4989 = ADVANCED_FACE('',(#4990),#5008,.T.);
#4990 = FACE_BOUND('',#4991,.T.);
#4991 = EDGE_LOOP('',(#4992,#4993,#4994,#5002));
#4992 = ORIENTED_EDGE('',*,*,#4265,.T.);
#4993 = ORIENTED_EDGE('',*,*,#4979,.T.);
#4994 = ORIENTED_EDGE('',*,*,#4995,.T.);
#4995 = EDGE_CURVE('',#4972,#4996,#4998,.T.);
#4996 = VERTEX_POINT('',#4997);
#4997 = CARTESIAN_POINT('',(142.4,48.17431578065,7.6));
#4998 = LINE('',#4999,#5000);
#4999 = CARTESIAN_POINT('',(142.4,44.82568421935,7.6));
#5000 = VECTOR('',#5001,1.);
#5001 = DIRECTION('',(0.,1.,0.));
#5002 = ORIENTED_EDGE('',*,*,#5003,.F.);
#5003 = EDGE_CURVE('',#4258,#4996,#5004,.T.);
#5004 = LINE('',#5005,#5006);
#5005 = CARTESIAN_POINT('',(142.4,48.17431578065,4.9));
#5006 = VECTOR('',#5007,1.);
#5007 = DIRECTION('',(0.,0.,1.));
#5008 = PLANE('',#5009);
#5009 = AXIS2_PLACEMENT_3D('',#5010,#5011,#5012);
#5010 = CARTESIAN_POINT('',(142.4,44.82568421935,4.9));
#5011 = DIRECTION('',(-1.,0.,0.));
#5012 = DIRECTION('',(0.,1.,0.));
#5013 = ADVANCED_FACE('',(#5014),#5025,.T.);
#5014 = FACE_BOUND('',#5015,.T.);
#5015 = EDGE_LOOP('',(#5016,#5017,#5018,#5024));
#5016 = ORIENTED_EDGE('',*,*,#4257,.T.);
#5017 = ORIENTED_EDGE('',*,*,#5003,.T.);
#5018 = ORIENTED_EDGE('',*,*,#5019,.T.);
#5019 = EDGE_CURVE('',#4996,#4892,#5020,.T.);
#5020 = LINE('',#5021,#5022);
#5021 = CARTESIAN_POINT('',(142.4,48.17431578065,7.6));
#5022 = VECTOR('',#5023,1.);
#5023 = DIRECTION('',(-0.866025403784,0.5,0.));
#5024 = ORIENTED_EDGE('',*,*,#4891,.F.);
#5025 = PLANE('',#5026);
#5026 = AXIS2_PLACEMENT_3D('',#5027,#5028,#5029);
#5027 = CARTESIAN_POINT('',(142.4,48.17431578065,4.9));
#5028 = DIRECTION('',(-0.5,-0.866025403784,0.));
#5029 = DIRECTION('',(-0.866025403784,0.5,0.));
#5030 = ADVANCED_FACE('',(#5031),#5056,.T.);
#5031 = FACE_BOUND('',#5032,.T.);
#5032 = EDGE_LOOP('',(#5033,#5034,#5042,#5050));
#5033 = ORIENTED_EDGE('',*,*,#4306,.T.);
#5034 = ORIENTED_EDGE('',*,*,#5035,.T.);
#5035 = EDGE_CURVE('',#4309,#5036,#5038,.T.);
#5036 = VERTEX_POINT('',#5037);
#5037 = CARTESIAN_POINT('',(160.5,70.8486315613,7.6));
#5038 = LINE('',#5039,#5040);
#5039 = CARTESIAN_POINT('',(160.5,70.8486315613,4.9));
#5040 = VECTOR('',#5041,1.);
#5041 = DIRECTION('',(0.,0.,1.));
#5042 = ORIENTED_EDGE('',*,*,#5043,.T.);
#5043 = EDGE_CURVE('',#5036,#5044,#5046,.T.);
#5044 = VERTEX_POINT('',#5045);
#5045 = CARTESIAN_POINT('',(157.6,69.17431578065,7.6));
#5046 = LINE('',#5047,#5048);
#5047 = CARTESIAN_POINT('',(160.5,70.8486315613,7.6));
#5048 = VECTOR('',#5049,1.);
#5049 = DIRECTION('',(-0.866025403784,-0.5,0.));
#5050 = ORIENTED_EDGE('',*,*,#5051,.F.);
#5051 = EDGE_CURVE('',#4307,#5044,#5052,.T.);
#5052 = LINE('',#5053,#5054);
#5053 = CARTESIAN_POINT('',(157.6,69.17431578065,4.9));
#5054 = VECTOR('',#5055,1.);
#5055 = DIRECTION('',(0.,0.,1.));
#5056 = PLANE('',#5057);
#5057 = AXIS2_PLACEMENT_3D('',#5058,#5059,#5060);
#5058 = CARTESIAN_POINT('',(160.5,70.8486315613,4.9));
#5059 = DIRECTION('',(0.5,-0.866025403784,0.));
#5060 = DIRECTION('',(-0.866025403784,-0.5,0.));
#5061 = ADVANCED_FACE('',(#5062),#5080,.T.);
#5062 = FACE_BOUND('',#5063,.T.);
#5063 = EDGE_LOOP('',(#5064,#5065,#5066,#5074));
#5064 = ORIENTED_EDGE('',*,*,#4348,.T.);
#5065 = ORIENTED_EDGE('',*,*,#5051,.T.);
#5066 = ORIENTED_EDGE('',*,*,#5067,.T.);
#5067 = EDGE_CURVE('',#5044,#5068,#5070,.T.);
#5068 = VERTEX_POINT('',#5069);
#5069 = CARTESIAN_POINT('',(157.6,65.82568421935,7.6));
#5070 = LINE('',#5071,#5072);
#5071 = CARTESIAN_POINT('',(157.6,69.17431578065,7.6));
#5072 = VECTOR('',#5073,1.);
#5073 = DIRECTION('',(0.,-1.,0.));
#5074 = ORIENTED_EDGE('',*,*,#5075,.F.);
#5075 = EDGE_CURVE('',#4341,#5068,#5076,.T.);
#5076 = LINE('',#5077,#5078);
#5077 = CARTESIAN_POINT('',(157.6,65.82568421935,4.9));
#5078 = VECTOR('',#5079,1.);
#5079 = DIRECTION('',(0.,0.,1.));
#5080 = PLANE('',#5081);
#5081 = AXIS2_PLACEMENT_3D('',#5082,#5083,#5084);
#5082 = CARTESIAN_POINT('',(157.6,69.17431578065,4.9));
#5083 = DIRECTION('',(1.,0.,-0.));
#5084 = DIRECTION('',(0.,-1.,0.));
#5085 = ADVANCED_FACE('',(#5086),#5104,.T.);
#5086 = FACE_BOUND('',#5087,.T.);
#5087 = EDGE_LOOP('',(#5088,#5089,#5090,#5098));
#5088 = ORIENTED_EDGE('',*,*,#4340,.T.);
#5089 = ORIENTED_EDGE('',*,*,#5075,.T.);
#5090 = ORIENTED_EDGE('',*,*,#5091,.T.);
#5091 = EDGE_CURVE('',#5068,#5092,#5094,.T.);
#5092 = VERTEX_POINT('',#5093);
#5093 = CARTESIAN_POINT('',(160.5,64.1513684387,7.6));
#5094 = LINE('',#5095,#5096);
#5095 = CARTESIAN_POINT('',(157.6,65.82568421935,7.6));
#5096 = VECTOR('',#5097,1.);
#5097 = DIRECTION('',(0.866025403784,-0.5,0.));
#5098 = ORIENTED_EDGE('',*,*,#5099,.F.);
#5099 = EDGE_CURVE('',#4333,#5092,#5100,.T.);
#5100 = LINE('',#5101,#5102);
#5101 = CARTESIAN_POINT('',(160.5,64.1513684387,4.9));
#5102 = VECTOR('',#5103,1.);
#5103 = DIRECTION('',(0.,0.,1.));
#5104 = PLANE('',#5105);
#5105 = AXIS2_PLACEMENT_3D('',#5106,#5107,#5108);
#5106 = CARTESIAN_POINT('',(157.6,65.82568421935,4.9));
#5107 = DIRECTION('',(0.5,0.866025403784,-0.));
#5108 = DIRECTION('',(0.866025403784,-0.5,0.));
#5109 = ADVANCED_FACE('',(#5110),#5128,.T.);
#5110 = FACE_BOUND('',#5111,.T.);
#5111 = EDGE_LOOP('',(#5112,#5113,#5114,#5122));
#5112 = ORIENTED_EDGE('',*,*,#4332,.T.);
#5113 = ORIENTED_EDGE('',*,*,#5099,.T.);
#5114 = ORIENTED_EDGE('',*,*,#5115,.T.);
#5115 = EDGE_CURVE('',#5092,#5116,#5118,.T.);
#5116 = VERTEX_POINT('',#5117);
#5117 = CARTESIAN_POINT('',(163.4,65.82568421935,7.6));
#5118 = LINE('',#5119,#5120);
#5119 = CARTESIAN_POINT('',(160.5,64.1513684387,7.6));
#5120 = VECTOR('',#5121,1.);
#5121 = DIRECTION('',(0.866025403784,0.5,0.));
#5122 = ORIENTED_EDGE('',*,*,#5123,.F.);
#5123 = EDGE_CURVE('',#4325,#5116,#5124,.T.);
#5124 = LINE('',#5125,#5126);
#5125 = CARTESIAN_POINT('',(163.4,65.82568421935,4.9));
#5126 = VECTOR('',#5127,1.);
#5127 = DIRECTION('',(0.,0.,1.));
#5128 = PLANE('',#5129);
#5129 = AXIS2_PLACEMENT_3D('',#5130,#5131,#5132);
#5130 = CARTESIAN_POINT('',(160.5,64.1513684387,4.9));
#5131 = DIRECTION('',(-0.5,0.866025403784,0.));
#5132 = DIRECTION('',(0.866025403784,0.5,0.));
#5133 = ADVANCED_FACE('',(#5134),#5152,.T.);
#5134 = FACE_BOUND('',#5135,.T.);
#5135 = EDGE_LOOP('',(#5136,#5137,#5138,#5146));
#5136 = ORIENTED_EDGE('',*,*,#4324,.T.);
#5137 = ORIENTED_EDGE('',*,*,#5123,.T.);
#5138 = ORIENTED_EDGE('',*,*,#5139,.T.);
#5139 = EDGE_CURVE('',#5116,#5140,#5142,.T.);
#5140 = VERTEX_POINT('',#5141);
#5141 = CARTESIAN_POINT('',(163.4,69.17431578065,7.6));
#5142 = LINE('',#5143,#5144);
#5143 = CARTESIAN_POINT('',(163.4,65.82568421935,7.6));
#5144 = VECTOR('',#5145,1.);
#5145 = DIRECTION('',(0.,1.,0.));
#5146 = ORIENTED_EDGE('',*,*,#5147,.F.);
#5147 = EDGE_CURVE('',#4317,#5140,#5148,.T.);
#5148 = LINE('',#5149,#5150);
#5149 = CARTESIAN_POINT('',(163.4,69.17431578065,4.9));
#5150 = VECTOR('',#5151,1.);
#5151 = DIRECTION('',(0.,0.,1.));
#5152 = PLANE('',#5153);
#5153 = AXIS2_PLACEMENT_3D('',#5154,#5155,#5156);
#5154 = CARTESIAN_POINT('',(163.4,65.82568421935,4.9));
#5155 = DIRECTION('',(-1.,0.,0.));
#5156 = DIRECTION('',(0.,1.,0.));
#5157 = ADVANCED_FACE('',(#5158),#5169,.T.);
#5158 = FACE_BOUND('',#5159,.T.);
#5159 = EDGE_LOOP('',(#5160,#5161,#5162,#5168));
#5160 = ORIENTED_EDGE('',*,*,#4316,.T.);
#5161 = ORIENTED_EDGE('',*,*,#5147,.T.);
#5162 = ORIENTED_EDGE('',*,*,#5163,.T.);
#5163 = EDGE_CURVE('',#5140,#5036,#5164,.T.);
#5164 = LINE('',#5165,#5166);
#5165 = CARTESIAN_POINT('',(163.4,69.17431578065,7.6));
#5166 = VECTOR('',#5167,1.);
#5167 = DIRECTION('',(-0.866025403784,0.5,0.));
#5168 = ORIENTED_EDGE('',*,*,#5035,.F.);
#5169 = PLANE('',#5170);
#5170 = AXIS2_PLACEMENT_3D('',#5171,#5172,#5173);
#5171 = CARTESIAN_POINT('',(163.4,69.17431578065,4.9));
#5172 = DIRECTION('',(-0.5,-0.866025403784,0.));
#5173 = DIRECTION('',(-0.866025403784,0.5,0.));
#5174 = ADVANCED_FACE('',(#5175),#5200,.T.);
#5175 = FACE_BOUND('',#5176,.T.);
#5176 = EDGE_LOOP('',(#5177,#5178,#5186,#5194));
#5177 = ORIENTED_EDGE('',*,*,#4365,.T.);
#5178 = ORIENTED_EDGE('',*,*,#5179,.T.);
#5179 = EDGE_CURVE('',#4368,#5180,#5182,.T.);
#5180 = VERTEX_POINT('',#5181);
#5181 = CARTESIAN_POINT('',(192.5,70.8486315613,7.6));
#5182 = LINE('',#5183,#5184);
#5183 = CARTESIAN_POINT('',(192.5,70.8486315613,4.9));
#5184 = VECTOR('',#5185,1.);
#5185 = DIRECTION('',(0.,0.,1.));
#5186 = ORIENTED_EDGE('',*,*,#5187,.T.);
#5187 = EDGE_CURVE('',#5180,#5188,#5190,.T.);
#5188 = VERTEX_POINT('',#5189);
#5189 = CARTESIAN_POINT('',(189.6,69.17431578065,7.6));
#5190 = LINE('',#5191,#5192);
#5191 = CARTESIAN_POINT('',(192.5,70.8486315613,7.6));
#5192 = VECTOR('',#5193,1.);
#5193 = DIRECTION('',(-0.866025403784,-0.5,0.));
#5194 = ORIENTED_EDGE('',*,*,#5195,.F.);
#5195 = EDGE_CURVE('',#4366,#5188,#5196,.T.);
#5196 = LINE('',#5197,#5198);
#5197 = CARTESIAN_POINT('',(189.6,69.17431578065,4.9));
#5198 = VECTOR('',#5199,1.);
#5199 = DIRECTION('',(0.,0.,1.));
#5200 = PLANE('',#5201);
#5201 = AXIS2_PLACEMENT_3D('',#5202,#5203,#5204);
#5202 = CARTESIAN_POINT('',(192.5,70.8486315613,4.9));
#5203 = DIRECTION('',(0.5,-0.866025403784,0.));
#5204 = DIRECTION('',(-0.866025403784,-0.5,0.));
#5205 = ADVANCED_FACE('',(#5206),#5224,.T.);
#5206 = FACE_BOUND('',#5207,.T.);
#5207 = EDGE_LOOP('',(#5208,#5209,#5210,#5218));
#5208 = ORIENTED_EDGE('',*,*,#4407,.T.);
#5209 = ORIENTED_EDGE('',*,*,#5195,.T.);
#5210 = ORIENTED_EDGE('',*,*,#5211,.T.);
#5211 = EDGE_CURVE('',#5188,#5212,#5214,.T.);
#5212 = VERTEX_POINT('',#5213);
#5213 = CARTESIAN_POINT('',(189.6,65.82568421935,7.6));
#5214 = LINE('',#5215,#5216);
#5215 = CARTESIAN_POINT('',(189.6,69.17431578065,7.6));
#5216 = VECTOR('',#5217,1.);
#5217 = DIRECTION('',(0.,-1.,0.));
#5218 = ORIENTED_EDGE('',*,*,#5219,.F.);
#5219 = EDGE_CURVE('',#4400,#5212,#5220,.T.);
#5220 = LINE('',#5221,#5222);
#5221 = CARTESIAN_POINT('',(189.6,65.82568421935,4.9));
#5222 = VECTOR('',#5223,1.);
#5223 = DIRECTION('',(0.,0.,1.));
#5224 = PLANE('',#5225);
#5225 = AXIS2_PLACEMENT_3D('',#5226,#5227,#5228);
#5226 = CARTESIAN_POINT('',(189.6,69.17431578065,4.9));
#5227 = DIRECTION('',(1.,0.,-0.));
#5228 = DIRECTION('',(0.,-1.,0.));
#5229 = ADVANCED_FACE('',(#5230),#5248,.T.);
#5230 = FACE_BOUND('',#5231,.T.);
#5231 = EDGE_LOOP('',(#5232,#5233,#5234,#5242));
#5232 = ORIENTED_EDGE('',*,*,#4399,.T.);
#5233 = ORIENTED_EDGE('',*,*,#5219,.T.);
#5234 = ORIENTED_EDGE('',*,*,#5235,.T.);
#5235 = EDGE_CURVE('',#5212,#5236,#5238,.T.);
#5236 = VERTEX_POINT('',#5237);
#5237 = CARTESIAN_POINT('',(192.5,64.1513684387,7.6));
#5238 = LINE('',#5239,#5240);
#5239 = CARTESIAN_POINT('',(189.6,65.82568421935,7.6));
#5240 = VECTOR('',#5241,1.);
#5241 = DIRECTION('',(0.866025403784,-0.5,0.));
#5242 = ORIENTED_EDGE('',*,*,#5243,.F.);
#5243 = EDGE_CURVE('',#4392,#5236,#5244,.T.);
#5244 = LINE('',#5245,#5246);
#5245 = CARTESIAN_POINT('',(192.5,64.1513684387,4.9));
#5246 = VECTOR('',#5247,1.);
#5247 = DIRECTION('',(0.,0.,1.));
#5248 = PLANE('',#5249);
#5249 = AXIS2_PLACEMENT_3D('',#5250,#5251,#5252);
#5250 = CARTESIAN_POINT('',(189.6,65.82568421935,4.9));
#5251 = DIRECTION('',(0.5,0.866025403784,-0.));
#5252 = DIRECTION('',(0.866025403784,-0.5,0.));
#5253 = ADVANCED_FACE('',(#5254),#5272,.T.);
#5254 = FACE_BOUND('',#5255,.T.);
#5255 = EDGE_LOOP('',(#5256,#5257,#5258,#5266));
#5256 = ORIENTED_EDGE('',*,*,#4391,.T.);
#5257 = ORIENTED_EDGE('',*,*,#5243,.T.);
#5258 = ORIENTED_EDGE('',*,*,#5259,.T.);
#5259 = EDGE_CURVE('',#5236,#5260,#5262,.T.);
#5260 = VERTEX_POINT('',#5261);
#5261 = CARTESIAN_POINT('',(195.4,65.82568421935,7.6));
#5262 = LINE('',#5263,#5264);
#5263 = CARTESIAN_POINT('',(192.5,64.1513684387,7.6));
#5264 = VECTOR('',#5265,1.);
#5265 = DIRECTION('',(0.866025403784,0.5,0.));
#5266 = ORIENTED_EDGE('',*,*,#5267,.F.);
#5267 = EDGE_CURVE('',#4384,#5260,#5268,.T.);
#5268 = LINE('',#5269,#5270);
#5269 = CARTESIAN_POINT('',(195.4,65.82568421935,4.9));
#5270 = VECTOR('',#5271,1.);
#5271 = DIRECTION('',(0.,0.,1.));
#5272 = PLANE('',#5273);
#5273 = AXIS2_PLACEMENT_3D('',#5274,#5275,#5276);
#5274 = CARTESIAN_POINT('',(192.5,64.1513684387,4.9));
#5275 = DIRECTION('',(-0.5,0.866025403784,0.));
#5276 = DIRECTION('',(0.866025403784,0.5,0.));
#5277 = ADVANCED_FACE('',(#5278),#5296,.T.);
#5278 = FACE_BOUND('',#5279,.T.);
#5279 = EDGE_LOOP('',(#5280,#5281,#5282,#5290));
#5280 = ORIENTED_EDGE('',*,*,#4383,.T.);
#5281 = ORIENTED_EDGE('',*,*,#5267,.T.);
#5282 = ORIENTED_EDGE('',*,*,#5283,.T.);
#5283 = EDGE_CURVE('',#5260,#5284,#5286,.T.);
#5284 = VERTEX_POINT('',#5285);
#5285 = CARTESIAN_POINT('',(195.4,69.17431578065,7.6));
#5286 = LINE('',#5287,#5288);
#5287 = CARTESIAN_POINT('',(195.4,65.82568421935,7.6));
#5288 = VECTOR('',#5289,1.);
#5289 = DIRECTION('',(0.,1.,0.));
#5290 = ORIENTED_EDGE('',*,*,#5291,.F.);
#5291 = EDGE_CURVE('',#4376,#5284,#5292,.T.);
#5292 = LINE('',#5293,#5294);
#5293 = CARTESIAN_POINT('',(195.4,69.17431578065,4.9));
#5294 = VECTOR('',#5295,1.);
#5295 = DIRECTION('',(0.,0.,1.));
#5296 = PLANE('',#5297);
#5297 = AXIS2_PLACEMENT_3D('',#5298,#5299,#5300);
#5298 = CARTESIAN_POINT('',(195.4,65.82568421935,4.9));
#5299 = DIRECTION('',(-1.,0.,0.));
#5300 = DIRECTION('',(0.,1.,0.));
#5301 = ADVANCED_FACE('',(#5302),#5313,.T.);
#5302 = FACE_BOUND('',#5303,.T.);
#5303 = EDGE_LOOP('',(#5304,#5305,#5306,#5312));
#5304 = ORIENTED_EDGE('',*,*,#4375,.T.);
#5305 = ORIENTED_EDGE('',*,*,#5291,.T.);
#5306 = ORIENTED_EDGE('',*,*,#5307,.T.);
#5307 = EDGE_CURVE('',#5284,#5180,#5308,.T.);
#5308 = LINE('',#5309,#5310);
#5309 = CARTESIAN_POINT('',(195.4,69.17431578065,7.6));
#5310 = VECTOR('',#5311,1.);
#5311 = DIRECTION('',(-0.866025403784,0.5,0.));
#5312 = ORIENTED_EDGE('',*,*,#5179,.F.);
#5313 = PLANE('',#5314);
#5314 = AXIS2_PLACEMENT_3D('',#5315,#5316,#5317);
#5315 = CARTESIAN_POINT('',(195.4,69.17431578065,4.9));
#5316 = DIRECTION('',(-0.5,-0.866025403784,0.));
#5317 = DIRECTION('',(-0.866025403784,0.5,0.));
#5318 = ADVANCED_FACE('',(#5319,#5369),#5372,.F.);
#5319 = FACE_BOUND('',#5320,.F.);
#5320 = EDGE_LOOP('',(#5321,#5331,#5339,#5347,#5355,#5363));
#5321 = ORIENTED_EDGE('',*,*,#5322,.T.);
#5322 = EDGE_CURVE('',#5323,#5325,#5327,.T.);
#5323 = VERTEX_POINT('',#5324);
#5324 = CARTESIAN_POINT('',(195.50887979629,20.352262599389,
    23.407272003474));
#5325 = VERTEX_POINT('',#5326);
#5326 = CARTESIAN_POINT('',(192.72679360905,17.980152825351,
    25.50403736946));
#5327 = LINE('',#5328,#5329);
#5328 = CARTESIAN_POINT('',(195.50887979629,20.352262599389,
    23.407272003474));
#5329 = VECTOR('',#5330,1.);
#5330 = DIRECTION('',(-0.660097894156,-0.562823924625,0.497493718553));
#5331 = ORIENTED_EDGE('',*,*,#5332,.T.);
#5332 = EDGE_CURVE('',#5325,#5333,#5335,.T.);
#5333 = VERTEX_POINT('',#5334);
#5334 = CARTESIAN_POINT('',(189.69019539317,15.943984951961,
    23.407272003474));
#5335 = LINE('',#5336,#5337);
#5336 = CARTESIAN_POINT('',(192.72679360905,17.980152825351,
    25.50403736946));
#5337 = VECTOR('',#5338,1.);
#5338 = DIRECTION('',(-0.72048525919,-0.483115919103,-0.497493718553));
#5339 = ORIENTED_EDGE('',*,*,#5340,.T.);
#5340 = EDGE_CURVE('',#5333,#5341,#5343,.T.);
#5341 = VERTEX_POINT('',#5342);
#5342 = CARTESIAN_POINT('',(189.43568336453,16.279926852609,
    19.213741271501));
#5343 = LINE('',#5344,#5345);
#5344 = CARTESIAN_POINT('',(189.69019539317,15.943984951961,
    23.407272003474));
#5345 = VECTOR('',#5346,1.);
#5346 = DIRECTION('',(-6.038736503325E-02,7.970800552228E-02,
    -0.994987437107));
#5347 = ORIENTED_EDGE('',*,*,#5348,.T.);
#5348 = EDGE_CURVE('',#5341,#5349,#5351,.T.);
#5349 = VERTEX_POINT('',#5350);
#5350 = CARTESIAN_POINT('',(192.21776955177,18.652036626646,
    17.116975905515));
#5351 = LINE('',#5352,#5353);
#5352 = CARTESIAN_POINT('',(189.43568336453,16.279926852609,
    19.213741271501));
#5353 = VECTOR('',#5354,1.);
#5354 = DIRECTION('',(0.660097894156,0.562823924625,-0.497493718553));
#5355 = ORIENTED_EDGE('',*,*,#5356,.T.);
#5356 = EDGE_CURVE('',#5349,#5357,#5359,.T.);
#5357 = VERTEX_POINT('',#5358);
#5358 = CARTESIAN_POINT('',(195.25436776765,20.688204500036,
    19.213741271501));
#5359 = LINE('',#5360,#5361);
#5360 = CARTESIAN_POINT('',(192.21776955177,18.652036626646,
    17.116975905515));
#5361 = VECTOR('',#5362,1.);
#5362 = DIRECTION('',(0.72048525919,0.483115919103,0.497493718553));
#5363 = ORIENTED_EDGE('',*,*,#5364,.T.);
#5364 = EDGE_CURVE('',#5357,#5323,#5365,.T.);
#5365 = LINE('',#5366,#5367);
#5366 = CARTESIAN_POINT('',(195.25436776765,20.688204500036,
    19.213741271501));
#5367 = VECTOR('',#5368,1.);
#5368 = DIRECTION('',(6.038736503326E-02,-7.970800552228E-02,
    0.994987437107));
#5369 = FACE_BOUND('',#5370,.F.);
#5370 = EDGE_LOOP('',(#5371));
#5371 = ORIENTED_EDGE('',*,*,#4479,.F.);
#5372 = PLANE('',#5373);
#5373 = AXIS2_PLACEMENT_3D('',#5374,#5375,#5376);
#5374 = CARTESIAN_POINT('',(192.47228158041,18.316094725999,
    21.310506637487));
#5375 = DIRECTION('',(0.600846695681,-0.793084641315,-1.E-01));
#5376 = DIRECTION('',(-0.797080055223,-0.603873650333,0.));
#5377 = ADVANCED_FACE('',(#5378,#5428),#5431,.F.);
#5378 = FACE_BOUND('',#5379,.F.);
#5379 = EDGE_LOOP('',(#5380,#5390,#5398,#5406,#5414,#5422));
#5380 = ORIENTED_EDGE('',*,*,#5381,.T.);
#5381 = EDGE_CURVE('',#5382,#5384,#5386,.T.);
#5382 = VERTEX_POINT('',#5383);
#5383 = CARTESIAN_POINT('',(170.00231802916,1.028305788747,
    23.407272003474));
#5384 = VERTEX_POINT('',#5385);
#5385 = CARTESIAN_POINT('',(167.22023184192,-1.34380398529,
    25.50403736946));
#5386 = LINE('',#5387,#5388);
#5387 = CARTESIAN_POINT('',(170.00231802916,1.028305788747,
    23.407272003474));
#5388 = VECTOR('',#5389,1.);
#5389 = DIRECTION('',(-0.660097894156,-0.562823924625,0.497493718553));
#5390 = ORIENTED_EDGE('',*,*,#5391,.T.);
#5391 = EDGE_CURVE('',#5384,#5392,#5394,.T.);
#5392 = VERTEX_POINT('',#5393);
#5393 = CARTESIAN_POINT('',(164.18363362603,-3.37997185868,
    23.407272003474));
#5394 = LINE('',#5395,#5396);
#5395 = CARTESIAN_POINT('',(167.22023184192,-1.34380398529,
    25.50403736946));
#5396 = VECTOR('',#5397,1.);
#5397 = DIRECTION('',(-0.72048525919,-0.483115919103,-0.497493718553));
#5398 = ORIENTED_EDGE('',*,*,#5399,.T.);
#5399 = EDGE_CURVE('',#5392,#5400,#5402,.T.);
#5400 = VERTEX_POINT('',#5401);
#5401 = CARTESIAN_POINT('',(163.92912159739,-3.044029958033,
    19.213741271501));
#5402 = LINE('',#5403,#5404);
#5403 = CARTESIAN_POINT('',(164.18363362603,-3.37997185868,
    23.407272003474));
#5404 = VECTOR('',#5405,1.);
#5405 = DIRECTION('',(-6.038736503326E-02,7.970800552228E-02,
    -0.994987437107));
#5406 = ORIENTED_EDGE('',*,*,#5407,.T.);
#5407 = EDGE_CURVE('',#5400,#5408,#5410,.T.);
#5408 = VERTEX_POINT('',#5409);
#5409 = CARTESIAN_POINT('',(166.71120778464,-0.671920183995,
    17.116975905515));
#5410 = LINE('',#5411,#5412);
#5411 = CARTESIAN_POINT('',(163.92912159739,-3.044029958033,
    19.213741271501));
#5412 = VECTOR('',#5413,1.);
#5413 = DIRECTION('',(0.660097894156,0.562823924625,-0.497493718553));
#5414 = ORIENTED_EDGE('',*,*,#5415,.T.);
#5415 = EDGE_CURVE('',#5408,#5416,#5418,.T.);
#5416 = VERTEX_POINT('',#5417);
#5417 = CARTESIAN_POINT('',(169.74780600052,1.364247689395,
    19.213741271501));
#5418 = LINE('',#5419,#5420);
#5419 = CARTESIAN_POINT('',(166.71120778464,-0.671920183995,
    17.116975905515));
#5420 = VECTOR('',#5421,1.);
#5421 = DIRECTION('',(0.72048525919,0.483115919103,0.497493718553));
#5422 = ORIENTED_EDGE('',*,*,#5423,.T.);
#5423 = EDGE_CURVE('',#5416,#5382,#5424,.T.);
#5424 = LINE('',#5425,#5426);
#5425 = CARTESIAN_POINT('',(169.74780600052,1.364247689395,
    19.213741271501));
#5426 = VECTOR('',#5427,1.);
#5427 = DIRECTION('',(6.038736503325E-02,-7.970800552228E-02,
    0.994987437107));
#5428 = FACE_BOUND('',#5429,.F.);
#5429 = EDGE_LOOP('',(#5430));
#5430 = ORIENTED_EDGE('',*,*,#4504,.F.);
#5431 = PLANE('',#5432);
#5432 = AXIS2_PLACEMENT_3D('',#5433,#5434,#5435);
#5433 = CARTESIAN_POINT('',(166.96571981328,-1.007862084643,
    21.310506637487));
#5434 = DIRECTION('',(0.600846695681,-0.793084641315,-1.E-01));
#5435 = DIRECTION('',(-0.797080055223,-0.603873650333,
    -6.938893903907E-18));
#5436 = ADVANCED_FACE('',(#5437,#5445),#5448,.F.);
#5437 = FACE_BOUND('',#5438,.F.);
#5438 = EDGE_LOOP('',(#5439,#5440,#5441,#5442,#5443,#5444));
#5439 = ORIENTED_EDGE('',*,*,#4875,.T.);
#5440 = ORIENTED_EDGE('',*,*,#4755,.T.);
#5441 = ORIENTED_EDGE('',*,*,#4779,.T.);
#5442 = ORIENTED_EDGE('',*,*,#4803,.T.);
#5443 = ORIENTED_EDGE('',*,*,#4827,.T.);
#5444 = ORIENTED_EDGE('',*,*,#4851,.T.);
#5445 = FACE_BOUND('',#5446,.F.);
#5446 = EDGE_LOOP('',(#5447));
#5447 = ORIENTED_EDGE('',*,*,#4605,.F.);
#5448 = PLANE('',#5449);
#5449 = AXIS2_PLACEMENT_3D('',#5450,#5451,#5452);
#5450 = CARTESIAN_POINT('',(139.5,14.5,7.6));
#5451 = DIRECTION('',(0.,0.,1.));
#5452 = DIRECTION('',(1.,0.,-0.));
#5453 = ADVANCED_FACE('',(#5454,#5462),#5465,.F.);
#5454 = FACE_BOUND('',#5455,.F.);
#5455 = EDGE_LOOP('',(#5456,#5457,#5458,#5459,#5460,#5461));
#5456 = ORIENTED_EDGE('',*,*,#5019,.T.);
#5457 = ORIENTED_EDGE('',*,*,#4899,.T.);
#5458 = ORIENTED_EDGE('',*,*,#4923,.T.);
#5459 = ORIENTED_EDGE('',*,*,#4947,.T.);
#5460 = ORIENTED_EDGE('',*,*,#4971,.T.);
#5461 = ORIENTED_EDGE('',*,*,#4995,.T.);
#5462 = FACE_BOUND('',#5463,.F.);
#5463 = EDGE_LOOP('',(#5464));
#5464 = ORIENTED_EDGE('',*,*,#4630,.F.);
#5465 = PLANE('',#5466);
#5466 = AXIS2_PLACEMENT_3D('',#5467,#5468,#5469);
#5467 = CARTESIAN_POINT('',(139.5,46.5,7.6));
#5468 = DIRECTION('',(0.,0.,1.));
#5469 = DIRECTION('',(1.,0.,-0.));
#5470 = ADVANCED_FACE('',(#5471,#5479),#5482,.F.);
#5471 = FACE_BOUND('',#5472,.F.);
#5472 = EDGE_LOOP('',(#5473,#5474,#5475,#5476,#5477,#5478));
#5473 = ORIENTED_EDGE('',*,*,#5163,.T.);
#5474 = ORIENTED_EDGE('',*,*,#5043,.T.);
#5475 = ORIENTED_EDGE('',*,*,#5067,.T.);
#5476 = ORIENTED_EDGE('',*,*,#5091,.T.);
#5477 = ORIENTED_EDGE('',*,*,#5115,.T.);
#5478 = ORIENTED_EDGE('',*,*,#5139,.T.);
#5479 = FACE_BOUND('',#5480,.F.);
#5480 = EDGE_LOOP('',(#5481));
#5481 = ORIENTED_EDGE('',*,*,#4655,.F.);
#5482 = PLANE('',#5483);
#5483 = AXIS2_PLACEMENT_3D('',#5484,#5485,#5486);
#5484 = CARTESIAN_POINT('',(160.5,67.5,7.6));
#5485 = DIRECTION('',(0.,0.,1.));
#5486 = DIRECTION('',(1.,0.,-0.));
#5487 = ADVANCED_FACE('',(#5488,#5496),#5499,.F.);
#5488 = FACE_BOUND('',#5489,.F.);
#5489 = EDGE_LOOP('',(#5490,#5491,#5492,#5493,#5494,#5495));
#5490 = ORIENTED_EDGE('',*,*,#5307,.T.);
#5491 = ORIENTED_EDGE('',*,*,#5187,.T.);
#5492 = ORIENTED_EDGE('',*,*,#5211,.T.);
#5493 = ORIENTED_EDGE('',*,*,#5235,.T.);
#5494 = ORIENTED_EDGE('',*,*,#5259,.T.);
#5495 = ORIENTED_EDGE('',*,*,#5283,.T.);
#5496 = FACE_BOUND('',#5497,.F.);
#5497 = EDGE_LOOP('',(#5498));
#5498 = ORIENTED_EDGE('',*,*,#4680,.F.);
#5499 = PLANE('',#5500);
#5500 = AXIS2_PLACEMENT_3D('',#5501,#5502,#5503);
#5501 = CARTESIAN_POINT('',(192.5,67.5,7.6));
#5502 = DIRECTION('',(0.,0.,1.));
#5503 = DIRECTION('',(1.,0.,-0.));
#5504 = ADVANCED_FACE('',(#5505,#5555),#5558,.T.);
#5505 = FACE_BOUND('',#5506,.T.);
#5506 = EDGE_LOOP('',(#5507,#5517,#5525,#5533,#5541,#5549));
#5507 = ORIENTED_EDGE('',*,*,#5508,.T.);
#5508 = EDGE_CURVE('',#5509,#5511,#5513,.T.);
#5509 = VERTEX_POINT('',#5510);
#5510 = CARTESIAN_POINT('',(193.34583169184,23.207367308123,
    23.767272003474));
#5511 = VERTEX_POINT('',#5512);
#5512 = CARTESIAN_POINT('',(190.5637455046,20.835257534085,
    25.86403736946));
#5513 = LINE('',#5514,#5515);
#5514 = CARTESIAN_POINT('',(193.34583169184,23.207367308123,
    23.767272003474));
#5515 = VECTOR('',#5516,1.);
#5516 = DIRECTION('',(-0.660097894156,-0.562823924625,0.497493718553));
#5517 = ORIENTED_EDGE('',*,*,#5518,.T.);
#5518 = EDGE_CURVE('',#5511,#5519,#5521,.T.);
#5519 = VERTEX_POINT('',#5520);
#5520 = CARTESIAN_POINT('',(187.52714728872,18.799089660695,
    23.767272003474));
#5521 = LINE('',#5522,#5523);
#5522 = CARTESIAN_POINT('',(190.5637455046,20.835257534085,
    25.86403736946));
#5523 = VECTOR('',#5524,1.);
#5524 = DIRECTION('',(-0.72048525919,-0.483115919103,-0.497493718553));
#5525 = ORIENTED_EDGE('',*,*,#5526,.T.);
#5526 = EDGE_CURVE('',#5519,#5527,#5529,.T.);
#5527 = VERTEX_POINT('',#5528);
#5528 = CARTESIAN_POINT('',(187.27263526007,19.135031561343,
    19.573741271501));
#5529 = LINE('',#5530,#5531);
#5530 = CARTESIAN_POINT('',(187.52714728872,18.799089660695,
    23.767272003474));
#5531 = VECTOR('',#5532,1.);
#5532 = DIRECTION('',(-6.038736503325E-02,7.970800552228E-02,
    -0.994987437107));
#5533 = ORIENTED_EDGE('',*,*,#5534,.T.);
#5534 = EDGE_CURVE('',#5527,#5535,#5537,.T.);
#5535 = VERTEX_POINT('',#5536);
#5536 = CARTESIAN_POINT('',(190.05472144732,21.50714133538,
    17.476975905515));
#5537 = LINE('',#5538,#5539);
#5538 = CARTESIAN_POINT('',(187.27263526007,19.135031561343,
    19.573741271501));
#5539 = VECTOR('',#5540,1.);
#5540 = DIRECTION('',(0.660097894156,0.562823924625,-0.497493718553));
#5541 = ORIENTED_EDGE('',*,*,#5542,.T.);
#5542 = EDGE_CURVE('',#5535,#5543,#5545,.T.);
#5543 = VERTEX_POINT('',#5544);
#5544 = CARTESIAN_POINT('',(193.0913196632,23.54330920877,
    19.573741271501));
#5545 = LINE('',#5546,#5547);
#5546 = CARTESIAN_POINT('',(190.05472144732,21.50714133538,
    17.476975905515));
#5547 = VECTOR('',#5548,1.);
#5548 = DIRECTION('',(0.72048525919,0.483115919103,0.497493718553));
#5549 = ORIENTED_EDGE('',*,*,#5550,.T.);
#5550 = EDGE_CURVE('',#5543,#5509,#5551,.T.);
#5551 = LINE('',#5552,#5553);
#5552 = CARTESIAN_POINT('',(193.0913196632,23.54330920877,
    19.573741271501));
#5553 = VECTOR('',#5554,1.);
#5554 = DIRECTION('',(6.038736503326E-02,-7.970800552228E-02,
    0.994987437107));
#5555 = FACE_BOUND('',#5556,.T.);
#5556 = EDGE_LOOP('',(#5557));
#5557 = ORIENTED_EDGE('',*,*,#4696,.F.);
#5558 = PLANE('',#5559);
#5559 = AXIS2_PLACEMENT_3D('',#5560,#5561,#5562);
#5560 = CARTESIAN_POINT('',(190.30923347596,21.171199434733,
    21.670506637487));
#5561 = DIRECTION('',(0.600846695681,-0.793084641315,-1.E-01));
#5562 = DIRECTION('',(-0.797080055223,-0.603873650333,0.));
#5563 = ADVANCED_FACE('',(#5564,#5614),#5617,.T.);
#5564 = FACE_BOUND('',#5565,.T.);
#5565 = EDGE_LOOP('',(#5566,#5576,#5584,#5592,#5600,#5608));
#5566 = ORIENTED_EDGE('',*,*,#5567,.T.);
#5567 = EDGE_CURVE('',#5568,#5570,#5572,.T.);
#5568 = VERTEX_POINT('',#5569);
#5569 = CARTESIAN_POINT('',(167.83926992471,3.883410497481,
    23.767272003474));
#5570 = VERTEX_POINT('',#5571);
#5571 = CARTESIAN_POINT('',(165.05718373747,1.511300723444,
    25.86403736946));
#5572 = LINE('',#5573,#5574);
#5573 = CARTESIAN_POINT('',(167.83926992471,3.883410497481,
    23.767272003474));
#5574 = VECTOR('',#5575,1.);
#5575 = DIRECTION('',(-0.660097894156,-0.562823924625,0.497493718553));
#5576 = ORIENTED_EDGE('',*,*,#5577,.T.);
#5577 = EDGE_CURVE('',#5570,#5578,#5580,.T.);
#5578 = VERTEX_POINT('',#5579);
#5579 = CARTESIAN_POINT('',(162.02058552158,-0.524867149946,
    23.767272003474));
#5580 = LINE('',#5581,#5582);
#5581 = CARTESIAN_POINT('',(165.05718373747,1.511300723444,
    25.86403736946));
#5582 = VECTOR('',#5583,1.);
#5583 = DIRECTION('',(-0.72048525919,-0.483115919103,-0.497493718553));
#5584 = ORIENTED_EDGE('',*,*,#5585,.T.);
#5585 = EDGE_CURVE('',#5578,#5586,#5588,.T.);
#5586 = VERTEX_POINT('',#5587);
#5587 = CARTESIAN_POINT('',(161.76607349294,-0.188925249299,
    19.573741271501));
#5588 = LINE('',#5589,#5590);
#5589 = CARTESIAN_POINT('',(162.02058552158,-0.524867149946,
    23.767272003474));
#5590 = VECTOR('',#5591,1.);
#5591 = DIRECTION('',(-6.038736503326E-02,7.970800552228E-02,
    -0.994987437107));
#5592 = ORIENTED_EDGE('',*,*,#5593,.T.);
#5593 = EDGE_CURVE('',#5586,#5594,#5596,.T.);
#5594 = VERTEX_POINT('',#5595);
#5595 = CARTESIAN_POINT('',(164.54815968019,2.183184524739,
    17.476975905515));
#5596 = LINE('',#5597,#5598);
#5597 = CARTESIAN_POINT('',(161.76607349294,-0.188925249299,
    19.573741271501));
#5598 = VECTOR('',#5599,1.);
#5599 = DIRECTION('',(0.660097894156,0.562823924625,-0.497493718553));
#5600 = ORIENTED_EDGE('',*,*,#5601,.T.);
#5601 = EDGE_CURVE('',#5594,#5602,#5604,.T.);
#5602 = VERTEX_POINT('',#5603);
#5603 = CARTESIAN_POINT('',(167.58475789607,4.219352398129,
    19.573741271501));
#5604 = LINE('',#5605,#5606);
#5605 = CARTESIAN_POINT('',(164.54815968019,2.183184524739,
    17.476975905515));
#5606 = VECTOR('',#5607,1.);
#5607 = DIRECTION('',(0.72048525919,0.483115919103,0.497493718553));
#5608 = ORIENTED_EDGE('',*,*,#5609,.T.);
#5609 = EDGE_CURVE('',#5602,#5568,#5610,.T.);
#5610 = LINE('',#5611,#5612);
#5611 = CARTESIAN_POINT('',(167.58475789607,4.219352398129,
    19.573741271501));
#5612 = VECTOR('',#5613,1.);
#5613 = DIRECTION('',(6.038736503325E-02,-7.970800552228E-02,
    0.994987437107));
#5614 = FACE_BOUND('',#5615,.T.);
#5615 = EDGE_LOOP('',(#5616));
#5616 = ORIENTED_EDGE('',*,*,#4721,.F.);
#5617 = PLANE('',#5618);
#5618 = AXIS2_PLACEMENT_3D('',#5619,#5620,#5621);
#5619 = CARTESIAN_POINT('',(164.80267170883,1.847242624091,
    21.670506637487));
#5620 = DIRECTION('',(0.600846695681,-0.793084641315,-1.E-01));
#5621 = DIRECTION('',(-0.797080055223,-0.603873650333,
    -6.938893903907E-18));
#5622 = ADVANCED_FACE('',(#5623),#5639,.T.);
#5623 = FACE_BOUND('',#5624,.T.);
#5624 = EDGE_LOOP('',(#5625,#5631,#5632,#5638));
#5625 = ORIENTED_EDGE('',*,*,#5626,.T.);
#5626 = EDGE_CURVE('',#5509,#5323,#5627,.T.);
#5627 = LINE('',#5628,#5629);
#5628 = CARTESIAN_POINT('',(193.34583169184,23.207367308123,
    23.767272003474));
#5629 = VECTOR('',#5630,1.);
#5630 = DIRECTION('',(0.600846695681,-0.793084641315,-1.E-01));
#5631 = ORIENTED_EDGE('',*,*,#5322,.T.);
#5632 = ORIENTED_EDGE('',*,*,#5633,.F.);
#5633 = EDGE_CURVE('',#5511,#5325,#5634,.T.);
#5634 = LINE('',#5635,#5636);
#5635 = CARTESIAN_POINT('',(190.5637455046,20.835257534085,
    25.86403736946));
#5636 = VECTOR('',#5637,1.);
#5637 = DIRECTION('',(0.600846695681,-0.793084641315,-1.E-01));
#5638 = ORIENTED_EDGE('',*,*,#5508,.F.);
#5639 = PLANE('',#5640);
#5640 = AXIS2_PLACEMENT_3D('',#5641,#5642,#5643);
#5641 = CARTESIAN_POINT('',(193.34583169184,23.207367308123,
    23.767272003474));
#5642 = DIRECTION('',(-0.450837019798,-0.232907667499,-0.861684396981));
#5643 = DIRECTION('',(-0.660097894156,-0.562823924625,0.497493718553));
#5644 = ADVANCED_FACE('',(#5645),#5656,.T.);
#5645 = FACE_BOUND('',#5646,.T.);
#5646 = EDGE_LOOP('',(#5647,#5653,#5654,#5655));
#5647 = ORIENTED_EDGE('',*,*,#5648,.T.);
#5648 = EDGE_CURVE('',#5543,#5357,#5649,.T.);
#5649 = LINE('',#5650,#5651);
#5650 = CARTESIAN_POINT('',(193.0913196632,23.54330920877,
    19.573741271501));
#5651 = VECTOR('',#5652,1.);
#5652 = DIRECTION('',(0.600846695681,-0.793084641315,-1.E-01));
#5653 = ORIENTED_EDGE('',*,*,#5364,.T.);
#5654 = ORIENTED_EDGE('',*,*,#5626,.F.);
#5655 = ORIENTED_EDGE('',*,*,#5550,.F.);
#5656 = PLANE('',#5657);
#5657 = AXIS2_PLACEMENT_3D('',#5658,#5659,#5660);
#5658 = CARTESIAN_POINT('',(193.0913196632,23.54330920877,
    19.573741271501));
#5659 = DIRECTION('',(-0.797080055223,-0.603873650333,2.810252031082E-15
    ));
#5660 = DIRECTION('',(6.038736503326E-02,-7.970800552228E-02,
    0.994987437107));
#5661 = ADVANCED_FACE('',(#5662),#5673,.T.);
#5662 = FACE_BOUND('',#5663,.T.);
#5663 = EDGE_LOOP('',(#5664,#5665,#5666,#5672));
#5664 = ORIENTED_EDGE('',*,*,#5633,.T.);
#5665 = ORIENTED_EDGE('',*,*,#5332,.T.);
#5666 = ORIENTED_EDGE('',*,*,#5667,.F.);
#5667 = EDGE_CURVE('',#5519,#5333,#5668,.T.);
#5668 = LINE('',#5669,#5670);
#5669 = CARTESIAN_POINT('',(187.52714728872,18.799089660695,
    23.767272003474));
#5670 = VECTOR('',#5671,1.);
#5671 = DIRECTION('',(0.600846695681,-0.793084641315,-1.E-01));
#5672 = ORIENTED_EDGE('',*,*,#5518,.F.);
#5673 = PLANE('',#5674);
#5674 = AXIS2_PLACEMENT_3D('',#5675,#5676,#5677);
#5675 = CARTESIAN_POINT('',(190.5637455046,20.835257534085,
    25.86403736946));
#5676 = DIRECTION('',(0.346243035425,0.370965982834,-0.861684396981));
#5677 = DIRECTION('',(-0.72048525919,-0.483115919103,-0.497493718553));
#5678 = ADVANCED_FACE('',(#5679),#5690,.T.);
#5679 = FACE_BOUND('',#5680,.T.);
#5680 = EDGE_LOOP('',(#5681,#5687,#5688,#5689));
#5681 = ORIENTED_EDGE('',*,*,#5682,.T.);
#5682 = EDGE_CURVE('',#5535,#5349,#5683,.T.);
#5683 = LINE('',#5684,#5685);
#5684 = CARTESIAN_POINT('',(190.05472144732,21.50714133538,
    17.476975905515));
#5685 = VECTOR('',#5686,1.);
#5686 = DIRECTION('',(0.600846695681,-0.793084641315,-1.E-01));
#5687 = ORIENTED_EDGE('',*,*,#5356,.T.);
#5688 = ORIENTED_EDGE('',*,*,#5648,.F.);
#5689 = ORIENTED_EDGE('',*,*,#5542,.F.);
#5690 = PLANE('',#5691);
#5691 = AXIS2_PLACEMENT_3D('',#5692,#5693,#5694);
#5692 = CARTESIAN_POINT('',(190.05472144732,21.50714133538,
    17.476975905515));
#5693 = DIRECTION('',(-0.346243035425,-0.370965982834,0.861684396981));
#5694 = DIRECTION('',(0.72048525919,0.483115919103,0.497493718553));
#5695 = ADVANCED_FACE('',(#5696),#5707,.T.);
#5696 = FACE_BOUND('',#5697,.T.);
#5697 = EDGE_LOOP('',(#5698,#5699,#5700,#5706));
#5698 = ORIENTED_EDGE('',*,*,#5667,.T.);
#5699 = ORIENTED_EDGE('',*,*,#5340,.T.);
#5700 = ORIENTED_EDGE('',*,*,#5701,.F.);
#5701 = EDGE_CURVE('',#5527,#5341,#5702,.T.);
#5702 = LINE('',#5703,#5704);
#5703 = CARTESIAN_POINT('',(187.27263526007,19.135031561343,
    19.573741271501));
#5704 = VECTOR('',#5705,1.);
#5705 = DIRECTION('',(0.600846695681,-0.793084641315,-1.E-01));
#5706 = ORIENTED_EDGE('',*,*,#5526,.F.);
#5707 = PLANE('',#5708);
#5708 = AXIS2_PLACEMENT_3D('',#5709,#5710,#5711);
#5709 = CARTESIAN_POINT('',(187.52714728872,18.799089660695,
    23.767272003474));
#5710 = DIRECTION('',(0.797080055223,0.603873650333,2.53963516883E-15));
#5711 = DIRECTION('',(-6.038736503325E-02,7.970800552228E-02,
    -0.994987437107));
#5712 = ADVANCED_FACE('',(#5713),#5719,.T.);
#5713 = FACE_BOUND('',#5714,.T.);
#5714 = EDGE_LOOP('',(#5715,#5716,#5717,#5718));
#5715 = ORIENTED_EDGE('',*,*,#5701,.T.);
#5716 = ORIENTED_EDGE('',*,*,#5348,.T.);
#5717 = ORIENTED_EDGE('',*,*,#5682,.F.);
#5718 = ORIENTED_EDGE('',*,*,#5534,.F.);
#5719 = PLANE('',#5720);
#5720 = AXIS2_PLACEMENT_3D('',#5721,#5722,#5723);
#5721 = CARTESIAN_POINT('',(187.27263526007,19.135031561343,
    19.573741271501));
#5722 = DIRECTION('',(0.450837019798,0.232907667499,0.861684396981));
#5723 = DIRECTION('',(0.660097894156,0.562823924625,-0.497493718553));
#5724 = ADVANCED_FACE('',(#5725),#5741,.T.);
#5725 = FACE_BOUND('',#5726,.T.);
#5726 = EDGE_LOOP('',(#5727,#5733,#5734,#5740));
#5727 = ORIENTED_EDGE('',*,*,#5728,.T.);
#5728 = EDGE_CURVE('',#5568,#5382,#5729,.T.);
#5729 = LINE('',#5730,#5731);
#5730 = CARTESIAN_POINT('',(167.83926992471,3.883410497481,
    23.767272003474));
#5731 = VECTOR('',#5732,1.);
#5732 = DIRECTION('',(0.600846695681,-0.793084641315,-1.E-01));
#5733 = ORIENTED_EDGE('',*,*,#5381,.T.);
#5734 = ORIENTED_EDGE('',*,*,#5735,.F.);
#5735 = EDGE_CURVE('',#5570,#5384,#5736,.T.);
#5736 = LINE('',#5737,#5738);
#5737 = CARTESIAN_POINT('',(165.05718373747,1.511300723444,
    25.86403736946));
#5738 = VECTOR('',#5739,1.);
#5739 = DIRECTION('',(0.600846695681,-0.793084641315,-1.E-01));
#5740 = ORIENTED_EDGE('',*,*,#5567,.F.);
#5741 = PLANE('',#5742);
#5742 = AXIS2_PLACEMENT_3D('',#5743,#5744,#5745);
#5743 = CARTESIAN_POINT('',(167.83926992471,3.883410497481,
    23.767272003474));
#5744 = DIRECTION('',(-0.450837019798,-0.232907667499,-0.861684396981));
#5745 = DIRECTION('',(-0.660097894156,-0.562823924625,0.497493718553));
#5746 = ADVANCED_FACE('',(#5747),#5758,.T.);
#5747 = FACE_BOUND('',#5748,.T.);
#5748 = EDGE_LOOP('',(#5749,#5755,#5756,#5757));
#5749 = ORIENTED_EDGE('',*,*,#5750,.T.);
#5750 = EDGE_CURVE('',#5602,#5416,#5751,.T.);
#5751 = LINE('',#5752,#5753);
#5752 = CARTESIAN_POINT('',(167.58475789607,4.219352398129,
    19.573741271501));
#5753 = VECTOR('',#5754,1.);
#5754 = DIRECTION('',(0.600846695681,-0.793084641315,-1.E-01));
#5755 = ORIENTED_EDGE('',*,*,#5423,.T.);
#5756 = ORIENTED_EDGE('',*,*,#5728,.F.);
#5757 = ORIENTED_EDGE('',*,*,#5609,.F.);
#5758 = PLANE('',#5759);
#5759 = AXIS2_PLACEMENT_3D('',#5760,#5761,#5762);
#5760 = CARTESIAN_POINT('',(167.58475789607,4.219352398129,
    19.573741271501));
#5761 = DIRECTION('',(-0.797080055223,-0.603873650333,-2.53963516883E-15
    ));
#5762 = DIRECTION('',(6.038736503325E-02,-7.970800552228E-02,
    0.994987437107));
#5763 = ADVANCED_FACE('',(#5764),#5775,.T.);
#5764 = FACE_BOUND('',#5765,.T.);
#5765 = EDGE_LOOP('',(#5766,#5767,#5768,#5774));
#5766 = ORIENTED_EDGE('',*,*,#5735,.T.);
#5767 = ORIENTED_EDGE('',*,*,#5391,.T.);
#5768 = ORIENTED_EDGE('',*,*,#5769,.F.);
#5769 = EDGE_CURVE('',#5578,#5392,#5770,.T.);
#5770 = LINE('',#5771,#5772);
#5771 = CARTESIAN_POINT('',(162.02058552158,-0.524867149946,
    23.767272003474));
#5772 = VECTOR('',#5773,1.);
#5773 = DIRECTION('',(0.600846695681,-0.793084641315,-1.E-01));
#5774 = ORIENTED_EDGE('',*,*,#5577,.F.);
#5775 = PLANE('',#5776);
#5776 = AXIS2_PLACEMENT_3D('',#5777,#5778,#5779);
#5777 = CARTESIAN_POINT('',(165.05718373747,1.511300723444,
    25.86403736946));
#5778 = DIRECTION('',(0.346243035425,0.370965982834,-0.861684396981));
#5779 = DIRECTION('',(-0.72048525919,-0.483115919103,-0.497493718553));
#5780 = ADVANCED_FACE('',(#5781),#5792,.T.);
#5781 = FACE_BOUND('',#5782,.T.);
#5782 = EDGE_LOOP('',(#5783,#5789,#5790,#5791));
#5783 = ORIENTED_EDGE('',*,*,#5784,.T.);
#5784 = EDGE_CURVE('',#5594,#5408,#5785,.T.);
#5785 = LINE('',#5786,#5787);
#5786 = CARTESIAN_POINT('',(164.54815968019,2.183184524739,
    17.476975905515));
#5787 = VECTOR('',#5788,1.);
#5788 = DIRECTION('',(0.600846695681,-0.793084641315,-1.E-01));
#5789 = ORIENTED_EDGE('',*,*,#5415,.T.);
#5790 = ORIENTED_EDGE('',*,*,#5750,.F.);
#5791 = ORIENTED_EDGE('',*,*,#5601,.F.);
#5792 = PLANE('',#5793);
#5793 = AXIS2_PLACEMENT_3D('',#5794,#5795,#5796);
#5794 = CARTESIAN_POINT('',(164.54815968019,2.183184524739,
    17.476975905515));
#5795 = DIRECTION('',(-0.346243035425,-0.370965982834,0.861684396981));
#5796 = DIRECTION('',(0.72048525919,0.483115919103,0.497493718553));
#5797 = ADVANCED_FACE('',(#5798),#5809,.T.);
#5798 = FACE_BOUND('',#5799,.T.);
#5799 = EDGE_LOOP('',(#5800,#5801,#5802,#5808));
#5800 = ORIENTED_EDGE('',*,*,#5769,.T.);
#5801 = ORIENTED_EDGE('',*,*,#5399,.T.);
#5802 = ORIENTED_EDGE('',*,*,#5803,.F.);
#5803 = EDGE_CURVE('',#5586,#5400,#5804,.T.);
#5804 = LINE('',#5805,#5806);
#5805 = CARTESIAN_POINT('',(161.76607349294,-0.188925249299,
    19.573741271501));
#5806 = VECTOR('',#5807,1.);
#5807 = DIRECTION('',(0.600846695681,-0.793084641315,-1.E-01));
#5808 = ORIENTED_EDGE('',*,*,#5585,.F.);
#5809 = PLANE('',#5810);
#5810 = AXIS2_PLACEMENT_3D('',#5811,#5812,#5813);
#5811 = CARTESIAN_POINT('',(162.02058552158,-0.524867149946,
    23.767272003474));
#5812 = DIRECTION('',(0.797080055223,0.603873650333,-2.810252031082E-15)
  );
#5813 = DIRECTION('',(-6.038736503326E-02,7.970800552228E-02,
    -0.994987437107));
#5814 = ADVANCED_FACE('',(#5815),#5821,.T.);
#5815 = FACE_BOUND('',#5816,.T.);
#5816 = EDGE_LOOP('',(#5817,#5818,#5819,#5820));
#5817 = ORIENTED_EDGE('',*,*,#5803,.T.);
#5818 = ORIENTED_EDGE('',*,*,#5407,.T.);
#5819 = ORIENTED_EDGE('',*,*,#5784,.F.);
#5820 = ORIENTED_EDGE('',*,*,#5593,.F.);
#5821 = PLANE('',#5822);
#5822 = AXIS2_PLACEMENT_3D('',#5823,#5824,#5825);
#5823 = CARTESIAN_POINT('',(161.76607349294,-0.188925249299,
    19.573741271501));
#5824 = DIRECTION('',(0.450837019798,0.232907667499,0.861684396981));
#5825 = DIRECTION('',(0.660097894156,0.562823924625,-0.497493718553));
#5826 = ( GEOMETRIC_REPRESENTATION_CONTEXT(3) 
GLOBAL_UNCERTAINTY_ASSIGNED_CONTEXT((#5830)) 
GLOBAL_UNIT_ASSIGNED_CONTEXT((#5827,#5828,#5829)) REPRESENTATION_CONTEXT
('Context #1','3D Context with UNIT and UNCERTAINTY') );
#5827 = ( LENGTH_UNIT() NAMED_UNIT(*) SI_UNIT(.MILLI.,.METRE.) );
#5828 = ( NAMED_UNIT(*) PLANE_ANGLE_UNIT() SI_UNIT($,.RADIAN.) );
#5829 = ( NAMED_UNIT(*) SI_UNIT($,.STERADIAN.) SOLID_ANGLE_UNIT() );
#5830 = UNCERTAINTY_MEASURE_WITH_UNIT(LENGTH_MEASURE(1.E-07),#5827,
  'distance_accuracy_value','confusion accuracy');
#5831 = PRODUCT_RELATED_PRODUCT_CATEGORY('part',$,(#7));
ENDSEC;
END-ISO-10303-21;
