ISO-10303-21;
HEADER;
FILE_DESCRIPTION(('FreeCAD Model'),'2;1');
FILE_NAME('Open CASCADE Shape Model','2026-10-08T15:31:02',('FreeCAD'),(
    'FreeCAD'),'Open CASCADE STEP processor 7.8','FreeCAD','Unknown');
FILE_SCHEMA(('AUTOMOTIVE_DESIGN { 1 0 10303 214 1 1 1 1 }'));
ENDSEC;
DATA;
#1 = APPLICATION_PROTOCOL_DEFINITION('international standard',
  'automotive_design',2000,#2);
#2 = APPLICATION_CONTEXT(
  'core data for automotive mechanical design processes');
#3 = SHAPE_DEFINITION_REPRESENTATION(#4,#10);
#4 = PRODUCT_DEFINITION_SHAPE('','',#5);
#5 = PRODUCT_DEFINITION('design','',#6,#9);
#6 = PRODUCT_DEFINITION_FORMATION('','',#7);
#7 = PRODUCT('Open CASCADE STEP translator 7.8 46',
  'Open CASCADE STEP translator 7.8 46','',(#8));
#8 = PRODUCT_CONTEXT('',#2,'mechanical');
#9 = PRODUCT_DEFINITION_CONTEXT('part definition',#2,'design');
#10 = SHAPE_REPRESENTATION('',(#11,#15,#875,#1759,#2619,#3503,#4363,
    #5247),#6107);
#11 = AXIS2_PLACEMENT_3D('',#12,#13,#14);
#12 = CARTESIAN_POINT('',(0.,0.,0.));
#13 = DIRECTION('',(0.,0.,1.));
#14 = DIRECTION('',(1.,0.,-0.));
#15 = MANIFOLD_SOLID_BREP('',#16);
#16 = CLOSED_SHELL('',(#17,#311,#336,#415,#426,#452,#549,#559,#644,#710,
    #721,#807,#865));
#17 = ADVANCED_FACE('',(#18),#306,.T.);
#18 = FACE_BOUND('',#19,.F.);
#19 = EDGE_LOOP('',(#20,#61,#72,#111,#120,#159,#170,#209,#220,#257,#258,
    #297));
#20 = ORIENTED_EDGE('',*,*,#21,.F.);
#21 = EDGE_CURVE('',#22,#24,#26,.T.);
#22 = VERTEX_POINT('',#23);
#23 = CARTESIAN_POINT('',(129.28899287597,3.107759695615,18.170224507521
    ));
#24 = VERTEX_POINT('',#25);
#25 = CARTESIAN_POINT('',(129.12069481871,3.988057280531,18.251041025897
    ));
#26 = B_SPLINE_CURVE_WITH_KNOTS('',5,(#27,#28,#29,#30,#31,#32,#33,#34,
    #35,#36,#37,#38,#39,#40,#41,#42,#43,#44,#45,#46,#47,#48,#49,#50,#51,
    #52,#53,#54,#55,#56,#57,#58,#59,#60),.UNSPECIFIED.,.T.,.F.,(6,4,4,4,
    4,4,4,4,6),(0.,0.138610208615,0.263630328139,0.38664999322,
    0.500950515269,0.613349938952,0.736369595606,0.861389726371,1.),
  .UNSPECIFIED.);
#27 = CARTESIAN_POINT('',(129.19736106498,3.587047830179,17.76872303361)
  );
#28 = CARTESIAN_POINT('',(129.21202322637,3.510356123389,17.761682290887
    ));
#29 = CARTESIAN_POINT('',(129.22697865994,3.432130431055,17.771683187776
    ));
#30 = CARTESIAN_POINT('',(129.24128529206,3.357298350915,17.799198162117
    ));
#31 = CARTESIAN_POINT('',(129.25399915274,3.290797399959,17.84240570964)
  );
#32 = CARTESIAN_POINT('',(129.27388212051,3.186797812602,17.947647263586
    ));
#33 = CARTESIAN_POINT('',(129.28147720402,3.147071069628,18.007444434722
    ));
#34 = CARTESIAN_POINT('',(129.28674703076,3.119506783771,18.074539324912
    ));
#35 = CARTESIAN_POINT('',(129.28941249368,3.10556484882,18.145364193319)
  );
#36 = CARTESIAN_POINT('',(129.28953141779,3.104942805926,18.285976390051
    ));
#37 = CARTESIAN_POINT('',(129.28706761017,3.117829965363,18.355788690798
    ));
#38 = CARTESIAN_POINT('',(129.28207631589,3.143937362989,18.422168422846
    ));
#39 = CARTESIAN_POINT('',(129.27481307818,3.181928357762,18.481697666145
    ));
#40 = CARTESIAN_POINT('',(129.25730134285,3.273525008198,18.578448051504
    ));
#41 = CARTESIAN_POINT('',(129.24729823338,3.325847139852,18.616966317508
    ));
#42 = CARTESIAN_POINT('',(129.23609083493,3.384468409465,18.645372063659
    ));
#43 = CARTESIAN_POINT('',(129.22417544848,3.446792871703,18.662399442764
    ));
#44 = CARTESIAN_POINT('',(129.20018259499,3.572289572762,18.673149103826
    ));
#45 = CARTESIAN_POINT('',(129.18810772576,3.635448223495,18.667255814177
    ));
#46 = CARTESIAN_POINT('',(129.17635395225,3.696927355267,18.649909493021
    ));
#47 = CARTESIAN_POINT('',(129.16542436589,3.754095504648,18.621859690664
    ));
#48 = CARTESIAN_POINT('',(129.14510907323,3.860356404807,18.543981513211
    ));
#49 = CARTESIAN_POINT('',(129.13596325908,3.908194378969,18.492331899007
    ));
#50 = CARTESIAN_POINT('',(129.12882261328,3.945544146102,18.431777928609
    ));
#51 = CARTESIAN_POINT('',(129.12405337359,3.97049006793,18.36543894214)
  );
#52 = CARTESIAN_POINT('',(129.11944685001,3.994584889043,18.226981689766
    ));
#53 = CARTESIAN_POINT('',(129.11969012466,3.993312419881,18.154760039339
    ));
#54 = CARTESIAN_POINT('',(129.12262105185,3.977981951017,18.083727141602
    ));
#55 = CARTESIAN_POINT('',(129.12808487645,3.949402942586,18.017659078963
    ));
#56 = CARTESIAN_POINT('',(129.14411177739,3.865572847203,17.895173579749
    ));
#57 = CARTESIAN_POINT('',(129.15516910161,3.807736553907,17.840551097982
    ));
#58 = CARTESIAN_POINT('',(129.16832065958,3.738946189302,17.799850701888
    ));
#59 = CARTESIAN_POINT('',(129.18269889759,3.663739568345,17.775763797153
    ));
#60 = CARTESIAN_POINT('',(129.19736106498,3.587047830179,17.76872303361)
  );
#61 = ORIENTED_EDGE('',*,*,#62,.F.);
#62 = EDGE_CURVE('',#63,#22,#65,.T.);
#63 = VERTEX_POINT('',#64);
#64 = CARTESIAN_POINT('',(128.60139842146,2.976557833341,18.166984699582
    ));
#65 = B_SPLINE_CURVE_WITH_KNOTS('',5,(#66,#67,#68,#69,#70,#71),
  .UNSPECIFIED.,.F.,.F.,(6,6),(0.,1.),.PIECEWISE_BEZIER_KNOTS.);
#66 = CARTESIAN_POINT('',(128.60139783239,2.97655771935,18.166984716238)
  );
#67 = CARTESIAN_POINT('',(128.74602365258,3.004544226886,18.162895421441
    ));
#68 = CARTESIAN_POINT('',(128.89104664535,3.032448663834,18.161309886837
    ));
#69 = CARTESIAN_POINT('',(129.03618492048,3.060096719005,18.162251848581
    ));
#70 = CARTESIAN_POINT('',(129.1811349433,3.087459539857,18.165715650543)
  );
#71 = CARTESIAN_POINT('',(129.32556855938,3.114646677409,18.171667234351
    ));
#72 = ORIENTED_EDGE('',*,*,#73,.F.);
#73 = EDGE_CURVE('',#74,#63,#76,.T.);
#74 = VERTEX_POINT('',#75);
#75 = CARTESIAN_POINT('',(128.50971224606,3.456130325669,17.762739142305
    ));
#76 = B_SPLINE_CURVE_WITH_KNOTS('',5,(#77,#78,#79,#80,#81,#82,#83,#84,
    #85,#86,#87,#88,#89,#90,#91,#92,#93,#94,#95,#96,#97,#98,#99,#100,
    #101,#102,#103,#104,#105,#106,#107,#108,#109,#110),.UNSPECIFIED.,.T.
  ,.F.,(6,4,4,4,4,4,4,4,6),(0.,0.138619387773,0.263630847878,
    0.386642185849,0.500950626795,0.613357767962,0.736369096492,
    0.861380558112,1.),.UNSPECIFIED.);
#77 = CARTESIAN_POINT('',(128.50971224606,3.456130325669,17.762739142305
    ));
#78 = CARTESIAN_POINT('',(128.52437386132,3.379441475447,17.755698652839
    ));
#79 = CARTESIAN_POINT('',(128.53932839338,3.301220498534,17.76568116022)
  );
#80 = CARTESIAN_POINT('',(128.55363413363,3.226393083447,17.79315775304)
  );
#81 = CARTESIAN_POINT('',(128.5663478146,3.159893072435,17.836313511578)
  );
#82 = CARTESIAN_POINT('',(128.58622883604,3.055903665562,17.941431824929
    ));
#83 = CARTESIAN_POINT('',(128.59382274227,3.016183080402,18.001156611197
    ));
#84 = CARTESIAN_POINT('',(128.59909160277,2.988623848567,18.068172261473
    ));
#85 = CARTESIAN_POINT('',(128.60175584209,2.974688313744,18.138915119785
    ));
#86 = CARTESIAN_POINT('',(128.6018718662,2.974081439598,18.279361289517)
  );
#87 = CARTESIAN_POINT('',(128.59940638827,2.986977335735,18.349090338916
    ));
#88 = CARTESIAN_POINT('',(128.59441328306,3.013094205574,18.415386636727
    ));
#89 = CARTESIAN_POINT('',(128.58714873909,3.051092032854,18.474838028356
    ));
#90 = CARTESIAN_POINT('',(128.56963502546,3.142699030961,18.571467075021
    ));
#91 = CARTESIAN_POINT('',(128.559630667,3.195027695539,18.609938058023)
  );
#92 = CARTESIAN_POINT('',(128.54842281638,3.253651330267,18.638308777157
    ));
#93 = CARTESIAN_POINT('',(128.53650762254,3.315974785049,18.655318975448
    ));
#94 = CARTESIAN_POINT('',(128.51251565993,3.441466826314,18.66606934921)
  );
#95 = CARTESIAN_POINT('',(128.50044155039,3.504621503424,18.660193364985
    ));
#96 = CARTESIAN_POINT('',(128.48868848944,3.566096908052,18.642881771349
    ));
#97 = CARTESIAN_POINT('',(128.47775926523,3.623263163176,18.614879022882
    ));
#98 = CARTESIAN_POINT('',(128.45744610305,3.729512919703,18.537121203805
    ));
#99 = CARTESIAN_POINT('',(128.44830161904,3.777343936418,18.485549426052
    ));
#100 = CARTESIAN_POINT('',(128.4411619946,3.814688361243,18.425079265276
    ));
#101 = CARTESIAN_POINT('',(128.43639390869,3.839628248126,
    18.358823774824));
#102 = CARTESIAN_POINT('',(128.43179011074,3.863708812595,
    18.220532632851));
#103 = CARTESIAN_POINT('',(128.43203493718,3.862428226675,
    18.148392838145));
#104 = CARTESIAN_POINT('',(128.43496757608,3.847088804545,
    18.077438826118));
#105 = CARTESIAN_POINT('',(128.44043267426,3.818503134541,
    18.011443105933));
#106 = CARTESIAN_POINT('',(128.45646180037,3.734661400259,
    17.889080720949));
#107 = CARTESIAN_POINT('',(128.46752068729,3.676816933075,
    17.834509367155));
#108 = CARTESIAN_POINT('',(128.48067265685,3.608024415625,
    17.793847586015));
#109 = CARTESIAN_POINT('',(128.49505062496,3.532819206432,
    17.769779634575));
#110 = CARTESIAN_POINT('',(128.50971224606,3.456130325669,
    17.762739142305));
#111 = ORIENTED_EDGE('',*,*,#112,.T.);
#112 = EDGE_CURVE('',#74,#113,#115,.T.);
#113 = VERTEX_POINT('',#114);
#114 = CARTESIAN_POINT('',(128.70629742405,2.427874502513,
    29.372445180066));
#115 = CIRCLE('',#116,5.83612093032);
#116 = AXIS2_PLACEMENT_3D('',#117,#118,#119);
#117 = CARTESIAN_POINT('',(128.90266804707,2.99833705249,23.567592161185
    ));
#118 = DIRECTION('',(-0.187023312515,0.978241656525,8.980836272356E-02)
  );
#119 = DIRECTION('',(0.982210706725,0.187782127999,-2.606000526464E-18)
  );
#120 = ORIENTED_EDGE('',*,*,#121,.T.);
#121 = EDGE_CURVE('',#113,#122,#124,.T.);
#122 = VERTEX_POINT('',#123);
#123 = CARTESIAN_POINT('',(128.78292497711,2.027067440343,
    28.887375579121));
#124 = B_SPLINE_CURVE_WITH_KNOTS('',5,(#125,#126,#127,#128,#129,#130,
    #131,#132,#133,#134,#135,#136,#137,#138,#139,#140,#141,#142,#143,
    #144,#145,#146,#147,#148,#149,#150,#151,#152,#153,#154,#155,#156,
    #157,#158),.UNSPECIFIED.,.T.,.F.,(6,4,4,4,4,4,4,4,6),(0.,
    0.138619387767,0.263630847872,0.386642185843,0.500950626778,
    0.613357767876,0.736369096406,0.861380558026,1.),.UNSPECIFIED.);
#125 = CARTESIAN_POINT('',(128.70629742405,2.427874502513,
    29.372445180066));
#126 = CARTESIAN_POINT('',(128.72095903931,2.351185652294,
    29.365404690601));
#127 = CARTESIAN_POINT('',(128.73533700102,2.275980476563,
    29.341336756092));
#128 = CARTESIAN_POINT('',(128.74848896631,2.207187981441,
    29.300675007128));
#129 = CARTESIAN_POINT('',(128.75954785137,2.149343524015,
    29.246103691866));
#130 = CARTESIAN_POINT('',(128.77557698186,2.065501766788,
    29.123741368103));
#131 = CARTESIAN_POINT('',(128.78104208438,2.036916074096,
    29.057745662031));
#132 = CARTESIAN_POINT('',(128.78397472821,2.021576626155,
    28.986791659542));
#133 = CARTESIAN_POINT('',(128.78421955994,2.020296012591,
    28.914651868924));
#134 = CARTESIAN_POINT('',(128.77961577239,2.044376522647,
    28.776360717632));
#135 = CARTESIAN_POINT('',(128.77484769116,2.06931638507,28.710105214371
    ));
#136 = CARTESIAN_POINT('',(128.76770807077,2.106660788708,
    28.649635036341));
#137 = CARTESIAN_POINT('',(128.75856359001,2.154491788435,
    28.598063238036));
#138 = CARTESIAN_POINT('',(128.73808637887,2.261599617288,
    28.519677386332));
#139 = CARTESIAN_POINT('',(128.72695106449,2.319843844914,
    28.491357648009));
#140 = CARTESIAN_POINT('',(128.71497096484,2.382506795148,
    28.474121753836));
#141 = CARTESIAN_POINT('',(128.70267656065,2.446813742535,
    28.468736974487));
#142 = CARTESIAN_POINT('',(128.67871048232,2.572170393821,
    28.481015992497));
#143 = CARTESIAN_POINT('',(128.66702853035,2.633273856747,
    28.498299607972));
#144 = CARTESIAN_POINT('',(128.65604659899,2.690715801188,
    28.526528516685));
#145 = CARTESIAN_POINT('',(128.64623435776,2.742039579937,
    28.564491291088));
#146 = CARTESIAN_POINT('',(128.62886094961,2.832912698082,
    28.660346154421));
#147 = CARTESIAN_POINT('',(128.62159640175,2.870910545716,
    28.719797528904));
#148 = CARTESIAN_POINT('',(128.61660329197,2.897027439465,
    28.786093813586));
#149 = CARTESIAN_POINT('',(128.614137809,2.909923361953,28.855822854831)
  );
#150 = CARTESIAN_POINT('',(128.61425382254,2.909316543049,
    28.996269025304));
#151 = CARTESIAN_POINT('',(128.61691805679,2.89538103474,29.067011892679
    ));
#152 = CARTESIAN_POINT('',(128.62218691276,2.867821826658,
    29.134027557054));
#153 = CARTESIAN_POINT('',(128.62978081519,2.82810126137,29.193752361361
    ));
#154 = CARTESIAN_POINT('',(128.64966183436,2.724111866335,29.29887073921
    ));
#155 = CARTESIAN_POINT('',(128.66237551847,2.657611838928,
    29.342026533933));
#156 = CARTESIAN_POINT('',(128.67668126401,2.58278439618,29.369503154379
    ));
#157 = CARTESIAN_POINT('',(128.69163580294,2.504563383324,29.37948567234
    ));
#158 = CARTESIAN_POINT('',(128.70629742405,2.427874502513,
    29.372445180066));
#159 = ORIENTED_EDGE('',*,*,#160,.T.);
#160 = EDGE_CURVE('',#122,#161,#163,.T.);
#161 = VERTEX_POINT('',#162);
#162 = CARTESIAN_POINT('',(129.47040983938,2.15884253433,28.884143225176
    ));
#163 = B_SPLINE_CURVE_WITH_KNOTS('',5,(#164,#165,#166,#167,#168,#169),
  .UNSPECIFIED.,.F.,.F.,(6,6),(0.,1.),.PIECEWISE_BEZIER_KNOTS.);
#164 = CARTESIAN_POINT('',(128.78292438747,2.027067329299,
    28.887375562493));
#165 = CARTESIAN_POINT('',(128.92768859971,2.054330080187,
    28.891458017124));
#166 = CARTESIAN_POINT('',(129.07276540692,2.081953151587,
    28.893049336666));
#167 = CARTESIAN_POINT('',(129.21787176312,2.109768276867,
    28.892105009269));
#168 = CARTESIAN_POINT('',(129.36270441033,2.137745155586,
    28.888635726689));
#169 = CARTESIAN_POINT('',(129.50693685068,2.165984673293,
    28.882705270528));
#170 = ORIENTED_EDGE('',*,*,#171,.T.);
#171 = EDGE_CURVE('',#161,#172,#174,.T.);
#172 = VERTEX_POINT('',#173);
#173 = CARTESIAN_POINT('',(129.30211178256,3.039140116932,
    28.964959743339));
#174 = B_SPLINE_CURVE_WITH_KNOTS('',5,(#175,#176,#177,#178,#179,#180,
    #181,#182,#183,#184,#185,#186,#187,#188,#189,#190,#191,#192,#193,
    #194,#195,#196,#197,#198,#199,#200,#201,#202,#203,#204,#205,#206,
    #207,#208),.UNSPECIFIED.,.T.,.F.,(6,4,4,4,4,4,4,4,6),(0.,
    0.138610114188,0.263630309548,0.386650049721,0.500950528781,
    0.613349908906,0.736369632375,0.861389830562,1.),.UNSPECIFIED.);
#175 = CARTESIAN_POINT('',(129.39374359454,2.5598519772,29.366461288761)
  );
#176 = CARTESIAN_POINT('',(129.408405797,2.483160055606,29.359420517325)
  );
#177 = CARTESIAN_POINT('',(129.4227840595,2.407953306574,29.335333339461
    ));
#178 = CARTESIAN_POINT('',(129.43593544297,2.339163854689,
    29.294633596285));
#179 = CARTESIAN_POINT('',(129.4469928594,2.281327079052,29.240010917025
    ));
#180 = CARTESIAN_POINT('',(129.46301977942,2.197496883911,
    29.117525310301));
#181 = CARTESIAN_POINT('',(129.46848359983,2.168917897387,
    29.051457146586));
#182 = CARTESIAN_POINT('',(129.47141452147,2.153587457555,
    28.980424775225));
#183 = CARTESIAN_POINT('',(129.47165781163,2.152314907259,
    28.908202853309));
#184 = CARTESIAN_POINT('',(129.46705129841,2.176409674188,
    28.769745574691));
#185 = CARTESIAN_POINT('',(129.46228204152,2.20135568599,28.703406324569
    ));
#186 = CARTESIAN_POINT('',(129.45514143626,2.238705241098,28.64285274663
    ));
#187 = CARTESIAN_POINT('',(129.44599562814,2.286543183685,
    28.591203023505));
#188 = CARTESIAN_POINT('',(129.42551627396,2.393662221843,
    28.512695820998));
#189 = CARTESIAN_POINT('',(129.41438056433,2.451908516878,
    28.484328311069));
#190 = CARTESIAN_POINT('',(129.40239978418,2.514575026545,
    28.467057649248));
#191 = CARTESIAN_POINT('',(129.39010461014,2.578886000724,
    28.461656076447));
#192 = CARTESIAN_POINT('',(129.36613764987,2.704247265015,
    28.473936660207));
#193 = CARTESIAN_POINT('',(129.35445553158,2.765351597948,
    28.491238091504));
#194 = CARTESIAN_POINT('',(129.34347410669,2.822790893219,28.51950169168
    ));
#195 = CARTESIAN_POINT('',(129.33366306011,2.874108423298,
    28.557511193136));
#196 = CARTESIAN_POINT('',(129.31629158857,2.964971411785,
    28.653486598168));
#197 = CARTESIAN_POINT('',(129.30902835225,3.002962399304,
    28.713015901404));
#198 = CARTESIAN_POINT('',(129.30403707468,3.029069709495,
    28.779395175403));
#199 = CARTESIAN_POINT('',(129.30157324768,3.041956970325,
    28.849207729535));
#200 = CARTESIAN_POINT('',(129.3016921586,3.041334996456,28.989819944571
    ));
#201 = CARTESIAN_POINT('',(129.30435763456,3.027392993242,
    29.060645090437));
#202 = CARTESIAN_POINT('',(129.30962742836,2.999828879718,29.12773950406
    ));
#203 = CARTESIAN_POINT('',(129.31722250329,2.960102181618,
    29.187536822415));
#204 = CARTESIAN_POINT('',(129.33710548914,2.856102499657,
    29.292778607342));
#205 = CARTESIAN_POINT('',(129.34981945404,2.789601003603,
    29.335986339731));
#206 = CARTESIAN_POINT('',(129.36412590391,2.714769876774,
    29.363500897951));
#207 = CARTESIAN_POINT('',(129.37908138573,2.636543932011,
    29.373502063246));
#208 = CARTESIAN_POINT('',(129.39374359454,2.5598519772,29.366461288761)
  );
#209 = ORIENTED_EDGE('',*,*,#210,.T.);
#210 = EDGE_CURVE('',#172,#211,#213,.T.);
#211 = VERTEX_POINT('',#212);
#212 = CARTESIAN_POINT('',(128.61461124864,2.90744699484,28.968199622789
    ));
#213 = B_SPLINE_CURVE_WITH_KNOTS('',5,(#214,#215,#216,#217,#218,#219),
  .UNSPECIFIED.,.F.,.F.,(6,6),(0.,1.),.PIECEWISE_BEZIER_KNOTS.);
#214 = CARTESIAN_POINT('',(129.33864859195,3.04623100611,28.963517083659
    ));
#215 = CARTESIAN_POINT('',(129.19437220237,3.018221658002,
    28.969468667598));
#216 = CARTESIAN_POINT('',(129.0495508405,2.990185077745,28.972932478833
    ));
#217 = CARTESIAN_POINT('',(128.90444936932,2.962344176417,
    28.973874431708));
#218 = CARTESIAN_POINT('',(128.75936065516,2.934784153313,
    28.972288902364));
#219 = CARTESIAN_POINT('',(128.61461065906,2.907446883493,
    28.968199606133));
#220 = ORIENTED_EDGE('',*,*,#221,.T.);
#221 = EDGE_CURVE('',#211,#113,#222,.T.);
#222 = B_SPLINE_CURVE_WITH_KNOTS('',5,(#223,#224,#225,#226,#227,#228,
    #229,#230,#231,#232,#233,#234,#235,#236,#237,#238,#239,#240,#241,
    #242,#243,#244,#245,#246,#247,#248,#249,#250,#251,#252,#253,#254,
    #255,#256),.UNSPECIFIED.,.T.,.F.,(6,4,4,4,4,4,4,4,6),(0.,
    0.138619387767,0.263630847872,0.386642185843,0.500950626778,
    0.613357767876,0.736369096406,0.861380558026,1.),.UNSPECIFIED.);
#223 = CARTESIAN_POINT('',(128.70629742405,2.427874502513,
    29.372445180066));
#224 = CARTESIAN_POINT('',(128.72095903931,2.351185652294,
    29.365404690601));
#225 = CARTESIAN_POINT('',(128.73533700102,2.275980476563,
    29.341336756092));
#226 = CARTESIAN_POINT('',(128.74848896631,2.207187981441,
    29.300675007128));
#227 = CARTESIAN_POINT('',(128.75954785137,2.149343524015,
    29.246103691866));
#228 = CARTESIAN_POINT('',(128.77557698186,2.065501766788,
    29.123741368103));
#229 = CARTESIAN_POINT('',(128.78104208438,2.036916074096,
    29.057745662031));
#230 = CARTESIAN_POINT('',(128.78397472821,2.021576626155,
    28.986791659542));
#231 = CARTESIAN_POINT('',(128.78421955994,2.020296012591,
    28.914651868924));
#232 = CARTESIAN_POINT('',(128.77961577239,2.044376522647,
    28.776360717632));
#233 = CARTESIAN_POINT('',(128.77484769116,2.06931638507,28.710105214371
    ));
#234 = CARTESIAN_POINT('',(128.76770807077,2.106660788708,
    28.649635036341));
#235 = CARTESIAN_POINT('',(128.75856359001,2.154491788435,
    28.598063238036));
#236 = CARTESIAN_POINT('',(128.73808637887,2.261599617288,
    28.519677386332));
#237 = CARTESIAN_POINT('',(128.72695106449,2.319843844914,
    28.491357648009));
#238 = CARTESIAN_POINT('',(128.71497096484,2.382506795148,
    28.474121753836));
#239 = CARTESIAN_POINT('',(128.70267656065,2.446813742535,
    28.468736974487));
#240 = CARTESIAN_POINT('',(128.67871048232,2.572170393821,
    28.481015992497));
#241 = CARTESIAN_POINT('',(128.66702853035,2.633273856747,
    28.498299607972));
#242 = CARTESIAN_POINT('',(128.65604659899,2.690715801188,
    28.526528516685));
#243 = CARTESIAN_POINT('',(128.64623435776,2.742039579937,
    28.564491291088));
#244 = CARTESIAN_POINT('',(128.62886094961,2.832912698082,
    28.660346154421));
#245 = CARTESIAN_POINT('',(128.62159640175,2.870910545716,
    28.719797528904));
#246 = CARTESIAN_POINT('',(128.61660329197,2.897027439465,
    28.786093813586));
#247 = CARTESIAN_POINT('',(128.614137809,2.909923361953,28.855822854831)
  );
#248 = CARTESIAN_POINT('',(128.61425382254,2.909316543049,
    28.996269025304));
#249 = CARTESIAN_POINT('',(128.61691805679,2.89538103474,29.067011892679
    ));
#250 = CARTESIAN_POINT('',(128.62218691276,2.867821826658,
    29.134027557054));
#251 = CARTESIAN_POINT('',(128.62978081519,2.82810126137,29.193752361361
    ));
#252 = CARTESIAN_POINT('',(128.64966183436,2.724111866335,29.29887073921
    ));
#253 = CARTESIAN_POINT('',(128.66237551847,2.657611838928,
    29.342026533933));
#254 = CARTESIAN_POINT('',(128.67668126401,2.58278439618,29.369503154379
    ));
#255 = CARTESIAN_POINT('',(128.69163580294,2.504563383324,29.37948567234
    ));
#256 = CARTESIAN_POINT('',(128.70629742405,2.427874502513,
    29.372445180066));
#257 = ORIENTED_EDGE('',*,*,#112,.F.);
#258 = ORIENTED_EDGE('',*,*,#259,.F.);
#259 = EDGE_CURVE('',#260,#74,#262,.T.);
#260 = VERTEX_POINT('',#261);
#261 = CARTESIAN_POINT('',(128.433084693,3.856937387839,18.247808743249)
  );
#262 = B_SPLINE_CURVE_WITH_KNOTS('',5,(#263,#264,#265,#266,#267,#268,
    #269,#270,#271,#272,#273,#274,#275,#276,#277,#278,#279,#280,#281,
    #282,#283,#284,#285,#286,#287,#288,#289,#290,#291,#292,#293,#294,
    #295,#296),.UNSPECIFIED.,.T.,.F.,(6,4,4,4,4,4,4,4,6),(0.,
    0.138619387773,0.263630847878,0.386642185849,0.500950626795,
    0.613357767962,0.736369096492,0.861380558112,1.),.UNSPECIFIED.);
#263 = CARTESIAN_POINT('',(128.50971224606,3.456130325669,
    17.762739142305));
#264 = CARTESIAN_POINT('',(128.52437386132,3.379441475447,
    17.755698652839));
#265 = CARTESIAN_POINT('',(128.53932839338,3.301220498534,17.76568116022
    ));
#266 = CARTESIAN_POINT('',(128.55363413363,3.226393083447,17.79315775304
    ));
#267 = CARTESIAN_POINT('',(128.5663478146,3.159893072435,17.836313511578
    ));
#268 = CARTESIAN_POINT('',(128.58622883604,3.055903665562,
    17.941431824929));
#269 = CARTESIAN_POINT('',(128.59382274227,3.016183080402,
    18.001156611197));
#270 = CARTESIAN_POINT('',(128.59909160277,2.988623848567,
    18.068172261473));
#271 = CARTESIAN_POINT('',(128.60175584209,2.974688313744,
    18.138915119785));
#272 = CARTESIAN_POINT('',(128.6018718662,2.974081439598,18.279361289517
    ));
#273 = CARTESIAN_POINT('',(128.59940638827,2.986977335735,
    18.349090338916));
#274 = CARTESIAN_POINT('',(128.59441328306,3.013094205574,
    18.415386636727));
#275 = CARTESIAN_POINT('',(128.58714873909,3.051092032854,
    18.474838028356));
#276 = CARTESIAN_POINT('',(128.56963502546,3.142699030961,
    18.571467075021));
#277 = CARTESIAN_POINT('',(128.559630667,3.195027695539,18.609938058023)
  );
#278 = CARTESIAN_POINT('',(128.54842281638,3.253651330267,
    18.638308777157));
#279 = CARTESIAN_POINT('',(128.53650762254,3.315974785049,
    18.655318975448));
#280 = CARTESIAN_POINT('',(128.51251565993,3.441466826314,18.66606934921
    ));
#281 = CARTESIAN_POINT('',(128.50044155039,3.504621503424,
    18.660193364985));
#282 = CARTESIAN_POINT('',(128.48868848944,3.566096908052,
    18.642881771349));
#283 = CARTESIAN_POINT('',(128.47775926523,3.623263163176,
    18.614879022882));
#284 = CARTESIAN_POINT('',(128.45744610305,3.729512919703,
    18.537121203805));
#285 = CARTESIAN_POINT('',(128.44830161904,3.777343936418,
    18.485549426052));
#286 = CARTESIAN_POINT('',(128.4411619946,3.814688361243,18.425079265276
    ));
#287 = CARTESIAN_POINT('',(128.43639390869,3.839628248126,
    18.358823774824));
#288 = CARTESIAN_POINT('',(128.43179011074,3.863708812595,
    18.220532632851));
#289 = CARTESIAN_POINT('',(128.43203493718,3.862428226675,
    18.148392838145));
#290 = CARTESIAN_POINT('',(128.43496757608,3.847088804545,
    18.077438826118));
#291 = CARTESIAN_POINT('',(128.44043267426,3.818503134541,
    18.011443105933));
#292 = CARTESIAN_POINT('',(128.45646180037,3.734661400259,
    17.889080720949));
#293 = CARTESIAN_POINT('',(128.46752068729,3.676816933075,
    17.834509367155));
#294 = CARTESIAN_POINT('',(128.48067265685,3.608024415625,
    17.793847586015));
#295 = CARTESIAN_POINT('',(128.49505062496,3.532819206432,
    17.769779634575));
#296 = CARTESIAN_POINT('',(128.50971224606,3.456130325669,
    17.762739142305));
#297 = ORIENTED_EDGE('',*,*,#298,.T.);
#298 = EDGE_CURVE('',#260,#24,#299,.T.);
#299 = B_SPLINE_CURVE_WITH_KNOTS('',5,(#300,#301,#302,#303,#304,#305),
  .UNSPECIFIED.,.F.,.F.,(6,6),(0.,1.),.PIECEWISE_BEZIER_KNOTS.);
#300 = CARTESIAN_POINT('',(128.43308410398,3.856937273544,
    18.247808759878));
#301 = CARTESIAN_POINT('',(128.57769567847,3.88499829442,18.243726305846
    ));
#302 = CARTESIAN_POINT('',(128.72273071848,3.91283971723,18.242134986172
    ));
#303 = CARTESIAN_POINT('',(128.86786406904,3.940513530786,
    18.243079312687));
#304 = CARTESIAN_POINT('',(129.01280268201,3.967936031885,
    18.246548593648));
#305 = CARTESIAN_POINT('',(129.15728030062,3.994893010394,
    18.252479047497));
#306 = TOROIDAL_SURFACE('',#307,5.38612093032,0.45);
#307 = AXIS2_PLACEMENT_3D('',#308,#309,#310);
#308 = CARTESIAN_POINT('',(128.90266804707,2.99833705249,23.567592161185
    ));
#309 = DIRECTION('',(0.187023312515,-0.978241656525,-8.980836272356E-02)
  );
#310 = DIRECTION('',(0.982210706725,0.187782127999,-2.606000526464E-18)
  );
#311 = ADVANCED_FACE('',(#312),#331,.T.);
#312 = FACE_BOUND('',#313,.F.);
#313 = EDGE_LOOP('',(#314,#323,#324));
#314 = ORIENTED_EDGE('',*,*,#315,.F.);
#315 = EDGE_CURVE('',#22,#316,#318,.T.);
#316 = VERTEX_POINT('',#317);
#317 = CARTESIAN_POINT('',(129.21230758497,3.508868761078,
    18.651417777598));
#318 = CIRCLE('',#319,0.45);
#319 = AXIS2_PLACEMENT_3D('',#320,#321,#322);
#320 = CARTESIAN_POINT('',(129.20471860251,3.548563592017,
    18.203236198613));
#321 = DIRECTION('',(-0.982210706725,-0.187782127999,0.));
#322 = DIRECTION('',(1.68644054643E-02,-8.821073542048E-02,
    0.995959064412));
#323 = ORIENTED_EDGE('',*,*,#21,.T.);
#324 = ORIENTED_EDGE('',*,*,#325,.F.);
#325 = EDGE_CURVE('',#316,#24,#326,.T.);
#326 = CIRCLE('',#327,0.45);
#327 = AXIS2_PLACEMENT_3D('',#328,#329,#330);
#328 = CARTESIAN_POINT('',(129.20471860251,3.548563592017,
    18.203236198613));
#329 = DIRECTION('',(-0.982210706725,-0.187782127999,0.));
#330 = DIRECTION('',(1.68644054643E-02,-8.821073542048E-02,
    0.995959064412));
#331 = PLANE('',#332);
#332 = AXIS2_PLACEMENT_3D('',#333,#334,#335);
#333 = CARTESIAN_POINT('',(128.89221700598,5.183130295759,
    15.893358616752));
#334 = DIRECTION('',(0.982210706725,0.187782127999,-2.606000526464E-18)
  );
#335 = DIRECTION('',(-1.68644054643E-02,8.821073542048E-02,
    -0.995959064412));
#336 = ADVANCED_FACE('',(#337),#410,.T.);
#337 = FACE_BOUND('',#338,.F.);
#338 = EDGE_LOOP('',(#339,#350,#363,#372,#378,#379,#380,#387,#388,#389,
    #390,#399));
#339 = ORIENTED_EDGE('',*,*,#340,.F.);
#340 = EDGE_CURVE('',#341,#343,#345,.T.);
#341 = VERTEX_POINT('',#342);
#342 = CARTESIAN_POINT('',(145.17262285432,7.057254871783,18.24780874325
    ));
#343 = VERTEX_POINT('',#344);
#344 = CARTESIAN_POINT('',(145.34093658279,6.176875317285,
    18.166984699582));
#345 = CIRCLE('',#346,0.45);
#346 = AXIS2_PLACEMENT_3D('',#347,#348,#349);
#347 = CARTESIAN_POINT('',(145.25670926913,6.617433586362,
    18.203236198613));
#348 = DIRECTION('',(-0.982210706725,-0.187782127999,0.));
#349 = DIRECTION('',(1.68644054643E-02,-8.821073542048E-02,
    0.995959064412));
#350 = ORIENTED_EDGE('',*,*,#351,.F.);
#351 = EDGE_CURVE('',#352,#341,#354,.T.);
#352 = VERTEX_POINT('',#353);
#353 = CARTESIAN_POINT('',(144.48513799205,6.925479777795,
    18.251041097195));
#354 = B_SPLINE_CURVE_WITH_KNOTS('',4,(#355,#356,#357,#358,#359,#360,
    #361,#362),.UNSPECIFIED.,.F.,.F.,(5,3,5),(0.,0.604586456037,1.),
  .UNSPECIFIED.);
#355 = CARTESIAN_POINT('',(144.44861098076,6.918337638833,
    18.252479051843));
#356 = CARTESIAN_POINT('',(144.55761278886,6.939679290426,
    18.247997186023));
#357 = CARTESIAN_POINT('',(144.66697845098,6.960860593044,
    18.245014745058));
#358 = CARTESIAN_POINT('',(144.77653134569,6.981938101092,
    18.243566902402));
#359 = CARTESIAN_POINT('',(144.9577664848,7.016574099272,18.243709637341
    ));
#360 = CARTESIAN_POINT('',(145.02943780742,7.030211017744,
    18.244422284668));
#361 = CARTESIAN_POINT('',(145.10107092865,7.043779840247,
    18.245790927618));
#362 = CARTESIAN_POINT('',(145.17262344396,7.057254982826,
    18.247808759878));
#363 = ORIENTED_EDGE('',*,*,#364,.F.);
#364 = EDGE_CURVE('',#365,#352,#367,.T.);
#365 = VERTEX_POINT('',#366);
#366 = CARTESIAN_POINT('',(144.57675075688,6.446291265824,
    18.651417777598));
#367 = CIRCLE('',#368,0.45);
#368 = AXIS2_PLACEMENT_3D('',#369,#370,#371);
#369 = CARTESIAN_POINT('',(144.56916177442,6.485986096763,
    18.203236198613));
#370 = DIRECTION('',(-0.982210706725,-0.187782127999,0.));
#371 = DIRECTION('',(1.68644054643E-02,-8.821073542048E-02,
    0.995959064412));
#372 = ORIENTED_EDGE('',*,*,#373,.F.);
#373 = EDGE_CURVE('',#316,#365,#374,.T.);
#374 = LINE('',#375,#376);
#375 = CARTESIAN_POINT('',(128.52476009026,3.377421271479,
    18.651417777598));
#376 = VECTOR('',#377,1.);
#377 = DIRECTION('',(0.982210706725,0.187782127999,-2.606000526464E-18)
  );
#378 = ORIENTED_EDGE('',*,*,#325,.T.);
#379 = ORIENTED_EDGE('',*,*,#298,.F.);
#380 = ORIENTED_EDGE('',*,*,#381,.T.);
#381 = EDGE_CURVE('',#260,#63,#382,.T.);
#382 = CIRCLE('',#383,0.45);
#383 = AXIS2_PLACEMENT_3D('',#384,#385,#386);
#384 = CARTESIAN_POINT('',(128.5171711078,3.417116102418,18.203236198613
    ));
#385 = DIRECTION('',(-0.982210706725,-0.187782127999,0.));
#386 = DIRECTION('',(1.68644054643E-02,-8.821073542048E-02,
    0.995959064412));
#387 = ORIENTED_EDGE('',*,*,#62,.T.);
#388 = ORIENTED_EDGE('',*,*,#315,.T.);
#389 = ORIENTED_EDGE('',*,*,#373,.T.);
#390 = ORIENTED_EDGE('',*,*,#391,.F.);
#391 = EDGE_CURVE('',#392,#365,#394,.T.);
#392 = VERTEX_POINT('',#393);
#393 = CARTESIAN_POINT('',(144.65343604887,6.045182195194,
    18.170224579031));
#394 = CIRCLE('',#395,0.45);
#395 = AXIS2_PLACEMENT_3D('',#396,#397,#398);
#396 = CARTESIAN_POINT('',(144.56916177442,6.485986096763,
    18.203236198613));
#397 = DIRECTION('',(-0.982210706725,-0.187782127999,0.));
#398 = DIRECTION('',(1.68644054643E-02,-8.821073542048E-02,
    0.995959064412));
#399 = ORIENTED_EDGE('',*,*,#400,.F.);
#400 = EDGE_CURVE('',#343,#392,#401,.T.);
#401 = B_SPLINE_CURVE_WITH_KNOTS('',4,(#402,#403,#404,#405,#406,#407,
    #408,#409),.UNSPECIFIED.,.F.,.F.,(5,3,5),(0.,0.403217810291,1.),
  .UNSPECIFIED.);
#402 = CARTESIAN_POINT('',(145.34093717237,6.176875428633,
    18.166984716238));
#403 = CARTESIAN_POINT('',(145.26797961046,6.163096771575,
    18.164923610255));
#404 = CARTESIAN_POINT('',(145.1949311184,6.149257856896,18.163540981537
    ));
#405 = CARTESIAN_POINT('',(145.12184370501,6.135349076534,18.16284068373
    ));
#406 = CARTESIAN_POINT('',(144.94060996701,6.100704324546,
    18.162796205949));
#407 = CARTESIAN_POINT('',(144.83247604349,6.079896043709,
    18.164264452169));
#408 = CARTESIAN_POINT('',(144.72452683736,6.058985777132,
    18.167227463883));
#409 = CARTESIAN_POINT('',(144.61689923949,6.038091306016,
    18.171667238712));
#410 = CYLINDRICAL_SURFACE('',#411,0.45);
#411 = AXIS2_PLACEMENT_3D('',#412,#413,#414);
#412 = CARTESIAN_POINT('',(128.5171711078,3.417116102418,18.203236198613
    ));
#413 = DIRECTION('',(0.982210706725,0.187782127999,-2.606000526464E-18)
  );
#414 = DIRECTION('',(1.68644054643E-02,-8.821073542048E-02,
    0.995959064412));
#415 = ADVANCED_FACE('',(#416),#421,.F.);
#416 = FACE_BOUND('',#417,.T.);
#417 = EDGE_LOOP('',(#418,#419,#420));
#418 = ORIENTED_EDGE('',*,*,#259,.F.);
#419 = ORIENTED_EDGE('',*,*,#381,.T.);
#420 = ORIENTED_EDGE('',*,*,#73,.F.);
#421 = PLANE('',#422);
#422 = AXIS2_PLACEMENT_3D('',#423,#424,#425);
#423 = CARTESIAN_POINT('',(128.5171711078,3.417116102418,18.203236198613
    ));
#424 = DIRECTION('',(0.982210706725,0.187782127999,-2.606000526464E-18)
  );
#425 = DIRECTION('',(-1.68644054643E-02,8.821073542048E-02,
    -0.995959064412));
#426 = ADVANCED_FACE('',(#427),#447,.F.);
#427 = FACE_BOUND('',#428,.T.);
#428 = EDGE_LOOP('',(#429,#438,#445,#446));
#429 = ORIENTED_EDGE('',*,*,#430,.T.);
#430 = EDGE_CURVE('',#122,#431,#433,.T.);
#431 = VERTEX_POINT('',#432);
#432 = CARTESIAN_POINT('',(128.70642754476,2.427193894825,
    29.380129702744));
#433 = CIRCLE('',#434,0.45);
#434 = AXIS2_PLACEMENT_3D('',#435,#436,#437);
#435 = CARTESIAN_POINT('',(128.6988385623,2.466888725764,28.931948123758
    ));
#436 = DIRECTION('',(-0.982210706725,-0.187782127999,0.));
#437 = DIRECTION('',(1.68644054643E-02,-8.821073542048E-02,
    0.995959064412));
#438 = ORIENTED_EDGE('',*,*,#439,.T.);
#439 = EDGE_CURVE('',#431,#211,#440,.T.);
#440 = CIRCLE('',#441,0.45);
#441 = AXIS2_PLACEMENT_3D('',#442,#443,#444);
#442 = CARTESIAN_POINT('',(128.6988385623,2.466888725764,28.931948123758
    ));
#443 = DIRECTION('',(-0.982210706725,-0.187782127999,0.));
#444 = DIRECTION('',(1.68644054643E-02,-8.821073542048E-02,
    0.995959064412));
#445 = ORIENTED_EDGE('',*,*,#221,.T.);
#446 = ORIENTED_EDGE('',*,*,#121,.T.);
#447 = PLANE('',#448);
#448 = AXIS2_PLACEMENT_3D('',#449,#450,#451);
#449 = CARTESIAN_POINT('',(128.6988385623,2.466888725764,28.931948123758
    ));
#450 = DIRECTION('',(0.982210706725,0.187782127999,-2.606000526464E-18)
  );
#451 = DIRECTION('',(-1.68644054643E-02,8.821073542048E-02,
    -0.995959064412));
#452 = ADVANCED_FACE('',(#453),#544,.T.);
#453 = FACE_BOUND('',#454,.F.);
#454 = EDGE_LOOP('',(#455,#465,#474,#487,#496,#509,#516,#517,#525,#531,
    #532,#533,#540,#541,#542,#543));
#455 = ORIENTED_EDGE('',*,*,#456,.T.);
#456 = EDGE_CURVE('',#457,#459,#461,.T.);
#457 = VERTEX_POINT('',#458);
#458 = CARTESIAN_POINT('',(145.15130249407,5.571176740369,
    29.380129702744));
#459 = VERTEX_POINT('',#460);
#460 = CARTESIAN_POINT('',(145.44596570609,5.627511378769,
    29.380129702744));
#461 = LINE('',#462,#463);
#462 = CARTESIAN_POINT('',(128.70642754476,2.427193894825,
    29.380129702744));
#463 = VECTOR('',#464,1.);
#464 = DIRECTION('',(0.982210706725,0.187782127999,-2.606000526464E-18)
  );
#465 = ORIENTED_EDGE('',*,*,#466,.F.);
#466 = EDGE_CURVE('',#467,#459,#469,.T.);
#467 = VERTEX_POINT('',#468);
#468 = CARTESIAN_POINT('',(145.52246313844,5.227384924287,
    28.887375579121));
#469 = CIRCLE('',#470,0.45);
#470 = AXIS2_PLACEMENT_3D('',#471,#472,#473);
#471 = CARTESIAN_POINT('',(145.43837672363,5.667206209708,
    28.931948123758));
#472 = DIRECTION('',(-0.982210706725,-0.187782127999,0.));
#473 = DIRECTION('',(1.68644054643E-02,-8.821073542048E-02,
    0.995959064412));
#474 = ORIENTED_EDGE('',*,*,#475,.T.);
#475 = EDGE_CURVE('',#467,#476,#478,.T.);
#476 = VERTEX_POINT('',#477);
#477 = CARTESIAN_POINT('',(144.83485301129,5.096265039076,
    28.884143225176));
#478 = B_SPLINE_CURVE_WITH_KNOTS('',4,(#479,#480,#481,#482,#483,#484,
    #485,#486),.UNSPECIFIED.,.F.,.F.,(5,3,5),(0.,0.403217810335,1.),
  .UNSPECIFIED.);
#479 = CARTESIAN_POINT('',(145.52246372745,5.227385038582,
    28.887375562493));
#480 = CARTESIAN_POINT('',(145.44957590788,5.213241588213,
    28.889433220561));
#481 = CARTESIAN_POINT('',(145.37657423883,5.199157761667,28.890815813)
  );
#482 = CARTESIAN_POINT('',(145.30351054152,5.185124932371,
    28.891516111866));
#483 = CARTESIAN_POINT('',(145.12227830981,5.150472301639,
    28.891560590464));
#484 = CARTESIAN_POINT('',(145.01409466279,5.129924103623,
    28.890092325054));
#485 = CARTESIAN_POINT('',(144.90604511184,5.109538699571,
    28.887129282779));
#486 = CARTESIAN_POINT('',(144.79826742495,5.08942928198,28.882705270528
    ));
#487 = ORIENTED_EDGE('',*,*,#488,.F.);
#488 = EDGE_CURVE('',#489,#476,#491,.T.);
#489 = VERTEX_POINT('',#490);
#490 = CARTESIAN_POINT('',(144.66655495447,5.976562621678,
    28.964959743339));
#491 = CIRCLE('',#492,0.45);
#492 = AXIS2_PLACEMENT_3D('',#493,#494,#495);
#493 = CARTESIAN_POINT('',(144.75082922892,5.535758720109,
    28.931948123758));
#494 = DIRECTION('',(-0.982210706725,-0.187782127999,0.));
#495 = DIRECTION('',(1.68644054643E-02,-8.821073542048E-02,
    0.995959064412));
#496 = ORIENTED_EDGE('',*,*,#497,.F.);
#497 = EDGE_CURVE('',#498,#489,#500,.T.);
#498 = VERTEX_POINT('',#499);
#499 = CARTESIAN_POINT('',(145.35414940997,6.107764478784,
    28.968199622789));
#500 = B_SPLINE_CURVE_WITH_KNOTS('',4,(#501,#502,#503,#504,#505,#506,
    #507,#508),.UNSPECIFIED.,.F.,.F.,(5,3,5),(0.,0.403217810344,1.),
  .UNSPECIFIED.);
#501 = CARTESIAN_POINT('',(145.35414999904,6.107764592776,
    28.968199606133));
#502 = CARTESIAN_POINT('',(145.28125499929,6.093658698978,
    28.970260712116));
#503 = CARTESIAN_POINT('',(145.20825325412,6.079575270535,
    28.971643341159));
#504 = CARTESIAN_POINT('',(145.13518956026,6.065542423225,
    28.972343638248));
#505 = CARTESIAN_POINT('',(144.95395732855,6.03088979254,28.972388117021
    ));
#506 = CARTESIAN_POINT('',(144.84577364346,6.010341793617,28.9709198697)
  );
#507 = CARTESIAN_POINT('',(144.737724028,5.989956726993,28.967956858489)
  );
#508 = CARTESIAN_POINT('',(144.62997916622,5.969675614796,
    28.963517083659));
#509 = ORIENTED_EDGE('',*,*,#510,.F.);
#510 = EDGE_CURVE('',#459,#498,#511,.T.);
#511 = CIRCLE('',#512,0.45);
#512 = AXIS2_PLACEMENT_3D('',#513,#514,#515);
#513 = CARTESIAN_POINT('',(145.43837672363,5.667206209708,
    28.931948123758));
#514 = DIRECTION('',(-0.982210706725,-0.187782127999,0.));
#515 = DIRECTION('',(1.68644054643E-02,-8.821073542048E-02,
    0.995959064412));
#516 = ORIENTED_EDGE('',*,*,#456,.F.);
#517 = ORIENTED_EDGE('',*,*,#518,.F.);
#518 = EDGE_CURVE('',#519,#457,#521,.T.);
#519 = VERTEX_POINT('',#520);
#520 = CARTESIAN_POINT('',(129.00109075678,2.483528533224,
    29.380129702744));
#521 = LINE('',#522,#523);
#522 = CARTESIAN_POINT('',(128.70642754476,2.427193894825,
    29.380129702744));
#523 = VECTOR('',#524,1.);
#524 = DIRECTION('',(0.982210706725,0.187782127999,-2.606000526464E-18)
  );
#525 = ORIENTED_EDGE('',*,*,#526,.F.);
#526 = EDGE_CURVE('',#431,#519,#527,.T.);
#527 = LINE('',#528,#529);
#528 = CARTESIAN_POINT('',(128.70642754476,2.427193894825,
    29.380129702744));
#529 = VECTOR('',#530,1.);
#530 = DIRECTION('',(0.982210706725,0.187782127999,-2.606000526464E-18)
  );
#531 = ORIENTED_EDGE('',*,*,#439,.T.);
#532 = ORIENTED_EDGE('',*,*,#210,.F.);
#533 = ORIENTED_EDGE('',*,*,#534,.T.);
#534 = EDGE_CURVE('',#172,#161,#535,.T.);
#535 = CIRCLE('',#536,0.45);
#536 = AXIS2_PLACEMENT_3D('',#537,#538,#539);
#537 = CARTESIAN_POINT('',(129.38638605701,2.598336215363,
    28.931948123758));
#538 = DIRECTION('',(-0.982210706725,-0.187782127999,0.));
#539 = DIRECTION('',(1.68644054643E-02,-8.821073542048E-02,
    0.995959064412));
#540 = ORIENTED_EDGE('',*,*,#160,.F.);
#541 = ORIENTED_EDGE('',*,*,#430,.T.);
#542 = ORIENTED_EDGE('',*,*,#526,.T.);
#543 = ORIENTED_EDGE('',*,*,#518,.T.);
#544 = CYLINDRICAL_SURFACE('',#545,0.45);
#545 = AXIS2_PLACEMENT_3D('',#546,#547,#548);
#546 = CARTESIAN_POINT('',(128.6988385623,2.466888725764,28.931948123758
    ));
#547 = DIRECTION('',(0.982210706725,0.187782127999,-2.606000526464E-18)
  );
#548 = DIRECTION('',(1.68644054643E-02,-8.821073542048E-02,
    0.995959064412));
#549 = ADVANCED_FACE('',(#550),#554,.T.);
#550 = FACE_BOUND('',#551,.F.);
#551 = EDGE_LOOP('',(#552,#553));
#552 = ORIENTED_EDGE('',*,*,#171,.F.);
#553 = ORIENTED_EDGE('',*,*,#534,.F.);
#554 = PLANE('',#555);
#555 = AXIS2_PLACEMENT_3D('',#556,#557,#558);
#556 = CARTESIAN_POINT('',(128.89221700598,5.183130295759,
    15.893358616752));
#557 = DIRECTION('',(0.982210706725,0.187782127999,-2.606000526464E-18)
  );
#558 = DIRECTION('',(-1.68644054643E-02,8.821073542048E-02,
    -0.995959064412));
#559 = ADVANCED_FACE('',(#560),#639,.T.);
#560 = FACE_BOUND('',#561,.F.);
#561 = EDGE_LOOP('',(#562,#601,#602));
#562 = ORIENTED_EDGE('',*,*,#563,.F.);
#563 = EDGE_CURVE('',#341,#564,#566,.T.);
#564 = VERTEX_POINT('',#565);
#565 = CARTESIAN_POINT('',(145.24925040739,6.656447809613,
    17.762739142305));
#566 = B_SPLINE_CURVE_WITH_KNOTS('',5,(#567,#568,#569,#570,#571,#572,
    #573,#574,#575,#576,#577,#578,#579,#580,#581,#582,#583,#584,#585,
    #586,#587,#588,#589,#590,#591,#592,#593,#594,#595,#596,#597,#598,
    #599,#600),.UNSPECIFIED.,.T.,.F.,(6,4,4,4,4,4,4,4,6),(0.,
    0.138619387769,0.263630847874,0.386642185846,0.500950626786,
    0.613357767905,0.736369096435,0.861380558054,1.),.UNSPECIFIED.);
#567 = CARTESIAN_POINT('',(145.24925040739,6.656447809613,
    17.762739142305));
#568 = CARTESIAN_POINT('',(145.26391202265,6.579758959392,17.75569865284
    ));
#569 = CARTESIAN_POINT('',(145.2788665547,6.501537982482,17.765681160219
    ));
#570 = CARTESIAN_POINT('',(145.29317229495,6.426710567397,
    17.793157753038));
#571 = CARTESIAN_POINT('',(145.30588597593,6.360210556386,
    17.836313511574));
#572 = CARTESIAN_POINT('',(145.32576699736,6.256221149511,
    17.941431824921));
#573 = CARTESIAN_POINT('',(145.33336090359,6.21650056435,18.001156611188
    ));
#574 = CARTESIAN_POINT('',(145.3386297641,6.188941332514,18.068172261464
    ));
#575 = CARTESIAN_POINT('',(145.34129400342,6.175005797689,
    18.138915119776));
#576 = CARTESIAN_POINT('',(145.34141002752,6.174398923541,
    18.279361289507));
#577 = CARTESIAN_POINT('',(145.33894454959,6.187294819676,
    18.349090338906));
#578 = CARTESIAN_POINT('',(145.33395144439,6.213411689514,
    18.415386636718));
#579 = CARTESIAN_POINT('',(145.32668690042,6.251409516793,
    18.474838028348));
#580 = CARTESIAN_POINT('',(145.30917318679,6.343016514896,
    18.571467075012));
#581 = CARTESIAN_POINT('',(145.29916882833,6.39534517947,18.609938058014
    ));
#582 = CARTESIAN_POINT('',(145.28796097771,6.453968814194,
    18.638308777149));
#583 = CARTESIAN_POINT('',(145.27604578387,6.516292268971,
    18.655318975443));
#584 = CARTESIAN_POINT('',(145.25205382126,6.641784310206,18.66606934921
    ));
#585 = CARTESIAN_POINT('',(145.23997971173,6.704938987289,
    18.660193364995));
#586 = CARTESIAN_POINT('',(145.22822665079,6.766414391892,18.64288177138
    ));
#587 = CARTESIAN_POINT('',(145.21729742658,6.823580646999,
    18.614879022942));
#588 = CARTESIAN_POINT('',(145.1969842644,6.929830403532,18.53712120392)
  );
#589 = CARTESIAN_POINT('',(145.18783978038,6.977661420265,
    18.485549426185));
#590 = CARTESIAN_POINT('',(145.18070015594,7.015005845112,
    18.425079265422));
#591 = CARTESIAN_POINT('',(145.17593207003,7.039945732018,18.35882377498
    ));
#592 = CARTESIAN_POINT('',(145.17132827207,7.064026296535,
    18.220532633015));
#593 = CARTESIAN_POINT('',(145.1715730985,7.062745710641,18.148392838309
    ));
#594 = CARTESIAN_POINT('',(145.1745057374,7.047406288536,18.077438826276
    ));
#595 = CARTESIAN_POINT('',(145.17997083557,7.018820618556,
    18.011443106081));
#596 = CARTESIAN_POINT('',(145.19599996167,6.934978884299,
    17.889080721039));
#597 = CARTESIAN_POINT('',(145.2070588486,6.877134417105,17.834509367205
    ));
#598 = CARTESIAN_POINT('',(145.22021081816,6.808341899631,
    17.793847586035));
#599 = CARTESIAN_POINT('',(145.23458878628,6.733136690408,
    17.769779634577));
#600 = CARTESIAN_POINT('',(145.24925040739,6.656447809613,
    17.762739142305));
#601 = ORIENTED_EDGE('',*,*,#340,.T.);
#602 = ORIENTED_EDGE('',*,*,#603,.F.);
#603 = EDGE_CURVE('',#564,#343,#604,.T.);
#604 = B_SPLINE_CURVE_WITH_KNOTS('',5,(#605,#606,#607,#608,#609,#610,
    #611,#612,#613,#614,#615,#616,#617,#618,#619,#620,#621,#622,#623,
    #624,#625,#626,#627,#628,#629,#630,#631,#632,#633,#634,#635,#636,
    #637,#638),.UNSPECIFIED.,.T.,.F.,(6,4,4,4,4,4,4,4,6),(0.,
    0.138619387769,0.263630847874,0.386642185846,0.500950626786,
    0.613357767905,0.736369096435,0.861380558054,1.),.UNSPECIFIED.);
#605 = CARTESIAN_POINT('',(145.24925040739,6.656447809613,
    17.762739142305));
#606 = CARTESIAN_POINT('',(145.26391202265,6.579758959392,17.75569865284
    ));
#607 = CARTESIAN_POINT('',(145.2788665547,6.501537982482,17.765681160219
    ));
#608 = CARTESIAN_POINT('',(145.29317229495,6.426710567397,
    17.793157753038));
#609 = CARTESIAN_POINT('',(145.30588597593,6.360210556386,
    17.836313511574));
#610 = CARTESIAN_POINT('',(145.32576699736,6.256221149511,
    17.941431824921));
#611 = CARTESIAN_POINT('',(145.33336090359,6.21650056435,18.001156611188
    ));
#612 = CARTESIAN_POINT('',(145.3386297641,6.188941332514,18.068172261464
    ));
#613 = CARTESIAN_POINT('',(145.34129400342,6.175005797689,
    18.138915119776));
#614 = CARTESIAN_POINT('',(145.34141002752,6.174398923541,
    18.279361289507));
#615 = CARTESIAN_POINT('',(145.33894454959,6.187294819676,
    18.349090338906));
#616 = CARTESIAN_POINT('',(145.33395144439,6.213411689514,
    18.415386636718));
#617 = CARTESIAN_POINT('',(145.32668690042,6.251409516793,
    18.474838028348));
#618 = CARTESIAN_POINT('',(145.30917318679,6.343016514896,
    18.571467075012));
#619 = CARTESIAN_POINT('',(145.29916882833,6.39534517947,18.609938058014
    ));
#620 = CARTESIAN_POINT('',(145.28796097771,6.453968814194,
    18.638308777149));
#621 = CARTESIAN_POINT('',(145.27604578387,6.516292268971,
    18.655318975443));
#622 = CARTESIAN_POINT('',(145.25205382126,6.641784310206,18.66606934921
    ));
#623 = CARTESIAN_POINT('',(145.23997971173,6.704938987289,
    18.660193364995));
#624 = CARTESIAN_POINT('',(145.22822665079,6.766414391892,18.64288177138
    ));
#625 = CARTESIAN_POINT('',(145.21729742658,6.823580646999,
    18.614879022942));
#626 = CARTESIAN_POINT('',(145.1969842644,6.929830403532,18.53712120392)
  );
#627 = CARTESIAN_POINT('',(145.18783978038,6.977661420265,
    18.485549426185));
#628 = CARTESIAN_POINT('',(145.18070015594,7.015005845112,
    18.425079265422));
#629 = CARTESIAN_POINT('',(145.17593207003,7.039945732018,18.35882377498
    ));
#630 = CARTESIAN_POINT('',(145.17132827207,7.064026296535,
    18.220532633015));
#631 = CARTESIAN_POINT('',(145.1715730985,7.062745710641,18.148392838309
    ));
#632 = CARTESIAN_POINT('',(145.1745057374,7.047406288536,18.077438826276
    ));
#633 = CARTESIAN_POINT('',(145.17997083557,7.018820618556,
    18.011443106081));
#634 = CARTESIAN_POINT('',(145.19599996167,6.934978884299,
    17.889080721039));
#635 = CARTESIAN_POINT('',(145.2070588486,6.877134417105,17.834509367205
    ));
#636 = CARTESIAN_POINT('',(145.22021081816,6.808341899631,
    17.793847586035));
#637 = CARTESIAN_POINT('',(145.23458878628,6.733136690408,
    17.769779634577));
#638 = CARTESIAN_POINT('',(145.24925040739,6.656447809613,
    17.762739142305));
#639 = PLANE('',#640);
#640 = AXIS2_PLACEMENT_3D('',#641,#642,#643);
#641 = CARTESIAN_POINT('',(145.25670926913,6.617433586362,
    18.203236198613));
#642 = DIRECTION('',(0.982210706725,0.187782127999,-2.606000526464E-18)
  );
#643 = DIRECTION('',(-1.68644054643E-02,8.821073542048E-02,
    -0.995959064412));
#644 = ADVANCED_FACE('',(#645),#705,.T.);
#645 = FACE_BOUND('',#646,.F.);
#646 = EDGE_LOOP('',(#647,#648,#657,#664,#665,#666,#667,#704));
#647 = ORIENTED_EDGE('',*,*,#603,.F.);
#648 = ORIENTED_EDGE('',*,*,#649,.F.);
#649 = EDGE_CURVE('',#650,#564,#652,.T.);
#650 = VERTEX_POINT('',#651);
#651 = CARTESIAN_POINT('',(150.78518024786,7.181904467188,
    23.567592161185));
#652 = CIRCLE('',#653,5.83612093032);
#653 = AXIS2_PLACEMENT_3D('',#654,#655,#656);
#654 = CARTESIAN_POINT('',(145.05287978436,6.085985259635,
    23.567592161185));
#655 = DIRECTION('',(-0.187023312515,0.978241656525,8.980836272356E-02)
  );
#656 = DIRECTION('',(0.982210706725,0.187782127999,-2.606000526464E-18)
  );
#657 = ORIENTED_EDGE('',*,*,#658,.T.);
#658 = EDGE_CURVE('',#650,#650,#659,.T.);
#659 = CIRCLE('',#660,0.45);
#660 = AXIS2_PLACEMENT_3D('',#661,#662,#663);
#661 = CARTESIAN_POINT('',(150.34318542983,7.097402509589,
    23.567592161185));
#662 = DIRECTION('',(-1.68644054643E-02,8.821073542048E-02,
    -0.995959064412));
#663 = DIRECTION('',(0.982210706725,0.187782127999,-2.606000526464E-18)
  );
#664 = ORIENTED_EDGE('',*,*,#649,.T.);
#665 = ORIENTED_EDGE('',*,*,#563,.F.);
#666 = ORIENTED_EDGE('',*,*,#351,.F.);
#667 = ORIENTED_EDGE('',*,*,#668,.F.);
#668 = EDGE_CURVE('',#392,#352,#669,.T.);
#669 = B_SPLINE_CURVE_WITH_KNOTS('',5,(#670,#671,#672,#673,#674,#675,
    #676,#677,#678,#679,#680,#681,#682,#683,#684,#685,#686,#687,#688,
    #689,#690,#691,#692,#693,#694,#695,#696,#697,#698,#699,#700,#701,
    #702,#703),.UNSPECIFIED.,.T.,.F.,(6,4,4,4,4,4,4,4,6),(0.,
    0.138610114175,0.263630309534,0.386650049708,0.500950528744,
    0.613349908705,0.736369632174,0.861389830361,1.),.UNSPECIFIED.);
#670 = CARTESIAN_POINT('',(144.56180423689,6.524470334925,17.76872303361
    ));
#671 = CARTESIAN_POINT('',(144.57646643935,6.447778413338,
    17.761682262175));
#672 = CARTESIAN_POINT('',(144.59142191377,6.369552507292,
    17.771683415944));
#673 = CARTESIAN_POINT('',(144.60572835791,6.294721410452,
    17.799197944348));
#674 = CARTESIAN_POINT('',(144.61844231939,6.228219932225,
    17.842405637406));
#675 = CARTESIAN_POINT('',(144.63832530739,6.124220239052,
    17.947647350822));
#676 = CARTESIAN_POINT('',(144.64592038624,6.084493520447,18.00744464731
    ));
#677 = CARTESIAN_POINT('',(144.65119018493,6.056929381322,
    18.074539042934));
#678 = CARTESIAN_POINT('',(144.65385566656,6.042987348516,
    18.145364176245));
#679 = CARTESIAN_POINT('',(144.65397458959,6.042365311255,
    18.285976390106));
#680 = CARTESIAN_POINT('',(144.65151076824,6.055252542527,
    18.355788955431));
#681 = CARTESIAN_POINT('',(144.64651949566,6.081359826651,
    18.422168246066));
#682 = CARTESIAN_POINT('',(144.63925626344,6.11935079273,18.481697570018
    ));
#683 = CARTESIAN_POINT('',(144.62174451783,6.210947496924,
    18.578448051522));
#684 = CARTESIAN_POINT('',(144.61174137527,6.263269801656,
    18.616966412059));
#685 = CARTESIAN_POINT('',(144.60053402305,6.321890829401,
    18.645371986287));
#686 = CARTESIAN_POINT('',(144.58861863592,6.38421529524,18.66239944055)
  );
#687 = CARTESIAN_POINT('',(144.56462575303,6.509712150062,
    18.673149114021));
#688 = CARTESIAN_POINT('',(144.55255088139,6.572870813406,
    18.667255759875));
#689 = CARTESIAN_POINT('',(144.5407971534,6.63434970707,18.649909551997)
  );
#690 = CARTESIAN_POINT('',(144.52986753489,6.691518024584,
    18.621859692302));
#691 = CARTESIAN_POINT('',(144.50955222879,6.797778995096,
    18.543981431343));
#692 = CARTESIAN_POINT('',(144.50040641732,6.845616955198,
    18.492331732562));
#693 = CARTESIAN_POINT('',(144.4932658077,6.882966533099,18.431778175783
    ));
#694 = CARTESIAN_POINT('',(144.48849654561,6.907912572092,
    18.365438942088));
#695 = CARTESIAN_POINT('',(144.4838900204,6.932007401757,18.226981673887
    ));
#696 = CARTESIAN_POINT('',(144.48413330456,6.930734882865,
    18.154759745006));
#697 = CARTESIAN_POINT('',(144.48706422076,6.915404471467,
    18.083727360582));
#698 = CARTESIAN_POINT('',(144.49252803656,6.886825509036,
    18.017659179052));
#699 = CARTESIAN_POINT('',(144.50855495205,6.802995337573,
    17.895173503825));
#700 = CARTESIAN_POINT('',(144.51961237052,6.745158551274,
    17.840550782491));
#701 = CARTESIAN_POINT('',(144.53276375865,6.676369075046,
    17.799851004416));
#702 = CARTESIAN_POINT('',(144.54714202807,6.601162289847,
    17.775763808106));
#703 = CARTESIAN_POINT('',(144.56180423689,6.524470334925,17.76872303361
    ));
#704 = ORIENTED_EDGE('',*,*,#400,.F.);
#705 = TOROIDAL_SURFACE('',#706,5.38612093032,0.45);
#706 = AXIS2_PLACEMENT_3D('',#707,#708,#709);
#707 = CARTESIAN_POINT('',(145.05287978436,6.085985259635,
    23.567592161185));
#708 = DIRECTION('',(0.187023312515,-0.978241656525,-8.980836272356E-02)
  );
#709 = DIRECTION('',(0.982210706725,0.187782127999,-2.606000526464E-18)
  );
#710 = ADVANCED_FACE('',(#711),#716,.F.);
#711 = FACE_BOUND('',#712,.T.);
#712 = EDGE_LOOP('',(#713,#714,#715));
#713 = ORIENTED_EDGE('',*,*,#391,.F.);
#714 = ORIENTED_EDGE('',*,*,#668,.T.);
#715 = ORIENTED_EDGE('',*,*,#364,.F.);
#716 = PLANE('',#717);
#717 = AXIS2_PLACEMENT_3D('',#718,#719,#720);
#718 = CARTESIAN_POINT('',(144.25666017789,8.120552800505,
    15.893358616752));
#719 = DIRECTION('',(0.982210706725,0.187782127999,-2.606000526464E-18)
  );
#720 = DIRECTION('',(-1.68644054643E-02,8.821073542048E-02,
    -0.995959064412));
#721 = ADVANCED_FACE('',(#722),#802,.T.);
#722 = FACE_BOUND('',#723,.F.);
#723 = EDGE_LOOP('',(#724,#725,#726,#765));
#724 = ORIENTED_EDGE('',*,*,#466,.T.);
#725 = ORIENTED_EDGE('',*,*,#510,.T.);
#726 = ORIENTED_EDGE('',*,*,#727,.T.);
#727 = EDGE_CURVE('',#498,#728,#730,.T.);
#728 = VERTEX_POINT('',#729);
#729 = CARTESIAN_POINT('',(145.44583558537,5.628191986457,
    29.372445180066));
#730 = B_SPLINE_CURVE_WITH_KNOTS('',5,(#731,#732,#733,#734,#735,#736,
    #737,#738,#739,#740,#741,#742,#743,#744,#745,#746,#747,#748,#749,
    #750,#751,#752,#753,#754,#755,#756,#757,#758,#759,#760,#761,#762,
    #763,#764),.UNSPECIFIED.,.T.,.F.,(6,4,4,4,4,4,4,4,6),(0.,
    0.138619387781,0.263630847886,0.386642185857,0.500950626823,
    0.613357768105,0.736369096635,0.861380558255,1.),.UNSPECIFIED.);
#731 = CARTESIAN_POINT('',(145.44583558537,5.628191986457,
    29.372445180066));
#732 = CARTESIAN_POINT('',(145.46049720063,5.55150313623,29.3654046906)
  );
#733 = CARTESIAN_POINT('',(145.47487516235,5.476297960492,
    29.341336756087));
#734 = CARTESIAN_POINT('',(145.48802712764,5.407505465364,
    29.300675007116));
#735 = CARTESIAN_POINT('',(145.4990860127,5.349661007936,29.246103691844
    ));
#736 = CARTESIAN_POINT('',(145.51511514319,5.265819250715,
    29.123741368067));
#737 = CARTESIAN_POINT('',(145.5205802457,5.237233558029,29.057745661993
    ));
#738 = CARTESIAN_POINT('',(145.52351288954,5.221894110093,
    28.986791659502));
#739 = CARTESIAN_POINT('',(145.52375772126,5.220613496536,
    28.914651868884));
#740 = CARTESIAN_POINT('',(145.51915393371,5.244694006604,
    28.776360717594));
#741 = CARTESIAN_POINT('',(145.51438585248,5.269633869032,
    28.710105214335));
#742 = CARTESIAN_POINT('',(145.50724623209,5.306978272676,
    28.649635036308));
#743 = CARTESIAN_POINT('',(145.49810175133,5.354809272407,
    28.598063238008));
#744 = CARTESIAN_POINT('',(145.47762454018,5.46191710128,28.519677386304
    ));
#745 = CARTESIAN_POINT('',(145.4664892258,5.520161328928,28.491357647981
    ));
#746 = CARTESIAN_POINT('',(145.45450912615,5.582824279182,
    28.474121753814));
#747 = CARTESIAN_POINT('',(145.44221472195,5.647131226589,28.46873697448
    ));
#748 = CARTESIAN_POINT('',(145.4182486436,5.77248787799,28.481015992537)
  );
#749 = CARTESIAN_POINT('',(145.40656669162,5.83359134101,28.498299608077
    ));
#750 = CARTESIAN_POINT('',(145.39558476024,5.891033285524,
    28.526528516888));
#751 = CARTESIAN_POINT('',(145.385772519,5.942357064316,28.564491291415)
  );
#752 = CARTESIAN_POINT('',(145.36839911086,6.033230182397,
    28.660346154956));
#753 = CARTESIAN_POINT('',(145.36113456302,6.071228029947,
    28.719797529495));
#754 = CARTESIAN_POINT('',(145.35614145326,6.097344923603,
    28.786093814215));
#755 = CARTESIAN_POINT('',(145.35367597031,6.110240845993,
    28.855822855479));
#756 = CARTESIAN_POINT('',(145.35379198389,6.109634026891,
    28.996269025951));
#757 = CARTESIAN_POINT('',(145.35645621816,6.095698518482,
    29.067011893306));
#758 = CARTESIAN_POINT('',(145.36172507414,6.068139310305,
    29.134027557641));
#759 = CARTESIAN_POINT('',(145.36931897659,6.028418744933,
    29.193752361889));
#760 = CARTESIAN_POINT('',(145.38919999577,5.92442934984,29.298870739495
    ));
#761 = CARTESIAN_POINT('',(145.40191367987,5.857929322501,
    29.342026534069));
#762 = CARTESIAN_POINT('',(145.41621942538,5.783101879866,
    29.369503154412));
#763 = CARTESIAN_POINT('',(145.43117396428,5.704880867141,
    29.379485672328));
#764 = CARTESIAN_POINT('',(145.44583558537,5.628191986457,
    29.372445180066));
#765 = ORIENTED_EDGE('',*,*,#766,.T.);
#766 = EDGE_CURVE('',#728,#467,#767,.T.);
#767 = B_SPLINE_CURVE_WITH_KNOTS('',5,(#768,#769,#770,#771,#772,#773,
    #774,#775,#776,#777,#778,#779,#780,#781,#782,#783,#784,#785,#786,
    #787,#788,#789,#790,#791,#792,#793,#794,#795,#796,#797,#798,#799,
    #800,#801),.UNSPECIFIED.,.T.,.F.,(6,4,4,4,4,4,4,4,6),(0.,
    0.138619387781,0.263630847886,0.386642185857,0.500950626823,
    0.613357768105,0.736369096635,0.861380558255,1.),.UNSPECIFIED.);
#768 = CARTESIAN_POINT('',(145.44583558537,5.628191986457,
    29.372445180066));
#769 = CARTESIAN_POINT('',(145.46049720063,5.55150313623,29.3654046906)
  );
#770 = CARTESIAN_POINT('',(145.47487516235,5.476297960492,
    29.341336756087));
#771 = CARTESIAN_POINT('',(145.48802712764,5.407505465364,
    29.300675007116));
#772 = CARTESIAN_POINT('',(145.4990860127,5.349661007936,29.246103691844
    ));
#773 = CARTESIAN_POINT('',(145.51511514319,5.265819250715,
    29.123741368067));
#774 = CARTESIAN_POINT('',(145.5205802457,5.237233558029,29.057745661993
    ));
#775 = CARTESIAN_POINT('',(145.52351288954,5.221894110093,
    28.986791659502));
#776 = CARTESIAN_POINT('',(145.52375772126,5.220613496536,
    28.914651868884));
#777 = CARTESIAN_POINT('',(145.51915393371,5.244694006604,
    28.776360717594));
#778 = CARTESIAN_POINT('',(145.51438585248,5.269633869032,
    28.710105214335));
#779 = CARTESIAN_POINT('',(145.50724623209,5.306978272676,
    28.649635036308));
#780 = CARTESIAN_POINT('',(145.49810175133,5.354809272407,
    28.598063238008));
#781 = CARTESIAN_POINT('',(145.47762454018,5.46191710128,28.519677386304
    ));
#782 = CARTESIAN_POINT('',(145.4664892258,5.520161328928,28.491357647981
    ));
#783 = CARTESIAN_POINT('',(145.45450912615,5.582824279182,
    28.474121753814));
#784 = CARTESIAN_POINT('',(145.44221472195,5.647131226589,28.46873697448
    ));
#785 = CARTESIAN_POINT('',(145.4182486436,5.77248787799,28.481015992537)
  );
#786 = CARTESIAN_POINT('',(145.40656669162,5.83359134101,28.498299608077
    ));
#787 = CARTESIAN_POINT('',(145.39558476024,5.891033285524,
    28.526528516888));
#788 = CARTESIAN_POINT('',(145.385772519,5.942357064316,28.564491291415)
  );
#789 = CARTESIAN_POINT('',(145.36839911086,6.033230182397,
    28.660346154956));
#790 = CARTESIAN_POINT('',(145.36113456302,6.071228029947,
    28.719797529495));
#791 = CARTESIAN_POINT('',(145.35614145326,6.097344923603,
    28.786093814215));
#792 = CARTESIAN_POINT('',(145.35367597031,6.110240845993,
    28.855822855479));
#793 = CARTESIAN_POINT('',(145.35379198389,6.109634026891,
    28.996269025951));
#794 = CARTESIAN_POINT('',(145.35645621816,6.095698518482,
    29.067011893306));
#795 = CARTESIAN_POINT('',(145.36172507414,6.068139310305,
    29.134027557641));
#796 = CARTESIAN_POINT('',(145.36931897659,6.028418744933,
    29.193752361889));
#797 = CARTESIAN_POINT('',(145.38919999577,5.92442934984,29.298870739495
    ));
#798 = CARTESIAN_POINT('',(145.40191367987,5.857929322501,
    29.342026534069));
#799 = CARTESIAN_POINT('',(145.41621942538,5.783101879866,
    29.369503154412));
#800 = CARTESIAN_POINT('',(145.43117396428,5.704880867141,
    29.379485672328));
#801 = CARTESIAN_POINT('',(145.44583558537,5.628191986457,
    29.372445180066));
#802 = PLANE('',#803);
#803 = AXIS2_PLACEMENT_3D('',#804,#805,#806);
#804 = CARTESIAN_POINT('',(145.43837672363,5.667206209708,
    28.931948123758));
#805 = DIRECTION('',(0.982210706725,0.187782127999,-2.606000526464E-18)
  );
#806 = DIRECTION('',(-1.68644054643E-02,8.821073542048E-02,
    -0.995959064412));
#807 = ADVANCED_FACE('',(#808),#860,.T.);
#808 = FACE_BOUND('',#809,.F.);
#809 = EDGE_LOOP('',(#810,#811,#818,#819,#820,#821,#822,#859));
#810 = ORIENTED_EDGE('',*,*,#727,.T.);
#811 = ORIENTED_EDGE('',*,*,#812,.T.);
#812 = EDGE_CURVE('',#728,#650,#813,.T.);
#813 = CIRCLE('',#814,5.83612093032);
#814 = AXIS2_PLACEMENT_3D('',#815,#816,#817);
#815 = CARTESIAN_POINT('',(145.05287978436,6.085985259635,
    23.567592161185));
#816 = DIRECTION('',(-0.187023312515,0.978241656525,8.980836272356E-02)
  );
#817 = DIRECTION('',(0.982210706725,0.187782127999,-2.606000526464E-18)
  );
#818 = ORIENTED_EDGE('',*,*,#658,.F.);
#819 = ORIENTED_EDGE('',*,*,#812,.F.);
#820 = ORIENTED_EDGE('',*,*,#766,.T.);
#821 = ORIENTED_EDGE('',*,*,#475,.T.);
#822 = ORIENTED_EDGE('',*,*,#823,.T.);
#823 = EDGE_CURVE('',#476,#489,#824,.T.);
#824 = B_SPLINE_CURVE_WITH_KNOTS('',5,(#825,#826,#827,#828,#829,#830,
    #831,#832,#833,#834,#835,#836,#837,#838,#839,#840,#841,#842,#843,
    #844,#845,#846,#847,#848,#849,#850,#851,#852,#853,#854,#855,#856,
    #857,#858),.UNSPECIFIED.,.T.,.F.,(6,4,4,4,4,4,4,4,6),(0.,
    0.138610114167,0.263630309527,0.3866500497,0.500950528721,
    0.613349908588,0.736369632057,0.861389830244,1.),.UNSPECIFIED.);
#825 = CARTESIAN_POINT('',(144.75818676645,5.497274481946,
    29.366461288761));
#826 = CARTESIAN_POINT('',(144.7728489689,5.420582560363,29.359420517326
    ));
#827 = CARTESIAN_POINT('',(144.7872272314,5.345375811343,29.335333339469
    ));
#828 = CARTESIAN_POINT('',(144.80037861488,5.276586359466,
    29.294633596304));
#829 = CARTESIAN_POINT('',(144.81143603131,5.218749583833,
    29.240010917058));
#830 = CARTESIAN_POINT('',(144.82746295132,5.134919388683,
    29.117525310355));
#831 = CARTESIAN_POINT('',(144.83292677173,5.10634040215,29.051457146643
    ));
#832 = CARTESIAN_POINT('',(144.83585769338,5.091009962309,
    28.980424775285));
#833 = CARTESIAN_POINT('',(144.83610098354,5.089737412004,
    28.908202853369));
#834 = CARTESIAN_POINT('',(144.83149447032,5.113832178915,
    28.769745574748));
#835 = CARTESIAN_POINT('',(144.82672521343,5.138778190709,
    28.703406324622));
#836 = CARTESIAN_POINT('',(144.81958460817,5.176127745809,
    28.642852746679));
#837 = CARTESIAN_POINT('',(144.81043880005,5.22396568839,28.591203023547
    ));
#838 = CARTESIAN_POINT('',(144.78995944589,5.331084726519,
    28.512695821039));
#839 = CARTESIAN_POINT('',(144.77882373626,5.389331021527,
    28.484328311108));
#840 = CARTESIAN_POINT('',(144.76684295611,5.451997531167,
    28.467057649277));
#841 = CARTESIAN_POINT('',(144.75454778208,5.516308505321,
    28.461656076458));
#842 = CARTESIAN_POINT('',(144.73058082184,5.641669769453,
    28.473936660153));
#843 = CARTESIAN_POINT('',(144.71889870357,5.702774102255,
    28.491238091361));
#844 = CARTESIAN_POINT('',(144.70791727871,5.760213397422,
    28.519501691398));
#845 = CARTESIAN_POINT('',(144.69810623213,5.811530927439,
    28.557511192681));
#846 = CARTESIAN_POINT('',(144.68073476058,5.902393916015,
    28.653486597422));
#847 = CARTESIAN_POINT('',(144.67347152424,5.940384903651,
    28.713015900581));
#848 = CARTESIAN_POINT('',(144.66848024665,5.966492213972,
    28.779395174526));
#849 = CARTESIAN_POINT('',(144.66601641962,5.979379474938,
    28.849207728632));
#850 = CARTESIAN_POINT('',(144.66613533048,5.978757501345,
    28.989819943669));
#851 = CARTESIAN_POINT('',(144.66880080642,5.964815498269,
    29.060645089564));
#852 = CARTESIAN_POINT('',(144.6740706002,5.937251384877,29.127739503243
    ));
#853 = CARTESIAN_POINT('',(144.6816656751,5.897524686894,29.187536821679
    ));
#854 = CARTESIAN_POINT('',(144.70154866094,5.793525005014,
    29.292778606945));
#855 = CARTESIAN_POINT('',(144.71426262585,5.727023508864,
    29.335986339541));
#856 = CARTESIAN_POINT('',(144.72856907575,5.652192381879,
    29.363500897905));
#857 = CARTESIAN_POINT('',(144.74352455761,5.573966436933,
    29.373502063262));
#858 = CARTESIAN_POINT('',(144.75818676645,5.497274481946,
    29.366461288761));
#859 = ORIENTED_EDGE('',*,*,#497,.F.);
#860 = TOROIDAL_SURFACE('',#861,5.38612093032,0.45);
#861 = AXIS2_PLACEMENT_3D('',#862,#863,#864);
#862 = CARTESIAN_POINT('',(145.05287978436,6.085985259635,
    23.567592161185));
#863 = DIRECTION('',(0.187023312515,-0.978241656525,-8.980836272356E-02)
  );
#864 = DIRECTION('',(0.982210706725,0.187782127999,-2.606000526464E-18)
  );
#865 = ADVANCED_FACE('',(#866),#870,.F.);
#866 = FACE_BOUND('',#867,.T.);
#867 = EDGE_LOOP('',(#868,#869));
#868 = ORIENTED_EDGE('',*,*,#823,.F.);
#869 = ORIENTED_EDGE('',*,*,#488,.F.);
#870 = PLANE('',#871);
#871 = AXIS2_PLACEMENT_3D('',#872,#873,#874);
#872 = CARTESIAN_POINT('',(144.25666017789,8.120552800505,
    15.893358616752));
#873 = DIRECTION('',(0.982210706725,0.187782127999,-2.606000526464E-18)
  );
#874 = DIRECTION('',(-1.68644054643E-02,8.821073542048E-02,
    -0.995959064412));
#875 = MANIFOLD_SOLID_BREP('',#876);
#876 = CLOSED_SHELL('',(#877,#1171,#1196,#1282,#1293,#1319,#1430,#1440,
    #1525,#1592,#1603,#1689,#1749));
#877 = ADVANCED_FACE('',(#878),#1166,.T.);
#878 = FACE_BOUND('',#879,.F.);
#879 = EDGE_LOOP('',(#880,#921,#932,#971,#980,#1019,#1030,#1069,#1080,
    #1117,#1118,#1157));
#880 = ORIENTED_EDGE('',*,*,#881,.F.);
#881 = EDGE_CURVE('',#882,#884,#886,.T.);
#882 = VERTEX_POINT('',#883);
#883 = CARTESIAN_POINT('',(146.54678491365,2.444426135025,
    18.064254337652));
#884 = VERTEX_POINT('',#885);
#885 = CARTESIAN_POINT('',(146.20792737148,3.274125927799,
    18.145069754616));
#886 = B_SPLINE_CURVE_WITH_KNOTS('',5,(#887,#888,#889,#890,#891,#892,
    #893,#894,#895,#896,#897,#898,#899,#900,#901,#902,#903,#904,#905,
    #906,#907,#908,#909,#910,#911,#912,#913,#914,#915,#916,#917,#918,
    #919,#920),.UNSPECIFIED.,.T.,.F.,(6,4,4,4,4,4,4,4,6),(0.,
    0.139607573528,0.264630001869,0.387651696863,0.500950509723,
    0.612348258455,0.735369934021,0.86039236669,1.),.UNSPECIFIED.);
#887 = CARTESIAN_POINT('',(146.36229848334,2.89614502556,17.663006239105
    ));
#888 = CARTESIAN_POINT('',(146.39203350118,2.82333821128,17.655914622227
    ));
#889 = CARTESIAN_POINT('',(146.42236792537,2.749063737996,
    17.666115666164));
#890 = CARTESIAN_POINT('',(146.45136237824,2.678070212545,
    17.694091677254));
#891 = CARTESIAN_POINT('',(146.47707598364,2.615109910905,
    17.737963586087));
#892 = CARTESIAN_POINT('',(146.51701126919,2.517327527392,17.844298498)
  );
#893 = CARTESIAN_POINT('',(146.53216225267,2.480230026849,17.90436532246
    ));
#894 = CARTESIAN_POINT('',(146.5426140692,2.454638535044,17.971652717953
    ));
#895 = CARTESIAN_POINT('',(146.54781360788,2.441907355646,
    18.042584564721));
#896 = CARTESIAN_POINT('',(146.54772129886,2.442133376202,
    18.183236288959));
#897 = CARTESIAN_POINT('',(146.54259599191,2.454682797671,
    18.252984351714));
#898 = CARTESIAN_POINT('',(146.53239008271,2.479672180218,18.31921466625
    ));
#899 = CARTESIAN_POINT('',(146.51762571367,2.515823047203,
    18.378517941381));
#900 = CARTESIAN_POINT('',(146.48228830479,2.602347433345,
    18.474303188096));
#901 = CARTESIAN_POINT('',(146.46226125431,2.651384086108,
    18.512232989074));
#902 = CARTESIAN_POINT('',(146.43986863539,2.706212882782,
    18.540201214118));
#903 = CARTESIAN_POINT('',(146.41608411779,2.764449772521,
    18.556983310635));
#904 = CARTESIAN_POINT('',(146.36820097838,2.881692642763,
    18.567637985056));
#905 = CARTESIAN_POINT('',(146.34410781407,2.940685260456,
    18.561891693948));
#906 = CARTESIAN_POINT('',(146.32064096499,2.998144332185,
    18.544893308501));
#907 = CARTESIAN_POINT('',(146.2987864594,3.051655547067,18.517364606857
    ));
#908 = CARTESIAN_POINT('',(146.25787221112,3.151834941353,
    18.440467693553));
#909 = CARTESIAN_POINT('',(146.23933488472,3.197223973499,
    18.389106691205));
#910 = CARTESIAN_POINT('',(146.22481395646,3.232778770615,
    18.328773595317));
#911 = CARTESIAN_POINT('',(146.21505374177,3.256676860828,
    18.262575653051));
#912 = CARTESIAN_POINT('',(146.20544958731,3.280192834269,
    18.124236480558));
#913 = CARTESIAN_POINT('',(146.20576759736,3.279414179984,
    18.051988721385));
#914 = CARTESIAN_POINT('',(146.21149966267,3.265379097967,
    17.980841552988));
#915 = CARTESIAN_POINT('',(146.22234347437,3.238827797784,
    17.914575109148));
#916 = CARTESIAN_POINT('',(146.25444234037,3.160233051751,
    17.791060422773));
#917 = CARTESIAN_POINT('',(146.27677378275,3.105554047123,
    17.735730023867));
#918 = CARTESIAN_POINT('',(146.30340831094,3.040338846721,
    17.694486811116));
#919 = CARTESIAN_POINT('',(146.33256345156,2.968951873959,
    17.670097859306));
#920 = CARTESIAN_POINT('',(146.36229848334,2.89614502556,17.663006239105
    ));
#921 = ORIENTED_EDGE('',*,*,#922,.F.);
#922 = EDGE_CURVE('',#923,#882,#925,.T.);
#923 = VERTEX_POINT('',#924);
#924 = CARTESIAN_POINT('',(145.89864911724,2.180002124953,
    18.060856096432));
#925 = B_SPLINE_CURVE_WITH_KNOTS('',5,(#926,#927,#928,#929,#930,#931),
  .UNSPECIFIED.,.F.,.F.,(6,6),(0.,1.),.PIECEWISE_BEZIER_KNOTS.);
#926 = CARTESIAN_POINT('',(145.89864856231,2.180001896797,
    18.060856113902));
#927 = CARTESIAN_POINT('',(146.03525691569,2.236167424027,
    18.056555492165));
#928 = CARTESIAN_POINT('',(146.17230871686,2.292341315556,
    18.054894223201));
#929 = CARTESIAN_POINT('',(146.30953601771,2.348272170072,
    18.055900410903));
#930 = CARTESIAN_POINT('',(146.44661581522,2.403863174755,
    18.059567230228));
#931 = CARTESIAN_POINT('',(146.58316816696,2.459162787604,
    18.065854242006));
#932 = ORIENTED_EDGE('',*,*,#933,.F.);
#933 = EDGE_CURVE('',#934,#923,#936,.T.);
#934 = VERTEX_POINT('',#935);
#935 = CARTESIAN_POINT('',(145.7140478421,2.632002215466,17.656752677393
    ));
#936 = B_SPLINE_CURVE_WITH_KNOTS('',5,(#937,#938,#939,#940,#941,#942,
    #943,#944,#945,#946,#947,#948,#949,#950,#951,#952,#953,#954,#955,
    #956,#957,#958,#959,#960,#961,#962,#963,#964,#965,#966,#967,#968,
    #969,#970),.UNSPECIFIED.,.T.,.F.,(6,4,4,4,4,4,4,4,6),(0.,
    0.13961786577,0.264630597058,0.387643047742,0.500950618145,
    0.612356903184,0.735369342869,0.860382076481,1.),.UNSPECIFIED.);
#937 = CARTESIAN_POINT('',(145.7140478421,2.632002215466,17.656752677393
    ));
#938 = CARTESIAN_POINT('',(145.74378153677,2.559198641013,
    17.649661376085));
#939 = CARTESIAN_POINT('',(145.77411384301,2.484929353567,
    17.659841732865));
#940 = CARTESIAN_POINT('',(145.80310672829,2.413939666401,
    17.687775650654));
#941 = CARTESIAN_POINT('',(145.82881972615,2.350980852339,
    17.731589971623));
#942 = CARTESIAN_POINT('',(145.86875065641,2.253209132832,17.83778847709
    ));
#943 = CARTESIAN_POINT('',(145.8838990477,2.216117979329,17.897775466832
    ));
#944 = CARTESIAN_POINT('',(145.89434878333,2.190531582654,
    17.964976176742));
#945 = CARTESIAN_POINT('',(145.89954555749,2.177807172225,
    18.035817390331));
#946 = CARTESIAN_POINT('',(145.89944680123,2.17804897901,18.176286135709
    ));
#947 = CARTESIAN_POINT('',(145.89431780417,2.190607435778,
    18.245942135785));
#948 = CARTESIAN_POINT('',(145.8841078162,2.215606805266,18.312080890969
    ));
#949 = CARTESIAN_POINT('',(145.86934054241,2.251764784602,
    18.371298204386));
#950 = CARTESIAN_POINT('',(145.83399881966,2.338299733335,
    18.466950242136));
#951 = CARTESIAN_POINT('',(145.81396910503,2.387342909341,
    18.504828334269));
#952 = CARTESIAN_POINT('',(145.79157539529,2.442174376904,
    18.532758542618));
#953 = CARTESIAN_POINT('',(145.76779129885,2.500410235436,
    18.549521822279));
#954 = CARTESIAN_POINT('',(145.71991017484,2.617648170911,
    18.560177273252));
#955 = CARTESIAN_POINT('',(145.69581868057,2.676636699483,
    18.554449930528));
#956 = CARTESIAN_POINT('',(145.67235329974,2.734092176152,
    18.537489296562));
#957 = CARTESIAN_POINT('',(145.65049966785,2.787601251778,
    18.510012003167));
#958 = CARTESIAN_POINT('',(145.60959018714,2.887768972573,
    18.433247188798));
#959 = CARTESIAN_POINT('',(145.59105581729,2.933150765529,
    18.381972131252));
#960 = CARTESIAN_POINT('',(145.57653706963,2.968700223408,
    18.321731042831));
#961 = CARTESIAN_POINT('',(145.5667794525,2.992591953443,18.25562541969)
  );
#962 = CARTESIAN_POINT('',(145.55718133488,3.016093145558,
    18.117469323462));
#963 = CARTESIAN_POINT('',(145.55750275697,3.015306136837,
    18.045312046925));
#964 = CARTESIAN_POINT('',(145.56323863936,3.001261708613,
    17.974251154602));
#965 = CARTESIAN_POINT('',(145.57408530115,2.97470342991,17.908064488615
    ));
#966 = CARTESIAN_POINT('',(145.60618910866,2.896096584492,
    17.784686077808));
#967 = CARTESIAN_POINT('',(145.62852384798,2.841409507242,
    17.729412629583));
#968 = CARTESIAN_POINT('',(145.65515968001,2.776191114372,17.68821157614
    ));
#969 = CARTESIAN_POINT('',(145.68431413481,2.704805820855,
    17.663843981714));
#970 = CARTESIAN_POINT('',(145.7140478421,2.632002215466,17.656752677393
    ));
#971 = ORIENTED_EDGE('',*,*,#972,.T.);
#972 = EDGE_CURVE('',#934,#973,#975,.T.);
#973 = VERTEX_POINT('',#974);
#974 = CARTESIAN_POINT('',(146.09281440113,1.704584358618,
    28.766344666409));
#975 = CIRCLE('',#976,5.585396184467);
#976 = AXIS2_PLACEMENT_3D('',#977,#978,#979);
#977 = CARTESIAN_POINT('',(146.18116145068,2.281721080456,
    23.211548671901));
#978 = DIRECTION('',(-0.37656479669,0.92202679564,8.980836272356E-02));
#979 = DIRECTION('',(0.925767763542,0.378092644713,-0.));
#980 = ORIENTED_EDGE('',*,*,#981,.T.);
#981 = EDGE_CURVE('',#973,#982,#984,.T.);
#982 = VERTEX_POINT('',#983);
#983 = CARTESIAN_POINT('',(146.24710537897,1.32679966618,28.281417552091
    ));
#984 = B_SPLINE_CURVE_WITH_KNOTS('',5,(#985,#986,#987,#988,#989,#990,
    #991,#992,#993,#994,#995,#996,#997,#998,#999,#1000,#1001,#1002,#1003
    ,#1004,#1005,#1006,#1007,#1008,#1009,#1010,#1011,#1012,#1013,#1014,
    #1015,#1016,#1017,#1018),.UNSPECIFIED.,.T.,.F.,(6,4,4,4,4,4,4,4,6),(
    0.,0.139617865773,0.264630597061,0.387643047745,0.500950618155,
    0.61235690323,0.735369342915,0.860382076528,1.),.UNSPECIFIED.);
#985 = CARTESIAN_POINT('',(146.09281440113,1.704584358618,
    28.766344666409));
#986 = CARTESIAN_POINT('',(146.12254809579,1.631780784163,
    28.759253365101));
#987 = CARTESIAN_POINT('',(146.15170253684,1.560395524315,
    28.734885788949));
#988 = CARTESIAN_POINT('',(146.17833835968,1.495177153934,
    28.693684770141));
#989 = CARTESIAN_POINT('',(146.20067309507,1.440490086308,
    28.638411363528));
#990 = CARTESIAN_POINT('',(146.23277691218,1.361883217384,
    28.515033018685));
#991 = CARTESIAN_POINT('',(146.24362358333,1.335324915778,
    28.448846368175));
#992 = CARTESIAN_POINT('',(146.24935947642,1.32128046134,28.377785486447
    ));
#993 = CARTESIAN_POINT('',(146.24968091004,1.320493424401,
    28.305628214612));
#994 = CARTESIAN_POINT('',(146.24008281513,1.34399456091,28.167472107949
    ));
#995 = CARTESIAN_POINT('',(146.2303252081,1.367886266204,28.101366470391
    ));
#996 = CARTESIAN_POINT('',(146.21580646912,1.403435702839,
    28.041125362835));
#997 = CARTESIAN_POINT('',(146.19727210615,1.448817478955,
    27.989850282733));
#998 = CARTESIAN_POINT('',(146.15603083471,1.549797596281,
    27.912462812943));
#999 = CARTESIAN_POINT('',(146.13376224785,1.604322697846,
    27.884672602725));
#1000 = CARTESIAN_POINT('',(146.10984064804,1.662895236254,
    27.867788307741));
#1001 = CARTESIAN_POINT('',(146.08530639129,1.722967878043,
    27.862548654902));
#1002 = CARTESIAN_POINT('',(146.03747693539,1.840079303064,
    27.874719582162));
#1003 = CARTESIAN_POINT('',(146.01416144523,1.897167769302,
    27.891753195934));
#1004 = CARTESIAN_POINT('',(145.99222175853,1.950887551952,
    27.919542656219));
#1005 = CARTESIAN_POINT('',(145.97257914032,1.998982914235,
    27.956916547283));
#1006 = CARTESIAN_POINT('',(145.9375217414,2.084821690123,
    28.051798990165));
#1007 = CARTESIAN_POINT('',(145.92275445932,2.120979689749,
    28.111016284656));
#1008 = CARTESIAN_POINT('',(145.91254446153,2.14597908329,
    28.177155025125));
#1009 = CARTESIAN_POINT('',(145.90741545357,2.15853756677,
    28.246811015802));
#1010 = CARTESIAN_POINT('',(145.90731667427,2.158779429957,
    28.387279761657));
#1011 = CARTESIAN_POINT('',(145.91251343741,2.146055046494,
    28.458120985323));
#1012 = CARTESIAN_POINT('',(145.92296316324,2.120468673838,
    28.525321710715));
#1013 = CARTESIAN_POINT('',(145.93811154637,2.083377540292,
    28.585308720099));
#1014 = CARTESIAN_POINT('',(145.97804247166,1.985605832976,
    28.691507294961));
#1015 = CARTESIAN_POINT('',(146.00375547619,1.922647002565,
    28.735321654983));
#1016 = CARTESIAN_POINT('',(146.03274837284,1.851657287557,
    28.763255602484));
#1017 = CARTESIAN_POINT('',(146.06308069384,1.777387963983,
    28.773435970728));
#1018 = CARTESIAN_POINT('',(146.09281440113,1.704584358618,
    28.766344666409));
#1019 = ORIENTED_EDGE('',*,*,#1020,.T.);
#1020 = EDGE_CURVE('',#982,#1021,#1023,.T.);
#1021 = VERTEX_POINT('',#1022);
#1022 = CARTESIAN_POINT('',(146.89500974071,1.591790348884,
    28.278027589187));
#1023 = B_SPLINE_CURVE_WITH_KNOTS('',5,(#1024,#1025,#1026,#1027,#1028,
    #1029),.UNSPECIFIED.,.F.,.F.,(6,6),(0.,1.),
  .PIECEWISE_BEZIER_KNOTS.);
#1024 = CARTESIAN_POINT('',(146.24710482285,1.326799440939,
    28.281417534651));
#1025 = CARTESIAN_POINT('',(146.38400616678,1.382247574659,
    28.285710611137));
#1026 = CARTESIAN_POINT('',(146.52117146435,1.438143567877,
    28.287378302066));
#1027 = CARTESIAN_POINT('',(146.65833006497,1.494242636335,
    28.286369445258));
#1028 = CARTESIAN_POINT('',(146.79515962548,1.550446351581,
    28.282696569414));
#1029 = CARTESIAN_POINT('',(146.93128408837,1.606793659221,
    28.276433184869));
#1030 = ORIENTED_EDGE('',*,*,#1031,.T.);
#1031 = EDGE_CURVE('',#1021,#1032,#1034,.T.);
#1032 = VERTEX_POINT('',#1033);
#1033 = CARTESIAN_POINT('',(146.55615219854,2.421490141658,
    28.35884300615));
#1034 = B_SPLINE_CURVE_WITH_KNOTS('',5,(#1035,#1036,#1037,#1038,#1039,
    #1040,#1041,#1042,#1043,#1044,#1045,#1046,#1047,#1048,#1049,#1050,
    #1051,#1052,#1053,#1054,#1055,#1056,#1057,#1058,#1059,#1060,#1061,
    #1062,#1063,#1064,#1065,#1066,#1067,#1068),.UNSPECIFIED.,.T.,.F.,(6,
    4,4,4,4,4,4,4,6),(0.,0.139607573531,0.264630001872,0.387651696866,
    0.500950509731,0.612348258502,0.735369934068,0.860392366737,1.),
  .UNSPECIFIED.);
#1035 = CARTESIAN_POINT('',(146.74063862885,1.969771251123,
    28.760091104697));
#1036 = CARTESIAN_POINT('',(146.77037364669,1.896964436842,
    28.75299948782));
#1037 = CARTESIAN_POINT('',(146.7995287723,1.825577500839,
    28.728610556131));
#1038 = CARTESIAN_POINT('',(146.82616329037,1.76036232522,
    28.687367381341));
#1039 = CARTESIAN_POINT('',(146.84849472841,1.705683331222,
    28.632037028366));
#1040 = CARTESIAN_POINT('',(146.88059360438,1.627088560781,28.5085224168
    ));
#1041 = CARTESIAN_POINT('',(146.8914374261,1.600537236061,
    28.442255992921));
#1042 = CARTESIAN_POINT('',(146.89716950335,1.586502124807,
    28.371108839383));
#1043 = CARTESIAN_POINT('',(146.89748752669,1.585723437981,
    28.298861088379));
#1044 = CARTESIAN_POINT('',(146.88788339883,1.609239346301,
    28.160521904048));
#1045 = CARTESIAN_POINT('',(146.8781231955,1.633137408677,
    28.094323942944));
#1046 = CARTESIAN_POINT('',(146.86360227666,1.668692182747,
    28.033990823159));
#1047 = CARTESIAN_POINT('',(146.84506495737,1.714081197484,
    27.982629793643));
#1048 = CARTESIAN_POINT('',(146.80381892031,1.815072983533,
    27.905109222628));
#1049 = CARTESIAN_POINT('',(146.78154945719,1.869600230656,
    27.877266877166));
#1050 = CARTESIAN_POINT('',(146.75762635925,1.928176437258,
    27.860344662627));
#1051 = CARTESIAN_POINT('',(146.73309041541,1.988253209903,
    27.855086695733));
#1052 = CARTESIAN_POINT('',(146.68525902915,2.105369361483,
    27.867259340588));
#1053 = CARTESIAN_POINT('',(146.66194317751,2.162458712812,
    27.884312387247));
#1054 = CARTESIAN_POINT('',(146.64000459963,2.216175780456,
    27.912139684734));
#1055 = CARTESIAN_POINT('',(146.62036459895,2.264264733693,
    27.949564568156));
#1056 = CARTESIAN_POINT('',(146.58531144419,2.350093117672,
    28.044579234804));
#1057 = CARTESIAN_POINT('',(146.57054706632,2.38624400627,28.10388248658
    ));
#1058 = CARTESIAN_POINT('',(146.56034114625,2.411233415433,
    28.170112782064));
#1059 = CARTESIAN_POINT('',(146.55521582684,2.423782867391,
    28.239860831669));
#1060 = CARTESIAN_POINT('',(146.55512349088,2.424008953943,
    28.380512556843));
#1061 = CARTESIAN_POINT('',(146.56032301703,2.411277805191,
    28.451444417933));
#1062 = CARTESIAN_POINT('',(146.57077482283,2.385686339673,
    28.518731833688));
#1063 = CARTESIAN_POINT('',(146.58592579781,2.348588859951,
    28.578798682517));
#1064 = CARTESIAN_POINT('',(146.62586107861,2.250806488052,
    28.685133672702));
#1065 = CARTESIAN_POINT('',(146.65157469138,2.187846168359,
    28.729005624644));
#1066 = CARTESIAN_POINT('',(146.68056915678,2.116852612258,
    28.756981668274));
#1067 = CARTESIAN_POINT('',(146.71090359709,2.042578099499,
    28.767182724896));
#1068 = CARTESIAN_POINT('',(146.74063862885,1.969771251123,
    28.760091104697));
#1069 = ORIENTED_EDGE('',*,*,#1070,.T.);
#1070 = EDGE_CURVE('',#1032,#1071,#1073,.T.);
#1071 = VERTEX_POINT('',#1072);
#1072 = CARTESIAN_POINT('',(145.90821312599,2.156584449132,
    28.36224124737));
#1073 = B_SPLINE_CURVE_WITH_KNOTS('',5,(#1074,#1075,#1076,#1077,#1078,
    #1079),.UNSPECIFIED.,.F.,.F.,(6,6),(0.,1.),
  .PIECEWISE_BEZIER_KNOTS.);
#1074 = CARTESIAN_POINT('',(146.59244960776,2.436436985304,
    28.357243101796));
#1075 = CARTESIAN_POINT('',(146.45622606972,2.380332246369,
    28.363530113878));
#1076 = CARTESIAN_POINT('',(146.31942190817,2.324066352553,
    28.367196932777));
#1077 = CARTESIAN_POINT('',(146.18227449624,2.267939881447,
    28.368203120807));
#1078 = CARTESIAN_POINT('',(146.04508226987,2.212109818583,
    28.366541851419));
#1079 = CARTESIAN_POINT('',(145.90821257,2.156584223576,28.3622412299));
#1080 = ORIENTED_EDGE('',*,*,#1081,.T.);
#1081 = EDGE_CURVE('',#1071,#973,#1082,.T.);
#1082 = B_SPLINE_CURVE_WITH_KNOTS('',5,(#1083,#1084,#1085,#1086,#1087,
    #1088,#1089,#1090,#1091,#1092,#1093,#1094,#1095,#1096,#1097,#1098,
    #1099,#1100,#1101,#1102,#1103,#1104,#1105,#1106,#1107,#1108,#1109,
    #1110,#1111,#1112,#1113,#1114,#1115,#1116),.UNSPECIFIED.,.T.,.F.,(6,
    4,4,4,4,4,4,4,6),(0.,0.139617865773,0.264630597061,0.387643047745,
    0.500950618155,0.61235690323,0.735369342915,0.860382076528,1.),
  .UNSPECIFIED.);
#1083 = CARTESIAN_POINT('',(146.09281440113,1.704584358618,
    28.766344666409));
#1084 = CARTESIAN_POINT('',(146.12254809579,1.631780784163,
    28.759253365101));
#1085 = CARTESIAN_POINT('',(146.15170253684,1.560395524315,
    28.734885788949));
#1086 = CARTESIAN_POINT('',(146.17833835968,1.495177153934,
    28.693684770141));
#1087 = CARTESIAN_POINT('',(146.20067309507,1.440490086308,
    28.638411363528));
#1088 = CARTESIAN_POINT('',(146.23277691218,1.361883217384,
    28.515033018685));
#1089 = CARTESIAN_POINT('',(146.24362358333,1.335324915778,
    28.448846368175));
#1090 = CARTESIAN_POINT('',(146.24935947642,1.32128046134,
    28.377785486447));
#1091 = CARTESIAN_POINT('',(146.24968091004,1.320493424401,
    28.305628214612));
#1092 = CARTESIAN_POINT('',(146.24008281513,1.34399456091,
    28.167472107949));
#1093 = CARTESIAN_POINT('',(146.2303252081,1.367886266204,
    28.101366470391));
#1094 = CARTESIAN_POINT('',(146.21580646912,1.403435702839,
    28.041125362835));
#1095 = CARTESIAN_POINT('',(146.19727210615,1.448817478955,
    27.989850282733));
#1096 = CARTESIAN_POINT('',(146.15603083471,1.549797596281,
    27.912462812943));
#1097 = CARTESIAN_POINT('',(146.13376224785,1.604322697846,
    27.884672602725));
#1098 = CARTESIAN_POINT('',(146.10984064804,1.662895236254,
    27.867788307741));
#1099 = CARTESIAN_POINT('',(146.08530639129,1.722967878043,
    27.862548654902));
#1100 = CARTESIAN_POINT('',(146.03747693539,1.840079303064,
    27.874719582162));
#1101 = CARTESIAN_POINT('',(146.01416144523,1.897167769302,
    27.891753195934));
#1102 = CARTESIAN_POINT('',(145.99222175853,1.950887551952,
    27.919542656219));
#1103 = CARTESIAN_POINT('',(145.97257914032,1.998982914235,
    27.956916547283));
#1104 = CARTESIAN_POINT('',(145.9375217414,2.084821690123,
    28.051798990165));
#1105 = CARTESIAN_POINT('',(145.92275445932,2.120979689749,
    28.111016284656));
#1106 = CARTESIAN_POINT('',(145.91254446153,2.14597908329,
    28.177155025125));
#1107 = CARTESIAN_POINT('',(145.90741545357,2.15853756677,
    28.246811015802));
#1108 = CARTESIAN_POINT('',(145.90731667427,2.158779429957,
    28.387279761657));
#1109 = CARTESIAN_POINT('',(145.91251343741,2.146055046494,
    28.458120985323));
#1110 = CARTESIAN_POINT('',(145.92296316324,2.120468673838,
    28.525321710715));
#1111 = CARTESIAN_POINT('',(145.93811154637,2.083377540292,
    28.585308720099));
#1112 = CARTESIAN_POINT('',(145.97804247166,1.985605832976,
    28.691507294961));
#1113 = CARTESIAN_POINT('',(146.00375547619,1.922647002565,
    28.735321654983));
#1114 = CARTESIAN_POINT('',(146.03274837284,1.851657287557,
    28.763255602484));
#1115 = CARTESIAN_POINT('',(146.06308069384,1.777387963983,
    28.773435970728));
#1116 = CARTESIAN_POINT('',(146.09281440113,1.704584358618,
    28.766344666409));
#1117 = ORIENTED_EDGE('',*,*,#972,.F.);
#1118 = ORIENTED_EDGE('',*,*,#1119,.F.);
#1119 = EDGE_CURVE('',#1120,#934,#1122,.T.);
#1120 = VERTEX_POINT('',#1121);
#1121 = CARTESIAN_POINT('',(145.55975686426,3.009786907904,
    18.141679791711));
#1122 = B_SPLINE_CURVE_WITH_KNOTS('',5,(#1123,#1124,#1125,#1126,#1127,
    #1128,#1129,#1130,#1131,#1132,#1133,#1134,#1135,#1136,#1137,#1138,
    #1139,#1140,#1141,#1142,#1143,#1144,#1145,#1146,#1147,#1148,#1149,
    #1150,#1151,#1152,#1153,#1154,#1155,#1156),.UNSPECIFIED.,.T.,.F.,(6,
    4,4,4,4,4,4,4,6),(0.,0.13961786577,0.264630597058,0.387643047742,
    0.500950618145,0.612356903184,0.735369342869,0.860382076481,1.),
  .UNSPECIFIED.);
#1123 = CARTESIAN_POINT('',(145.7140478421,2.632002215466,
    17.656752677393));
#1124 = CARTESIAN_POINT('',(145.74378153677,2.559198641013,
    17.649661376085));
#1125 = CARTESIAN_POINT('',(145.77411384301,2.484929353567,
    17.659841732865));
#1126 = CARTESIAN_POINT('',(145.80310672829,2.413939666401,
    17.687775650654));
#1127 = CARTESIAN_POINT('',(145.82881972615,2.350980852339,
    17.731589971623));
#1128 = CARTESIAN_POINT('',(145.86875065641,2.253209132832,
    17.83778847709));
#1129 = CARTESIAN_POINT('',(145.8838990477,2.216117979329,
    17.897775466832));
#1130 = CARTESIAN_POINT('',(145.89434878333,2.190531582654,
    17.964976176742));
#1131 = CARTESIAN_POINT('',(145.89954555749,2.177807172225,
    18.035817390331));
#1132 = CARTESIAN_POINT('',(145.89944680123,2.17804897901,
    18.176286135709));
#1133 = CARTESIAN_POINT('',(145.89431780417,2.190607435778,
    18.245942135785));
#1134 = CARTESIAN_POINT('',(145.8841078162,2.215606805266,
    18.312080890969));
#1135 = CARTESIAN_POINT('',(145.86934054241,2.251764784602,
    18.371298204386));
#1136 = CARTESIAN_POINT('',(145.83399881966,2.338299733335,
    18.466950242136));
#1137 = CARTESIAN_POINT('',(145.81396910503,2.387342909341,
    18.504828334269));
#1138 = CARTESIAN_POINT('',(145.79157539529,2.442174376904,
    18.532758542618));
#1139 = CARTESIAN_POINT('',(145.76779129885,2.500410235436,
    18.549521822279));
#1140 = CARTESIAN_POINT('',(145.71991017484,2.617648170911,
    18.560177273252));
#1141 = CARTESIAN_POINT('',(145.69581868057,2.676636699483,
    18.554449930528));
#1142 = CARTESIAN_POINT('',(145.67235329974,2.734092176152,
    18.537489296562));
#1143 = CARTESIAN_POINT('',(145.65049966785,2.787601251778,
    18.510012003167));
#1144 = CARTESIAN_POINT('',(145.60959018714,2.887768972573,
    18.433247188798));
#1145 = CARTESIAN_POINT('',(145.59105581729,2.933150765529,
    18.381972131252));
#1146 = CARTESIAN_POINT('',(145.57653706963,2.968700223408,
    18.321731042831));
#1147 = CARTESIAN_POINT('',(145.5667794525,2.992591953443,18.25562541969
    ));
#1148 = CARTESIAN_POINT('',(145.55718133488,3.016093145558,
    18.117469323462));
#1149 = CARTESIAN_POINT('',(145.55750275697,3.015306136837,
    18.045312046925));
#1150 = CARTESIAN_POINT('',(145.56323863936,3.001261708613,
    17.974251154602));
#1151 = CARTESIAN_POINT('',(145.57408530115,2.97470342991,
    17.908064488615));
#1152 = CARTESIAN_POINT('',(145.60618910866,2.896096584492,
    17.784686077808));
#1153 = CARTESIAN_POINT('',(145.62852384798,2.841409507242,
    17.729412629583));
#1154 = CARTESIAN_POINT('',(145.65515968001,2.776191114372,
    17.68821157614));
#1155 = CARTESIAN_POINT('',(145.68431413481,2.704805820855,
    17.663843981714));
#1156 = CARTESIAN_POINT('',(145.7140478421,2.632002215466,
    17.656752677393));
#1157 = ORIENTED_EDGE('',*,*,#1158,.T.);
#1158 = EDGE_CURVE('',#1120,#884,#1159,.T.);
#1159 = B_SPLINE_CURVE_WITH_KNOTS('',5,(#1160,#1161,#1162,#1163,#1164,
    #1165),.UNSPECIFIED.,.F.,.F.,(6,6),(0.,1.),
  .PIECEWISE_BEZIER_KNOTS.);
#1160 = CARTESIAN_POINT('',(145.55975630946,3.009786679434,
    18.14167980915));
#1161 = CARTESIAN_POINT('',(145.69633302573,3.066029670773,
    18.137386732665));
#1162 = CARTESIAN_POINT('',(145.83341175408,3.122137630533,
    18.135719041736));
#1163 = CARTESIAN_POINT('',(145.97062786342,3.178095887698,
    18.136727898544));
#1164 = CARTESIAN_POINT('',(146.10768226606,3.23374907226,
    18.140400774388));
#1165 = CARTESIAN_POINT('',(146.24433368634,3.288806113686,
    18.146664158933));
#1166 = TOROIDAL_SURFACE('',#1167,5.135396184467,0.45);
#1167 = AXIS2_PLACEMENT_3D('',#1168,#1169,#1170);
#1168 = CARTESIAN_POINT('',(146.18116145068,2.281721080456,
    23.211548671901));
#1169 = DIRECTION('',(0.37656479669,-0.92202679564,-8.980836272356E-02)
  );
#1170 = DIRECTION('',(0.925767763542,0.378092644713,-0.));
#1171 = ADVANCED_FACE('',(#1172),#1191,.T.);
#1172 = FACE_BOUND('',#1173,.F.);
#1173 = EDGE_LOOP('',(#1174,#1183,#1184));
#1174 = ORIENTED_EDGE('',*,*,#1175,.F.);
#1175 = EDGE_CURVE('',#882,#1176,#1178,.T.);
#1176 = VERTEX_POINT('',#1177);
#1177 = CARTESIAN_POINT('',(146.39237179904,2.822509881878,
    18.545085871618));
#1178 = CIRCLE('',#1179,0.45);
#1179 = AXIS2_PLACEMENT_3D('',#1180,#1181,#1182);
#1180 = CARTESIAN_POINT('',(146.37709165242,2.859923641076,
    18.096904292633));
#1181 = DIRECTION('',(-0.925767763542,-0.378092644713,0.));
#1182 = DIRECTION('',(3.395588137953E-02,-8.314168710596E-02,
    0.995959064412));
#1183 = ORIENTED_EDGE('',*,*,#881,.T.);
#1184 = ORIENTED_EDGE('',*,*,#1185,.F.);
#1185 = EDGE_CURVE('',#1176,#884,#1186,.T.);
#1186 = CIRCLE('',#1187,0.45);
#1187 = AXIS2_PLACEMENT_3D('',#1188,#1189,#1190);
#1188 = CARTESIAN_POINT('',(146.37709165242,2.859923641076,
    18.096904292633));
#1189 = DIRECTION('',(-0.925767763542,-0.378092644713,0.));
#1190 = DIRECTION('',(3.395588137953E-02,-8.314168710596E-02,
    0.995959064412));
#1191 = PLANE('',#1192);
#1192 = AXIS2_PLACEMENT_3D('',#1193,#1194,#1195);
#1193 = CARTESIAN_POINT('',(145.74788078784,4.400559628164,
    15.787026710772));
#1194 = DIRECTION('',(0.925767763542,0.378092644713,-0.));
#1195 = DIRECTION('',(-3.395588137953E-02,8.314168710596E-02,
    -0.995959064412));
#1196 = ADVANCED_FACE('',(#1197),#1277,.T.);
#1197 = FACE_BOUND('',#1198,.F.);
#1198 = EDGE_LOOP('',(#1199,#1210,#1223,#1232,#1238,#1239,#1240,#1247,
    #1248,#1249,#1250,#1259,#1269));
#1199 = ORIENTED_EDGE('',*,*,#1200,.F.);
#1200 = EDGE_CURVE('',#1201,#1203,#1205,.T.);
#1201 = VERTEX_POINT('',#1202);
#1202 = CARTESIAN_POINT('',(162.06655811407,9.75132661806,
    18.141679791711));
#1203 = VERTEX_POINT('',#1204);
#1204 = CARTESIAN_POINT('',(162.40545036706,8.921541835108,
    18.060856096432));
#1205 = CIRCLE('',#1206,0.45);
#1206 = AXIS2_PLACEMENT_3D('',#1207,#1208,#1209);
#1207 = CARTESIAN_POINT('',(162.23585546776,9.336798499932,
    18.096904292633));
#1208 = DIRECTION('',(-0.925767763542,-0.378092644713,0.));
#1209 = DIRECTION('',(3.395588137953E-02,-8.314168710596E-02,
    0.995959064412));
#1210 = ORIENTED_EDGE('',*,*,#1211,.F.);
#1211 = EDGE_CURVE('',#1212,#1201,#1214,.T.);
#1212 = VERTEX_POINT('',#1213);
#1213 = CARTESIAN_POINT('',(161.41865375234,9.486335935356,
    18.145069754616));
#1214 = B_SPLINE_CURVE_WITH_KNOTS('',4,(#1215,#1216,#1217,#1218,#1219,
    #1220,#1221,#1222),.UNSPECIFIED.,.F.,.F.,(5,3,5),(0.,0.599466042623,
    1.),.UNSPECIFIED.);
#1215 = CARTESIAN_POINT('',(161.38237940468,9.471332625019,
    18.146664158933));
#1216 = CARTESIAN_POINT('',(161.48438256039,9.513555771933,
    18.14197077043));
#1217 = CARTESIAN_POINT('',(161.58680597632,9.555692078815,
    18.138828997684));
#1218 = CARTESIAN_POINT('',(161.68945135611,9.597764364214,
    18.137278341573));
#1219 = CARTESIAN_POINT('',(161.86076445068,9.667723750029,
    18.137345731717));
#1220 = CARTESIAN_POINT('',(161.92940416521,9.695685082079,
    18.138082991971));
#1221 = CARTESIAN_POINT('',(161.99801620962,9.723565599984,
    18.139530392518));
#1222 = CARTESIAN_POINT('',(162.06655867019,9.751326843301,
    18.14167980915));
#1223 = ORIENTED_EDGE('',*,*,#1224,.F.);
#1224 = EDGE_CURVE('',#1225,#1212,#1227,.T.);
#1225 = VERTEX_POINT('',#1226);
#1226 = CARTESIAN_POINT('',(161.6030981799,9.034719889435,
    18.545085871618));
#1227 = CIRCLE('',#1228,0.45);
#1228 = AXIS2_PLACEMENT_3D('',#1229,#1230,#1231);
#1229 = CARTESIAN_POINT('',(161.58781803328,9.072133648633,
    18.096904292633));
#1230 = DIRECTION('',(-0.925767763542,-0.378092644713,0.));
#1231 = DIRECTION('',(3.395588137953E-02,-8.314168710596E-02,
    0.995959064412));
#1232 = ORIENTED_EDGE('',*,*,#1233,.F.);
#1233 = EDGE_CURVE('',#1176,#1225,#1234,.T.);
#1234 = LINE('',#1235,#1236);
#1235 = CARTESIAN_POINT('',(145.74433436456,2.557845030579,
    18.545085871618));
#1236 = VECTOR('',#1237,1.);
#1237 = DIRECTION('',(0.925767763542,0.378092644713,-0.));
#1238 = ORIENTED_EDGE('',*,*,#1185,.T.);
#1239 = ORIENTED_EDGE('',*,*,#1158,.F.);
#1240 = ORIENTED_EDGE('',*,*,#1241,.T.);
#1241 = EDGE_CURVE('',#1120,#923,#1242,.T.);
#1242 = CIRCLE('',#1243,0.45);
#1243 = AXIS2_PLACEMENT_3D('',#1244,#1245,#1246);
#1244 = CARTESIAN_POINT('',(145.72905421794,2.595258789776,
    18.096904292633));
#1245 = DIRECTION('',(-0.925767763542,-0.378092644713,0.));
#1246 = DIRECTION('',(3.395588137953E-02,-8.314168710596E-02,
    0.995959064412));
#1247 = ORIENTED_EDGE('',*,*,#922,.T.);
#1248 = ORIENTED_EDGE('',*,*,#1175,.T.);
#1249 = ORIENTED_EDGE('',*,*,#1233,.T.);
#1250 = ORIENTED_EDGE('',*,*,#1251,.F.);
#1251 = EDGE_CURVE('',#1252,#1225,#1254,.T.);
#1252 = VERTEX_POINT('',#1253);
#1253 = CARTESIAN_POINT('',(161.7575112945,8.656636142582,
    18.064254337652));
#1254 = CIRCLE('',#1255,0.45);
#1255 = AXIS2_PLACEMENT_3D('',#1256,#1257,#1258);
#1256 = CARTESIAN_POINT('',(161.58781803328,9.072133648633,
    18.096904292633));
#1257 = DIRECTION('',(-0.925767763542,-0.378092644713,0.));
#1258 = DIRECTION('',(3.395588137953E-02,-8.314168710596E-02,
    0.995959064412));
#1259 = ORIENTED_EDGE('',*,*,#1260,.T.);
#1260 = EDGE_CURVE('',#1252,#1261,#1263,.T.);
#1261 = VERTEX_POINT('',#1262);
#1262 = CARTESIAN_POINT('',(162.12743872993,8.808401239043,
    18.05649053332));
#1263 = B_SPLINE_CURVE_WITH_KNOTS('',4,(#1264,#1265,#1266,#1267,#1268),
  .UNSPECIFIED.,.F.,.F.,(5,5),(0.,1.),.PIECEWISE_BEZIER_KNOTS.);
#1264 = CARTESIAN_POINT('',(161.72121388529,8.641689298937,
    18.065854242006));
#1265 = CARTESIAN_POINT('',(161.82239242116,8.683360477228,
    18.061184632871));
#1266 = CARTESIAN_POINT('',(161.92391052418,8.725125561166,
    18.058056914992));
#1267 = CARTESIAN_POINT('',(162.0256480656,8.766828838611,
    18.056492133961));
#1268 = CARTESIAN_POINT('',(162.12743872993,8.808401239043,
    18.05649053332));
#1269 = ORIENTED_EDGE('',*,*,#1270,.F.);
#1270 = EDGE_CURVE('',#1203,#1261,#1271,.T.);
#1271 = B_SPLINE_CURVE_WITH_KNOTS('',4,(#1272,#1273,#1274,#1275,#1276),
  .UNSPECIFIED.,.F.,.F.,(5,5),(0.,1.),.PIECEWISE_BEZIER_KNOTS.);
#1272 = CARTESIAN_POINT('',(162.40545092305,8.921542060664,
    18.060856113902));
#1273 = CARTESIAN_POINT('',(162.33602115229,8.893375641535,
    18.058674541454));
#1274 = CARTESIAN_POINT('',(162.26650392986,8.865126009571,
    18.057217436382));
#1275 = CARTESIAN_POINT('',(162.19695883448,8.836794047419,
    18.056489419467));
#1276 = CARTESIAN_POINT('',(162.12743872993,8.808401239043,
    18.05649053332));
#1277 = CYLINDRICAL_SURFACE('',#1278,0.45);
#1278 = AXIS2_PLACEMENT_3D('',#1279,#1280,#1281);
#1279 = CARTESIAN_POINT('',(145.72905421794,2.595258789776,
    18.096904292633));
#1280 = DIRECTION('',(0.925767763542,0.378092644713,-0.));
#1281 = DIRECTION('',(3.395588137953E-02,-8.314168710596E-02,
    0.995959064412));
#1282 = ADVANCED_FACE('',(#1283),#1288,.F.);
#1283 = FACE_BOUND('',#1284,.T.);
#1284 = EDGE_LOOP('',(#1285,#1286,#1287));
#1285 = ORIENTED_EDGE('',*,*,#1119,.F.);
#1286 = ORIENTED_EDGE('',*,*,#1241,.T.);
#1287 = ORIENTED_EDGE('',*,*,#933,.F.);
#1288 = PLANE('',#1289);
#1289 = AXIS2_PLACEMENT_3D('',#1290,#1291,#1292);
#1290 = CARTESIAN_POINT('',(145.72905421794,2.595258789776,
    18.096904292633));
#1291 = DIRECTION('',(0.925767763542,0.378092644713,-0.));
#1292 = DIRECTION('',(-3.395588137953E-02,8.314168710596E-02,
    -0.995959064412));
#1293 = ADVANCED_FACE('',(#1294),#1314,.F.);
#1294 = FACE_BOUND('',#1295,.T.);
#1295 = EDGE_LOOP('',(#1296,#1305,#1312,#1313));
#1296 = ORIENTED_EDGE('',*,*,#1297,.T.);
#1297 = EDGE_CURVE('',#982,#1298,#1300,.T.);
#1298 = VERTEX_POINT('',#1299);
#1299 = CARTESIAN_POINT('',(146.09308817191,1.70391402511,
    28.774374630155));
#1300 = CIRCLE('',#1301,0.45);
#1301 = AXIS2_PLACEMENT_3D('',#1302,#1303,#1304);
#1302 = CARTESIAN_POINT('',(146.07780802529,1.741327784308,
    28.326193051169));
#1303 = DIRECTION('',(-0.925767763542,-0.378092644713,0.));
#1304 = DIRECTION('',(3.395588137953E-02,-8.314168710596E-02,
    0.995959064412));
#1305 = ORIENTED_EDGE('',*,*,#1306,.T.);
#1306 = EDGE_CURVE('',#1298,#1071,#1307,.T.);
#1307 = CIRCLE('',#1308,0.45);
#1308 = AXIS2_PLACEMENT_3D('',#1309,#1310,#1311);
#1309 = CARTESIAN_POINT('',(146.07780802529,1.741327784308,
    28.326193051169));
#1310 = DIRECTION('',(-0.925767763542,-0.378092644713,0.));
#1311 = DIRECTION('',(3.395588137953E-02,-8.314168710596E-02,
    0.995959064412));
#1312 = ORIENTED_EDGE('',*,*,#1081,.T.);
#1313 = ORIENTED_EDGE('',*,*,#981,.T.);
#1314 = PLANE('',#1315);
#1315 = AXIS2_PLACEMENT_3D('',#1316,#1317,#1318);
#1316 = CARTESIAN_POINT('',(146.07780802529,1.741327784308,
    28.326193051169));
#1317 = DIRECTION('',(0.925767763542,0.378092644713,-0.));
#1318 = DIRECTION('',(-3.395588137953E-02,8.314168710596E-02,
    -0.995959064412));
#1319 = ADVANCED_FACE('',(#1320),#1425,.T.);
#1320 = FACE_BOUND('',#1321,.F.);
#1321 = EDGE_LOOP('',(#1322,#1332,#1341,#1351,#1361,#1370,#1380,#1390,
    #1397,#1398,#1406,#1412,#1413,#1414,#1421,#1422,#1423,#1424));
#1322 = ORIENTED_EDGE('',*,*,#1323,.T.);
#1323 = EDGE_CURVE('',#1324,#1326,#1328,.T.);
#1324 = VERTEX_POINT('',#1325);
#1325 = CARTESIAN_POINT('',(162.32215909267,8.332025941852,
    28.774374630155));
#1326 = VERTEX_POINT('',#1327);
#1327 = CARTESIAN_POINT('',(162.59988942173,8.445453735266,
    28.774374630155));
#1328 = LINE('',#1329,#1330);
#1329 = CARTESIAN_POINT('',(146.09308817191,1.70391402511,
    28.774374630155));
#1330 = VECTOR('',#1331,1.);
#1331 = DIRECTION('',(0.925767763542,0.378092644713,-0.));
#1332 = ORIENTED_EDGE('',*,*,#1333,.F.);
#1333 = EDGE_CURVE('',#1334,#1326,#1336,.T.);
#1334 = VERTEX_POINT('',#1335);
#1335 = CARTESIAN_POINT('',(162.75390662879,8.068339376336,
    28.281417552091));
#1336 = CIRCLE('',#1337,0.45);
#1337 = AXIS2_PLACEMENT_3D('',#1338,#1339,#1340);
#1338 = CARTESIAN_POINT('',(162.58460927511,8.482867494464,
    28.326193051169));
#1339 = DIRECTION('',(-0.925767763542,-0.378092644713,0.));
#1340 = DIRECTION('',(3.395588137953E-02,-8.314168710596E-02,
    0.995959064412));
#1341 = ORIENTED_EDGE('',*,*,#1342,.T.);
#1342 = EDGE_CURVE('',#1334,#1343,#1345,.T.);
#1343 = VERTEX_POINT('',#1344);
#1344 = CARTESIAN_POINT('',(162.47619255594,7.954470242254,
    28.285779280997));
#1345 = B_SPLINE_CURVE_WITH_KNOTS('',4,(#1346,#1347,#1348,#1349,#1350),
  .UNSPECIFIED.,.F.,.F.,(5,5),(0.,1.),.PIECEWISE_BEZIER_KNOTS.);
#1346 = CARTESIAN_POINT('',(162.75390718359,8.068339604806,
    28.281417534651));
#1347 = CARTESIAN_POINT('',(162.68462604258,8.039809276064,
    28.283595279478));
#1348 = CARTESIAN_POINT('',(162.61520818075,8.011316371475,
    28.285052374968));
#1349 = CARTESIAN_POINT('',(162.54571273195,7.982862862,28.285780403342)
  );
#1350 = CARTESIAN_POINT('',(162.47619255594,7.954470242254,
    28.285779280997));
#1351 = ORIENTED_EDGE('',*,*,#1352,.F.);
#1352 = EDGE_CURVE('',#1353,#1343,#1355,.T.);
#1353 = VERTEX_POINT('',#1354);
#1354 = CARTESIAN_POINT('',(162.10573612157,7.804000356441,
    28.278027589186));
#1355 = B_SPLINE_CURVE_WITH_KNOTS('',4,(#1356,#1357,#1358,#1359,#1360),
  .UNSPECIFIED.,.F.,.F.,(5,5),(0.,1.),.PIECEWISE_BEZIER_KNOTS.);
#1356 = CARTESIAN_POINT('',(162.06932980671,7.789320170554,
    28.276433184869));
#1357 = CARTESIAN_POINT('',(162.17082615713,7.830213186949,
    28.281085245355));
#1358 = CARTESIAN_POINT('',(162.27255753219,7.87145608302,
    28.284212868707));
#1359 = CARTESIAN_POINT('',(162.37440177838,7.912898105623,
    28.285777698484));
#1360 = CARTESIAN_POINT('',(162.47619255594,7.954470242254,
    28.285779280997));
#1361 = ORIENTED_EDGE('',*,*,#1362,.F.);
#1362 = EDGE_CURVE('',#1363,#1353,#1365,.T.);
#1363 = VERTEX_POINT('',#1364);
#1364 = CARTESIAN_POINT('',(161.7668785794,8.633700149215,28.35884300615
    ));
#1365 = CIRCLE('',#1366,0.45);
#1366 = AXIS2_PLACEMENT_3D('',#1367,#1368,#1369);
#1367 = CARTESIAN_POINT('',(161.93657184063,8.218202643164,
    28.326193051169));
#1368 = DIRECTION('',(-0.925767763542,-0.378092644713,0.));
#1369 = DIRECTION('',(3.395588137953E-02,-8.314168710596E-02,
    0.995959064412));
#1370 = ORIENTED_EDGE('',*,*,#1371,.T.);
#1371 = EDGE_CURVE('',#1363,#1372,#1374,.T.);
#1372 = VERTEX_POINT('',#1373);
#1373 = CARTESIAN_POINT('',(162.13728421999,8.784294350304,
    28.366606810484));
#1374 = B_SPLINE_CURVE_WITH_KNOTS('',4,(#1375,#1376,#1377,#1378,#1379),
  .UNSPECIFIED.,.F.,.F.,(5,5),(0.,1.),.PIECEWISE_BEZIER_KNOTS.);
#1375 = CARTESIAN_POINT('',(161.73049532609,8.618963496636,
    28.357243101796));
#1376 = CARTESIAN_POINT('',(161.83191808964,8.660036678363,
    28.36191271093));
#1377 = CARTESIAN_POINT('',(161.93364907416,8.701280517468,
    28.365040428812));
#1378 = CARTESIAN_POINT('',(162.03549349011,8.742722110384,
    28.366605209838));
#1379 = CARTESIAN_POINT('',(162.13728421999,8.784294350304,
    28.366606810484));
#1380 = ORIENTED_EDGE('',*,*,#1381,.F.);
#1381 = EDGE_CURVE('',#1382,#1372,#1384,.T.);
#1382 = VERTEX_POINT('',#1383);
#1383 = CARTESIAN_POINT('',(162.4150143758,8.898124159287,28.36224124737
    ));
#1384 = B_SPLINE_CURVE_WITH_KNOTS('',4,(#1385,#1386,#1387,#1388,#1389),
  .UNSPECIFIED.,.F.,.F.,(5,5),(0.,1.),.PIECEWISE_BEZIER_KNOTS.);
#1385 = CARTESIAN_POINT('',(162.41501493073,8.898124387443,28.3622412299
    ));
#1386 = CARTESIAN_POINT('',(162.3457177365,8.869633351912,
    28.364422802348));
#1387 = CARTESIAN_POINT('',(162.27629984042,8.841140517276,
    28.365879907422));
#1388 = CARTESIAN_POINT('',(162.20680440509,8.812686961452,
    28.366607924332));
#1389 = CARTESIAN_POINT('',(162.13728421999,8.784294350304,
    28.366606810484));
#1390 = ORIENTED_EDGE('',*,*,#1391,.F.);
#1391 = EDGE_CURVE('',#1326,#1382,#1392,.T.);
#1392 = CIRCLE('',#1393,0.45);
#1393 = AXIS2_PLACEMENT_3D('',#1394,#1395,#1396);
#1394 = CARTESIAN_POINT('',(162.58460927511,8.482867494464,
    28.326193051169));
#1395 = DIRECTION('',(-0.925767763542,-0.378092644713,0.));
#1396 = DIRECTION('',(3.395588137953E-02,-8.314168710596E-02,
    0.995959064412));
#1397 = ORIENTED_EDGE('',*,*,#1323,.F.);
#1398 = ORIENTED_EDGE('',*,*,#1399,.F.);
#1399 = EDGE_CURVE('',#1400,#1324,#1402,.T.);
#1400 = VERTEX_POINT('',#1401);
#1401 = CARTESIAN_POINT('',(146.37081850098,1.817341818524,
    28.774374630155));
#1402 = LINE('',#1403,#1404);
#1403 = CARTESIAN_POINT('',(146.09308817191,1.70391402511,
    28.774374630155));
#1404 = VECTOR('',#1405,1.);
#1405 = DIRECTION('',(0.925767763542,0.378092644713,-0.));
#1406 = ORIENTED_EDGE('',*,*,#1407,.F.);
#1407 = EDGE_CURVE('',#1298,#1400,#1408,.T.);
#1408 = LINE('',#1409,#1410);
#1409 = CARTESIAN_POINT('',(146.09308817191,1.70391402511,
    28.774374630155));
#1410 = VECTOR('',#1411,1.);
#1411 = DIRECTION('',(0.925767763542,0.378092644713,-0.));
#1412 = ORIENTED_EDGE('',*,*,#1306,.T.);
#1413 = ORIENTED_EDGE('',*,*,#1070,.F.);
#1414 = ORIENTED_EDGE('',*,*,#1415,.T.);
#1415 = EDGE_CURVE('',#1032,#1021,#1416,.T.);
#1416 = CIRCLE('',#1417,0.45);
#1417 = AXIS2_PLACEMENT_3D('',#1418,#1419,#1420);
#1418 = CARTESIAN_POINT('',(146.72584545977,2.005992635607,
    28.326193051169));
#1419 = DIRECTION('',(-0.925767763542,-0.378092644713,0.));
#1420 = DIRECTION('',(3.395588137953E-02,-8.314168710596E-02,
    0.995959064412));
#1421 = ORIENTED_EDGE('',*,*,#1020,.F.);
#1422 = ORIENTED_EDGE('',*,*,#1297,.T.);
#1423 = ORIENTED_EDGE('',*,*,#1407,.T.);
#1424 = ORIENTED_EDGE('',*,*,#1399,.T.);
#1425 = CYLINDRICAL_SURFACE('',#1426,0.45);
#1426 = AXIS2_PLACEMENT_3D('',#1427,#1428,#1429);
#1427 = CARTESIAN_POINT('',(146.07780802529,1.741327784308,
    28.326193051169));
#1428 = DIRECTION('',(0.925767763542,0.378092644713,-0.));
#1429 = DIRECTION('',(3.395588137953E-02,-8.314168710596E-02,
    0.995959064412));
#1430 = ADVANCED_FACE('',(#1431),#1435,.T.);
#1431 = FACE_BOUND('',#1432,.F.);
#1432 = EDGE_LOOP('',(#1433,#1434));
#1433 = ORIENTED_EDGE('',*,*,#1031,.F.);
#1434 = ORIENTED_EDGE('',*,*,#1415,.F.);
#1435 = PLANE('',#1436);
#1436 = AXIS2_PLACEMENT_3D('',#1437,#1438,#1439);
#1437 = CARTESIAN_POINT('',(145.74788078784,4.400559628164,
    15.787026710772));
#1438 = DIRECTION('',(0.925767763542,0.378092644713,-0.));
#1439 = DIRECTION('',(-3.395588137953E-02,8.314168710596E-02,
    -0.995959064412));
#1440 = ADVANCED_FACE('',(#1441),#1520,.T.);
#1441 = FACE_BOUND('',#1442,.F.);
#1442 = EDGE_LOOP('',(#1443,#1482,#1483));
#1443 = ORIENTED_EDGE('',*,*,#1444,.F.);
#1444 = EDGE_CURVE('',#1201,#1445,#1447,.T.);
#1445 = VERTEX_POINT('',#1446);
#1446 = CARTESIAN_POINT('',(162.22084909192,9.373541925622,
    17.656752677393));
#1447 = B_SPLINE_CURVE_WITH_KNOTS('',5,(#1448,#1449,#1450,#1451,#1452,
    #1453,#1454,#1455,#1456,#1457,#1458,#1459,#1460,#1461,#1462,#1463,
    #1464,#1465,#1466,#1467,#1468,#1469,#1470,#1471,#1472,#1473,#1474,
    #1475,#1476,#1477,#1478,#1479,#1480,#1481),.UNSPECIFIED.,.T.,.F.,(6,
    4,4,4,4,4,4,4,6),(0.,0.139617865771,0.264630597059,0.387643047743,
    0.500950618145,0.612356903179,0.735369342864,0.860382076477,1.),
  .UNSPECIFIED.);
#1448 = CARTESIAN_POINT('',(162.22084909192,9.373541925622,
    17.656752677393));
#1449 = CARTESIAN_POINT('',(162.25058278658,9.300738351168,
    17.649661376085));
#1450 = CARTESIAN_POINT('',(162.28091509283,9.226469063722,
    17.659841732865));
#1451 = CARTESIAN_POINT('',(162.30990797811,9.155479376555,
    17.687775650655));
#1452 = CARTESIAN_POINT('',(162.33562097596,9.092520562493,
    17.731589971624));
#1453 = CARTESIAN_POINT('',(162.37555190623,8.994748842986,
    17.837788477092));
#1454 = CARTESIAN_POINT('',(162.39070029751,8.957657689484,
    17.897775466834));
#1455 = CARTESIAN_POINT('',(162.40115003315,8.932071292809,
    17.964976176744));
#1456 = CARTESIAN_POINT('',(162.40634680731,8.91934688238,
    18.035817390334));
#1457 = CARTESIAN_POINT('',(162.40624805104,8.919588689166,
    18.176286135712));
#1458 = CARTESIAN_POINT('',(162.40111905399,8.932147145934,
    18.245942135788));
#1459 = CARTESIAN_POINT('',(162.39090906602,8.957146515423,
    18.312080890971));
#1460 = CARTESIAN_POINT('',(162.37614179222,8.993304494759,
    18.371298204389));
#1461 = CARTESIAN_POINT('',(162.34080006948,9.079839443493,
    18.466950242137));
#1462 = CARTESIAN_POINT('',(162.32077035484,9.128882619498,
    18.50482833427));
#1463 = CARTESIAN_POINT('',(162.2983766451,9.183714087062,
    18.532758542618));
#1464 = CARTESIAN_POINT('',(162.27459254866,9.241949945594,
    18.549521822279));
#1465 = CARTESIAN_POINT('',(162.22671142466,9.359187881065,
    18.560177273252));
#1466 = CARTESIAN_POINT('',(162.20261993039,9.418176409635,
    18.554449930528));
#1467 = CARTESIAN_POINT('',(162.17915454956,9.4756318863,18.537489296564
    ));
#1468 = CARTESIAN_POINT('',(162.15730091767,9.529140961925,
    18.510012003171));
#1469 = CARTESIAN_POINT('',(162.11639143696,9.62930868272,
    18.433247188808));
#1470 = CARTESIAN_POINT('',(162.09785706711,9.674690475677,
    18.381972131263));
#1471 = CARTESIAN_POINT('',(162.08333831945,9.710239933558,
    18.321731042843));
#1472 = CARTESIAN_POINT('',(162.07358070231,9.734131663595,
    18.255625419703));
#1473 = CARTESIAN_POINT('',(162.0639825847,9.757632855713,
    18.117469323476));
#1474 = CARTESIAN_POINT('',(162.06430400678,9.756845846995,
    18.045312046939));
#1475 = CARTESIAN_POINT('',(162.07003988917,9.742801418772,
    17.974251154615));
#1476 = CARTESIAN_POINT('',(162.08088655097,9.716243140072,
    17.908064488628));
#1477 = CARTESIAN_POINT('',(162.11299035847,9.637636294655,
    17.784686077816));
#1478 = CARTESIAN_POINT('',(162.13532509779,9.582949217404,
    17.729412629588));
#1479 = CARTESIAN_POINT('',(162.16196092982,9.517730824532,
    17.688211576142));
#1480 = CARTESIAN_POINT('',(162.19111538462,9.446345531013,
    17.663843981715));
#1481 = CARTESIAN_POINT('',(162.22084909192,9.373541925622,
    17.656752677393));
#1482 = ORIENTED_EDGE('',*,*,#1200,.T.);
#1483 = ORIENTED_EDGE('',*,*,#1484,.F.);
#1484 = EDGE_CURVE('',#1445,#1203,#1485,.T.);
#1485 = B_SPLINE_CURVE_WITH_KNOTS('',5,(#1486,#1487,#1488,#1489,#1490,
    #1491,#1492,#1493,#1494,#1495,#1496,#1497,#1498,#1499,#1500,#1501,
    #1502,#1503,#1504,#1505,#1506,#1507,#1508,#1509,#1510,#1511,#1512,
    #1513,#1514,#1515,#1516,#1517,#1518,#1519),.UNSPECIFIED.,.T.,.F.,(6,
    4,4,4,4,4,4,4,6),(0.,0.139617865771,0.264630597059,0.387643047743,
    0.500950618145,0.612356903179,0.735369342864,0.860382076477,1.),
  .UNSPECIFIED.);
#1486 = CARTESIAN_POINT('',(162.22084909192,9.373541925622,
    17.656752677393));
#1487 = CARTESIAN_POINT('',(162.25058278658,9.300738351168,
    17.649661376085));
#1488 = CARTESIAN_POINT('',(162.28091509283,9.226469063722,
    17.659841732865));
#1489 = CARTESIAN_POINT('',(162.30990797811,9.155479376555,
    17.687775650655));
#1490 = CARTESIAN_POINT('',(162.33562097596,9.092520562493,
    17.731589971624));
#1491 = CARTESIAN_POINT('',(162.37555190623,8.994748842986,
    17.837788477092));
#1492 = CARTESIAN_POINT('',(162.39070029751,8.957657689484,
    17.897775466834));
#1493 = CARTESIAN_POINT('',(162.40115003315,8.932071292809,
    17.964976176744));
#1494 = CARTESIAN_POINT('',(162.40634680731,8.91934688238,
    18.035817390334));
#1495 = CARTESIAN_POINT('',(162.40624805104,8.919588689166,
    18.176286135712));
#1496 = CARTESIAN_POINT('',(162.40111905399,8.932147145934,
    18.245942135788));
#1497 = CARTESIAN_POINT('',(162.39090906602,8.957146515423,
    18.312080890971));
#1498 = CARTESIAN_POINT('',(162.37614179222,8.993304494759,
    18.371298204389));
#1499 = CARTESIAN_POINT('',(162.34080006948,9.079839443493,
    18.466950242137));
#1500 = CARTESIAN_POINT('',(162.32077035484,9.128882619498,
    18.50482833427));
#1501 = CARTESIAN_POINT('',(162.2983766451,9.183714087062,
    18.532758542618));
#1502 = CARTESIAN_POINT('',(162.27459254866,9.241949945594,
    18.549521822279));
#1503 = CARTESIAN_POINT('',(162.22671142466,9.359187881065,
    18.560177273252));
#1504 = CARTESIAN_POINT('',(162.20261993039,9.418176409635,
    18.554449930528));
#1505 = CARTESIAN_POINT('',(162.17915454956,9.4756318863,18.537489296564
    ));
#1506 = CARTESIAN_POINT('',(162.15730091767,9.529140961925,
    18.510012003171));
#1507 = CARTESIAN_POINT('',(162.11639143696,9.62930868272,
    18.433247188808));
#1508 = CARTESIAN_POINT('',(162.09785706711,9.674690475677,
    18.381972131263));
#1509 = CARTESIAN_POINT('',(162.08333831945,9.710239933558,
    18.321731042843));
#1510 = CARTESIAN_POINT('',(162.07358070231,9.734131663595,
    18.255625419703));
#1511 = CARTESIAN_POINT('',(162.0639825847,9.757632855713,
    18.117469323476));
#1512 = CARTESIAN_POINT('',(162.06430400678,9.756845846995,
    18.045312046939));
#1513 = CARTESIAN_POINT('',(162.07003988917,9.742801418772,
    17.974251154615));
#1514 = CARTESIAN_POINT('',(162.08088655097,9.716243140072,
    17.908064488628));
#1515 = CARTESIAN_POINT('',(162.11299035847,9.637636294655,
    17.784686077816));
#1516 = CARTESIAN_POINT('',(162.13532509779,9.582949217404,
    17.729412629588));
#1517 = CARTESIAN_POINT('',(162.16196092982,9.517730824532,
    17.688211576142));
#1518 = CARTESIAN_POINT('',(162.19111538462,9.446345531013,
    17.663843981715));
#1519 = CARTESIAN_POINT('',(162.22084909192,9.373541925622,
    17.656752677393));
#1520 = PLANE('',#1521);
#1521 = AXIS2_PLACEMENT_3D('',#1522,#1523,#1524);
#1522 = CARTESIAN_POINT('',(162.23585546776,9.336798499932,
    18.096904292633));
#1523 = DIRECTION('',(0.925767763542,0.378092644713,-0.));
#1524 = DIRECTION('',(-3.395588137953E-02,8.314168710596E-02,
    -0.995959064412));
#1525 = ADVANCED_FACE('',(#1526),#1587,.T.);
#1526 = FACE_BOUND('',#1527,.F.);
#1527 = EDGE_LOOP('',(#1528,#1529,#1538,#1545,#1546,#1547,#1548,#1585,
    #1586));
#1528 = ORIENTED_EDGE('',*,*,#1484,.F.);
#1529 = ORIENTED_EDGE('',*,*,#1530,.F.);
#1530 = EDGE_CURVE('',#1531,#1445,#1533,.T.);
#1531 = VERTEX_POINT('',#1532);
#1532 = CARTESIAN_POINT('',(167.30328177656,10.908202418941,
    23.211548671901));
#1533 = CIRCLE('',#1534,5.585396184467);
#1534 = AXIS2_PLACEMENT_3D('',#1535,#1536,#1537);
#1535 = CARTESIAN_POINT('',(162.13250204237,8.796405203784,
    23.211548671901));
#1536 = DIRECTION('',(-0.37656479669,0.92202679564,8.980836272356E-02));
#1537 = DIRECTION('',(0.925767763542,0.378092644713,-0.));
#1538 = ORIENTED_EDGE('',*,*,#1539,.T.);
#1539 = EDGE_CURVE('',#1531,#1531,#1540,.T.);
#1540 = CIRCLE('',#1541,0.45);
#1541 = AXIS2_PLACEMENT_3D('',#1542,#1543,#1544);
#1542 = CARTESIAN_POINT('',(166.88668628297,10.73806072882,
    23.211548671901));
#1543 = DIRECTION('',(-3.395588137953E-02,8.314168710596E-02,
    -0.995959064412));
#1544 = DIRECTION('',(0.925767763542,0.378092644713,-0.));
#1545 = ORIENTED_EDGE('',*,*,#1530,.T.);
#1546 = ORIENTED_EDGE('',*,*,#1444,.F.);
#1547 = ORIENTED_EDGE('',*,*,#1211,.F.);
#1548 = ORIENTED_EDGE('',*,*,#1549,.F.);
#1549 = EDGE_CURVE('',#1252,#1212,#1550,.T.);
#1550 = B_SPLINE_CURVE_WITH_KNOTS('',5,(#1551,#1552,#1553,#1554,#1555,
    #1556,#1557,#1558,#1559,#1560,#1561,#1562,#1563,#1564,#1565,#1566,
    #1567,#1568,#1569,#1570,#1571,#1572,#1573,#1574,#1575,#1576,#1577,
    #1578,#1579,#1580,#1581,#1582,#1583,#1584),.UNSPECIFIED.,.T.,.F.,(6,
    4,4,4,4,4,4,4,6),(0.,0.139607573528,0.264630001869,0.387651696863,
    0.500950509723,0.612348258455,0.73536993402,0.860392366689,1.),
  .UNSPECIFIED.);
#1551 = CARTESIAN_POINT('',(161.5730248642,9.108355033117,
    17.663006239105));
#1552 = CARTESIAN_POINT('',(161.60275988204,9.035548218837,
    17.655914622227));
#1553 = CARTESIAN_POINT('',(161.63309430622,8.961273745553,
    17.666115666164));
#1554 = CARTESIAN_POINT('',(161.6620887591,8.890280220102,
    17.694091677254));
#1555 = CARTESIAN_POINT('',(161.6878023645,8.827319918462,
    17.737963586087));
#1556 = CARTESIAN_POINT('',(161.72773765004,8.729537534949,17.844298498)
  );
#1557 = CARTESIAN_POINT('',(161.74288863353,8.692440034406,
    17.90436532246));
#1558 = CARTESIAN_POINT('',(161.75334045006,8.666848542601,
    17.971652717953));
#1559 = CARTESIAN_POINT('',(161.75853998873,8.654117363203,
    18.042584564721));
#1560 = CARTESIAN_POINT('',(161.75844767972,8.654343383759,
    18.183236288959));
#1561 = CARTESIAN_POINT('',(161.75332237277,8.666892805228,
    18.252984351714));
#1562 = CARTESIAN_POINT('',(161.74311646357,8.691882187775,
    18.31921466625));
#1563 = CARTESIAN_POINT('',(161.72835209453,8.72803305476,
    18.378517941381));
#1564 = CARTESIAN_POINT('',(161.69301468565,8.814557440902,
    18.474303188096));
#1565 = CARTESIAN_POINT('',(161.67298763517,8.863594093665,
    18.512232989074));
#1566 = CARTESIAN_POINT('',(161.65059501624,8.918422890339,
    18.540201214118));
#1567 = CARTESIAN_POINT('',(161.62681049865,8.976659780078,
    18.556983310635));
#1568 = CARTESIAN_POINT('',(161.57892735924,9.093902650319,
    18.567637985056));
#1569 = CARTESIAN_POINT('',(161.55483419493,9.152895268012,
    18.561891693948));
#1570 = CARTESIAN_POINT('',(161.53136734584,9.210354339741,
    18.544893308501));
#1571 = CARTESIAN_POINT('',(161.50951284026,9.263865554622,
    18.517364606857));
#1572 = CARTESIAN_POINT('',(161.46859859198,9.364044948909,
    18.440467693554));
#1573 = CARTESIAN_POINT('',(161.45006126557,9.409433981054,
    18.389106691207));
#1574 = CARTESIAN_POINT('',(161.43554033732,9.444988778171,
    18.328773595319));
#1575 = CARTESIAN_POINT('',(161.42578012262,9.468886868384,
    18.262575653053));
#1576 = CARTESIAN_POINT('',(161.41617596817,9.492402841826,
    18.124236480561));
#1577 = CARTESIAN_POINT('',(161.41649397822,9.491624187542,
    18.051988721387));
#1578 = CARTESIAN_POINT('',(161.42222604353,9.477589105525,
    17.98084155299));
#1579 = CARTESIAN_POINT('',(161.43306985523,9.451037805342,
    17.91457510915));
#1580 = CARTESIAN_POINT('',(161.46516872123,9.372443059309,
    17.791060422774));
#1581 = CARTESIAN_POINT('',(161.48750016361,9.317764054681,
    17.735730023868));
#1582 = CARTESIAN_POINT('',(161.5141346918,9.252548854279,
    17.694486811116));
#1583 = CARTESIAN_POINT('',(161.54328983242,9.181161881517,
    17.670097859306));
#1584 = CARTESIAN_POINT('',(161.5730248642,9.108355033117,
    17.663006239105));
#1585 = ORIENTED_EDGE('',*,*,#1260,.T.);
#1586 = ORIENTED_EDGE('',*,*,#1270,.F.);
#1587 = TOROIDAL_SURFACE('',#1588,5.135396184467,0.45);
#1588 = AXIS2_PLACEMENT_3D('',#1589,#1590,#1591);
#1589 = CARTESIAN_POINT('',(162.13250204237,8.796405203784,
    23.211548671901));
#1590 = DIRECTION('',(0.37656479669,-0.92202679564,-8.980836272356E-02)
  );
#1591 = DIRECTION('',(0.925767763542,0.378092644713,-0.));
#1592 = ADVANCED_FACE('',(#1593),#1598,.F.);
#1593 = FACE_BOUND('',#1594,.T.);
#1594 = EDGE_LOOP('',(#1595,#1596,#1597));
#1595 = ORIENTED_EDGE('',*,*,#1251,.F.);
#1596 = ORIENTED_EDGE('',*,*,#1549,.T.);
#1597 = ORIENTED_EDGE('',*,*,#1224,.F.);
#1598 = PLANE('',#1599);
#1599 = AXIS2_PLACEMENT_3D('',#1600,#1601,#1602);
#1600 = CARTESIAN_POINT('',(160.9586071687,10.612769635721,
    15.787026710772));
#1601 = DIRECTION('',(0.925767763542,0.378092644713,-0.));
#1602 = DIRECTION('',(-3.395588137953E-02,8.314168710596E-02,
    -0.995959064412));
#1603 = ADVANCED_FACE('',(#1604),#1684,.T.);
#1604 = FACE_BOUND('',#1605,.F.);
#1605 = EDGE_LOOP('',(#1606,#1607,#1608,#1647));
#1606 = ORIENTED_EDGE('',*,*,#1333,.T.);
#1607 = ORIENTED_EDGE('',*,*,#1391,.T.);
#1608 = ORIENTED_EDGE('',*,*,#1609,.T.);
#1609 = EDGE_CURVE('',#1382,#1610,#1612,.T.);
#1610 = VERTEX_POINT('',#1611);
#1611 = CARTESIAN_POINT('',(162.59961565094,8.446124068774,
    28.766344666409));
#1612 = B_SPLINE_CURVE_WITH_KNOTS('',5,(#1613,#1614,#1615,#1616,#1617,
    #1618,#1619,#1620,#1621,#1622,#1623,#1624,#1625,#1626,#1627,#1628,
    #1629,#1630,#1631,#1632,#1633,#1634,#1635,#1636,#1637,#1638,#1639,
    #1640,#1641,#1642,#1643,#1644,#1645,#1646),.UNSPECIFIED.,.T.,.F.,(6,
    4,4,4,4,4,4,4,6),(0.,0.139617865773,0.264630597061,0.387643047745,
    0.500950618155,0.612356903242,0.735369342928,0.86038207654,1.),
  .UNSPECIFIED.);
#1613 = CARTESIAN_POINT('',(162.59961565094,8.446124068774,
    28.766344666409));
#1614 = CARTESIAN_POINT('',(162.62934934561,8.373320494319,
    28.759253365101));
#1615 = CARTESIAN_POINT('',(162.65850378666,8.301935234471,
    28.734885788949));
#1616 = CARTESIAN_POINT('',(162.6851396095,8.23671686409,28.693684770141
    ));
#1617 = CARTESIAN_POINT('',(162.70747434489,8.182029796464,
    28.638411363528));
#1618 = CARTESIAN_POINT('',(162.73957816199,8.10342292754,
    28.515033018685));
#1619 = CARTESIAN_POINT('',(162.75042483315,8.076864625934,
    28.448846368175));
#1620 = CARTESIAN_POINT('',(162.75616072624,8.062820171496,
    28.377785486447));
#1621 = CARTESIAN_POINT('',(162.75648215985,8.062033134557,
    28.305628214612));
#1622 = CARTESIAN_POINT('',(162.74688406495,8.085534271066,
    28.167472107949));
#1623 = CARTESIAN_POINT('',(162.73712645791,8.109425976359,
    28.101366470391));
#1624 = CARTESIAN_POINT('',(162.72260771893,8.144975412995,
    28.041125362835));
#1625 = CARTESIAN_POINT('',(162.70407335596,8.19035718911,
    27.989850282733));
#1626 = CARTESIAN_POINT('',(162.66283208453,8.291337306436,
    27.912462812943));
#1627 = CARTESIAN_POINT('',(162.64056349767,8.345862408001,
    27.884672602725));
#1628 = CARTESIAN_POINT('',(162.61664189786,8.40443494641,
    27.867788307741));
#1629 = CARTESIAN_POINT('',(162.5921076411,8.464507588198,
    27.862548654902));
#1630 = CARTESIAN_POINT('',(162.54427818521,8.581619013226,
    27.874719582163));
#1631 = CARTESIAN_POINT('',(162.52096269504,8.63870747947,
    27.891753195938));
#1632 = CARTESIAN_POINT('',(162.49902300834,8.692427262126,
    27.919542656228));
#1633 = CARTESIAN_POINT('',(162.47938039013,8.740522624412,
    27.956916547299));
#1634 = CARTESIAN_POINT('',(162.44432299121,8.826361400298,
    28.051798990193));
#1635 = CARTESIAN_POINT('',(162.42955570913,8.862519399919,
    28.111016284688));
#1636 = CARTESIAN_POINT('',(162.41934571134,8.887518793456,
    28.177155025159));
#1637 = CARTESIAN_POINT('',(162.41421670338,8.900077276931,
    28.246811015836));
#1638 = CARTESIAN_POINT('',(162.41411792408,8.900319140108,
    28.387279761692));
#1639 = CARTESIAN_POINT('',(162.41931468723,8.88759475664,
    28.458120985357));
#1640 = CARTESIAN_POINT('',(162.42976441306,8.862008383979,
    28.525321710746));
#1641 = CARTESIAN_POINT('',(162.4449127962,8.824917250428,
    28.585308720127));
#1642 = CARTESIAN_POINT('',(162.48484372148,8.727145543109,
    28.691507294977));
#1643 = CARTESIAN_POINT('',(162.51055672601,8.664186712702,
    28.73532165499));
#1644 = CARTESIAN_POINT('',(162.53954962267,8.5931969977,28.763255602485
    ));
#1645 = CARTESIAN_POINT('',(162.56988194366,8.518927674132,
    28.773435970727));
#1646 = CARTESIAN_POINT('',(162.59961565094,8.446124068774,
    28.766344666409));
#1647 = ORIENTED_EDGE('',*,*,#1648,.T.);
#1648 = EDGE_CURVE('',#1610,#1334,#1649,.T.);
#1649 = B_SPLINE_CURVE_WITH_KNOTS('',5,(#1650,#1651,#1652,#1653,#1654,
    #1655,#1656,#1657,#1658,#1659,#1660,#1661,#1662,#1663,#1664,#1665,
    #1666,#1667,#1668,#1669,#1670,#1671,#1672,#1673,#1674,#1675,#1676,
    #1677,#1678,#1679,#1680,#1681,#1682,#1683),.UNSPECIFIED.,.T.,.F.,(6,
    4,4,4,4,4,4,4,6),(0.,0.139617865773,0.264630597061,0.387643047745,
    0.500950618155,0.612356903242,0.735369342928,0.86038207654,1.),
  .UNSPECIFIED.);
#1650 = CARTESIAN_POINT('',(162.59961565094,8.446124068774,
    28.766344666409));
#1651 = CARTESIAN_POINT('',(162.62934934561,8.373320494319,
    28.759253365101));
#1652 = CARTESIAN_POINT('',(162.65850378666,8.301935234471,
    28.734885788949));
#1653 = CARTESIAN_POINT('',(162.6851396095,8.23671686409,28.693684770141
    ));
#1654 = CARTESIAN_POINT('',(162.70747434489,8.182029796464,
    28.638411363528));
#1655 = CARTESIAN_POINT('',(162.73957816199,8.10342292754,
    28.515033018685));
#1656 = CARTESIAN_POINT('',(162.75042483315,8.076864625934,
    28.448846368175));
#1657 = CARTESIAN_POINT('',(162.75616072624,8.062820171496,
    28.377785486447));
#1658 = CARTESIAN_POINT('',(162.75648215985,8.062033134557,
    28.305628214612));
#1659 = CARTESIAN_POINT('',(162.74688406495,8.085534271066,
    28.167472107949));
#1660 = CARTESIAN_POINT('',(162.73712645791,8.109425976359,
    28.101366470391));
#1661 = CARTESIAN_POINT('',(162.72260771893,8.144975412995,
    28.041125362835));
#1662 = CARTESIAN_POINT('',(162.70407335596,8.19035718911,
    27.989850282733));
#1663 = CARTESIAN_POINT('',(162.66283208453,8.291337306436,
    27.912462812943));
#1664 = CARTESIAN_POINT('',(162.64056349767,8.345862408001,
    27.884672602725));
#1665 = CARTESIAN_POINT('',(162.61664189786,8.40443494641,
    27.867788307741));
#1666 = CARTESIAN_POINT('',(162.5921076411,8.464507588198,
    27.862548654902));
#1667 = CARTESIAN_POINT('',(162.54427818521,8.581619013226,
    27.874719582163));
#1668 = CARTESIAN_POINT('',(162.52096269504,8.63870747947,
    27.891753195938));
#1669 = CARTESIAN_POINT('',(162.49902300834,8.692427262126,
    27.919542656228));
#1670 = CARTESIAN_POINT('',(162.47938039013,8.740522624412,
    27.956916547299));
#1671 = CARTESIAN_POINT('',(162.44432299121,8.826361400298,
    28.051798990193));
#1672 = CARTESIAN_POINT('',(162.42955570913,8.862519399919,
    28.111016284688));
#1673 = CARTESIAN_POINT('',(162.41934571134,8.887518793456,
    28.177155025159));
#1674 = CARTESIAN_POINT('',(162.41421670338,8.900077276931,
    28.246811015836));
#1675 = CARTESIAN_POINT('',(162.41411792408,8.900319140108,
    28.387279761692));
#1676 = CARTESIAN_POINT('',(162.41931468723,8.88759475664,
    28.458120985357));
#1677 = CARTESIAN_POINT('',(162.42976441306,8.862008383979,
    28.525321710746));
#1678 = CARTESIAN_POINT('',(162.4449127962,8.824917250428,
    28.585308720127));
#1679 = CARTESIAN_POINT('',(162.48484372148,8.727145543109,
    28.691507294977));
#1680 = CARTESIAN_POINT('',(162.51055672601,8.664186712702,
    28.73532165499));
#1681 = CARTESIAN_POINT('',(162.53954962267,8.5931969977,28.763255602485
    ));
#1682 = CARTESIAN_POINT('',(162.56988194366,8.518927674132,
    28.773435970727));
#1683 = CARTESIAN_POINT('',(162.59961565094,8.446124068774,
    28.766344666409));
#1684 = PLANE('',#1685);
#1685 = AXIS2_PLACEMENT_3D('',#1686,#1687,#1688);
#1686 = CARTESIAN_POINT('',(162.58460927511,8.482867494464,
    28.326193051169));
#1687 = DIRECTION('',(0.925767763542,0.378092644713,-0.));
#1688 = DIRECTION('',(-3.395588137953E-02,8.314168710596E-02,
    -0.995959064412));
#1689 = ADVANCED_FACE('',(#1690),#1744,.T.);
#1690 = FACE_BOUND('',#1691,.F.);
#1691 = EDGE_LOOP('',(#1692,#1693,#1700,#1701,#1702,#1703,#1704,#1705,
    #1742,#1743));
#1692 = ORIENTED_EDGE('',*,*,#1609,.T.);
#1693 = ORIENTED_EDGE('',*,*,#1694,.T.);
#1694 = EDGE_CURVE('',#1610,#1531,#1695,.T.);
#1695 = CIRCLE('',#1696,5.585396184467);
#1696 = AXIS2_PLACEMENT_3D('',#1697,#1698,#1699);
#1697 = CARTESIAN_POINT('',(162.13250204237,8.796405203784,
    23.211548671901));
#1698 = DIRECTION('',(-0.37656479669,0.92202679564,8.980836272356E-02));
#1699 = DIRECTION('',(0.925767763542,0.378092644713,-0.));
#1700 = ORIENTED_EDGE('',*,*,#1539,.F.);
#1701 = ORIENTED_EDGE('',*,*,#1694,.F.);
#1702 = ORIENTED_EDGE('',*,*,#1648,.T.);
#1703 = ORIENTED_EDGE('',*,*,#1342,.T.);
#1704 = ORIENTED_EDGE('',*,*,#1352,.F.);
#1705 = ORIENTED_EDGE('',*,*,#1706,.T.);
#1706 = EDGE_CURVE('',#1353,#1363,#1707,.T.);
#1707 = B_SPLINE_CURVE_WITH_KNOTS('',5,(#1708,#1709,#1710,#1711,#1712,
    #1713,#1714,#1715,#1716,#1717,#1718,#1719,#1720,#1721,#1722,#1723,
    #1724,#1725,#1726,#1727,#1728,#1729,#1730,#1731,#1732,#1733,#1734,
    #1735,#1736,#1737,#1738,#1739,#1740,#1741),.UNSPECIFIED.,.T.,.F.,(6,
    4,4,4,4,4,4,4,6),(0.,0.139607573522,0.264630001862,0.387651696857,
    0.5009505097,0.61234825833,0.735369933895,0.860392366564,1.),
  .UNSPECIFIED.);
#1708 = CARTESIAN_POINT('',(161.95136500971,8.18198125868,
    28.760091104697));
#1709 = CARTESIAN_POINT('',(161.98110002755,8.109174444404,
    28.75299948782));
#1710 = CARTESIAN_POINT('',(162.01025515316,8.037787508406,
    28.728610556134));
#1711 = CARTESIAN_POINT('',(162.03688967122,7.972572332791,
    28.687367381349));
#1712 = CARTESIAN_POINT('',(162.05922110926,7.917893338794,
    28.632037028381));
#1713 = CARTESIAN_POINT('',(162.09131998523,7.839298568349,
    28.508522416824));
#1714 = CARTESIAN_POINT('',(162.10216380695,7.812747243625,
    28.442255992947));
#1715 = CARTESIAN_POINT('',(162.1078958842,7.798712132368,28.37110883941
    ));
#1716 = CARTESIAN_POINT('',(162.10821390755,7.797933445537,
    28.298861088407));
#1717 = CARTESIAN_POINT('',(162.09860977969,7.82144935385,
    28.160521904074));
#1718 = CARTESIAN_POINT('',(162.08884957637,7.845347416222,
    28.094323942969));
#1719 = CARTESIAN_POINT('',(162.07432865753,7.880902190289,
    28.033990823181));
#1720 = CARTESIAN_POINT('',(162.05579133824,7.926291205023,
    27.982629793662));
#1721 = CARTESIAN_POINT('',(162.01454530118,8.027282991058,
    27.905109222647));
#1722 = CARTESIAN_POINT('',(161.99227583806,8.081810238168,
    27.877266877186));
#1723 = CARTESIAN_POINT('',(161.96835274013,8.140386444757,
    27.860344662642));
#1724 = CARTESIAN_POINT('',(161.9438167963,8.20046321739,27.855086695738
    ));
#1725 = CARTESIAN_POINT('',(161.89598541007,8.317579368888,
    27.86725934056));
#1726 = CARTESIAN_POINT('',(161.87266955845,8.374668720148,
    27.884312387172));
#1727 = CARTESIAN_POINT('',(161.8507309806,8.428385787738,
    27.912139684584));
#1728 = CARTESIAN_POINT('',(161.83109097993,8.476474740941,
    27.949564567912));
#1729 = CARTESIAN_POINT('',(161.79603782515,8.562303124964,
    28.044579234402));
#1730 = CARTESIAN_POINT('',(161.78127344726,8.598454013621,
    28.103882486136));
#1731 = CARTESIAN_POINT('',(161.77106752716,8.623443422849,
    28.170112781591));
#1732 = CARTESIAN_POINT('',(161.76594220773,8.635992874878,
    28.239860831181));
#1733 = CARTESIAN_POINT('',(161.7658498717,8.63621896157,28.380512556355
    ));
#1734 = CARTESIAN_POINT('',(161.77104939783,8.623487812888,
    28.45144441746));
#1735 = CARTESIAN_POINT('',(161.7815012036,8.597896347438,
    28.518731833244));
#1736 = CARTESIAN_POINT('',(161.79665217856,8.560798867776,
    28.578798682117));
#1737 = CARTESIAN_POINT('',(161.83658745935,8.463016495919,
    28.685133672486));
#1738 = CARTESIAN_POINT('',(161.86230107213,8.400056176179,
    28.72900562454));
#1739 = CARTESIAN_POINT('',(161.89129553756,8.329062619998,
    28.756981668249));
#1740 = CARTESIAN_POINT('',(161.92162997791,8.254788107146,
    28.767182724905));
#1741 = CARTESIAN_POINT('',(161.95136500971,8.18198125868,
    28.760091104697));
#1742 = ORIENTED_EDGE('',*,*,#1371,.T.);
#1743 = ORIENTED_EDGE('',*,*,#1381,.F.);
#1744 = TOROIDAL_SURFACE('',#1745,5.135396184467,0.45);
#1745 = AXIS2_PLACEMENT_3D('',#1746,#1747,#1748);
#1746 = CARTESIAN_POINT('',(162.13250204237,8.796405203784,
    23.211548671901));
#1747 = DIRECTION('',(0.37656479669,-0.92202679564,-8.980836272356E-02)
  );
#1748 = DIRECTION('',(0.925767763542,0.378092644713,-0.));
#1749 = ADVANCED_FACE('',(#1750),#1754,.F.);
#1750 = FACE_BOUND('',#1751,.T.);
#1751 = EDGE_LOOP('',(#1752,#1753));
#1752 = ORIENTED_EDGE('',*,*,#1706,.F.);
#1753 = ORIENTED_EDGE('',*,*,#1362,.F.);
#1754 = PLANE('',#1755);
#1755 = AXIS2_PLACEMENT_3D('',#1756,#1757,#1758);
#1756 = CARTESIAN_POINT('',(160.9586071687,10.612769635721,
    15.787026710772));
#1757 = DIRECTION('',(0.925767763542,0.378092644713,-0.));
#1758 = DIRECTION('',(-3.395588137953E-02,8.314168710596E-02,
    -0.995959064412));
#1759 = MANIFOLD_SOLID_BREP('',#1760);
#1760 = CLOSED_SHELL('',(#1761,#2055,#2080,#2159,#2170,#2196,#2293,#2303
    ,#2388,#2454,#2465,#2551,#2609));
#1761 = ADVANCED_FACE('',(#1762),#2050,.T.);
#1762 = FACE_BOUND('',#1763,.F.);
#1763 = EDGE_LOOP('',(#1764,#1805,#1816,#1855,#1864,#1903,#1914,#1953,
    #1964,#2001,#2002,#2041));
#1764 = ORIENTED_EDGE('',*,*,#1765,.F.);
#1765 = EDGE_CURVE('',#1766,#1768,#1770,.T.);
#1766 = VERTEX_POINT('',#1767);
#1767 = CARTESIAN_POINT('',(160.58882003484,12.553349489637,
    18.170224507521));
#1768 = VERTEX_POINT('',#1769);
#1769 = CARTESIAN_POINT('',(160.09274626158,13.299780253723,
    18.251041025897));
#1770 = B_SPLINE_CURVE_WITH_KNOTS('',5,(#1771,#1772,#1773,#1774,#1775,
    #1776,#1777,#1778,#1779,#1780,#1781,#1782,#1783,#1784,#1785,#1786,
    #1787,#1788,#1789,#1790,#1791,#1792,#1793,#1794,#1795,#1796,#1797,
    #1798,#1799,#1800,#1801,#1802,#1803,#1804),.UNSPECIFIED.,.T.,.F.,(6,
    4,4,4,4,4,4,4,6),(0.,0.138610208615,0.263630328139,0.38664999322,
    0.500950515269,0.613349938952,0.736369595606,0.861389726371,1.),
  .UNSPECIFIED.);
#1771 = CARTESIAN_POINT('',(160.31872696919,12.959752295496,
    17.76872303361));
#1772 = CARTESIAN_POINT('',(160.36194501843,12.89472309369,
    17.761682290887));
#1773 = CARTESIAN_POINT('',(160.40602751397,12.828393179465,
    17.771683187776));
#1774 = CARTESIAN_POINT('',(160.44819760848,12.764940810954,
    17.799198162117));
#1775 = CARTESIAN_POINT('',(160.48567286484,12.708552657124,
    17.84240570964));
#1776 = CARTESIAN_POINT('',(160.54427971394,12.620368283128,
    17.947647263586));
#1777 = CARTESIAN_POINT('',(160.56666691075,12.586682784473,
    18.007444434722));
#1778 = CARTESIAN_POINT('',(160.58220020259,12.563310198536,
    18.074539324912));
#1779 = CARTESIAN_POINT('',(160.59005689605,12.551488413112,
    18.145364193319));
#1780 = CARTESIAN_POINT('',(160.59040743565,12.550960964257,
    18.285976390051));
#1781 = CARTESIAN_POINT('',(160.58314513945,12.561888373841,
    18.355788690798));
#1782 = CARTESIAN_POINT('',(160.56843284729,12.584025620486,
    18.422168422846));
#1783 = CARTESIAN_POINT('',(160.54702379602,12.616239326104,
    18.481697666145));
#1784 = CARTESIAN_POINT('',(160.4954063694,12.693906877332,
    18.578448051504));
#1785 = CARTESIAN_POINT('',(160.46592129785,12.738272384382,
    18.616966317508));
#1786 = CARTESIAN_POINT('',(160.43288647541,12.787979119716,
    18.645372063659));
#1787 = CARTESIAN_POINT('',(160.3977647942,12.840825903311,
    18.662399442764));
#1788 = CARTESIAN_POINT('',(160.32704368455,12.947238325732,
    18.673149103826));
#1789 = CARTESIAN_POINT('',(160.29145191341,13.000792442809,
    18.667255814177));
#1790 = CARTESIAN_POINT('',(160.25680660096,13.052922445311,
    18.649909493021));
#1791 = CARTESIAN_POINT('',(160.22459065483,13.101397036352,
    18.621859690664));
#1792 = CARTESIAN_POINT('',(160.16470948897,13.191498845397,
    18.543981513211));
#1793 = CARTESIAN_POINT('',(160.13775137304,13.232062100617,
    18.492331899007));
#1794 = CARTESIAN_POINT('',(160.11670367254,13.263732090057,
    18.431777928609));
#1795 = CARTESIAN_POINT('',(160.10264590642,13.284884486486,
    18.36543894214));
#1796 = CARTESIAN_POINT('',(160.08906776077,13.305315209053,
    18.226981689766));
#1797 = CARTESIAN_POINT('',(160.08978483484,13.304236244229,
    18.154760039339));
#1798 = CARTESIAN_POINT('',(160.09842400831,13.291237079192,
    18.083727141602));
#1799 = CARTESIAN_POINT('',(160.11452912638,13.267004079505,
    18.017659078963));
#1800 = CARTESIAN_POINT('',(160.16176986911,13.195922023592,
    17.895173579749));
#1801 = CARTESIAN_POINT('',(160.19436233413,13.146880893256,
    17.840551097982));
#1802 = CARTESIAN_POINT('',(160.23312774292,13.088551476825,
    17.799850701888));
#1803 = CARTESIAN_POINT('',(160.27550890228,13.024781523905,
    17.775763797153));
#1804 = CARTESIAN_POINT('',(160.31872696919,12.959752295496,
    17.76872303361));
#1805 = ORIENTED_EDGE('',*,*,#1806,.F.);
#1806 = EDGE_CURVE('',#1807,#1766,#1809,.T.);
#1807 = VERTEX_POINT('',#1808);
#1808 = CARTESIAN_POINT('',(160.00568944368,12.16610437839,
    18.166984699582));
#1809 = B_SPLINE_CURVE_WITH_KNOTS('',5,(#1810,#1811,#1812,#1813,#1814,
    #1815),.UNSPECIFIED.,.F.,.F.,(6,6),(0.,1.),
  .PIECEWISE_BEZIER_KNOTS.);
#1810 = CARTESIAN_POINT('',(160.00568894471,12.166104045166,
    18.166984716238));
#1811 = CARTESIAN_POINT('',(160.1281912115,12.2479152125,18.162895421441
    ));
#1812 = CARTESIAN_POINT('',(160.25109144196,12.329804524292,
    18.161309886837));
#1813 = CARTESIAN_POINT('',(160.37419724677,12.411502104951,
    18.162251848581));
#1814 = CARTESIAN_POINT('',(160.49723995008,12.492863805052,
    18.165715650543));
#1815 = CARTESIAN_POINT('',(160.61987457857,12.573863544529,
    18.171667234351));
#1816 = ORIENTED_EDGE('',*,*,#1817,.F.);
#1817 = EDGE_CURVE('',#1818,#1807,#1820,.T.);
#1818 = VERTEX_POINT('',#1819);
#1819 = CARTESIAN_POINT('',(159.735436134,12.572748299737,
    17.762739142305));
#1820 = B_SPLINE_CURVE_WITH_KNOTS('',5,(#1821,#1822,#1823,#1824,#1825,
    #1826,#1827,#1828,#1829,#1830,#1831,#1832,#1833,#1834,#1835,#1836,
    #1837,#1838,#1839,#1840,#1841,#1842,#1843,#1844,#1845,#1846,#1847,
    #1848,#1849,#1850,#1851,#1852,#1853,#1854),.UNSPECIFIED.,.T.,.F.,(6,
    4,4,4,4,4,4,4,6),(0.,0.138619387773,0.263630847878,0.386642185849,
    0.500950626795,0.613357767962,0.736369096492,0.861380558112,1.),
  .UNSPECIFIED.);
#1821 = CARTESIAN_POINT('',(159.735436134,12.572748299737,
    17.762739142305));
#1822 = CARTESIAN_POINT('',(159.77865257348,12.507721520101,
    17.755698652839));
#1823 = CARTESIAN_POINT('',(159.82273241174,12.441395604224,
    17.76568116022));
#1824 = CARTESIAN_POINT('',(159.86489987736,12.377947191352,
    17.79315775304));
#1825 = CARTESIAN_POINT('',(159.90237460403,12.321559834528,
    17.836313511578));
#1826 = CARTESIAN_POINT('',(159.96097571612,12.233384092871,
    17.941431824929));
#1827 = CARTESIAN_POINT('',(159.98335944282,12.199703815612,
    18.001156611197));
#1828 = CARTESIAN_POINT('',(159.99888988657,12.176335515132,
    18.068172261473));
#1829 = CARTESIAN_POINT('',(160.00674297336,12.164519156568,
    18.138915119785));
#1830 = CARTESIAN_POINT('',(160.00708496493,12.164004569751,
    18.279361289517));
#1831 = CARTESIAN_POINT('',(159.99981774534,12.174939387445,
    18.349090338916));
#1832 = CARTESIAN_POINT('',(159.98510011531,12.197084665864,
    18.415386636727));
#1833 = CARTESIAN_POINT('',(159.96368721372,12.22930416497,
    18.474838028356));
#1834 = CARTESIAN_POINT('',(159.91206395588,12.306980490299,
    18.571467075021));
#1835 = CARTESIAN_POINT('',(159.88257520283,12.351351536811,
    18.609938058023));
#1836 = CARTESIAN_POINT('',(159.84953904758,12.401060277597,
    18.638308777157));
#1837 = CARTESIAN_POINT('',(159.8144179341,12.45390620694,
    18.655318975448));
#1838 = CARTESIAN_POINT('',(159.74369945039,12.560314678181,
    18.66606934921));
#1839 = CARTESIAN_POINT('',(159.70810991849,12.613865425904,
    18.660193364985));
#1840 = CARTESIAN_POINT('',(159.6734667064,12.665992268048,
    18.642881771349));
#1841 = CARTESIAN_POINT('',(159.64125182774,12.714465252893,
    18.614879022882));
#1842 = CARTESIAN_POINT('',(159.58137694165,12.804557612916,
    18.537121203805));
#1843 = CARTESIAN_POINT('',(159.55442274644,12.845114968708,
    18.485549426052));
#1844 = CARTESIAN_POINT('',(159.5333780565,12.876780428246,
    18.425079265276));
#1845 = CARTESIAN_POINT('',(159.51932369125,12.897927707463,
    18.358823774824));
#1846 = CARTESIAN_POINT('',(159.50575357964,12.918346341393,
    18.220532632851));
#1847 = CARTESIAN_POINT('',(159.50647522775,12.917260494126,
    18.148392838145));
#1848 = CARTESIAN_POINT('',(159.51511944664,12.904253737346,
    18.077438826118));
#1849 = CARTESIAN_POINT('',(159.53122831871,12.880015089111,
    18.011443105933));
#1850 = CARTESIAN_POINT('',(159.5784756203,12.808923164227,
    17.889080720949));
#1851 = CARTESIAN_POINT('',(159.61107269155,12.759875103005,
    17.834509367155));
#1852 = CARTESIAN_POINT('',(159.64983931353,12.701543861112,
    17.793847586015));
#1853 = CARTESIAN_POINT('',(159.69221967732,12.63777510527,
    17.769779634575));
#1854 = CARTESIAN_POINT('',(159.735436134,12.572748299737,
    17.762739142305));
#1855 = ORIENTED_EDGE('',*,*,#1856,.T.);
#1856 = EDGE_CURVE('',#1818,#1857,#1859,.T.);
#1857 = VERTEX_POINT('',#1858);
#1858 = CARTESIAN_POINT('',(160.31488875867,11.70085930117,
    29.372445180066));
#1859 = CIRCLE('',#1860,5.83612093032);
#1860 = AXIS2_PLACEMENT_3D('',#1861,#1862,#1863);
#1861 = CARTESIAN_POINT('',(160.27501623472,12.302855251611,
    23.567592161185));
#1862 = DIRECTION('',(-0.551268159797,0.829480484387,8.980836272356E-02)
  );
#1863 = DIRECTION('',(0.832845961271,0.553504837192,-3.87663684597E-18)
  );
#1864 = ORIENTED_EDGE('',*,*,#1865,.T.);
#1865 = EDGE_CURVE('',#1857,#1866,#1868,.T.);
#1866 = VERTEX_POINT('',#1867);
#1867 = CARTESIAN_POINT('',(160.54075541454,11.36100295396,
    28.887375579121));
#1868 = B_SPLINE_CURVE_WITH_KNOTS('',5,(#1869,#1870,#1871,#1872,#1873,
    #1874,#1875,#1876,#1877,#1878,#1879,#1880,#1881,#1882,#1883,#1884,
    #1885,#1886,#1887,#1888,#1889,#1890,#1891,#1892,#1893,#1894,#1895,
    #1896,#1897,#1898,#1899,#1900,#1901,#1902),.UNSPECIFIED.,.T.,.F.,(6,
    4,4,4,4,4,4,4,6),(0.,0.138619387767,0.263630847872,0.386642185843,
    0.500950626778,0.613357767876,0.736369096406,0.861380558026,1.),
  .UNSPECIFIED.);
#1869 = CARTESIAN_POINT('',(160.31488875867,11.70085930117,
    29.372445180066));
#1870 = CARTESIAN_POINT('',(160.35810519814,11.635832521536,
    29.365404690601));
#1871 = CARTESIAN_POINT('',(160.40048554308,11.572063794068,
    29.341336756092));
#1872 = CARTESIAN_POINT('',(160.43925215247,11.513732571107,
    29.300675007128));
#1873 = CARTESIAN_POINT('',(160.47184921822,11.46468451816,
    29.246103691866));
#1874 = CARTESIAN_POINT('',(160.51909653274,11.39359257382,
    29.123741368103));
#1875 = CARTESIAN_POINT('',(160.5352054176,11.369353906347,
    29.057745662031));
#1876 = CARTESIAN_POINT('',(160.54384965104,11.35634712768,
    28.986791659542));
#1877 = CARTESIAN_POINT('',(160.54457131473,11.355261256974,
    28.914651868924));
#1878 = CARTESIAN_POINT('',(160.53100123378,11.375679844765,
    28.776360717632));
#1879 = CARTESIAN_POINT('',(160.51694688231,11.396827103242,
    28.710105214371));
#1880 = CARTESIAN_POINT('',(160.4959022043,11.428492544815,
    28.649635036341));
#1881 = CARTESIAN_POINT('',(160.46894801868,11.469049886201,
    28.598063238036));
#1882 = CARTESIAN_POINT('',(160.4085895834,11.559869831524,
    28.519677386332));
#1883 = CARTESIAN_POINT('',(160.37576723529,11.609256861633,
    28.491357648009));
#1884 = CARTESIAN_POINT('',(160.34045480606,11.662390659367,
    28.474121753836));
#1885 = CARTESIAN_POINT('',(160.30421593573,11.71691845167,
    28.468736974487));
#1886 = CARTESIAN_POINT('',(160.23357374828,11.82321212168,
    28.481015992497));
#1887 = CARTESIAN_POINT('',(160.19914013636,11.875023583284,
    28.498299607972));
#1888 = CARTESIAN_POINT('',(160.1667698986,11.923730333381,
    28.526528516685));
#1889 = CARTESIAN_POINT('',(160.13784742849,11.967249307014,
    28.564491291088));
#1890 = CARTESIAN_POINT('',(160.08663773375,12.04430335348,
    28.660346154421));
#1891 = CARTESIAN_POINT('',(160.06522482069,12.076522869845,
    28.719797528904));
#1892 = CARTESIAN_POINT('',(160.0505071772,12.098668168538,
    28.786093813586));
#1893 = CARTESIAN_POINT('',(160.04323994275,12.109603008575,
    28.855822854831));
#1894 = CARTESIAN_POINT('',(160.04358190319,12.109088468599,
    28.996269025304));
#1895 = CARTESIAN_POINT('',(160.05143497504,12.097272132517,
    29.067011892679));
#1896 = CARTESIAN_POINT('',(160.06696540541,12.073903852178,
    29.134027557054));
#1897 = CARTESIAN_POINT('',(160.08934912091,12.040223591769,
    29.193752361361));
#1898 = CARTESIAN_POINT('',(160.14795022633,11.952047860149,
    29.29887073921));
#1899 = CARTESIAN_POINT('',(160.18542496224,11.895660489424,
    29.342026533933));
#1900 = CARTESIAN_POINT('',(160.22759244344,11.832212053097,
    29.369503154379));
#1901 = CARTESIAN_POINT('',(160.27167230196,11.765886106742,
    29.37948567234));
#1902 = CARTESIAN_POINT('',(160.31488875867,11.70085930117,
    29.372445180066));
#1903 = ORIENTED_EDGE('',*,*,#1904,.T.);
#1904 = EDGE_CURVE('',#1866,#1905,#1907,.T.);
#1905 = VERTEX_POINT('',#1906);
#1906 = CARTESIAN_POINT('',(161.12356297265,11.748734125596,
    28.884143225176));
#1907 = B_SPLINE_CURVE_WITH_KNOTS('',5,(#1908,#1909,#1910,#1911,#1912,
    #1913),.UNSPECIFIED.,.F.,.F.,(6,6),(0.,1.),
  .PIECEWISE_BEZIER_KNOTS.);
#1908 = CARTESIAN_POINT('',(160.54075491392,11.361002623236,
    28.887375562493));
#1909 = CARTESIAN_POINT('',(160.66366505929,11.442200104079,
    28.891458017124));
#1910 = CARTESIAN_POINT('',(160.78672386794,11.523850846127,
    28.893049336666));
#1911 = CARTESIAN_POINT('',(160.90973554413,11.605690099094,
    28.892105009269));
#1912 = CARTESIAN_POINT('',(161.03243222783,11.687572485786,
    28.888635726689));
#1913 = CARTESIAN_POINT('',(161.15447382885,11.769464578376,
    28.882705270528));
#1914 = ORIENTED_EDGE('',*,*,#1915,.T.);
#1915 = EDGE_CURVE('',#1905,#1916,#1918,.T.);
#1916 = VERTEX_POINT('',#1917);
#1917 = CARTESIAN_POINT('',(160.6274892007,12.495164887719,
    28.964959743339));
#1918 = B_SPLINE_CURVE_WITH_KNOTS('',5,(#1919,#1920,#1921,#1922,#1923,
    #1924,#1925,#1926,#1927,#1928,#1929,#1930,#1931,#1932,#1933,#1934,
    #1935,#1936,#1937,#1938,#1939,#1940,#1941,#1942,#1943,#1944,#1945,
    #1946,#1947,#1948,#1949,#1950,#1951,#1952),.UNSPECIFIED.,.T.,.F.,(6,
    4,4,4,4,4,4,4,6),(0.,0.138610114188,0.263630309548,0.386650049721,
    0.500950528781,0.613349908906,0.736369632375,0.861389830562,1.),
  .UNSPECIFIED.);
#1919 = CARTESIAN_POINT('',(160.89758226926,12.088762077479,
    29.366461288761));
#1920 = CARTESIAN_POINT('',(160.94080043954,12.023732693535,
    29.359420517325));
#1921 = CARTESIAN_POINT('',(160.98318167108,11.959962632017,
    29.335333339461));
#1922 = CARTESIAN_POINT('',(161.02194656552,11.901633989508,
    29.294633596285));
#1923 = CARTESIAN_POINT('',(161.05453930236,11.85259245018,
    29.240010917025));
#1924 = CARTESIAN_POINT('',(161.1017801013,11.781510309681,
    29.117525310301));
#1925 = CARTESIAN_POINT('',(161.11788520703,11.757277328569,
    29.051457146586));
#1926 = CARTESIAN_POINT('',(161.12652436413,11.744278188149,
    28.980424775225));
#1927 = CARTESIAN_POINT('',(161.12724148393,11.743199154529,
    28.908202853309));
#1928 = CARTESIAN_POINT('',(161.11366336881,11.763629831152,
    28.769745574691));
#1929 = CARTESIAN_POINT('',(161.09960555198,11.784782303872,
    28.703406324569));
#1930 = CARTESIAN_POINT('',(161.07855797097,11.816452113531,
    28.64285274663));
#1931 = CARTESIAN_POINT('',(161.05159987284,11.857015341977,
    28.591203023505));
#1932 = CARTESIAN_POINT('',(160.99123512078,11.947844792007,
    28.512695820998));
#1933 = CARTESIAN_POINT('',(160.95841160763,11.997233575133,
    28.484328311069));
#1934 = CARTESIAN_POINT('',(160.92309717256,12.050370391017,
    28.467057649248));
#1935 = CARTESIAN_POINT('',(160.88685603301,12.104901597757,
    28.461656076447));
#1936 = CARTESIAN_POINT('',(160.81621124599,12.211199179274,
    28.473936660207));
#1937 = CARTESIAN_POINT('',(160.78177714379,12.263011378582,
    28.491238091504));
#1938 = CARTESIAN_POINT('',(160.74940839892,12.311715882369,
    28.51950169168));
#1939 = CARTESIAN_POINT('',(160.72048945013,12.355229557567,
    28.557511193136));
#1940 = CARTESIAN_POINT('',(160.66928546375,12.432275014791,
    28.653486598168));
#1941 = CARTESIAN_POINT('',(160.64787641657,12.464488714259,
    28.713015901404));
#1942 = CARTESIAN_POINT('',(160.63316417369,12.486625886765,
    28.779395175403));
#1943 = CARTESIAN_POINT('',(160.62590182035,12.497553382322,
    28.849207729535));
#1944 = CARTESIAN_POINT('',(160.62625232105,12.497025991996,
    28.989819944571));
#1945 = CARTESIAN_POINT('',(160.63410905298,12.48520414869,
    29.060645090437));
#1946 = CARTESIAN_POINT('',(160.6496422477,12.461831708879,
    29.12773950406));
#1947 = CARTESIAN_POINT('',(160.67202941923,12.428146248274,
    29.187536822415));
#1948 = CARTESIAN_POINT('',(160.73063632164,12.339961794061,
    29.292778607342));
#1949 = CARTESIAN_POINT('',(160.76811188517,12.283573178025,
    29.335986339731));
#1950 = CARTESIAN_POINT('',(160.81028144247,12.220121617856,
    29.363500897951));
#1951 = CARTESIAN_POINT('',(160.85436408026,12.153791489589,
    29.373502063246));
#1952 = CARTESIAN_POINT('',(160.89758226926,12.088762077479,
    29.366461288761));
#1953 = ORIENTED_EDGE('',*,*,#1954,.T.);
#1954 = EDGE_CURVE('',#1916,#1955,#1957,.T.);
#1955 = VERTEX_POINT('',#1956);
#1956 = CARTESIAN_POINT('',(160.044635449,12.107503222516,
    28.968199622789));
#1957 = B_SPLINE_CURVE_WITH_KNOTS('',5,(#1958,#1959,#1960,#1961,#1962,
    #1963),.UNSPECIFIED.,.F.,.F.,(6,6),(0.,1.),
  .PIECEWISE_BEZIER_KNOTS.);
#1958 = CARTESIAN_POINT('',(160.65842893767,12.515851884267,
    28.963517083659));
#1959 = CARTESIAN_POINT('',(160.53625768025,12.434154980814,
    28.969468667598));
#1960 = CARTESIAN_POINT('',(160.41359452159,12.352221921597,
    28.972932478833));
#1961 = CARTESIAN_POINT('',(160.2905973314,12.270360795725,
    28.973874431708));
#1962 = CARTESIAN_POINT('',(160.16750312852,12.188763571078,
    28.972288902364));
#1963 = CARTESIAN_POINT('',(160.04463494855,12.107502891535,
    28.968199606133));
#1964 = ORIENTED_EDGE('',*,*,#1965,.T.);
#1965 = EDGE_CURVE('',#1955,#1857,#1966,.T.);
#1966 = B_SPLINE_CURVE_WITH_KNOTS('',5,(#1967,#1968,#1969,#1970,#1971,
    #1972,#1973,#1974,#1975,#1976,#1977,#1978,#1979,#1980,#1981,#1982,
    #1983,#1984,#1985,#1986,#1987,#1988,#1989,#1990,#1991,#1992,#1993,
    #1994,#1995,#1996,#1997,#1998,#1999,#2000),.UNSPECIFIED.,.T.,.F.,(6,
    4,4,4,4,4,4,4,6),(0.,0.138619387767,0.263630847872,0.386642185843,
    0.500950626778,0.613357767876,0.736369096406,0.861380558026,1.),
  .UNSPECIFIED.);
#1967 = CARTESIAN_POINT('',(160.31488875867,11.70085930117,
    29.372445180066));
#1968 = CARTESIAN_POINT('',(160.35810519814,11.635832521536,
    29.365404690601));
#1969 = CARTESIAN_POINT('',(160.40048554308,11.572063794068,
    29.341336756092));
#1970 = CARTESIAN_POINT('',(160.43925215247,11.513732571107,
    29.300675007128));
#1971 = CARTESIAN_POINT('',(160.47184921822,11.46468451816,
    29.246103691866));
#1972 = CARTESIAN_POINT('',(160.51909653274,11.39359257382,
    29.123741368103));
#1973 = CARTESIAN_POINT('',(160.5352054176,11.369353906347,
    29.057745662031));
#1974 = CARTESIAN_POINT('',(160.54384965104,11.35634712768,
    28.986791659542));
#1975 = CARTESIAN_POINT('',(160.54457131473,11.355261256974,
    28.914651868924));
#1976 = CARTESIAN_POINT('',(160.53100123378,11.375679844765,
    28.776360717632));
#1977 = CARTESIAN_POINT('',(160.51694688231,11.396827103242,
    28.710105214371));
#1978 = CARTESIAN_POINT('',(160.4959022043,11.428492544815,
    28.649635036341));
#1979 = CARTESIAN_POINT('',(160.46894801868,11.469049886201,
    28.598063238036));
#1980 = CARTESIAN_POINT('',(160.4085895834,11.559869831524,
    28.519677386332));
#1981 = CARTESIAN_POINT('',(160.37576723529,11.609256861633,
    28.491357648009));
#1982 = CARTESIAN_POINT('',(160.34045480606,11.662390659367,
    28.474121753836));
#1983 = CARTESIAN_POINT('',(160.30421593573,11.71691845167,
    28.468736974487));
#1984 = CARTESIAN_POINT('',(160.23357374828,11.82321212168,
    28.481015992497));
#1985 = CARTESIAN_POINT('',(160.19914013636,11.875023583284,
    28.498299607972));
#1986 = CARTESIAN_POINT('',(160.1667698986,11.923730333381,
    28.526528516685));
#1987 = CARTESIAN_POINT('',(160.13784742849,11.967249307014,
    28.564491291088));
#1988 = CARTESIAN_POINT('',(160.08663773375,12.04430335348,
    28.660346154421));
#1989 = CARTESIAN_POINT('',(160.06522482069,12.076522869845,
    28.719797528904));
#1990 = CARTESIAN_POINT('',(160.0505071772,12.098668168538,
    28.786093813586));
#1991 = CARTESIAN_POINT('',(160.04323994275,12.109603008575,
    28.855822854831));
#1992 = CARTESIAN_POINT('',(160.04358190319,12.109088468599,
    28.996269025304));
#1993 = CARTESIAN_POINT('',(160.05143497504,12.097272132517,
    29.067011892679));
#1994 = CARTESIAN_POINT('',(160.06696540541,12.073903852178,
    29.134027557054));
#1995 = CARTESIAN_POINT('',(160.08934912091,12.040223591769,
    29.193752361361));
#1996 = CARTESIAN_POINT('',(160.14795022633,11.952047860149,
    29.29887073921));
#1997 = CARTESIAN_POINT('',(160.18542496224,11.895660489424,
    29.342026533933));
#1998 = CARTESIAN_POINT('',(160.22759244344,11.832212053097,
    29.369503154379));
#1999 = CARTESIAN_POINT('',(160.27167230196,11.765886106742,
    29.37948567234));
#2000 = CARTESIAN_POINT('',(160.31488875867,11.70085930117,
    29.372445180066));
#2001 = ORIENTED_EDGE('',*,*,#1856,.F.);
#2002 = ORIENTED_EDGE('',*,*,#2003,.F.);
#2003 = EDGE_CURVE('',#2004,#1818,#2006,.T.);
#2004 = VERTEX_POINT('',#2005);
#2005 = CARTESIAN_POINT('',(159.50956947813,12.912604646947,
    18.247808743249));
#2006 = B_SPLINE_CURVE_WITH_KNOTS('',5,(#2007,#2008,#2009,#2010,#2011,
    #2012,#2013,#2014,#2015,#2016,#2017,#2018,#2019,#2020,#2021,#2022,
    #2023,#2024,#2025,#2026,#2027,#2028,#2029,#2030,#2031,#2032,#2033,
    #2034,#2035,#2036,#2037,#2038,#2039,#2040),.UNSPECIFIED.,.T.,.F.,(6,
    4,4,4,4,4,4,4,6),(0.,0.138619387773,0.263630847878,0.386642185849,
    0.500950626795,0.613357767962,0.736369096492,0.861380558112,1.),
  .UNSPECIFIED.);
#2007 = CARTESIAN_POINT('',(159.735436134,12.572748299737,
    17.762739142305));
#2008 = CARTESIAN_POINT('',(159.77865257348,12.507721520101,
    17.755698652839));
#2009 = CARTESIAN_POINT('',(159.82273241174,12.441395604224,
    17.76568116022));
#2010 = CARTESIAN_POINT('',(159.86489987736,12.377947191352,
    17.79315775304));
#2011 = CARTESIAN_POINT('',(159.90237460403,12.321559834528,
    17.836313511578));
#2012 = CARTESIAN_POINT('',(159.96097571612,12.233384092871,
    17.941431824929));
#2013 = CARTESIAN_POINT('',(159.98335944282,12.199703815612,
    18.001156611197));
#2014 = CARTESIAN_POINT('',(159.99888988657,12.176335515132,
    18.068172261473));
#2015 = CARTESIAN_POINT('',(160.00674297336,12.164519156568,
    18.138915119785));
#2016 = CARTESIAN_POINT('',(160.00708496493,12.164004569751,
    18.279361289517));
#2017 = CARTESIAN_POINT('',(159.99981774534,12.174939387445,
    18.349090338916));
#2018 = CARTESIAN_POINT('',(159.98510011531,12.197084665864,
    18.415386636727));
#2019 = CARTESIAN_POINT('',(159.96368721372,12.22930416497,
    18.474838028356));
#2020 = CARTESIAN_POINT('',(159.91206395588,12.306980490299,
    18.571467075021));
#2021 = CARTESIAN_POINT('',(159.88257520283,12.351351536811,
    18.609938058023));
#2022 = CARTESIAN_POINT('',(159.84953904758,12.401060277597,
    18.638308777157));
#2023 = CARTESIAN_POINT('',(159.8144179341,12.45390620694,
    18.655318975448));
#2024 = CARTESIAN_POINT('',(159.74369945039,12.560314678181,
    18.66606934921));
#2025 = CARTESIAN_POINT('',(159.70810991849,12.613865425904,
    18.660193364985));
#2026 = CARTESIAN_POINT('',(159.6734667064,12.665992268048,
    18.642881771349));
#2027 = CARTESIAN_POINT('',(159.64125182774,12.714465252893,
    18.614879022882));
#2028 = CARTESIAN_POINT('',(159.58137694165,12.804557612916,
    18.537121203805));
#2029 = CARTESIAN_POINT('',(159.55442274644,12.845114968708,
    18.485549426052));
#2030 = CARTESIAN_POINT('',(159.5333780565,12.876780428246,
    18.425079265276));
#2031 = CARTESIAN_POINT('',(159.51932369125,12.897927707463,
    18.358823774824));
#2032 = CARTESIAN_POINT('',(159.50575357964,12.918346341393,
    18.220532632851));
#2033 = CARTESIAN_POINT('',(159.50647522775,12.917260494126,
    18.148392838145));
#2034 = CARTESIAN_POINT('',(159.51511944664,12.904253737346,
    18.077438826118));
#2035 = CARTESIAN_POINT('',(159.53122831871,12.880015089111,
    18.011443105933));
#2036 = CARTESIAN_POINT('',(159.5784756203,12.808923164227,
    17.889080720949));
#2037 = CARTESIAN_POINT('',(159.61107269155,12.759875103005,
    17.834509367155));
#2038 = CARTESIAN_POINT('',(159.64983931353,12.701543861112,
    17.793847586015));
#2039 = CARTESIAN_POINT('',(159.69221967732,12.63777510527,
    17.769779634575));
#2040 = CARTESIAN_POINT('',(159.735436134,12.572748299737,
    17.762739142305));
#2041 = ORIENTED_EDGE('',*,*,#2042,.T.);
#2042 = EDGE_CURVE('',#2004,#1768,#2043,.T.);
#2043 = B_SPLINE_CURVE_WITH_KNOTS('',5,(#2044,#2045,#2046,#2047,#2048,
    #2049),.UNSPECIFIED.,.F.,.F.,(6,6),(0.,1.),
  .PIECEWISE_BEZIER_KNOTS.);
#2044 = CARTESIAN_POINT('',(159.50956897934,12.912604313465,
    18.247808759878));
#2045 = CARTESIAN_POINT('',(159.63202925565,12.994478662898,
    18.243726305846));
#2046 = CARTESIAN_POINT('',(159.75496499645,13.07631454311,
    18.242134986172));
#2047 = CARTESIAN_POINT('',(159.87805628564,13.158033965077,
    18.243079312687));
#2048 = CARTESIAN_POINT('',(160.00106535736,13.239446269852,
    18.246548593648));
#2049 = CARTESIAN_POINT('',(160.1238296873,13.320250850563,
    18.252479047497));
#2050 = TOROIDAL_SURFACE('',#2051,5.38612093032,0.45);
#2051 = AXIS2_PLACEMENT_3D('',#2052,#2053,#2054);
#2052 = CARTESIAN_POINT('',(160.27501623472,12.302855251611,
    23.567592161185));
#2053 = DIRECTION('',(0.551268159797,-0.829480484387,-8.980836272356E-02
    ));
#2054 = DIRECTION('',(0.832845961271,0.553504837192,-3.87663684597E-18)
  );
#2055 = ADVANCED_FACE('',(#2056),#2075,.T.);
#2056 = FACE_BOUND('',#2057,.F.);
#2057 = EDGE_LOOP('',(#2058,#2067,#2068));
#2058 = ORIENTED_EDGE('',*,*,#2059,.F.);
#2059 = EDGE_CURVE('',#1766,#2060,#2062,.T.);
#2060 = VERTEX_POINT('',#2061);
#2061 = CARTESIAN_POINT('',(160.36278319116,12.89346191451,
    18.651417777598));
#2062 = CIRCLE('',#2063,0.45);
#2063 = AXIS2_PLACEMENT_3D('',#2064,#2065,#2066);
#2064 = CARTESIAN_POINT('',(160.34041397773,12.927120353992,
    18.203236198613));
#2065 = DIRECTION('',(-0.832845961271,-0.553504837192,0.));
#2066 = DIRECTION('',(4.970936318775E-02,-7.479653218268E-02,
    0.995959064412));
#2067 = ORIENTED_EDGE('',*,*,#1765,.T.);
#2068 = ORIENTED_EDGE('',*,*,#2069,.F.);
#2069 = EDGE_CURVE('',#2060,#1768,#2070,.T.);
#2070 = CIRCLE('',#2071,0.45);
#2071 = AXIS2_PLACEMENT_3D('',#2072,#2073,#2074);
#2072 = CARTESIAN_POINT('',(160.34041397773,12.927120353992,
    18.203236198613));
#2073 = DIRECTION('',(-0.832845961271,-0.553504837192,0.));
#2074 = DIRECTION('',(4.970936318775E-02,-7.479653218268E-02,
    0.995959064412));
#2075 = PLANE('',#2076);
#2076 = AXIS2_PLACEMENT_3D('',#2077,#2078,#2079);
#2077 = CARTESIAN_POINT('',(159.41928720621,14.313118560201,
    15.893358616752));
#2078 = DIRECTION('',(0.832845961271,0.553504837192,-3.87663684597E-18)
  );
#2079 = DIRECTION('',(-4.970936318775E-02,7.479653218268E-02,
    -0.995959064412));
#2080 = ADVANCED_FACE('',(#2081),#2154,.T.);
#2081 = FACE_BOUND('',#2082,.F.);
#2082 = EDGE_LOOP('',(#2083,#2094,#2107,#2116,#2122,#2123,#2124,#2131,
    #2132,#2133,#2134,#2143));
#2083 = ORIENTED_EDGE('',*,*,#2084,.F.);
#2084 = EDGE_CURVE('',#2085,#2087,#2089,.T.);
#2085 = VERTEX_POINT('',#2086);
#2086 = CARTESIAN_POINT('',(173.70352669704,22.345830411249,
    18.24780874325));
#2087 = VERTEX_POINT('',#2088);
#2088 = CARTESIAN_POINT('',(174.19964666258,21.599330142693,
    18.166984699582));
#2089 = CIRCLE('',#2090,0.45);
#2090 = AXIS2_PLACEMENT_3D('',#2091,#2092,#2093);
#2091 = CARTESIAN_POINT('',(173.95137902375,21.97289273226,
    18.203236198613));
#2092 = DIRECTION('',(-0.832845961271,-0.553504837192,0.));
#2093 = DIRECTION('',(4.970936318775E-02,-7.479653218268E-02,
    0.995959064412));
#2094 = ORIENTED_EDGE('',*,*,#2095,.F.);
#2095 = EDGE_CURVE('',#2096,#2085,#2098,.T.);
#2096 = VERTEX_POINT('',#2097);
#2097 = CARTESIAN_POINT('',(173.12071913893,21.958099239613,
    18.251041097195));
#2098 = B_SPLINE_CURVE_WITH_KNOTS('',4,(#2099,#2100,#2101,#2102,#2103,
    #2104,#2105,#2106),.UNSPECIFIED.,.F.,.F.,(5,3,5),(0.,0.592532410946,
    1.),.UNSPECIFIED.);
#2099 = CARTESIAN_POINT('',(173.08980828274,21.937368786834,
    18.252479051843));
#2100 = CARTESIAN_POINT('',(173.18020080066,21.998023779767,
    18.248086542565));
#2101 = CARTESIAN_POINT('',(173.27097506807,22.058672092814,
    18.245134283408));
#2102 = CARTESIAN_POINT('',(173.36195749542,22.119298416602,
    18.243655314091));
#2103 = CARTESIAN_POINT('',(173.51562992405,22.221429292476,
    18.243646292061));
#2104 = CARTESIAN_POINT('',(173.57828144168,22.262992122323,
    18.244339443274));
#2105 = CARTESIAN_POINT('',(173.64092451691,22.304473863285,
    18.245729414815));
#2106 = CARTESIAN_POINT('',(173.70352719766,22.345830741973,
    18.247808759878));
#2107 = ORIENTED_EDGE('',*,*,#2108,.F.);
#2108 = EDGE_CURVE('',#2109,#2096,#2111,.T.);
#2109 = VERTEX_POINT('',#2110);
#2110 = CARTESIAN_POINT('',(173.39075606429,21.551780906744,
    18.651417777598));
#2111 = CIRCLE('',#2112,0.45);
#2112 = AXIS2_PLACEMENT_3D('',#2113,#2114,#2115);
#2113 = CARTESIAN_POINT('',(173.36838685086,21.585439346226,
    18.203236198613));
#2114 = DIRECTION('',(-0.832845961271,-0.553504837192,0.));
#2115 = DIRECTION('',(4.970936318775E-02,-7.479653218268E-02,
    0.995959064412));
#2116 = ORIENTED_EDGE('',*,*,#2117,.F.);
#2117 = EDGE_CURVE('',#2060,#2109,#2118,.T.);
#2118 = LINE('',#2119,#2120);
#2119 = CARTESIAN_POINT('',(159.77979101827,12.506008528476,
    18.651417777598));
#2120 = VECTOR('',#2121,1.);
#2121 = DIRECTION('',(0.832845961271,0.553504837192,-3.87663684597E-18)
  );
#2122 = ORIENTED_EDGE('',*,*,#2069,.T.);
#2123 = ORIENTED_EDGE('',*,*,#2042,.F.);
#2124 = ORIENTED_EDGE('',*,*,#2125,.T.);
#2125 = EDGE_CURVE('',#2004,#1807,#2126,.T.);
#2126 = CIRCLE('',#2127,0.45);
#2127 = AXIS2_PLACEMENT_3D('',#2128,#2129,#2130);
#2128 = CARTESIAN_POINT('',(159.75742180484,12.539666967958,
    18.203236198613));
#2129 = DIRECTION('',(-0.832845961271,-0.553504837192,0.));
#2130 = DIRECTION('',(4.970936318775E-02,-7.479653218268E-02,
    0.995959064412));
#2131 = ORIENTED_EDGE('',*,*,#1806,.T.);
#2132 = ORIENTED_EDGE('',*,*,#2059,.T.);
#2133 = ORIENTED_EDGE('',*,*,#2117,.T.);
#2134 = ORIENTED_EDGE('',*,*,#2135,.F.);
#2135 = EDGE_CURVE('',#2136,#2109,#2138,.T.);
#2136 = VERTEX_POINT('',#2137);
#2137 = CARTESIAN_POINT('',(173.61679291088,21.21166847749,
    18.170224579031));
#2138 = CIRCLE('',#2139,0.45);
#2139 = AXIS2_PLACEMENT_3D('',#2140,#2141,#2142);
#2140 = CARTESIAN_POINT('',(173.36838685086,21.585439346226,
    18.203236198613));
#2141 = DIRECTION('',(-0.832845961271,-0.553504837192,0.));
#2142 = DIRECTION('',(4.970936318775E-02,-7.479653218268E-02,
    0.995959064412));
#2143 = ORIENTED_EDGE('',*,*,#2144,.F.);
#2144 = EDGE_CURVE('',#2087,#2136,#2145,.T.);
#2145 = B_SPLINE_CURVE_WITH_KNOTS('',4,(#2146,#2147,#2148,#2149,#2150,
    #2151,#2152,#2153),.UNSPECIFIED.,.F.,.F.,(5,3,5),(0.,0.403217810291,
    1.),.UNSPECIFIED.);
#2146 = CARTESIAN_POINT('',(174.19964716304,21.599330473674,
    18.166984716238));
#2147 = CARTESIAN_POINT('',(174.1377185752,21.558373090472,
    18.164923610255));
#2148 = CARTESIAN_POINT('',(174.07572948829,21.517324937594,
    18.163540981537));
#2149 = CARTESIAN_POINT('',(174.01373157365,21.476197297893,
    18.16284068373));
#2150 = CARTESIAN_POINT('',(173.8600564621,21.374070481046,
    18.162796205949));
#2151 = CARTESIAN_POINT('',(173.7684187014,21.313009439587,
    18.164264452168));
#2152 = CARTESIAN_POINT('',(173.67699073983,21.251925905029,
    18.167227463883));
#2153 = CARTESIAN_POINT('',(173.58585317392,21.190981480943,
    18.171667238712));
#2154 = CYLINDRICAL_SURFACE('',#2155,0.45);
#2155 = AXIS2_PLACEMENT_3D('',#2156,#2157,#2158);
#2156 = CARTESIAN_POINT('',(159.75742180484,12.539666967958,
    18.203236198613));
#2157 = DIRECTION('',(0.832845961271,0.553504837192,-3.87663684597E-18)
  );
#2158 = DIRECTION('',(4.970936318775E-02,-7.479653218268E-02,
    0.995959064412));
#2159 = ADVANCED_FACE('',(#2160),#2165,.F.);
#2160 = FACE_BOUND('',#2161,.T.);
#2161 = EDGE_LOOP('',(#2162,#2163,#2164));
#2162 = ORIENTED_EDGE('',*,*,#2003,.F.);
#2163 = ORIENTED_EDGE('',*,*,#2125,.T.);
#2164 = ORIENTED_EDGE('',*,*,#1817,.F.);
#2165 = PLANE('',#2166);
#2166 = AXIS2_PLACEMENT_3D('',#2167,#2168,#2169);
#2167 = CARTESIAN_POINT('',(159.75742180484,12.539666967958,
    18.203236198613));
#2168 = DIRECTION('',(0.832845961271,0.553504837192,-3.87663684597E-18)
  );
#2169 = DIRECTION('',(-4.970936318775E-02,7.479653218268E-02,
    -0.995959064412));
#2170 = ADVANCED_FACE('',(#2171),#2191,.F.);
#2171 = FACE_BOUND('',#2172,.T.);
#2172 = EDGE_LOOP('',(#2173,#2182,#2189,#2190));
#2173 = ORIENTED_EDGE('',*,*,#2174,.T.);
#2174 = EDGE_CURVE('',#1866,#2175,#2177,.T.);
#2175 = VERTEX_POINT('',#2176);
#2176 = CARTESIAN_POINT('',(160.31527230127,11.700282193467,
    29.380129702744));
#2177 = CIRCLE('',#2178,0.45);
#2178 = AXIS2_PLACEMENT_3D('',#2179,#2180,#2181);
#2179 = CARTESIAN_POINT('',(160.29290308784,11.733940632949,
    28.931948123758));
#2180 = DIRECTION('',(-0.832845961271,-0.553504837192,0.));
#2181 = DIRECTION('',(4.970936318775E-02,-7.479653218268E-02,
    0.995959064412));
#2182 = ORIENTED_EDGE('',*,*,#2183,.T.);
#2183 = EDGE_CURVE('',#2175,#1955,#2184,.T.);
#2184 = CIRCLE('',#2185,0.45);
#2185 = AXIS2_PLACEMENT_3D('',#2186,#2187,#2188);
#2186 = CARTESIAN_POINT('',(160.29290308784,11.733940632949,
    28.931948123758));
#2187 = DIRECTION('',(-0.832845961271,-0.553504837192,0.));
#2188 = DIRECTION('',(4.970936318775E-02,-7.479653218268E-02,
    0.995959064412));
#2189 = ORIENTED_EDGE('',*,*,#1965,.T.);
#2190 = ORIENTED_EDGE('',*,*,#1865,.T.);
#2191 = PLANE('',#2192);
#2192 = AXIS2_PLACEMENT_3D('',#2193,#2194,#2195);
#2193 = CARTESIAN_POINT('',(160.29290308784,11.733940632949,
    28.931948123758));
#2194 = DIRECTION('',(0.832845961271,0.553504837192,-3.87663684597E-18)
  );
#2195 = DIRECTION('',(-4.970936318775E-02,7.479653218268E-02,
    -0.995959064412));
#2196 = ADVANCED_FACE('',(#2197),#2288,.T.);
#2197 = FACE_BOUND('',#2198,.F.);
#2198 = EDGE_LOOP('',(#2199,#2209,#2218,#2231,#2240,#2253,#2260,#2261,
    #2269,#2275,#2276,#2277,#2284,#2285,#2286,#2287));
#2199 = ORIENTED_EDGE('',*,*,#2200,.T.);
#2200 = EDGE_CURVE('',#2201,#2203,#2205,.T.);
#2201 = VERTEX_POINT('',#2202);
#2202 = CARTESIAN_POINT('',(174.2593757318,20.967456506611,
    29.380129702744));
#2203 = VERTEX_POINT('',#2204);
#2204 = CARTESIAN_POINT('',(174.50922952018,21.133507957769,
    29.380129702744));
#2205 = LINE('',#2206,#2207);
#2206 = CARTESIAN_POINT('',(160.31527230127,11.700282193467,
    29.380129702744));
#2207 = VECTOR('',#2208,1.);
#2208 = DIRECTION('',(0.832845961271,0.553504837192,-3.87663684597E-18)
  );
#2209 = ORIENTED_EDGE('',*,*,#2210,.F.);
#2210 = EDGE_CURVE('',#2211,#2203,#2213,.T.);
#2211 = VERTEX_POINT('',#2212);
#2212 = CARTESIAN_POINT('',(174.73471263345,20.794228718263,
    28.887375579121));
#2213 = CIRCLE('',#2214,0.45);
#2214 = AXIS2_PLACEMENT_3D('',#2215,#2216,#2217);
#2215 = CARTESIAN_POINT('',(174.48686030674,21.167166397251,
    28.931948123758));
#2216 = DIRECTION('',(-0.832845961271,-0.553504837192,0.));
#2217 = DIRECTION('',(4.970936318775E-02,-7.479653218268E-02,
    0.995959064412));
#2218 = ORIENTED_EDGE('',*,*,#2219,.T.);
#2219 = EDGE_CURVE('',#2211,#2220,#2222,.T.);
#2220 = VERTEX_POINT('',#2221);
#2221 = CARTESIAN_POINT('',(174.15153584578,20.40705311783,
    28.884143225176));
#2222 = B_SPLINE_CURVE_WITH_KNOTS('',4,(#2223,#2224,#2225,#2226,#2227,
    #2228,#2229,#2230),.UNSPECIFIED.,.F.,.F.,(5,3,5),(0.,0.403217810335,
    1.),.UNSPECIFIED.);
#2223 = CARTESIAN_POINT('',(174.73471313224,20.794229051744,
    28.887375562493));
#2224 = CARTESIAN_POINT('',(174.67299011626,20.752962349339,
    28.889433220561));
#2225 = CARTESIAN_POINT('',(174.61113904442,20.711706528325,28.890815813
    ));
#2226 = CARTESIAN_POINT('',(174.54921103505,20.670473703814,
    28.891516111866));
#2227 = CARTESIAN_POINT('',(174.39554036341,20.568340206347,
    28.891560590464));
#2228 = CARTESIAN_POINT('',(174.3037560383,20.507499696909,
    28.890092325054));
#2229 = CARTESIAN_POINT('',(174.21203230118,20.446861209067,
    28.887129282779));
#2230 = CARTESIAN_POINT('',(174.12045233433,20.386582455438,
    28.882705270528));
#2231 = ORIENTED_EDGE('',*,*,#2232,.F.);
#2232 = EDGE_CURVE('',#2233,#2220,#2235,.T.);
#2233 = VERTEX_POINT('',#2234);
#2234 = CARTESIAN_POINT('',(173.65546207383,21.153483879953,
    28.964959743339));
#2235 = CIRCLE('',#2236,0.45);
#2236 = AXIS2_PLACEMENT_3D('',#2237,#2238,#2239);
#2237 = CARTESIAN_POINT('',(173.90386813385,20.779713011217,
    28.931948123758));
#2238 = DIRECTION('',(-0.832845961271,-0.553504837192,0.));
#2239 = DIRECTION('',(4.970936318775E-02,-7.479653218268E-02,
    0.995959064412));
#2240 = ORIENTED_EDGE('',*,*,#2241,.F.);
#2241 = EDGE_CURVE('',#2242,#2233,#2244,.T.);
#2242 = VERTEX_POINT('',#2243);
#2243 = CARTESIAN_POINT('',(174.23859266791,21.540728986819,
    28.968199622789));
#2244 = B_SPLINE_CURVE_WITH_KNOTS('',4,(#2245,#2246,#2247,#2248,#2249,
    #2250,#2251,#2252),.UNSPECIFIED.,.F.,.F.,(5,3,5),(0.,0.403217810344,
    1.),.UNSPECIFIED.);
#2245 = CARTESIAN_POINT('',(174.23859316687,21.540729320043,
    28.968199606133));
#2246 = CARTESIAN_POINT('',(174.17684898664,21.499494462984,
    28.970260712116));
#2247 = CARTESIAN_POINT('',(174.11499769046,21.458238979531,
    28.971643341159));
#2248 = CARTESIAN_POINT('',(174.05306969124,21.417006139747,
    28.972343638248));
#2249 = CARTESIAN_POINT('',(173.89939901958,21.31487264232,
    28.972388117021));
#2250 = CARTESIAN_POINT('',(173.80761458227,21.254032301696,
    28.9709198697));
#2251 = CARTESIAN_POINT('',(173.715890655,21.193394099972,
    28.967956858489));
#2252 = CARTESIAN_POINT('',(173.62440744315,21.132969761329,
    28.963517083659));
#2253 = ORIENTED_EDGE('',*,*,#2254,.F.);
#2254 = EDGE_CURVE('',#2203,#2242,#2255,.T.);
#2255 = CIRCLE('',#2256,0.45);
#2256 = AXIS2_PLACEMENT_3D('',#2257,#2258,#2259);
#2257 = CARTESIAN_POINT('',(174.48686030674,21.167166397251,
    28.931948123758));
#2258 = DIRECTION('',(-0.832845961271,-0.553504837192,0.));
#2259 = DIRECTION('',(4.970936318775E-02,-7.479653218268E-02,
    0.995959064412));
#2260 = ORIENTED_EDGE('',*,*,#2200,.F.);
#2261 = ORIENTED_EDGE('',*,*,#2262,.F.);
#2262 = EDGE_CURVE('',#2263,#2201,#2265,.T.);
#2263 = VERTEX_POINT('',#2264);
#2264 = CARTESIAN_POINT('',(160.56512608965,11.866333644625,
    29.380129702744));
#2265 = LINE('',#2266,#2267);
#2266 = CARTESIAN_POINT('',(160.31527230127,11.700282193467,
    29.380129702744));
#2267 = VECTOR('',#2268,1.);
#2268 = DIRECTION('',(0.832845961271,0.553504837192,-3.87663684597E-18)
  );
#2269 = ORIENTED_EDGE('',*,*,#2270,.F.);
#2270 = EDGE_CURVE('',#2175,#2263,#2271,.T.);
#2271 = LINE('',#2272,#2273);
#2272 = CARTESIAN_POINT('',(160.31527230127,11.700282193467,
    29.380129702744));
#2273 = VECTOR('',#2274,1.);
#2274 = DIRECTION('',(0.832845961271,0.553504837192,-3.87663684597E-18)
  );
#2275 = ORIENTED_EDGE('',*,*,#2183,.T.);
#2276 = ORIENTED_EDGE('',*,*,#1954,.F.);
#2277 = ORIENTED_EDGE('',*,*,#2278,.T.);
#2278 = EDGE_CURVE('',#1916,#1905,#2279,.T.);
#2279 = CIRCLE('',#2280,0.45);
#2280 = AXIS2_PLACEMENT_3D('',#2281,#2282,#2283);
#2281 = CARTESIAN_POINT('',(160.87589526073,12.121394018983,
    28.931948123758));
#2282 = DIRECTION('',(-0.832845961271,-0.553504837192,0.));
#2283 = DIRECTION('',(4.970936318775E-02,-7.479653218268E-02,
    0.995959064412));
#2284 = ORIENTED_EDGE('',*,*,#1904,.F.);
#2285 = ORIENTED_EDGE('',*,*,#2174,.T.);
#2286 = ORIENTED_EDGE('',*,*,#2270,.T.);
#2287 = ORIENTED_EDGE('',*,*,#2262,.T.);
#2288 = CYLINDRICAL_SURFACE('',#2289,0.45);
#2289 = AXIS2_PLACEMENT_3D('',#2290,#2291,#2292);
#2290 = CARTESIAN_POINT('',(160.29290308784,11.733940632949,
    28.931948123758));
#2291 = DIRECTION('',(0.832845961271,0.553504837192,-3.87663684597E-18)
  );
#2292 = DIRECTION('',(4.970936318775E-02,-7.479653218268E-02,
    0.995959064412));
#2293 = ADVANCED_FACE('',(#2294),#2298,.T.);
#2294 = FACE_BOUND('',#2295,.F.);
#2295 = EDGE_LOOP('',(#2296,#2297));
#2296 = ORIENTED_EDGE('',*,*,#1915,.F.);
#2297 = ORIENTED_EDGE('',*,*,#2278,.F.);
#2298 = PLANE('',#2299);
#2299 = AXIS2_PLACEMENT_3D('',#2300,#2301,#2302);
#2300 = CARTESIAN_POINT('',(159.41928720621,14.313118560201,
    15.893358616752));
#2301 = DIRECTION('',(0.832845961271,0.553504837192,-3.87663684597E-18)
  );
#2302 = DIRECTION('',(-4.970936318775E-02,7.479653218268E-02,
    -0.995959064412));
#2303 = ADVANCED_FACE('',(#2304),#2383,.T.);
#2304 = FACE_BOUND('',#2305,.F.);
#2305 = EDGE_LOOP('',(#2306,#2345,#2346));
#2306 = ORIENTED_EDGE('',*,*,#2307,.F.);
#2307 = EDGE_CURVE('',#2085,#2308,#2310,.T.);
#2308 = VERTEX_POINT('',#2309);
#2309 = CARTESIAN_POINT('',(173.92939335291,22.00597406404,
    17.762739142305));
#2310 = B_SPLINE_CURVE_WITH_KNOTS('',5,(#2311,#2312,#2313,#2314,#2315,
    #2316,#2317,#2318,#2319,#2320,#2321,#2322,#2323,#2324,#2325,#2326,
    #2327,#2328,#2329,#2330,#2331,#2332,#2333,#2334,#2335,#2336,#2337,
    #2338,#2339,#2340,#2341,#2342,#2343,#2344),.UNSPECIFIED.,.T.,.F.,(6,
    4,4,4,4,4,4,4,6),(0.,0.138619387769,0.263630847874,0.386642185846,
    0.500950626786,0.613357767905,0.736369096435,0.861380558054,1.),
  .UNSPECIFIED.);
#2311 = CARTESIAN_POINT('',(173.92939335291,22.00597406404,
    17.762739142305));
#2312 = CARTESIAN_POINT('',(173.97260979238,21.940947284406,
    17.75569865284));
#2313 = CARTESIAN_POINT('',(174.01668963064,21.87462136853,
    17.765681160219));
#2314 = CARTESIAN_POINT('',(174.05885709626,21.811172955659,
    17.793157753038));
#2315 = CARTESIAN_POINT('',(174.09633182293,21.754785598837,
    17.836313511574));
#2316 = CARTESIAN_POINT('',(174.15493293502,21.666609857178,
    17.941431824921));
#2317 = CARTESIAN_POINT('',(174.17731666172,21.632929579918,
    18.001156611188));
#2318 = CARTESIAN_POINT('',(174.19284710547,21.609561279437,
    18.068172261464));
#2319 = CARTESIAN_POINT('',(174.20070019227,21.597744920872,
    18.138915119776));
#2320 = CARTESIAN_POINT('',(174.20104218384,21.597230334052,
    18.279361289507));
#2321 = CARTESIAN_POINT('',(174.19377496425,21.608165151745,
    18.349090338906));
#2322 = CARTESIAN_POINT('',(174.17905733422,21.630310430162,
    18.415386636718));
#2323 = CARTESIAN_POINT('',(174.15764443263,21.662529929267,
    18.474838028348));
#2324 = CARTESIAN_POINT('',(174.10602117479,21.740206254593,
    18.571467075012));
#2325 = CARTESIAN_POINT('',(174.07653242175,21.784577301102,
    18.609938058014));
#2326 = CARTESIAN_POINT('',(174.0434962665,21.834286041885,
    18.638308777149));
#2327 = CARTESIAN_POINT('',(174.00837515302,21.887131971224,
    18.655318975443));
#2328 = CARTESIAN_POINT('',(173.93765666932,21.99354044244,
    18.66606934921));
#2329 = CARTESIAN_POINT('',(173.90206713745,22.047091190139,
    18.660193364995));
#2330 = CARTESIAN_POINT('',(173.86742392537,22.099218032263,
    18.64288177138));
#2331 = CARTESIAN_POINT('',(173.83520904672,22.147691017093,
    18.614879022942));
#2332 = CARTESIAN_POINT('',(173.77533416062,22.237783377121,
    18.53712120392));
#2333 = CARTESIAN_POINT('',(173.74837996541,22.278340732928,
    18.485549426185));
#2334 = CARTESIAN_POINT('',(173.72733527545,22.310006192485,
    18.425079265422));
#2335 = CARTESIAN_POINT('',(173.71328091018,22.331153471721,
    18.35882377498));
#2336 = CARTESIAN_POINT('',(173.69971079855,22.351572105693,
    18.220532633015));
#2337 = CARTESIAN_POINT('',(173.70043244664,22.350486258447,
    18.148392838309));
#2338 = CARTESIAN_POINT('',(173.70907666552,22.337479501688,
    18.077438826276));
#2339 = CARTESIAN_POINT('',(173.72518553758,22.313240853473,
    18.011443106081));
#2340 = CARTESIAN_POINT('',(173.77243283915,22.242148928611,
    17.889080721039));
#2341 = CARTESIAN_POINT('',(173.80502991041,22.19310086738,
    17.834509367205));
#2342 = CARTESIAN_POINT('',(173.8437965324,22.134769625467,
    17.793847586035));
#2343 = CARTESIAN_POINT('',(173.88617689621,22.071000869599,
    17.769779634577));
#2344 = CARTESIAN_POINT('',(173.92939335291,22.00597406404,
    17.762739142305));
#2345 = ORIENTED_EDGE('',*,*,#2084,.T.);
#2346 = ORIENTED_EDGE('',*,*,#2347,.F.);
#2347 = EDGE_CURVE('',#2308,#2087,#2348,.T.);
#2348 = B_SPLINE_CURVE_WITH_KNOTS('',5,(#2349,#2350,#2351,#2352,#2353,
    #2354,#2355,#2356,#2357,#2358,#2359,#2360,#2361,#2362,#2363,#2364,
    #2365,#2366,#2367,#2368,#2369,#2370,#2371,#2372,#2373,#2374,#2375,
    #2376,#2377,#2378,#2379,#2380,#2381,#2382),.UNSPECIFIED.,.T.,.F.,(6,
    4,4,4,4,4,4,4,6),(0.,0.138619387769,0.263630847874,0.386642185846,
    0.500950626786,0.613357767905,0.736369096435,0.861380558054,1.),
  .UNSPECIFIED.);
#2349 = CARTESIAN_POINT('',(173.92939335291,22.00597406404,
    17.762739142305));
#2350 = CARTESIAN_POINT('',(173.97260979238,21.940947284406,
    17.75569865284));
#2351 = CARTESIAN_POINT('',(174.01668963064,21.87462136853,
    17.765681160219));
#2352 = CARTESIAN_POINT('',(174.05885709626,21.811172955659,
    17.793157753038));
#2353 = CARTESIAN_POINT('',(174.09633182293,21.754785598837,
    17.836313511574));
#2354 = CARTESIAN_POINT('',(174.15493293502,21.666609857178,
    17.941431824921));
#2355 = CARTESIAN_POINT('',(174.17731666172,21.632929579918,
    18.001156611188));
#2356 = CARTESIAN_POINT('',(174.19284710547,21.609561279437,
    18.068172261464));
#2357 = CARTESIAN_POINT('',(174.20070019227,21.597744920872,
    18.138915119776));
#2358 = CARTESIAN_POINT('',(174.20104218384,21.597230334052,
    18.279361289507));
#2359 = CARTESIAN_POINT('',(174.19377496425,21.608165151745,
    18.349090338906));
#2360 = CARTESIAN_POINT('',(174.17905733422,21.630310430162,
    18.415386636718));
#2361 = CARTESIAN_POINT('',(174.15764443263,21.662529929267,
    18.474838028348));
#2362 = CARTESIAN_POINT('',(174.10602117479,21.740206254593,
    18.571467075012));
#2363 = CARTESIAN_POINT('',(174.07653242175,21.784577301102,
    18.609938058014));
#2364 = CARTESIAN_POINT('',(174.0434962665,21.834286041885,
    18.638308777149));
#2365 = CARTESIAN_POINT('',(174.00837515302,21.887131971224,
    18.655318975443));
#2366 = CARTESIAN_POINT('',(173.93765666932,21.99354044244,
    18.66606934921));
#2367 = CARTESIAN_POINT('',(173.90206713745,22.047091190139,
    18.660193364995));
#2368 = CARTESIAN_POINT('',(173.86742392537,22.099218032263,
    18.64288177138));
#2369 = CARTESIAN_POINT('',(173.83520904672,22.147691017093,
    18.614879022942));
#2370 = CARTESIAN_POINT('',(173.77533416062,22.237783377121,
    18.53712120392));
#2371 = CARTESIAN_POINT('',(173.74837996541,22.278340732928,
    18.485549426185));
#2372 = CARTESIAN_POINT('',(173.72733527545,22.310006192485,
    18.425079265422));
#2373 = CARTESIAN_POINT('',(173.71328091018,22.331153471721,
    18.35882377498));
#2374 = CARTESIAN_POINT('',(173.69971079855,22.351572105693,
    18.220532633015));
#2375 = CARTESIAN_POINT('',(173.70043244664,22.350486258447,
    18.148392838309));
#2376 = CARTESIAN_POINT('',(173.70907666552,22.337479501688,
    18.077438826276));
#2377 = CARTESIAN_POINT('',(173.72518553758,22.313240853473,
    18.011443106081));
#2378 = CARTESIAN_POINT('',(173.77243283915,22.242148928611,
    17.889080721039));
#2379 = CARTESIAN_POINT('',(173.80502991041,22.19310086738,
    17.834509367205));
#2380 = CARTESIAN_POINT('',(173.8437965324,22.134769625467,
    17.793847586035));
#2381 = CARTESIAN_POINT('',(173.88617689621,22.071000869599,
    17.769779634577));
#2382 = CARTESIAN_POINT('',(173.92939335291,22.00597406404,
    17.762739142305));
#2383 = PLANE('',#2384);
#2384 = AXIS2_PLACEMENT_3D('',#2385,#2386,#2387);
#2385 = CARTESIAN_POINT('',(173.95137902375,21.97289273226,
    18.203236198613));
#2386 = DIRECTION('',(0.832845961271,0.553504837192,-3.87663684597E-18)
  );
#2387 = DIRECTION('',(-4.970936318775E-02,7.479653218268E-02,
    -0.995959064412));
#2388 = ADVANCED_FACE('',(#2389),#2449,.T.);
#2389 = FACE_BOUND('',#2390,.F.);
#2390 = EDGE_LOOP('',(#2391,#2392,#2401,#2408,#2409,#2410,#2411,#2448));
#2391 = ORIENTED_EDGE('',*,*,#2347,.F.);
#2392 = ORIENTED_EDGE('',*,*,#2393,.F.);
#2393 = EDGE_CURVE('',#2394,#2308,#2396,.T.);
#2394 = VERTEX_POINT('',#2395);
#2395 = CARTESIAN_POINT('',(178.82985562317,24.634299278966,
    23.567592161185));
#2396 = CIRCLE('',#2397,5.83612093032);
#2397 = AXIS2_PLACEMENT_3D('',#2398,#2399,#2400);
#2398 = CARTESIAN_POINT('',(173.96926587686,21.403978113598,
    23.567592161185));
#2399 = DIRECTION('',(-0.551268159797,0.829480484387,8.980836272356E-02)
  );
#2400 = DIRECTION('',(0.832845961271,0.553504837192,-3.87663684597E-18)
  );
#2401 = ORIENTED_EDGE('',*,*,#2402,.T.);
#2402 = EDGE_CURVE('',#2394,#2394,#2403,.T.);
#2403 = CIRCLE('',#2404,0.45);
#2404 = AXIS2_PLACEMENT_3D('',#2405,#2406,#2407);
#2405 = CARTESIAN_POINT('',(178.4550749406,24.38522210223,
    23.567592161185));
#2406 = DIRECTION('',(-4.970936318775E-02,7.479653218268E-02,
    -0.995959064412));
#2407 = DIRECTION('',(0.832845961271,0.553504837192,-3.87663684597E-18)
  );
#2408 = ORIENTED_EDGE('',*,*,#2393,.T.);
#2409 = ORIENTED_EDGE('',*,*,#2307,.F.);
#2410 = ORIENTED_EDGE('',*,*,#2095,.F.);
#2411 = ORIENTED_EDGE('',*,*,#2412,.F.);
#2412 = EDGE_CURVE('',#2136,#2096,#2413,.T.);
#2413 = B_SPLINE_CURVE_WITH_KNOTS('',5,(#2414,#2415,#2416,#2417,#2418,
    #2419,#2420,#2421,#2422,#2423,#2424,#2425,#2426,#2427,#2428,#2429,
    #2430,#2431,#2432,#2433,#2434,#2435,#2436,#2437,#2438,#2439,#2440,
    #2441,#2442,#2443,#2444,#2445,#2446,#2447),.UNSPECIFIED.,.T.,.F.,(6,
    4,4,4,4,4,4,4,6),(0.,0.138610114175,0.263630309534,0.386650049708,
    0.500950528744,0.613349908705,0.736369632174,0.861389830361,1.),
  .UNSPECIFIED.);
#2414 = CARTESIAN_POINT('',(173.34669984232,21.61807128773,
    17.76872303361));
#2415 = CARTESIAN_POINT('',(173.3899180126,21.553041903791,
    17.761682262175));
#2416 = CARTESIAN_POINT('',(173.43400062858,21.486711808353,
    17.771683415944));
#2417 = CARTESIAN_POINT('',(173.47617016897,21.423260273613,
    17.799197944348));
#2418 = CARTESIAN_POINT('',(173.51364572246,21.366871672693,
    17.842405637406));
#2419 = CARTESIAN_POINT('',(173.57225263119,21.278687208974,
    17.947647350822));
#2420 = CARTESIAN_POINT('',(173.59463981427,21.245001730981,
    18.00744464731));
#2421 = CARTESIAN_POINT('',(173.61017302342,21.221629269462,
    18.074539042934));
#2422 = CARTESIAN_POINT('',(173.61802977202,21.209807401064,
    18.145364176245));
#2423 = CARTESIAN_POINT('',(173.61838030845,21.209279956986,
    18.285976390106));
#2424 = CARTESIAN_POINT('',(173.61111797176,21.22020742748,
    18.355788955431));
#2425 = CARTESIAN_POINT('',(173.59640574357,21.242344577884,
    18.422168246066));
#2426 = CARTESIAN_POINT('',(173.57499670848,21.274558259171,
    18.481697570018));
#2427 = CARTESIAN_POINT('',(173.52337925155,21.352225855983,
    18.578448051522));
#2428 = CARTESIAN_POINT('',(173.49389408247,21.39659150979,
    18.616966412059));
#2429 = CARTESIAN_POINT('',(173.46085939633,21.446298040038,
    18.645371986287));
#2430 = CARTESIAN_POINT('',(173.42573771309,21.499144826686,
    18.66239944055));
#2431 = CARTESIAN_POINT('',(173.3550165168,21.605557379487,
    18.673149114021));
#2432 = CARTESIAN_POINT('',(173.31942473854,21.659111507257,
    18.667255759875));
#2433 = CARTESIAN_POINT('',(173.28477956028,21.71124130786,
    18.649909551997));
#2434 = CARTESIAN_POINT('',(173.2525635194,21.759716041466,
    18.621859692302));
#2435 = CARTESIAN_POINT('',(173.19268231389,21.849817910165,
    18.543981431343));
#2436 = CARTESIAN_POINT('',(173.16572420588,21.890381153463,
    18.492331732562));
#2437 = CARTESIAN_POINT('',(173.14467661203,21.922050982449,
    18.431778175783));
#2438 = CARTESIAN_POINT('',(173.13061877988,21.943203478225,
    18.365438942088));
#2439 = CARTESIAN_POINT('',(173.11704062941,21.963634208044,
    18.226981673887));
#2440 = CARTESIAN_POINT('',(173.11775773151,21.962555201052,
    18.154759745006));
#2441 = CARTESIAN_POINT('',(173.12639687259,21.949556084741,
    18.083727360582));
#2442 = CARTESIAN_POINT('',(173.14250196474,21.92532312406,
    18.017659179052));
#2443 = CARTESIAN_POINT('',(173.18974275034,21.854241003637,
    17.895173503825));
#2444 = CARTESIAN_POINT('',(173.22233549318,21.805199455268,
    17.840550782491));
#2445 = CARTESIAN_POINT('',(173.26110040134,21.746870792119,
    17.799851004416));
#2446 = CARTESIAN_POINT('',(173.30348165326,21.683100699934,
    17.775763808106));
#2447 = CARTESIAN_POINT('',(173.34669984232,21.61807128773,
    17.76872303361));
#2448 = ORIENTED_EDGE('',*,*,#2144,.F.);
#2449 = TOROIDAL_SURFACE('',#2450,5.38612093032,0.45);
#2450 = AXIS2_PLACEMENT_3D('',#2451,#2452,#2453);
#2451 = CARTESIAN_POINT('',(173.96926587686,21.403978113598,
    23.567592161185));
#2452 = DIRECTION('',(0.551268159797,-0.829480484387,-8.980836272356E-02
    ));
#2453 = DIRECTION('',(0.832845961271,0.553504837192,-3.87663684597E-18)
  );
#2454 = ADVANCED_FACE('',(#2455),#2460,.F.);
#2455 = FACE_BOUND('',#2456,.T.);
#2456 = EDGE_LOOP('',(#2457,#2458,#2459));
#2457 = ORIENTED_EDGE('',*,*,#2135,.F.);
#2458 = ORIENTED_EDGE('',*,*,#2412,.T.);
#2459 = ORIENTED_EDGE('',*,*,#2108,.F.);
#2460 = PLANE('',#2461);
#2461 = AXIS2_PLACEMENT_3D('',#2462,#2463,#2464);
#2462 = CARTESIAN_POINT('',(172.44726007934,22.971437552435,
    15.893358616752));
#2463 = DIRECTION('',(0.832845961271,0.553504837192,-3.87663684597E-18)
  );
#2464 = DIRECTION('',(-4.970936318775E-02,7.479653218268E-02,
    -0.995959064412));
#2465 = ADVANCED_FACE('',(#2466),#2546,.T.);
#2466 = FACE_BOUND('',#2467,.F.);
#2467 = EDGE_LOOP('',(#2468,#2469,#2470,#2509));
#2468 = ORIENTED_EDGE('',*,*,#2210,.T.);
#2469 = ORIENTED_EDGE('',*,*,#2254,.T.);
#2470 = ORIENTED_EDGE('',*,*,#2471,.T.);
#2471 = EDGE_CURVE('',#2242,#2472,#2474,.T.);
#2472 = VERTEX_POINT('',#2473);
#2473 = CARTESIAN_POINT('',(174.50884597758,21.134085065472,
    29.372445180066));
#2474 = B_SPLINE_CURVE_WITH_KNOTS('',5,(#2475,#2476,#2477,#2478,#2479,
    #2480,#2481,#2482,#2483,#2484,#2485,#2486,#2487,#2488,#2489,#2490,
    #2491,#2492,#2493,#2494,#2495,#2496,#2497,#2498,#2499,#2500,#2501,
    #2502,#2503,#2504,#2505,#2506,#2507,#2508),.UNSPECIFIED.,.T.,.F.,(6,
    4,4,4,4,4,4,4,6),(0.,0.138619387781,0.263630847886,0.386642185857,
    0.500950626823,0.613357768105,0.736369096635,0.861380558255,1.),
  .UNSPECIFIED.);
#2475 = CARTESIAN_POINT('',(174.50884597758,21.134085065472,
    29.372445180066));
#2476 = CARTESIAN_POINT('',(174.55206241705,21.069058285832,
    29.3654046906));
#2477 = CARTESIAN_POINT('',(174.59444276199,21.005289558357,
    29.341336756087));
#2478 = CARTESIAN_POINT('',(174.63320937139,20.946958335392,
    29.300675007116));
#2479 = CARTESIAN_POINT('',(174.66580643715,20.897910282442,
    29.246103691844));
#2480 = CARTESIAN_POINT('',(174.71305375166,20.826818338108,
    29.123741368067));
#2481 = CARTESIAN_POINT('',(174.72916263651,20.802579670639,
    29.057745661993));
#2482 = CARTESIAN_POINT('',(174.73780686995,20.789572891978,
    28.986791659502));
#2483 = CARTESIAN_POINT('',(174.73852853364,20.788487021277,
    28.914651868884));
#2484 = CARTESIAN_POINT('',(174.72495845268,20.808905609078,
    28.776360717594));
#2485 = CARTESIAN_POINT('',(174.71090410121,20.83005286756,
    28.710105214335));
#2486 = CARTESIAN_POINT('',(174.6898594232,20.861718309137,
    28.649635036308));
#2487 = CARTESIAN_POINT('',(174.66290523757,20.902275650528,
    28.598063238008));
#2488 = CARTESIAN_POINT('',(174.60254680228,20.993095595868,
    28.519677386304));
#2489 = CARTESIAN_POINT('',(174.56972445416,21.042482625994,
    28.491357647981));
#2490 = CARTESIAN_POINT('',(174.53441202492,21.095616423746,
    28.474121753814));
#2491 = CARTESIAN_POINT('',(174.49817315457,21.150144216065,
    28.46873697448));
#2492 = CARTESIAN_POINT('',(174.42753096706,21.256437886173,
    28.481015992537));
#2493 = CARTESIAN_POINT('',(174.39309735509,21.308249347856,
    28.498299608077));
#2494 = CARTESIAN_POINT('',(174.36072711729,21.356956098016,
    28.526528516888));
#2495 = CARTESIAN_POINT('',(174.33180464716,21.400475071686,
    28.564491291415));
#2496 = CARTESIAN_POINT('',(174.28059495245,21.477529118097,
    28.660346154956));
#2497 = CARTESIAN_POINT('',(174.25918203944,21.509748634391,
    28.719797529495));
#2498 = CARTESIAN_POINT('',(174.24446439599,21.531893933004,
    28.786093814215));
#2499 = CARTESIAN_POINT('',(174.23719716161,21.542828772958,
    28.855822855479));
#2500 = CARTESIAN_POINT('',(174.23753912215,21.542314232815,
    28.996269025951));
#2501 = CARTESIAN_POINT('',(174.24539219407,21.530497896648,
    29.067011893306));
#2502 = CARTESIAN_POINT('',(174.26092262448,21.507129616229,
    29.134027557641));
#2503 = CARTESIAN_POINT('',(174.28330634003,21.473449355748,
    29.193752361889));
#2504 = CARTESIAN_POINT('',(174.34190744548,21.38527362408,
    29.298870739495));
#2505 = CARTESIAN_POINT('',(174.37938218136,21.328886253412,
    29.342026534069));
#2506 = CARTESIAN_POINT('',(174.4215496625,21.265437817181,
    29.369503154412));
#2507 = CARTESIAN_POINT('',(174.46562952094,21.199111870937,
    29.379485672328));
#2508 = CARTESIAN_POINT('',(174.50884597758,21.134085065472,
    29.372445180066));
#2509 = ORIENTED_EDGE('',*,*,#2510,.T.);
#2510 = EDGE_CURVE('',#2472,#2211,#2511,.T.);
#2511 = B_SPLINE_CURVE_WITH_KNOTS('',5,(#2512,#2513,#2514,#2515,#2516,
    #2517,#2518,#2519,#2520,#2521,#2522,#2523,#2524,#2525,#2526,#2527,
    #2528,#2529,#2530,#2531,#2532,#2533,#2534,#2535,#2536,#2537,#2538,
    #2539,#2540,#2541,#2542,#2543,#2544,#2545),.UNSPECIFIED.,.T.,.F.,(6,
    4,4,4,4,4,4,4,6),(0.,0.138619387781,0.263630847886,0.386642185857,
    0.500950626823,0.613357768105,0.736369096635,0.861380558255,1.),
  .UNSPECIFIED.);
#2512 = CARTESIAN_POINT('',(174.50884597758,21.134085065472,
    29.372445180066));
#2513 = CARTESIAN_POINT('',(174.55206241705,21.069058285832,
    29.3654046906));
#2514 = CARTESIAN_POINT('',(174.59444276199,21.005289558357,
    29.341336756087));
#2515 = CARTESIAN_POINT('',(174.63320937139,20.946958335392,
    29.300675007116));
#2516 = CARTESIAN_POINT('',(174.66580643715,20.897910282442,
    29.246103691844));
#2517 = CARTESIAN_POINT('',(174.71305375166,20.826818338108,
    29.123741368067));
#2518 = CARTESIAN_POINT('',(174.72916263651,20.802579670639,
    29.057745661993));
#2519 = CARTESIAN_POINT('',(174.73780686995,20.789572891978,
    28.986791659502));
#2520 = CARTESIAN_POINT('',(174.73852853364,20.788487021277,
    28.914651868884));
#2521 = CARTESIAN_POINT('',(174.72495845268,20.808905609078,
    28.776360717594));
#2522 = CARTESIAN_POINT('',(174.71090410121,20.83005286756,
    28.710105214335));
#2523 = CARTESIAN_POINT('',(174.6898594232,20.861718309137,
    28.649635036308));
#2524 = CARTESIAN_POINT('',(174.66290523757,20.902275650528,
    28.598063238008));
#2525 = CARTESIAN_POINT('',(174.60254680228,20.993095595868,
    28.519677386304));
#2526 = CARTESIAN_POINT('',(174.56972445416,21.042482625994,
    28.491357647981));
#2527 = CARTESIAN_POINT('',(174.53441202492,21.095616423746,
    28.474121753814));
#2528 = CARTESIAN_POINT('',(174.49817315457,21.150144216065,
    28.46873697448));
#2529 = CARTESIAN_POINT('',(174.42753096706,21.256437886173,
    28.481015992537));
#2530 = CARTESIAN_POINT('',(174.39309735509,21.308249347856,
    28.498299608077));
#2531 = CARTESIAN_POINT('',(174.36072711729,21.356956098016,
    28.526528516888));
#2532 = CARTESIAN_POINT('',(174.33180464716,21.400475071686,
    28.564491291415));
#2533 = CARTESIAN_POINT('',(174.28059495245,21.477529118097,
    28.660346154956));
#2534 = CARTESIAN_POINT('',(174.25918203944,21.509748634391,
    28.719797529495));
#2535 = CARTESIAN_POINT('',(174.24446439599,21.531893933004,
    28.786093814215));
#2536 = CARTESIAN_POINT('',(174.23719716161,21.542828772958,
    28.855822855479));
#2537 = CARTESIAN_POINT('',(174.23753912215,21.542314232815,
    28.996269025951));
#2538 = CARTESIAN_POINT('',(174.24539219407,21.530497896648,
    29.067011893306));
#2539 = CARTESIAN_POINT('',(174.26092262448,21.507129616229,
    29.134027557641));
#2540 = CARTESIAN_POINT('',(174.28330634003,21.473449355748,
    29.193752361889));
#2541 = CARTESIAN_POINT('',(174.34190744548,21.38527362408,
    29.298870739495));
#2542 = CARTESIAN_POINT('',(174.37938218136,21.328886253412,
    29.342026534069));
#2543 = CARTESIAN_POINT('',(174.4215496625,21.265437817181,
    29.369503154412));
#2544 = CARTESIAN_POINT('',(174.46562952094,21.199111870937,
    29.379485672328));
#2545 = CARTESIAN_POINT('',(174.50884597758,21.134085065472,
    29.372445180066));
#2546 = PLANE('',#2547);
#2547 = AXIS2_PLACEMENT_3D('',#2548,#2549,#2550);
#2548 = CARTESIAN_POINT('',(174.48686030674,21.167166397251,
    28.931948123758));
#2549 = DIRECTION('',(0.832845961271,0.553504837192,-3.87663684597E-18)
  );
#2550 = DIRECTION('',(-4.970936318775E-02,7.479653218268E-02,
    -0.995959064412));
#2551 = ADVANCED_FACE('',(#2552),#2604,.T.);
#2552 = FACE_BOUND('',#2553,.F.);
#2553 = EDGE_LOOP('',(#2554,#2555,#2562,#2563,#2564,#2565,#2566,#2603));
#2554 = ORIENTED_EDGE('',*,*,#2471,.T.);
#2555 = ORIENTED_EDGE('',*,*,#2556,.T.);
#2556 = EDGE_CURVE('',#2472,#2394,#2557,.T.);
#2557 = CIRCLE('',#2558,5.83612093032);
#2558 = AXIS2_PLACEMENT_3D('',#2559,#2560,#2561);
#2559 = CARTESIAN_POINT('',(173.96926587686,21.403978113598,
    23.567592161185));
#2560 = DIRECTION('',(-0.551268159797,0.829480484387,8.980836272356E-02)
  );
#2561 = DIRECTION('',(0.832845961271,0.553504837192,-3.87663684597E-18)
  );
#2562 = ORIENTED_EDGE('',*,*,#2402,.F.);
#2563 = ORIENTED_EDGE('',*,*,#2556,.F.);
#2564 = ORIENTED_EDGE('',*,*,#2510,.T.);
#2565 = ORIENTED_EDGE('',*,*,#2219,.T.);
#2566 = ORIENTED_EDGE('',*,*,#2567,.T.);
#2567 = EDGE_CURVE('',#2220,#2233,#2568,.T.);
#2568 = B_SPLINE_CURVE_WITH_KNOTS('',5,(#2569,#2570,#2571,#2572,#2573,
    #2574,#2575,#2576,#2577,#2578,#2579,#2580,#2581,#2582,#2583,#2584,
    #2585,#2586,#2587,#2588,#2589,#2590,#2591,#2592,#2593,#2594,#2595,
    #2596,#2597,#2598,#2599,#2600,#2601,#2602),.UNSPECIFIED.,.T.,.F.,(6,
    4,4,4,4,4,4,4,6),(0.,0.138610114167,0.263630309527,0.3866500497,
    0.500950528721,0.613349908588,0.736369632057,0.861389830244,1.),
  .UNSPECIFIED.);
#2569 = CARTESIAN_POINT('',(173.92555514239,20.747081069714,
    29.366461288761));
#2570 = CARTESIAN_POINT('',(173.96877331266,20.682051685779,
    29.359420517326));
#2571 = CARTESIAN_POINT('',(174.01115454419,20.61828162427,
    29.335333339469));
#2572 = CARTESIAN_POINT('',(174.04991943863,20.559952981769,
    29.294633596304));
#2573 = CARTESIAN_POINT('',(174.08251217547,20.510911442444,
    29.240010917058));
#2574 = CARTESIAN_POINT('',(174.12975297441,20.439829301937,
    29.117525310355));
#2575 = CARTESIAN_POINT('',(174.14585808015,20.415596320817,
    29.051457146643));
#2576 = CARTESIAN_POINT('',(174.15449723726,20.40259718039,
    28.980424775285));
#2577 = CARTESIAN_POINT('',(174.15521435706,20.401518146762,
    28.908202853369));
#2578 = CARTESIAN_POINT('',(174.14163624195,20.42194882337,
    28.769745574748));
#2579 = CARTESIAN_POINT('',(174.12757842513,20.443101296083,
    28.703406324622));
#2580 = CARTESIAN_POINT('',(174.10653084412,20.474771105735,
    28.642852746679));
#2581 = CARTESIAN_POINT('',(174.07957274599,20.515334334176,
    28.591203023547));
#2582 = CARTESIAN_POINT('',(174.01920799395,20.606163784182,
    28.512695821039));
#2583 = CARTESIAN_POINT('',(173.98638448081,20.655552567285,
    28.484328311108));
#2584 = CARTESIAN_POINT('',(173.95107004576,20.708689383147,
    28.467057649277));
#2585 = CARTESIAN_POINT('',(173.91482890622,20.763220589865,
    28.461656076458));
#2586 = CARTESIAN_POINT('',(173.84418411929,20.869518171247,
    28.473936660153));
#2587 = CARTESIAN_POINT('',(173.80975001717,20.921330370444,
    28.491238091361));
#2588 = CARTESIAN_POINT('',(173.77738127236,20.970034874142,
    28.519501691398));
#2589 = CARTESIAN_POINT('',(173.7484623236,21.013548549288,
    28.557511192681));
#2590 = CARTESIAN_POINT('',(173.69725833717,21.090594006588,
    28.653486597422));
#2591 = CARTESIAN_POINT('',(173.67584928992,21.122807706154,
    28.713015900581));
#2592 = CARTESIAN_POINT('',(173.66113704697,21.144944878771,
    28.779395174526));
#2593 = CARTESIAN_POINT('',(173.65387469355,21.155872374444,
    28.849207728632));
#2594 = CARTESIAN_POINT('',(173.6542251941,21.155344984351,
    28.989819943669));
#2595 = CARTESIAN_POINT('',(173.66208192595,21.143523141162,
    29.060645089564));
#2596 = CARTESIAN_POINT('',(173.6776151206,21.120150701463,
    29.127739503243));
#2597 = CARTESIAN_POINT('',(173.70000229206,21.086465240958,
    29.187536821679));
#2598 = CARTESIAN_POINT('',(173.75860919442,20.998280786813,
    29.292778606945));
#2599 = CARTESIAN_POINT('',(173.79608475801,20.941892170697,
    29.335986339541));
#2600 = CARTESIAN_POINT('',(173.83825431539,20.878440610395,
    29.363500897905));
#2601 = CARTESIAN_POINT('',(173.88233695329,20.812110481972,
    29.373502063262));
#2602 = CARTESIAN_POINT('',(173.92555514239,20.747081069714,
    29.366461288761));
#2603 = ORIENTED_EDGE('',*,*,#2241,.F.);
#2604 = TOROIDAL_SURFACE('',#2605,5.38612093032,0.45);
#2605 = AXIS2_PLACEMENT_3D('',#2606,#2607,#2608);
#2606 = CARTESIAN_POINT('',(173.96926587686,21.403978113598,
    23.567592161185));
#2607 = DIRECTION('',(0.551268159797,-0.829480484387,-8.980836272356E-02
    ));
#2608 = DIRECTION('',(0.832845961271,0.553504837192,-3.87663684597E-18)
  );
#2609 = ADVANCED_FACE('',(#2610),#2614,.F.);
#2610 = FACE_BOUND('',#2611,.T.);
#2611 = EDGE_LOOP('',(#2612,#2613));
#2612 = ORIENTED_EDGE('',*,*,#2567,.F.);
#2613 = ORIENTED_EDGE('',*,*,#2232,.F.);
#2614 = PLANE('',#2615);
#2615 = AXIS2_PLACEMENT_3D('',#2616,#2617,#2618);
#2616 = CARTESIAN_POINT('',(172.44726007934,22.971437552435,
    15.893358616752));
#2617 = DIRECTION('',(0.832845961271,0.553504837192,-3.87663684597E-18)
  );
#2618 = DIRECTION('',(-4.970936318775E-02,7.479653218268E-02,
    -0.995959064412));
#2619 = MANIFOLD_SOLID_BREP('',#2620);
#2620 = CLOSED_SHELL('',(#2621,#2915,#2940,#3026,#3037,#3063,#3174,#3184
    ,#3269,#3336,#3347,#3433,#3493));
#2621 = ADVANCED_FACE('',(#2622),#2910,.T.);
#2622 = FACE_BOUND('',#2623,.F.);
#2623 = EDGE_LOOP('',(#2624,#2665,#2676,#2715,#2724,#2763,#2774,#2813,
    #2824,#2861,#2862,#2901));
#2624 = ORIENTED_EDGE('',*,*,#2625,.F.);
#2625 = EDGE_CURVE('',#2626,#2628,#2630,.T.);
#2626 = VERTEX_POINT('',#2627);
#2627 = CARTESIAN_POINT('',(176.75684703359,18.625112034061,
    18.064254337652));
#2628 = VERTEX_POINT('',#2629);
#2629 = CARTESIAN_POINT('',(176.12311752504,19.258841542609,
    18.145069754616));
#2630 = B_SPLINE_CURVE_WITH_KNOTS('',5,(#2631,#2632,#2633,#2634,#2635,
    #2636,#2637,#2638,#2639,#2640,#2641,#2642,#2643,#2644,#2645,#2646,
    #2647,#2648,#2649,#2650,#2651,#2652,#2653,#2654,#2655,#2656,#2657,
    #2658,#2659,#2660,#2661,#2662,#2663,#2664),.UNSPECIFIED.,.T.,.F.,(6,
    4,4,4,4,4,4,4,6),(0.,0.139607573528,0.264630001869,0.387651696863,
    0.500950509723,0.612348258455,0.735369934021,0.86039236669,1.),
  .UNSPECIFIED.);
#2631 = CARTESIAN_POINT('',(176.41182152799,18.970137539663,
    17.663006239105));
#2632 = CARTESIAN_POINT('',(176.46743179454,18.914527273113,
    17.655914622227));
#2633 = CARTESIAN_POINT('',(176.52416306754,18.857796000114,
    17.666115666164));
#2634 = CARTESIAN_POINT('',(176.57838833357,18.803570734076,
    17.694091677254));
#2635 = CARTESIAN_POINT('',(176.62647777672,18.755481290926,
    17.737963586087));
#2636 = CARTESIAN_POINT('',(176.70116452775,18.680794539901,17.844298498
    ));
#2637 = CARTESIAN_POINT('',(176.72949981359,18.652459254064,
    17.90436532246));
#2638 = CARTESIAN_POINT('',(176.74904674329,18.63291232436,
    17.971652717953));
#2639 = CARTESIAN_POINT('',(176.75877089187,18.623188175779,
    18.042584564721));
#2640 = CARTESIAN_POINT('',(176.75859825606,18.623360811588,
    18.183236288959));
#2641 = CARTESIAN_POINT('',(176.74901293524,18.632946132411,
    18.252984351714));
#2642 = CARTESIAN_POINT('',(176.72992590007,18.652033167575,
    18.31921466625));
#2643 = CARTESIAN_POINT('',(176.70231365843,18.679645409216,
    18.378517941381));
#2644 = CARTESIAN_POINT('',(176.63622583102,18.745733236627,
    18.474303188096));
#2645 = CARTESIAN_POINT('',(176.59877135155,18.783187716099,
    18.512232989074));
#2646 = CARTESIAN_POINT('',(176.556892799,18.825066268647,
    18.540201214118));
#2647 = CARTESIAN_POINT('',(176.51241112523,18.869547942422,
    18.556983310635));
#2648 = CARTESIAN_POINT('',(176.4228603417,18.959098725954,
    18.567637985056));
#2649 = CARTESIAN_POINT('',(176.37780143853,19.004157629119,
    18.561891693948));
#2650 = CARTESIAN_POINT('',(176.33391386666,19.048045200993,
    18.544893308501));
#2651 = CARTESIAN_POINT('',(176.29304169072,19.088917376934,
    18.517364606857));
#2652 = CARTESIAN_POINT('',(176.21652408898,19.165434978674,
    18.440467693553));
#2653 = CARTESIAN_POINT('',(176.18185568326,19.200103384386,
    18.389106691205));
#2654 = CARTESIAN_POINT('',(176.15469872324,19.227260344409,
    18.328773595317));
#2655 = CARTESIAN_POINT('',(176.13644522348,19.245513844166,
    18.262575653051));
#2656 = CARTESIAN_POINT('',(176.11848358673,19.263475480919,
    18.124236480558));
#2657 = CARTESIAN_POINT('',(176.11907832738,19.262880740265,
    18.051988721385));
#2658 = CARTESIAN_POINT('',(176.12979840434,19.252160663309,
    17.980841552988));
#2659 = CARTESIAN_POINT('',(176.15007844124,19.231880626406,
    17.914575109148));
#2660 = CARTESIAN_POINT('',(176.2101095636,19.17184950405,
    17.791060422773));
#2661 = CARTESIAN_POINT('',(176.25187370411,19.130085363535,
    17.735730023867));
#2662 = CARTESIAN_POINT('',(176.301685452,19.080273615647,
    17.694486811116));
#2663 = CARTESIAN_POINT('',(176.35621123538,19.025747832274,
    17.670097859306));
#2664 = CARTESIAN_POINT('',(176.41182152799,18.970137539663,
    17.663006239105));
#2665 = ORIENTED_EDGE('',*,*,#2666,.F.);
#2666 = EDGE_CURVE('',#2667,#2626,#2669,.T.);
#2667 = VERTEX_POINT('',#2668);
#2668 = CARTESIAN_POINT('',(176.26168833083,18.130321243154,
    18.060856096432));
#2669 = B_SPLINE_CURVE_WITH_KNOTS('',5,(#2670,#2671,#2672,#2673,#2674,
    #2675),.UNSPECIFIED.,.F.,.F.,(6,6),(0.,1.),
  .PIECEWISE_BEZIER_KNOTS.);
#2670 = CARTESIAN_POINT('',(176.26168790756,18.130320817898,
    18.060856113902));
#2671 = CARTESIAN_POINT('',(176.36588558005,18.235007272172,
    18.056555492165));
#2672 = CARTESIAN_POINT('',(176.47048885826,18.339873169784,
    18.054894223201));
#2673 = CARTESIAN_POINT('',(176.57534806132,18.444582959763,
    18.055900410903));
#2674 = CARTESIAN_POINT('',(176.68020288283,18.548922296042,
    18.059567230228));
#2675 = CARTESIAN_POINT('',(176.78468426172,18.652788717038,
    18.065854242006));
#2676 = ORIENTED_EDGE('',*,*,#2677,.F.);
#2677 = EDGE_CURVE('',#2678,#2667,#2680,.T.);
#2678 = VERTEX_POINT('',#2679);
#2679 = CARTESIAN_POINT('',(175.91644804306,18.47556153093,
    17.656752677393));
#2680 = B_SPLINE_CURVE_WITH_KNOTS('',5,(#2681,#2682,#2683,#2684,#2685,
    #2686,#2687,#2688,#2689,#2690,#2691,#2692,#2693,#2694,#2695,#2696,
    #2697,#2698,#2699,#2700,#2701,#2702,#2703,#2704,#2705,#2706,#2707,
    #2708,#2709,#2710,#2711,#2712,#2713,#2714),.UNSPECIFIED.,.T.,.F.,(6,
    4,4,4,4,4,4,4,6),(0.,0.13961786577,0.264630597058,0.387643047742,
    0.500950618145,0.612356903184,0.735369342869,0.860382076481,1.),
  .UNSPECIFIED.);
#2681 = CARTESIAN_POINT('',(175.91644804306,18.47556153093,
    17.656752677393));
#2682 = CARTESIAN_POINT('',(175.97205583501,18.419953738979,
    17.649661376085));
#2683 = CARTESIAN_POINT('',(176.02878314704,18.363226426952,
    17.659841732865));
#2684 = CARTESIAN_POINT('',(176.08300548137,18.309004092619,
    17.687775650654));
#2685 = CARTESIAN_POINT('',(176.1310937883,18.260915785689,
    17.731589971623));
#2686 = CARTESIAN_POINT('',(176.20577239409,18.186237179894,
    17.83778847709));
#2687 = CARTESIAN_POINT('',(176.23410283203,18.157906741963,
    17.897775466832));
#2688 = CARTESIAN_POINT('',(176.25364587004,18.138363703949,
    17.964976176742));
#2689 = CARTESIAN_POINT('',(176.26336484844,18.128644725545,
    18.035817390331));
#2690 = CARTESIAN_POINT('',(176.26318015502,18.128829418968,
    18.176286135709));
#2691 = CARTESIAN_POINT('',(176.25358793299,18.138421641004,
    18.245942135785));
#2692 = CARTESIAN_POINT('',(176.23449326974,18.157516304252,
    18.312080890969));
#2693 = CARTESIAN_POINT('',(176.20687559564,18.185133978348,
    18.371298204386));
#2694 = CARTESIAN_POINT('',(176.14077970046,18.251229873527,
    18.466950242136));
#2695 = CARTESIAN_POINT('',(176.1033202385,18.288689335489,
    18.504828334269));
#2696 = CARTESIAN_POINT('',(176.06143964591,18.330569928078,
    18.532758542618));
#2697 = CARTESIAN_POINT('',(176.01695875978,18.375050814212,
    18.549521822279));
#2698 = CARTESIAN_POINT('',(175.92741174545,18.46459782854,
    18.560177273252));
#2699 = CARTESIAN_POINT('',(175.88235596558,18.509653608411,
    18.554449930528));
#2700 = CARTESIAN_POINT('',(175.83847113963,18.553538434355,
    18.537489296562));
#2701 = CARTESIAN_POINT('',(175.79760059767,18.594408976322,
    18.510012003167));
#2702 = CARTESIAN_POINT('',(175.72109191221,18.670917661782,
    18.433247188798));
#2703 = CARTESIAN_POINT('',(175.68642903583,18.705580538159,
    18.381972131252));
#2704 = CARTESIAN_POINT('',(175.65927615395,18.732733420041,
    18.321731042831));
#2705 = CARTESIAN_POINT('',(175.64102751213,18.750982061857,
    18.25562541969));
#2706 = CARTESIAN_POINT('',(175.62307716544,18.768932408548,
    18.117469323462));
#2707 = CARTESIAN_POINT('',(175.62367828726,18.768331286727,
    18.045312046925));
#2708 = CARTESIAN_POINT('',(175.63440550291,18.757604071084,
    17.974251154602));
#2709 = CARTESIAN_POINT('',(175.65469087004,18.737318703947,
    17.908064488615));
#2710 = CARTESIAN_POINT('',(175.71473123398,18.677278340011,
    17.784686077808));
#2711 = CARTESIAN_POINT('',(175.75650154041,18.63550803358,
    17.729412629583));
#2712 = CARTESIAN_POINT('',(175.80631572672,18.585693847266,
    17.68821157614));
#2713 = CARTESIAN_POINT('',(175.86084022748,18.531169346511,
    17.663843981714));
#2714 = CARTESIAN_POINT('',(175.91644804306,18.47556153093,
    17.656752677393));
#2715 = ORIENTED_EDGE('',*,*,#2716,.T.);
#2716 = EDGE_CURVE('',#2678,#2717,#2719,.T.);
#2717 = VERTEX_POINT('',#2718);
#2718 = CARTESIAN_POINT('',(176.62481517507,17.767194398917,
    28.766344666409));
#2719 = CIRCLE('',#2720,5.585396184467);
#2720 = AXIS2_PLACEMENT_3D('',#2721,#2722,#2723);
#2721 = CARTESIAN_POINT('',(176.48276364342,18.33350999928,
    23.211548671901));
#2722 = DIRECTION('',(-0.70424940823,0.70424940823,8.980836272356E-02));
#2723 = DIRECTION('',(0.707106781187,0.707106781187,9.244463733059E-33)
  );
#2724 = ORIENTED_EDGE('',*,*,#2725,.T.);
#2725 = EDGE_CURVE('',#2717,#2726,#2728,.T.);
#2726 = VERTEX_POINT('',#2727);
#2727 = CARTESIAN_POINT('',(176.91336931183,17.478640262154,
    28.281417552091));
#2728 = B_SPLINE_CURVE_WITH_KNOTS('',5,(#2729,#2730,#2731,#2732,#2733,
    #2734,#2735,#2736,#2737,#2738,#2739,#2740,#2741,#2742,#2743,#2744,
    #2745,#2746,#2747,#2748,#2749,#2750,#2751,#2752,#2753,#2754,#2755,
    #2756,#2757,#2758,#2759,#2760,#2761,#2762),.UNSPECIFIED.,.T.,.F.,(6,
    4,4,4,4,4,4,4,6),(0.,0.139617865773,0.264630597061,0.387643047745,
    0.500950618155,0.61235690323,0.735369342915,0.860382076528,1.),
  .UNSPECIFIED.);
#2729 = CARTESIAN_POINT('',(176.62481517507,17.767194398917,
    28.766344666409));
#2730 = CARTESIAN_POINT('',(176.68042296702,17.711586606964,
    28.759253365101));
#2731 = CARTESIAN_POINT('',(176.73494744206,17.657062131925,
    28.734885788949));
#2732 = CARTESIAN_POINT('',(176.7847616112,17.607247962788,
    28.693684770141));
#2733 = CARTESIAN_POINT('',(176.82653191028,17.565477663709,
    28.638411363528));
#2734 = CARTESIAN_POINT('',(176.88657229217,17.505437281819,
    28.515033018685));
#2735 = CARTESIAN_POINT('',(176.9068576768,17.485151897188,
    28.448846368175));
#2736 = CARTESIAN_POINT('',(176.91758491247,17.474424661523,
    28.377785486447));
#2737 = CARTESIAN_POINT('',(176.91818605584,17.473823518149,
    28.305628214612));
#2738 = CARTESIAN_POINT('',(176.90023575162,17.491773822367,
    28.167472107949));
#2739 = CARTESIAN_POINT('',(176.8819871287,17.510022445286,
    28.101366470391));
#2740 = CARTESIAN_POINT('',(176.85483426305,17.537175310942,
    28.041125362835));
#2741 = CARTESIAN_POINT('',(176.82017139953,17.571838174456,
    27.989850282733));
#2742 = CARTESIAN_POINT('',(176.7430422009,17.648967373094,
    27.912462812943));
#2743 = CARTESIAN_POINT('',(176.70139561243,17.690613961558,
    27.884672602725));
#2744 = CARTESIAN_POINT('',(176.65665756826,17.735352005731,
    27.867788307741));
#2745 = CARTESIAN_POINT('',(176.61077373643,17.781235837558,
    27.862548654902));
#2746 = CARTESIAN_POINT('',(176.52132335152,17.870686222469,
    27.874719582162));
#2747 = CARTESIAN_POINT('',(176.47771885027,17.91429072372,
    27.891753195934));
#2748 = CARTESIAN_POINT('',(176.43668736906,17.955322204932,
    27.919542656219));
#2749 = CARTESIAN_POINT('',(176.39995185271,17.992057721282,
    27.956916547283));
#2750 = CARTESIAN_POINT('',(176.33438769838,18.057621875608,
    28.051798990165));
#2751 = CARTESIAN_POINT('',(176.30677000879,18.085239565202,
    28.111016284656));
#2752 = CARTESIAN_POINT('',(176.28767532717,18.104334246821,
    28.177155025125));
#2753 = CARTESIAN_POINT('',(176.27808308473,18.113926489261,
    28.246811015802));
#2754 = CARTESIAN_POINT('',(176.27789834822,18.114111225764,
    28.387279761657));
#2755 = CARTESIAN_POINT('',(176.28761730603,18.104392267957,
    28.458120985323));
#2756 = CARTESIAN_POINT('',(176.3071603257,18.084849248288,
    28.525321710715));
#2757 = CARTESIAN_POINT('',(176.33549074839,18.0565188256,
    28.585308720099));
#2758 = CARTESIAN_POINT('',(176.41016934487,17.981840229116,
    28.691507294961));
#2759 = CARTESIAN_POINT('',(176.45825766429,17.9337519097,
    28.735321654983));
#2760 = CARTESIAN_POINT('',(176.51248001989,17.879529554101,
    28.763255602484));
#2761 = CARTESIAN_POINT('',(176.56920735951,17.822802214479,
    28.773435970728));
#2762 = CARTESIAN_POINT('',(176.62481517507,17.767194398917,
    28.766344666409));
#2763 = ORIENTED_EDGE('',*,*,#2764,.T.);
#2764 = EDGE_CURVE('',#2726,#2765,#2767,.T.);
#2765 = VERTEX_POINT('',#2766);
#2766 = CARTESIAN_POINT('',(177.40809518675,17.973863880899,
    28.278027589187));
#2767 = B_SPLINE_CURVE_WITH_KNOTS('',5,(#2768,#2769,#2770,#2771,#2772,
    #2773),.UNSPECIFIED.,.F.,.F.,(6,6),(0.,1.),
  .PIECEWISE_BEZIER_KNOTS.);
#2768 = CARTESIAN_POINT('',(176.91336888634,17.478639839123,
    28.281417534651));
#2769 = CARTESIAN_POINT('',(177.01811450815,17.582778344079,
    28.285710611137));
#2770 = CARTESIAN_POINT('',(177.12293004669,17.687431981351,
    28.287378302066));
#2771 = CARTESIAN_POINT('',(177.22766076697,17.792270254114,
    28.286369445258));
#2772 = CARTESIAN_POINT('',(177.3320475966,17.89707758227,
    28.282696569414));
#2773 = CARTESIAN_POINT('',(177.43572874014,18.001744238617,
    28.276433184869));
#2774 = ORIENTED_EDGE('',*,*,#2775,.T.);
#2775 = EDGE_CURVE('',#2765,#2776,#2778,.T.);
#2776 = VERTEX_POINT('',#2777);
#2777 = CARTESIAN_POINT('',(176.7743656782,18.607593389448,
    28.35884300615));
#2778 = B_SPLINE_CURVE_WITH_KNOTS('',5,(#2779,#2780,#2781,#2782,#2783,
    #2784,#2785,#2786,#2787,#2788,#2789,#2790,#2791,#2792,#2793,#2794,
    #2795,#2796,#2797,#2798,#2799,#2800,#2801,#2802,#2803,#2804,#2805,
    #2806,#2807,#2808,#2809,#2810,#2811,#2812),.UNSPECIFIED.,.T.,.F.,(6,
    4,4,4,4,4,4,4,6),(0.,0.139607573531,0.264630001872,0.387651696866,
    0.500950509731,0.612348258502,0.735369934068,0.860392366737,1.),
  .UNSPECIFIED.);
#2779 = CARTESIAN_POINT('',(177.1193911838,18.262567883845,
    28.760091104697));
#2780 = CARTESIAN_POINT('',(177.17500145036,18.206957617294,
    28.75299948782));
#2781 = CARTESIAN_POINT('',(177.22952720565,18.152431861998,
    28.728610556131));
#2782 = CARTESIAN_POINT('',(177.27933893461,18.102620133039,
    28.687367381341));
#2783 = CARTESIAN_POINT('',(177.32110306701,18.060856000643,
    28.632037028366));
#2784 = CARTESIAN_POINT('',(177.381134208,18.000824859645,28.5085224168)
  );
#2785 = CARTESIAN_POINT('',(177.40141426365,17.980544804,28.442255992921
    ));
#2786 = CARTESIAN_POINT('',(177.41213436294,17.969824704713,
    28.371108839383));
#2787 = CARTESIAN_POINT('',(177.41272912845,17.969229939204,
    28.298861088379));
#2788 = CARTESIAN_POINT('',(177.39476754143,17.987191526217,
    28.160521904048));
#2789 = CARTESIAN_POINT('',(177.37651406294,18.005445004712,
    28.094323942944));
#2790 = CARTESIAN_POINT('',(177.34935712052,18.032601947132,
    28.033990823159));
#2791 = CARTESIAN_POINT('',(177.3146887281,18.067270339546,
    27.982629793643));
#2792 = CARTESIAN_POINT('',(177.23755061683,18.144408450822,
    27.905109222628));
#2793 = CARTESIAN_POINT('',(177.19590238957,18.186056678076,
    27.877266877166));
#2794 = CARTESIAN_POINT('',(177.15116154361,18.230797524037,
    27.860344662627));
#2795 = CARTESIAN_POINT('',(177.10527455661,18.276684511036,
    27.855086695733));
#2796 = CARTESIAN_POINT('',(177.01582056153,18.366138506119,
    27.867259340588));
#2797 = CARTESIAN_POINT('',(176.97221538424,18.409743683409,
    27.884312387247));
#2798 = CARTESIAN_POINT('',(176.93118597677,18.450773090883,
    27.912139684734));
#2799 = CARTESIAN_POINT('',(176.89445535568,18.487503711966,
    27.949564568156));
#2800 = CARTESIAN_POINT('',(176.82889913876,18.553059928892,
    28.044579234804));
#2801 = CARTESIAN_POINT('',(176.80128688061,18.580672187042,
    28.10388248658));
#2802 = CARTESIAN_POINT('',(176.78219982511,18.599759242535,
    28.170112782064));
#2803 = CARTESIAN_POINT('',(176.772614481,18.609344586646,
    28.239860831669));
#2804 = CARTESIAN_POINT('',(176.77244179479,18.609517272864,
    28.380512556843));
#2805 = CARTESIAN_POINT('',(176.78216591996,18.59979314769,
    28.451444417933));
#2806 = CARTESIAN_POINT('',(176.80171282959,18.580246238064,
    28.518731833688));
#2807 = CARTESIAN_POINT('',(176.83004809952,18.55191096813,
    28.578798682517));
#2808 = CARTESIAN_POINT('',(176.90473484167,18.477224225976,
    28.685133672702));
#2809 = CARTESIAN_POINT('',(176.95282429861,18.429134769037,
    28.729005624644));
#2810 = CARTESIAN_POINT('',(177.00704958806,18.374909479589,
    28.756981668274));
#2811 = CARTESIAN_POINT('',(177.06378089121,18.318178176437,
    28.767182724896));
#2812 = CARTESIAN_POINT('',(177.1193911838,18.262567883845,
    28.760091104697));
#2813 = ORIENTED_EDGE('',*,*,#2814,.T.);
#2814 = EDGE_CURVE('',#2776,#2815,#2817,.T.);
#2815 = VERTEX_POINT('',#2816);
#2816 = CARTESIAN_POINT('',(176.2795748873,18.112434686693,
    28.36224124737));
#2817 = B_SPLINE_CURVE_WITH_KNOTS('',5,(#2818,#2819,#2820,#2821,#2822,
    #2823),.UNSPECIFIED.,.F.,.F.,(6,6),(0.,1.),
  .PIECEWISE_BEZIER_KNOTS.);
#2818 = CARTESIAN_POINT('',(176.80204236118,18.63543061758,
    28.357243101796));
#2819 = CARTESIAN_POINT('',(176.69817593515,18.530949233631,
    28.363530113878));
#2820 = CARTESIAN_POINT('',(176.59383660213,18.42609441491,
    28.367196932777));
#2821 = CARTESIAN_POINT('',(176.48912680956,18.321235210756,
    28.368203120807));
#2822 = CARTESIAN_POINT('',(176.38426091099,18.216631930617,
    28.366541851419));
#2823 = CARTESIAN_POINT('',(176.27957446204,18.112434263422,
    28.3622412299));
#2824 = ORIENTED_EDGE('',*,*,#2825,.T.);
#2825 = EDGE_CURVE('',#2815,#2717,#2826,.T.);
#2826 = B_SPLINE_CURVE_WITH_KNOTS('',5,(#2827,#2828,#2829,#2830,#2831,
    #2832,#2833,#2834,#2835,#2836,#2837,#2838,#2839,#2840,#2841,#2842,
    #2843,#2844,#2845,#2846,#2847,#2848,#2849,#2850,#2851,#2852,#2853,
    #2854,#2855,#2856,#2857,#2858,#2859,#2860),.UNSPECIFIED.,.T.,.F.,(6,
    4,4,4,4,4,4,4,6),(0.,0.139617865773,0.264630597061,0.387643047745,
    0.500950618155,0.61235690323,0.735369342915,0.860382076528,1.),
  .UNSPECIFIED.);
#2827 = CARTESIAN_POINT('',(176.62481517507,17.767194398917,
    28.766344666409));
#2828 = CARTESIAN_POINT('',(176.68042296702,17.711586606964,
    28.759253365101));
#2829 = CARTESIAN_POINT('',(176.73494744206,17.657062131925,
    28.734885788949));
#2830 = CARTESIAN_POINT('',(176.7847616112,17.607247962788,
    28.693684770141));
#2831 = CARTESIAN_POINT('',(176.82653191028,17.565477663709,
    28.638411363528));
#2832 = CARTESIAN_POINT('',(176.88657229217,17.505437281819,
    28.515033018685));
#2833 = CARTESIAN_POINT('',(176.9068576768,17.485151897188,
    28.448846368175));
#2834 = CARTESIAN_POINT('',(176.91758491247,17.474424661523,
    28.377785486447));
#2835 = CARTESIAN_POINT('',(176.91818605584,17.473823518149,
    28.305628214612));
#2836 = CARTESIAN_POINT('',(176.90023575162,17.491773822367,
    28.167472107949));
#2837 = CARTESIAN_POINT('',(176.8819871287,17.510022445286,
    28.101366470391));
#2838 = CARTESIAN_POINT('',(176.85483426305,17.537175310942,
    28.041125362835));
#2839 = CARTESIAN_POINT('',(176.82017139953,17.571838174456,
    27.989850282733));
#2840 = CARTESIAN_POINT('',(176.7430422009,17.648967373094,
    27.912462812943));
#2841 = CARTESIAN_POINT('',(176.70139561243,17.690613961558,
    27.884672602725));
#2842 = CARTESIAN_POINT('',(176.65665756826,17.735352005731,
    27.867788307741));
#2843 = CARTESIAN_POINT('',(176.61077373643,17.781235837558,
    27.862548654902));
#2844 = CARTESIAN_POINT('',(176.52132335152,17.870686222469,
    27.874719582162));
#2845 = CARTESIAN_POINT('',(176.47771885027,17.91429072372,
    27.891753195934));
#2846 = CARTESIAN_POINT('',(176.43668736906,17.955322204932,
    27.919542656219));
#2847 = CARTESIAN_POINT('',(176.39995185271,17.992057721282,
    27.956916547283));
#2848 = CARTESIAN_POINT('',(176.33438769838,18.057621875608,
    28.051798990165));
#2849 = CARTESIAN_POINT('',(176.30677000879,18.085239565202,
    28.111016284656));
#2850 = CARTESIAN_POINT('',(176.28767532717,18.104334246821,
    28.177155025125));
#2851 = CARTESIAN_POINT('',(176.27808308473,18.113926489261,
    28.246811015802));
#2852 = CARTESIAN_POINT('',(176.27789834822,18.114111225764,
    28.387279761657));
#2853 = CARTESIAN_POINT('',(176.28761730603,18.104392267957,
    28.458120985323));
#2854 = CARTESIAN_POINT('',(176.3071603257,18.084849248288,
    28.525321710715));
#2855 = CARTESIAN_POINT('',(176.33549074839,18.0565188256,
    28.585308720099));
#2856 = CARTESIAN_POINT('',(176.41016934487,17.981840229116,
    28.691507294961));
#2857 = CARTESIAN_POINT('',(176.45825766429,17.9337519097,
    28.735321654983));
#2858 = CARTESIAN_POINT('',(176.51248001989,17.879529554101,
    28.763255602484));
#2859 = CARTESIAN_POINT('',(176.56920735951,17.822802214479,
    28.773435970728));
#2860 = CARTESIAN_POINT('',(176.62481517507,17.767194398917,
    28.766344666409));
#2861 = ORIENTED_EDGE('',*,*,#2716,.F.);
#2862 = ORIENTED_EDGE('',*,*,#2863,.F.);
#2863 = EDGE_CURVE('',#2864,#2678,#2866,.T.);
#2864 = VERTEX_POINT('',#2865);
#2865 = CARTESIAN_POINT('',(175.6278939063,18.764115667693,
    18.141679791711));
#2866 = B_SPLINE_CURVE_WITH_KNOTS('',5,(#2867,#2868,#2869,#2870,#2871,
    #2872,#2873,#2874,#2875,#2876,#2877,#2878,#2879,#2880,#2881,#2882,
    #2883,#2884,#2885,#2886,#2887,#2888,#2889,#2890,#2891,#2892,#2893,
    #2894,#2895,#2896,#2897,#2898,#2899,#2900),.UNSPECIFIED.,.T.,.F.,(6,
    4,4,4,4,4,4,4,6),(0.,0.13961786577,0.264630597058,0.387643047742,
    0.500950618145,0.612356903184,0.735369342869,0.860382076481,1.),
  .UNSPECIFIED.);
#2867 = CARTESIAN_POINT('',(175.91644804306,18.47556153093,
    17.656752677393));
#2868 = CARTESIAN_POINT('',(175.97205583501,18.419953738979,
    17.649661376085));
#2869 = CARTESIAN_POINT('',(176.02878314704,18.363226426952,
    17.659841732865));
#2870 = CARTESIAN_POINT('',(176.08300548137,18.309004092619,
    17.687775650654));
#2871 = CARTESIAN_POINT('',(176.1310937883,18.260915785689,
    17.731589971623));
#2872 = CARTESIAN_POINT('',(176.20577239409,18.186237179894,
    17.83778847709));
#2873 = CARTESIAN_POINT('',(176.23410283203,18.157906741963,
    17.897775466832));
#2874 = CARTESIAN_POINT('',(176.25364587004,18.138363703949,
    17.964976176742));
#2875 = CARTESIAN_POINT('',(176.26336484844,18.128644725545,
    18.035817390331));
#2876 = CARTESIAN_POINT('',(176.26318015502,18.128829418968,
    18.176286135709));
#2877 = CARTESIAN_POINT('',(176.25358793299,18.138421641004,
    18.245942135785));
#2878 = CARTESIAN_POINT('',(176.23449326974,18.157516304252,
    18.312080890969));
#2879 = CARTESIAN_POINT('',(176.20687559564,18.185133978348,
    18.371298204386));
#2880 = CARTESIAN_POINT('',(176.14077970046,18.251229873527,
    18.466950242136));
#2881 = CARTESIAN_POINT('',(176.1033202385,18.288689335489,
    18.504828334269));
#2882 = CARTESIAN_POINT('',(176.06143964591,18.330569928078,
    18.532758542618));
#2883 = CARTESIAN_POINT('',(176.01695875978,18.375050814212,
    18.549521822279));
#2884 = CARTESIAN_POINT('',(175.92741174545,18.46459782854,
    18.560177273252));
#2885 = CARTESIAN_POINT('',(175.88235596558,18.509653608411,
    18.554449930528));
#2886 = CARTESIAN_POINT('',(175.83847113963,18.553538434355,
    18.537489296562));
#2887 = CARTESIAN_POINT('',(175.79760059767,18.594408976322,
    18.510012003167));
#2888 = CARTESIAN_POINT('',(175.72109191221,18.670917661782,
    18.433247188798));
#2889 = CARTESIAN_POINT('',(175.68642903583,18.705580538159,
    18.381972131252));
#2890 = CARTESIAN_POINT('',(175.65927615395,18.732733420041,
    18.321731042831));
#2891 = CARTESIAN_POINT('',(175.64102751213,18.750982061857,
    18.25562541969));
#2892 = CARTESIAN_POINT('',(175.62307716544,18.768932408548,
    18.117469323462));
#2893 = CARTESIAN_POINT('',(175.62367828726,18.768331286727,
    18.045312046925));
#2894 = CARTESIAN_POINT('',(175.63440550291,18.757604071084,
    17.974251154602));
#2895 = CARTESIAN_POINT('',(175.65469087004,18.737318703947,
    17.908064488615));
#2896 = CARTESIAN_POINT('',(175.71473123398,18.677278340011,
    17.784686077808));
#2897 = CARTESIAN_POINT('',(175.75650154041,18.63550803358,
    17.729412629583));
#2898 = CARTESIAN_POINT('',(175.80631572672,18.585693847266,
    17.68821157614));
#2899 = CARTESIAN_POINT('',(175.86084022748,18.531169346511,
    17.663843981714));
#2900 = CARTESIAN_POINT('',(175.91644804306,18.47556153093,
    17.656752677393));
#2901 = ORIENTED_EDGE('',*,*,#2902,.T.);
#2902 = EDGE_CURVE('',#2864,#2628,#2903,.T.);
#2903 = B_SPLINE_CURVE_WITH_KNOTS('',5,(#2904,#2905,#2906,#2907,#2908,
    #2909),.UNSPECIFIED.,.F.,.F.,(6,6),(0.,1.),
  .PIECEWISE_BEZIER_KNOTS.);
#2904 = CARTESIAN_POINT('',(175.62789348326,18.764115242196,
    18.14167980915));
#2905 = CARTESIAN_POINT('',(175.73203198822,18.868860864005,
    18.137386732665));
#2906 = CARTESIAN_POINT('',(175.83668562549,18.973676402551,
    18.135719041736));
#2907 = CARTESIAN_POINT('',(175.94152389825,19.078407122832,
    18.136727898544));
#2908 = CARTESIAN_POINT('',(176.04633122641,19.182793952462,
    18.140400774388));
#2909 = CARTESIAN_POINT('',(176.15099788276,19.286475096,18.146664158933
    ));
#2910 = TOROIDAL_SURFACE('',#2911,5.135396184467,0.45);
#2911 = AXIS2_PLACEMENT_3D('',#2912,#2913,#2914);
#2912 = CARTESIAN_POINT('',(176.48276364342,18.33350999928,
    23.211548671901));
#2913 = DIRECTION('',(0.70424940823,-0.70424940823,-8.980836272356E-02)
  );
#2914 = DIRECTION('',(0.707106781187,0.707106781187,9.244463733059E-33)
  );
#2915 = ADVANCED_FACE('',(#2916),#2935,.T.);
#2916 = FACE_BOUND('',#2917,.F.);
#2917 = EDGE_LOOP('',(#2918,#2927,#2928));
#2918 = ORIENTED_EDGE('',*,*,#2919,.F.);
#2919 = EDGE_CURVE('',#2626,#2920,#2922,.T.);
#2920 = VERTEX_POINT('',#2921);
#2921 = CARTESIAN_POINT('',(176.46806447733,18.913894590318,
    18.545085871618));
#2922 = CIRCLE('',#2923,0.45);
#2923 = AXIS2_PLACEMENT_3D('',#2924,#2925,#2926);
#2924 = CARTESIAN_POINT('',(176.4394876313,18.942471436348,
    18.096904292633));
#2925 = DIRECTION('',(-0.707106781187,-0.707106781187,0.));
#2926 = DIRECTION('',(6.350410228909E-02,-6.350410228909E-02,
    0.995959064412));
#2927 = ORIENTED_EDGE('',*,*,#2625,.T.);
#2928 = ORIENTED_EDGE('',*,*,#2929,.F.);
#2929 = EDGE_CURVE('',#2920,#2628,#2930,.T.);
#2930 = CIRCLE('',#2931,0.45);
#2931 = AXIS2_PLACEMENT_3D('',#2932,#2933,#2934);
#2932 = CARTESIAN_POINT('',(176.4394876313,18.942471436348,
    18.096904292633));
#2933 = DIRECTION('',(-0.707106781187,-0.707106781187,0.));
#2934 = DIRECTION('',(6.350410228909E-02,-6.350410228909E-02,
    0.995959064412));
#2935 = PLANE('',#2936);
#2936 = AXIS2_PLACEMENT_3D('',#2937,#2938,#2939);
#2937 = CARTESIAN_POINT('',(175.26274093876,20.11921812889,
    15.787026710772));
#2938 = DIRECTION('',(0.707106781187,0.707106781187,9.244463733059E-33)
  );
#2939 = DIRECTION('',(-6.350410228909E-02,6.350410228909E-02,
    -0.995959064412));
#2940 = ADVANCED_FACE('',(#2941),#3021,.T.);
#2941 = FACE_BOUND('',#2942,.F.);
#2942 = EDGE_LOOP('',(#2943,#2954,#2967,#2976,#2982,#2983,#2984,#2991,
    #2992,#2993,#2994,#3003,#3013));
#2943 = ORIENTED_EDGE('',*,*,#2944,.F.);
#2944 = EDGE_CURVE('',#2945,#2947,#2949,.T.);
#2945 = VERTEX_POINT('',#2946);
#2946 = CARTESIAN_POINT('',(188.2358843323,31.3721060937,18.141679791711
    ));
#2947 = VERTEX_POINT('',#2948);
#2948 = CARTESIAN_POINT('',(188.86967875684,30.738311669161,
    18.060856096432));
#2949 = CIRCLE('',#2950,0.45);
#2950 = AXIS2_PLACEMENT_3D('',#2951,#2952,#2953);
#2951 = CARTESIAN_POINT('',(188.55250331048,31.055487115524,
    18.096904292633));
#2952 = DIRECTION('',(-0.707106781187,-0.707106781187,0.));
#2953 = DIRECTION('',(6.350410228909E-02,-6.350410228909E-02,
    0.995959064412));
#2954 = ORIENTED_EDGE('',*,*,#2955,.F.);
#2955 = EDGE_CURVE('',#2956,#2945,#2958,.T.);
#2956 = VERTEX_POINT('',#2957);
#2957 = CARTESIAN_POINT('',(187.74115845739,30.876882474955,
    18.145069754616));
#2958 = B_SPLINE_CURVE_WITH_KNOTS('',4,(#2959,#2960,#2961,#2962,#2963,
    #2964,#2965,#2966),.UNSPECIFIED.,.F.,.F.,(5,3,5),(0.,0.599466042623,
    1.),.UNSPECIFIED.);
#2959 = CARTESIAN_POINT('',(187.713524904,30.849002117237,
    18.146664158933));
#2960 = CARTESIAN_POINT('',(187.79121706604,30.927432760918,
    18.14197077043));
#2961 = CARTESIAN_POINT('',(187.86933032486,31.005946092807,
    18.138828997684));
#2962 = CARTESIAN_POINT('',(187.94767302064,31.084486357688,
    18.137278341573));
#2963 = CARTESIAN_POINT('',(188.07852549683,31.2153302399,
    18.137345731717));
#2964 = CARTESIAN_POINT('',(188.13098071458,31.267691452948,
    18.138082991971));
#2965 = CARTESIAN_POINT('',(188.18344171782,31.319967442233,
    18.139530392518));
#2966 = CARTESIAN_POINT('',(188.2358847578,31.372106516731,
    18.14167980915));
#2967 = ORIENTED_EDGE('',*,*,#2968,.F.);
#2968 = EDGE_CURVE('',#2969,#2956,#2971,.T.);
#2969 = VERTEX_POINT('',#2970);
#2970 = CARTESIAN_POINT('',(188.08610540968,30.531935522663,
    18.545085871618));
#2971 = CIRCLE('',#2972,0.45);
#2972 = AXIS2_PLACEMENT_3D('',#2973,#2974,#2975);
#2973 = CARTESIAN_POINT('',(188.05752856365,30.560512368693,
    18.096904292633));
#2974 = DIRECTION('',(-0.707106781187,-0.707106781187,0.));
#2975 = DIRECTION('',(6.350410228909E-02,-6.350410228909E-02,
    0.995959064412));
#2976 = ORIENTED_EDGE('',*,*,#2977,.F.);
#2977 = EDGE_CURVE('',#2920,#2969,#2978,.T.);
#2978 = LINE('',#2979,#2980);
#2979 = CARTESIAN_POINT('',(175.9730897305,18.418919843487,
    18.545085871618));
#2980 = VECTOR('',#2981,1.);
#2981 = DIRECTION('',(0.707106781187,0.707106781187,9.244463733059E-33)
  );
#2982 = ORIENTED_EDGE('',*,*,#2929,.T.);
#2983 = ORIENTED_EDGE('',*,*,#2902,.F.);
#2984 = ORIENTED_EDGE('',*,*,#2985,.T.);
#2985 = EDGE_CURVE('',#2864,#2667,#2986,.T.);
#2986 = CIRCLE('',#2987,0.45);
#2987 = AXIS2_PLACEMENT_3D('',#2988,#2989,#2990);
#2988 = CARTESIAN_POINT('',(175.94451288447,18.447496689517,
    18.096904292633));
#2989 = DIRECTION('',(-0.707106781187,-0.707106781187,0.));
#2990 = DIRECTION('',(6.350410228909E-02,-6.350410228909E-02,
    0.995959064412));
#2991 = ORIENTED_EDGE('',*,*,#2666,.T.);
#2992 = ORIENTED_EDGE('',*,*,#2919,.T.);
#2993 = ORIENTED_EDGE('',*,*,#2977,.T.);
#2994 = ORIENTED_EDGE('',*,*,#2995,.F.);
#2995 = EDGE_CURVE('',#2996,#2969,#2998,.T.);
#2996 = VERTEX_POINT('',#2997);
#2997 = CARTESIAN_POINT('',(188.37488796593,30.243152966406,
    18.064254337652));
#2998 = CIRCLE('',#2999,0.45);
#2999 = AXIS2_PLACEMENT_3D('',#3000,#3001,#3002);
#3000 = CARTESIAN_POINT('',(188.05752856365,30.560512368693,
    18.096904292633));
#3001 = DIRECTION('',(-0.707106781187,-0.707106781187,0.));
#3002 = DIRECTION('',(6.350410228909E-02,-6.350410228909E-02,
    0.995959064412));
#3003 = ORIENTED_EDGE('',*,*,#3004,.T.);
#3004 = EDGE_CURVE('',#2996,#3005,#3007,.T.);
#3005 = VERTEX_POINT('',#3006);
#3006 = CARTESIAN_POINT('',(188.65717614387,30.526335481012,
    18.05649053332));
#3007 = B_SPLINE_CURVE_WITH_KNOTS('',4,(#3008,#3009,#3010,#3011,#3012),
  .UNSPECIFIED.,.F.,.F.,(5,5),(0.,1.),.PIECEWISE_BEZIER_KNOTS.);
#3008 = CARTESIAN_POINT('',(188.34721128296,30.215315738274,
    18.065854242006));
#3009 = CARTESIAN_POINT('',(188.42435692947,30.292918138023,
    18.061184632871));
#3010 = CARTESIAN_POINT('',(188.50177927984,30.37073861822,
    18.058056914992));
#3011 = CARTESIAN_POINT('',(188.57942788101,30.448587095547,
    18.056492133961));
#3012 = CARTESIAN_POINT('',(188.65717614387,30.526335481012,
    18.05649053332));
#3013 = ORIENTED_EDGE('',*,*,#3014,.F.);
#3014 = EDGE_CURVE('',#2947,#3005,#3015,.T.);
#3015 = B_SPLINE_CURVE_WITH_KNOTS('',4,(#3016,#3017,#3018,#3019,#3020),
  .UNSPECIFIED.,.F.,.F.,(5,5),(0.,1.),.PIECEWISE_BEZIER_KNOTS.);
#3016 = CARTESIAN_POINT('',(188.8696791821,30.738312092432,
    18.060856113902));
#3017 = CARTESIAN_POINT('',(188.81657498037,30.68545583459,
    18.058674541454));
#3018 = CARTESIAN_POINT('',(188.76342237635,30.632488990178,
    18.057217436382));
#3019 = CARTESIAN_POINT('',(188.71027595793,30.579435445714,
    18.056489419467));
#3020 = CARTESIAN_POINT('',(188.65717614387,30.526335481012,
    18.05649053332));
#3021 = CYLINDRICAL_SURFACE('',#3022,0.45);
#3022 = AXIS2_PLACEMENT_3D('',#3023,#3024,#3025);
#3023 = CARTESIAN_POINT('',(175.94451288447,18.447496689517,
    18.096904292633));
#3024 = DIRECTION('',(0.707106781187,0.707106781187,9.244463733059E-33)
  );
#3025 = DIRECTION('',(6.350410228909E-02,-6.350410228909E-02,
    0.995959064412));
#3026 = ADVANCED_FACE('',(#3027),#3032,.F.);
#3027 = FACE_BOUND('',#3028,.T.);
#3028 = EDGE_LOOP('',(#3029,#3030,#3031));
#3029 = ORIENTED_EDGE('',*,*,#2863,.F.);
#3030 = ORIENTED_EDGE('',*,*,#2985,.T.);
#3031 = ORIENTED_EDGE('',*,*,#2677,.F.);
#3032 = PLANE('',#3033);
#3033 = AXIS2_PLACEMENT_3D('',#3034,#3035,#3036);
#3034 = CARTESIAN_POINT('',(175.94451288447,18.447496689517,
    18.096904292633));
#3035 = DIRECTION('',(0.707106781187,0.707106781187,9.244463733059E-33)
  );
#3036 = DIRECTION('',(-6.350410228909E-02,6.350410228909E-02,
    -0.995959064412));
#3037 = ADVANCED_FACE('',(#3038),#3058,.F.);
#3038 = FACE_BOUND('',#3039,.T.);
#3039 = EDGE_LOOP('',(#3040,#3049,#3056,#3057));
#3040 = ORIENTED_EDGE('',*,*,#3041,.T.);
#3041 = EDGE_CURVE('',#2726,#3042,#3044,.T.);
#3042 = VERTEX_POINT('',#3043);
#3043 = CARTESIAN_POINT('',(176.62532717969,17.7666823943,
    28.774374630155));
#3044 = CIRCLE('',#3045,0.45);
#3045 = AXIS2_PLACEMENT_3D('',#3046,#3047,#3048);
#3046 = CARTESIAN_POINT('',(176.59675033366,17.79525924033,
    28.326193051169));
#3047 = DIRECTION('',(-0.707106781187,-0.707106781187,0.));
#3048 = DIRECTION('',(6.350410228909E-02,-6.350410228909E-02,
    0.995959064412));
#3049 = ORIENTED_EDGE('',*,*,#3050,.T.);
#3050 = EDGE_CURVE('',#3042,#2815,#3051,.T.);
#3051 = CIRCLE('',#3052,0.45);
#3052 = AXIS2_PLACEMENT_3D('',#3053,#3054,#3055);
#3053 = CARTESIAN_POINT('',(176.59675033366,17.79525924033,
    28.326193051169));
#3054 = DIRECTION('',(-0.707106781187,-0.707106781187,0.));
#3055 = DIRECTION('',(6.350410228909E-02,-6.350410228909E-02,
    0.995959064412));
#3056 = ORIENTED_EDGE('',*,*,#2825,.T.);
#3057 = ORIENTED_EDGE('',*,*,#2725,.T.);
#3058 = PLANE('',#3059);
#3059 = AXIS2_PLACEMENT_3D('',#3060,#3061,#3062);
#3060 = CARTESIAN_POINT('',(176.59675033366,17.79525924033,
    28.326193051169));
#3061 = DIRECTION('',(0.707106781187,0.707106781187,9.244463733059E-33)
  );
#3062 = DIRECTION('',(-6.350410228909E-02,6.350410228909E-02,
    -0.995959064412));
#3063 = ADVANCED_FACE('',(#3064),#3169,.T.);
#3064 = FACE_BOUND('',#3065,.F.);
#3065 = EDGE_LOOP('',(#3066,#3076,#3085,#3095,#3105,#3114,#3124,#3134,
    #3141,#3142,#3150,#3156,#3157,#3158,#3165,#3166,#3167,#3168));
#3066 = ORIENTED_EDGE('',*,*,#3067,.T.);
#3067 = EDGE_CURVE('',#3068,#3070,#3072,.T.);
#3068 = VERTEX_POINT('',#3069);
#3069 = CARTESIAN_POINT('',(189.02118557134,30.162540785951,
    28.774374630155));
#3070 = VERTEX_POINT('',#3071);
#3071 = CARTESIAN_POINT('',(189.2333176057,30.374672820307,
    28.774374630155));
#3072 = LINE('',#3073,#3074);
#3073 = CARTESIAN_POINT('',(176.62532717969,17.7666823943,
    28.774374630155));
#3074 = VECTOR('',#3075,1.);
#3075 = DIRECTION('',(0.707106781187,0.707106781187,9.244463733059E-33)
  );
#3076 = ORIENTED_EDGE('',*,*,#3077,.F.);
#3077 = EDGE_CURVE('',#3078,#3070,#3080,.T.);
#3078 = VERTEX_POINT('',#3079);
#3079 = CARTESIAN_POINT('',(189.52135973784,30.086630688161,
    28.281417552091));
#3080 = CIRCLE('',#3081,0.45);
#3081 = AXIS2_PLACEMENT_3D('',#3082,#3083,#3084);
#3082 = CARTESIAN_POINT('',(189.20474075967,30.403249666337,
    28.326193051169));
#3083 = DIRECTION('',(-0.707106781187,-0.707106781187,0.));
#3084 = DIRECTION('',(6.350410228909E-02,-6.350410228909E-02,
    0.995959064412));
#3085 = ORIENTED_EDGE('',*,*,#3086,.T.);
#3086 = EDGE_CURVE('',#3078,#3087,#3089,.T.);
#3087 = VERTEX_POINT('',#3088);
#3088 = CARTESIAN_POINT('',(189.3094136069,29.874098047055,
    28.285779280997));
#3089 = B_SPLINE_CURVE_WITH_KNOTS('',4,(#3090,#3091,#3092,#3093,#3094),
  .UNSPECIFIED.,.F.,.F.,(5,5),(0.,1.),.PIECEWISE_BEZIER_KNOTS.);
#3090 = CARTESIAN_POINT('',(189.52136016087,30.086631113658,
    28.281417534651));
#3091 = CARTESIAN_POINT('',(189.46853392048,30.033496901673,
    28.283595279478));
#3092 = CARTESIAN_POINT('',(189.41556713472,29.980344246416,
    28.285052374968));
#3093 = CARTESIAN_POINT('',(189.36251355989,29.927197865517,
    28.285780403342));
#3094 = CARTESIAN_POINT('',(189.3094136069,29.874098047055,
    28.285779280997));
#3095 = ORIENTED_EDGE('',*,*,#3096,.F.);
#3096 = EDGE_CURVE('',#3097,#3087,#3099,.T.);
#3097 = VERTEX_POINT('',#3098);
#3098 = CARTESIAN_POINT('',(189.0261361191,29.591904813245,
    28.278027589186));
#3099 = B_SPLINE_CURVE_WITH_KNOTS('',4,(#3100,#3101,#3102,#3103,#3104),
  .UNSPECIFIED.,.F.,.F.,(5,5),(0.,1.),.PIECEWISE_BEZIER_KNOTS.);
#3100 = CARTESIAN_POINT('',(188.99825576138,29.564271259854,
    28.276433184869));
#3101 = CARTESIAN_POINT('',(189.07599577761,29.641279297205,
    28.281085245355));
#3102 = CARTESIAN_POINT('',(189.15381698307,29.71870092937,
    28.284212868706));
#3103 = CARTESIAN_POINT('',(189.23166513747,29.796349860952,
    28.285777698484));
#3104 = CARTESIAN_POINT('',(189.3094136069,29.874098047055,
    28.285779280997));
#3105 = ORIENTED_EDGE('',*,*,#3106,.F.);
#3106 = EDGE_CURVE('',#3107,#3097,#3109,.T.);
#3107 = VERTEX_POINT('',#3108);
#3108 = CARTESIAN_POINT('',(188.39240661055,30.225634321793,
    28.35884300615));
#3109 = CIRCLE('',#3110,0.45);
#3110 = AXIS2_PLACEMENT_3D('',#3111,#3112,#3113);
#3111 = CARTESIAN_POINT('',(188.70976601283,29.908274919506,
    28.326193051169));
#3112 = DIRECTION('',(-0.707106781187,-0.707106781187,0.));
#3113 = DIRECTION('',(6.350410228909E-02,-6.350410228909E-02,
    0.995959064412));
#3114 = ORIENTED_EDGE('',*,*,#3115,.T.);
#3115 = EDGE_CURVE('',#3107,#3116,#3118,.T.);
#3116 = VERTEX_POINT('',#3117);
#3117 = CARTESIAN_POINT('',(188.67558912515,30.507922499731,
    28.366606810484));
#3118 = B_SPLINE_CURVE_WITH_KNOTS('',4,(#3119,#3120,#3121,#3122,#3123),
  .UNSPECIFIED.,.F.,.F.,(5,5),(0.,1.),.PIECEWISE_BEZIER_KNOTS.);
#3119 = CARTESIAN_POINT('',(188.36456938242,30.197957638817,
    28.357243101796));
#3120 = CARTESIAN_POINT('',(188.44217178216,30.275103285325,
    28.361912710931));
#3121 = CARTESIAN_POINT('',(188.51999226236,30.352525635699,
    28.365040428812));
#3122 = CARTESIAN_POINT('',(188.59784073969,30.430174236866,
    28.366605209838));
#3123 = CARTESIAN_POINT('',(188.67558912515,30.507922499731,
    28.366606810484));
#3124 = ORIENTED_EDGE('',*,*,#3125,.F.);
#3125 = EDGE_CURVE('',#3126,#3116,#3128,.T.);
#3126 = VERTEX_POINT('',#3127);
#3127 = CARTESIAN_POINT('',(188.8875653133,30.7204251127,28.36224124737)
  );
#3128 = B_SPLINE_CURVE_WITH_KNOTS('',4,(#3129,#3130,#3131,#3132,#3133),
  .UNSPECIFIED.,.F.,.F.,(5,5),(0.,1.),.PIECEWISE_BEZIER_KNOTS.);
#3129 = CARTESIAN_POINT('',(188.88756573657,30.720425537956,
    28.3622412299));
#3130 = CARTESIAN_POINT('',(188.83470947873,30.667321336226,
    28.364422802348));
#3131 = CARTESIAN_POINT('',(188.78174263432,30.614168732204,
    28.365879907422));
#3132 = CARTESIAN_POINT('',(188.72868908985,30.561022313789,
    28.366607924332));
#3133 = CARTESIAN_POINT('',(188.67558912515,30.507922499731,
    28.366606810484));
#3134 = ORIENTED_EDGE('',*,*,#3135,.F.);
#3135 = EDGE_CURVE('',#3070,#3126,#3136,.T.);
#3136 = CIRCLE('',#3137,0.45);
#3137 = AXIS2_PLACEMENT_3D('',#3138,#3139,#3140);
#3138 = CARTESIAN_POINT('',(189.20474075967,30.403249666337,
    28.326193051169));
#3139 = DIRECTION('',(-0.707106781187,-0.707106781187,0.));
#3140 = DIRECTION('',(6.350410228909E-02,-6.350410228909E-02,
    0.995959064412));
#3141 = ORIENTED_EDGE('',*,*,#3067,.F.);
#3142 = ORIENTED_EDGE('',*,*,#3143,.F.);
#3143 = EDGE_CURVE('',#3144,#3068,#3146,.T.);
#3144 = VERTEX_POINT('',#3145);
#3145 = CARTESIAN_POINT('',(176.83745921404,17.978814428656,
    28.774374630155));
#3146 = LINE('',#3147,#3148);
#3147 = CARTESIAN_POINT('',(176.62532717969,17.7666823943,
    28.774374630155));
#3148 = VECTOR('',#3149,1.);
#3149 = DIRECTION('',(0.707106781187,0.707106781187,9.244463733059E-33)
  );
#3150 = ORIENTED_EDGE('',*,*,#3151,.F.);
#3151 = EDGE_CURVE('',#3042,#3144,#3152,.T.);
#3152 = LINE('',#3153,#3154);
#3153 = CARTESIAN_POINT('',(176.62532717969,17.7666823943,
    28.774374630155));
#3154 = VECTOR('',#3155,1.);
#3155 = DIRECTION('',(0.707106781187,0.707106781187,9.244463733059E-33)
  );
#3156 = ORIENTED_EDGE('',*,*,#3050,.T.);
#3157 = ORIENTED_EDGE('',*,*,#2814,.F.);
#3158 = ORIENTED_EDGE('',*,*,#3159,.T.);
#3159 = EDGE_CURVE('',#2776,#2765,#3160,.T.);
#3160 = CIRCLE('',#3161,0.45);
#3161 = AXIS2_PLACEMENT_3D('',#3162,#3163,#3164);
#3162 = CARTESIAN_POINT('',(177.09172508049,18.290233987161,
    28.326193051169));
#3163 = DIRECTION('',(-0.707106781187,-0.707106781187,0.));
#3164 = DIRECTION('',(6.350410228909E-02,-6.350410228909E-02,
    0.995959064412));
#3165 = ORIENTED_EDGE('',*,*,#2764,.F.);
#3166 = ORIENTED_EDGE('',*,*,#3041,.T.);
#3167 = ORIENTED_EDGE('',*,*,#3151,.T.);
#3168 = ORIENTED_EDGE('',*,*,#3143,.T.);
#3169 = CYLINDRICAL_SURFACE('',#3170,0.45);
#3170 = AXIS2_PLACEMENT_3D('',#3171,#3172,#3173);
#3171 = CARTESIAN_POINT('',(176.59675033366,17.79525924033,
    28.326193051169));
#3172 = DIRECTION('',(0.707106781187,0.707106781187,9.244463733059E-33)
  );
#3173 = DIRECTION('',(6.350410228909E-02,-6.350410228909E-02,
    0.995959064412));
#3174 = ADVANCED_FACE('',(#3175),#3179,.T.);
#3175 = FACE_BOUND('',#3176,.F.);
#3176 = EDGE_LOOP('',(#3177,#3178));
#3177 = ORIENTED_EDGE('',*,*,#2775,.F.);
#3178 = ORIENTED_EDGE('',*,*,#3159,.F.);
#3179 = PLANE('',#3180);
#3180 = AXIS2_PLACEMENT_3D('',#3181,#3182,#3183);
#3181 = CARTESIAN_POINT('',(175.26274093876,20.11921812889,
    15.787026710772));
#3182 = DIRECTION('',(0.707106781187,0.707106781187,9.244463733059E-33)
  );
#3183 = DIRECTION('',(-6.350410228909E-02,6.350410228909E-02,
    -0.995959064412));
#3184 = ADVANCED_FACE('',(#3185),#3264,.T.);
#3185 = FACE_BOUND('',#3186,.F.);
#3186 = EDGE_LOOP('',(#3187,#3226,#3227));
#3187 = ORIENTED_EDGE('',*,*,#3188,.F.);
#3188 = EDGE_CURVE('',#2945,#3189,#3191,.T.);
#3189 = VERTEX_POINT('',#3190);
#3190 = CARTESIAN_POINT('',(188.52443846907,31.083551956937,
    17.656752677393));
#3191 = B_SPLINE_CURVE_WITH_KNOTS('',5,(#3192,#3193,#3194,#3195,#3196,
    #3197,#3198,#3199,#3200,#3201,#3202,#3203,#3204,#3205,#3206,#3207,
    #3208,#3209,#3210,#3211,#3212,#3213,#3214,#3215,#3216,#3217,#3218,
    #3219,#3220,#3221,#3222,#3223,#3224,#3225),.UNSPECIFIED.,.T.,.F.,(6,
    4,4,4,4,4,4,4,6),(0.,0.139617865771,0.264630597059,0.387643047743,
    0.500950618145,0.612356903178,0.735369342863,0.860382076476,1.),
  .UNSPECIFIED.);
#3192 = CARTESIAN_POINT('',(188.52443846907,31.083551956937,
    17.656752677393));
#3193 = CARTESIAN_POINT('',(188.58004626102,31.027944164985,
    17.649661376085));
#3194 = CARTESIAN_POINT('',(188.63677357304,30.971216852958,
    17.659841732865));
#3195 = CARTESIAN_POINT('',(188.69099590738,30.916994518625,
    17.687775650655));
#3196 = CARTESIAN_POINT('',(188.73908421431,30.868906211695,
    17.731589971624));
#3197 = CARTESIAN_POINT('',(188.8137628201,30.7942276059,17.837788477092
    ));
#3198 = CARTESIAN_POINT('',(188.84209325803,30.765897167969,
    17.897775466834));
#3199 = CARTESIAN_POINT('',(188.86163629605,30.746354129955,
    17.964976176744));
#3200 = CARTESIAN_POINT('',(188.87135527445,30.736635151551,
    18.035817390334));
#3201 = CARTESIAN_POINT('',(188.87117058103,30.736819844975,
    18.176286135712));
#3202 = CARTESIAN_POINT('',(188.86157835899,30.746412067011,
    18.245942135788));
#3203 = CARTESIAN_POINT('',(188.84248369574,30.765506730259,
    18.312080890971));
#3204 = CARTESIAN_POINT('',(188.81486602165,30.793124404356,
    18.371298204389));
#3205 = CARTESIAN_POINT('',(188.74877012647,30.859220299535,
    18.466950242137));
#3206 = CARTESIAN_POINT('',(188.7113106645,30.896679761497,
    18.50482833427));
#3207 = CARTESIAN_POINT('',(188.66943007192,30.938560354086,
    18.532758542618));
#3208 = CARTESIAN_POINT('',(188.62494918578,30.983041240219,
    18.549521822279));
#3209 = CARTESIAN_POINT('',(188.53540217146,31.072588254545,
    18.560177273252));
#3210 = CARTESIAN_POINT('',(188.49034639159,31.117644034413,
    18.554449930528));
#3211 = CARTESIAN_POINT('',(188.44646156565,31.161528860356,
    18.537489296564));
#3212 = CARTESIAN_POINT('',(188.40559102368,31.20239940232,
    18.510012003172));
#3213 = CARTESIAN_POINT('',(188.32908233822,31.278908087781,
    18.433247188809));
#3214 = CARTESIAN_POINT('',(188.29441946184,31.313570964159,
    18.381972131264));
#3215 = CARTESIAN_POINT('',(188.26726657996,31.340723846042,
    18.321731042845));
#3216 = CARTESIAN_POINT('',(188.24901793814,31.35897248786,
    18.255625419705));
#3217 = CARTESIAN_POINT('',(188.23106759145,31.376922834554,
    18.117469323478));
#3218 = CARTESIAN_POINT('',(188.23166871327,31.376321712735,
    18.04531204694));
#3219 = CARTESIAN_POINT('',(188.24239592891,31.365594497093,
    17.974251154617));
#3220 = CARTESIAN_POINT('',(188.26268129604,31.345309129958,
    17.908064488629));
#3221 = CARTESIAN_POINT('',(188.32272165998,31.285268766024,
    17.784686077817));
#3222 = CARTESIAN_POINT('',(188.36449196641,31.243498459593,
    17.729412629588));
#3223 = CARTESIAN_POINT('',(188.41430615273,31.193684273277,
    17.688211576142));
#3224 = CARTESIAN_POINT('',(188.46883065348,31.13915977252,
    17.663843981715));
#3225 = CARTESIAN_POINT('',(188.52443846907,31.083551956937,
    17.656752677393));
#3226 = ORIENTED_EDGE('',*,*,#2944,.T.);
#3227 = ORIENTED_EDGE('',*,*,#3228,.F.);
#3228 = EDGE_CURVE('',#3189,#2947,#3229,.T.);
#3229 = B_SPLINE_CURVE_WITH_KNOTS('',5,(#3230,#3231,#3232,#3233,#3234,
    #3235,#3236,#3237,#3238,#3239,#3240,#3241,#3242,#3243,#3244,#3245,
    #3246,#3247,#3248,#3249,#3250,#3251,#3252,#3253,#3254,#3255,#3256,
    #3257,#3258,#3259,#3260,#3261,#3262,#3263),.UNSPECIFIED.,.T.,.F.,(6,
    4,4,4,4,4,4,4,6),(0.,0.139617865771,0.264630597059,0.387643047743,
    0.500950618145,0.612356903178,0.735369342863,0.860382076476,1.),
  .UNSPECIFIED.);
#3230 = CARTESIAN_POINT('',(188.52443846907,31.083551956937,
    17.656752677393));
#3231 = CARTESIAN_POINT('',(188.58004626102,31.027944164985,
    17.649661376085));
#3232 = CARTESIAN_POINT('',(188.63677357304,30.971216852958,
    17.659841732865));
#3233 = CARTESIAN_POINT('',(188.69099590738,30.916994518625,
    17.687775650655));
#3234 = CARTESIAN_POINT('',(188.73908421431,30.868906211695,
    17.731589971624));
#3235 = CARTESIAN_POINT('',(188.8137628201,30.7942276059,17.837788477092
    ));
#3236 = CARTESIAN_POINT('',(188.84209325803,30.765897167969,
    17.897775466834));
#3237 = CARTESIAN_POINT('',(188.86163629605,30.746354129955,
    17.964976176744));
#3238 = CARTESIAN_POINT('',(188.87135527445,30.736635151551,
    18.035817390334));
#3239 = CARTESIAN_POINT('',(188.87117058103,30.736819844975,
    18.176286135712));
#3240 = CARTESIAN_POINT('',(188.86157835899,30.746412067011,
    18.245942135788));
#3241 = CARTESIAN_POINT('',(188.84248369574,30.765506730259,
    18.312080890971));
#3242 = CARTESIAN_POINT('',(188.81486602165,30.793124404356,
    18.371298204389));
#3243 = CARTESIAN_POINT('',(188.74877012647,30.859220299535,
    18.466950242137));
#3244 = CARTESIAN_POINT('',(188.7113106645,30.896679761497,
    18.50482833427));
#3245 = CARTESIAN_POINT('',(188.66943007192,30.938560354086,
    18.532758542618));
#3246 = CARTESIAN_POINT('',(188.62494918578,30.983041240219,
    18.549521822279));
#3247 = CARTESIAN_POINT('',(188.53540217146,31.072588254545,
    18.560177273252));
#3248 = CARTESIAN_POINT('',(188.49034639159,31.117644034413,
    18.554449930528));
#3249 = CARTESIAN_POINT('',(188.44646156565,31.161528860356,
    18.537489296564));
#3250 = CARTESIAN_POINT('',(188.40559102368,31.20239940232,
    18.510012003172));
#3251 = CARTESIAN_POINT('',(188.32908233822,31.278908087781,
    18.433247188809));
#3252 = CARTESIAN_POINT('',(188.29441946184,31.313570964159,
    18.381972131264));
#3253 = CARTESIAN_POINT('',(188.26726657996,31.340723846042,
    18.321731042845));
#3254 = CARTESIAN_POINT('',(188.24901793814,31.35897248786,
    18.255625419705));
#3255 = CARTESIAN_POINT('',(188.23106759145,31.376922834554,
    18.117469323478));
#3256 = CARTESIAN_POINT('',(188.23166871327,31.376321712735,
    18.04531204694));
#3257 = CARTESIAN_POINT('',(188.24239592891,31.365594497093,
    17.974251154617));
#3258 = CARTESIAN_POINT('',(188.26268129604,31.345309129958,
    17.908064488629));
#3259 = CARTESIAN_POINT('',(188.32272165998,31.285268766024,
    17.784686077817));
#3260 = CARTESIAN_POINT('',(188.36449196641,31.243498459593,
    17.729412629588));
#3261 = CARTESIAN_POINT('',(188.41430615273,31.193684273277,
    17.688211576142));
#3262 = CARTESIAN_POINT('',(188.46883065348,31.13915977252,
    17.663843981715));
#3263 = CARTESIAN_POINT('',(188.52443846907,31.083551956937,
    17.656752677393));
#3264 = PLANE('',#3265);
#3265 = AXIS2_PLACEMENT_3D('',#3266,#3267,#3268);
#3266 = CARTESIAN_POINT('',(188.55250331048,31.055487115524,
    18.096904292633));
#3267 = DIRECTION('',(0.707106781187,0.707106781187,9.244463733059E-33)
  );
#3268 = DIRECTION('',(-6.350410228909E-02,6.350410228909E-02,
    -0.995959064412));
#3269 = ADVANCED_FACE('',(#3270),#3331,.T.);
#3270 = FACE_BOUND('',#3271,.F.);
#3271 = EDGE_LOOP('',(#3272,#3273,#3282,#3289,#3290,#3291,#3292,#3329,
    #3330));
#3272 = ORIENTED_EDGE('',*,*,#3228,.F.);
#3273 = ORIENTED_EDGE('',*,*,#3274,.F.);
#3274 = EDGE_CURVE('',#3275,#3189,#3277,.T.);
#3275 = VERTEX_POINT('',#3276);
#3276 = CARTESIAN_POINT('',(192.61596151837,34.466707874225,
    23.211548671901));
#3277 = CIRCLE('',#3278,5.585396184467);
#3278 = AXIS2_PLACEMENT_3D('',#3279,#3280,#3281);
#3279 = CARTESIAN_POINT('',(188.66649000072,30.517236356574,
    23.211548671901));
#3280 = DIRECTION('',(-0.70424940823,0.70424940823,8.980836272356E-02));
#3281 = DIRECTION('',(0.707106781187,0.707106781187,9.244463733059E-33)
  );
#3282 = ORIENTED_EDGE('',*,*,#3283,.T.);
#3283 = EDGE_CURVE('',#3275,#3275,#3284,.T.);
#3284 = CIRCLE('',#3285,0.45);
#3285 = AXIS2_PLACEMENT_3D('',#3286,#3287,#3288);
#3286 = CARTESIAN_POINT('',(192.29776346683,34.148509822691,
    23.211548671901));
#3287 = DIRECTION('',(-6.350410228909E-02,6.350410228909E-02,
    -0.995959064412));
#3288 = DIRECTION('',(0.707106781187,0.707106781187,9.244463733059E-33)
  );
#3289 = ORIENTED_EDGE('',*,*,#3274,.T.);
#3290 = ORIENTED_EDGE('',*,*,#3188,.F.);
#3291 = ORIENTED_EDGE('',*,*,#2955,.F.);
#3292 = ORIENTED_EDGE('',*,*,#3293,.F.);
#3293 = EDGE_CURVE('',#2996,#2956,#3294,.T.);
#3294 = B_SPLINE_CURVE_WITH_KNOTS('',5,(#3295,#3296,#3297,#3298,#3299,
    #3300,#3301,#3302,#3303,#3304,#3305,#3306,#3307,#3308,#3309,#3310,
    #3311,#3312,#3313,#3314,#3315,#3316,#3317,#3318,#3319,#3320,#3321,
    #3322,#3323,#3324,#3325,#3326,#3327,#3328),.UNSPECIFIED.,.T.,.F.,(6,
    4,4,4,4,4,4,4,6),(0.,0.139607573528,0.264630001869,0.387651696863,
    0.500950509723,0.612348258455,0.73536993402,0.860392366689,1.),
  .UNSPECIFIED.);
#3295 = CARTESIAN_POINT('',(188.02986246033,30.588178472009,
    17.663006239105));
#3296 = CARTESIAN_POINT('',(188.08547272688,30.532568205459,
    17.655914622227));
#3297 = CARTESIAN_POINT('',(188.14220399988,30.475836932459,
    17.666115666164));
#3298 = CARTESIAN_POINT('',(188.19642926592,30.421611666422,
    17.694091677254));
#3299 = CARTESIAN_POINT('',(188.24451870907,30.373522223272,
    17.737963586087));
#3300 = CARTESIAN_POINT('',(188.31920546009,30.298835472247,17.844298498
    ));
#3301 = CARTESIAN_POINT('',(188.34754074593,30.270500186409,
    17.90436532246));
#3302 = CARTESIAN_POINT('',(188.36708767564,30.250953256706,
    17.971652717953));
#3303 = CARTESIAN_POINT('',(188.37681182422,30.241229108124,
    18.042584564721));
#3304 = CARTESIAN_POINT('',(188.37663918841,30.241401743934,
    18.183236288959));
#3305 = CARTESIAN_POINT('',(188.36705386758,30.250987064757,
    18.252984351714));
#3306 = CARTESIAN_POINT('',(188.34796683242,30.270074099921,
    18.31921466625));
#3307 = CARTESIAN_POINT('',(188.32035459078,30.297686341562,
    18.378517941381));
#3308 = CARTESIAN_POINT('',(188.25426676337,30.363774168973,
    18.474303188096));
#3309 = CARTESIAN_POINT('',(188.2168122839,30.401228648444,
    18.512232989074));
#3310 = CARTESIAN_POINT('',(188.17493373135,30.443107200993,
    18.540201214118));
#3311 = CARTESIAN_POINT('',(188.13045205757,30.487588874767,
    18.556983310635));
#3312 = CARTESIAN_POINT('',(188.04090127404,30.577139658299,
    18.567637985056));
#3313 = CARTESIAN_POINT('',(187.99584237088,30.622198561464,
    18.561891693948));
#3314 = CARTESIAN_POINT('',(187.951954799,30.666086133337,
    18.544893308501));
#3315 = CARTESIAN_POINT('',(187.91108262306,30.706958309278,
    18.517364606857));
#3316 = CARTESIAN_POINT('',(187.83456502132,30.783475911019,
    18.440467693554));
#3317 = CARTESIAN_POINT('',(187.79989661561,30.818144316731,
    18.389106691207));
#3318 = CARTESIAN_POINT('',(187.77273965559,30.845301276754,
    18.328773595319));
#3319 = CARTESIAN_POINT('',(187.75448615583,30.863554776511,
    18.262575653053));
#3320 = CARTESIAN_POINT('',(187.73652451908,30.881516413265,
    18.124236480561));
#3321 = CARTESIAN_POINT('',(187.73711925973,30.880921672611,
    18.051988721387));
#3322 = CARTESIAN_POINT('',(187.74783933669,30.870201595655,
    17.98084155299));
#3323 = CARTESIAN_POINT('',(187.76811937359,30.849921558752,
    17.91457510915));
#3324 = CARTESIAN_POINT('',(187.82815049594,30.789890436397,
    17.791060422774));
#3325 = CARTESIAN_POINT('',(187.86991463646,30.748126295882,
    17.735730023868));
#3326 = CARTESIAN_POINT('',(187.91972638435,30.698314547993,
    17.694486811116));
#3327 = CARTESIAN_POINT('',(187.97425216772,30.64378876462,
    17.670097859306));
#3328 = CARTESIAN_POINT('',(188.02986246033,30.588178472009,
    17.663006239105));
#3329 = ORIENTED_EDGE('',*,*,#3004,.T.);
#3330 = ORIENTED_EDGE('',*,*,#3014,.F.);
#3331 = TOROIDAL_SURFACE('',#3332,5.135396184467,0.45);
#3332 = AXIS2_PLACEMENT_3D('',#3333,#3334,#3335);
#3333 = CARTESIAN_POINT('',(188.66649000072,30.517236356574,
    23.211548671901));
#3334 = DIRECTION('',(0.70424940823,-0.70424940823,-8.980836272356E-02)
  );
#3335 = DIRECTION('',(0.707106781187,0.707106781187,9.244463733059E-33)
  );
#3336 = ADVANCED_FACE('',(#3337),#3342,.F.);
#3337 = FACE_BOUND('',#3338,.T.);
#3338 = EDGE_LOOP('',(#3339,#3340,#3341));
#3339 = ORIENTED_EDGE('',*,*,#2995,.F.);
#3340 = ORIENTED_EDGE('',*,*,#3293,.T.);
#3341 = ORIENTED_EDGE('',*,*,#2968,.F.);
#3342 = PLANE('',#3343);
#3343 = AXIS2_PLACEMENT_3D('',#3344,#3345,#3346);
#3344 = CARTESIAN_POINT('',(186.88078187111,31.737259061235,
    15.787026710772));
#3345 = DIRECTION('',(0.707106781187,0.707106781187,9.244463733059E-33)
  );
#3346 = DIRECTION('',(-6.350410228909E-02,6.350410228909E-02,
    -0.995959064412));
#3347 = ADVANCED_FACE('',(#3348),#3428,.T.);
#3348 = FACE_BOUND('',#3349,.F.);
#3349 = EDGE_LOOP('',(#3350,#3351,#3352,#3391));
#3350 = ORIENTED_EDGE('',*,*,#3077,.T.);
#3351 = ORIENTED_EDGE('',*,*,#3135,.T.);
#3352 = ORIENTED_EDGE('',*,*,#3353,.T.);
#3353 = EDGE_CURVE('',#3126,#3354,#3356,.T.);
#3354 = VERTEX_POINT('',#3355);
#3355 = CARTESIAN_POINT('',(189.23280560108,30.375184824924,
    28.766344666409));
#3356 = B_SPLINE_CURVE_WITH_KNOTS('',5,(#3357,#3358,#3359,#3360,#3361,
    #3362,#3363,#3364,#3365,#3366,#3367,#3368,#3369,#3370,#3371,#3372,
    #3373,#3374,#3375,#3376,#3377,#3378,#3379,#3380,#3381,#3382,#3383,
    #3384,#3385,#3386,#3387,#3388,#3389,#3390),.UNSPECIFIED.,.T.,.F.,(6,
    4,4,4,4,4,4,4,6),(0.,0.139617865773,0.264630597061,0.387643047745,
    0.500950618155,0.612356903242,0.735369342928,0.86038207654,1.),
  .UNSPECIFIED.);
#3357 = CARTESIAN_POINT('',(189.23280560108,30.375184824924,
    28.766344666409));
#3358 = CARTESIAN_POINT('',(189.28841339303,30.319577032971,
    28.759253365101));
#3359 = CARTESIAN_POINT('',(189.34293786807,30.265052557932,
    28.734885788949));
#3360 = CARTESIAN_POINT('',(189.39275203721,30.215238388795,
    28.693684770141));
#3361 = CARTESIAN_POINT('',(189.43452233629,30.173468089715,
    28.638411363528));
#3362 = CARTESIAN_POINT('',(189.49456271818,30.113427707826,
    28.515033018685));
#3363 = CARTESIAN_POINT('',(189.51484810281,30.093142323195,
    28.448846368175));
#3364 = CARTESIAN_POINT('',(189.52557533847,30.082415087529,
    28.377785486447));
#3365 = CARTESIAN_POINT('',(189.52617648185,30.081813944156,
    28.305628214612));
#3366 = CARTESIAN_POINT('',(189.50822617763,30.099764248374,
    28.167472107949));
#3367 = CARTESIAN_POINT('',(189.48997755471,30.118012871292,
    28.101366470391));
#3368 = CARTESIAN_POINT('',(189.46282468905,30.145165736949,
    28.041125362835));
#3369 = CARTESIAN_POINT('',(189.42816182554,30.179828600463,
    27.989850282733));
#3370 = CARTESIAN_POINT('',(189.3510326269,30.2569577991,27.912462812943
    ));
#3371 = CARTESIAN_POINT('',(189.30938603844,30.298604387564,
    27.884672602725));
#3372 = CARTESIAN_POINT('',(189.26464799426,30.343342431738,
    27.867788307741));
#3373 = CARTESIAN_POINT('',(189.21876416244,30.389226263564,
    27.862548654902));
#3374 = CARTESIAN_POINT('',(189.12931377752,30.47867664848,
    27.874719582163));
#3375 = CARTESIAN_POINT('',(189.08570927627,30.522281149737,
    27.891753195938));
#3376 = CARTESIAN_POINT('',(189.04467779505,30.563312630952,
    27.919542656228));
#3377 = CARTESIAN_POINT('',(189.0079422787,30.600048147305,
    27.956916547299));
#3378 = CARTESIAN_POINT('',(188.94237812437,30.665612301629,
    28.051798990193));
#3379 = CARTESIAN_POINT('',(188.91476043478,30.69322999122,
    28.111016284688));
#3380 = CARTESIAN_POINT('',(188.89566575317,30.712324672836,
    28.177155025159));
#3381 = CARTESIAN_POINT('',(188.88607351073,30.721916915271,
    28.246811015836));
#3382 = CARTESIAN_POINT('',(188.88588877424,30.722101651767,
    28.387279761692));
#3383 = CARTESIAN_POINT('',(188.89560773205,30.712382693956,
    28.458120985357));
#3384 = CARTESIAN_POINT('',(188.91515075172,30.692839674284,
    28.525321710746));
#3385 = CARTESIAN_POINT('',(188.94348117441,30.664509251592,
    28.585308720127));
#3386 = CARTESIAN_POINT('',(189.0181597709,30.589830655106,
    28.691507294977));
#3387 = CARTESIAN_POINT('',(189.06624809031,30.541742335692,
    28.73532165499));
#3388 = CARTESIAN_POINT('',(189.1204704459,30.487519980098,
    28.763255602485));
#3389 = CARTESIAN_POINT('',(189.17719778552,30.430792640481,
    28.773435970727));
#3390 = CARTESIAN_POINT('',(189.23280560108,30.375184824924,
    28.766344666409));
#3391 = ORIENTED_EDGE('',*,*,#3392,.T.);
#3392 = EDGE_CURVE('',#3354,#3078,#3393,.T.);
#3393 = B_SPLINE_CURVE_WITH_KNOTS('',5,(#3394,#3395,#3396,#3397,#3398,
    #3399,#3400,#3401,#3402,#3403,#3404,#3405,#3406,#3407,#3408,#3409,
    #3410,#3411,#3412,#3413,#3414,#3415,#3416,#3417,#3418,#3419,#3420,
    #3421,#3422,#3423,#3424,#3425,#3426,#3427),.UNSPECIFIED.,.T.,.F.,(6,
    4,4,4,4,4,4,4,6),(0.,0.139617865773,0.264630597061,0.387643047745,
    0.500950618155,0.612356903242,0.735369342928,0.86038207654,1.),
  .UNSPECIFIED.);
#3394 = CARTESIAN_POINT('',(189.23280560108,30.375184824924,
    28.766344666409));
#3395 = CARTESIAN_POINT('',(189.28841339303,30.319577032971,
    28.759253365101));
#3396 = CARTESIAN_POINT('',(189.34293786807,30.265052557932,
    28.734885788949));
#3397 = CARTESIAN_POINT('',(189.39275203721,30.215238388795,
    28.693684770141));
#3398 = CARTESIAN_POINT('',(189.43452233629,30.173468089715,
    28.638411363528));
#3399 = CARTESIAN_POINT('',(189.49456271818,30.113427707826,
    28.515033018685));
#3400 = CARTESIAN_POINT('',(189.51484810281,30.093142323195,
    28.448846368175));
#3401 = CARTESIAN_POINT('',(189.52557533847,30.082415087529,
    28.377785486447));
#3402 = CARTESIAN_POINT('',(189.52617648185,30.081813944156,
    28.305628214612));
#3403 = CARTESIAN_POINT('',(189.50822617763,30.099764248374,
    28.167472107949));
#3404 = CARTESIAN_POINT('',(189.48997755471,30.118012871292,
    28.101366470391));
#3405 = CARTESIAN_POINT('',(189.46282468905,30.145165736949,
    28.041125362835));
#3406 = CARTESIAN_POINT('',(189.42816182554,30.179828600463,
    27.989850282733));
#3407 = CARTESIAN_POINT('',(189.3510326269,30.2569577991,27.912462812943
    ));
#3408 = CARTESIAN_POINT('',(189.30938603844,30.298604387564,
    27.884672602725));
#3409 = CARTESIAN_POINT('',(189.26464799426,30.343342431738,
    27.867788307741));
#3410 = CARTESIAN_POINT('',(189.21876416244,30.389226263564,
    27.862548654902));
#3411 = CARTESIAN_POINT('',(189.12931377752,30.47867664848,
    27.874719582163));
#3412 = CARTESIAN_POINT('',(189.08570927627,30.522281149737,
    27.891753195938));
#3413 = CARTESIAN_POINT('',(189.04467779505,30.563312630952,
    27.919542656228));
#3414 = CARTESIAN_POINT('',(189.0079422787,30.600048147305,
    27.956916547299));
#3415 = CARTESIAN_POINT('',(188.94237812437,30.665612301629,
    28.051798990193));
#3416 = CARTESIAN_POINT('',(188.91476043478,30.69322999122,
    28.111016284688));
#3417 = CARTESIAN_POINT('',(188.89566575317,30.712324672836,
    28.177155025159));
#3418 = CARTESIAN_POINT('',(188.88607351073,30.721916915271,
    28.246811015836));
#3419 = CARTESIAN_POINT('',(188.88588877424,30.722101651767,
    28.387279761692));
#3420 = CARTESIAN_POINT('',(188.89560773205,30.712382693956,
    28.458120985357));
#3421 = CARTESIAN_POINT('',(188.91515075172,30.692839674284,
    28.525321710746));
#3422 = CARTESIAN_POINT('',(188.94348117441,30.664509251592,
    28.585308720127));
#3423 = CARTESIAN_POINT('',(189.0181597709,30.589830655106,
    28.691507294977));
#3424 = CARTESIAN_POINT('',(189.06624809031,30.541742335692,
    28.73532165499));
#3425 = CARTESIAN_POINT('',(189.1204704459,30.487519980098,
    28.763255602485));
#3426 = CARTESIAN_POINT('',(189.17719778552,30.430792640481,
    28.773435970727));
#3427 = CARTESIAN_POINT('',(189.23280560108,30.375184824924,
    28.766344666409));
#3428 = PLANE('',#3429);
#3429 = AXIS2_PLACEMENT_3D('',#3430,#3431,#3432);
#3430 = CARTESIAN_POINT('',(189.20474075967,30.403249666337,
    28.326193051169));
#3431 = DIRECTION('',(0.707106781187,0.707106781187,9.244463733059E-33)
  );
#3432 = DIRECTION('',(-6.350410228909E-02,6.350410228909E-02,
    -0.995959064412));
#3433 = ADVANCED_FACE('',(#3434),#3488,.T.);
#3434 = FACE_BOUND('',#3435,.F.);
#3435 = EDGE_LOOP('',(#3436,#3437,#3444,#3445,#3446,#3447,#3448,#3449,
    #3486,#3487));
#3436 = ORIENTED_EDGE('',*,*,#3353,.T.);
#3437 = ORIENTED_EDGE('',*,*,#3438,.T.);
#3438 = EDGE_CURVE('',#3354,#3275,#3439,.T.);
#3439 = CIRCLE('',#3440,5.585396184467);
#3440 = AXIS2_PLACEMENT_3D('',#3441,#3442,#3443);
#3441 = CARTESIAN_POINT('',(188.66649000072,30.517236356574,
    23.211548671901));
#3442 = DIRECTION('',(-0.70424940823,0.70424940823,8.980836272356E-02));
#3443 = DIRECTION('',(0.707106781187,0.707106781187,9.244463733059E-33)
  );
#3444 = ORIENTED_EDGE('',*,*,#3283,.F.);
#3445 = ORIENTED_EDGE('',*,*,#3438,.F.);
#3446 = ORIENTED_EDGE('',*,*,#3392,.T.);
#3447 = ORIENTED_EDGE('',*,*,#3086,.T.);
#3448 = ORIENTED_EDGE('',*,*,#3096,.F.);
#3449 = ORIENTED_EDGE('',*,*,#3450,.T.);
#3450 = EDGE_CURVE('',#3097,#3107,#3451,.T.);
#3451 = B_SPLINE_CURVE_WITH_KNOTS('',5,(#3452,#3453,#3454,#3455,#3456,
    #3457,#3458,#3459,#3460,#3461,#3462,#3463,#3464,#3465,#3466,#3467,
    #3468,#3469,#3470,#3471,#3472,#3473,#3474,#3475,#3476,#3477,#3478,
    #3479,#3480,#3481,#3482,#3483,#3484,#3485),.UNSPECIFIED.,.T.,.F.,(6,
    4,4,4,4,4,4,4,6),(0.,0.139607573522,0.264630001862,0.387651696857,
    0.5009505097,0.61234825833,0.735369933895,0.860392366564,1.),
  .UNSPECIFIED.);
#3452 = CARTESIAN_POINT('',(188.73743211615,29.880608816191,
    28.760091104697));
#3453 = CARTESIAN_POINT('',(188.7930423827,29.824998549643,
    28.75299948782));
#3454 = CARTESIAN_POINT('',(188.84756813799,29.770472794351,
    28.728610556134));
#3455 = CARTESIAN_POINT('',(188.89737986695,29.720661065395,
    28.687367381349));
#3456 = CARTESIAN_POINT('',(188.93914399934,29.678896933,28.632037028381
    ));
#3457 = CARTESIAN_POINT('',(188.99917514034,29.618865791999,
    28.508522416824));
#3458 = CARTESIAN_POINT('',(189.01945519599,29.598585736351,
    28.442255992947));
#3459 = CARTESIAN_POINT('',(189.03017529528,29.587865637061,
    28.37110883941));
#3460 = CARTESIAN_POINT('',(189.03077006079,29.587270871549,
    28.298861088407));
#3461 = CARTESIAN_POINT('',(189.01280847379,29.605232458556,
    28.160521904074));
#3462 = CARTESIAN_POINT('',(188.99455499529,29.623485937048,
    28.094323942969));
#3463 = CARTESIAN_POINT('',(188.96739805288,29.650642879465,
    28.033990823181));
#3464 = CARTESIAN_POINT('',(188.93272966046,29.685311271878,
    27.982629793662));
#3465 = CARTESIAN_POINT('',(188.8555915492,29.762449383143,
    27.905109222647));
#3466 = CARTESIAN_POINT('',(188.81394332195,29.804097610387,
    27.877266877186));
#3467 = CARTESIAN_POINT('',(188.769202476,29.848838456338,
    27.860344662642));
#3468 = CARTESIAN_POINT('',(188.72331548901,29.894725443328,
    27.855086695738));
#3469 = CARTESIAN_POINT('',(188.63386149399,29.984179438348,
    27.86725934056));
#3470 = CARTESIAN_POINT('',(188.59025631676,30.027784615586,
    27.884312387172));
#3471 = CARTESIAN_POINT('',(188.54922690932,30.068814023018,
    27.912139684584));
#3472 = CARTESIAN_POINT('',(188.51249628827,30.105544644076,
    27.949564567912));
#3473 = CARTESIAN_POINT('',(188.44694007131,30.171100861035,
    28.044579234402));
#3474 = CARTESIAN_POINT('',(188.41932781311,30.19871311923,
    28.103882486136));
#3475 = CARTESIAN_POINT('',(188.40024075757,30.217800174774,
    28.170112781591));
#3476 = CARTESIAN_POINT('',(188.3906554134,30.227385518938,
    28.239860831181));
#3477 = CARTESIAN_POINT('',(188.39048272708,30.227558205263,
    28.380512556355));
#3478 = CARTESIAN_POINT('',(188.4002068522,30.217834080143,
    28.45144441746));
#3479 = CARTESIAN_POINT('',(188.41975376177,30.198287170569,
    28.518731833244));
#3480 = CARTESIAN_POINT('',(188.44808903166,30.16995190068,
    28.578798682117));
#3481 = CARTESIAN_POINT('',(188.52277577378,30.095265158558,
    28.685133672486));
#3482 = CARTESIAN_POINT('',(188.57086523076,30.047175701583,
    28.72900562454));
#3483 = CARTESIAN_POINT('',(188.62509052027,29.992950412074,
    28.756981668249));
#3484 = CARTESIAN_POINT('',(188.68182182349,29.936219108851,
    28.767182724905));
#3485 = CARTESIAN_POINT('',(188.73743211615,29.880608816191,
    28.760091104697));
#3486 = ORIENTED_EDGE('',*,*,#3115,.T.);
#3487 = ORIENTED_EDGE('',*,*,#3125,.F.);
#3488 = TOROIDAL_SURFACE('',#3489,5.135396184467,0.45);
#3489 = AXIS2_PLACEMENT_3D('',#3490,#3491,#3492);
#3490 = CARTESIAN_POINT('',(188.66649000072,30.517236356574,
    23.211548671901));
#3491 = DIRECTION('',(0.70424940823,-0.70424940823,-8.980836272356E-02)
  );
#3492 = DIRECTION('',(0.707106781187,0.707106781187,9.244463733059E-33)
  );
#3493 = ADVANCED_FACE('',(#3494),#3498,.F.);
#3494 = FACE_BOUND('',#3495,.T.);
#3495 = EDGE_LOOP('',(#3496,#3497));
#3496 = ORIENTED_EDGE('',*,*,#3450,.F.);
#3497 = ORIENTED_EDGE('',*,*,#3106,.F.);
#3498 = PLANE('',#3499);
#3499 = AXIS2_PLACEMENT_3D('',#3500,#3501,#3502);
#3500 = CARTESIAN_POINT('',(186.88078187111,31.737259061235,
    15.787026710772));
#3501 = DIRECTION('',(0.707106781187,0.707106781187,9.244463733059E-33)
  );
#3502 = DIRECTION('',(-6.350410228909E-02,6.350410228909E-02,
    -0.995959064412));
#3503 = MANIFOLD_SOLID_BREP('',#3504);
#3504 = CLOSED_SHELL('',(#3505,#3799,#3824,#3903,#3914,#3940,#4037,#4047
    ,#4132,#4198,#4209,#4295,#4353));
#3505 = ADVANCED_FACE('',(#3506),#3794,.T.);
#3506 = FACE_BOUND('',#3507,.F.);
#3507 = EDGE_LOOP('',(#3508,#3549,#3560,#3599,#3608,#3647,#3658,#3697,
    #3708,#3745,#3746,#3785));
#3508 = ORIENTED_EDGE('',*,*,#3509,.F.);
#3509 = EDGE_CURVE('',#3510,#3512,#3514,.T.);
#3510 = VERTEX_POINT('',#3511);
#3511 = CARTESIAN_POINT('',(185.78833151812,33.383207092025,
    18.170224507521));
#3512 = VERTEX_POINT('',#3513);
#3513 = CARTESIAN_POINT('',(185.04190075404,33.879280865283,
    18.251041025897));
#3514 = B_SPLINE_CURVE_WITH_KNOTS('',5,(#3515,#3516,#3517,#3518,#3519,
    #3520,#3521,#3522,#3523,#3524,#3525,#3526,#3527,#3528,#3529,#3530,
    #3531,#3532,#3533,#3534,#3535,#3536,#3537,#3538,#3539,#3540,#3541,
    #3542,#3543,#3544,#3545,#3546,#3547,#3548),.UNSPECIFIED.,.T.,.F.,(6,
    4,4,4,4,4,4,4,6),(0.,0.138610208615,0.263630328139,0.38664999322,
    0.500950515269,0.613349938952,0.736369595606,0.861389726371,1.),
  .UNSPECIFIED.);
#3515 = CARTESIAN_POINT('',(185.38192871227,33.653300157671,
    17.76872303361));
#3516 = CARTESIAN_POINT('',(185.44695791407,33.610082108438,
    17.761682290887));
#3517 = CARTESIAN_POINT('',(185.5132878283,33.565999612897,
    17.771683187776));
#3518 = CARTESIAN_POINT('',(185.57674019681,33.523829518383,
    17.799198162117));
#3519 = CARTESIAN_POINT('',(185.63312835064,33.486354262026,
    17.84240570964));
#3520 = CARTESIAN_POINT('',(185.72131272463,33.427747412931,
    17.947647263586));
#3521 = CARTESIAN_POINT('',(185.75499822329,33.405360216119,
    18.007444434722));
#3522 = CARTESIAN_POINT('',(185.77837080923,33.38982692428,
    18.074539324912));
#3523 = CARTESIAN_POINT('',(185.79019259465,33.38197023082,
    18.145364193319));
#3524 = CARTESIAN_POINT('',(185.7907200435,33.381619691218,
    18.285976390051));
#3525 = CARTESIAN_POINT('',(185.77979263392,33.388881987421,
    18.355788690798));
#3526 = CARTESIAN_POINT('',(185.75765538728,33.403594279573,
    18.422168422846));
#3527 = CARTESIAN_POINT('',(185.72544168166,33.425003330841,
    18.481697666145));
#3528 = CARTESIAN_POINT('',(185.64777413043,33.476620757468,
    18.578448051504));
#3529 = CARTESIAN_POINT('',(185.60340862338,33.506105829017,
    18.616966317508));
#3530 = CARTESIAN_POINT('',(185.55370188805,33.539140651454,
    18.645372063659));
#3531 = CARTESIAN_POINT('',(185.50085510445,33.574262332665,
    18.662399442764));
#3532 = CARTESIAN_POINT('',(185.39444268203,33.644983442314,
    18.673149103826));
#3533 = CARTESIAN_POINT('',(185.34088856495,33.68057521346,
    18.667255814177));
#3534 = CARTESIAN_POINT('',(185.28875856245,33.715220525906,
    18.649909493021));
#3535 = CARTESIAN_POINT('',(185.24028397141,33.747436472035,
    18.621859690664));
#3536 = CARTESIAN_POINT('',(185.15018216236,33.807317637899,
    18.543981513211));
#3537 = CARTESIAN_POINT('',(185.10961890714,33.83427575383,
    18.492331899007));
#3538 = CARTESIAN_POINT('',(185.0779489177,33.855323454322,
    18.431777928609));
#3539 = CARTESIAN_POINT('',(185.05679652128,33.869381220447,
    18.36543894214));
#3540 = CARTESIAN_POINT('',(185.03636579871,33.882959366099,
    18.226981689766));
#3541 = CARTESIAN_POINT('',(185.03744476353,33.882242292022,
    18.154760039339));
#3542 = CARTESIAN_POINT('',(185.05044392857,33.873603118559,
    18.083727141602));
#3543 = CARTESIAN_POINT('',(185.07467692826,33.857498000482,
    18.017659078963));
#3544 = CARTESIAN_POINT('',(185.14575898417,33.810257257758,
    17.895173579749));
#3545 = CARTESIAN_POINT('',(185.19480011451,33.777664792734,
    17.840551097982));
#3546 = CARTESIAN_POINT('',(185.25312953094,33.738899383948,
    17.799850701888));
#3547 = CARTESIAN_POINT('',(185.31689948386,33.696518224586,
    17.775763797153));
#3548 = CARTESIAN_POINT('',(185.38192871227,33.653300157671,
    17.76872303361));
#3549 = ORIENTED_EDGE('',*,*,#3550,.F.);
#3550 = EDGE_CURVE('',#3551,#3510,#3553,.T.);
#3551 = VERTEX_POINT('',#3552);
#3552 = CARTESIAN_POINT('',(185.4006698573,32.800353337411,
    18.166984699582));
#3553 = B_SPLINE_CURVE_WITH_KNOTS('',5,(#3554,#3555,#3556,#3557,#3558,
    #3559),.UNSPECIFIED.,.F.,.F.,(6,6),(0.,1.),
  .PIECEWISE_BEZIER_KNOTS.);
#3554 = CARTESIAN_POINT('',(185.40066952632,32.800352836959,
    18.166984716238));
#3555 = CARTESIAN_POINT('',(185.48193017736,32.923220973839,
    18.162895421441));
#3556 = CARTESIAN_POINT('',(185.5635274758,33.046315274769,
    18.161309886837));
#3557 = CARTESIAN_POINT('',(185.64538855803,33.169312417333,
    18.162251848581));
#3558 = CARTESIAN_POINT('',(185.72732153737,33.291975451602,
    18.165715650543));
#3559 = CARTESIAN_POINT('',(185.80901845919,33.41414673656,
    18.171667234351));
#3560 = ORIENTED_EDGE('',*,*,#3561,.F.);
#3561 = EDGE_CURVE('',#3562,#3551,#3564,.T.);
#3562 = VERTEX_POINT('',#3563);
#3563 = CARTESIAN_POINT('',(184.99402593596,33.070606647083,
    17.762739142305));
#3564 = B_SPLINE_CURVE_WITH_KNOTS('',5,(#3565,#3566,#3567,#3568,#3569,
    #3570,#3571,#3572,#3573,#3574,#3575,#3576,#3577,#3578,#3579,#3580,
    #3581,#3582,#3583,#3584,#3585,#3586,#3587,#3588,#3589,#3590,#3591,
    #3592,#3593,#3594,#3595,#3596,#3597,#3598),.UNSPECIFIED.,.T.,.F.,(6,
    4,4,4,4,4,4,4,6),(0.,0.138619387773,0.263630847878,0.386642185849,
    0.500950626795,0.613357767962,0.736369096492,0.861380558112,1.),
  .UNSPECIFIED.);
#3565 = CARTESIAN_POINT('',(184.99402593596,33.070606647083,
    17.762739142305));
#3566 = CARTESIAN_POINT('',(185.05905271559,33.02739020761,
    17.755698652839));
#3567 = CARTESIAN_POINT('',(185.12537863147,32.983310369349,
    17.76568116022));
#3568 = CARTESIAN_POINT('',(185.18882704434,32.941142903731,
    17.79315775304));
#3569 = CARTESIAN_POINT('',(185.24521440116,32.903668177059,
    17.836313511578));
#3570 = CARTESIAN_POINT('',(185.33339014282,32.845067064969,
    17.941431824929));
#3571 = CARTESIAN_POINT('',(185.36707042008,32.822683338268,
    18.001156611197));
#3572 = CARTESIAN_POINT('',(185.39043872056,32.80715289452,
    18.068172261473));
#3573 = CARTESIAN_POINT('',(185.40225507913,32.799299807722,
    18.138915119785));
#3574 = CARTESIAN_POINT('',(185.40276966594,32.798957816159,
    18.279361289517));
#3575 = CARTESIAN_POINT('',(185.39183484825,32.806225035751,
    18.349090338916));
#3576 = CARTESIAN_POINT('',(185.36968956983,32.820942665776,
    18.415386636727));
#3577 = CARTESIAN_POINT('',(185.33747007072,32.842355567365,
    18.474838028356));
#3578 = CARTESIAN_POINT('',(185.25979374539,32.893978825211,
    18.571467075021));
#3579 = CARTESIAN_POINT('',(185.21542269888,32.923467578255,
    18.609938058023));
#3580 = CARTESIAN_POINT('',(185.1657139581,32.956503733505,
    18.638308777157));
#3581 = CARTESIAN_POINT('',(185.11286802875,32.991624846985,
    18.655318975448));
#3582 = CARTESIAN_POINT('',(185.00645955751,33.062343330701,
    18.66606934921));
#3583 = CARTESIAN_POINT('',(184.95290880979,33.097932862593,
    18.660193364985));
#3584 = CARTESIAN_POINT('',(184.90078196765,33.132576074683,
    18.642881771349));
#3585 = CARTESIAN_POINT('',(184.8523089828,33.164790953343,
    18.614879022882));
#3586 = CARTESIAN_POINT('',(184.76221662278,33.224665839439,
    18.537121203805));
#3587 = CARTESIAN_POINT('',(184.72165926699,33.251620034642,
    18.485549426052));
#3588 = CARTESIAN_POINT('',(184.68999380745,33.272664724587,
    18.425079265276));
#3589 = CARTESIAN_POINT('',(184.66884652823,33.286719089841,
    18.358823774824));
#3590 = CARTESIAN_POINT('',(184.6484278943,33.300289201452,
    18.220532632851));
#3591 = CARTESIAN_POINT('',(184.64951374157,33.299567553341,
    18.148392838145));
#3592 = CARTESIAN_POINT('',(184.66252049835,33.290923334447,
    18.077438826118));
#3593 = CARTESIAN_POINT('',(184.68675914658,33.274814462376,
    18.011443105933));
#3594 = CARTESIAN_POINT('',(184.75785107147,33.227567160788,
    17.889080720949));
#3595 = CARTESIAN_POINT('',(184.80689913269,33.194970089536,
    17.834509367155));
#3596 = CARTESIAN_POINT('',(184.86523037458,33.156203467557,
    17.793847586015));
#3597 = CARTESIAN_POINT('',(184.92899913042,33.113823103766,
    17.769779634575));
#3598 = CARTESIAN_POINT('',(184.99402593596,33.070606647083,
    17.762739142305));
#3599 = ORIENTED_EDGE('',*,*,#3600,.T.);
#3600 = EDGE_CURVE('',#3562,#3601,#3603,.T.);
#3601 = VERTEX_POINT('',#3602);
#3602 = CARTESIAN_POINT('',(185.86591493452,32.491154022416,
    29.372445180066));
#3603 = CIRCLE('',#3604,5.83612093032);
#3604 = AXIS2_PLACEMENT_3D('',#3605,#3606,#3607);
#3605 = CARTESIAN_POINT('',(185.5960218864,33.030734123131,
    23.567592161185));
#3606 = DIRECTION('',(-0.829480484387,0.551268159797,8.980836272356E-02)
  );
#3607 = DIRECTION('',(0.553504837192,0.832845961271,3.87663684597E-18));
#3608 = ORIENTED_EDGE('',*,*,#3609,.T.);
#3609 = EDGE_CURVE('',#3601,#3610,#3612,.T.);
#3610 = VERTEX_POINT('',#3611);
#3611 = CARTESIAN_POINT('',(186.20577128173,32.265287366542,
    28.887375579121));
#3612 = B_SPLINE_CURVE_WITH_KNOTS('',5,(#3613,#3614,#3615,#3616,#3617,
    #3618,#3619,#3620,#3621,#3622,#3623,#3624,#3625,#3626,#3627,#3628,
    #3629,#3630,#3631,#3632,#3633,#3634,#3635,#3636,#3637,#3638,#3639,
    #3640,#3641,#3642,#3643,#3644,#3645,#3646),.UNSPECIFIED.,.T.,.F.,(6,
    4,4,4,4,4,4,4,6),(0.,0.138619387767,0.263630847872,0.386642185843,
    0.500950626778,0.613357767876,0.736369096406,0.861380558026,1.),
  .UNSPECIFIED.);
#3613 = CARTESIAN_POINT('',(185.86591493452,32.491154022416,
    29.372445180066));
#3614 = CARTESIAN_POINT('',(185.93094171416,32.447937582945,
    29.365404690601));
#3615 = CARTESIAN_POINT('',(185.99471044163,32.405557238012,
    29.341336756092));
#3616 = CARTESIAN_POINT('',(186.05304166459,32.366790628615,
    29.300675007128));
#3617 = CARTESIAN_POINT('',(186.10208971753,32.334193562863,
    29.246103691866));
#3618 = CARTESIAN_POINT('',(186.17318166187,32.286946248344,
    29.123741368103));
#3619 = CARTESIAN_POINT('',(186.19742032935,32.270837363488,
    29.057745662031));
#3620 = CARTESIAN_POINT('',(186.21042710801,32.262193130048,
    28.986791659542));
#3621 = CARTESIAN_POINT('',(186.21151297872,32.26147146636,
    28.914651868924));
#3622 = CARTESIAN_POINT('',(186.19109439093,32.275041547307,
    28.776360717632));
#3623 = CARTESIAN_POINT('',(186.16994713245,32.289095898777,
    28.710105214371));
#3624 = CARTESIAN_POINT('',(186.13828169088,32.310140576782,
    28.649635036341));
#3625 = CARTESIAN_POINT('',(186.09772434949,32.337094762412,
    28.598063238036));
#3626 = CARTESIAN_POINT('',(186.00690440417,32.397453197689,
    28.519677386332));
#3627 = CARTESIAN_POINT('',(185.95751737406,32.430275545796,
    28.491357648009));
#3628 = CARTESIAN_POINT('',(185.90438357633,32.465587975023,
    28.474121753836));
#3629 = CARTESIAN_POINT('',(185.84985578402,32.501826845359,
    28.468736974487));
#3630 = CARTESIAN_POINT('',(185.74356211401,32.57246903281,
    28.481015992497));
#3631 = CARTESIAN_POINT('',(185.69175065241,32.60690264473,
    28.498299607972));
#3632 = CARTESIAN_POINT('',(185.64304390231,32.639272882488,
    28.526528516685));
#3633 = CARTESIAN_POINT('',(185.59952492868,32.668195352592,
    28.564491291088));
#3634 = CARTESIAN_POINT('',(185.52247088221,32.719405047334,
    28.660346154421));
#3635 = CARTESIAN_POINT('',(185.49025136585,32.740817960393,
    28.719797528904));
#3636 = CARTESIAN_POINT('',(185.46810606716,32.755535603892,
    28.786093813586));
#3637 = CARTESIAN_POINT('',(185.45717122712,32.762802838333,
    28.855822854831));
#3638 = CARTESIAN_POINT('',(185.45768576709,32.7624608779,
    28.996269025304));
#3639 = CARTESIAN_POINT('',(185.46950210318,32.754607806044,
    29.067011892679));
#3640 = CARTESIAN_POINT('',(185.49287038352,32.739077375681,
    29.134027557054));
#3641 = CARTESIAN_POINT('',(185.52655064392,32.716693660179,
    29.193752361361));
#3642 = CARTESIAN_POINT('',(185.61472637554,32.658092554759,
    29.29887073921));
#3643 = CARTESIAN_POINT('',(185.67111374627,32.620617818849,
    29.342026533933));
#3644 = CARTESIAN_POINT('',(185.7345621826,32.578450337643,
    29.369503154379));
#3645 = CARTESIAN_POINT('',(185.80088812895,32.534370479127,
    29.37948567234));
#3646 = CARTESIAN_POINT('',(185.86591493452,32.491154022416,
    29.372445180066));
#3647 = ORIENTED_EDGE('',*,*,#3648,.T.);
#3648 = EDGE_CURVE('',#3610,#3649,#3651,.T.);
#3649 = VERTEX_POINT('',#3650);
#3650 = CARTESIAN_POINT('',(186.59294688217,32.848464154212,
    28.884143225176));
#3651 = B_SPLINE_CURVE_WITH_KNOTS('',5,(#3652,#3653,#3654,#3655,#3656,
    #3657),.UNSPECIFIED.,.F.,.F.,(6,6),(0.,1.),
  .PIECEWISE_BEZIER_KNOTS.);
#3652 = CARTESIAN_POINT('',(186.20577094825,32.265286867751,
    28.887375562493));
#3653 = CARTESIAN_POINT('',(186.28764530968,32.387747162008,
    28.891458017124));
#3654 = CARTESIAN_POINT('',(186.36948120188,32.510682920891,
    28.893049336666));
#3655 = CARTESIAN_POINT('',(186.45120063579,32.633774228167,
    28.892105009269));
#3656 = CARTESIAN_POINT('',(186.53261295236,32.756783317878,
    28.888635726689));
#3657 = CARTESIAN_POINT('',(186.61341754456,32.879547665666,
    28.882705270528));
#3658 = ORIENTED_EDGE('',*,*,#3659,.T.);
#3659 = EDGE_CURVE('',#3649,#3660,#3662,.T.);
#3660 = VERTEX_POINT('',#3661);
#3661 = CARTESIAN_POINT('',(185.84651612004,33.344537926166,
    28.964959743339));
#3662 = B_SPLINE_CURVE_WITH_KNOTS('',5,(#3663,#3664,#3665,#3666,#3667,
    #3668,#3669,#3670,#3671,#3672,#3673,#3674,#3675,#3676,#3677,#3678,
    #3679,#3680,#3681,#3682,#3683,#3684,#3685,#3686,#3687,#3688,#3689,
    #3690,#3691,#3692,#3693,#3694,#3695,#3696),.UNSPECIFIED.,.T.,.F.,(6,
    4,4,4,4,4,4,4,6),(0.,0.138610114188,0.263630309548,0.386650049721,
    0.500950528781,0.613349908906,0.736369632375,0.861389830562,1.),
  .UNSPECIFIED.);
#3663 = CARTESIAN_POINT('',(186.25291893028,33.074444857607,
    29.366461288761));
#3664 = CARTESIAN_POINT('',(186.31794831423,33.031226687325,
    29.359420517325));
#3665 = CARTESIAN_POINT('',(186.38171837574,32.98884545579,
    29.335333339461));
#3666 = CARTESIAN_POINT('',(186.44004701825,32.950080561347,
    29.294633596285));
#3667 = CARTESIAN_POINT('',(186.48908855758,32.917487824511,
    29.240010917025));
#3668 = CARTESIAN_POINT('',(186.56017069808,32.870247025571,
    29.117525310301));
#3669 = CARTESIAN_POINT('',(186.58440367919,32.854141919838,
    29.051457146586));
#3670 = CARTESIAN_POINT('',(186.59740281961,32.845502762736,
    28.980424775225));
#3671 = CARTESIAN_POINT('',(186.59848185323,32.844785642937,
    28.908202853309));
#3672 = CARTESIAN_POINT('',(186.57805117661,32.858363758055,
    28.769745574691));
#3673 = CARTESIAN_POINT('',(186.55689870389,32.872421574882,
    28.703406324569));
#3674 = CARTESIAN_POINT('',(186.52522889423,32.893469155893,
    28.64285274663));
#3675 = CARTESIAN_POINT('',(186.48466566578,32.92042725403,
    28.591203023505));
#3676 = CARTESIAN_POINT('',(186.39383621575,32.980792006084,
    28.512695820998));
#3677 = CARTESIAN_POINT('',(186.34444743263,33.013615519235,
    28.484328311069));
#3678 = CARTESIAN_POINT('',(186.29131061674,33.048929954308,
    28.467057649248));
#3679 = CARTESIAN_POINT('',(186.23677941,33.085171093861,28.461656076447
    ));
#3680 = CARTESIAN_POINT('',(186.13048182849,33.155815880878,
    28.473936660207));
#3681 = CARTESIAN_POINT('',(186.07866962918,33.190249983072,
    28.491238091504));
#3682 = CARTESIAN_POINT('',(186.02996512539,33.222618727945,
    28.51950169168));
#3683 = CARTESIAN_POINT('',(185.98645145019,33.251537676737,
    28.557511193136));
#3684 = CARTESIAN_POINT('',(185.90940599297,33.302741663117,
    28.653486598168));
#3685 = CARTESIAN_POINT('',(185.8771922935,33.324150710298,
    28.713015901404));
#3686 = CARTESIAN_POINT('',(185.855055121,33.338862953178,
    28.779395175403));
#3687 = CARTESIAN_POINT('',(185.84412762544,33.346125306519,
    28.849207729535));
#3688 = CARTESIAN_POINT('',(185.84465501577,33.345774805814,
    28.989819944571));
#3689 = CARTESIAN_POINT('',(185.85647685907,33.337918073886,
    29.060645090437));
#3690 = CARTESIAN_POINT('',(185.87984929888,33.322384879162,
    29.12773950406));
#3691 = CARTESIAN_POINT('',(185.91353475949,33.299997707638,
    29.187536822415));
#3692 = CARTESIAN_POINT('',(186.0017192137,33.241390805231,
    29.292778607342));
#3693 = CARTESIAN_POINT('',(186.05810782974,33.203915241694,
    29.335986339731));
#3694 = CARTESIAN_POINT('',(186.12155938991,33.1617456844,
    29.363500897951));
#3695 = CARTESIAN_POINT('',(186.18788951817,33.117663046608,
    29.373502063246));
#3696 = CARTESIAN_POINT('',(186.25291893028,33.074444857607,
    29.366461288761));
#3697 = ORIENTED_EDGE('',*,*,#3698,.T.);
#3698 = EDGE_CURVE('',#3660,#3699,#3701,.T.);
#3699 = VERTEX_POINT('',#3700);
#3700 = CARTESIAN_POINT('',(185.45927101318,32.761407332088,
    28.968199622789));
#3701 = B_SPLINE_CURVE_WITH_KNOTS('',5,(#3702,#3703,#3704,#3705,#3706,
    #3707),.UNSPECIFIED.,.F.,.F.,(6,6),(0.,1.),
  .PIECEWISE_BEZIER_KNOTS.);
#3702 = CARTESIAN_POINT('',(185.86703023867,33.375592556847,
    28.963517083659));
#3703 = CARTESIAN_POINT('',(185.78603051747,33.252957955946,
    28.969468667598));
#3704 = CARTESIAN_POINT('',(185.70466873361,33.129915130825,
    28.972932478833));
#3705 = CARTESIAN_POINT('',(185.62297112594,33.006809267337,
    28.973874431708));
#3706 = CARTESIAN_POINT('',(185.54108187598,32.883909142876,
    28.972288902364));
#3707 = CARTESIAN_POINT('',(185.45927067995,32.761406833126,
    28.968199606133));
#3708 = ORIENTED_EDGE('',*,*,#3709,.T.);
#3709 = EDGE_CURVE('',#3699,#3601,#3710,.T.);
#3710 = B_SPLINE_CURVE_WITH_KNOTS('',5,(#3711,#3712,#3713,#3714,#3715,
    #3716,#3717,#3718,#3719,#3720,#3721,#3722,#3723,#3724,#3725,#3726,
    #3727,#3728,#3729,#3730,#3731,#3732,#3733,#3734,#3735,#3736,#3737,
    #3738,#3739,#3740,#3741,#3742,#3743,#3744),.UNSPECIFIED.,.T.,.F.,(6,
    4,4,4,4,4,4,4,6),(0.,0.138619387767,0.263630847872,0.386642185843,
    0.500950626778,0.613357767876,0.736369096406,0.861380558026,1.),
  .UNSPECIFIED.);
#3711 = CARTESIAN_POINT('',(185.86591493452,32.491154022416,
    29.372445180066));
#3712 = CARTESIAN_POINT('',(185.93094171416,32.447937582945,
    29.365404690601));
#3713 = CARTESIAN_POINT('',(185.99471044163,32.405557238012,
    29.341336756092));
#3714 = CARTESIAN_POINT('',(186.05304166459,32.366790628615,
    29.300675007128));
#3715 = CARTESIAN_POINT('',(186.10208971753,32.334193562863,
    29.246103691866));
#3716 = CARTESIAN_POINT('',(186.17318166187,32.286946248344,
    29.123741368103));
#3717 = CARTESIAN_POINT('',(186.19742032935,32.270837363488,
    29.057745662031));
#3718 = CARTESIAN_POINT('',(186.21042710801,32.262193130048,
    28.986791659542));
#3719 = CARTESIAN_POINT('',(186.21151297872,32.26147146636,
    28.914651868924));
#3720 = CARTESIAN_POINT('',(186.19109439093,32.275041547307,
    28.776360717632));
#3721 = CARTESIAN_POINT('',(186.16994713245,32.289095898777,
    28.710105214371));
#3722 = CARTESIAN_POINT('',(186.13828169088,32.310140576782,
    28.649635036341));
#3723 = CARTESIAN_POINT('',(186.09772434949,32.337094762412,
    28.598063238036));
#3724 = CARTESIAN_POINT('',(186.00690440417,32.397453197689,
    28.519677386332));
#3725 = CARTESIAN_POINT('',(185.95751737406,32.430275545796,
    28.491357648009));
#3726 = CARTESIAN_POINT('',(185.90438357633,32.465587975023,
    28.474121753836));
#3727 = CARTESIAN_POINT('',(185.84985578402,32.501826845359,
    28.468736974487));
#3728 = CARTESIAN_POINT('',(185.74356211401,32.57246903281,
    28.481015992497));
#3729 = CARTESIAN_POINT('',(185.69175065241,32.60690264473,
    28.498299607972));
#3730 = CARTESIAN_POINT('',(185.64304390231,32.639272882488,
    28.526528516685));
#3731 = CARTESIAN_POINT('',(185.59952492868,32.668195352592,
    28.564491291088));
#3732 = CARTESIAN_POINT('',(185.52247088221,32.719405047334,
    28.660346154421));
#3733 = CARTESIAN_POINT('',(185.49025136585,32.740817960393,
    28.719797528904));
#3734 = CARTESIAN_POINT('',(185.46810606716,32.755535603892,
    28.786093813586));
#3735 = CARTESIAN_POINT('',(185.45717122712,32.762802838333,
    28.855822854831));
#3736 = CARTESIAN_POINT('',(185.45768576709,32.7624608779,
    28.996269025304));
#3737 = CARTESIAN_POINT('',(185.46950210318,32.754607806044,
    29.067011892679));
#3738 = CARTESIAN_POINT('',(185.49287038352,32.739077375681,
    29.134027557054));
#3739 = CARTESIAN_POINT('',(185.52655064392,32.716693660179,
    29.193752361361));
#3740 = CARTESIAN_POINT('',(185.61472637554,32.658092554759,
    29.29887073921));
#3741 = CARTESIAN_POINT('',(185.67111374627,32.620617818849,
    29.342026533933));
#3742 = CARTESIAN_POINT('',(185.7345621826,32.578450337643,
    29.369503154379));
#3743 = CARTESIAN_POINT('',(185.80088812895,32.534370479127,
    29.37948567234));
#3744 = CARTESIAN_POINT('',(185.86591493452,32.491154022416,
    29.372445180066));
#3745 = ORIENTED_EDGE('',*,*,#3600,.F.);
#3746 = ORIENTED_EDGE('',*,*,#3747,.F.);
#3747 = EDGE_CURVE('',#3748,#3562,#3750,.T.);
#3748 = VERTEX_POINT('',#3749);
#3749 = CARTESIAN_POINT('',(184.65416958875,33.296473302957,
    18.247808743249));
#3750 = B_SPLINE_CURVE_WITH_KNOTS('',5,(#3751,#3752,#3753,#3754,#3755,
    #3756,#3757,#3758,#3759,#3760,#3761,#3762,#3763,#3764,#3765,#3766,
    #3767,#3768,#3769,#3770,#3771,#3772,#3773,#3774,#3775,#3776,#3777,
    #3778,#3779,#3780,#3781,#3782,#3783,#3784),.UNSPECIFIED.,.T.,.F.,(6,
    4,4,4,4,4,4,4,6),(0.,0.138619387773,0.263630847878,0.386642185849,
    0.500950626795,0.613357767962,0.736369096492,0.861380558112,1.),
  .UNSPECIFIED.);
#3751 = CARTESIAN_POINT('',(184.99402593596,33.070606647083,
    17.762739142305));
#3752 = CARTESIAN_POINT('',(185.05905271559,33.02739020761,
    17.755698652839));
#3753 = CARTESIAN_POINT('',(185.12537863147,32.983310369349,
    17.76568116022));
#3754 = CARTESIAN_POINT('',(185.18882704434,32.941142903731,
    17.79315775304));
#3755 = CARTESIAN_POINT('',(185.24521440116,32.903668177059,
    17.836313511578));
#3756 = CARTESIAN_POINT('',(185.33339014282,32.845067064969,
    17.941431824929));
#3757 = CARTESIAN_POINT('',(185.36707042008,32.822683338268,
    18.001156611197));
#3758 = CARTESIAN_POINT('',(185.39043872056,32.80715289452,
    18.068172261473));
#3759 = CARTESIAN_POINT('',(185.40225507913,32.799299807722,
    18.138915119785));
#3760 = CARTESIAN_POINT('',(185.40276966594,32.798957816159,
    18.279361289517));
#3761 = CARTESIAN_POINT('',(185.39183484825,32.806225035751,
    18.349090338916));
#3762 = CARTESIAN_POINT('',(185.36968956983,32.820942665776,
    18.415386636727));
#3763 = CARTESIAN_POINT('',(185.33747007072,32.842355567365,
    18.474838028356));
#3764 = CARTESIAN_POINT('',(185.25979374539,32.893978825211,
    18.571467075021));
#3765 = CARTESIAN_POINT('',(185.21542269888,32.923467578255,
    18.609938058023));
#3766 = CARTESIAN_POINT('',(185.1657139581,32.956503733505,
    18.638308777157));
#3767 = CARTESIAN_POINT('',(185.11286802875,32.991624846985,
    18.655318975448));
#3768 = CARTESIAN_POINT('',(185.00645955751,33.062343330701,
    18.66606934921));
#3769 = CARTESIAN_POINT('',(184.95290880979,33.097932862593,
    18.660193364985));
#3770 = CARTESIAN_POINT('',(184.90078196765,33.132576074683,
    18.642881771349));
#3771 = CARTESIAN_POINT('',(184.8523089828,33.164790953343,
    18.614879022882));
#3772 = CARTESIAN_POINT('',(184.76221662278,33.224665839439,
    18.537121203805));
#3773 = CARTESIAN_POINT('',(184.72165926699,33.251620034642,
    18.485549426052));
#3774 = CARTESIAN_POINT('',(184.68999380745,33.272664724587,
    18.425079265276));
#3775 = CARTESIAN_POINT('',(184.66884652823,33.286719089841,
    18.358823774824));
#3776 = CARTESIAN_POINT('',(184.6484278943,33.300289201452,
    18.220532632851));
#3777 = CARTESIAN_POINT('',(184.64951374157,33.299567553341,
    18.148392838145));
#3778 = CARTESIAN_POINT('',(184.66252049835,33.290923334447,
    18.077438826118));
#3779 = CARTESIAN_POINT('',(184.68675914658,33.274814462376,
    18.011443105933));
#3780 = CARTESIAN_POINT('',(184.75785107147,33.227567160788,
    17.889080720949));
#3781 = CARTESIAN_POINT('',(184.80689913269,33.194970089536,
    17.834509367155));
#3782 = CARTESIAN_POINT('',(184.86523037458,33.156203467557,
    17.793847586015));
#3783 = CARTESIAN_POINT('',(184.92899913042,33.113823103766,
    17.769779634575));
#3784 = CARTESIAN_POINT('',(184.99402593596,33.070606647083,
    17.762739142305));
#3785 = ORIENTED_EDGE('',*,*,#3786,.T.);
#3786 = EDGE_CURVE('',#3748,#3512,#3787,.T.);
#3787 = B_SPLINE_CURVE_WITH_KNOTS('',5,(#3788,#3789,#3790,#3791,#3792,
    #3793),.UNSPECIFIED.,.F.,.F.,(6,6),(0.,1.),
  .PIECEWISE_BEZIER_KNOTS.);
#3788 = CARTESIAN_POINT('',(184.65416925802,33.296472802333,
    18.247808759878));
#3789 = CARTESIAN_POINT('',(184.73536672697,33.419382929688,
    18.243726305846));
#3790 = CARTESIAN_POINT('',(184.81701745698,33.542441720285,
    18.242134986172));
#3791 = CARTESIAN_POINT('',(184.8988566979,33.665453378462,
    18.243079312687));
#3792 = CARTESIAN_POINT('',(184.98073907257,33.788150044319,
    18.246548593648));
#3793 = CARTESIAN_POINT('',(185.06263115316,33.910191627836,
    18.252479047497));
#3794 = TOROIDAL_SURFACE('',#3795,5.38612093032,0.45);
#3795 = AXIS2_PLACEMENT_3D('',#3796,#3797,#3798);
#3796 = CARTESIAN_POINT('',(185.5960218864,33.030734123131,
    23.567592161185));
#3797 = DIRECTION('',(0.829480484387,-0.551268159797,-8.980836272356E-02
    ));
#3798 = DIRECTION('',(0.553504837192,0.832845961271,3.87663684597E-18));
#3799 = ADVANCED_FACE('',(#3800),#3819,.T.);
#3800 = FACE_BOUND('',#3801,.F.);
#3801 = EDGE_LOOP('',(#3802,#3811,#3812));
#3802 = ORIENTED_EDGE('',*,*,#3803,.F.);
#3803 = EDGE_CURVE('',#3510,#3804,#3806,.T.);
#3804 = VERTEX_POINT('',#3805);
#3805 = CARTESIAN_POINT('',(185.44821909325,33.609243935703,
    18.651417777598));
#3806 = CIRCLE('',#3807,0.45);
#3807 = AXIS2_PLACEMENT_3D('',#3808,#3809,#3810);
#3808 = CARTESIAN_POINT('',(185.41456065377,33.631613149138,
    18.203236198613));
#3809 = DIRECTION('',(-0.553504837192,-0.832845961271,0.));
#3810 = DIRECTION('',(7.479653218268E-02,-4.970936318775E-02,
    0.995959064412));
#3811 = ORIENTED_EDGE('',*,*,#3509,.T.);
#3812 = ORIENTED_EDGE('',*,*,#3813,.F.);
#3813 = EDGE_CURVE('',#3804,#3512,#3814,.T.);
#3814 = CIRCLE('',#3815,0.45);
#3815 = AXIS2_PLACEMENT_3D('',#3816,#3817,#3818);
#3816 = CARTESIAN_POINT('',(185.41456065377,33.631613149138,
    18.203236198613));
#3817 = DIRECTION('',(-0.553504837192,-0.832845961271,0.));
#3818 = DIRECTION('',(7.479653218268E-02,-4.970936318775E-02,
    0.995959064412));
#3819 = PLANE('',#3820);
#3820 = AXIS2_PLACEMENT_3D('',#3821,#3822,#3823);
#3821 = CARTESIAN_POINT('',(184.02856244756,34.552739920654,
    15.893358616752));
#3822 = DIRECTION('',(0.553504837192,0.832845961271,3.87663684597E-18));
#3823 = DIRECTION('',(-7.479653218268E-02,4.970936318775E-02,
    -0.995959064412));
#3824 = ADVANCED_FACE('',(#3825),#3898,.T.);
#3825 = FACE_BOUND('',#3826,.F.);
#3826 = EDGE_LOOP('',(#3827,#3838,#3851,#3860,#3866,#3867,#3868,#3875,
    #3876,#3877,#3878,#3887));
#3827 = ORIENTED_EDGE('',*,*,#3828,.F.);
#3828 = EDGE_CURVE('',#3829,#3831,#3833,.T.);
#3829 = VERTEX_POINT('',#3830);
#3830 = CARTESIAN_POINT('',(194.08739535305,47.490430521866,
    18.24780874325));
#3831 = VERTEX_POINT('',#3832);
#3832 = CARTESIAN_POINT('',(194.83389562161,46.99431055632,
    18.166984699582));
#3833 = CIRCLE('',#3834,0.45);
#3834 = AXIS2_PLACEMENT_3D('',#3835,#3836,#3837);
#3835 = CARTESIAN_POINT('',(194.46033303204,47.242578195157,
    18.203236198613));
#3836 = DIRECTION('',(-0.553504837192,-0.832845961271,0.));
#3837 = DIRECTION('',(7.479653218268E-02,-4.970936318775E-02,
    0.995959064412));
#3838 = ORIENTED_EDGE('',*,*,#3839,.F.);
#3839 = EDGE_CURVE('',#3840,#3829,#3842,.T.);
#3840 = VERTEX_POINT('',#3841);
#3841 = CARTESIAN_POINT('',(193.70021975262,46.907253734196,
    18.251041097195));
#3842 = B_SPLINE_CURVE_WITH_KNOTS('',4,(#3843,#3844,#3845,#3846,#3847,
    #3848,#3849,#3850),.UNSPECIFIED.,.F.,.F.,(5,3,5),(0.,0.604586456037,
    1.),.UNSPECIFIED.);
#3843 = CARTESIAN_POINT('',(193.67974909022,46.876170222743,
    18.252479051843));
#3844 = CARTESIAN_POINT('',(193.74081611947,46.968947796555,
    18.247997186023));
#3845 = CARTESIAN_POINT('',(193.80225236934,47.061872942951,
    18.245014745058));
#3846 = CARTESIAN_POINT('',(193.86389381061,47.154859129035,
    18.243566902402));
#3847 = CARTESIAN_POINT('',(193.96603453984,47.308524673161,
    18.243709637341));
#3848 = CARTESIAN_POINT('',(194.00647017695,47.369251135959,
    18.244422284668));
#3849 = CARTESIAN_POINT('',(194.04692769786,47.429902648731,
    18.245790927618));
#3850 = CARTESIAN_POINT('',(194.08739568653,47.490431020657,
    18.247808759878));
#3851 = ORIENTED_EDGE('',*,*,#3852,.F.);
#3852 = EDGE_CURVE('',#3853,#3840,#3855,.T.);
#3853 = VERTEX_POINT('',#3854);
#3854 = CARTESIAN_POINT('',(194.10653808549,46.637216808833,
    18.651417777598));
#3855 = CIRCLE('',#3856,0.45);
#3856 = AXIS2_PLACEMENT_3D('',#3857,#3858,#3859);
#3857 = CARTESIAN_POINT('',(194.072879646,46.659586022267,
    18.203236198613));
#3858 = DIRECTION('',(-0.553504837192,-0.832845961271,0.));
#3859 = DIRECTION('',(7.479653218268E-02,-4.970936318775E-02,
    0.995959064412));
#3860 = ORIENTED_EDGE('',*,*,#3861,.F.);
#3861 = EDGE_CURVE('',#3804,#3853,#3862,.T.);
#3862 = LINE('',#3863,#3864);
#3863 = CARTESIAN_POINT('',(185.06076570722,33.026251762814,
    18.651417777598));
#3864 = VECTOR('',#3865,1.);
#3865 = DIRECTION('',(0.553504837192,0.832845961271,3.87663684597E-18));
#3866 = ORIENTED_EDGE('',*,*,#3813,.T.);
#3867 = ORIENTED_EDGE('',*,*,#3786,.F.);
#3868 = ORIENTED_EDGE('',*,*,#3869,.T.);
#3869 = EDGE_CURVE('',#3748,#3551,#3870,.T.);
#3870 = CIRCLE('',#3871,0.45);
#3871 = AXIS2_PLACEMENT_3D('',#3872,#3873,#3874);
#3872 = CARTESIAN_POINT('',(185.02710726774,33.048620976248,
    18.203236198613));
#3873 = DIRECTION('',(-0.553504837192,-0.832845961271,0.));
#3874 = DIRECTION('',(7.479653218268E-02,-4.970936318775E-02,
    0.995959064412));
#3875 = ORIENTED_EDGE('',*,*,#3550,.T.);
#3876 = ORIENTED_EDGE('',*,*,#3803,.T.);
#3877 = ORIENTED_EDGE('',*,*,#3861,.T.);
#3878 = ORIENTED_EDGE('',*,*,#3879,.F.);
#3879 = EDGE_CURVE('',#3880,#3853,#3882,.T.);
#3880 = VERTEX_POINT('',#3881);
#3881 = CARTESIAN_POINT('',(194.44665051474,46.411179962243,
    18.170224579031));
#3882 = CIRCLE('',#3883,0.45);
#3883 = AXIS2_PLACEMENT_3D('',#3884,#3885,#3886);
#3884 = CARTESIAN_POINT('',(194.072879646,46.659586022267,
    18.203236198613));
#3885 = DIRECTION('',(-0.553504837192,-0.832845961271,0.));
#3886 = DIRECTION('',(7.479653218268E-02,-4.970936318775E-02,
    0.995959064412));
#3887 = ORIENTED_EDGE('',*,*,#3888,.F.);
#3888 = EDGE_CURVE('',#3831,#3880,#3889,.T.);
#3889 = B_SPLINE_CURVE_WITH_KNOTS('',4,(#3890,#3891,#3892,#3893,#3894,
    #3895,#3896,#3897),.UNSPECIFIED.,.F.,.F.,(5,3,5),(0.,0.403217810291,
    1.),.UNSPECIFIED.);
#3890 = CARTESIAN_POINT('',(194.83389595483,46.994311055283,
    18.166984716238));
#3891 = CARTESIAN_POINT('',(194.79266109776,46.932566875049,
    18.164923610255));
#3892 = CARTESIAN_POINT('',(194.75140561435,46.870715578866,
    18.163540981537));
#3893 = CARTESIAN_POINT('',(194.7101727745,46.808787579667,
    18.16284068373));
#3894 = CARTESIAN_POINT('',(194.60803927714,46.655116907945,
    18.162796205949));
#3895 = CARTESIAN_POINT('',(194.54719893646,46.563332470732,
    18.164264452169));
#3896 = CARTESIAN_POINT('',(194.48656073475,46.471608543399,
    18.167227463883));
#3897 = CARTESIAN_POINT('',(194.42613639612,46.380125331562,
    18.171667238712));
#3898 = CYLINDRICAL_SURFACE('',#3899,0.45);
#3899 = AXIS2_PLACEMENT_3D('',#3900,#3901,#3902);
#3900 = CARTESIAN_POINT('',(185.02710726774,33.048620976248,
    18.203236198613));
#3901 = DIRECTION('',(0.553504837192,0.832845961271,3.87663684597E-18));
#3902 = DIRECTION('',(7.479653218268E-02,-4.970936318775E-02,
    0.995959064412));
#3903 = ADVANCED_FACE('',(#3904),#3909,.F.);
#3904 = FACE_BOUND('',#3905,.T.);
#3905 = EDGE_LOOP('',(#3906,#3907,#3908));
#3906 = ORIENTED_EDGE('',*,*,#3747,.F.);
#3907 = ORIENTED_EDGE('',*,*,#3869,.T.);
#3908 = ORIENTED_EDGE('',*,*,#3561,.F.);
#3909 = PLANE('',#3910);
#3910 = AXIS2_PLACEMENT_3D('',#3911,#3912,#3913);
#3911 = CARTESIAN_POINT('',(185.02710726774,33.048620976248,
    18.203236198613));
#3912 = DIRECTION('',(0.553504837192,0.832845961271,3.87663684597E-18));
#3913 = DIRECTION('',(-7.479653218268E-02,4.970936318775E-02,
    -0.995959064412));
#3914 = ADVANCED_FACE('',(#3915),#3935,.F.);
#3915 = FACE_BOUND('',#3916,.T.);
#3916 = EDGE_LOOP('',(#3917,#3926,#3933,#3934));
#3917 = ORIENTED_EDGE('',*,*,#3918,.T.);
#3918 = EDGE_CURVE('',#3610,#3919,#3921,.T.);
#3919 = VERTEX_POINT('',#3920);
#3920 = CARTESIAN_POINT('',(185.86649204223,32.490770479817,
    29.380129702744));
#3921 = CIRCLE('',#3922,0.45);
#3922 = AXIS2_PLACEMENT_3D('',#3923,#3924,#3925);
#3923 = CARTESIAN_POINT('',(185.83283360274,32.513139693251,
    28.931948123758));
#3924 = DIRECTION('',(-0.553504837192,-0.832845961271,0.));
#3925 = DIRECTION('',(7.479653218268E-02,-4.970936318775E-02,
    0.995959064412));
#3926 = ORIENTED_EDGE('',*,*,#3927,.T.);
#3927 = EDGE_CURVE('',#3919,#3699,#3928,.T.);
#3928 = CIRCLE('',#3929,0.45);
#3929 = AXIS2_PLACEMENT_3D('',#3930,#3931,#3932);
#3930 = CARTESIAN_POINT('',(185.83283360274,32.513139693251,
    28.931948123758));
#3931 = DIRECTION('',(-0.553504837192,-0.832845961271,0.));
#3932 = DIRECTION('',(7.479653218268E-02,-4.970936318775E-02,
    0.995959064412));
#3933 = ORIENTED_EDGE('',*,*,#3709,.T.);
#3934 = ORIENTED_EDGE('',*,*,#3609,.T.);
#3935 = PLANE('',#3936);
#3936 = AXIS2_PLACEMENT_3D('',#3937,#3938,#3939);
#3937 = CARTESIAN_POINT('',(185.83283360274,32.513139693251,
    28.931948123758));
#3938 = DIRECTION('',(0.553504837192,0.832845961271,3.87663684597E-18));
#3939 = DIRECTION('',(-7.479653218268E-02,4.970936318775E-02,
    -0.995959064412));
#3940 = ADVANCED_FACE('',(#3941),#4032,.T.);
#3941 = FACE_BOUND('',#3942,.F.);
#3942 = EDGE_LOOP('',(#3943,#3953,#3962,#3975,#3984,#3997,#4004,#4005,
    #4013,#4019,#4020,#4021,#4028,#4029,#4030,#4031));
#3943 = ORIENTED_EDGE('',*,*,#3944,.T.);
#3944 = EDGE_CURVE('',#3945,#3947,#3949,.T.);
#3945 = VERTEX_POINT('',#3946);
#3946 = CARTESIAN_POINT('',(195.13366635537,46.434873910344,
    29.380129702744));
#3947 = VERTEX_POINT('',#3948);
#3948 = CARTESIAN_POINT('',(195.29971780653,46.684727698725,
    29.380129702744));
#3949 = LINE('',#3950,#3951);
#3950 = CARTESIAN_POINT('',(185.86649204223,32.490770479817,
    29.380129702744));
#3951 = VECTOR('',#3952,1.);
#3952 = DIRECTION('',(0.553504837192,0.832845961271,3.87663684597E-18));
#3953 = ORIENTED_EDGE('',*,*,#3954,.F.);
#3954 = EDGE_CURVE('',#3955,#3947,#3957,.T.);
#3955 = VERTEX_POINT('',#3956);
#3956 = CARTESIAN_POINT('',(195.63899704604,46.459244585451,
    28.887375579121));
#3957 = CIRCLE('',#3958,0.45);
#3958 = AXIS2_PLACEMENT_3D('',#3959,#3960,#3961);
#3959 = CARTESIAN_POINT('',(195.26605936705,46.70709691216,
    28.931948123758));
#3960 = DIRECTION('',(-0.553504837192,-0.832845961271,0.));
#3961 = DIRECTION('',(7.479653218268E-02,-4.970936318775E-02,
    0.995959064412));
#3962 = ORIENTED_EDGE('',*,*,#3963,.T.);
#3963 = EDGE_CURVE('',#3955,#3964,#3966,.T.);
#3964 = VERTEX_POINT('',#3965);
#3965 = CARTESIAN_POINT('',(195.2512658744,45.876437027341,
    28.884143225176));
#3966 = B_SPLINE_CURVE_WITH_KNOTS('',4,(#3967,#3968,#3969,#3970,#3971,
    #3972,#3973,#3974),.UNSPECIFIED.,.F.,.F.,(5,3,5),(0.,0.403217810335,
    1.),.UNSPECIFIED.);
#3967 = CARTESIAN_POINT('',(195.63899737676,46.459245086075,
    28.887375562493));
#3968 = CARTESIAN_POINT('',(195.59807183891,46.397295334007,
    28.889433220561));
#3969 = CARTESIAN_POINT('',(195.55702402361,46.335306022716,28.890815813
    ));
#3970 = CARTESIAN_POINT('',(195.51589636859,46.27330811828,
    28.891516111866));
#3971 = CARTESIAN_POINT('',(195.41376955186,46.119633006658,
    28.891560590464));
#3972 = CARTESIAN_POINT('',(195.35270867911,46.027995133793,
    28.890092325054));
#3973 = CARTESIAN_POINT('',(195.29162543073,45.936566982076,
    28.887129282779));
#3974 = CARTESIAN_POINT('',(195.23053542162,45.845526171149,
    28.882705270528));
#3975 = ORIENTED_EDGE('',*,*,#3976,.F.);
#3976 = EDGE_CURVE('',#3977,#3964,#3979,.T.);
#3977 = VERTEX_POINT('',#3978);
#3978 = CARTESIAN_POINT('',(194.50483511228,46.372510799295,
    28.964959743339));
#3979 = CIRCLE('',#3980,0.45);
#3980 = AXIS2_PLACEMENT_3D('',#3981,#3982,#3983);
#3981 = CARTESIAN_POINT('',(194.87860598101,46.12410473927,
    28.931948123758));
#3982 = DIRECTION('',(-0.553504837192,-0.832845961271,0.));
#3983 = DIRECTION('',(7.479653218268E-02,-4.970936318775E-02,
    0.995959064412));
#3984 = ORIENTED_EDGE('',*,*,#3985,.F.);
#3985 = EDGE_CURVE('',#3986,#3977,#3988,.T.);
#3986 = VERTEX_POINT('',#3987);
#3987 = CARTESIAN_POINT('',(194.89249677748,46.955364550997,
    28.968199622789));
#3988 = B_SPLINE_CURVE_WITH_KNOTS('',4,(#3989,#3990,#3991,#3992,#3993,
    #3994,#3995,#3996),.UNSPECIFIED.,.F.,.F.,(5,3,5),(0.,0.403217810344,
    1.),.UNSPECIFIED.);
#3989 = CARTESIAN_POINT('',(194.89249710846,46.955365051449,
    28.968199606133));
#3990 = CARTESIAN_POINT('',(194.85153972526,46.893436463624,
    28.970260712116));
#3991 = CARTESIAN_POINT('',(194.8104915724,46.831447376673,
    28.971643341159));
#3992 = CARTESIAN_POINT('',(194.76936393265,46.769449462088,
    28.972343638248));
#3993 = CARTESIAN_POINT('',(194.66723711589,46.615774350493,
    28.972388117021));
#3994 = CARTESIAN_POINT('',(194.60617607432,46.524136589818,
    28.9709198697));
#3995 = CARTESIAN_POINT('',(194.54509253983,46.432708628257,
    28.967956858489));
#3996 = CARTESIAN_POINT('',(194.48414811573,46.34157106233,
    28.963517083659));
#3997 = ORIENTED_EDGE('',*,*,#3998,.F.);
#3998 = EDGE_CURVE('',#3947,#3986,#3999,.T.);
#3999 = CIRCLE('',#4000,0.45);
#4000 = AXIS2_PLACEMENT_3D('',#4001,#4002,#4003);
#4001 = CARTESIAN_POINT('',(195.26605936705,46.70709691216,
    28.931948123758));
#4002 = DIRECTION('',(-0.553504837192,-0.832845961271,0.));
#4003 = DIRECTION('',(7.479653218268E-02,-4.970936318775E-02,
    0.995959064412));
#4004 = ORIENTED_EDGE('',*,*,#3944,.F.);
#4005 = ORIENTED_EDGE('',*,*,#4006,.F.);
#4006 = EDGE_CURVE('',#4007,#3945,#4009,.T.);
#4007 = VERTEX_POINT('',#4008);
#4008 = CARTESIAN_POINT('',(186.03254349338,32.740624268199,
    29.380129702744));
#4009 = LINE('',#4010,#4011);
#4010 = CARTESIAN_POINT('',(185.86649204223,32.490770479817,
    29.380129702744));
#4011 = VECTOR('',#4012,1.);
#4012 = DIRECTION('',(0.553504837192,0.832845961271,3.87663684597E-18));
#4013 = ORIENTED_EDGE('',*,*,#4014,.F.);
#4014 = EDGE_CURVE('',#3919,#4007,#4015,.T.);
#4015 = LINE('',#4016,#4017);
#4016 = CARTESIAN_POINT('',(185.86649204223,32.490770479817,
    29.380129702744));
#4017 = VECTOR('',#4018,1.);
#4018 = DIRECTION('',(0.553504837192,0.832845961271,3.87663684597E-18));
#4019 = ORIENTED_EDGE('',*,*,#3927,.T.);
#4020 = ORIENTED_EDGE('',*,*,#3698,.F.);
#4021 = ORIENTED_EDGE('',*,*,#4022,.T.);
#4022 = EDGE_CURVE('',#3660,#3649,#4023,.T.);
#4023 = CIRCLE('',#4024,0.45);
#4024 = AXIS2_PLACEMENT_3D('',#4025,#4026,#4027);
#4025 = CARTESIAN_POINT('',(186.22028698878,33.096131866141,
    28.931948123758));
#4026 = DIRECTION('',(-0.553504837192,-0.832845961271,0.));
#4027 = DIRECTION('',(7.479653218268E-02,-4.970936318775E-02,
    0.995959064412));
#4028 = ORIENTED_EDGE('',*,*,#3648,.F.);
#4029 = ORIENTED_EDGE('',*,*,#3918,.T.);
#4030 = ORIENTED_EDGE('',*,*,#4014,.T.);
#4031 = ORIENTED_EDGE('',*,*,#4006,.T.);
#4032 = CYLINDRICAL_SURFACE('',#4033,0.45);
#4033 = AXIS2_PLACEMENT_3D('',#4034,#4035,#4036);
#4034 = CARTESIAN_POINT('',(185.83283360274,32.513139693251,
    28.931948123758));
#4035 = DIRECTION('',(0.553504837192,0.832845961271,3.87663684597E-18));
#4036 = DIRECTION('',(7.479653218268E-02,-4.970936318775E-02,
    0.995959064412));
#4037 = ADVANCED_FACE('',(#4038),#4042,.T.);
#4038 = FACE_BOUND('',#4039,.F.);
#4039 = EDGE_LOOP('',(#4040,#4041));
#4040 = ORIENTED_EDGE('',*,*,#3659,.F.);
#4041 = ORIENTED_EDGE('',*,*,#4022,.F.);
#4042 = PLANE('',#4043);
#4043 = AXIS2_PLACEMENT_3D('',#4044,#4045,#4046);
#4044 = CARTESIAN_POINT('',(184.02856244756,34.552739920654,
    15.893358616752));
#4045 = DIRECTION('',(0.553504837192,0.832845961271,3.87663684597E-18));
#4046 = DIRECTION('',(-7.479653218268E-02,4.970936318775E-02,
    -0.995959064412));
#4047 = ADVANCED_FACE('',(#4048),#4127,.T.);
#4048 = FACE_BOUND('',#4049,.F.);
#4049 = EDGE_LOOP('',(#4050,#4089,#4090));
#4050 = ORIENTED_EDGE('',*,*,#4051,.F.);
#4051 = EDGE_CURVE('',#3829,#4052,#4054,.T.);
#4052 = VERTEX_POINT('',#4053);
#4053 = CARTESIAN_POINT('',(194.42725170026,47.264563865992,
    17.762739142305));
#4054 = B_SPLINE_CURVE_WITH_KNOTS('',5,(#4055,#4056,#4057,#4058,#4059,
    #4060,#4061,#4062,#4063,#4064,#4065,#4066,#4067,#4068,#4069,#4070,
    #4071,#4072,#4073,#4074,#4075,#4076,#4077,#4078,#4079,#4080,#4081,
    #4082,#4083,#4084,#4085,#4086,#4087,#4088),.UNSPECIFIED.,.T.,.F.,(6,
    4,4,4,4,4,4,4,6),(0.,0.138619387769,0.263630847874,0.386642185846,
    0.500950626786,0.613357767905,0.736369096435,0.861380558054,1.),
  .UNSPECIFIED.);
#4055 = CARTESIAN_POINT('',(194.42725170026,47.264563865992,
    17.762739142305));
#4056 = CARTESIAN_POINT('',(194.49227847989,47.22134742652,
    17.75569865284));
#4057 = CARTESIAN_POINT('',(194.55860439577,47.17726758826,
    17.765681160219));
#4058 = CARTESIAN_POINT('',(194.62205280864,47.135100122643,
    17.793157753038));
#4059 = CARTESIAN_POINT('',(194.67844016546,47.097625395972,
    17.836313511574));
#4060 = CARTESIAN_POINT('',(194.76661590712,47.039024283881,
    17.941431824921));
#4061 = CARTESIAN_POINT('',(194.80029618438,47.01664055718,
    18.001156611188));
#4062 = CARTESIAN_POINT('',(194.82366448486,47.00111011343,
    18.068172261464));
#4063 = CARTESIAN_POINT('',(194.83548084343,46.993257026632,
    18.138915119776));
#4064 = CARTESIAN_POINT('',(194.83599543025,46.992915035067,
    18.279361289507));
#4065 = CARTESIAN_POINT('',(194.82506061255,47.000182254658,
    18.349090338906));
#4066 = CARTESIAN_POINT('',(194.80291533414,47.014899884683,
    18.415386636718));
#4067 = CARTESIAN_POINT('',(194.77069583503,47.03631278627,
    18.474838028348));
#4068 = CARTESIAN_POINT('',(194.6930195097,47.087936044115,
    18.571467075012));
#4069 = CARTESIAN_POINT('',(194.6486484632,47.117424797156,
    18.609938058014));
#4070 = CARTESIAN_POINT('',(194.59893972241,47.150460952404,
    18.638308777149));
#4071 = CARTESIAN_POINT('',(194.54609379307,47.185582065882,
    18.655318975443));
#4072 = CARTESIAN_POINT('',(194.43968532186,47.256300549581,
    18.66606934921));
#4073 = CARTESIAN_POINT('',(194.38613457416,47.291890081457,
    18.660193364995));
#4074 = CARTESIAN_POINT('',(194.33400773203,47.326533293534,
    18.64288177138));
#4075 = CARTESIAN_POINT('',(194.28553474721,47.358748172184,
    18.614879022942));
#4076 = CARTESIAN_POINT('',(194.19544238718,47.418623058283,
    18.53712120392));
#4077 = CARTESIAN_POINT('',(194.15488503137,47.445577253497,
    18.485549426185));
#4078 = CARTESIAN_POINT('',(194.12321957181,47.466621943453,
    18.425079265422));
#4079 = CARTESIAN_POINT('',(194.10207229258,47.48067630872,
    18.35882377498));
#4080 = CARTESIAN_POINT('',(194.08165365861,47.494246420359,
    18.220532633015));
#4081 = CARTESIAN_POINT('',(194.08273950585,47.493524772262,
    18.148392838309));
#4082 = CARTESIAN_POINT('',(194.09574626261,47.484880553382,
    18.077438826276));
#4083 = CARTESIAN_POINT('',(194.11998491082,47.468771681325,
    18.011443106081));
#4084 = CARTESIAN_POINT('',(194.19107683569,47.421524379751,
    17.889080721039));
#4085 = CARTESIAN_POINT('',(194.24012489692,47.388927308493,
    17.834509367205));
#4086 = CARTESIAN_POINT('',(194.29845613883,47.350160686501,
    17.793847586035));
#4087 = CARTESIAN_POINT('',(194.3622248947,47.307780322693,
    17.769779634577));
#4088 = CARTESIAN_POINT('',(194.42725170026,47.264563865992,
    17.762739142305));
#4089 = ORIENTED_EDGE('',*,*,#3828,.T.);
#4090 = ORIENTED_EDGE('',*,*,#4091,.F.);
#4091 = EDGE_CURVE('',#4052,#3831,#4092,.T.);
#4092 = B_SPLINE_CURVE_WITH_KNOTS('',5,(#4093,#4094,#4095,#4096,#4097,
    #4098,#4099,#4100,#4101,#4102,#4103,#4104,#4105,#4106,#4107,#4108,
    #4109,#4110,#4111,#4112,#4113,#4114,#4115,#4116,#4117,#4118,#4119,
    #4120,#4121,#4122,#4123,#4124,#4125,#4126),.UNSPECIFIED.,.T.,.F.,(6,
    4,4,4,4,4,4,4,6),(0.,0.138619387769,0.263630847874,0.386642185846,
    0.500950626786,0.613357767905,0.736369096435,0.861380558054,1.),
  .UNSPECIFIED.);
#4093 = CARTESIAN_POINT('',(194.42725170026,47.264563865992,
    17.762739142305));
#4094 = CARTESIAN_POINT('',(194.49227847989,47.22134742652,
    17.75569865284));
#4095 = CARTESIAN_POINT('',(194.55860439577,47.17726758826,
    17.765681160219));
#4096 = CARTESIAN_POINT('',(194.62205280864,47.135100122643,
    17.793157753038));
#4097 = CARTESIAN_POINT('',(194.67844016546,47.097625395972,
    17.836313511574));
#4098 = CARTESIAN_POINT('',(194.76661590712,47.039024283881,
    17.941431824921));
#4099 = CARTESIAN_POINT('',(194.80029618438,47.01664055718,
    18.001156611188));
#4100 = CARTESIAN_POINT('',(194.82366448486,47.00111011343,
    18.068172261464));
#4101 = CARTESIAN_POINT('',(194.83548084343,46.993257026632,
    18.138915119776));
#4102 = CARTESIAN_POINT('',(194.83599543025,46.992915035067,
    18.279361289507));
#4103 = CARTESIAN_POINT('',(194.82506061255,47.000182254658,
    18.349090338906));
#4104 = CARTESIAN_POINT('',(194.80291533414,47.014899884683,
    18.415386636718));
#4105 = CARTESIAN_POINT('',(194.77069583503,47.03631278627,
    18.474838028348));
#4106 = CARTESIAN_POINT('',(194.6930195097,47.087936044115,
    18.571467075012));
#4107 = CARTESIAN_POINT('',(194.6486484632,47.117424797156,
    18.609938058014));
#4108 = CARTESIAN_POINT('',(194.59893972241,47.150460952404,
    18.638308777149));
#4109 = CARTESIAN_POINT('',(194.54609379307,47.185582065882,
    18.655318975443));
#4110 = CARTESIAN_POINT('',(194.43968532186,47.256300549581,
    18.66606934921));
#4111 = CARTESIAN_POINT('',(194.38613457416,47.291890081457,
    18.660193364995));
#4112 = CARTESIAN_POINT('',(194.33400773203,47.326533293534,
    18.64288177138));
#4113 = CARTESIAN_POINT('',(194.28553474721,47.358748172184,
    18.614879022942));
#4114 = CARTESIAN_POINT('',(194.19544238718,47.418623058283,
    18.53712120392));
#4115 = CARTESIAN_POINT('',(194.15488503137,47.445577253497,
    18.485549426185));
#4116 = CARTESIAN_POINT('',(194.12321957181,47.466621943453,
    18.425079265422));
#4117 = CARTESIAN_POINT('',(194.10207229258,47.48067630872,
    18.35882377498));
#4118 = CARTESIAN_POINT('',(194.08165365861,47.494246420359,
    18.220532633015));
#4119 = CARTESIAN_POINT('',(194.08273950585,47.493524772262,
    18.148392838309));
#4120 = CARTESIAN_POINT('',(194.09574626261,47.484880553382,
    18.077438826276));
#4121 = CARTESIAN_POINT('',(194.11998491082,47.468771681325,
    18.011443106081));
#4122 = CARTESIAN_POINT('',(194.19107683569,47.421524379751,
    17.889080721039));
#4123 = CARTESIAN_POINT('',(194.24012489692,47.388927308493,
    17.834509367205));
#4124 = CARTESIAN_POINT('',(194.29845613883,47.350160686501,
    17.793847586035));
#4125 = CARTESIAN_POINT('',(194.3622248947,47.307780322693,
    17.769779634577));
#4126 = CARTESIAN_POINT('',(194.42725170026,47.264563865992,
    17.762739142305));
#4127 = PLANE('',#4128);
#4128 = AXIS2_PLACEMENT_3D('',#4129,#4130,#4131);
#4129 = CARTESIAN_POINT('',(194.46033303204,47.242578195157,
    18.203236198613));
#4130 = DIRECTION('',(0.553504837192,0.832845961271,3.87663684597E-18));
#4131 = DIRECTION('',(-7.479653218268E-02,4.970936318775E-02,
    -0.995959064412));
#4132 = ADVANCED_FACE('',(#4133),#4193,.T.);
#4133 = FACE_BOUND('',#4134,.F.);
#4134 = EDGE_LOOP('',(#4135,#4136,#4145,#4152,#4153,#4154,#4155,#4192));
#4135 = ORIENTED_EDGE('',*,*,#4091,.F.);
#4136 = ORIENTED_EDGE('',*,*,#4137,.F.);
#4137 = EDGE_CURVE('',#4138,#4052,#4140,.T.);
#4138 = VERTEX_POINT('',#4139);
#4139 = CARTESIAN_POINT('',(197.92746591375,51.585573511583,
    23.567592161185));
#4140 = CIRCLE('',#4141,5.83612093032);
#4141 = AXIS2_PLACEMENT_3D('',#4142,#4143,#4144);
#4142 = CARTESIAN_POINT('',(194.69714474838,46.724983765277,
    23.567592161185));
#4143 = DIRECTION('',(-0.829480484387,0.551268159797,8.980836272356E-02)
  );
#4144 = DIRECTION('',(0.553504837192,0.832845961271,3.87663684597E-18));
#4145 = ORIENTED_EDGE('',*,*,#4146,.T.);
#4146 = EDGE_CURVE('',#4138,#4138,#4147,.T.);
#4147 = CIRCLE('',#4148,0.45);
#4148 = AXIS2_PLACEMENT_3D('',#4149,#4150,#4151);
#4149 = CARTESIAN_POINT('',(197.67838873702,51.210792829011,
    23.567592161185));
#4150 = DIRECTION('',(-7.479653218268E-02,4.970936318775E-02,
    -0.995959064412));
#4151 = DIRECTION('',(0.553504837192,0.832845961271,3.87663684597E-18));
#4152 = ORIENTED_EDGE('',*,*,#4137,.T.);
#4153 = ORIENTED_EDGE('',*,*,#4051,.F.);
#4154 = ORIENTED_EDGE('',*,*,#3839,.F.);
#4155 = ORIENTED_EDGE('',*,*,#4156,.F.);
#4156 = EDGE_CURVE('',#3880,#3840,#4157,.T.);
#4157 = B_SPLINE_CURVE_WITH_KNOTS('',5,(#4158,#4159,#4160,#4161,#4162,
    #4163,#4164,#4165,#4166,#4167,#4168,#4169,#4170,#4171,#4172,#4173,
    #4174,#4175,#4176,#4177,#4178,#4179,#4180,#4181,#4182,#4183,#4184,
    #4185,#4186,#4187,#4188,#4189,#4190,#4191),.UNSPECIFIED.,.T.,.F.,(6,
    4,4,4,4,4,4,4,6),(0.,0.138610114175,0.263630309534,0.386650049708,
    0.500950528744,0.613349908705,0.736369632174,0.861389830361,1.),
  .UNSPECIFIED.);
#4158 = CARTESIAN_POINT('',(194.0402477045,46.681273030801,
    17.76872303361));
#4159 = CARTESIAN_POINT('',(194.10527708844,46.638054860523,
    17.761682262175));
#4160 = CARTESIAN_POINT('',(194.17160718388,46.593972244548,
    17.771683415944));
#4161 = CARTESIAN_POINT('',(194.23505871862,46.551802704154,
    17.799197944348));
#4162 = CARTESIAN_POINT('',(194.29144731954,46.514327150663,
    17.842405637406));
#4163 = CARTESIAN_POINT('',(194.37963178326,46.455720241938,
    17.947647350822));
#4164 = CARTESIAN_POINT('',(194.41331726125,46.433333058859,
    18.00744464731));
#4165 = CARTESIAN_POINT('',(194.43668972277,46.417799849707,
    18.074539042934));
#4166 = CARTESIAN_POINT('',(194.44851159117,46.409943101104,
    18.145364176245));
#4167 = CARTESIAN_POINT('',(194.44903903524,46.409592564676,
    18.285976390106));
#4168 = CARTESIAN_POINT('',(194.43811156475,46.41685490136,
    18.355788955431));
#4169 = CARTESIAN_POINT('',(194.41597441435,46.43156712955,
    18.422168246066));
#4170 = CARTESIAN_POINT('',(194.38376073306,46.452976164649,
    18.481697570018));
#4171 = CARTESIAN_POINT('',(194.30609313625,46.50459362157,
    18.578448051522));
#4172 = CARTESIAN_POINT('',(194.26172748244,46.534078790653,
    18.616966412059));
#4173 = CARTESIAN_POINT('',(194.21202095219,46.567113476791,
    18.645371986287));
#4174 = CARTESIAN_POINT('',(194.15917416554,46.602235160031,
    18.66239944055));
#4175 = CARTESIAN_POINT('',(194.05276161274,46.67295635633,
    18.673149114021));
#4176 = CARTESIAN_POINT('',(193.99920748497,46.708548134582,
    18.667255759875));
#4177 = CARTESIAN_POINT('',(193.94707768437,46.743193312848,
    18.649909551997));
#4178 = CARTESIAN_POINT('',(193.89860295076,46.775409353725,
    18.621859692302));
#4179 = CARTESIAN_POINT('',(193.80850108206,46.835290559234,
    18.543981431343));
#4180 = CARTESIAN_POINT('',(193.76793783877,46.862248667242,
    18.492331732562));
#4181 = CARTESIAN_POINT('',(193.73626800978,46.883296261097,
    18.431778175783));
#4182 = CARTESIAN_POINT('',(193.715115514,46.897354093247,
    18.365438942088));
#4183 = CARTESIAN_POINT('',(193.69468478419,46.910932243719,
    18.226981673887));
#4184 = CARTESIAN_POINT('',(193.69576379118,46.910215141617,
    18.154759745006));
#4185 = CARTESIAN_POINT('',(193.70876290749,46.901576000538,
    18.083727360582));
#4186 = CARTESIAN_POINT('',(193.73299586817,46.885470908383,
    18.017659179052));
#4187 = CARTESIAN_POINT('',(193.80407798859,46.838230122786,
    17.895173503825));
#4188 = CARTESIAN_POINT('',(193.85311953696,46.80563737994,
    17.840550782491));
#4189 = CARTESIAN_POINT('',(193.91144820011,46.766872471781,
    17.799851004416));
#4190 = CARTESIAN_POINT('',(193.9752182923,46.724491219864,
    17.775763808106));
#4191 = CARTESIAN_POINT('',(194.0402477045,46.681273030801,
    17.76872303361));
#4192 = ORIENTED_EDGE('',*,*,#3888,.F.);
#4193 = TOROIDAL_SURFACE('',#4194,5.38612093032,0.45);
#4194 = AXIS2_PLACEMENT_3D('',#4195,#4196,#4197);
#4195 = CARTESIAN_POINT('',(194.69714474838,46.724983765277,
    23.567592161185));
#4196 = DIRECTION('',(0.829480484387,-0.551268159797,-8.980836272356E-02
    ));
#4197 = DIRECTION('',(0.553504837192,0.832845961271,3.87663684597E-18));
#4198 = ADVANCED_FACE('',(#4199),#4204,.F.);
#4199 = FACE_BOUND('',#4200,.T.);
#4200 = EDGE_LOOP('',(#4201,#4202,#4203));
#4201 = ORIENTED_EDGE('',*,*,#3879,.F.);
#4202 = ORIENTED_EDGE('',*,*,#4156,.T.);
#4203 = ORIENTED_EDGE('',*,*,#3852,.F.);
#4204 = PLANE('',#4205);
#4205 = AXIS2_PLACEMENT_3D('',#4206,#4207,#4208);
#4206 = CARTESIAN_POINT('',(192.68688143979,47.580712793783,
    15.893358616752));
#4207 = DIRECTION('',(0.553504837192,0.832845961271,3.87663684597E-18));
#4208 = DIRECTION('',(-7.479653218268E-02,4.970936318775E-02,
    -0.995959064412));
#4209 = ADVANCED_FACE('',(#4210),#4290,.T.);
#4210 = FACE_BOUND('',#4211,.F.);
#4211 = EDGE_LOOP('',(#4212,#4213,#4214,#4253));
#4212 = ORIENTED_EDGE('',*,*,#3954,.T.);
#4213 = ORIENTED_EDGE('',*,*,#3998,.T.);
#4214 = ORIENTED_EDGE('',*,*,#4215,.T.);
#4215 = EDGE_CURVE('',#3986,#4216,#4218,.T.);
#4216 = VERTEX_POINT('',#4217);
#4217 = CARTESIAN_POINT('',(195.29914069883,46.685111241325,
    29.372445180066));
#4218 = B_SPLINE_CURVE_WITH_KNOTS('',5,(#4219,#4220,#4221,#4222,#4223,
    #4224,#4225,#4226,#4227,#4228,#4229,#4230,#4231,#4232,#4233,#4234,
    #4235,#4236,#4237,#4238,#4239,#4240,#4241,#4242,#4243,#4244,#4245,
    #4246,#4247,#4248,#4249,#4250,#4251,#4252),.UNSPECIFIED.,.T.,.F.,(6,
    4,4,4,4,4,4,4,6),(0.,0.138619387781,0.263630847886,0.386642185857,
    0.500950626823,0.613357768105,0.736369096635,0.861380558255,1.),
  .UNSPECIFIED.);
#4219 = CARTESIAN_POINT('',(195.29914069883,46.685111241325,
    29.372445180066));
#4220 = CARTESIAN_POINT('',(195.36416747847,46.64189480185,29.3654046906
    ));
#4221 = CARTESIAN_POINT('',(195.42793620594,46.599514456912,
    29.341336756087));
#4222 = CARTESIAN_POINT('',(195.48626742891,46.560747847512,
    29.300675007116));
#4223 = CARTESIAN_POINT('',(195.53531548186,46.528150781758,
    29.246103691844));
#4224 = CARTESIAN_POINT('',(195.60640742619,46.480903467243,
    29.123741368067));
#4225 = CARTESIAN_POINT('',(195.63064609366,46.46479458239,
    29.057745661993));
#4226 = CARTESIAN_POINT('',(195.64365287232,46.456150348954,
    28.986791659502));
#4227 = CARTESIAN_POINT('',(195.64473874302,46.455428685269,
    28.914651868884));
#4228 = CARTESIAN_POINT('',(195.62432015522,46.468998766223,
    28.776360717594));
#4229 = CARTESIAN_POINT('',(195.60317289674,46.483053117696,
    28.710105214335));
#4230 = CARTESIAN_POINT('',(195.57150745516,46.504097795704,
    28.649635036308));
#4231 = CARTESIAN_POINT('',(195.53095011377,46.531051981336,
    28.598063238008));
#4232 = CARTESIAN_POINT('',(195.44013016843,46.591410416626,
    28.519677386304));
#4233 = CARTESIAN_POINT('',(195.3907431383,46.624232764743,
    28.491357647981));
#4234 = CARTESIAN_POINT('',(195.33760934055,46.659545193982,
    28.474121753814));
#4235 = CARTESIAN_POINT('',(195.28308154823,46.695784064329,
    28.46873697448));
#4236 = CARTESIAN_POINT('',(195.17678787812,46.766426251845,
    28.481015992537));
#4237 = CARTESIAN_POINT('',(195.12497641644,46.800859863818,
    28.498299608077));
#4238 = CARTESIAN_POINT('',(195.07626966628,46.833230101618,
    28.526528516888));
#4239 = CARTESIAN_POINT('',(195.03275069261,46.862152571746,
    28.564491291415));
#4240 = CARTESIAN_POINT('',(194.9556966462,46.913362266452,
    28.660346154956));
#4241 = CARTESIAN_POINT('',(194.92347712991,46.934775179463,
    28.719797529495));
#4242 = CARTESIAN_POINT('',(194.90133183129,46.949492822909,
    28.786093814215));
#4243 = CARTESIAN_POINT('',(194.89039699134,46.956760057296,
    28.855822855479));
#4244 = CARTESIAN_POINT('',(194.89091153148,46.956418096751,
    28.996269025951));
#4245 = CARTESIAN_POINT('',(194.90272786765,46.948565024839,
    29.067011893306));
#4246 = CARTESIAN_POINT('',(194.92609614807,46.933034594423,
    29.134027557641));
#4247 = CARTESIAN_POINT('',(194.95977640855,46.910650878873,
    29.193752361889));
#4248 = CARTESIAN_POINT('',(195.04795214022,46.852049773421,
    29.298870739495));
#4249 = CARTESIAN_POINT('',(195.10433951089,46.814575037549,
    29.342026534069));
#4250 = CARTESIAN_POINT('',(195.16778794712,46.772407556407,
    29.369503154412));
#4251 = CARTESIAN_POINT('',(195.23411389336,46.728327697964,
    29.379485672328));
#4252 = CARTESIAN_POINT('',(195.29914069883,46.685111241325,
    29.372445180066));
#4253 = ORIENTED_EDGE('',*,*,#4254,.T.);
#4254 = EDGE_CURVE('',#4216,#3955,#4255,.T.);
#4255 = B_SPLINE_CURVE_WITH_KNOTS('',5,(#4256,#4257,#4258,#4259,#4260,
    #4261,#4262,#4263,#4264,#4265,#4266,#4267,#4268,#4269,#4270,#4271,
    #4272,#4273,#4274,#4275,#4276,#4277,#4278,#4279,#4280,#4281,#4282,
    #4283,#4284,#4285,#4286,#4287,#4288,#4289),.UNSPECIFIED.,.T.,.F.,(6,
    4,4,4,4,4,4,4,6),(0.,0.138619387781,0.263630847886,0.386642185857,
    0.500950626823,0.613357768105,0.736369096635,0.861380558255,1.),
  .UNSPECIFIED.);
#4256 = CARTESIAN_POINT('',(195.29914069883,46.685111241325,
    29.372445180066));
#4257 = CARTESIAN_POINT('',(195.36416747847,46.64189480185,29.3654046906
    ));
#4258 = CARTESIAN_POINT('',(195.42793620594,46.599514456912,
    29.341336756087));
#4259 = CARTESIAN_POINT('',(195.48626742891,46.560747847512,
    29.300675007116));
#4260 = CARTESIAN_POINT('',(195.53531548186,46.528150781758,
    29.246103691844));
#4261 = CARTESIAN_POINT('',(195.60640742619,46.480903467243,
    29.123741368067));
#4262 = CARTESIAN_POINT('',(195.63064609366,46.46479458239,
    29.057745661993));
#4263 = CARTESIAN_POINT('',(195.64365287232,46.456150348954,
    28.986791659502));
#4264 = CARTESIAN_POINT('',(195.64473874302,46.455428685269,
    28.914651868884));
#4265 = CARTESIAN_POINT('',(195.62432015522,46.468998766223,
    28.776360717594));
#4266 = CARTESIAN_POINT('',(195.60317289674,46.483053117696,
    28.710105214335));
#4267 = CARTESIAN_POINT('',(195.57150745516,46.504097795704,
    28.649635036308));
#4268 = CARTESIAN_POINT('',(195.53095011377,46.531051981336,
    28.598063238008));
#4269 = CARTESIAN_POINT('',(195.44013016843,46.591410416626,
    28.519677386304));
#4270 = CARTESIAN_POINT('',(195.3907431383,46.624232764743,
    28.491357647981));
#4271 = CARTESIAN_POINT('',(195.33760934055,46.659545193982,
    28.474121753814));
#4272 = CARTESIAN_POINT('',(195.28308154823,46.695784064329,
    28.46873697448));
#4273 = CARTESIAN_POINT('',(195.17678787812,46.766426251845,
    28.481015992537));
#4274 = CARTESIAN_POINT('',(195.12497641644,46.800859863818,
    28.498299608077));
#4275 = CARTESIAN_POINT('',(195.07626966628,46.833230101618,
    28.526528516888));
#4276 = CARTESIAN_POINT('',(195.03275069261,46.862152571746,
    28.564491291415));
#4277 = CARTESIAN_POINT('',(194.9556966462,46.913362266452,
    28.660346154956));
#4278 = CARTESIAN_POINT('',(194.92347712991,46.934775179463,
    28.719797529495));
#4279 = CARTESIAN_POINT('',(194.90133183129,46.949492822909,
    28.786093814215));
#4280 = CARTESIAN_POINT('',(194.89039699134,46.956760057296,
    28.855822855479));
#4281 = CARTESIAN_POINT('',(194.89091153148,46.956418096751,
    28.996269025951));
#4282 = CARTESIAN_POINT('',(194.90272786765,46.948565024839,
    29.067011893306));
#4283 = CARTESIAN_POINT('',(194.92609614807,46.933034594423,
    29.134027557641));
#4284 = CARTESIAN_POINT('',(194.95977640855,46.910650878873,
    29.193752361889));
#4285 = CARTESIAN_POINT('',(195.04795214022,46.852049773421,
    29.298870739495));
#4286 = CARTESIAN_POINT('',(195.10433951089,46.814575037549,
    29.342026534069));
#4287 = CARTESIAN_POINT('',(195.16778794712,46.772407556407,
    29.369503154412));
#4288 = CARTESIAN_POINT('',(195.23411389336,46.728327697964,
    29.379485672328));
#4289 = CARTESIAN_POINT('',(195.29914069883,46.685111241325,
    29.372445180066));
#4290 = PLANE('',#4291);
#4291 = AXIS2_PLACEMENT_3D('',#4292,#4293,#4294);
#4292 = CARTESIAN_POINT('',(195.26605936705,46.70709691216,
    28.931948123758));
#4293 = DIRECTION('',(0.553504837192,0.832845961271,3.87663684597E-18));
#4294 = DIRECTION('',(-7.479653218268E-02,4.970936318775E-02,
    -0.995959064412));
#4295 = ADVANCED_FACE('',(#4296),#4348,.T.);
#4296 = FACE_BOUND('',#4297,.F.);
#4297 = EDGE_LOOP('',(#4298,#4299,#4306,#4307,#4308,#4309,#4310,#4347));
#4298 = ORIENTED_EDGE('',*,*,#4215,.T.);
#4299 = ORIENTED_EDGE('',*,*,#4300,.T.);
#4300 = EDGE_CURVE('',#4216,#4138,#4301,.T.);
#4301 = CIRCLE('',#4302,5.83612093032);
#4302 = AXIS2_PLACEMENT_3D('',#4303,#4304,#4305);
#4303 = CARTESIAN_POINT('',(194.69714474838,46.724983765277,
    23.567592161185));
#4304 = DIRECTION('',(-0.829480484387,0.551268159797,8.980836272356E-02)
  );
#4305 = DIRECTION('',(0.553504837192,0.832845961271,3.87663684597E-18));
#4306 = ORIENTED_EDGE('',*,*,#4146,.F.);
#4307 = ORIENTED_EDGE('',*,*,#4300,.F.);
#4308 = ORIENTED_EDGE('',*,*,#4254,.T.);
#4309 = ORIENTED_EDGE('',*,*,#3963,.T.);
#4310 = ORIENTED_EDGE('',*,*,#4311,.T.);
#4311 = EDGE_CURVE('',#3964,#3977,#4312,.T.);
#4312 = B_SPLINE_CURVE_WITH_KNOTS('',5,(#4313,#4314,#4315,#4316,#4317,
    #4318,#4319,#4320,#4321,#4322,#4323,#4324,#4325,#4326,#4327,#4328,
    #4329,#4330,#4331,#4332,#4333,#4334,#4335,#4336,#4337,#4338,#4339,
    #4340,#4341,#4342,#4343,#4344,#4345,#4346),.UNSPECIFIED.,.T.,.F.,(6,
    4,4,4,4,4,4,4,6),(0.,0.138610114167,0.263630309527,0.3866500497,
    0.500950528721,0.613349908588,0.736369632057,0.861389830244,1.),
  .UNSPECIFIED.);
#4313 = CARTESIAN_POINT('',(194.91123792252,46.102417730737,
    29.366461288761));
#4314 = CARTESIAN_POINT('',(194.97626730645,46.059199560461,
    29.359420517326));
#4315 = CARTESIAN_POINT('',(195.04003736796,46.016818328932,
    29.335333339469));
#4316 = CARTESIAN_POINT('',(195.09836601046,45.978053434494,
    29.294633596304));
#4317 = CARTESIAN_POINT('',(195.14740754979,45.94546069766,
    29.240010917058));
#4318 = CARTESIAN_POINT('',(195.21848969029,45.898219898714,
    29.117525310355));
#4319 = CARTESIAN_POINT('',(195.24272267141,45.882114792977,
    29.051457146643));
#4320 = CARTESIAN_POINT('',(195.25572181184,45.873475635869,
    28.980424775285));
#4321 = CARTESIAN_POINT('',(195.25680084547,45.872758516065,
    28.908202853369));
#4322 = CARTESIAN_POINT('',(195.23637016886,45.886336631174,
    28.769745574748));
#4323 = CARTESIAN_POINT('',(195.21521769615,45.900394447996,
    28.703406324622));
#4324 = CARTESIAN_POINT('',(195.18354788649,45.921442029003,
    28.642852746679));
#4325 = CARTESIAN_POINT('',(195.14298465805,45.948400127136,
    28.591203023547));
#4326 = CARTESIAN_POINT('',(195.05215520805,46.008764879174,
    28.512695821039));
#4327 = CARTESIAN_POINT('',(195.00276642494,46.041588392311,
    28.484328311108));
#4328 = CARTESIAN_POINT('',(194.94962960908,46.076902827368,
    28.467057649277));
#4329 = CARTESIAN_POINT('',(194.89509840236,46.113143966907,
    28.461656076458));
#4330 = CARTESIAN_POINT('',(194.78880082098,46.183788753833,
    28.473936660153));
#4331 = CARTESIAN_POINT('',(194.73698862179,46.218222855954,
    28.491238091361));
#4332 = CARTESIAN_POINT('',(194.68828411809,46.250591600768,
    28.519501691398));
#4333 = CARTESIAN_POINT('',(194.64477044294,46.279510549526,
    28.557511192681));
#4334 = CARTESIAN_POINT('',(194.56772498564,46.330714535956,
    28.653486597422));
#4335 = CARTESIAN_POINT('',(194.53551128608,46.352123583202,
    28.713015900581));
#4336 = CARTESIAN_POINT('',(194.51337411346,46.366835826156,
    28.779395174526));
#4337 = CARTESIAN_POINT('',(194.50244661779,46.374098179573,
    28.849207728632));
#4338 = CARTESIAN_POINT('',(194.50297400788,46.373747679024,
    28.989819943669));
#4339 = CARTESIAN_POINT('',(194.51479585107,46.365890947174,
    29.060645089564));
#4340 = CARTESIAN_POINT('',(194.53816829077,46.350357752524,
    29.127739503243));
#4341 = CARTESIAN_POINT('',(194.57185375127,46.327970581066,
    29.187536821679));
#4342 = CARTESIAN_POINT('',(194.66003820542,46.269363678705,
    29.292778606945));
#4343 = CARTESIAN_POINT('',(194.71642682153,46.231888115114,
    29.335986339541));
#4344 = CARTESIAN_POINT('',(194.77987838183,46.189718557732,
    29.363500897905));
#4345 = CARTESIAN_POINT('',(194.84620851026,46.145635919836,
    29.373502063262));
#4346 = CARTESIAN_POINT('',(194.91123792252,46.102417730737,
    29.366461288761));
#4347 = ORIENTED_EDGE('',*,*,#3985,.F.);
#4348 = TOROIDAL_SURFACE('',#4349,5.38612093032,0.45);
#4349 = AXIS2_PLACEMENT_3D('',#4350,#4351,#4352);
#4350 = CARTESIAN_POINT('',(194.69714474838,46.724983765277,
    23.567592161185));
#4351 = DIRECTION('',(0.829480484387,-0.551268159797,-8.980836272356E-02
    ));
#4352 = DIRECTION('',(0.553504837192,0.832845961271,3.87663684597E-18));
#4353 = ADVANCED_FACE('',(#4354),#4358,.F.);
#4354 = FACE_BOUND('',#4355,.T.);
#4355 = EDGE_LOOP('',(#4356,#4357));
#4356 = ORIENTED_EDGE('',*,*,#4311,.F.);
#4357 = ORIENTED_EDGE('',*,*,#3976,.F.);
#4358 = PLANE('',#4359);
#4359 = AXIS2_PLACEMENT_3D('',#4360,#4361,#4362);
#4360 = CARTESIAN_POINT('',(192.68688143979,47.580712793783,
    15.893358616752));
#4361 = DIRECTION('',(0.553504837192,0.832845961271,3.87663684597E-18));
#4362 = DIRECTION('',(-7.479653218268E-02,4.970936318775E-02,
    -0.995959064412));
#4363 = MANIFOLD_SOLID_BREP('',#4364);
#4364 = CLOSED_SHELL('',(#4365,#4659,#4684,#4770,#4781,#4807,#4918,#4928
    ,#5013,#5080,#5091,#5177,#5237));
#4365 = ADVANCED_FACE('',(#4366),#4654,.T.);
#4366 = FACE_BOUND('',#4367,.F.);
#4367 = EDGE_LOOP('',(#4368,#4409,#4420,#4459,#4468,#4507,#4518,#4557,
    #4568,#4605,#4606,#4645));
#4368 = ORIENTED_EDGE('',*,*,#4369,.F.);
#4369 = EDGE_CURVE('',#4370,#4372,#4374,.T.);
#4370 = VERTEX_POINT('',#4371);
#4371 = CARTESIAN_POINT('',(198.34336385741,45.242488705492,
    18.064254337652));
#4372 = VERTEX_POINT('',#4373);
#4373 = CARTESIAN_POINT('',(197.51366406464,45.581346247656,
    18.145069754616));
#4374 = B_SPLINE_CURVE_WITH_KNOTS('',5,(#4375,#4376,#4377,#4378,#4379,
    #4380,#4381,#4382,#4383,#4384,#4385,#4386,#4387,#4388,#4389,#4390,
    #4391,#4392,#4393,#4394,#4395,#4396,#4397,#4398,#4399,#4400,#4401,
    #4402,#4403,#4404,#4405,#4406,#4407,#4408),.UNSPECIFIED.,.T.,.F.,(6,
    4,4,4,4,4,4,4,6),(0.,0.139607573528,0.264630001869,0.387651696863,
    0.500950509723,0.612348258455,0.735369934021,0.86039236669,1.),
  .UNSPECIFIED.);
#4375 = CARTESIAN_POINT('',(197.89164496688,45.426975135799,
    17.663006239105));
#4376 = CARTESIAN_POINT('',(197.96445178116,45.397240117959,
    17.655914622227));
#4377 = CARTESIAN_POINT('',(198.03872625444,45.366905693772,
    17.666115666164));
#4378 = CARTESIAN_POINT('',(198.10971977989,45.337911240894,
    17.694091677254));
#4379 = CARTESIAN_POINT('',(198.17268008153,45.3121976355,
    17.737963586087));
#4380 = CARTESIAN_POINT('',(198.27046246505,45.272262349951,17.844298498
    ));
#4381 = CARTESIAN_POINT('',(198.30755996559,45.25711136647,
    17.90436532246));
#4382 = CARTESIAN_POINT('',(198.33315145739,45.246659549935,
    17.971652717953));
#4383 = CARTESIAN_POINT('',(198.34588263679,45.241460011262,
    18.042584564721));
#4384 = CARTESIAN_POINT('',(198.34565661624,45.241552320276,
    18.183236288959));
#4385 = CARTESIAN_POINT('',(198.33310719477,45.246677627226,
    18.252984351714));
#4386 = CARTESIAN_POINT('',(198.30811781222,45.256883536429,
    18.31921466625));
#4387 = CARTESIAN_POINT('',(198.27196694524,45.271647905469,
    18.378517941381));
#4388 = CARTESIAN_POINT('',(198.18544255909,45.30698531435,
    18.474303188096));
#4389 = CARTESIAN_POINT('',(198.13640590633,45.327012364827,
    18.512232989074));
#4390 = CARTESIAN_POINT('',(198.08157710966,45.349404983751,
    18.540201214118));
#4391 = CARTESIAN_POINT('',(198.02334021992,45.373189501347,
    18.556983310635));
#4392 = CARTESIAN_POINT('',(197.90609734968,45.421072640757,
    18.567637985056));
#4393 = CARTESIAN_POINT('',(197.84710473198,45.44516580507,
    18.561891693948));
#4394 = CARTESIAN_POINT('',(197.78964566025,45.468632654153,
    18.544893308501));
#4395 = CARTESIAN_POINT('',(197.73613444537,45.490487159735,
    18.517364606857));
#4396 = CARTESIAN_POINT('',(197.63595505109,45.53140140802,
    18.440467693553));
#4397 = CARTESIAN_POINT('',(197.59056601894,45.549938734421,
    18.389106691205));
#4398 = CARTESIAN_POINT('',(197.55501122182,45.564459662675,
    18.328773595317));
#4399 = CARTESIAN_POINT('',(197.53111313161,45.574219877373,
    18.262575653051));
#4400 = CARTESIAN_POINT('',(197.50759715817,45.583824031829,
    18.124236480558));
#4401 = CARTESIAN_POINT('',(197.50837581245,45.583506021773,
    18.051988721385));
#4402 = CARTESIAN_POINT('',(197.52241089447,45.577773956467,
    17.980841552988));
#4403 = CARTESIAN_POINT('',(197.54896219465,45.566930144766,
    17.914575109148));
#4404 = CARTESIAN_POINT('',(197.62755694069,45.534831278767,
    17.791060422773));
#4405 = CARTESIAN_POINT('',(197.68223594532,45.512499836386,
    17.735730023867));
#4406 = CARTESIAN_POINT('',(197.74745114572,45.485865308196,
    17.694486811116));
#4407 = CARTESIAN_POINT('',(197.81883811848,45.456710167573,
    17.670097859306));
#4408 = CARTESIAN_POINT('',(197.89164496688,45.426975135799,
    17.663006239105));
#4409 = ORIENTED_EDGE('',*,*,#4410,.F.);
#4410 = EDGE_CURVE('',#4411,#4370,#4413,.T.);
#4411 = VERTEX_POINT('',#4412);
#4412 = CARTESIAN_POINT('',(198.07845816489,44.594549632934,
    18.060856096432));
#4413 = B_SPLINE_CURVE_WITH_KNOTS('',5,(#4414,#4415,#4416,#4417,#4418,
    #4419),.UNSPECIFIED.,.F.,.F.,(6,6),(0.,1.),
  .PIECEWISE_BEZIER_KNOTS.);
#4414 = CARTESIAN_POINT('',(198.07845793933,44.594549076943,
    18.060856113902));
#4415 = CARTESIAN_POINT('',(198.13398353716,44.731418783769,
    18.056555492165));
#4416 = CARTESIAN_POINT('',(198.18981359861,44.868611008519,
    18.054894223201));
#4417 = CARTESIAN_POINT('',(198.24594006972,45.00575841763,
    18.055900410903));
#4418 = CARTESIAN_POINT('',(198.30220596484,45.142562583263,
    18.059567230228));
#4419 = CARTESIAN_POINT('',(198.35831070106,45.278786114707,
    18.065854242006));
#4420 = ORIENTED_EDGE('',*,*,#4421,.F.);
#4421 = EDGE_CURVE('',#4422,#4411,#4424,.T.);
#4422 = VERTEX_POINT('',#4423);
#4423 = CARTESIAN_POINT('',(197.62645807437,44.779150908074,
    17.656752677393));
#4424 = B_SPLINE_CURVE_WITH_KNOTS('',5,(#4425,#4426,#4427,#4428,#4429,
    #4430,#4431,#4432,#4433,#4434,#4435,#4436,#4437,#4438,#4439,#4440,
    #4441,#4442,#4443,#4444,#4445,#4446,#4447,#4448,#4449,#4450,#4451,
    #4452,#4453,#4454,#4455,#4456,#4457,#4458),.UNSPECIFIED.,.T.,.F.,(6,
    4,4,4,4,4,4,4,6),(0.,0.13961786577,0.264630597058,0.387643047742,
    0.500950618145,0.612356903184,0.735369342869,0.860382076481,1.),
  .UNSPECIFIED.);
#4425 = CARTESIAN_POINT('',(197.62645807437,44.779150908074,
    17.656752677393));
#4426 = CARTESIAN_POINT('',(197.69926164883,44.749417213411,
    17.649661376085));
#4427 = CARTESIAN_POINT('',(197.77353093627,44.719084907171,
    17.659841732865));
#4428 = CARTESIAN_POINT('',(197.84452062344,44.690092021887,
    17.687775650654));
#4429 = CARTESIAN_POINT('',(197.9074794375,44.664379024033,
    17.731589971623));
#4430 = CARTESIAN_POINT('',(198.00525115701,44.62444809377,
    17.83778847709));
#4431 = CARTESIAN_POINT('',(198.04234231051,44.609299702482,
    17.897775466832));
#4432 = CARTESIAN_POINT('',(198.06792870719,44.598849966848,
    17.964976176742));
#4433 = CARTESIAN_POINT('',(198.08065311761,44.593653192688,
    18.035817390331));
#4434 = CARTESIAN_POINT('',(198.08041131083,44.593751948954,
    18.176286135709));
#4435 = CARTESIAN_POINT('',(198.06785285406,44.598880946008,
    18.245942135785));
#4436 = CARTESIAN_POINT('',(198.04285348457,44.609090933976,
    18.312080890969));
#4437 = CARTESIAN_POINT('',(198.00669550524,44.62385820777,
    18.371298204386));
#4438 = CARTESIAN_POINT('',(197.9201605565,44.659199930517,
    18.466950242136));
#4439 = CARTESIAN_POINT('',(197.8711173805,44.679229645151,
    18.504828334269));
#4440 = CARTESIAN_POINT('',(197.81628591294,44.701623354892,
    18.532758542618));
#4441 = CARTESIAN_POINT('',(197.7580500544,44.725407451333,
    18.549521822279));
#4442 = CARTESIAN_POINT('',(197.64081211893,44.773288575336,
    18.560177273252));
#4443 = CARTESIAN_POINT('',(197.58182359036,44.797380069611,
    18.554449930528));
#4444 = CARTESIAN_POINT('',(197.52436811369,44.820845450436,
    18.537489296562));
#4445 = CARTESIAN_POINT('',(197.47085903806,44.842699082326,
    18.510012003167));
#4446 = CARTESIAN_POINT('',(197.37069131727,44.883608563042,
    18.433247188798));
#4447 = CARTESIAN_POINT('',(197.32530952431,44.902142932887,
    18.381972131252));
#4448 = CARTESIAN_POINT('',(197.28976006643,44.916661680544,
    18.321731042831));
#4449 = CARTESIAN_POINT('',(197.2658683364,44.926419297682,
    18.25562541969));
#4450 = CARTESIAN_POINT('',(197.24236714428,44.936017415299,
    18.117469323462));
#4451 = CARTESIAN_POINT('',(197.243154153,44.93569599321,18.045312046925
    ));
#4452 = CARTESIAN_POINT('',(197.25719858123,44.929960110822,
    17.974251154602));
#4453 = CARTESIAN_POINT('',(197.28375685993,44.919113449025,
    17.908064488615));
#4454 = CARTESIAN_POINT('',(197.36236370535,44.887009641518,
    17.784686077808));
#4455 = CARTESIAN_POINT('',(197.4170507826,44.864674902198,
    17.729412629583));
#4456 = CARTESIAN_POINT('',(197.48226917547,44.838039070173,
    17.68821157614));
#4457 = CARTESIAN_POINT('',(197.55365446898,44.808884615371,
    17.663843981714));
#4458 = CARTESIAN_POINT('',(197.62645807437,44.779150908074,
    17.656752677393));
#4459 = ORIENTED_EDGE('',*,*,#4460,.T.);
#4460 = EDGE_CURVE('',#4422,#4461,#4463,.T.);
#4461 = VERTEX_POINT('',#4462);
#4462 = CARTESIAN_POINT('',(198.55387593122,44.400384349052,
    28.766344666409));
#4463 = CIRCLE('',#4464,5.585396184467);
#4464 = AXIS2_PLACEMENT_3D('',#4465,#4466,#4467);
#4465 = CARTESIAN_POINT('',(198.20359479621,44.867497957626,
    23.211548671901));
#4466 = DIRECTION('',(-0.92202679564,0.37656479669,8.980836272356E-02));
#4467 = DIRECTION('',(0.378092644713,0.925767763542,-1.049417899005E-17)
  );
#4468 = ORIENTED_EDGE('',*,*,#4469,.T.);
#4469 = EDGE_CURVE('',#4461,#4470,#4472,.T.);
#4470 = VERTEX_POINT('',#4471);
#4471 = CARTESIAN_POINT('',(198.93166062366,44.246093371205,
    28.281417552091));
#4472 = B_SPLINE_CURVE_WITH_KNOTS('',5,(#4473,#4474,#4475,#4476,#4477,
    #4478,#4479,#4480,#4481,#4482,#4483,#4484,#4485,#4486,#4487,#4488,
    #4489,#4490,#4491,#4492,#4493,#4494,#4495,#4496,#4497,#4498,#4499,
    #4500,#4501,#4502,#4503,#4504,#4505,#4506),.UNSPECIFIED.,.T.,.F.,(6,
    4,4,4,4,4,4,4,6),(0.,0.139617865773,0.264630597061,0.387643047745,
    0.500950618155,0.61235690323,0.735369342915,0.860382076528,1.),
  .UNSPECIFIED.);
#4473 = CARTESIAN_POINT('',(198.55387593122,44.400384349052,
    28.766344666409));
#4474 = CARTESIAN_POINT('',(198.62667950568,44.370650654389,
    28.759253365101));
#4475 = CARTESIAN_POINT('',(198.69806476552,44.341496213338,
    28.734885788949));
#4476 = CARTESIAN_POINT('',(198.76328313591,44.314860390497,
    28.693684770141));
#4477 = CARTESIAN_POINT('',(198.81797020353,44.292525655108,
    28.638411363528));
#4478 = CARTESIAN_POINT('',(198.89657707246,44.260421838001,
    28.515033018685));
#4479 = CARTESIAN_POINT('',(198.92313537406,44.24957516685,
    28.448846368175));
#4480 = CARTESIAN_POINT('',(198.9371798285,44.243839273756,
    28.377785486447));
#4481 = CARTESIAN_POINT('',(198.93796686544,44.243517840142,
    28.305628214612));
#4482 = CARTESIAN_POINT('',(198.91446572893,44.253115935049,
    28.167472107949));
#4483 = CARTESIAN_POINT('',(198.89057402364,44.262873542083,
    28.101366470391));
#4484 = CARTESIAN_POINT('',(198.855024587,44.277392281064,
    28.041125362835));
#4485 = CARTESIAN_POINT('',(198.80964281089,44.295926644031,
    27.989850282733));
#4486 = CARTESIAN_POINT('',(198.70866269356,44.337167915468,
    27.912462812943));
#4487 = CARTESIAN_POINT('',(198.65413759199,44.359436502327,
    27.884672602725));
#4488 = CARTESIAN_POINT('',(198.59556505359,44.383358102135,
    27.867788307741));
#4489 = CARTESIAN_POINT('',(198.5354924118,44.407892358892,
    27.862548654902));
#4490 = CARTESIAN_POINT('',(198.41838098678,44.455721814784,
    27.874719582162));
#4491 = CARTESIAN_POINT('',(198.36129252054,44.479037304946,
    27.891753195934));
#4492 = CARTESIAN_POINT('',(198.30757273789,44.500976991653,
    27.919542656219));
#4493 = CARTESIAN_POINT('',(198.2594773756,44.520619609856,
    27.956916547283));
#4494 = CARTESIAN_POINT('',(198.17363859972,44.555677008777,
    28.051798990165));
#4495 = CARTESIAN_POINT('',(198.13748060009,44.570444290858,
    28.111016284656));
#4496 = CARTESIAN_POINT('',(198.11248120655,44.580654288648,
    28.177155025125));
#4497 = CARTESIAN_POINT('',(198.09992272307,44.585783296613,
    28.246811015802));
#4498 = CARTESIAN_POINT('',(198.09968085988,44.585882075913,
    28.387279761657));
#4499 = CARTESIAN_POINT('',(198.11240524335,44.580685312767,
    28.458120985323));
#4500 = CARTESIAN_POINT('',(198.137991616,44.570235586942,
    28.525321710715));
#4501 = CARTESIAN_POINT('',(198.17508274955,44.555087203805,
    28.585308720099));
#4502 = CARTESIAN_POINT('',(198.27285445686,44.51515627852,
    28.691507294961));
#4503 = CARTESIAN_POINT('',(198.33581328727,44.48944327399,
    28.735321654983));
#4504 = CARTESIAN_POINT('',(198.40680300228,44.460450377335,
    28.763255602484));
#4505 = CARTESIAN_POINT('',(198.48107232586,44.430118056339,
    28.773435970728));
#4506 = CARTESIAN_POINT('',(198.55387593122,44.400384349052,
    28.766344666409));
#4507 = ORIENTED_EDGE('',*,*,#4508,.T.);
#4508 = EDGE_CURVE('',#4470,#4509,#4511,.T.);
#4509 = VERTEX_POINT('',#4510);
#4510 = CARTESIAN_POINT('',(199.19599964355,44.894263878429,
    28.278027589187));
#4511 = B_SPLINE_CURVE_WITH_KNOTS('',5,(#4512,#4513,#4514,#4515,#4516,
    #4517),.UNSPECIFIED.,.F.,.F.,(6,6),(0.,1.),
  .PIECEWISE_BEZIER_KNOTS.);
#4512 = CARTESIAN_POINT('',(198.93166039519,44.246092816404,
    28.281417534651));
#4513 = CARTESIAN_POINT('',(198.98790338653,44.382669532677,
    28.285710611137));
#4514 = CARTESIAN_POINT('',(199.04401134629,44.519748261028,
    28.287378302066));
#4515 = CARTESIAN_POINT('',(199.09996960345,44.656964370365,
    28.286369445258));
#4516 = CARTESIAN_POINT('',(199.15562278802,44.794018773008,
    28.282696569414));
#4517 = CARTESIAN_POINT('',(199.21067982944,44.930670193291,
    28.276433184869));
#4518 = ORIENTED_EDGE('',*,*,#4519,.T.);
#4519 = EDGE_CURVE('',#4509,#4520,#4522,.T.);
#4520 = VERTEX_POINT('',#4521);
#4521 = CARTESIAN_POINT('',(198.36629985078,45.233121420593,
    28.35884300615));
#4522 = B_SPLINE_CURVE_WITH_KNOTS('',5,(#4523,#4524,#4525,#4526,#4527,
    #4528,#4529,#4530,#4531,#4532,#4533,#4534,#4535,#4536,#4537,#4538,
    #4539,#4540,#4541,#4542,#4543,#4544,#4545,#4546,#4547,#4548,#4549,
    #4550,#4551,#4552,#4553,#4554,#4555,#4556),.UNSPECIFIED.,.T.,.F.,(6,
    4,4,4,4,4,4,4,6),(0.,0.139607573531,0.264630001872,0.387651696866,
    0.500950509731,0.612348258502,0.735369934068,0.860392366737,1.),
  .UNSPECIFIED.);
#4523 = CARTESIAN_POINT('',(198.81801874132,45.048634990286,
    28.760091104697));
#4524 = CARTESIAN_POINT('',(198.8908255556,45.018899972446,
    28.75299948782));
#4525 = CARTESIAN_POINT('',(198.9622124916,44.989744846836,
    28.728610556131));
#4526 = CARTESIAN_POINT('',(199.02742766722,44.963110328768,
    28.687367381341));
#4527 = CARTESIAN_POINT('',(199.08210666122,44.940778890728,
    28.632037028366));
#4528 = CARTESIAN_POINT('',(199.16070143166,44.90868001476,28.5085224168
    ));
#4529 = CARTESIAN_POINT('',(199.18725275638,44.897836193038,
    28.442255992921));
#4530 = CARTESIAN_POINT('',(199.20128786763,44.892104115792,
    28.371108839383));
#4531 = CARTESIAN_POINT('',(199.20206655446,44.891786092446,
    28.298861088379));
#4532 = CARTESIAN_POINT('',(199.17855064614,44.901390220306,
    28.160521904048));
#4533 = CARTESIAN_POINT('',(199.15465258376,44.911150423635,
    28.094323942944));
#4534 = CARTESIAN_POINT('',(199.11909780969,44.925671342476,
    28.033990823159));
#4535 = CARTESIAN_POINT('',(199.07370879495,44.944208661768,
    27.982629793643));
#4536 = CARTESIAN_POINT('',(198.97271700891,44.985454698825,
    27.905109222628));
#4537 = CARTESIAN_POINT('',(198.91818976178,45.007724161951,
    27.877266877166));
#4538 = CARTESIAN_POINT('',(198.85961355518,45.031647259885,
    27.860344662627));
#4539 = CARTESIAN_POINT('',(198.79953678254,45.056183203726,
    27.855086695733));
#4540 = CARTESIAN_POINT('',(198.68242063096,45.10401458999,
    27.867259340588));
#4541 = CARTESIAN_POINT('',(198.62533127963,45.127330441632,
    27.884312387247));
#4542 = CARTESIAN_POINT('',(198.57161421198,45.149269019503,
    27.912139684734));
#4543 = CARTESIAN_POINT('',(198.52352525875,45.168909020189,
    27.949564568156));
#4544 = CARTESIAN_POINT('',(198.43769687477,45.203962174952,
    28.044579234804));
#4545 = CARTESIAN_POINT('',(198.40154598617,45.21872655282,
    28.10388248658));
#4546 = CARTESIAN_POINT('',(198.37655657701,45.228932472892,
    28.170112782064));
#4547 = CARTESIAN_POINT('',(198.36400712505,45.234057792295,
    28.239860831669));
#4548 = CARTESIAN_POINT('',(198.3637810385,45.234150128262,
    28.380512556843));
#4549 = CARTESIAN_POINT('',(198.37651218725,45.228950602105,
    28.451444417933));
#4550 = CARTESIAN_POINT('',(198.40210365277,45.218498796306,
    28.518731833688));
#4551 = CARTESIAN_POINT('',(198.43920113249,45.203347821329,
    28.578798682517));
#4552 = CARTESIAN_POINT('',(198.53698350439,45.163412540523,
    28.685133672702));
#4553 = CARTESIAN_POINT('',(198.59994382408,45.137698927755,
    28.729005624644));
#4554 = CARTESIAN_POINT('',(198.67093738018,45.10870446236,
    28.756981668274));
#4555 = CARTESIAN_POINT('',(198.74521189294,45.078370022051,
    28.767182724896));
#4556 = CARTESIAN_POINT('',(198.81801874132,45.048634990286,
    28.760091104697));
#4557 = ORIENTED_EDGE('',*,*,#4558,.T.);
#4558 = EDGE_CURVE('',#4520,#4559,#4561,.T.);
#4559 = VERTEX_POINT('',#4560);
#4560 = CARTESIAN_POINT('',(198.10187584071,44.584985624192,
    28.36224124737));
#4561 = B_SPLINE_CURVE_WITH_KNOTS('',5,(#4562,#4563,#4564,#4565,#4566,
    #4567),.UNSPECIFIED.,.F.,.F.,(6,6),(0.,1.),
  .PIECEWISE_BEZIER_KNOTS.);
#4562 = CARTESIAN_POINT('',(198.38103650336,45.269504673904,
    28.357243101796));
#4563 = CARTESIAN_POINT('',(198.32573688783,45.132952315558,
    28.363530113878));
#4564 = CARTESIAN_POINT('',(198.27014588507,44.995872521874,
    28.367196932777));
#4565 = CARTESIAN_POINT('',(198.21421502858,44.858645219016,
    28.368203120807));
#4566 = CARTESIAN_POINT('',(198.15804113693,44.721593415696,
    28.366541851419));
#4567 = CARTESIAN_POINT('',(198.10187561255,44.584985069262,
    28.3622412299));
#4568 = ORIENTED_EDGE('',*,*,#4569,.T.);
#4569 = EDGE_CURVE('',#4559,#4461,#4570,.T.);
#4570 = B_SPLINE_CURVE_WITH_KNOTS('',5,(#4571,#4572,#4573,#4574,#4575,
    #4576,#4577,#4578,#4579,#4580,#4581,#4582,#4583,#4584,#4585,#4586,
    #4587,#4588,#4589,#4590,#4591,#4592,#4593,#4594,#4595,#4596,#4597,
    #4598,#4599,#4600,#4601,#4602,#4603,#4604),.UNSPECIFIED.,.T.,.F.,(6,
    4,4,4,4,4,4,4,6),(0.,0.139617865773,0.264630597061,0.387643047745,
    0.500950618155,0.61235690323,0.735369342915,0.860382076528,1.),
  .UNSPECIFIED.);
#4571 = CARTESIAN_POINT('',(198.55387593122,44.400384349052,
    28.766344666409));
#4572 = CARTESIAN_POINT('',(198.62667950568,44.370650654389,
    28.759253365101));
#4573 = CARTESIAN_POINT('',(198.69806476552,44.341496213338,
    28.734885788949));
#4574 = CARTESIAN_POINT('',(198.76328313591,44.314860390497,
    28.693684770141));
#4575 = CARTESIAN_POINT('',(198.81797020353,44.292525655108,
    28.638411363528));
#4576 = CARTESIAN_POINT('',(198.89657707246,44.260421838001,
    28.515033018685));
#4577 = CARTESIAN_POINT('',(198.92313537406,44.24957516685,
    28.448846368175));
#4578 = CARTESIAN_POINT('',(198.9371798285,44.243839273756,
    28.377785486447));
#4579 = CARTESIAN_POINT('',(198.93796686544,44.243517840142,
    28.305628214612));
#4580 = CARTESIAN_POINT('',(198.91446572893,44.253115935049,
    28.167472107949));
#4581 = CARTESIAN_POINT('',(198.89057402364,44.262873542083,
    28.101366470391));
#4582 = CARTESIAN_POINT('',(198.855024587,44.277392281064,
    28.041125362835));
#4583 = CARTESIAN_POINT('',(198.80964281089,44.295926644031,
    27.989850282733));
#4584 = CARTESIAN_POINT('',(198.70866269356,44.337167915468,
    27.912462812943));
#4585 = CARTESIAN_POINT('',(198.65413759199,44.359436502327,
    27.884672602725));
#4586 = CARTESIAN_POINT('',(198.59556505359,44.383358102135,
    27.867788307741));
#4587 = CARTESIAN_POINT('',(198.5354924118,44.407892358892,
    27.862548654902));
#4588 = CARTESIAN_POINT('',(198.41838098678,44.455721814784,
    27.874719582162));
#4589 = CARTESIAN_POINT('',(198.36129252054,44.479037304946,
    27.891753195934));
#4590 = CARTESIAN_POINT('',(198.30757273789,44.500976991653,
    27.919542656219));
#4591 = CARTESIAN_POINT('',(198.2594773756,44.520619609856,
    27.956916547283));
#4592 = CARTESIAN_POINT('',(198.17363859972,44.555677008777,
    28.051798990165));
#4593 = CARTESIAN_POINT('',(198.13748060009,44.570444290858,
    28.111016284656));
#4594 = CARTESIAN_POINT('',(198.11248120655,44.580654288648,
    28.177155025125));
#4595 = CARTESIAN_POINT('',(198.09992272307,44.585783296613,
    28.246811015802));
#4596 = CARTESIAN_POINT('',(198.09968085988,44.585882075913,
    28.387279761657));
#4597 = CARTESIAN_POINT('',(198.11240524335,44.580685312767,
    28.458120985323));
#4598 = CARTESIAN_POINT('',(198.137991616,44.570235586942,
    28.525321710715));
#4599 = CARTESIAN_POINT('',(198.17508274955,44.555087203805,
    28.585308720099));
#4600 = CARTESIAN_POINT('',(198.27285445686,44.51515627852,
    28.691507294961));
#4601 = CARTESIAN_POINT('',(198.33581328727,44.48944327399,
    28.735321654983));
#4602 = CARTESIAN_POINT('',(198.40680300228,44.460450377335,
    28.763255602484));
#4603 = CARTESIAN_POINT('',(198.48107232586,44.430118056339,
    28.773435970728));
#4604 = CARTESIAN_POINT('',(198.55387593122,44.400384349052,
    28.766344666409));
#4605 = ORIENTED_EDGE('',*,*,#4460,.F.);
#4606 = ORIENTED_EDGE('',*,*,#4607,.F.);
#4607 = EDGE_CURVE('',#4608,#4422,#4610,.T.);
#4608 = VERTEX_POINT('',#4609);
#4609 = CARTESIAN_POINT('',(197.24867338194,44.933441885921,
    18.141679791711));
#4610 = B_SPLINE_CURVE_WITH_KNOTS('',5,(#4611,#4612,#4613,#4614,#4615,
    #4616,#4617,#4618,#4619,#4620,#4621,#4622,#4623,#4624,#4625,#4626,
    #4627,#4628,#4629,#4630,#4631,#4632,#4633,#4634,#4635,#4636,#4637,
    #4638,#4639,#4640,#4641,#4642,#4643,#4644),.UNSPECIFIED.,.T.,.F.,(6,
    4,4,4,4,4,4,4,6),(0.,0.13961786577,0.264630597058,0.387643047742,
    0.500950618145,0.612356903184,0.735369342869,0.860382076481,1.),
  .UNSPECIFIED.);
#4611 = CARTESIAN_POINT('',(197.62645807437,44.779150908074,
    17.656752677393));
#4612 = CARTESIAN_POINT('',(197.69926164883,44.749417213411,
    17.649661376085));
#4613 = CARTESIAN_POINT('',(197.77353093627,44.719084907171,
    17.659841732865));
#4614 = CARTESIAN_POINT('',(197.84452062344,44.690092021887,
    17.687775650654));
#4615 = CARTESIAN_POINT('',(197.9074794375,44.664379024033,
    17.731589971623));
#4616 = CARTESIAN_POINT('',(198.00525115701,44.62444809377,
    17.83778847709));
#4617 = CARTESIAN_POINT('',(198.04234231051,44.609299702482,
    17.897775466832));
#4618 = CARTESIAN_POINT('',(198.06792870719,44.598849966848,
    17.964976176742));
#4619 = CARTESIAN_POINT('',(198.08065311761,44.593653192688,
    18.035817390331));
#4620 = CARTESIAN_POINT('',(198.08041131083,44.593751948954,
    18.176286135709));
#4621 = CARTESIAN_POINT('',(198.06785285406,44.598880946008,
    18.245942135785));
#4622 = CARTESIAN_POINT('',(198.04285348457,44.609090933976,
    18.312080890969));
#4623 = CARTESIAN_POINT('',(198.00669550524,44.62385820777,
    18.371298204386));
#4624 = CARTESIAN_POINT('',(197.9201605565,44.659199930517,
    18.466950242136));
#4625 = CARTESIAN_POINT('',(197.8711173805,44.679229645151,
    18.504828334269));
#4626 = CARTESIAN_POINT('',(197.81628591294,44.701623354892,
    18.532758542618));
#4627 = CARTESIAN_POINT('',(197.7580500544,44.725407451333,
    18.549521822279));
#4628 = CARTESIAN_POINT('',(197.64081211893,44.773288575336,
    18.560177273252));
#4629 = CARTESIAN_POINT('',(197.58182359036,44.797380069611,
    18.554449930528));
#4630 = CARTESIAN_POINT('',(197.52436811369,44.820845450436,
    18.537489296562));
#4631 = CARTESIAN_POINT('',(197.47085903806,44.842699082326,
    18.510012003167));
#4632 = CARTESIAN_POINT('',(197.37069131727,44.883608563042,
    18.433247188798));
#4633 = CARTESIAN_POINT('',(197.32530952431,44.902142932887,
    18.381972131252));
#4634 = CARTESIAN_POINT('',(197.28976006643,44.916661680544,
    18.321731042831));
#4635 = CARTESIAN_POINT('',(197.2658683364,44.926419297682,
    18.25562541969));
#4636 = CARTESIAN_POINT('',(197.24236714428,44.936017415299,
    18.117469323462));
#4637 = CARTESIAN_POINT('',(197.243154153,44.93569599321,18.045312046925
    ));
#4638 = CARTESIAN_POINT('',(197.25719858123,44.929960110822,
    17.974251154602));
#4639 = CARTESIAN_POINT('',(197.28375685993,44.919113449025,
    17.908064488615));
#4640 = CARTESIAN_POINT('',(197.36236370535,44.887009641518,
    17.784686077808));
#4641 = CARTESIAN_POINT('',(197.4170507826,44.864674902198,
    17.729412629583));
#4642 = CARTESIAN_POINT('',(197.48226917547,44.838039070173,
    17.68821157614));
#4643 = CARTESIAN_POINT('',(197.55365446898,44.808884615371,
    17.663843981714));
#4644 = CARTESIAN_POINT('',(197.62645807437,44.779150908074,
    17.656752677393));
#4645 = ORIENTED_EDGE('',*,*,#4646,.T.);
#4646 = EDGE_CURVE('',#4608,#4372,#4647,.T.);
#4647 = B_SPLINE_CURVE_WITH_KNOTS('',5,(#4648,#4649,#4650,#4651,#4652,
    #4653),.UNSPECIFIED.,.F.,.F.,(6,6),(0.,1.),
  .PIECEWISE_BEZIER_KNOTS.);
#4648 = CARTESIAN_POINT('',(197.24867315669,44.933441329801,
    18.14167980915));
#4649 = CARTESIAN_POINT('',(197.30412129041,45.07034267373,
    18.137386732665));
#4650 = CARTESIAN_POINT('',(197.36001728363,45.207507971298,
    18.135719041736));
#4651 = CARTESIAN_POINT('',(197.41611635209,45.34466657192,
    18.136727898544));
#4652 = CARTESIAN_POINT('',(197.47232006734,45.481496132426,
    18.140400774388));
#4653 = CARTESIAN_POINT('',(197.52866737498,45.617620595319,
    18.146664158933));
#4654 = TOROIDAL_SURFACE('',#4655,5.135396184467,0.45);
#4655 = AXIS2_PLACEMENT_3D('',#4656,#4657,#4658);
#4656 = CARTESIAN_POINT('',(198.20359479621,44.867497957626,
    23.211548671901));
#4657 = DIRECTION('',(0.92202679564,-0.37656479669,-8.980836272356E-02)
  );
#4658 = DIRECTION('',(0.378092644713,0.925767763542,-1.049417899005E-17)
  );
#4659 = ADVANCED_FACE('',(#4660),#4679,.T.);
#4660 = FACE_BOUND('',#4661,.F.);
#4661 = EDGE_LOOP('',(#4662,#4671,#4672));
#4662 = ORIENTED_EDGE('',*,*,#4663,.F.);
#4663 = EDGE_CURVE('',#4370,#4664,#4666,.T.);
#4664 = VERTEX_POINT('',#4665);
#4665 = CARTESIAN_POINT('',(197.96528011056,45.396901820098,
    18.545085871618));
#4666 = CIRCLE('',#4667,0.45);
#4667 = AXIS2_PLACEMENT_3D('',#4668,#4669,#4670);
#4668 = CARTESIAN_POINT('',(197.92786635136,45.412181966719,
    18.096904292633));
#4669 = DIRECTION('',(-0.378092644713,-0.925767763542,6.938893903907E-18
    ));
#4670 = DIRECTION('',(8.314168710596E-02,-3.395588137953E-02,
    0.995959064412));
#4671 = ORIENTED_EDGE('',*,*,#4369,.T.);
#4672 = ORIENTED_EDGE('',*,*,#4673,.F.);
#4673 = EDGE_CURVE('',#4664,#4372,#4674,.T.);
#4674 = CIRCLE('',#4675,0.45);
#4675 = AXIS2_PLACEMENT_3D('',#4676,#4677,#4678);
#4676 = CARTESIAN_POINT('',(197.92786635136,45.412181966719,
    18.096904292633));
#4677 = DIRECTION('',(-0.378092644713,-0.925767763542,6.938893903907E-18
    ));
#4678 = DIRECTION('',(8.314168710596E-02,-3.395588137953E-02,
    0.995959064412));
#4679 = PLANE('',#4680);
#4680 = AXIS2_PLACEMENT_3D('',#4681,#4682,#4683);
#4681 = CARTESIAN_POINT('',(196.38723036427,46.041392831299,
    15.787026710772));
#4682 = DIRECTION('',(0.378092644713,0.925767763542,-1.049417899005E-17)
  );
#4683 = DIRECTION('',(-8.314168710596E-02,3.395588137953E-02,
    -0.995959064412));
#4684 = ADVANCED_FACE('',(#4685),#4765,.T.);
#4685 = FACE_BOUND('',#4686,.F.);
#4686 = EDGE_LOOP('',(#4687,#4698,#4711,#4720,#4726,#4727,#4728,#4735,
    #4736,#4737,#4738,#4747,#4757));
#4687 = ORIENTED_EDGE('',*,*,#4688,.F.);
#4688 = EDGE_CURVE('',#4689,#4691,#4693,.T.);
#4689 = VERTEX_POINT('',#4690);
#4690 = CARTESIAN_POINT('',(203.99021309209,61.440243135738,
    18.141679791711));
#4691 = VERTEX_POINT('',#4692);
#4692 = CARTESIAN_POINT('',(204.81999787504,61.101350882751,
    18.060856096432));
#4693 = CIRCLE('',#4694,0.45);
#4694 = AXIS2_PLACEMENT_3D('',#4695,#4696,#4697);
#4695 = CARTESIAN_POINT('',(204.40474121022,61.270945782056,
    18.096904292633));
#4696 = DIRECTION('',(-0.378092644713,-0.925767763542,6.938893903907E-18
    ));
#4697 = DIRECTION('',(8.314168710596E-02,-3.395588137953E-02,
    0.995959064412));
#4698 = ORIENTED_EDGE('',*,*,#4699,.F.);
#4699 = EDGE_CURVE('',#4700,#4689,#4702,.T.);
#4700 = VERTEX_POINT('',#4701);
#4701 = CARTESIAN_POINT('',(203.7258740722,60.792072628513,
    18.145069754616));
#4702 = B_SPLINE_CURVE_WITH_KNOTS('',4,(#4703,#4704,#4705,#4706,#4707,
    #4708,#4709,#4710),.UNSPECIFIED.,.F.,.F.,(5,3,5),(0.,0.599466042623,
    1.),.UNSPECIFIED.);
#4703 = CARTESIAN_POINT('',(203.71119388631,60.755666313652,
    18.146664158933));
#4704 = CARTESIAN_POINT('',(203.75245018845,60.858064338265,
    18.14197077043));
#4705 = CARTESIAN_POINT('',(203.79406270634,60.960701674762,
    18.138828997684));
#4706 = CARTESIAN_POINT('',(203.83587632769,61.063452695484,
    18.137278341573));
#4707 = CARTESIAN_POINT('',(203.90584696502,61.234761194829,
    18.137345731717));
#4708 = CARTESIAN_POINT('',(203.93393137116,61.303350644694,
    18.138082991971));
#4709 = CARTESIAN_POINT('',(203.9620541155,61.37186376145,
    18.139530392518));
#4710 = CARTESIAN_POINT('',(203.99021332056,61.440243690539,
    18.14167980915));
#4711 = ORIENTED_EDGE('',*,*,#4712,.F.);
#4712 = EDGE_CURVE('',#4713,#4700,#4715,.T.);
#4713 = VERTEX_POINT('',#4714);
#4714 = CARTESIAN_POINT('',(204.17749011812,60.607628200956,
    18.545085871618));
#4715 = CIRCLE('',#4716,0.45);
#4716 = AXIS2_PLACEMENT_3D('',#4717,#4718,#4719);
#4717 = CARTESIAN_POINT('',(204.14007635892,60.622908347577,
    18.096904292633));
#4718 = DIRECTION('',(-0.378092644713,-0.925767763542,6.938893903907E-18
    ));
#4719 = DIRECTION('',(8.314168710596E-02,-3.395588137953E-02,
    0.995959064412));
#4720 = ORIENTED_EDGE('',*,*,#4721,.F.);
#4721 = EDGE_CURVE('',#4664,#4713,#4722,.T.);
#4722 = LINE('',#4723,#4724);
#4723 = CARTESIAN_POINT('',(197.70061525926,44.748864385619,
    18.545085871618));
#4724 = VECTOR('',#4725,1.);
#4725 = DIRECTION('',(0.378092644713,0.925767763542,-1.049417899005E-17)
  );
#4726 = ORIENTED_EDGE('',*,*,#4673,.T.);
#4727 = ORIENTED_EDGE('',*,*,#4646,.F.);
#4728 = ORIENTED_EDGE('',*,*,#4729,.T.);
#4729 = EDGE_CURVE('',#4608,#4411,#4730,.T.);
#4730 = CIRCLE('',#4731,0.45);
#4731 = AXIS2_PLACEMENT_3D('',#4732,#4733,#4734);
#4732 = CARTESIAN_POINT('',(197.66320150006,44.76414453224,
    18.096904292633));
#4733 = DIRECTION('',(-0.378092644713,-0.925767763542,6.938893903907E-18
    ));
#4734 = DIRECTION('',(8.314168710596E-02,-3.395588137953E-02,
    0.995959064412));
#4735 = ORIENTED_EDGE('',*,*,#4410,.T.);
#4736 = ORIENTED_EDGE('',*,*,#4663,.T.);
#4737 = ORIENTED_EDGE('',*,*,#4721,.T.);
#4738 = ORIENTED_EDGE('',*,*,#4739,.F.);
#4739 = EDGE_CURVE('',#4740,#4713,#4742,.T.);
#4740 = VERTEX_POINT('',#4741);
#4741 = CARTESIAN_POINT('',(204.55557386497,60.45321508635,
    18.064254337652));
#4742 = CIRCLE('',#4743,0.45);
#4743 = AXIS2_PLACEMENT_3D('',#4744,#4745,#4746);
#4744 = CARTESIAN_POINT('',(204.14007635892,60.622908347577,
    18.096904292633));
#4745 = DIRECTION('',(-0.378092644713,-0.925767763542,6.938893903907E-18
    ));
#4746 = DIRECTION('',(8.314168710596E-02,-3.395588137953E-02,
    0.995959064412));
#4747 = ORIENTED_EDGE('',*,*,#4748,.T.);
#4748 = EDGE_CURVE('',#4740,#4749,#4751,.T.);
#4749 = VERTEX_POINT('',#4750);
#4750 = CARTESIAN_POINT('',(204.70616806606,60.82362072694,
    18.05649053332));
#4751 = B_SPLINE_CURVE_WITH_KNOTS('',4,(#4752,#4753,#4754,#4755,#4756),
  .UNSPECIFIED.,.F.,.F.,(5,5),(0.,1.),.PIECEWISE_BEZIER_KNOTS.);
#4752 = CARTESIAN_POINT('',(204.54083721239,60.416831833039,
    18.065854242006));
#4753 = CARTESIAN_POINT('',(204.58191039412,60.518254596583,
    18.061184632871));
#4754 = CARTESIAN_POINT('',(204.62315423322,60.619985581102,
    18.058056914992));
#4755 = CARTESIAN_POINT('',(204.66459582614,60.721829997061,
    18.056492133961));
#4756 = CARTESIAN_POINT('',(204.70616806606,60.82362072694,
    18.05649053332));
#4757 = ORIENTED_EDGE('',*,*,#4758,.F.);
#4758 = EDGE_CURVE('',#4691,#4749,#4759,.T.);
#4759 = B_SPLINE_CURVE_WITH_KNOTS('',4,(#4760,#4761,#4762,#4763,#4764),
  .UNSPECIFIED.,.F.,.F.,(5,5),(0.,1.),.PIECEWISE_BEZIER_KNOTS.);
#4760 = CARTESIAN_POINT('',(204.8199981032,61.101351437681,
    18.060856113902));
#4761 = CARTESIAN_POINT('',(204.79150706767,61.032054243445,
    18.058674541454));
#4762 = CARTESIAN_POINT('',(204.76301423303,60.962636347369,
    18.057217436382));
#4763 = CARTESIAN_POINT('',(204.73456067721,60.89314091204,
    18.056489419467));
#4764 = CARTESIAN_POINT('',(204.70616806606,60.82362072694,
    18.05649053332));
#4765 = CYLINDRICAL_SURFACE('',#4766,0.45);
#4766 = AXIS2_PLACEMENT_3D('',#4767,#4768,#4769);
#4767 = CARTESIAN_POINT('',(197.66320150006,44.76414453224,
    18.096904292633));
#4768 = DIRECTION('',(0.378092644713,0.925767763542,-1.049417899005E-17)
  );
#4769 = DIRECTION('',(8.314168710596E-02,-3.395588137953E-02,
    0.995959064412));
#4770 = ADVANCED_FACE('',(#4771),#4776,.F.);
#4771 = FACE_BOUND('',#4772,.T.);
#4772 = EDGE_LOOP('',(#4773,#4774,#4775));
#4773 = ORIENTED_EDGE('',*,*,#4607,.F.);
#4774 = ORIENTED_EDGE('',*,*,#4729,.T.);
#4775 = ORIENTED_EDGE('',*,*,#4421,.F.);
#4776 = PLANE('',#4777);
#4777 = AXIS2_PLACEMENT_3D('',#4778,#4779,#4780);
#4778 = CARTESIAN_POINT('',(197.66320150006,44.76414453224,
    18.096904292633));
#4779 = DIRECTION('',(0.378092644713,0.925767763542,-1.049417899005E-17)
  );
#4780 = DIRECTION('',(-8.314168710596E-02,3.395588137953E-02,
    -0.995959064412));
#4781 = ADVANCED_FACE('',(#4782),#4802,.F.);
#4782 = FACE_BOUND('',#4783,.T.);
#4783 = EDGE_LOOP('',(#4784,#4793,#4800,#4801));
#4784 = ORIENTED_EDGE('',*,*,#4785,.T.);
#4785 = EDGE_CURVE('',#4470,#4786,#4788,.T.);
#4786 = VERTEX_POINT('',#4787);
#4787 = CARTESIAN_POINT('',(198.55454626473,44.400110578266,
    28.774374630155));
#4788 = CIRCLE('',#4789,0.45);
#4789 = AXIS2_PLACEMENT_3D('',#4790,#4791,#4792);
#4790 = CARTESIAN_POINT('',(198.51713250553,44.415390724886,
    28.326193051169));
#4791 = DIRECTION('',(-0.378092644713,-0.925767763542,6.938893903907E-18
    ));
#4792 = DIRECTION('',(8.314168710596E-02,-3.395588137953E-02,
    0.995959064412));
#4793 = ORIENTED_EDGE('',*,*,#4794,.T.);
#4794 = EDGE_CURVE('',#4786,#4559,#4795,.T.);
#4795 = CIRCLE('',#4796,0.45);
#4796 = AXIS2_PLACEMENT_3D('',#4797,#4798,#4799);
#4797 = CARTESIAN_POINT('',(198.51713250553,44.415390724886,
    28.326193051169));
#4798 = DIRECTION('',(-0.378092644713,-0.925767763542,6.938893903907E-18
    ));
#4799 = DIRECTION('',(8.314168710596E-02,-3.395588137953E-02,
    0.995959064412));
#4800 = ORIENTED_EDGE('',*,*,#4569,.T.);
#4801 = ORIENTED_EDGE('',*,*,#4469,.T.);
#4802 = PLANE('',#4803);
#4803 = AXIS2_PLACEMENT_3D('',#4804,#4805,#4806);
#4804 = CARTESIAN_POINT('',(198.51713250553,44.415390724886,
    28.326193051169));
#4805 = DIRECTION('',(0.378092644713,0.925767763542,-1.049417899005E-17)
  );
#4806 = DIRECTION('',(-8.314168710596E-02,3.395588137953E-02,
    -0.995959064412));
#4807 = ADVANCED_FACE('',(#4808),#4913,.T.);
#4808 = FACE_BOUND('',#4809,.F.);
#4809 = EDGE_LOOP('',(#4810,#4820,#4829,#4839,#4849,#4858,#4868,#4878,
    #4885,#4886,#4894,#4900,#4901,#4902,#4909,#4910,#4911,#4912));
#4810 = ORIENTED_EDGE('',*,*,#4811,.T.);
#4811 = EDGE_CURVE('',#4812,#4814,#4816,.T.);
#4812 = VERTEX_POINT('',#4813);
#4813 = CARTESIAN_POINT('',(205.18265818147,60.629181499019,
    28.774374630155));
#4814 = VERTEX_POINT('',#4815);
#4815 = CARTESIAN_POINT('',(205.29608597489,60.906911828082,
    28.774374630155));
#4816 = LINE('',#4817,#4818);
#4817 = CARTESIAN_POINT('',(198.55454626473,44.400110578266,
    28.774374630155));
#4818 = VECTOR('',#4819,1.);
#4819 = DIRECTION('',(0.378092644713,0.925767763542,-1.049417899005E-17)
  );
#4820 = ORIENTED_EDGE('',*,*,#4821,.F.);
#4821 = EDGE_CURVE('',#4822,#4814,#4824,.T.);
#4822 = VERTEX_POINT('',#4823);
#4823 = CARTESIAN_POINT('',(205.67320033382,60.752894621022,
    28.281417552091));
#4824 = CIRCLE('',#4825,0.45);
#4825 = AXIS2_PLACEMENT_3D('',#4826,#4827,#4828);
#4826 = CARTESIAN_POINT('',(205.25867221569,60.922191974703,
    28.326193051169));
#4827 = DIRECTION('',(-0.378092644713,-0.925767763542,6.938893903907E-18
    ));
#4828 = DIRECTION('',(8.314168710596E-02,-3.395588137953E-02,
    0.995959064412));
#4829 = ORIENTED_EDGE('',*,*,#4830,.T.);
#4830 = EDGE_CURVE('',#4822,#4831,#4833,.T.);
#4831 = VERTEX_POINT('',#4832);
#4832 = CARTESIAN_POINT('',(205.56009907839,60.474866938988,
    28.285779280997));
#4833 = B_SPLINE_CURVE_WITH_KNOTS('',4,(#4834,#4835,#4836,#4837,#4838),
  .UNSPECIFIED.,.F.,.F.,(5,5),(0.,1.),.PIECEWISE_BEZIER_KNOTS.);
#4834 = CARTESIAN_POINT('',(205.67320055906,60.752895177142,
    28.281417534651));
#4835 = CARTESIAN_POINT('',(205.64507343698,60.68344936257,
    28.283595279478));
#4836 = CARTESIAN_POINT('',(205.61682387894,60.613932115614,
    28.285052374968));
#4837 = CARTESIAN_POINT('',(205.58849187426,60.544387043062,
    28.285780403342));
#4838 = CARTESIAN_POINT('',(205.56009907839,60.474866938988,
    28.285779280997));
#4839 = ORIENTED_EDGE('',*,*,#4840,.F.);
#4840 = EDGE_CURVE('',#4841,#4831,#4843,.T.);
#4841 = VERTEX_POINT('',#4842);
#4842 = CARTESIAN_POINT('',(205.40820965111,60.104990259287,
    28.278027589186));
#4843 = B_SPLINE_CURVE_WITH_KNOTS('',4,(#4844,#4845,#4846,#4847,#4848),
  .UNSPECIFIED.,.F.,.F.,(5,5),(0.,1.),.PIECEWISE_BEZIER_KNOTS.);
#4844 = CARTESIAN_POINT('',(205.39320634077,60.068715911624,
    28.276433184869));
#4845 = CARTESIAN_POINT('',(205.43505768831,60.169820870203,
    28.281085245355));
#4846 = CARTESIAN_POINT('',(205.47682371906,60.271338591918,
    28.284212868706));
#4847 = CARTESIAN_POINT('',(205.51852657082,60.373076312921,
    28.285777698484));
#4848 = CARTESIAN_POINT('',(205.56009907839,60.474866938988,
    28.285779280997));
#4849 = ORIENTED_EDGE('',*,*,#4850,.F.);
#4850 = EDGE_CURVE('',#4851,#4841,#4853,.T.);
#4851 = VERTEX_POINT('',#4852);
#4852 = CARTESIAN_POINT('',(204.57850985834,60.443847801451,
    28.35884300615));
#4853 = CIRCLE('',#4854,0.45);
#4854 = AXIS2_PLACEMENT_3D('',#4855,#4856,#4857);
#4855 = CARTESIAN_POINT('',(204.99400736439,60.274154540224,
    28.326193051169));
#4856 = DIRECTION('',(-0.378092644713,-0.925767763542,6.938893903907E-18
    ));
#4857 = DIRECTION('',(8.314168710596E-02,-3.395588137953E-02,
    0.995959064412));
#4858 = ORIENTED_EDGE('',*,*,#4859,.T.);
#4859 = EDGE_CURVE('',#4851,#4860,#4862,.T.);
#4860 = VERTEX_POINT('',#4861);
#4861 = CARTESIAN_POINT('',(204.7302749548,60.813775236874,
    28.366606810484));
#4862 = B_SPLINE_CURVE_WITH_KNOTS('',4,(#4863,#4864,#4865,#4866,#4867),
  .UNSPECIFIED.,.F.,.F.,(5,5),(0.,1.),.PIECEWISE_BEZIER_KNOTS.);
#4863 = CARTESIAN_POINT('',(204.56356301469,60.407550392237,
    28.357243101796));
#4864 = CARTESIAN_POINT('',(204.60523419298,60.508728928111,
    28.361912710931));
#4865 = CARTESIAN_POINT('',(204.64699927692,60.610247031123,
    28.365040428812));
#4866 = CARTESIAN_POINT('',(204.68870255437,60.71198457255,
    28.366605209838));
#4867 = CARTESIAN_POINT('',(204.7302749548,60.813775236874,
    28.366606810484));
#4868 = ORIENTED_EDGE('',*,*,#4869,.F.);
#4869 = EDGE_CURVE('',#4870,#4860,#4872,.T.);
#4870 = VERTEX_POINT('',#4871);
#4871 = CARTESIAN_POINT('',(204.84341555086,61.091786874008,
    28.36224124737));
#4872 = B_SPLINE_CURVE_WITH_KNOTS('',4,(#4873,#4874,#4875,#4876,#4877),
  .UNSPECIFIED.,.F.,.F.,(5,5),(0.,1.),.PIECEWISE_BEZIER_KNOTS.);
#4873 = CARTESIAN_POINT('',(204.84341577642,61.09178743,28.3622412299));
#4874 = CARTESIAN_POINT('',(204.81524935729,61.022357659239,
    28.364422802348));
#4875 = CARTESIAN_POINT('',(204.78699972533,60.952840436803,
    28.365879907422));
#4876 = CARTESIAN_POINT('',(204.75866776317,60.883295341424,
    28.366607924332));
#4877 = CARTESIAN_POINT('',(204.7302749548,60.813775236874,
    28.366606810484));
#4878 = ORIENTED_EDGE('',*,*,#4879,.F.);
#4879 = EDGE_CURVE('',#4814,#4870,#4880,.T.);
#4880 = CIRCLE('',#4881,0.45);
#4881 = AXIS2_PLACEMENT_3D('',#4882,#4883,#4884);
#4882 = CARTESIAN_POINT('',(205.25867221569,60.922191974703,
    28.326193051169));
#4883 = DIRECTION('',(-0.378092644713,-0.925767763542,6.938893903907E-18
    ));
#4884 = DIRECTION('',(8.314168710596E-02,-3.395588137953E-02,
    0.995959064412));
#4885 = ORIENTED_EDGE('',*,*,#4811,.F.);
#4886 = ORIENTED_EDGE('',*,*,#4887,.F.);
#4887 = EDGE_CURVE('',#4888,#4812,#4890,.T.);
#4888 = VERTEX_POINT('',#4889);
#4889 = CARTESIAN_POINT('',(198.66797405814,44.677840907328,
    28.774374630155));
#4890 = LINE('',#4891,#4892);
#4891 = CARTESIAN_POINT('',(198.55454626473,44.400110578266,
    28.774374630155));
#4892 = VECTOR('',#4893,1.);
#4893 = DIRECTION('',(0.378092644713,0.925767763542,-1.049417899005E-17)
  );
#4894 = ORIENTED_EDGE('',*,*,#4895,.F.);
#4895 = EDGE_CURVE('',#4786,#4888,#4896,.T.);
#4896 = LINE('',#4897,#4898);
#4897 = CARTESIAN_POINT('',(198.55454626473,44.400110578266,
    28.774374630155));
#4898 = VECTOR('',#4899,1.);
#4899 = DIRECTION('',(0.378092644713,0.925767763542,-1.049417899005E-17)
  );
#4900 = ORIENTED_EDGE('',*,*,#4794,.T.);
#4901 = ORIENTED_EDGE('',*,*,#4558,.F.);
#4902 = ORIENTED_EDGE('',*,*,#4903,.T.);
#4903 = EDGE_CURVE('',#4520,#4509,#4904,.T.);
#4904 = CIRCLE('',#4905,0.45);
#4905 = AXIS2_PLACEMENT_3D('',#4906,#4907,#4908);
#4906 = CARTESIAN_POINT('',(198.78179735683,45.063428159366,
    28.326193051169));
#4907 = DIRECTION('',(-0.378092644713,-0.925767763542,6.938893903907E-18
    ));
#4908 = DIRECTION('',(8.314168710596E-02,-3.395588137953E-02,
    0.995959064412));
#4909 = ORIENTED_EDGE('',*,*,#4508,.F.);
#4910 = ORIENTED_EDGE('',*,*,#4785,.T.);
#4911 = ORIENTED_EDGE('',*,*,#4895,.T.);
#4912 = ORIENTED_EDGE('',*,*,#4887,.T.);
#4913 = CYLINDRICAL_SURFACE('',#4914,0.45);
#4914 = AXIS2_PLACEMENT_3D('',#4915,#4916,#4917);
#4915 = CARTESIAN_POINT('',(198.51713250553,44.415390724886,
    28.326193051169));
#4916 = DIRECTION('',(0.378092644713,0.925767763542,-1.049417899005E-17)
  );
#4917 = DIRECTION('',(8.314168710596E-02,-3.395588137953E-02,
    0.995959064412));
#4918 = ADVANCED_FACE('',(#4919),#4923,.T.);
#4919 = FACE_BOUND('',#4920,.F.);
#4920 = EDGE_LOOP('',(#4921,#4922));
#4921 = ORIENTED_EDGE('',*,*,#4519,.F.);
#4922 = ORIENTED_EDGE('',*,*,#4903,.F.);
#4923 = PLANE('',#4924);
#4924 = AXIS2_PLACEMENT_3D('',#4925,#4926,#4927);
#4925 = CARTESIAN_POINT('',(196.38723036427,46.041392831299,
    15.787026710772));
#4926 = DIRECTION('',(0.378092644713,0.925767763542,-1.049417899005E-17)
  );
#4927 = DIRECTION('',(-8.314168710596E-02,3.395588137953E-02,
    -0.995959064412));
#4928 = ADVANCED_FACE('',(#4929),#5008,.T.);
#4929 = FACE_BOUND('',#4930,.F.);
#4930 = EDGE_LOOP('',(#4931,#4970,#4971));
#4931 = ORIENTED_EDGE('',*,*,#4932,.F.);
#4932 = EDGE_CURVE('',#4689,#4933,#4935,.T.);
#4933 = VERTEX_POINT('',#4934);
#4934 = CARTESIAN_POINT('',(204.36799778453,61.285952157891,
    17.656752677393));
#4935 = B_SPLINE_CURVE_WITH_KNOTS('',5,(#4936,#4937,#4938,#4939,#4940,
    #4941,#4942,#4943,#4944,#4945,#4946,#4947,#4948,#4949,#4950,#4951,
    #4952,#4953,#4954,#4955,#4956,#4957,#4958,#4959,#4960,#4961,#4962,
    #4963,#4964,#4965,#4966,#4967,#4968,#4969),.UNSPECIFIED.,.T.,.F.,(6,
    4,4,4,4,4,4,4,6),(0.,0.139617865771,0.264630597059,0.387643047743,
    0.500950618145,0.612356903179,0.735369342864,0.860382076477,1.),
  .UNSPECIFIED.);
#4936 = CARTESIAN_POINT('',(204.36799778453,61.285952157891,
    17.656752677393));
#4937 = CARTESIAN_POINT('',(204.44080135898,61.256218463228,
    17.649661376085));
#4938 = CARTESIAN_POINT('',(204.51507064643,61.225886156987,
    17.659841732865));
#4939 = CARTESIAN_POINT('',(204.5860603336,61.196893271703,
    17.687775650655));
#4940 = CARTESIAN_POINT('',(204.64901914766,61.171180273849,
    17.731589971624));
#4941 = CARTESIAN_POINT('',(204.74679086716,61.131249343585,
    17.837788477092));
#4942 = CARTESIAN_POINT('',(204.78388202067,61.116100952298,
    17.897775466834));
#4943 = CARTESIAN_POINT('',(204.80946841734,61.105651216664,
    17.964976176744));
#4944 = CARTESIAN_POINT('',(204.82219282777,61.100454442505,
    18.035817390334));
#4945 = CARTESIAN_POINT('',(204.82195102099,61.10055319877,
    18.176286135712));
#4946 = CARTESIAN_POINT('',(204.80939256422,61.105682195825,
    18.245942135788));
#4947 = CARTESIAN_POINT('',(204.78439319473,61.115892183793,
    18.312080890971));
#4948 = CARTESIAN_POINT('',(204.74823521539,61.130659457588,
    18.371298204389));
#4949 = CARTESIAN_POINT('',(204.66170026666,61.166001180334,
    18.466950242137));
#4950 = CARTESIAN_POINT('',(204.61265709065,61.186030894968,
    18.50482833427));
#4951 = CARTESIAN_POINT('',(204.55782562309,61.208424604709,
    18.532758542618));
#4952 = CARTESIAN_POINT('',(204.49958976456,61.23220870115,
    18.549521822279));
#4953 = CARTESIAN_POINT('',(204.38235182909,61.280089825152,
    18.560177273252));
#4954 = CARTESIAN_POINT('',(204.32336330052,61.304181319426,
    18.554449930528));
#4955 = CARTESIAN_POINT('',(204.26590782385,61.327646700249,
    18.537489296564));
#4956 = CARTESIAN_POINT('',(204.21239874823,61.349500332138,
    18.510012003171));
#4957 = CARTESIAN_POINT('',(204.11223102743,61.390409812855,
    18.433247188808));
#4958 = CARTESIAN_POINT('',(204.06684923447,61.408944182701,
    18.381972131263));
#4959 = CARTESIAN_POINT('',(204.03129977659,61.423462930358,
    18.321731042843));
#4960 = CARTESIAN_POINT('',(204.00740804656,61.433220547497,
    18.255625419703));
#4961 = CARTESIAN_POINT('',(203.98390685444,61.442818665116,
    18.117469323476));
#4962 = CARTESIAN_POINT('',(203.98469386316,61.442497243028,
    18.045312046939));
#4963 = CARTESIAN_POINT('',(203.99873829138,61.43676136064,
    17.974251154615));
#4964 = CARTESIAN_POINT('',(204.02529657008,61.425914698844,
    17.908064488628));
#4965 = CARTESIAN_POINT('',(204.1039034155,61.393810891337,
    17.784686077816));
#4966 = CARTESIAN_POINT('',(204.15859049275,61.371476152018,
    17.729412629588));
#4967 = CARTESIAN_POINT('',(204.22380888562,61.344840319992,
    17.688211576142));
#4968 = CARTESIAN_POINT('',(204.29519417914,61.315685865189,
    17.663843981715));
#4969 = CARTESIAN_POINT('',(204.36799778453,61.285952157891,
    17.656752677393));
#4970 = ORIENTED_EDGE('',*,*,#4688,.T.);
#4971 = ORIENTED_EDGE('',*,*,#4972,.F.);
#4972 = EDGE_CURVE('',#4933,#4691,#4973,.T.);
#4973 = B_SPLINE_CURVE_WITH_KNOTS('',5,(#4974,#4975,#4976,#4977,#4978,
    #4979,#4980,#4981,#4982,#4983,#4984,#4985,#4986,#4987,#4988,#4989,
    #4990,#4991,#4992,#4993,#4994,#4995,#4996,#4997,#4998,#4999,#5000,
    #5001,#5002,#5003,#5004,#5005,#5006,#5007),.UNSPECIFIED.,.T.,.F.,(6,
    4,4,4,4,4,4,4,6),(0.,0.139617865771,0.264630597059,0.387643047743,
    0.500950618145,0.612356903179,0.735369342864,0.860382076477,1.),
  .UNSPECIFIED.);
#4974 = CARTESIAN_POINT('',(204.36799778453,61.285952157891,
    17.656752677393));
#4975 = CARTESIAN_POINT('',(204.44080135898,61.256218463228,
    17.649661376085));
#4976 = CARTESIAN_POINT('',(204.51507064643,61.225886156987,
    17.659841732865));
#4977 = CARTESIAN_POINT('',(204.5860603336,61.196893271703,
    17.687775650655));
#4978 = CARTESIAN_POINT('',(204.64901914766,61.171180273849,
    17.731589971624));
#4979 = CARTESIAN_POINT('',(204.74679086716,61.131249343585,
    17.837788477092));
#4980 = CARTESIAN_POINT('',(204.78388202067,61.116100952298,
    17.897775466834));
#4981 = CARTESIAN_POINT('',(204.80946841734,61.105651216664,
    17.964976176744));
#4982 = CARTESIAN_POINT('',(204.82219282777,61.100454442505,
    18.035817390334));
#4983 = CARTESIAN_POINT('',(204.82195102099,61.10055319877,
    18.176286135712));
#4984 = CARTESIAN_POINT('',(204.80939256422,61.105682195825,
    18.245942135788));
#4985 = CARTESIAN_POINT('',(204.78439319473,61.115892183793,
    18.312080890971));
#4986 = CARTESIAN_POINT('',(204.74823521539,61.130659457588,
    18.371298204389));
#4987 = CARTESIAN_POINT('',(204.66170026666,61.166001180334,
    18.466950242137));
#4988 = CARTESIAN_POINT('',(204.61265709065,61.186030894968,
    18.50482833427));
#4989 = CARTESIAN_POINT('',(204.55782562309,61.208424604709,
    18.532758542618));
#4990 = CARTESIAN_POINT('',(204.49958976456,61.23220870115,
    18.549521822279));
#4991 = CARTESIAN_POINT('',(204.38235182909,61.280089825152,
    18.560177273252));
#4992 = CARTESIAN_POINT('',(204.32336330052,61.304181319426,
    18.554449930528));
#4993 = CARTESIAN_POINT('',(204.26590782385,61.327646700249,
    18.537489296564));
#4994 = CARTESIAN_POINT('',(204.21239874823,61.349500332138,
    18.510012003171));
#4995 = CARTESIAN_POINT('',(204.11223102743,61.390409812855,
    18.433247188808));
#4996 = CARTESIAN_POINT('',(204.06684923447,61.408944182701,
    18.381972131263));
#4997 = CARTESIAN_POINT('',(204.03129977659,61.423462930358,
    18.321731042843));
#4998 = CARTESIAN_POINT('',(204.00740804656,61.433220547497,
    18.255625419703));
#4999 = CARTESIAN_POINT('',(203.98390685444,61.442818665116,
    18.117469323476));
#5000 = CARTESIAN_POINT('',(203.98469386316,61.442497243028,
    18.045312046939));
#5001 = CARTESIAN_POINT('',(203.99873829138,61.43676136064,
    17.974251154615));
#5002 = CARTESIAN_POINT('',(204.02529657008,61.425914698844,
    17.908064488628));
#5003 = CARTESIAN_POINT('',(204.1039034155,61.393810891337,
    17.784686077816));
#5004 = CARTESIAN_POINT('',(204.15859049275,61.371476152018,
    17.729412629588));
#5005 = CARTESIAN_POINT('',(204.22380888562,61.344840319992,
    17.688211576142));
#5006 = CARTESIAN_POINT('',(204.29519417914,61.315685865189,
    17.663843981715));
#5007 = CARTESIAN_POINT('',(204.36799778453,61.285952157891,
    17.656752677393));
#5008 = PLANE('',#5009);
#5009 = AXIS2_PLACEMENT_3D('',#5010,#5011,#5012);
#5010 = CARTESIAN_POINT('',(204.40474121022,61.270945782056,
    18.096904292633));
#5011 = DIRECTION('',(0.378092644713,0.925767763542,-1.049417899005E-17)
  );
#5012 = DIRECTION('',(-8.314168710596E-02,3.395588137953E-02,
    -0.995959064412));
#5013 = ADVANCED_FACE('',(#5014),#5075,.T.);
#5014 = FACE_BOUND('',#5015,.F.);
#5015 = EDGE_LOOP('',(#5016,#5017,#5026,#5033,#5034,#5035,#5036,#5073,
    #5074));
#5016 = ORIENTED_EDGE('',*,*,#4972,.F.);
#5017 = ORIENTED_EDGE('',*,*,#5018,.F.);
#5018 = EDGE_CURVE('',#5019,#4933,#5021,.T.);
#5019 = VERTEX_POINT('',#5020);
#5020 = CARTESIAN_POINT('',(206.8300761347,65.989618283507,
    23.211548671901));
#5021 = CIRCLE('',#5022,5.585396184467);
#5022 = AXIS2_PLACEMENT_3D('',#5023,#5024,#5025);
#5023 = CARTESIAN_POINT('',(204.71827891954,60.818838549317,
    23.211548671901));
#5024 = DIRECTION('',(-0.92202679564,0.37656479669,8.980836272356E-02));
#5025 = DIRECTION('',(0.378092644713,0.925767763542,-1.049417899005E-17)
  );
#5026 = ORIENTED_EDGE('',*,*,#5027,.T.);
#5027 = EDGE_CURVE('',#5019,#5019,#5028,.T.);
#5028 = CIRCLE('',#5029,0.45);
#5029 = AXIS2_PLACEMENT_3D('',#5030,#5031,#5032);
#5030 = CARTESIAN_POINT('',(206.65993444458,65.573022789914,
    23.211548671901));
#5031 = DIRECTION('',(-8.314168710596E-02,3.395588137953E-02,
    -0.995959064412));
#5032 = DIRECTION('',(0.378092644713,0.925767763542,-1.049417899005E-17)
  );
#5033 = ORIENTED_EDGE('',*,*,#5018,.T.);
#5034 = ORIENTED_EDGE('',*,*,#4932,.F.);
#5035 = ORIENTED_EDGE('',*,*,#4699,.F.);
#5036 = ORIENTED_EDGE('',*,*,#5037,.F.);
#5037 = EDGE_CURVE('',#4740,#4700,#5038,.T.);
#5038 = B_SPLINE_CURVE_WITH_KNOTS('',5,(#5039,#5040,#5041,#5042,#5043,
    #5044,#5045,#5046,#5047,#5048,#5049,#5050,#5051,#5052,#5053,#5054,
    #5055,#5056,#5057,#5058,#5059,#5060,#5061,#5062,#5063,#5064,#5065,
    #5066,#5067,#5068,#5069,#5070,#5071,#5072),.UNSPECIFIED.,.T.,.F.,(6,
    4,4,4,4,4,4,4,6),(0.,0.139607573528,0.264630001869,0.387651696863,
    0.500950509723,0.612348258455,0.73536993402,0.860392366689,1.),
  .UNSPECIFIED.);
#5039 = CARTESIAN_POINT('',(204.10385497444,60.637701516657,
    17.663006239105));
#5040 = CARTESIAN_POINT('',(204.17666178872,60.607966498817,
    17.655914622227));
#5041 = CARTESIAN_POINT('',(204.250936262,60.57763207463,17.666115666164
    ));
#5042 = CARTESIAN_POINT('',(204.32192978745,60.548637621752,
    17.694091677254));
#5043 = CARTESIAN_POINT('',(204.38489008909,60.522924016357,
    17.737963586087));
#5044 = CARTESIAN_POINT('',(204.4826724726,60.482988730809,17.844298498)
  );
#5045 = CARTESIAN_POINT('',(204.51976997315,60.467837747328,
    17.90436532246));
#5046 = CARTESIAN_POINT('',(204.54536146495,60.457385930793,
    17.971652717953));
#5047 = CARTESIAN_POINT('',(204.55809264435,60.45218639212,
    18.042584564721));
#5048 = CARTESIAN_POINT('',(204.55786662379,60.452278701134,
    18.183236288959));
#5049 = CARTESIAN_POINT('',(204.54531720232,60.457404008084,
    18.252984351714));
#5050 = CARTESIAN_POINT('',(204.52032781978,60.467609917286,
    18.31921466625));
#5051 = CARTESIAN_POINT('',(204.48417695279,60.482374286327,
    18.378517941381));
#5052 = CARTESIAN_POINT('',(204.39765256665,60.517711695208,
    18.474303188096));
#5053 = CARTESIAN_POINT('',(204.34861591389,60.537738745685,
    18.512232989074));
#5054 = CARTESIAN_POINT('',(204.29378711721,60.560131364609,
    18.540201214118));
#5055 = CARTESIAN_POINT('',(204.23555022747,60.583915882204,
    18.556983310635));
#5056 = CARTESIAN_POINT('',(204.11830735723,60.631799021615,
    18.567637985056));
#5057 = CARTESIAN_POINT('',(204.05931473954,60.655892185927,
    18.561891693948));
#5058 = CARTESIAN_POINT('',(204.00185566781,60.67935903501,
    18.544893308501));
#5059 = CARTESIAN_POINT('',(203.94834445293,60.701213540592,
    18.517364606857));
#5060 = CARTESIAN_POINT('',(203.84816505864,60.742127788877,
    18.440467693554));
#5061 = CARTESIAN_POINT('',(203.8027760265,60.760665115279,
    18.389106691207));
#5062 = CARTESIAN_POINT('',(203.76722122938,60.775186043533,
    18.328773595319));
#5063 = CARTESIAN_POINT('',(203.74332313917,60.78494625823,
    18.262575653053));
#5064 = CARTESIAN_POINT('',(203.71980716573,60.794550412686,
    18.124236480561));
#5065 = CARTESIAN_POINT('',(203.72058582001,60.794232402631,
    18.051988721387));
#5066 = CARTESIAN_POINT('',(203.73462090203,60.788500337325,
    17.98084155299));
#5067 = CARTESIAN_POINT('',(203.76117220221,60.777656525624,
    17.91457510915));
#5068 = CARTESIAN_POINT('',(203.83976694824,60.745557659625,
    17.791060422774));
#5069 = CARTESIAN_POINT('',(203.89444595287,60.723226217244,
    17.735730023868));
#5070 = CARTESIAN_POINT('',(203.95966115327,60.696591689054,
    17.694486811116));
#5071 = CARTESIAN_POINT('',(204.03104812604,60.667436548431,
    17.670097859306));
#5072 = CARTESIAN_POINT('',(204.10385497444,60.637701516657,
    17.663006239105));
#5073 = ORIENTED_EDGE('',*,*,#4748,.T.);
#5074 = ORIENTED_EDGE('',*,*,#4758,.F.);
#5075 = TOROIDAL_SURFACE('',#5076,5.135396184467,0.45);
#5076 = AXIS2_PLACEMENT_3D('',#5077,#5078,#5079);
#5077 = CARTESIAN_POINT('',(204.71827891954,60.818838549317,
    23.211548671901));
#5078 = DIRECTION('',(0.92202679564,-0.37656479669,-8.980836272356E-02)
  );
#5079 = DIRECTION('',(0.378092644713,0.925767763542,-1.049417899005E-17)
  );
#5080 = ADVANCED_FACE('',(#5081),#5086,.F.);
#5081 = FACE_BOUND('',#5082,.T.);
#5082 = EDGE_LOOP('',(#5083,#5084,#5085));
#5083 = ORIENTED_EDGE('',*,*,#4739,.F.);
#5084 = ORIENTED_EDGE('',*,*,#5037,.T.);
#5085 = ORIENTED_EDGE('',*,*,#4712,.F.);
#5086 = PLANE('',#5087);
#5087 = AXIS2_PLACEMENT_3D('',#5088,#5089,#5090);
#5088 = CARTESIAN_POINT('',(202.59944037183,61.252119212157,
    15.787026710772));
#5089 = DIRECTION('',(0.378092644713,0.925767763542,-1.049417899005E-17)
  );
#5090 = DIRECTION('',(-8.314168710596E-02,3.395588137953E-02,
    -0.995959064412));
#5091 = ADVANCED_FACE('',(#5092),#5172,.T.);
#5092 = FACE_BOUND('',#5093,.F.);
#5093 = EDGE_LOOP('',(#5094,#5095,#5096,#5135));
#5094 = ORIENTED_EDGE('',*,*,#4821,.T.);
#5095 = ORIENTED_EDGE('',*,*,#4879,.T.);
#5096 = ORIENTED_EDGE('',*,*,#5097,.T.);
#5097 = EDGE_CURVE('',#4870,#5098,#5100,.T.);
#5098 = VERTEX_POINT('',#5099);
#5099 = CARTESIAN_POINT('',(205.29541564138,60.907185598869,
    28.766344666409));
#5100 = B_SPLINE_CURVE_WITH_KNOTS('',5,(#5101,#5102,#5103,#5104,#5105,
    #5106,#5107,#5108,#5109,#5110,#5111,#5112,#5113,#5114,#5115,#5116,
    #5117,#5118,#5119,#5120,#5121,#5122,#5123,#5124,#5125,#5126,#5127,
    #5128,#5129,#5130,#5131,#5132,#5133,#5134),.UNSPECIFIED.,.T.,.F.,(6,
    4,4,4,4,4,4,4,6),(0.,0.139617865773,0.264630597061,0.387643047745,
    0.500950618155,0.612356903242,0.735369342928,0.86038207654,1.),
  .UNSPECIFIED.);
#5101 = CARTESIAN_POINT('',(205.29541564138,60.907185598869,
    28.766344666409));
#5102 = CARTESIAN_POINT('',(205.36821921583,60.877451904205,
    28.759253365101));
#5103 = CARTESIAN_POINT('',(205.43960447568,60.848297463154,
    28.734885788949));
#5104 = CARTESIAN_POINT('',(205.50482284606,60.821661640314,
    28.693684770141));
#5105 = CARTESIAN_POINT('',(205.55950991369,60.799326904925,
    28.638411363528));
#5106 = CARTESIAN_POINT('',(205.63811678261,60.767223087818,
    28.515033018685));
#5107 = CARTESIAN_POINT('',(205.66467508422,60.756376416667,
    28.448846368175));
#5108 = CARTESIAN_POINT('',(205.67871953866,60.750640523572,
    28.377785486447));
#5109 = CARTESIAN_POINT('',(205.67950657559,60.750319089959,
    28.305628214612));
#5110 = CARTESIAN_POINT('',(205.65600543909,60.759917184866,
    28.167472107949));
#5111 = CARTESIAN_POINT('',(205.63211373379,60.769674791899,
    28.101366470391));
#5112 = CARTESIAN_POINT('',(205.59656429716,60.78419353088,
    28.041125362835));
#5113 = CARTESIAN_POINT('',(205.55118252104,60.802727893848,
    27.989850282733));
#5114 = CARTESIAN_POINT('',(205.45020240371,60.843969165284,
    27.912462812943));
#5115 = CARTESIAN_POINT('',(205.39567730215,60.866237752143,
    27.884672602725));
#5116 = CARTESIAN_POINT('',(205.33710476374,60.890159351951,
    27.867788307741));
#5117 = CARTESIAN_POINT('',(205.27703212195,60.914693608709,
    27.862548654902));
#5118 = CARTESIAN_POINT('',(205.15992069692,60.962523064604,
    27.874719582163));
#5119 = CARTESIAN_POINT('',(205.10283223068,60.985838554767,
    27.891753195938));
#5120 = CARTESIAN_POINT('',(205.04911244803,61.007778241477,
    27.919542656228));
#5121 = CARTESIAN_POINT('',(205.00101708574,61.027420859681,
    27.956916547299));
#5122 = CARTESIAN_POINT('',(204.91517830985,61.062478258601,
    28.051798990193));
#5123 = CARTESIAN_POINT('',(204.87902031023,61.07724554068,
    28.111016284688));
#5124 = CARTESIAN_POINT('',(204.8540209167,61.087455538469,
    28.177155025159));
#5125 = CARTESIAN_POINT('',(204.84146243322,61.092584546432,
    28.246811015836));
#5126 = CARTESIAN_POINT('',(204.84122057004,61.092683325728,
    28.387279761692));
#5127 = CARTESIAN_POINT('',(204.85394495351,61.087486562579,
    28.458120985357));
#5128 = CARTESIAN_POINT('',(204.87953132617,61.077036836753,
    28.525321710746));
#5129 = CARTESIAN_POINT('',(204.91662245972,61.061888453614,
    28.585308720127));
#5130 = CARTESIAN_POINT('',(205.01439416704,61.021957528328,
    28.691507294977));
#5131 = CARTESIAN_POINT('',(205.07735299745,60.996244523799,
    28.73532165499));
#5132 = CARTESIAN_POINT('',(205.14834271245,60.967251627146,
    28.763255602485));
#5133 = CARTESIAN_POINT('',(205.22261203602,60.936919306153,
    28.773435970727));
#5134 = CARTESIAN_POINT('',(205.29541564138,60.907185598869,
    28.766344666409));
#5135 = ORIENTED_EDGE('',*,*,#5136,.T.);
#5136 = EDGE_CURVE('',#5098,#4822,#5137,.T.);
#5137 = B_SPLINE_CURVE_WITH_KNOTS('',5,(#5138,#5139,#5140,#5141,#5142,
    #5143,#5144,#5145,#5146,#5147,#5148,#5149,#5150,#5151,#5152,#5153,
    #5154,#5155,#5156,#5157,#5158,#5159,#5160,#5161,#5162,#5163,#5164,
    #5165,#5166,#5167,#5168,#5169,#5170,#5171),.UNSPECIFIED.,.T.,.F.,(6,
    4,4,4,4,4,4,4,6),(0.,0.139617865773,0.264630597061,0.387643047745,
    0.500950618155,0.612356903242,0.735369342928,0.86038207654,1.),
  .UNSPECIFIED.);
#5138 = CARTESIAN_POINT('',(205.29541564138,60.907185598869,
    28.766344666409));
#5139 = CARTESIAN_POINT('',(205.36821921583,60.877451904205,
    28.759253365101));
#5140 = CARTESIAN_POINT('',(205.43960447568,60.848297463154,
    28.734885788949));
#5141 = CARTESIAN_POINT('',(205.50482284606,60.821661640314,
    28.693684770141));
#5142 = CARTESIAN_POINT('',(205.55950991369,60.799326904925,
    28.638411363528));
#5143 = CARTESIAN_POINT('',(205.63811678261,60.767223087818,
    28.515033018685));
#5144 = CARTESIAN_POINT('',(205.66467508422,60.756376416667,
    28.448846368175));
#5145 = CARTESIAN_POINT('',(205.67871953866,60.750640523572,
    28.377785486447));
#5146 = CARTESIAN_POINT('',(205.67950657559,60.750319089959,
    28.305628214612));
#5147 = CARTESIAN_POINT('',(205.65600543909,60.759917184866,
    28.167472107949));
#5148 = CARTESIAN_POINT('',(205.63211373379,60.769674791899,
    28.101366470391));
#5149 = CARTESIAN_POINT('',(205.59656429716,60.78419353088,
    28.041125362835));
#5150 = CARTESIAN_POINT('',(205.55118252104,60.802727893848,
    27.989850282733));
#5151 = CARTESIAN_POINT('',(205.45020240371,60.843969165284,
    27.912462812943));
#5152 = CARTESIAN_POINT('',(205.39567730215,60.866237752143,
    27.884672602725));
#5153 = CARTESIAN_POINT('',(205.33710476374,60.890159351951,
    27.867788307741));
#5154 = CARTESIAN_POINT('',(205.27703212195,60.914693608709,
    27.862548654902));
#5155 = CARTESIAN_POINT('',(205.15992069692,60.962523064604,
    27.874719582163));
#5156 = CARTESIAN_POINT('',(205.10283223068,60.985838554767,
    27.891753195938));
#5157 = CARTESIAN_POINT('',(205.04911244803,61.007778241477,
    27.919542656228));
#5158 = CARTESIAN_POINT('',(205.00101708574,61.027420859681,
    27.956916547299));
#5159 = CARTESIAN_POINT('',(204.91517830985,61.062478258601,
    28.051798990193));
#5160 = CARTESIAN_POINT('',(204.87902031023,61.07724554068,
    28.111016284688));
#5161 = CARTESIAN_POINT('',(204.8540209167,61.087455538469,
    28.177155025159));
#5162 = CARTESIAN_POINT('',(204.84146243322,61.092584546432,
    28.246811015836));
#5163 = CARTESIAN_POINT('',(204.84122057004,61.092683325728,
    28.387279761692));
#5164 = CARTESIAN_POINT('',(204.85394495351,61.087486562579,
    28.458120985357));
#5165 = CARTESIAN_POINT('',(204.87953132617,61.077036836753,
    28.525321710746));
#5166 = CARTESIAN_POINT('',(204.91662245972,61.061888453614,
    28.585308720127));
#5167 = CARTESIAN_POINT('',(205.01439416704,61.021957528328,
    28.691507294977));
#5168 = CARTESIAN_POINT('',(205.07735299745,60.996244523799,
    28.73532165499));
#5169 = CARTESIAN_POINT('',(205.14834271245,60.967251627146,
    28.763255602485));
#5170 = CARTESIAN_POINT('',(205.22261203602,60.936919306153,
    28.773435970727));
#5171 = CARTESIAN_POINT('',(205.29541564138,60.907185598869,
    28.766344666409));
#5172 = PLANE('',#5173);
#5173 = AXIS2_PLACEMENT_3D('',#5174,#5175,#5176);
#5174 = CARTESIAN_POINT('',(205.25867221569,60.922191974703,
    28.326193051169));
#5175 = DIRECTION('',(0.378092644713,0.925767763542,-1.049417899005E-17)
  );
#5176 = DIRECTION('',(-8.314168710596E-02,3.395588137953E-02,
    -0.995959064412));
#5177 = ADVANCED_FACE('',(#5178),#5232,.T.);
#5178 = FACE_BOUND('',#5179,.F.);
#5179 = EDGE_LOOP('',(#5180,#5181,#5188,#5189,#5190,#5191,#5192,#5193,
    #5230,#5231));
#5180 = ORIENTED_EDGE('',*,*,#5097,.T.);
#5181 = ORIENTED_EDGE('',*,*,#5182,.T.);
#5182 = EDGE_CURVE('',#5098,#5019,#5183,.T.);
#5183 = CIRCLE('',#5184,5.585396184467);
#5184 = AXIS2_PLACEMENT_3D('',#5185,#5186,#5187);
#5185 = CARTESIAN_POINT('',(204.71827891954,60.818838549317,
    23.211548671901));
#5186 = DIRECTION('',(-0.92202679564,0.37656479669,8.980836272356E-02));
#5187 = DIRECTION('',(0.378092644713,0.925767763542,-1.049417899005E-17)
  );
#5188 = ORIENTED_EDGE('',*,*,#5027,.F.);
#5189 = ORIENTED_EDGE('',*,*,#5182,.F.);
#5190 = ORIENTED_EDGE('',*,*,#5136,.T.);
#5191 = ORIENTED_EDGE('',*,*,#4830,.T.);
#5192 = ORIENTED_EDGE('',*,*,#4840,.F.);
#5193 = ORIENTED_EDGE('',*,*,#5194,.T.);
#5194 = EDGE_CURVE('',#4841,#4851,#5195,.T.);
#5195 = B_SPLINE_CURVE_WITH_KNOTS('',5,(#5196,#5197,#5198,#5199,#5200,
    #5201,#5202,#5203,#5204,#5205,#5206,#5207,#5208,#5209,#5210,#5211,
    #5212,#5213,#5214,#5215,#5216,#5217,#5218,#5219,#5220,#5221,#5222,
    #5223,#5224,#5225,#5226,#5227,#5228,#5229),.UNSPECIFIED.,.T.,.F.,(6,
    4,4,4,4,4,4,4,6),(0.,0.139607573522,0.264630001862,0.387651696857,
    0.5009505097,0.61234825833,0.735369933895,0.860392366564,1.),
  .UNSPECIFIED.);
#5196 = CARTESIAN_POINT('',(205.03022874887,60.259361371144,
    28.760091104697));
#5197 = CARTESIAN_POINT('',(205.10303556315,60.229626353306,
    28.75299948782));
#5198 = CARTESIAN_POINT('',(205.17442249915,60.200471227698,
    28.728610556134));
#5199 = CARTESIAN_POINT('',(205.23963767476,60.173836709631,
    28.687367381349));
#5200 = CARTESIAN_POINT('',(205.29431666876,60.151505271592,
    28.632037028381));
#5201 = CARTESIAN_POINT('',(205.3729114392,60.119406395623,
    28.508522416824));
#5202 = CARTESIAN_POINT('',(205.39946276393,60.108562573899,
    28.442255992947));
#5203 = CARTESIAN_POINT('',(205.41349787518,60.102830496651,
    28.37110883941));
#5204 = CARTESIAN_POINT('',(205.41427656202,60.102512473303,
    28.298861088407));
#5205 = CARTESIAN_POINT('',(205.3907606537,60.11211660116,
    28.160521904074));
#5206 = CARTESIAN_POINT('',(205.36686259133,60.121876804487,
    28.094323942969));
#5207 = CARTESIAN_POINT('',(205.33130781726,60.136397723327,
    28.033990823181));
#5208 = CARTESIAN_POINT('',(205.28591880253,60.154935042618,
    27.982629793662));
#5209 = CARTESIAN_POINT('',(205.18492701649,60.19618107967,
    27.905109222647));
#5210 = CARTESIAN_POINT('',(205.13039976938,60.218450542791,
    27.877266877186));
#5211 = CARTESIAN_POINT('',(205.0718235628,60.242373640719,
    27.860344662642));
#5212 = CARTESIAN_POINT('',(205.01174679016,60.266909584555,
    27.855086695738));
#5213 = CARTESIAN_POINT('',(204.89463063866,60.314740970786,
    27.86725934056));
#5214 = CARTESIAN_POINT('',(204.8375412874,60.338056822399,
    27.884312387172));
#5215 = CARTESIAN_POINT('',(204.78382421981,60.359995400249,
    27.912139684584));
#5216 = CARTESIAN_POINT('',(204.73573526661,60.379635400921,
    27.949564567912));
#5217 = CARTESIAN_POINT('',(204.64990688259,60.414688555702,
    28.044579234402));
#5218 = CARTESIAN_POINT('',(204.61375599393,60.429452933593,
    28.103882486136));
#5219 = CARTESIAN_POINT('',(204.5887665847,60.439658853693,
    28.170112781591));
#5220 = CARTESIAN_POINT('',(204.57621713267,60.444784173124,
    28.239860831181));
#5221 = CARTESIAN_POINT('',(204.57599104598,60.444876509149,
    28.380512556355));
#5222 = CARTESIAN_POINT('',(204.58872219466,60.43967698302,
    28.45144441746));
#5223 = CARTESIAN_POINT('',(204.61431366011,60.429225177249,
    28.518731833244));
#5224 = CARTESIAN_POINT('',(204.65141113978,60.414074202296,
    28.578798682117));
#5225 = CARTESIAN_POINT('',(204.74919351163,60.374138921508,
    28.685133672486));
#5226 = CARTESIAN_POINT('',(204.81215383137,60.34842530872,
    28.72900562454));
#5227 = CARTESIAN_POINT('',(204.88314738755,60.319430843293,
    28.756981668249));
#5228 = CARTESIAN_POINT('',(204.95742190041,60.289096402945,
    28.767182724905));
#5229 = CARTESIAN_POINT('',(205.03022874887,60.259361371144,
    28.760091104697));
#5230 = ORIENTED_EDGE('',*,*,#4859,.T.);
#5231 = ORIENTED_EDGE('',*,*,#4869,.F.);
#5232 = TOROIDAL_SURFACE('',#5233,5.135396184467,0.45);
#5233 = AXIS2_PLACEMENT_3D('',#5234,#5235,#5236);
#5234 = CARTESIAN_POINT('',(204.71827891954,60.818838549317,
    23.211548671901));
#5235 = DIRECTION('',(0.92202679564,-0.37656479669,-8.980836272356E-02)
  );
#5236 = DIRECTION('',(0.378092644713,0.925767763542,-1.049417899005E-17)
  );
#5237 = ADVANCED_FACE('',(#5238),#5242,.F.);
#5238 = FACE_BOUND('',#5239,.T.);
#5239 = EDGE_LOOP('',(#5240,#5241));
#5240 = ORIENTED_EDGE('',*,*,#5194,.F.);
#5241 = ORIENTED_EDGE('',*,*,#4850,.F.);
#5242 = PLANE('',#5243);
#5243 = AXIS2_PLACEMENT_3D('',#5244,#5245,#5246);
#5244 = CARTESIAN_POINT('',(202.59944037183,61.252119212157,
    15.787026710772));
#5245 = DIRECTION('',(0.378092644713,0.925767763542,-1.049417899005E-17)
  );
#5246 = DIRECTION('',(-8.314168710596E-02,3.395588137953E-02,
    -0.995959064412));
#5247 = MANIFOLD_SOLID_BREP('',#5248);
#5248 = CLOSED_SHELL('',(#5249,#5543,#5568,#5647,#5658,#5684,#5781,#5791
    ,#5876,#5942,#5953,#6039,#6097));
#5249 = ADVANCED_FACE('',(#5250),#5538,.T.);
#5250 = FACE_BOUND('',#5251,.F.);
#5251 = EDGE_LOOP('',(#5252,#5293,#5304,#5343,#5352,#5391,#5402,#5441,
    #5452,#5489,#5490,#5529));
#5252 = ORIENTED_EDGE('',*,*,#5253,.F.);
#5253 = EDGE_CURVE('',#5254,#5256,#5258,.T.);
#5254 = VERTEX_POINT('',#5255);
#5255 = CARTESIAN_POINT('',(200.95481779963,62.34656395211,
    18.170224507521));
#5256 = VERTEX_POINT('',#5257);
#5257 = CARTESIAN_POINT('',(200.07452021472,62.514862009376,
    18.251041025897));
#5258 = B_SPLINE_CURVE_WITH_KNOTS('',5,(#5259,#5260,#5261,#5262,#5263,
    #5264,#5265,#5266,#5267,#5268,#5269,#5270,#5271,#5272,#5273,#5274,
    #5275,#5276,#5277,#5278,#5279,#5280,#5281,#5282,#5283,#5284,#5285,
    #5286,#5287,#5288,#5289,#5290,#5291,#5292),.UNSPECIFIED.,.T.,.F.,(6,
    4,4,4,4,4,4,4,6),(0.,0.138610208615,0.263630328139,0.38664999322,
    0.500950515269,0.613349938952,0.736369595606,0.861389726371,1.),
  .UNSPECIFIED.);
#5259 = CARTESIAN_POINT('',(200.47552966507,62.438195763102,
    17.76872303361));
#5260 = CARTESIAN_POINT('',(200.55222137186,62.423533601712,
    17.761682290887));
#5261 = CARTESIAN_POINT('',(200.63044706419,62.408578168148,
    17.771683187776));
#5262 = CARTESIAN_POINT('',(200.70527914433,62.394271536022,
    17.799198162117));
#5263 = CARTESIAN_POINT('',(200.77178009529,62.381557675341,
    17.84240570964));
#5264 = CARTESIAN_POINT('',(200.87577968265,62.361674707571,
    17.947647263586));
#5265 = CARTESIAN_POINT('',(200.91550642562,62.354079624069,
    18.007444434722));
#5266 = CARTESIAN_POINT('',(200.94307071148,62.348809797321,
    18.074539324912));
#5267 = CARTESIAN_POINT('',(200.95701264643,62.346144334406,
    18.145364193319));
#5268 = CARTESIAN_POINT('',(200.95763468932,62.346025410291,
    18.285976390051));
#5269 = CARTESIAN_POINT('',(200.94474752989,62.34848921791,
    18.355788690798));
#5270 = CARTESIAN_POINT('',(200.91864013226,62.353480512191,
    18.422168422846));
#5271 = CARTESIAN_POINT('',(200.88064913749,62.3607437499,
    18.481697666145));
#5272 = CARTESIAN_POINT('',(200.78905248705,62.378255485232,
    18.578448051504));
#5273 = CARTESIAN_POINT('',(200.7367303554,62.388258594704,
    18.616966317508));
#5274 = CARTESIAN_POINT('',(200.67810908578,62.399465993155,
    18.645372063659));
#5275 = CARTESIAN_POINT('',(200.61578462355,62.411381379605,
    18.662399442764));
#5276 = CARTESIAN_POINT('',(200.49028792249,62.435374233094,
    18.673149103826));
#5277 = CARTESIAN_POINT('',(200.42712927175,62.44744910232,
    18.667255814177));
#5278 = CARTESIAN_POINT('',(200.36565013998,62.459202875836,
    18.649909493021));
#5279 = CARTESIAN_POINT('',(200.3084819906,62.470132462197,
    18.621859690664));
#5280 = CARTESIAN_POINT('',(200.20222109044,62.490447754851,
    18.543981513211));
#5281 = CARTESIAN_POINT('',(200.15438311628,62.499593569009,
    18.492331899007));
#5282 = CARTESIAN_POINT('',(200.11703334915,62.506734214803,
    18.431777928609));
#5283 = CARTESIAN_POINT('',(200.09208742732,62.511503454493,
    18.36543894214));
#5284 = CARTESIAN_POINT('',(200.06799260621,62.516109978074,
    18.226981689766));
#5285 = CARTESIAN_POINT('',(200.06926507537,62.515866703423,
    18.154760039339));
#5286 = CARTESIAN_POINT('',(200.08459554423,62.512935776233,
    18.083727141602));
#5287 = CARTESIAN_POINT('',(200.11317455266,62.507471951636,
    18.017659078963));
#5288 = CARTESIAN_POINT('',(200.19700464805,62.491445050693,
    17.895173579749));
#5289 = CARTESIAN_POINT('',(200.25484094134,62.480387726479,
    17.840551097982));
#5290 = CARTESIAN_POINT('',(200.32363130595,62.467236168506,
    17.799850701888));
#5291 = CARTESIAN_POINT('',(200.3988379269,62.45285793049,
    17.775763797153));
#5292 = CARTESIAN_POINT('',(200.47552966507,62.438195763102,
    17.76872303361));
#5293 = ORIENTED_EDGE('',*,*,#5294,.F.);
#5294 = EDGE_CURVE('',#5295,#5254,#5297,.T.);
#5295 = VERTEX_POINT('',#5296);
#5296 = CARTESIAN_POINT('',(200.82312468271,61.659063417206,
    18.166984699582));
#5297 = B_SPLINE_CURVE_WITH_KNOTS('',5,(#5298,#5299,#5300,#5301,#5302,
    #5303),.UNSPECIFIED.,.F.,.F.,(6,6),(0.,1.),
  .PIECEWISE_BEZIER_KNOTS.);
#5298 = CARTESIAN_POINT('',(200.82312457136,61.659062827627,
    18.166984716238));
#5299 = CARTESIAN_POINT('',(200.8504618316,61.803812772951,
    18.162895421441));
#5300 = CARTESIAN_POINT('',(200.87802188476,61.948901606095,
    18.161309886837));
#5301 = CARTESIAN_POINT('',(200.90586276429,62.094003016458,
    18.162251848581));
#5302 = CARTESIAN_POINT('',(200.93389931908,62.238824232708,
    18.165715650543));
#5303 = CARTESIAN_POINT('',(200.96190867346,62.383100654794,
    18.171667234351));
#5304 = ORIENTED_EDGE('',*,*,#5305,.F.);
#5305 = EDGE_CURVE('',#5306,#5295,#5308,.T.);
#5306 = VERTEX_POINT('',#5307);
#5307 = CARTESIAN_POINT('',(200.34355219038,61.750749592609,
    17.762739142305));
#5308 = B_SPLINE_CURVE_WITH_KNOTS('',5,(#5309,#5310,#5311,#5312,#5313,
    #5314,#5315,#5316,#5317,#5318,#5319,#5320,#5321,#5322,#5323,#5324,
    #5325,#5326,#5327,#5328,#5329,#5330,#5331,#5332,#5333,#5334,#5335,
    #5336,#5337,#5338,#5339,#5340,#5341,#5342),.UNSPECIFIED.,.T.,.F.,(6,
    4,4,4,4,4,4,4,6),(0.,0.138619387773,0.263630847878,0.386642185849,
    0.500950626795,0.613357767962,0.736369096492,0.861380558112,1.),
  .UNSPECIFIED.);
#5309 = CARTESIAN_POINT('',(200.34355219038,61.750749592609,
    17.762739142305));
#5310 = CARTESIAN_POINT('',(200.4202410406,61.736087977346,
    17.755698652839));
#5311 = CARTESIAN_POINT('',(200.49846201752,61.721133445291,
    17.76568116022));
#5312 = CARTESIAN_POINT('',(200.5732894326,61.706827705045,
    17.79315775304));
#5313 = CARTESIAN_POINT('',(200.63978944362,61.694114024065,
    17.836313511578));
#5314 = CARTESIAN_POINT('',(200.74377885049,61.674233002632,
    17.941431824929));
#5315 = CARTESIAN_POINT('',(200.78349943565,61.666639096401,
    18.001156611197));
#5316 = CARTESIAN_POINT('',(200.81105866748,61.661370235896,
    18.068172261473));
#5317 = CARTESIAN_POINT('',(200.82499420231,61.658705996577,
    18.138915119785));
#5318 = CARTESIAN_POINT('',(200.82560107645,61.658589972472,
    18.279361289517));
#5319 = CARTESIAN_POINT('',(200.81270518032,61.661055450401,
    18.349090338916));
#5320 = CARTESIAN_POINT('',(200.78658831048,61.666048555609,
    18.415386636727));
#5321 = CARTESIAN_POINT('',(200.7485904832,61.673313099578,
    18.474838028356));
#5322 = CARTESIAN_POINT('',(200.65698348509,61.69082681321,
    18.571467075021));
#5323 = CARTESIAN_POINT('',(200.60465482051,61.700831171667,
    18.609938058023));
#5324 = CARTESIAN_POINT('',(200.54603118578,61.712039022289,
    18.638308777157));
#5325 = CARTESIAN_POINT('',(200.483707731,61.72395421613,18.655318975448
    ));
#5326 = CARTESIAN_POINT('',(200.35821568974,61.747946178744,
    18.66606934921));
#5327 = CARTESIAN_POINT('',(200.29506101263,61.760020288281,
    18.660193364985));
#5328 = CARTESIAN_POINT('',(200.233585608,61.771773349229,
    18.642881771349));
#5329 = CARTESIAN_POINT('',(200.17641935288,61.782702573441,
    18.614879022882));
#5330 = CARTESIAN_POINT('',(200.07016959635,61.80301573562,
    18.537121203805));
#5331 = CARTESIAN_POINT('',(200.02233857963,61.812160219631,
    18.485549426052));
#5332 = CARTESIAN_POINT('',(199.98499415481,61.819299844067,
    18.425079265276));
#5333 = CARTESIAN_POINT('',(199.96005426793,61.824067929977,
    18.358823774824));
#5334 = CARTESIAN_POINT('',(199.93597370346,61.828671727928,
    18.220532632851));
#5335 = CARTESIAN_POINT('',(199.93725428938,61.828426901489,
    18.148392838145));
#5336 = CARTESIAN_POINT('',(199.95259371151,61.825494262586,
    18.077438826118));
#5337 = CARTESIAN_POINT('',(199.98117938151,61.820029164408,
    18.011443105933));
#5338 = CARTESIAN_POINT('',(200.06502111579,61.804000038304,
    17.889080720949));
#5339 = CARTESIAN_POINT('',(200.12286558298,61.792941151381,
    17.834509367155));
#5340 = CARTESIAN_POINT('',(200.19165810043,61.77978918182,
    17.793847586015));
#5341 = CARTESIAN_POINT('',(200.26686330962,61.76541121371,
    17.769779634575));
#5342 = CARTESIAN_POINT('',(200.34355219038,61.750749592609,
    17.762739142305));
#5343 = ORIENTED_EDGE('',*,*,#5344,.T.);
#5344 = EDGE_CURVE('',#5306,#5345,#5347,.T.);
#5345 = VERTEX_POINT('',#5346);
#5346 = CARTESIAN_POINT('',(201.37180801354,61.554164414625,
    29.372445180066));
#5347 = CIRCLE('',#5348,5.83612093032);
#5348 = AXIS2_PLACEMENT_3D('',#5349,#5350,#5351);
#5349 = CARTESIAN_POINT('',(200.91401474036,61.947120215634,
    23.567592161185));
#5350 = DIRECTION('',(-0.978241656525,0.187023312515,8.980836272356E-02)
  );
#5351 = DIRECTION('',(0.187782127999,0.982210706725,-0.));
#5352 = ORIENTED_EDGE('',*,*,#5353,.T.);
#5353 = EDGE_CURVE('',#5345,#5354,#5356,.T.);
#5354 = VERTEX_POINT('',#5355);
#5355 = CARTESIAN_POINT('',(201.77261507571,61.477536861559,
    28.887375579121));
#5356 = B_SPLINE_CURVE_WITH_KNOTS('',5,(#5357,#5358,#5359,#5360,#5361,
    #5362,#5363,#5364,#5365,#5366,#5367,#5368,#5369,#5370,#5371,#5372,
    #5373,#5374,#5375,#5376,#5377,#5378,#5379,#5380,#5381,#5382,#5383,
    #5384,#5385,#5386,#5387,#5388,#5389,#5390),.UNSPECIFIED.,.T.,.F.,(6,
    4,4,4,4,4,4,4,6),(0.,0.138619387767,0.263630847872,0.386642185843,
    0.500950626778,0.613357767876,0.736369096406,0.861380558026,1.),
  .UNSPECIFIED.);
#5357 = CARTESIAN_POINT('',(201.37180801354,61.554164414625,
    29.372445180066));
#5358 = CARTESIAN_POINT('',(201.44849686376,61.539502799363,
    29.365404690601));
#5359 = CARTESIAN_POINT('',(201.52370203949,61.52512483765,
    29.341336756092));
#5360 = CARTESIAN_POINT('',(201.59249453461,61.511972872358,
    29.300675007128));
#5361 = CARTESIAN_POINT('',(201.65033899204,61.5009139873,
    29.246103691866));
#5362 = CARTESIAN_POINT('',(201.73418074926,61.48488485681,
    29.123741368103));
#5363 = CARTESIAN_POINT('',(201.76276644196,61.479419754294,
    29.057745662031));
#5364 = CARTESIAN_POINT('',(201.7781058899,61.476487110456,
    28.986791659542));
#5365 = CARTESIAN_POINT('',(201.77938650346,61.476242278733,
    28.914651868924));
#5366 = CARTESIAN_POINT('',(201.7553059934,61.480846066281,
    28.776360717632));
#5367 = CARTESIAN_POINT('',(201.73036613098,61.485614147514,
    28.710105214371));
#5368 = CARTESIAN_POINT('',(201.69302172734,61.492753767899,
    28.649635036341));
#5369 = CARTESIAN_POINT('',(201.64519072762,61.501898248662,
    28.598063238036));
#5370 = CARTESIAN_POINT('',(201.53808289876,61.522375459804,
    28.519677386332));
#5371 = CARTESIAN_POINT('',(201.47983867114,61.533510774185,
    28.491357648009));
#5372 = CARTESIAN_POINT('',(201.4171757209,61.545490873832,
    28.474121753836));
#5373 = CARTESIAN_POINT('',(201.35286877352,61.55778527802,
    28.468736974487));
#5374 = CARTESIAN_POINT('',(201.22751212223,61.581751356353,
    28.481015992497));
#5375 = CARTESIAN_POINT('',(201.1664086593,61.593433308319,
    28.498299607972));
#5376 = CARTESIAN_POINT('',(201.10896671486,61.60441523968,
    28.526528516685));
#5377 = CARTESIAN_POINT('',(201.05764293611,61.614227480907,
    28.564491291088));
#5378 = CARTESIAN_POINT('',(200.96676981797,61.631600889063,
    28.660346154421));
#5379 = CARTESIAN_POINT('',(200.92877197034,61.638865436924,
    28.719797528904));
#5380 = CARTESIAN_POINT('',(200.90265507659,61.643858546703,
    28.786093813586));
#5381 = CARTESIAN_POINT('',(200.8897591541,61.64632402967,
    28.855822854831));
#5382 = CARTESIAN_POINT('',(200.890365973,61.646208016126,
    28.996269025304));
#5383 = CARTESIAN_POINT('',(200.90430148131,61.643543781876,
    29.067011892679));
#5384 = CARTESIAN_POINT('',(200.93186068939,61.638274925913,
    29.134027557054));
#5385 = CARTESIAN_POINT('',(200.97158125468,61.63068102348,
    29.193752361361));
#5386 = CARTESIAN_POINT('',(201.07557064972,61.610800004311,
    29.29887073921));
#5387 = CARTESIAN_POINT('',(201.14207067712,61.598086320197,
    29.342026533933));
#5388 = CARTESIAN_POINT('',(201.21689811987,61.583780574662,
    29.369503154379));
#5389 = CARTESIAN_POINT('',(201.29511913273,61.568826035735,
    29.37948567234));
#5390 = CARTESIAN_POINT('',(201.37180801354,61.554164414625,
    29.372445180066));
#5391 = ORIENTED_EDGE('',*,*,#5392,.T.);
#5392 = EDGE_CURVE('',#5354,#5393,#5395,.T.);
#5393 = VERTEX_POINT('',#5394);
#5394 = CARTESIAN_POINT('',(201.90373496092,62.165146988702,
    28.884143225176));
#5395 = B_SPLINE_CURVE_WITH_KNOTS('',5,(#5396,#5397,#5398,#5399,#5400,
    #5401),.UNSPECIFIED.,.F.,.F.,(6,6),(0.,1.),
  .PIECEWISE_BEZIER_KNOTS.);
#5396 = CARTESIAN_POINT('',(201.77261496141,61.477536272543,
    28.887375562493));
#5397 = CARTESIAN_POINT('',(201.8006759864,61.622147868226,
    28.891458017124));
#5398 = CARTESIAN_POINT('',(201.82851741326,61.767182929555,
    28.893049336666));
#5399 = CARTESIAN_POINT('',(201.85619123082,61.912316301413,
    28.892105009269));
#5400 = CARTESIAN_POINT('',(201.88361373583,62.057254935531,
    28.888635726689));
#5401 = CARTESIAN_POINT('',(201.91057071802,62.201732575044,
    28.882705270528));
#5402 = ORIENTED_EDGE('',*,*,#5403,.T.);
#5403 = EDGE_CURVE('',#5393,#5404,#5406,.T.);
#5404 = VERTEX_POINT('',#5405);
#5405 = CARTESIAN_POINT('',(201.02343737832,62.333445045526,
    28.964959743339));
#5406 = B_SPLINE_CURVE_WITH_KNOTS('',5,(#5407,#5408,#5409,#5410,#5411,
    #5412,#5413,#5414,#5415,#5416,#5417,#5418,#5419,#5420,#5421,#5422,
    #5423,#5424,#5425,#5426,#5427,#5428,#5429,#5430,#5431,#5432,#5433,
    #5434,#5435,#5436,#5437,#5438,#5439,#5440),.UNSPECIFIED.,.T.,.F.,(6,
    4,4,4,4,4,4,4,6),(0.,0.138610114188,0.263630309548,0.386650049721,
    0.500950528781,0.613349908906,0.736369632375,0.861389830562,1.),
  .UNSPECIFIED.);
#5407 = CARTESIAN_POINT('',(201.50272551805,62.241813233546,
    29.366461288761));
#5408 = CARTESIAN_POINT('',(201.57941743964,62.227151031089,
    29.359420517325));
#5409 = CARTESIAN_POINT('',(201.65462418868,62.212772768587,
    29.335333339461));
#5410 = CARTESIAN_POINT('',(201.72341364056,62.199621385111,
    29.294633596285));
#5411 = CARTESIAN_POINT('',(201.7812504162,62.188563968681,
    29.240010917025));
#5412 = CARTESIAN_POINT('',(201.86508061134,62.172537048667,
    29.117525310301));
#5413 = CARTESIAN_POINT('',(201.89365959786,62.167073228258,
    29.051457146586));
#5414 = CARTESIAN_POINT('',(201.90899003769,62.164142306618,
    28.980424775225));
#5415 = CARTESIAN_POINT('',(201.91026258799,62.163899016456,
    28.908202853309));
#5416 = CARTESIAN_POINT('',(201.88616782106,62.168505529678,
    28.769745574691));
#5417 = CARTESIAN_POINT('',(201.86122180926,62.173274786569,
    28.703406324569));
#5418 = CARTESIAN_POINT('',(201.82387225415,62.180415391828,
    28.64285274663));
#5419 = CARTESIAN_POINT('',(201.77603431156,62.189561199949,
    28.591203023505));
#5420 = CARTESIAN_POINT('',(201.66891527341,62.210040554121,
    28.512695820998));
#5421 = CARTESIAN_POINT('',(201.61066897837,62.221176263755,
    28.484328311069));
#5422 = CARTESIAN_POINT('',(201.5480024687,62.233157043906,
    28.467057649248));
#5423 = CARTESIAN_POINT('',(201.48369149453,62.245452217948,
    28.461656076447));
#5424 = CARTESIAN_POINT('',(201.35833023023,62.26941917821,
    28.473936660207));
#5425 = CARTESIAN_POINT('',(201.2972258973,62.281101296507,
    28.491238091504));
#5426 = CARTESIAN_POINT('',(201.23978660203,62.292082721391,
    28.51950169168));
#5427 = CARTESIAN_POINT('',(201.18846907195,62.301893767978,
    28.557511193136));
#5428 = CARTESIAN_POINT('',(201.09760608347,62.319265239514,
    28.653486598168));
#5429 = CARTESIAN_POINT('',(201.05961509595,62.326528475837,
    28.713015901404));
#5430 = CARTESIAN_POINT('',(201.03350778575,62.331519753401,
    28.779395175403));
#5431 = CARTESIAN_POINT('',(201.02062052492,62.333983580405,
    28.849207729535));
#5432 = CARTESIAN_POINT('',(201.02124249879,62.333864669487,
    28.989819944571));
#5433 = CARTESIAN_POINT('',(201.03518450201,62.331199193521,
    29.060645090437));
#5434 = CARTESIAN_POINT('',(201.06274861553,62.32592939972,
    29.12773950406));
#5435 = CARTESIAN_POINT('',(201.10247531363,62.318334324797,
    29.187536822415));
#5436 = CARTESIAN_POINT('',(201.20647499559,62.298451338941,
    29.292778607342));
#5437 = CARTESIAN_POINT('',(201.27297649165,62.285737374046,
    29.335986339731));
#5438 = CARTESIAN_POINT('',(201.34780761848,62.271430924177,
    29.363500897951));
#5439 = CARTESIAN_POINT('',(201.42603356324,62.256475442353,
    29.373502063246));
#5440 = CARTESIAN_POINT('',(201.50272551805,62.241813233546,
    29.366461288761));
#5441 = ORIENTED_EDGE('',*,*,#5442,.T.);
#5442 = EDGE_CURVE('',#5404,#5443,#5445,.T.);
#5443 = VERTEX_POINT('',#5444);
#5444 = CARTESIAN_POINT('',(200.89223552121,61.645850590027,
    28.968199622789));
#5445 = B_SPLINE_CURVE_WITH_KNOTS('',5,(#5446,#5447,#5448,#5449,#5450,
    #5451),.UNSPECIFIED.,.F.,.F.,(6,6),(0.,1.),
  .PIECEWISE_BEZIER_KNOTS.);
#5446 = CARTESIAN_POINT('',(201.0303243852,62.370020833773,
    28.963517083659));
#5447 = CARTESIAN_POINT('',(201.00313725382,62.225587250216,
    28.969468667598));
#5448 = CARTESIAN_POINT('',(200.97577440291,62.080637082651,
    28.972932478833));
#5449 = CARTESIAN_POINT('',(200.94812634557,61.935498742959,
    28.973874431708));
#5450 = CARTESIAN_POINT('',(200.92022192457,61.790475871862,
    28.972288902364));
#5451 = CARTESIAN_POINT('',(200.89223540722,61.645850000953,
    28.968199606133));
#5452 = ORIENTED_EDGE('',*,*,#5453,.T.);
#5453 = EDGE_CURVE('',#5443,#5345,#5454,.T.);
#5454 = B_SPLINE_CURVE_WITH_KNOTS('',5,(#5455,#5456,#5457,#5458,#5459,
    #5460,#5461,#5462,#5463,#5464,#5465,#5466,#5467,#5468,#5469,#5470,
    #5471,#5472,#5473,#5474,#5475,#5476,#5477,#5478,#5479,#5480,#5481,
    #5482,#5483,#5484,#5485,#5486,#5487,#5488),.UNSPECIFIED.,.T.,.F.,(6,
    4,4,4,4,4,4,4,6),(0.,0.138619387767,0.263630847872,0.386642185843,
    0.500950626778,0.613357767876,0.736369096406,0.861380558026,1.),
  .UNSPECIFIED.);
#5455 = CARTESIAN_POINT('',(201.37180801354,61.554164414625,
    29.372445180066));
#5456 = CARTESIAN_POINT('',(201.44849686376,61.539502799363,
    29.365404690601));
#5457 = CARTESIAN_POINT('',(201.52370203949,61.52512483765,
    29.341336756092));
#5458 = CARTESIAN_POINT('',(201.59249453461,61.511972872358,
    29.300675007128));
#5459 = CARTESIAN_POINT('',(201.65033899204,61.5009139873,
    29.246103691866));
#5460 = CARTESIAN_POINT('',(201.73418074926,61.48488485681,
    29.123741368103));
#5461 = CARTESIAN_POINT('',(201.76276644196,61.479419754294,
    29.057745662031));
#5462 = CARTESIAN_POINT('',(201.7781058899,61.476487110456,
    28.986791659542));
#5463 = CARTESIAN_POINT('',(201.77938650346,61.476242278733,
    28.914651868924));
#5464 = CARTESIAN_POINT('',(201.7553059934,61.480846066281,
    28.776360717632));
#5465 = CARTESIAN_POINT('',(201.73036613098,61.485614147514,
    28.710105214371));
#5466 = CARTESIAN_POINT('',(201.69302172734,61.492753767899,
    28.649635036341));
#5467 = CARTESIAN_POINT('',(201.64519072762,61.501898248662,
    28.598063238036));
#5468 = CARTESIAN_POINT('',(201.53808289876,61.522375459804,
    28.519677386332));
#5469 = CARTESIAN_POINT('',(201.47983867114,61.533510774185,
    28.491357648009));
#5470 = CARTESIAN_POINT('',(201.4171757209,61.545490873832,
    28.474121753836));
#5471 = CARTESIAN_POINT('',(201.35286877352,61.55778527802,
    28.468736974487));
#5472 = CARTESIAN_POINT('',(201.22751212223,61.581751356353,
    28.481015992497));
#5473 = CARTESIAN_POINT('',(201.1664086593,61.593433308319,
    28.498299607972));
#5474 = CARTESIAN_POINT('',(201.10896671486,61.60441523968,
    28.526528516685));
#5475 = CARTESIAN_POINT('',(201.05764293611,61.614227480907,
    28.564491291088));
#5476 = CARTESIAN_POINT('',(200.96676981797,61.631600889063,
    28.660346154421));
#5477 = CARTESIAN_POINT('',(200.92877197034,61.638865436924,
    28.719797528904));
#5478 = CARTESIAN_POINT('',(200.90265507659,61.643858546703,
    28.786093813586));
#5479 = CARTESIAN_POINT('',(200.8897591541,61.64632402967,
    28.855822854831));
#5480 = CARTESIAN_POINT('',(200.890365973,61.646208016126,
    28.996269025304));
#5481 = CARTESIAN_POINT('',(200.90430148131,61.643543781876,
    29.067011892679));
#5482 = CARTESIAN_POINT('',(200.93186068939,61.638274925913,
    29.134027557054));
#5483 = CARTESIAN_POINT('',(200.97158125468,61.63068102348,
    29.193752361361));
#5484 = CARTESIAN_POINT('',(201.07557064972,61.610800004311,
    29.29887073921));
#5485 = CARTESIAN_POINT('',(201.14207067712,61.598086320197,
    29.342026533933));
#5486 = CARTESIAN_POINT('',(201.21689811987,61.583780574662,
    29.369503154379));
#5487 = CARTESIAN_POINT('',(201.29511913273,61.568826035735,
    29.37948567234));
#5488 = CARTESIAN_POINT('',(201.37180801354,61.554164414625,
    29.372445180066));
#5489 = ORIENTED_EDGE('',*,*,#5344,.F.);
#5490 = ORIENTED_EDGE('',*,*,#5491,.F.);
#5491 = EDGE_CURVE('',#5492,#5306,#5494,.T.);
#5492 = VERTEX_POINT('',#5493);
#5493 = CARTESIAN_POINT('',(199.94274512821,61.827377145674,
    18.247808743249));
#5494 = B_SPLINE_CURVE_WITH_KNOTS('',5,(#5495,#5496,#5497,#5498,#5499,
    #5500,#5501,#5502,#5503,#5504,#5505,#5506,#5507,#5508,#5509,#5510,
    #5511,#5512,#5513,#5514,#5515,#5516,#5517,#5518,#5519,#5520,#5521,
    #5522,#5523,#5524,#5525,#5526,#5527,#5528),.UNSPECIFIED.,.T.,.F.,(6,
    4,4,4,4,4,4,4,6),(0.,0.138619387773,0.263630847878,0.386642185849,
    0.500950626795,0.613357767962,0.736369096492,0.861380558112,1.),
  .UNSPECIFIED.);
#5495 = CARTESIAN_POINT('',(200.34355219038,61.750749592609,
    17.762739142305));
#5496 = CARTESIAN_POINT('',(200.4202410406,61.736087977346,
    17.755698652839));
#5497 = CARTESIAN_POINT('',(200.49846201752,61.721133445291,
    17.76568116022));
#5498 = CARTESIAN_POINT('',(200.5732894326,61.706827705045,
    17.79315775304));
#5499 = CARTESIAN_POINT('',(200.63978944362,61.694114024065,
    17.836313511578));
#5500 = CARTESIAN_POINT('',(200.74377885049,61.674233002632,
    17.941431824929));
#5501 = CARTESIAN_POINT('',(200.78349943565,61.666639096401,
    18.001156611197));
#5502 = CARTESIAN_POINT('',(200.81105866748,61.661370235896,
    18.068172261473));
#5503 = CARTESIAN_POINT('',(200.82499420231,61.658705996577,
    18.138915119785));
#5504 = CARTESIAN_POINT('',(200.82560107645,61.658589972472,
    18.279361289517));
#5505 = CARTESIAN_POINT('',(200.81270518032,61.661055450401,
    18.349090338916));
#5506 = CARTESIAN_POINT('',(200.78658831048,61.666048555609,
    18.415386636727));
#5507 = CARTESIAN_POINT('',(200.7485904832,61.673313099578,
    18.474838028356));
#5508 = CARTESIAN_POINT('',(200.65698348509,61.69082681321,
    18.571467075021));
#5509 = CARTESIAN_POINT('',(200.60465482051,61.700831171667,
    18.609938058023));
#5510 = CARTESIAN_POINT('',(200.54603118578,61.712039022289,
    18.638308777157));
#5511 = CARTESIAN_POINT('',(200.483707731,61.72395421613,18.655318975448
    ));
#5512 = CARTESIAN_POINT('',(200.35821568974,61.747946178744,
    18.66606934921));
#5513 = CARTESIAN_POINT('',(200.29506101263,61.760020288281,
    18.660193364985));
#5514 = CARTESIAN_POINT('',(200.233585608,61.771773349229,
    18.642881771349));
#5515 = CARTESIAN_POINT('',(200.17641935288,61.782702573441,
    18.614879022882));
#5516 = CARTESIAN_POINT('',(200.07016959635,61.80301573562,
    18.537121203805));
#5517 = CARTESIAN_POINT('',(200.02233857963,61.812160219631,
    18.485549426052));
#5518 = CARTESIAN_POINT('',(199.98499415481,61.819299844067,
    18.425079265276));
#5519 = CARTESIAN_POINT('',(199.96005426793,61.824067929977,
    18.358823774824));
#5520 = CARTESIAN_POINT('',(199.93597370346,61.828671727928,
    18.220532632851));
#5521 = CARTESIAN_POINT('',(199.93725428938,61.828426901489,
    18.148392838145));
#5522 = CARTESIAN_POINT('',(199.95259371151,61.825494262586,
    18.077438826118));
#5523 = CARTESIAN_POINT('',(199.98117938151,61.820029164408,
    18.011443105933));
#5524 = CARTESIAN_POINT('',(200.06502111579,61.804000038304,
    17.889080720949));
#5525 = CARTESIAN_POINT('',(200.12286558298,61.792941151381,
    17.834509367155));
#5526 = CARTESIAN_POINT('',(200.19165810043,61.77978918182,
    17.793847586015));
#5527 = CARTESIAN_POINT('',(200.26686330962,61.76541121371,
    17.769779634575));
#5528 = CARTESIAN_POINT('',(200.34355219038,61.750749592609,
    17.762739142305));
#5529 = ORIENTED_EDGE('',*,*,#5530,.T.);
#5530 = EDGE_CURVE('',#5492,#5256,#5531,.T.);
#5531 = B_SPLINE_CURVE_WITH_KNOTS('',5,(#5532,#5533,#5534,#5535,#5536,
    #5537),.UNSPECIFIED.,.F.,.F.,(6,6),(0.,1.),
  .PIECEWISE_BEZIER_KNOTS.);
#5532 = CARTESIAN_POINT('',(199.94274501717,61.827376556037,
    18.247808759878));
#5533 = CARTESIAN_POINT('',(199.97000776406,61.972140747055,
    18.243726305846));
#5534 = CARTESIAN_POINT('',(199.99763083136,62.117217532959,
    18.242134986172));
#5535 = CARTESIAN_POINT('',(200.02544595251,62.26232386789,
    18.243079312687));
#5536 = CARTESIAN_POINT('',(200.05342282706,62.407156493998,
    18.246548593648));
#5537 = CARTESIAN_POINT('',(200.08166234047,62.551388913555,
    18.252479047497));
#5538 = TOROIDAL_SURFACE('',#5539,5.38612093032,0.45);
#5539 = AXIS2_PLACEMENT_3D('',#5540,#5541,#5542);
#5540 = CARTESIAN_POINT('',(200.91401474036,61.947120215634,
    23.567592161185));
#5541 = DIRECTION('',(0.978241656525,-0.187023312515,-8.980836272356E-02
    ));
#5542 = DIRECTION('',(0.187782127999,0.982210706725,-0.));
#5543 = ADVANCED_FACE('',(#5544),#5563,.T.);
#5544 = FACE_BOUND('',#5545,.F.);
#5545 = EDGE_LOOP('',(#5546,#5555,#5556));
#5546 = ORIENTED_EDGE('',*,*,#5547,.F.);
#5547 = EDGE_CURVE('',#5254,#5548,#5550,.T.);
#5548 = VERTEX_POINT('',#5549);
#5549 = CARTESIAN_POINT('',(200.55370873417,62.423249243114,
    18.651417777598));
#5550 = CIRCLE('',#5551,0.45);
#5551 = AXIS2_PLACEMENT_3D('',#5552,#5553,#5554);
#5552 = CARTESIAN_POINT('',(200.51401390323,62.430838225572,
    18.203236198613));
#5553 = DIRECTION('',(-0.187782127999,-0.982210706725,3.469446951954E-18
    ));
#5554 = DIRECTION('',(8.821073542048E-02,-1.68644054643E-02,
    0.995959064412));
#5555 = ORIENTED_EDGE('',*,*,#5253,.T.);
#5556 = ORIENTED_EDGE('',*,*,#5557,.F.);
#5557 = EDGE_CURVE('',#5548,#5256,#5558,.T.);
#5558 = CIRCLE('',#5559,0.45);
#5559 = AXIS2_PLACEMENT_3D('',#5560,#5561,#5562);
#5560 = CARTESIAN_POINT('',(200.51401390323,62.430838225572,
    18.203236198613));
#5561 = DIRECTION('',(-0.187782127999,-0.982210706725,3.469446951954E-18
    ));
#5562 = DIRECTION('',(8.821073542048E-02,-1.68644054643E-02,
    0.995959064412));
#5563 = PLANE('',#5564);
#5564 = AXIS2_PLACEMENT_3D('',#5565,#5566,#5567);
#5565 = CARTESIAN_POINT('',(198.87944719949,62.743339822107,
    15.893358616752));
#5566 = DIRECTION('',(0.187782127999,0.982210706725,-0.));
#5567 = DIRECTION('',(-8.821073542048E-02,1.68644054643E-02,
    -0.995959064412));
#5568 = ADVANCED_FACE('',(#5569),#5642,.T.);
#5569 = FACE_BOUND('',#5570,.F.);
#5570 = EDGE_LOOP('',(#5571,#5582,#5595,#5604,#5610,#5611,#5612,#5619,
    #5620,#5621,#5622,#5631));
#5571 = ORIENTED_EDGE('',*,*,#5572,.F.);
#5572 = EDGE_CURVE('',#5573,#5575,#5577,.T.);
#5573 = VERTEX_POINT('',#5574);
#5574 = CARTESIAN_POINT('',(203.14306261216,78.566915307,18.24780874325)
  );
#5575 = VERTEX_POINT('',#5576);
#5576 = CARTESIAN_POINT('',(204.02344216665,78.398601578532,
    18.166984699582));
#5577 = CIRCLE('',#5578,0.45);
#5578 = AXIS2_PLACEMENT_3D('',#5579,#5580,#5581);
#5579 = CARTESIAN_POINT('',(203.58288389758,78.482828892191,
    18.203236198613));
#5580 = DIRECTION('',(-0.187782127999,-0.982210706725,3.469446951954E-18
    ));
#5581 = DIRECTION('',(8.821073542048E-02,-1.68644054643E-02,
    0.995959064412));
#5582 = ORIENTED_EDGE('',*,*,#5583,.F.);
#5583 = EDGE_CURVE('',#5584,#5573,#5586,.T.);
#5584 = VERTEX_POINT('',#5585);
#5585 = CARTESIAN_POINT('',(203.01194272695,77.879305179857,
    18.251041097195));
#5586 = B_SPLINE_CURVE_WITH_KNOTS('',4,(#5587,#5588,#5589,#5590,#5591,
    #5592,#5593,#5594),.UNSPECIFIED.,.F.,.F.,(5,3,5),(0.,0.604586456037,
    1.),.UNSPECIFIED.);
#5587 = CARTESIAN_POINT('',(203.00510696985,77.842719593516,
    18.252479051843));
#5588 = CARTESIAN_POINT('',(203.02547936175,77.951906707736,
    18.247997186023));
#5589 = CARTESIAN_POINT('',(203.04613501378,78.061372865381,
    18.245014745058));
#5590 = CARTESIAN_POINT('',(203.0669562073,78.170974763104,
    18.243566902402));
#5591 = CARTESIAN_POINT('',(203.1016174912,78.352205068017,
    18.243709637341));
#5592 = CARTESIAN_POINT('',(203.11538065547,78.423852254571,
    18.244422284668));
#5593 = CARTESIAN_POINT('',(203.12919302144,78.495438814391,
    18.245790927618));
#5594 = CARTESIAN_POINT('',(203.14306272645,78.566915896015,
    18.247808759878));
#5595 = ORIENTED_EDGE('',*,*,#5596,.F.);
#5596 = EDGE_CURVE('',#5597,#5584,#5599,.T.);
#5597 = VERTEX_POINT('',#5598);
#5598 = CARTESIAN_POINT('',(203.49113123892,77.787692415025,
    18.651417777598));
#5599 = CIRCLE('',#5600,0.45);
#5600 = AXIS2_PLACEMENT_3D('',#5601,#5602,#5603);
#5601 = CARTESIAN_POINT('',(203.45143640798,77.795281397484,
    18.203236198613));
#5602 = DIRECTION('',(-0.187782127999,-0.982210706725,3.469446951954E-18
    ));
#5603 = DIRECTION('',(8.821073542048E-02,-1.68644054643E-02,
    0.995959064412));
#5604 = ORIENTED_EDGE('',*,*,#5605,.F.);
#5605 = EDGE_CURVE('',#5548,#5597,#5606,.T.);
#5606 = LINE('',#5607,#5608);
#5607 = CARTESIAN_POINT('',(200.42226124457,61.735701748406,
    18.651417777598));
#5608 = VECTOR('',#5609,1.);
#5609 = DIRECTION('',(0.187782127999,0.982210706725,-0.));
#5610 = ORIENTED_EDGE('',*,*,#5557,.T.);
#5611 = ORIENTED_EDGE('',*,*,#5530,.F.);
#5612 = ORIENTED_EDGE('',*,*,#5613,.T.);
#5613 = EDGE_CURVE('',#5492,#5295,#5614,.T.);
#5614 = CIRCLE('',#5615,0.45);
#5615 = AXIS2_PLACEMENT_3D('',#5616,#5617,#5618);
#5616 = CARTESIAN_POINT('',(200.38256641363,61.743290730865,
    18.203236198613));
#5617 = DIRECTION('',(-0.187782127999,-0.982210706725,3.469446951954E-18
    ));
#5618 = DIRECTION('',(8.821073542048E-02,-1.68644054643E-02,
    0.995959064412));
#5619 = ORIENTED_EDGE('',*,*,#5294,.T.);
#5620 = ORIENTED_EDGE('',*,*,#5547,.T.);
#5621 = ORIENTED_EDGE('',*,*,#5605,.T.);
#5622 = ORIENTED_EDGE('',*,*,#5623,.F.);
#5623 = EDGE_CURVE('',#5624,#5597,#5626,.T.);
#5624 = VERTEX_POINT('',#5625);
#5625 = CARTESIAN_POINT('',(203.89224030955,77.711007123033,
    18.170224579031));
#5626 = CIRCLE('',#5627,0.45);
#5627 = AXIS2_PLACEMENT_3D('',#5628,#5629,#5630);
#5628 = CARTESIAN_POINT('',(203.45143640798,77.795281397484,
    18.203236198613));
#5629 = DIRECTION('',(-0.187782127999,-0.982210706725,3.469446951954E-18
    ));
#5630 = DIRECTION('',(8.821073542048E-02,-1.68644054643E-02,
    0.995959064412));
#5631 = ORIENTED_EDGE('',*,*,#5632,.F.);
#5632 = EDGE_CURVE('',#5575,#5624,#5633,.T.);
#5633 = B_SPLINE_CURVE_WITH_KNOTS('',4,(#5634,#5635,#5636,#5637,#5638,
    #5639,#5640,#5641),.UNSPECIFIED.,.F.,.F.,(5,3,5),(0.,0.403217810291,
    1.),.UNSPECIFIED.);
#5634 = CARTESIAN_POINT('',(204.02344228065,78.398602167605,
    18.166984716238));
#5635 = CARTESIAN_POINT('',(204.00933638685,78.325707167846,
    18.164923610255));
#5636 = CARTESIAN_POINT('',(203.99525295844,78.252705422691,
    18.163540981537));
#5637 = CARTESIAN_POINT('',(203.98122011106,78.179641728825,
    18.16284068373));
#5638 = CARTESIAN_POINT('',(203.94656748046,77.998409497082,
    18.162796205949));
#5639 = CARTESIAN_POINT('',(203.92601948145,77.890225812058,
    18.164264452169));
#5640 = CARTESIAN_POINT('',(203.90563441486,77.782176196545,
    18.167227463883));
#5641 = CARTESIAN_POINT('',(203.88535330267,77.674431334787,
    18.171667238712));
#5642 = CYLINDRICAL_SURFACE('',#5643,0.45);
#5643 = AXIS2_PLACEMENT_3D('',#5644,#5645,#5646);
#5644 = CARTESIAN_POINT('',(200.38256641363,61.743290730865,
    18.203236198613));
#5645 = DIRECTION('',(0.187782127999,0.982210706725,-0.));
#5646 = DIRECTION('',(8.821073542048E-02,-1.68644054643E-02,
    0.995959064412));
#5647 = ADVANCED_FACE('',(#5648),#5653,.F.);
#5648 = FACE_BOUND('',#5649,.T.);
#5649 = EDGE_LOOP('',(#5650,#5651,#5652));
#5650 = ORIENTED_EDGE('',*,*,#5491,.F.);
#5651 = ORIENTED_EDGE('',*,*,#5613,.T.);
#5652 = ORIENTED_EDGE('',*,*,#5305,.F.);
#5653 = PLANE('',#5654);
#5654 = AXIS2_PLACEMENT_3D('',#5655,#5656,#5657);
#5655 = CARTESIAN_POINT('',(200.38256641363,61.743290730865,
    18.203236198613));
#5656 = DIRECTION('',(0.187782127999,0.982210706725,-0.));
#5657 = DIRECTION('',(-8.821073542048E-02,1.68644054643E-02,
    -0.995959064412));
#5658 = ADVANCED_FACE('',(#5659),#5679,.F.);
#5659 = FACE_BOUND('',#5660,.T.);
#5660 = EDGE_LOOP('',(#5661,#5670,#5677,#5678));
#5661 = ORIENTED_EDGE('',*,*,#5662,.T.);
#5662 = EDGE_CURVE('',#5354,#5663,#5665,.T.);
#5663 = VERTEX_POINT('',#5664);
#5664 = CARTESIAN_POINT('',(201.37248862123,61.554034293909,
    29.380129702744));
#5665 = CIRCLE('',#5666,0.45);
#5666 = AXIS2_PLACEMENT_3D('',#5667,#5668,#5669);
#5667 = CARTESIAN_POINT('',(201.33279379029,61.561623276368,
    28.931948123758));
#5668 = DIRECTION('',(-0.187782127999,-0.982210706725,3.469446951954E-18
    ));
#5669 = DIRECTION('',(8.821073542048E-02,-1.68644054643E-02,
    0.995959064412));
#5670 = ORIENTED_EDGE('',*,*,#5671,.T.);
#5671 = EDGE_CURVE('',#5663,#5443,#5672,.T.);
#5672 = CIRCLE('',#5673,0.45);
#5673 = AXIS2_PLACEMENT_3D('',#5674,#5675,#5676);
#5674 = CARTESIAN_POINT('',(201.33279379029,61.561623276368,
    28.931948123758));
#5675 = DIRECTION('',(-0.187782127999,-0.982210706725,3.469446951954E-18
    ));
#5676 = DIRECTION('',(8.821073542048E-02,-1.68644054643E-02,
    0.995959064412));
#5677 = ORIENTED_EDGE('',*,*,#5453,.T.);
#5678 = ORIENTED_EDGE('',*,*,#5353,.T.);
#5679 = PLANE('',#5680);
#5680 = AXIS2_PLACEMENT_3D('',#5681,#5682,#5683);
#5681 = CARTESIAN_POINT('',(201.33279379029,61.561623276368,
    28.931948123758));
#5682 = DIRECTION('',(0.187782127999,0.982210706725,-0.));
#5683 = DIRECTION('',(-8.821073542048E-02,1.68644054643E-02,
    -0.995959064412));
#5684 = ADVANCED_FACE('',(#5685),#5776,.T.);
#5685 = FACE_BOUND('',#5686,.F.);
#5686 = EDGE_LOOP('',(#5687,#5697,#5706,#5719,#5728,#5741,#5748,#5749,
    #5757,#5763,#5764,#5765,#5772,#5773,#5774,#5775));
#5687 = ORIENTED_EDGE('',*,*,#5688,.T.);
#5688 = EDGE_CURVE('',#5689,#5691,#5693,.T.);
#5689 = VERTEX_POINT('',#5690);
#5690 = CARTESIAN_POINT('',(204.51647146677,77.998909243216,
    29.380129702744));
#5691 = VERTEX_POINT('',#5692);
#5692 = CARTESIAN_POINT('',(204.57280610517,78.293572455235,
    29.380129702744));
#5693 = LINE('',#5694,#5695);
#5694 = CARTESIAN_POINT('',(201.37248862123,61.554034293909,
    29.380129702744));
#5695 = VECTOR('',#5696,1.);
#5696 = DIRECTION('',(0.187782127999,0.982210706725,-0.));
#5697 = ORIENTED_EDGE('',*,*,#5698,.F.);
#5698 = EDGE_CURVE('',#5699,#5691,#5701,.T.);
#5699 = VERTEX_POINT('',#5700);
#5700 = CARTESIAN_POINT('',(204.97293255965,78.217075022885,
    28.887375579121));
#5701 = CIRCLE('',#5702,0.45);
#5702 = AXIS2_PLACEMENT_3D('',#5703,#5704,#5705);
#5703 = CARTESIAN_POINT('',(204.53311127423,78.301161437693,
    28.931948123758));
#5704 = DIRECTION('',(-0.187782127999,-0.982210706725,3.469446951954E-18
    ));
#5705 = DIRECTION('',(8.821073542048E-02,-1.68644054643E-02,
    0.995959064412));
#5706 = ORIENTED_EDGE('',*,*,#5707,.T.);
#5707 = EDGE_CURVE('',#5699,#5708,#5710,.T.);
#5708 = VERTEX_POINT('',#5709);
#5709 = CARTESIAN_POINT('',(204.84115746567,77.529590160613,
    28.884143225176));
#5710 = B_SPLINE_CURVE_WITH_KNOTS('',4,(#5711,#5712,#5713,#5714,#5715,
    #5716,#5717,#5718),.UNSPECIFIED.,.F.,.F.,(5,3,5),(0.,0.403217810335,
    1.),.UNSPECIFIED.);
#5711 = CARTESIAN_POINT('',(204.9729326707,78.217075612522,
    28.887375562493));
#5712 = CARTESIAN_POINT('',(204.95919157021,78.144110870438,
    28.889433220561));
#5713 = CARTESIAN_POINT('',(204.94535305366,78.071062302247,28.890815813
    ));
#5714 = CARTESIAN_POINT('',(204.93144425522,77.997974892332,
    28.891516111866));
#5715 = CARTESIAN_POINT('',(204.89679950337,77.816741154313,
    28.891560590464));
#5716 = CARTESIAN_POINT('',(204.87599142152,77.708607192704,
    28.890092325054));
#5717 = CARTESIAN_POINT('',(204.85508149243,77.600657922096,
    28.887129282779));
#5718 = CARTESIAN_POINT('',(204.8340153267,77.493063149321,
    28.882705270528));
#5719 = ORIENTED_EDGE('',*,*,#5720,.F.);
#5720 = EDGE_CURVE('',#5721,#5708,#5723,.T.);
#5721 = VERTEX_POINT('',#5722);
#5722 = CARTESIAN_POINT('',(203.96085988306,77.697888217437,
    28.964959743339));
#5723 = CIRCLE('',#5724,0.45);
#5724 = AXIS2_PLACEMENT_3D('',#5725,#5726,#5727);
#5725 = CARTESIAN_POINT('',(204.40166378463,77.613613942986,
    28.931948123758));
#5726 = DIRECTION('',(-0.187782127999,-0.982210706725,3.469446951954E-18
    ));
#5727 = DIRECTION('',(8.821073542048E-02,-1.68644054643E-02,
    0.995959064412));
#5728 = ORIENTED_EDGE('',*,*,#5729,.F.);
#5729 = EDGE_CURVE('',#5730,#5721,#5732,.T.);
#5730 = VERTEX_POINT('',#5731);
#5731 = CARTESIAN_POINT('',(204.09255300516,78.385388751353,
    28.968199622789));
#5732 = B_SPLINE_CURVE_WITH_KNOTS('',4,(#5733,#5734,#5735,#5736,#5737,
    #5738,#5739,#5740),.UNSPECIFIED.,.F.,.F.,(5,3,5),(0.,0.403217810344,
    1.),.UNSPECIFIED.);
#5733 = CARTESIAN_POINT('',(204.0925531165,78.385389340932,
    28.968199606133));
#5734 = CARTESIAN_POINT('',(204.07877445945,78.312431779033,
    28.970260712116));
#5735 = CARTESIAN_POINT('',(204.06493554479,78.239383286949,
    28.971643341159));
#5736 = CARTESIAN_POINT('',(204.05102676437,78.166295873594,
    28.972343638248));
#5737 = CARTESIAN_POINT('',(204.01638201247,77.985062135585,
    28.972388117021));
#5738 = CARTESIAN_POINT('',(203.99557373153,77.876928212031,
    28.9709198697));
#5739 = CARTESIAN_POINT('',(203.97466346501,77.768979005942,
    28.967956858489));
#5740 = CARTESIAN_POINT('',(203.95376899389,77.661351408049,
    28.963517083659));
#5741 = ORIENTED_EDGE('',*,*,#5742,.F.);
#5742 = EDGE_CURVE('',#5691,#5730,#5743,.T.);
#5743 = CIRCLE('',#5744,0.45);
#5744 = AXIS2_PLACEMENT_3D('',#5745,#5746,#5747);
#5745 = CARTESIAN_POINT('',(204.53311127423,78.301161437693,
    28.931948123758));
#5746 = DIRECTION('',(-0.187782127999,-0.982210706725,3.469446951954E-18
    ));
#5747 = DIRECTION('',(8.821073542048E-02,-1.68644054643E-02,
    0.995959064412));
#5748 = ORIENTED_EDGE('',*,*,#5688,.F.);
#5749 = ORIENTED_EDGE('',*,*,#5750,.F.);
#5750 = EDGE_CURVE('',#5751,#5689,#5753,.T.);
#5751 = VERTEX_POINT('',#5752);
#5752 = CARTESIAN_POINT('',(201.42882325963,61.848697505927,
    29.380129702744));
#5753 = LINE('',#5754,#5755);
#5754 = CARTESIAN_POINT('',(201.37248862123,61.554034293909,
    29.380129702744));
#5755 = VECTOR('',#5756,1.);
#5756 = DIRECTION('',(0.187782127999,0.982210706725,-0.));
#5757 = ORIENTED_EDGE('',*,*,#5758,.F.);
#5758 = EDGE_CURVE('',#5663,#5751,#5759,.T.);
#5759 = LINE('',#5760,#5761);
#5760 = CARTESIAN_POINT('',(201.37248862123,61.554034293909,
    29.380129702744));
#5761 = VECTOR('',#5762,1.);
#5762 = DIRECTION('',(0.187782127999,0.982210706725,-0.));
#5763 = ORIENTED_EDGE('',*,*,#5671,.T.);
#5764 = ORIENTED_EDGE('',*,*,#5442,.F.);
#5765 = ORIENTED_EDGE('',*,*,#5766,.T.);
#5766 = EDGE_CURVE('',#5404,#5393,#5767,.T.);
#5767 = CIRCLE('',#5768,0.45);
#5768 = AXIS2_PLACEMENT_3D('',#5769,#5770,#5771);
#5769 = CARTESIAN_POINT('',(201.46424127989,62.249170771075,
    28.931948123758));
#5770 = DIRECTION('',(-0.187782127999,-0.982210706725,3.469446951954E-18
    ));
#5771 = DIRECTION('',(8.821073542048E-02,-1.68644054643E-02,
    0.995959064412));
#5772 = ORIENTED_EDGE('',*,*,#5392,.F.);
#5773 = ORIENTED_EDGE('',*,*,#5662,.T.);
#5774 = ORIENTED_EDGE('',*,*,#5758,.T.);
#5775 = ORIENTED_EDGE('',*,*,#5750,.T.);
#5776 = CYLINDRICAL_SURFACE('',#5777,0.45);
#5777 = AXIS2_PLACEMENT_3D('',#5778,#5779,#5780);
#5778 = CARTESIAN_POINT('',(201.33279379029,61.561623276368,
    28.931948123758));
#5779 = DIRECTION('',(0.187782127999,0.982210706725,-0.));
#5780 = DIRECTION('',(8.821073542048E-02,-1.68644054643E-02,
    0.995959064412));
#5781 = ADVANCED_FACE('',(#5782),#5786,.T.);
#5782 = FACE_BOUND('',#5783,.F.);
#5783 = EDGE_LOOP('',(#5784,#5785));
#5784 = ORIENTED_EDGE('',*,*,#5403,.F.);
#5785 = ORIENTED_EDGE('',*,*,#5766,.F.);
#5786 = PLANE('',#5787);
#5787 = AXIS2_PLACEMENT_3D('',#5788,#5789,#5790);
#5788 = CARTESIAN_POINT('',(198.87944719949,62.743339822107,
    15.893358616752));
#5789 = DIRECTION('',(0.187782127999,0.982210706725,-0.));
#5790 = DIRECTION('',(-8.821073542048E-02,1.68644054643E-02,
    -0.995959064412));
#5791 = ADVANCED_FACE('',(#5792),#5871,.T.);
#5792 = FACE_BOUND('',#5793,.F.);
#5793 = EDGE_LOOP('',(#5794,#5833,#5834));
#5794 = ORIENTED_EDGE('',*,*,#5795,.F.);
#5795 = EDGE_CURVE('',#5573,#5796,#5798,.T.);
#5796 = VERTEX_POINT('',#5797);
#5797 = CARTESIAN_POINT('',(203.54386967433,78.490287753934,
    17.762739142305));
#5798 = B_SPLINE_CURVE_WITH_KNOTS('',5,(#5799,#5800,#5801,#5802,#5803,
    #5804,#5805,#5806,#5807,#5808,#5809,#5810,#5811,#5812,#5813,#5814,
    #5815,#5816,#5817,#5818,#5819,#5820,#5821,#5822,#5823,#5824,#5825,
    #5826,#5827,#5828,#5829,#5830,#5831,#5832),.UNSPECIFIED.,.T.,.F.,(6,
    4,4,4,4,4,4,4,6),(0.,0.138619387769,0.263630847874,0.386642185846,
    0.500950626786,0.613357767905,0.736369096435,0.861380558054,1.),
  .UNSPECIFIED.);
#5799 = CARTESIAN_POINT('',(203.54386967433,78.490287753934,
    17.762739142305));
#5800 = CARTESIAN_POINT('',(203.62055852455,78.475626138672,
    17.75569865284));
#5801 = CARTESIAN_POINT('',(203.69877950146,78.460671606617,
    17.765681160219));
#5802 = CARTESIAN_POINT('',(203.77360691654,78.446365866371,
    17.793157753038));
#5803 = CARTESIAN_POINT('',(203.84010692755,78.433652185392,
    17.836313511574));
#5804 = CARTESIAN_POINT('',(203.94409633443,78.413771163959,
    17.941431824921));
#5805 = CARTESIAN_POINT('',(203.98381691959,78.406177257727,
    18.001156611188));
#5806 = CARTESIAN_POINT('',(204.01137615143,78.400908397222,
    18.068172261464));
#5807 = CARTESIAN_POINT('',(204.02531168625,78.398244157903,
    18.138915119776));
#5808 = CARTESIAN_POINT('',(204.0259185604,78.398128133797,
    18.279361289507));
#5809 = CARTESIAN_POINT('',(204.01302266426,78.400593611726,
    18.349090338906));
#5810 = CARTESIAN_POINT('',(203.98690579443,78.405586716934,
    18.415386636718));
#5811 = CARTESIAN_POINT('',(203.94890796715,78.412851260903,
    18.474838028348));
#5812 = CARTESIAN_POINT('',(203.85730096904,78.430364974534,
    18.571467075012));
#5813 = CARTESIAN_POINT('',(203.80497230447,78.44036933299,
    18.609938058014));
#5814 = CARTESIAN_POINT('',(203.74634866975,78.451577183611,
    18.638308777149));
#5815 = CARTESIAN_POINT('',(203.68402521497,78.463492377451,
    18.655318975443));
#5816 = CARTESIAN_POINT('',(203.55853317373,78.48748434006,
    18.66606934921));
#5817 = CARTESIAN_POINT('',(203.49537849665,78.499558449591,
    18.660193364995));
#5818 = CARTESIAN_POINT('',(203.43390309205,78.511311510535,
    18.64288177138));
#5819 = CARTESIAN_POINT('',(203.37673683694,78.522240734744,
    18.614879022942));
#5820 = CARTESIAN_POINT('',(203.27048708041,78.542553896924,
    18.53712120392));
#5821 = CARTESIAN_POINT('',(203.22265606367,78.551698380938,
    18.485549426185));
#5822 = CARTESIAN_POINT('',(203.18531163883,78.558838005378,
    18.425079265422));
#5823 = CARTESIAN_POINT('',(203.16037175192,78.563606091292,
    18.35882377498));
#5824 = CARTESIAN_POINT('',(203.1362911874,78.568209889253,
    18.220532633015));
#5825 = CARTESIAN_POINT('',(203.1375717733,78.567965062819,
    18.148392838309));
#5826 = CARTESIAN_POINT('',(203.1529111954,78.565032423921,
    18.077438826276));
#5827 = CARTESIAN_POINT('',(203.18149686538,78.559567325747,
    18.011443106081));
#5828 = CARTESIAN_POINT('',(203.26533859964,78.543538199648,
    17.889080721039));
#5829 = CARTESIAN_POINT('',(203.32318306683,78.532479312723,
    17.834509367205));
#5830 = CARTESIAN_POINT('',(203.39197558431,78.519327343157,
    17.793847586035));
#5831 = CARTESIAN_POINT('',(203.46718079353,78.504949375041,
    17.769779634577));
#5832 = CARTESIAN_POINT('',(203.54386967433,78.490287753934,
    17.762739142305));
#5833 = ORIENTED_EDGE('',*,*,#5572,.T.);
#5834 = ORIENTED_EDGE('',*,*,#5835,.F.);
#5835 = EDGE_CURVE('',#5796,#5575,#5836,.T.);
#5836 = B_SPLINE_CURVE_WITH_KNOTS('',5,(#5837,#5838,#5839,#5840,#5841,
    #5842,#5843,#5844,#5845,#5846,#5847,#5848,#5849,#5850,#5851,#5852,
    #5853,#5854,#5855,#5856,#5857,#5858,#5859,#5860,#5861,#5862,#5863,
    #5864,#5865,#5866,#5867,#5868,#5869,#5870),.UNSPECIFIED.,.T.,.F.,(6,
    4,4,4,4,4,4,4,6),(0.,0.138619387769,0.263630847874,0.386642185846,
    0.500950626786,0.613357767905,0.736369096435,0.861380558054,1.),
  .UNSPECIFIED.);
#5837 = CARTESIAN_POINT('',(203.54386967433,78.490287753934,
    17.762739142305));
#5838 = CARTESIAN_POINT('',(203.62055852455,78.475626138672,
    17.75569865284));
#5839 = CARTESIAN_POINT('',(203.69877950146,78.460671606617,
    17.765681160219));
#5840 = CARTESIAN_POINT('',(203.77360691654,78.446365866371,
    17.793157753038));
#5841 = CARTESIAN_POINT('',(203.84010692755,78.433652185392,
    17.836313511574));
#5842 = CARTESIAN_POINT('',(203.94409633443,78.413771163959,
    17.941431824921));
#5843 = CARTESIAN_POINT('',(203.98381691959,78.406177257727,
    18.001156611188));
#5844 = CARTESIAN_POINT('',(204.01137615143,78.400908397222,
    18.068172261464));
#5845 = CARTESIAN_POINT('',(204.02531168625,78.398244157903,
    18.138915119776));
#5846 = CARTESIAN_POINT('',(204.0259185604,78.398128133797,
    18.279361289507));
#5847 = CARTESIAN_POINT('',(204.01302266426,78.400593611726,
    18.349090338906));
#5848 = CARTESIAN_POINT('',(203.98690579443,78.405586716934,
    18.415386636718));
#5849 = CARTESIAN_POINT('',(203.94890796715,78.412851260903,
    18.474838028348));
#5850 = CARTESIAN_POINT('',(203.85730096904,78.430364974534,
    18.571467075012));
#5851 = CARTESIAN_POINT('',(203.80497230447,78.44036933299,
    18.609938058014));
#5852 = CARTESIAN_POINT('',(203.74634866975,78.451577183611,
    18.638308777149));
#5853 = CARTESIAN_POINT('',(203.68402521497,78.463492377451,
    18.655318975443));
#5854 = CARTESIAN_POINT('',(203.55853317373,78.48748434006,
    18.66606934921));
#5855 = CARTESIAN_POINT('',(203.49537849665,78.499558449591,
    18.660193364995));
#5856 = CARTESIAN_POINT('',(203.43390309205,78.511311510535,
    18.64288177138));
#5857 = CARTESIAN_POINT('',(203.37673683694,78.522240734744,
    18.614879022942));
#5858 = CARTESIAN_POINT('',(203.27048708041,78.542553896924,
    18.53712120392));
#5859 = CARTESIAN_POINT('',(203.22265606367,78.551698380938,
    18.485549426185));
#5860 = CARTESIAN_POINT('',(203.18531163883,78.558838005378,
    18.425079265422));
#5861 = CARTESIAN_POINT('',(203.16037175192,78.563606091292,
    18.35882377498));
#5862 = CARTESIAN_POINT('',(203.1362911874,78.568209889253,
    18.220532633015));
#5863 = CARTESIAN_POINT('',(203.1375717733,78.567965062819,
    18.148392838309));
#5864 = CARTESIAN_POINT('',(203.1529111954,78.565032423921,
    18.077438826276));
#5865 = CARTESIAN_POINT('',(203.18149686538,78.559567325747,
    18.011443106081));
#5866 = CARTESIAN_POINT('',(203.26533859964,78.543538199648,
    17.889080721039));
#5867 = CARTESIAN_POINT('',(203.32318306683,78.532479312723,
    17.834509367205));
#5868 = CARTESIAN_POINT('',(203.39197558431,78.519327343157,
    17.793847586035));
#5869 = CARTESIAN_POINT('',(203.46718079353,78.504949375041,
    17.769779634577));
#5870 = CARTESIAN_POINT('',(203.54386967433,78.490287753934,
    17.762739142305));
#5871 = PLANE('',#5872);
#5872 = AXIS2_PLACEMENT_3D('',#5873,#5874,#5875);
#5873 = CARTESIAN_POINT('',(203.58288389758,78.482828892191,
    18.203236198613));
#5874 = DIRECTION('',(0.187782127999,0.982210706725,-0.));
#5875 = DIRECTION('',(-8.821073542048E-02,1.68644054643E-02,
    -0.995959064412));
#5876 = ADVANCED_FACE('',(#5877),#5937,.T.);
#5877 = FACE_BOUND('',#5878,.F.);
#5878 = EDGE_LOOP('',(#5879,#5880,#5889,#5896,#5897,#5898,#5899,#5936));
#5879 = ORIENTED_EDGE('',*,*,#5835,.F.);
#5880 = ORIENTED_EDGE('',*,*,#5881,.F.);
#5881 = EDGE_CURVE('',#5882,#5796,#5884,.T.);
#5882 = VERTEX_POINT('',#5883);
#5883 = CARTESIAN_POINT('',(205.09758215506,83.829632416424,
    23.567592161185));
#5884 = CIRCLE('',#5885,5.83612093032);
#5885 = AXIS2_PLACEMENT_3D('',#5886,#5887,#5888);
#5886 = CARTESIAN_POINT('',(204.00166294751,78.097331952925,
    23.567592161185));
#5887 = DIRECTION('',(-0.978241656525,0.187023312515,8.980836272356E-02)
  );
#5888 = DIRECTION('',(0.187782127999,0.982210706725,-0.));
#5889 = ORIENTED_EDGE('',*,*,#5890,.T.);
#5890 = EDGE_CURVE('',#5882,#5882,#5891,.T.);
#5891 = CIRCLE('',#5892,0.45);
#5892 = AXIS2_PLACEMENT_3D('',#5893,#5894,#5895);
#5893 = CARTESIAN_POINT('',(205.01308019746,83.387637598398,
    23.567592161185));
#5894 = DIRECTION('',(-8.821073542048E-02,1.68644054643E-02,
    -0.995959064412));
#5895 = DIRECTION('',(0.187782127999,0.982210706725,-0.));
#5896 = ORIENTED_EDGE('',*,*,#5881,.T.);
#5897 = ORIENTED_EDGE('',*,*,#5795,.F.);
#5898 = ORIENTED_EDGE('',*,*,#5583,.F.);
#5899 = ORIENTED_EDGE('',*,*,#5900,.F.);
#5900 = EDGE_CURVE('',#5624,#5584,#5901,.T.);
#5901 = B_SPLINE_CURVE_WITH_KNOTS('',5,(#5902,#5903,#5904,#5905,#5906,
    #5907,#5908,#5909,#5910,#5911,#5912,#5913,#5914,#5915,#5916,#5917,
    #5918,#5919,#5920,#5921,#5922,#5923,#5924,#5925,#5926,#5927,#5928,
    #5929,#5930,#5931,#5932,#5933,#5934,#5935),.UNSPECIFIED.,.T.,.F.,(6,
    4,4,4,4,4,4,4,6),(0.,0.138610114175,0.263630309534,0.386650049708,
    0.500950528744,0.613349908705,0.736369632174,0.861389830361,1.),
  .UNSPECIFIED.);
#5902 = CARTESIAN_POINT('',(203.41295216982,77.802638935013,
    17.76872303361));
#5903 = CARTESIAN_POINT('',(203.4896440914,77.787976732558,
    17.761682262175));
#5904 = CARTESIAN_POINT('',(203.56786999745,77.773021258135,
    17.771683415944));
#5905 = CARTESIAN_POINT('',(203.64270109429,77.758714814,17.799197944348
    ));
#5906 = CARTESIAN_POINT('',(203.70920257252,77.746000852513,
    17.842405637406));
#5907 = CARTESIAN_POINT('',(203.81320226569,77.726117864513,
    17.947647350822));
#5908 = CARTESIAN_POINT('',(203.85292898429,77.71852278567,
    18.00744464731));
#5909 = CARTESIAN_POINT('',(203.88049312342,77.713252986974,
    18.074539042934));
#5910 = CARTESIAN_POINT('',(203.89443515623,77.710587505351,
    18.145364176245));
#5911 = CARTESIAN_POINT('',(203.89505719349,77.710468582314,
    18.285976390106));
#5912 = CARTESIAN_POINT('',(203.88216996221,77.712932403667,
    18.355788955431));
#5913 = CARTESIAN_POINT('',(203.85606267809,77.717923676248,
    18.422168246066));
#5914 = CARTESIAN_POINT('',(203.81807171201,77.725186908471,
    18.481697570018));
#5915 = CARTESIAN_POINT('',(203.72647500782,77.74269865408,
    18.578448051522));
#5916 = CARTESIAN_POINT('',(203.67415270309,77.752701796642,
    18.616966412059));
#5917 = CARTESIAN_POINT('',(203.61553167534,77.763909148852,
    18.645371986287));
#5918 = CARTESIAN_POINT('',(203.5532072095,77.77582453599,18.66239944055
    ));
#5919 = CARTESIAN_POINT('',(203.42771035468,77.799817418876,
    18.673149114021));
#5920 = CARTESIAN_POINT('',(203.36455169134,77.811892290513,
    18.667255759875));
#5921 = CARTESIAN_POINT('',(203.30307279767,77.823646018507,
    18.649909551997));
#5922 = CARTESIAN_POINT('',(203.24590448016,77.834575637012,
    18.621859692302));
#5923 = CARTESIAN_POINT('',(203.13964350965,77.854890943117,
    18.543981431343));
#5924 = CARTESIAN_POINT('',(203.09180554954,77.864036754586,
    18.492331732562));
#5925 = CARTESIAN_POINT('',(203.05445597164,77.871177364203,
    18.431778175783));
#5926 = CARTESIAN_POINT('',(203.02950993265,77.875946626292,
    18.365438942088));
#5927 = CARTESIAN_POINT('',(203.00541510298,77.880553151509,
    18.226981673887));
#5928 = CARTESIAN_POINT('',(203.00668762188,77.88030986735,
    18.154759745006));
#5929 = CARTESIAN_POINT('',(203.02201803327,77.877378951146,
    18.083727360582));
#5930 = CARTESIAN_POINT('',(203.05059699571,77.871915135344,
    18.017659179052));
#5931 = CARTESIAN_POINT('',(203.13442716717,77.855888219856,
    17.895173503825));
#5932 = CARTESIAN_POINT('',(203.19226395347,77.844830801388,
    17.840550782491));
#5933 = CARTESIAN_POINT('',(203.2610534297,77.831679413258,
    17.799851004416));
#5934 = CARTESIAN_POINT('',(203.33626021489,77.817301143842,
    17.775763808106));
#5935 = CARTESIAN_POINT('',(203.41295216982,77.802638935013,
    17.76872303361));
#5936 = ORIENTED_EDGE('',*,*,#5632,.F.);
#5937 = TOROIDAL_SURFACE('',#5938,5.38612093032,0.45);
#5938 = AXIS2_PLACEMENT_3D('',#5939,#5940,#5941);
#5939 = CARTESIAN_POINT('',(204.00166294751,78.097331952925,
    23.567592161185));
#5940 = DIRECTION('',(0.978241656525,-0.187023312515,-8.980836272356E-02
    ));
#5941 = DIRECTION('',(0.187782127999,0.982210706725,-0.));
#5942 = ADVANCED_FACE('',(#5943),#5948,.F.);
#5943 = FACE_BOUND('',#5944,.T.);
#5944 = EDGE_LOOP('',(#5945,#5946,#5947));
#5945 = ORIENTED_EDGE('',*,*,#5623,.F.);
#5946 = ORIENTED_EDGE('',*,*,#5900,.T.);
#5947 = ORIENTED_EDGE('',*,*,#5596,.F.);
#5948 = PLANE('',#5949);
#5949 = AXIS2_PLACEMENT_3D('',#5950,#5951,#5952);
#5950 = CARTESIAN_POINT('',(201.81686970424,78.107782994018,
    15.893358616752));
#5951 = DIRECTION('',(0.187782127999,0.982210706725,-0.));
#5952 = DIRECTION('',(-8.821073542048E-02,1.68644054643E-02,
    -0.995959064412));
#5953 = ADVANCED_FACE('',(#5954),#6034,.T.);
#5954 = FACE_BOUND('',#5955,.F.);
#5955 = EDGE_LOOP('',(#5956,#5957,#5958,#5997));
#5956 = ORIENTED_EDGE('',*,*,#5698,.T.);
#5957 = ORIENTED_EDGE('',*,*,#5742,.T.);
#5958 = ORIENTED_EDGE('',*,*,#5959,.T.);
#5959 = EDGE_CURVE('',#5730,#5960,#5962,.T.);
#5960 = VERTEX_POINT('',#5961);
#5961 = CARTESIAN_POINT('',(204.57212549748,78.29370257595,
    29.372445180066));
#5962 = B_SPLINE_CURVE_WITH_KNOTS('',5,(#5963,#5964,#5965,#5966,#5967,
    #5968,#5969,#5970,#5971,#5972,#5973,#5974,#5975,#5976,#5977,#5978,
    #5979,#5980,#5981,#5982,#5983,#5984,#5985,#5986,#5987,#5988,#5989,
    #5990,#5991,#5992,#5993,#5994,#5995,#5996),.UNSPECIFIED.,.T.,.F.,(6,
    4,4,4,4,4,4,4,6),(0.,0.138619387781,0.263630847886,0.386642185857,
    0.500950626823,0.613357768105,0.736369096635,0.861380558255,1.),
  .UNSPECIFIED.);
#5963 = CARTESIAN_POINT('',(204.57212549748,78.29370257595,
    29.372445180066));
#5964 = CARTESIAN_POINT('',(204.64881434771,78.279040960687,
    29.3654046906));
#5965 = CARTESIAN_POINT('',(204.72401952345,78.264662998973,
    29.341336756087));
#5966 = CARTESIAN_POINT('',(204.79281201858,78.25151103368,
    29.300675007116));
#5967 = CARTESIAN_POINT('',(204.850656476,78.240452148621,
    29.246103691844));
#5968 = CARTESIAN_POINT('',(204.93449823322,78.224423018132,
    29.123741368067));
#5969 = CARTESIAN_POINT('',(204.96308392591,78.218957915617,
    29.057745661993));
#5970 = CARTESIAN_POINT('',(204.97842337385,78.216025271781,
    28.986791659502));
#5971 = CARTESIAN_POINT('',(204.9797039874,78.215780440058,
    28.914651868884));
#5972 = CARTESIAN_POINT('',(204.95562347734,78.220384227609,
    28.776360717594));
#5973 = CARTESIAN_POINT('',(204.93068361491,78.225152308843,
    28.710105214335));
#5974 = CARTESIAN_POINT('',(204.89333921126,78.232291929229,
    28.649635036308));
#5975 = CARTESIAN_POINT('',(204.84550821153,78.241436409993,
    28.598063238008));
#5976 = CARTESIAN_POINT('',(204.73840038266,78.261913621139,
    28.519677386304));
#5977 = CARTESIAN_POINT('',(204.68015615501,78.273048935523,
    28.491357647981));
#5978 = CARTESIAN_POINT('',(204.61749320476,78.285029035175,
    28.474121753814));
#5979 = CARTESIAN_POINT('',(204.55318625735,78.297323439366,
    28.46873697448));
#5980 = CARTESIAN_POINT('',(204.42782960595,78.321289517721,
    28.481015992537));
#5981 = CARTESIAN_POINT('',(204.36672614293,78.332971469705,
    28.498299608077));
#5982 = CARTESIAN_POINT('',(204.30928419842,78.343953401081,
    28.526528516888));
#5983 = CARTESIAN_POINT('',(204.25796041962,78.353765642316,
    28.564491291415));
#5984 = CARTESIAN_POINT('',(204.16708730154,78.37113905046,
    28.660346154956));
#5985 = CARTESIAN_POINT('',(204.12908945399,78.378403598304,
    28.719797529495));
#5986 = CARTESIAN_POINT('',(204.10297256034,78.383396708066,
    28.786093814215));
#5987 = CARTESIAN_POINT('',(204.09007663795,78.385862191014,
    28.855822855479));
#5988 = CARTESIAN_POINT('',(204.09068345705,78.385746177432,
    28.996269025951));
#5989 = CARTESIAN_POINT('',(204.10461896546,78.383081943163,
    29.067011893306));
#5990 = CARTESIAN_POINT('',(204.13217817363,78.377813087181,
    29.134027557641));
#5991 = CARTESIAN_POINT('',(204.17189873901,78.370219184733,
    29.193752361889));
#5992 = CARTESIAN_POINT('',(204.2758881341,78.350338165552,
    29.298870739495));
#5993 = CARTESIAN_POINT('',(204.34238816144,78.337624481452,
    29.342026534069));
#5994 = CARTESIAN_POINT('',(204.41721560407,78.323318735938,
    29.369503154412));
#5995 = CARTESIAN_POINT('',(204.4954366168,78.308364197036,
    29.379485672328));
#5996 = CARTESIAN_POINT('',(204.57212549748,78.29370257595,
    29.372445180066));
#5997 = ORIENTED_EDGE('',*,*,#5998,.T.);
#5998 = EDGE_CURVE('',#5960,#5699,#5999,.T.);
#5999 = B_SPLINE_CURVE_WITH_KNOTS('',5,(#6000,#6001,#6002,#6003,#6004,
    #6005,#6006,#6007,#6008,#6009,#6010,#6011,#6012,#6013,#6014,#6015,
    #6016,#6017,#6018,#6019,#6020,#6021,#6022,#6023,#6024,#6025,#6026,
    #6027,#6028,#6029,#6030,#6031,#6032,#6033),.UNSPECIFIED.,.T.,.F.,(6,
    4,4,4,4,4,4,4,6),(0.,0.138619387781,0.263630847886,0.386642185857,
    0.500950626823,0.613357768105,0.736369096635,0.861380558255,1.),
  .UNSPECIFIED.);
#6000 = CARTESIAN_POINT('',(204.57212549748,78.29370257595,
    29.372445180066));
#6001 = CARTESIAN_POINT('',(204.64881434771,78.279040960687,
    29.3654046906));
#6002 = CARTESIAN_POINT('',(204.72401952345,78.264662998973,
    29.341336756087));
#6003 = CARTESIAN_POINT('',(204.79281201858,78.25151103368,
    29.300675007116));
#6004 = CARTESIAN_POINT('',(204.850656476,78.240452148621,
    29.246103691844));
#6005 = CARTESIAN_POINT('',(204.93449823322,78.224423018132,
    29.123741368067));
#6006 = CARTESIAN_POINT('',(204.96308392591,78.218957915617,
    29.057745661993));
#6007 = CARTESIAN_POINT('',(204.97842337385,78.216025271781,
    28.986791659502));
#6008 = CARTESIAN_POINT('',(204.9797039874,78.215780440058,
    28.914651868884));
#6009 = CARTESIAN_POINT('',(204.95562347734,78.220384227609,
    28.776360717594));
#6010 = CARTESIAN_POINT('',(204.93068361491,78.225152308843,
    28.710105214335));
#6011 = CARTESIAN_POINT('',(204.89333921126,78.232291929229,
    28.649635036308));
#6012 = CARTESIAN_POINT('',(204.84550821153,78.241436409993,
    28.598063238008));
#6013 = CARTESIAN_POINT('',(204.73840038266,78.261913621139,
    28.519677386304));
#6014 = CARTESIAN_POINT('',(204.68015615501,78.273048935523,
    28.491357647981));
#6015 = CARTESIAN_POINT('',(204.61749320476,78.285029035175,
    28.474121753814));
#6016 = CARTESIAN_POINT('',(204.55318625735,78.297323439366,
    28.46873697448));
#6017 = CARTESIAN_POINT('',(204.42782960595,78.321289517721,
    28.481015992537));
#6018 = CARTESIAN_POINT('',(204.36672614293,78.332971469705,
    28.498299608077));
#6019 = CARTESIAN_POINT('',(204.30928419842,78.343953401081,
    28.526528516888));
#6020 = CARTESIAN_POINT('',(204.25796041962,78.353765642316,
    28.564491291415));
#6021 = CARTESIAN_POINT('',(204.16708730154,78.37113905046,
    28.660346154956));
#6022 = CARTESIAN_POINT('',(204.12908945399,78.378403598304,
    28.719797529495));
#6023 = CARTESIAN_POINT('',(204.10297256034,78.383396708066,
    28.786093814215));
#6024 = CARTESIAN_POINT('',(204.09007663795,78.385862191014,
    28.855822855479));
#6025 = CARTESIAN_POINT('',(204.09068345705,78.385746177432,
    28.996269025951));
#6026 = CARTESIAN_POINT('',(204.10461896546,78.383081943163,
    29.067011893306));
#6027 = CARTESIAN_POINT('',(204.13217817363,78.377813087181,
    29.134027557641));
#6028 = CARTESIAN_POINT('',(204.17189873901,78.370219184733,
    29.193752361889));
#6029 = CARTESIAN_POINT('',(204.2758881341,78.350338165552,
    29.298870739495));
#6030 = CARTESIAN_POINT('',(204.34238816144,78.337624481452,
    29.342026534069));
#6031 = CARTESIAN_POINT('',(204.41721560407,78.323318735938,
    29.369503154412));
#6032 = CARTESIAN_POINT('',(204.4954366168,78.308364197036,
    29.379485672328));
#6033 = CARTESIAN_POINT('',(204.57212549748,78.29370257595,
    29.372445180066));
#6034 = PLANE('',#6035);
#6035 = AXIS2_PLACEMENT_3D('',#6036,#6037,#6038);
#6036 = CARTESIAN_POINT('',(204.53311127423,78.301161437693,
    28.931948123758));
#6037 = DIRECTION('',(0.187782127999,0.982210706725,-0.));
#6038 = DIRECTION('',(-8.821073542048E-02,1.68644054643E-02,
    -0.995959064412));
#6039 = ADVANCED_FACE('',(#6040),#6092,.T.);
#6040 = FACE_BOUND('',#6041,.F.);
#6041 = EDGE_LOOP('',(#6042,#6043,#6050,#6051,#6052,#6053,#6054,#6091));
#6042 = ORIENTED_EDGE('',*,*,#5959,.T.);
#6043 = ORIENTED_EDGE('',*,*,#6044,.T.);
#6044 = EDGE_CURVE('',#5960,#5882,#6045,.T.);
#6045 = CIRCLE('',#6046,5.83612093032);
#6046 = AXIS2_PLACEMENT_3D('',#6047,#6048,#6049);
#6047 = CARTESIAN_POINT('',(204.00166294751,78.097331952925,
    23.567592161185));
#6048 = DIRECTION('',(-0.978241656525,0.187023312515,8.980836272356E-02)
  );
#6049 = DIRECTION('',(0.187782127999,0.982210706725,-0.));
#6050 = ORIENTED_EDGE('',*,*,#5890,.F.);
#6051 = ORIENTED_EDGE('',*,*,#6044,.F.);
#6052 = ORIENTED_EDGE('',*,*,#5998,.T.);
#6053 = ORIENTED_EDGE('',*,*,#5707,.T.);
#6054 = ORIENTED_EDGE('',*,*,#6055,.T.);
#6055 = EDGE_CURVE('',#5708,#5721,#6056,.T.);
#6056 = B_SPLINE_CURVE_WITH_KNOTS('',5,(#6057,#6058,#6059,#6060,#6061,
    #6062,#6063,#6064,#6065,#6066,#6067,#6068,#6069,#6070,#6071,#6072,
    #6073,#6074,#6075,#6076,#6077,#6078,#6079,#6080,#6081,#6082,#6083,
    #6084,#6085,#6086,#6087,#6088,#6089,#6090),.UNSPECIFIED.,.T.,.F.,(6,
    4,4,4,4,4,4,4,6),(0.,0.138610114167,0.263630309527,0.3866500497,
    0.500950528721,0.613349908588,0.736369632057,0.861389830244,1.),
  .UNSPECIFIED.);
#6057 = CARTESIAN_POINT('',(204.4401480228,77.606256405457,
    29.366461288761));
#6058 = CARTESIAN_POINT('',(204.51683994438,77.591594203002,
    29.359420517326));
#6059 = CARTESIAN_POINT('',(204.5920466934,77.577215940503,
    29.335333339469));
#6060 = CARTESIAN_POINT('',(204.66083614528,77.564064557028,
    29.294633596304));
#6061 = CARTESIAN_POINT('',(204.71867292091,77.553007140599,
    29.240010917058));
#6062 = CARTESIAN_POINT('',(204.80250311606,77.536980220583,
    29.117525310355));
#6063 = CARTESIAN_POINT('',(204.83108210259,77.531516400172,
    29.051457146643));
#6064 = CARTESIAN_POINT('',(204.84641254243,77.528585478531,
    28.980424775285));
#6065 = CARTESIAN_POINT('',(204.84768509274,77.528342188367,
    28.908202853369));
#6066 = CARTESIAN_POINT('',(204.82359032583,77.532948701585,
    28.769745574748));
#6067 = CARTESIAN_POINT('',(204.79864431403,77.537717958475,
    28.703406324622));
#6068 = CARTESIAN_POINT('',(204.76129475893,77.544858563732,
    28.642852746679));
#6069 = CARTESIAN_POINT('',(204.71345681635,77.554004371852,
    28.591203023547));
#6070 = CARTESIAN_POINT('',(204.60633777822,77.574483726019,
    28.512695821039));
#6071 = CARTESIAN_POINT('',(204.54809148321,77.585619435648,
    28.484328311108));
#6072 = CARTESIAN_POINT('',(204.48542497357,77.597600215794,
    28.467057649277));
#6073 = CARTESIAN_POINT('',(204.42111399942,77.609895389831,
    28.461656076458));
#6074 = CARTESIAN_POINT('',(204.29575273529,77.633862350063,
    28.473936660153));
#6075 = CARTESIAN_POINT('',(204.23464840249,77.645544468334,
    28.491238091361));
#6076 = CARTESIAN_POINT('',(204.17720910732,77.656525893199,
    28.519501691398));
#6077 = CARTESIAN_POINT('',(204.1258915773,77.666336939774,
    28.557511192681));
#6078 = CARTESIAN_POINT('',(204.03502858873,77.683708411327,
    28.653486597422));
#6079 = CARTESIAN_POINT('',(203.99703760109,77.690971647672,
    28.713015900581));
#6080 = CARTESIAN_POINT('',(203.97093029077,77.695962925261,
    28.779395174526));
#6081 = CARTESIAN_POINT('',(203.9580430298,77.698426752291,
    28.849207728632));
#6082 = CARTESIAN_POINT('',(203.9586650034,77.698307841426,
    28.989819943669));
#6083 = CARTESIAN_POINT('',(203.97260700647,77.695642365486,
    29.060645089564));
#6084 = CARTESIAN_POINT('',(204.00017111986,77.69037257171,
    29.127739503243));
#6085 = CARTESIAN_POINT('',(204.03989781785,77.68277749681,
    29.187536821679));
#6086 = CARTESIAN_POINT('',(204.14389749973,77.662894510969,
    29.292778606945));
#6087 = CARTESIAN_POINT('',(204.21039899588,77.650180546056,
    29.335986339541));
#6088 = CARTESIAN_POINT('',(204.28523012286,77.635874096157,
    29.363500897905));
#6089 = CARTESIAN_POINT('',(204.36345606781,77.620918614298,
    29.373502063262));
#6090 = CARTESIAN_POINT('',(204.4401480228,77.606256405457,
    29.366461288761));
#6091 = ORIENTED_EDGE('',*,*,#5729,.F.);
#6092 = TOROIDAL_SURFACE('',#6093,5.38612093032,0.45);
#6093 = AXIS2_PLACEMENT_3D('',#6094,#6095,#6096);
#6094 = CARTESIAN_POINT('',(204.00166294751,78.097331952925,
    23.567592161185));
#6095 = DIRECTION('',(0.978241656525,-0.187023312515,-8.980836272356E-02
    ));
#6096 = DIRECTION('',(0.187782127999,0.982210706725,-0.));
#6097 = ADVANCED_FACE('',(#6098),#6102,.F.);
#6098 = FACE_BOUND('',#6099,.T.);
#6099 = EDGE_LOOP('',(#6100,#6101));
#6100 = ORIENTED_EDGE('',*,*,#6055,.F.);
#6101 = ORIENTED_EDGE('',*,*,#5720,.F.);
#6102 = PLANE('',#6103);
#6103 = AXIS2_PLACEMENT_3D('',#6104,#6105,#6106);
#6104 = CARTESIAN_POINT('',(201.81686970424,78.107782994018,
    15.893358616752));
#6105 = DIRECTION('',(0.187782127999,0.982210706725,-0.));
#6106 = DIRECTION('',(-8.821073542048E-02,1.68644054643E-02,
    -0.995959064412));
#6107 = ( GEOMETRIC_REPRESENTATION_CONTEXT(3) 
GLOBAL_UNCERTAINTY_ASSIGNED_CONTEXT((#6111)) 
GLOBAL_UNIT_ASSIGNED_CONTEXT((#6108,#6109,#6110)) REPRESENTATION_CONTEXT
('Context #1','3D Context with UNIT and UNCERTAINTY') );
#6108 = ( LENGTH_UNIT() NAMED_UNIT(*) SI_UNIT(.MILLI.,.METRE.) );
#6109 = ( NAMED_UNIT(*) PLANE_ANGLE_UNIT() SI_UNIT($,.RADIAN.) );
#6110 = ( NAMED_UNIT(*) SI_UNIT($,.STERADIAN.) SOLID_ANGLE_UNIT() );
#6111 = UNCERTAINTY_MEASURE_WITH_UNIT(LENGTH_MEASURE(5.E-07),#6108,
  'distance_accuracy_value','confusion accuracy');
#6112 = PRODUCT_RELATED_PRODUCT_CATEGORY('part',$,(#7));
ENDSEC;
END-ISO-10303-21;
