ISO-10303-21;
HEADER;
FILE_DESCRIPTION(('FreeCAD Model'),'2;1');
FILE_NAME('Open CASCADE Shape Model','2026-09-26T11:04:32',('FreeCAD'),(
    'FreeCAD'),'Open CASCADE STEP processor 7.8','FreeCAD','Unknown');
FILE_SCHEMA(('AUTOMOTIVE_DESIGN { 1 0 10303 214 1 1 1 1 }'));
ENDSEC;
DATA;
#1 = APPLICATION_PROTOCOL_DEFINITION('international standard',
  'automotive_design',2000,#2);
#2 = APPLICATION_CONTEXT(
  'core data for automotive mechanical design processes');
#3 = SHAPE_DEFINITION_REPRESENTATION(#4,#10);
#4 = PRODUCT_DEFINITION_SHAPE('','',#5);
#5 = PRODUCT_DEFINITION('design','',#6,#9);
#6 = PRODUCT_DEFINITION_FORMATION('','',#7);
#7 = PRODUCT('Open CASCADE STEP translator 7.8 43',
  'Open CASCADE STEP translator 7.8 43','',(#8));
#8 = PRODUCT_CONTEXT('',#2,'mechanical');
#9 = PRODUCT_DEFINITION_CONTEXT('part definition',#2,'design');
#10 = SHAPE_REPRESENTATION('',(#11,#15,#701,#1319,#2066,#2684,#3302),
  #3988);
#11 = AXIS2_PLACEMENT_3D('',#12,#13,#14);
#12 = CARTESIAN_POINT('',(0.,0.,0.));
#13 = DIRECTION('',(0.,0.,1.));
#14 = DIRECTION('',(1.,0.,-0.));
#15 = MANIFOLD_SOLID_BREP('',#16);
#16 = CLOSED_SHELL('',(#17,#59,#92,#119,#136,#158,#183,#208,#228,#254,
    #279,#299,#325,#350,#376,#401,#421,#446,#471,#491,#516,#542,#567,
    #593,#613,#638,#664,#684));
#17 = ADVANCED_FACE('',(#18),#54,.T.);
#18 = FACE_BOUND('',#19,.T.);
#19 = EDGE_LOOP('',(#20,#30,#39,#47));
#20 = ORIENTED_EDGE('',*,*,#21,.T.);
#21 = EDGE_CURVE('',#22,#24,#26,.T.);
#22 = VERTEX_POINT('',#23);
#23 = CARTESIAN_POINT('',(124.4,56.645364323908,31.));
#24 = VERTEX_POINT('',#25);
#25 = CARTESIAN_POINT('',(129.6,4.906017594364,31.));
#26 = LINE('',#27,#28);
#27 = CARTESIAN_POINT('',(124.4,56.645364323908,31.));
#28 = VECTOR('',#29,1.);
#29 = DIRECTION('',(0.1,-0.994987437107,0.));
#30 = ORIENTED_EDGE('',*,*,#31,.F.);
#31 = EDGE_CURVE('',#32,#24,#34,.T.);
#32 = VERTEX_POINT('',#33);
#33 = CARTESIAN_POINT('',(121.5,4.995967496637,22.050097726933));
#34 = CIRCLE('',#35,8.1);
#35 = AXIS2_PLACEMENT_3D('',#36,#37,#38);
#36 = CARTESIAN_POINT('',(129.519,5.71195741842,22.940601759436));
#37 = DIRECTION('',(9.949874371066E-02,-0.99,-0.1));
#38 = DIRECTION('',(1.E-02,-9.949874371066E-02,0.994987437107));
#39 = ORIENTED_EDGE('',*,*,#40,.F.);
#40 = EDGE_CURVE('',#41,#32,#43,.T.);
#41 = VERTEX_POINT('',#42);
#42 = CARTESIAN_POINT('',(121.5,56.677568609907,27.795714001001));
#43 = LINE('',#44,#45);
#44 = CARTESIAN_POINT('',(121.5,85.5,31.));
#45 = VECTOR('',#46,1.);
#46 = DIRECTION('',(0.,-0.993876944486,-0.110492620655));
#47 = ORIENTED_EDGE('',*,*,#48,.T.);
#48 = EDGE_CURVE('',#41,#22,#49,.T.);
#49 = CIRCLE('',#50,2.9);
#50 = AXIS2_PLACEMENT_3D('',#51,#52,#53);
#51 = CARTESIAN_POINT('',(124.371,56.933910680669,28.114536432391));
#52 = DIRECTION('',(9.949874371066E-02,-0.99,-0.1));
#53 = DIRECTION('',(1.E-02,-9.949874371066E-02,0.994987437107));
#54 = CONICAL_SURFACE('',#55,2.9,0.100167421162);
#55 = AXIS2_PLACEMENT_3D('',#56,#57,#58);
#56 = CARTESIAN_POINT('',(124.371,56.933910680669,28.114536432391));
#57 = DIRECTION('',(9.949874371066E-02,-0.99,-0.1));
#58 = DIRECTION('',(1.E-02,-9.949874371066E-02,0.994987437107));
#59 = ADVANCED_FACE('',(#60),#87,.T.);
#60 = FACE_BOUND('',#61,.T.);
#61 = EDGE_LOOP('',(#62,#71,#72,#81));
#62 = ORIENTED_EDGE('',*,*,#63,.F.);
#63 = EDGE_CURVE('',#24,#64,#66,.T.);
#64 = VERTEX_POINT('',#65);
#65 = CARTESIAN_POINT('',(121.5,4.832347660257,23.669934107097));
#66 = CIRCLE('',#67,8.1);
#67 = AXIS2_PLACEMENT_3D('',#68,#69,#70);
#68 = CARTESIAN_POINT('',(129.519,5.71195741842,22.940601759436));
#69 = DIRECTION('',(9.949874371066E-02,-0.99,-0.1));
#70 = DIRECTION('',(1.E-02,-9.949874371066E-02,0.994987437107));
#71 = ORIENTED_EDGE('',*,*,#21,.F.);
#72 = ORIENTED_EDGE('',*,*,#73,.T.);
#73 = EDGE_CURVE('',#22,#74,#76,.T.);
#74 = VERTEX_POINT('',#75);
#75 = CARTESIAN_POINT('',(121.5,56.618988668487,28.375655421059));
#76 = CIRCLE('',#77,2.9);
#77 = AXIS2_PLACEMENT_3D('',#78,#79,#80);
#78 = CARTESIAN_POINT('',(124.371,56.933910680669,28.114536432391));
#79 = DIRECTION('',(9.949874371066E-02,-0.99,-0.1));
#80 = DIRECTION('',(1.E-02,-9.949874371066E-02,0.994987437107));
#81 = ORIENTED_EDGE('',*,*,#82,.T.);
#82 = EDGE_CURVE('',#74,#64,#83,.T.);
#83 = LINE('',#84,#85);
#84 = CARTESIAN_POINT('',(121.5,85.5,31.));
#85 = VECTOR('',#86,1.);
#86 = DIRECTION('',(0.,-0.995896942466,-9.049464065313E-02));
#87 = CONICAL_SURFACE('',#88,2.9,0.100167421162);
#88 = AXIS2_PLACEMENT_3D('',#89,#90,#91);
#89 = CARTESIAN_POINT('',(124.371,56.933910680669,28.114536432391));
#90 = DIRECTION('',(9.949874371066E-02,-0.99,-0.1));
#91 = DIRECTION('',(1.E-02,-9.949874371066E-02,0.994987437107));
#92 = ADVANCED_FACE('',(#93,#103),#114,.F.);
#93 = FACE_BOUND('',#94,.F.);
#94 = EDGE_LOOP('',(#95,#96,#97));
#95 = ORIENTED_EDGE('',*,*,#48,.T.);
#96 = ORIENTED_EDGE('',*,*,#73,.T.);
#97 = ORIENTED_EDGE('',*,*,#98,.F.);
#98 = EDGE_CURVE('',#41,#74,#99,.T.);
#99 = LINE('',#100,#101);
#100 = CARTESIAN_POINT('',(121.5,58.177922109554,12.9422143545));
#101 = VECTOR('',#102,1.);
#102 = DIRECTION('',(0.,-0.100498705962,0.994937189022));
#103 = FACE_BOUND('',#104,.F.);
#104 = EDGE_LOOP('',(#105));
#105 = ORIENTED_EDGE('',*,*,#106,.F.);
#106 = EDGE_CURVE('',#107,#107,#109,.T.);
#107 = VERTEX_POINT('',#108);
#108 = CARTESIAN_POINT('',(124.3895,56.749838004804,29.955263191038));
#109 = CIRCLE('',#110,1.85);
#110 = AXIS2_PLACEMENT_3D('',#111,#112,#113);
#111 = CARTESIAN_POINT('',(124.371,56.933910680669,28.114536432391));
#112 = DIRECTION('',(9.949874371066E-02,-0.99,-0.1));
#113 = DIRECTION('',(1.E-02,-9.949874371066E-02,0.994987437107));
#114 = PLANE('',#115);
#115 = AXIS2_PLACEMENT_3D('',#116,#117,#118);
#116 = CARTESIAN_POINT('',(124.371,56.933910680669,28.114536432391));
#117 = DIRECTION('',(9.949874371066E-02,-0.99,-0.1));
#118 = DIRECTION('',(1.E-02,-9.949874371066E-02,0.994987437107));
#119 = ADVANCED_FACE('',(#120),#131,.F.);
#120 = FACE_BOUND('',#121,.F.);
#121 = EDGE_LOOP('',(#122,#123,#124,#125));
#122 = ORIENTED_EDGE('',*,*,#40,.F.);
#123 = ORIENTED_EDGE('',*,*,#98,.T.);
#124 = ORIENTED_EDGE('',*,*,#82,.T.);
#125 = ORIENTED_EDGE('',*,*,#126,.F.);
#126 = EDGE_CURVE('',#32,#64,#127,.T.);
#127 = LINE('',#128,#129);
#128 = CARTESIAN_POINT('',(121.5,6.443801048803,7.716545560485));
#129 = VECTOR('',#130,1.);
#130 = DIRECTION('',(0.,-0.100498705962,0.994937189022));
#131 = PLANE('',#132);
#132 = AXIS2_PLACEMENT_3D('',#133,#134,#135);
#133 = CARTESIAN_POINT('',(121.5,-314.5,-40.));
#134 = DIRECTION('',(1.,0.,-0.));
#135 = DIRECTION('',(0.,0.,1.));
#136 = ADVANCED_FACE('',(#137,#142),#153,.T.);
#137 = FACE_BOUND('',#138,.T.);
#138 = EDGE_LOOP('',(#139,#140,#141));
#139 = ORIENTED_EDGE('',*,*,#31,.T.);
#140 = ORIENTED_EDGE('',*,*,#63,.T.);
#141 = ORIENTED_EDGE('',*,*,#126,.F.);
#142 = FACE_BOUND('',#143,.T.);
#143 = EDGE_LOOP('',(#144));
#144 = ORIENTED_EDGE('',*,*,#145,.F.);
#145 = EDGE_CURVE('',#146,#146,#148,.T.);
#146 = VERTEX_POINT('',#147);
#147 = CARTESIAN_POINT('',(129.57410340635,5.163685447743,
    28.423321466204));
#148 = CIRCLE('',#149,5.510340635769);
#149 = AXIS2_PLACEMENT_3D('',#150,#151,#152);
#150 = CARTESIAN_POINT('',(129.519,5.71195741842,22.940601759436));
#151 = DIRECTION('',(9.949874371066E-02,-0.99,-0.1));
#152 = DIRECTION('',(1.E-02,-9.949874371066E-02,0.994987437107));
#153 = PLANE('',#154);
#154 = AXIS2_PLACEMENT_3D('',#155,#156,#157);
#155 = CARTESIAN_POINT('',(129.519,5.71195741842,22.940601759436));
#156 = DIRECTION('',(9.949874371066E-02,-0.99,-0.1));
#157 = DIRECTION('',(1.E-02,-9.949874371066E-02,0.994987437107));
#158 = ADVANCED_FACE('',(#159),#178,.F.);
#159 = FACE_BOUND('',#160,.F.);
#160 = EDGE_LOOP('',(#161,#170,#176,#177));
#161 = ORIENTED_EDGE('',*,*,#162,.F.);
#162 = EDGE_CURVE('',#163,#163,#165,.T.);
#163 = VERTEX_POINT('',#164);
#164 = CARTESIAN_POINT('',(130.4285,-3.337453322065,23.885839824688));
#165 = CIRCLE('',#166,1.85);
#166 = AXIS2_PLACEMENT_3D('',#167,#168,#169);
#167 = CARTESIAN_POINT('',(130.41,-3.1533806462,22.04511306604));
#168 = DIRECTION('',(9.949874371066E-02,-0.99,-0.1));
#169 = DIRECTION('',(1.E-02,-9.949874371066E-02,0.994987437107));
#170 = ORIENTED_EDGE('',*,*,#171,.F.);
#171 = EDGE_CURVE('',#107,#163,#172,.T.);
#172 = LINE('',#173,#174);
#173 = CARTESIAN_POINT('',(124.29000125628,57.739838004804,
    30.055263191038));
#174 = VECTOR('',#175,1.);
#175 = DIRECTION('',(9.949874371066E-02,-0.99,-0.1));
#176 = ORIENTED_EDGE('',*,*,#106,.T.);
#177 = ORIENTED_EDGE('',*,*,#171,.T.);
#178 = CYLINDRICAL_SURFACE('',#179,1.85);
#179 = AXIS2_PLACEMENT_3D('',#180,#181,#182);
#180 = CARTESIAN_POINT('',(124.27150125628,57.923910680669,
    28.214536432391));
#181 = DIRECTION('',(9.949874371066E-02,-0.99,-0.1));
#182 = DIRECTION('',(1.E-02,-9.949874371066E-02,0.994987437107));
#183 = ADVANCED_FACE('',(#184),#203,.T.);
#184 = FACE_BOUND('',#185,.T.);
#185 = EDGE_LOOP('',(#186,#187,#195,#202));
#186 = ORIENTED_EDGE('',*,*,#145,.T.);
#187 = ORIENTED_EDGE('',*,*,#188,.T.);
#188 = EDGE_CURVE('',#146,#189,#191,.T.);
#189 = VERTEX_POINT('',#190);
#190 = CARTESIAN_POINT('',(129.67990200446,4.111002687964,
    28.316989874308));
#191 = LINE('',#192,#193);
#192 = CARTESIAN_POINT('',(129.5591785948,5.312185447743,28.438321466204
    ));
#193 = VECTOR('',#194,1.);
#194 = DIRECTION('',(9.949874371066E-02,-0.99,-0.1));
#195 = ORIENTED_EDGE('',*,*,#196,.F.);
#196 = EDGE_CURVE('',#189,#189,#197,.T.);
#197 = CIRCLE('',#198,5.510340635769);
#198 = AXIS2_PLACEMENT_3D('',#199,#200,#201);
#199 = CARTESIAN_POINT('',(129.6247985981,4.659274658641,22.834270167539
    ));
#200 = DIRECTION('',(9.949874371066E-02,-0.99,-0.1));
#201 = DIRECTION('',(1.E-02,-9.949874371066E-02,0.994987437107));
#202 = ORIENTED_EDGE('',*,*,#188,.F.);
#203 = CYLINDRICAL_SURFACE('',#204,5.510340635769);
#204 = AXIS2_PLACEMENT_3D('',#205,#206,#207);
#205 = CARTESIAN_POINT('',(129.50407518844,5.86045741842,22.955601759436
    ));
#206 = DIRECTION('',(9.949874371066E-02,-0.99,-0.1));
#207 = DIRECTION('',(1.E-02,-9.949874371066E-02,0.994987437107));
#208 = ADVANCED_FACE('',(#209,#220),#223,.T.);
#209 = FACE_BOUND('',#210,.T.);
#210 = EDGE_LOOP('',(#211));
#211 = ORIENTED_EDGE('',*,*,#212,.T.);
#212 = EDGE_CURVE('',#213,#213,#215,.T.);
#213 = VERTEX_POINT('',#214);
#214 = CARTESIAN_POINT('',(130.46165925815,-3.667383774987,
    27.185144353911));
#215 = CIRCLE('',#216,5.165925815925);
#216 = AXIS2_PLACEMENT_3D('',#217,#218,#219);
#217 = CARTESIAN_POINT('',(130.41,-3.1533806462,22.04511306604));
#218 = DIRECTION('',(9.949874371066E-02,-0.99,-0.1));
#219 = DIRECTION('',(1.E-02,-9.949874371066E-02,0.994987437107));
#220 = FACE_BOUND('',#221,.T.);
#221 = EDGE_LOOP('',(#222));
#222 = ORIENTED_EDGE('',*,*,#162,.F.);
#223 = PLANE('',#224);
#224 = AXIS2_PLACEMENT_3D('',#225,#226,#227);
#225 = CARTESIAN_POINT('',(130.41,-3.1533806462,22.04511306604));
#226 = DIRECTION('',(9.949874371066E-02,-0.99,-0.1));
#227 = DIRECTION('',(1.E-02,-9.949874371066E-02,0.994987437107));
#228 = ADVANCED_FACE('',(#229),#249,.F.);
#229 = FACE_BOUND('',#230,.F.);
#230 = EDGE_LOOP('',(#231,#240,#247,#248));
#231 = ORIENTED_EDGE('',*,*,#232,.F.);
#232 = EDGE_CURVE('',#233,#189,#235,.T.);
#233 = VERTEX_POINT('',#234);
#234 = CARTESIAN_POINT('',(129.75011100727,3.41243193026,26.491989016174
    ));
#235 = CIRCLE('',#236,1.15);
#236 = AXIS2_PLACEMENT_3D('',#237,#238,#239);
#237 = CARTESIAN_POINT('',(129.77151732088,3.199441799108,
    27.621890327692));
#238 = DIRECTION('',(0.994987437107,1.E-01,0.));
#239 = DIRECTION('',(9.949874371066E-02,-0.99,-0.1));
#240 = ORIENTED_EDGE('',*,*,#241,.T.);
#241 = EDGE_CURVE('',#233,#233,#242,.T.);
#242 = CIRCLE('',#243,3.76469671203);
#243 = AXIS2_PLACEMENT_3D('',#244,#245,#246);
#244 = CARTESIAN_POINT('',(129.71246404015,3.787014523559,
    22.746163083188));
#245 = DIRECTION('',(9.949874371066E-02,-0.99,-0.1));
#246 = DIRECTION('',(1.E-02,-9.949874371066E-02,0.994987437107));
#247 = ORIENTED_EDGE('',*,*,#232,.T.);
#248 = ORIENTED_EDGE('',*,*,#196,.F.);
#249 = TOROIDAL_SURFACE('',#250,4.910340635769,1.15);
#250 = AXIS2_PLACEMENT_3D('',#251,#252,#253);
#251 = CARTESIAN_POINT('',(129.72241391452,3.688014523559,
    22.736163083188));
#252 = DIRECTION('',(9.949874371066E-02,-0.99,-0.1));
#253 = DIRECTION('',(1.E-02,-9.949874371066E-02,0.994987437107));
#254 = ADVANCED_FACE('',(#255),#274,.T.);
#255 = FACE_BOUND('',#256,.T.);
#256 = EDGE_LOOP('',(#257,#266,#272,#273));
#257 = ORIENTED_EDGE('',*,*,#258,.T.);
#258 = EDGE_CURVE('',#259,#259,#261,.T.);
#259 = VERTEX_POINT('',#260);
#260 = CARTESIAN_POINT('',(130.35586066005,-2.614701015208,
    27.291475945808));
#261 = CIRCLE('',#262,5.165925815925);
#262 = AXIS2_PLACEMENT_3D('',#263,#264,#265);
#263 = CARTESIAN_POINT('',(130.30420140189,-2.100697886421,
    22.151444657937));
#264 = DIRECTION('',(9.949874371066E-02,-0.99,-0.1));
#265 = DIRECTION('',(1.E-02,-9.949874371066E-02,0.994987437107));
#266 = ORIENTED_EDGE('',*,*,#267,.T.);
#267 = EDGE_CURVE('',#259,#213,#268,.T.);
#268 = LINE('',#269,#270);
#269 = CARTESIAN_POINT('',(130.01118432097,0.814785257323,
    27.637888700609));
#270 = VECTOR('',#271,1.);
#271 = DIRECTION('',(9.949874371066E-02,-0.99,-0.1));
#272 = ORIENTED_EDGE('',*,*,#212,.F.);
#273 = ORIENTED_EDGE('',*,*,#267,.F.);
#274 = CYLINDRICAL_SURFACE('',#275,5.165925815925);
#275 = AXIS2_PLACEMENT_3D('',#276,#277,#278);
#276 = CARTESIAN_POINT('',(129.95952506281,1.32878838611,22.497857412738
    ));
#277 = DIRECTION('',(9.949874371066E-02,-0.99,-0.1));
#278 = DIRECTION('',(1.E-02,-9.949874371066E-02,0.994987437107));
#279 = ADVANCED_FACE('',(#280,#283),#294,.T.);
#280 = FACE_BOUND('',#281,.T.);
#281 = EDGE_LOOP('',(#282));
#282 = ORIENTED_EDGE('',*,*,#241,.T.);
#283 = FACE_BOUND('',#284,.T.);
#284 = EDGE_LOOP('',(#285));
#285 = ORIENTED_EDGE('',*,*,#286,.F.);
#286 = EDGE_CURVE('',#287,#287,#289,.T.);
#287 = VERTEX_POINT('',#288);
#288 = CARTESIAN_POINT('',(129.75006744651,3.412865354375,
    26.487654775019));
#289 = CIRCLE('',#290,3.760340635769);
#290 = AXIS2_PLACEMENT_3D('',#291,#292,#293);
#291 = CARTESIAN_POINT('',(129.71246404015,3.787014523559,
    22.746163083188));
#292 = DIRECTION('',(9.949874371066E-02,-0.99,-0.1));
#293 = DIRECTION('',(1.E-02,-9.949874371066E-02,0.994987437107));
#294 = PLANE('',#295);
#295 = AXIS2_PLACEMENT_3D('',#296,#297,#298);
#296 = CARTESIAN_POINT('',(129.71246404015,3.787014523559,
    22.746163083188));
#297 = DIRECTION('',(9.949874371066E-02,-0.99,-0.1));
#298 = DIRECTION('',(1.E-02,-9.949874371066E-02,0.994987437107));
#299 = ADVANCED_FACE('',(#300),#320,.F.);
#300 = FACE_BOUND('',#301,.F.);
#301 = EDGE_LOOP('',(#302,#303,#312,#319));
#302 = ORIENTED_EDGE('',*,*,#258,.T.);
#303 = ORIENTED_EDGE('',*,*,#304,.T.);
#304 = EDGE_CURVE('',#259,#305,#307,.T.);
#305 = VERTEX_POINT('',#306);
#306 = CARTESIAN_POINT('',(130.3666688989,-2.722241633899,
    26.677590567896));
#307 = CIRCLE('',#308,1.15);
#308 = AXIS2_PLACEMENT_3D('',#309,#310,#311);
#309 = CARTESIAN_POINT('',(130.25224534363,-1.583741633899,
    26.792590567896));
#310 = DIRECTION('',(0.994987437107,1.E-01,0.));
#311 = DIRECTION('',(9.949874371066E-02,-0.99,-0.1));
#312 = ORIENTED_EDGE('',*,*,#313,.F.);
#313 = EDGE_CURVE('',#305,#305,#314,.T.);
#314 = CIRCLE('',#315,4.565925815925);
#315 = AXIS2_PLACEMENT_3D('',#316,#317,#318);
#316 = CARTESIAN_POINT('',(130.32100964074,-2.267937751338,
    22.134551742289));
#317 = DIRECTION('',(9.949874371066E-02,-0.99,-0.1));
#318 = DIRECTION('',(1.E-02,-9.949874371066E-02,0.994987437107));
#319 = ORIENTED_EDGE('',*,*,#304,.F.);
#320 = TOROIDAL_SURFACE('',#321,4.565925815925,1.15);
#321 = AXIS2_PLACEMENT_3D('',#322,#323,#324);
#322 = CARTESIAN_POINT('',(130.20658608547,-1.129437751338,
    22.249551742289));
#323 = DIRECTION('',(9.949874371066E-02,-0.99,-0.1));
#324 = DIRECTION('',(1.E-02,-9.949874371066E-02,0.994987437107));
#325 = ADVANCED_FACE('',(#326),#345,.T.);
#326 = FACE_BOUND('',#327,.T.);
#327 = EDGE_LOOP('',(#328,#337,#343,#344));
#328 = ORIENTED_EDGE('',*,*,#329,.F.);
#329 = EDGE_CURVE('',#330,#330,#332,.T.);
#330 = VERTEX_POINT('',#331);
#331 = CARTESIAN_POINT('',(129.76001732088,3.313865354376,
    26.477654775019));
#332 = CIRCLE('',#333,3.760340635769);
#333 = AXIS2_PLACEMENT_3D('',#334,#335,#336);
#334 = CARTESIAN_POINT('',(129.72241391452,3.688014523559,
    22.736163083188));
#335 = DIRECTION('',(9.949874371066E-02,-0.99,-0.1));
#336 = DIRECTION('',(1.E-02,-9.949874371066E-02,0.994987437107));
#337 = ORIENTED_EDGE('',*,*,#338,.F.);
#338 = EDGE_CURVE('',#287,#330,#339,.T.);
#339 = LINE('',#340,#341);
#340 = CARTESIAN_POINT('',(129.73016769777,3.610865354375,
    26.507654775019));
#341 = VECTOR('',#342,1.);
#342 = DIRECTION('',(9.949874371066E-02,-0.99,-0.1));
#343 = ORIENTED_EDGE('',*,*,#286,.T.);
#344 = ORIENTED_EDGE('',*,*,#338,.T.);
#345 = CYLINDRICAL_SURFACE('',#346,3.760340635769);
#346 = AXIS2_PLACEMENT_3D('',#347,#348,#349);
#347 = CARTESIAN_POINT('',(129.69256429141,3.985014523559,
    22.766163083188));
#348 = DIRECTION('',(9.949874371066E-02,-0.99,-0.1));
#349 = DIRECTION('',(1.E-02,-9.949874371066E-02,0.994987437107));
#350 = ADVANCED_FACE('',(#351),#371,.F.);
#351 = FACE_BOUND('',#352,.F.);
#352 = EDGE_LOOP('',(#353,#362,#363,#364));
#353 = ORIENTED_EDGE('',*,*,#354,.F.);
#354 = EDGE_CURVE('',#305,#355,#357,.T.);
#355 = VERTEX_POINT('',#356);
#356 = CARTESIAN_POINT('',(130.25073877876,-1.568751502747,
    25.642689256378));
#357 = CIRCLE('',#358,1.15);
#358 = AXIS2_PLACEMENT_3D('',#359,#360,#361);
#359 = CARTESIAN_POINT('',(130.25224534363,-1.583741633899,
    26.792590567896));
#360 = DIRECTION('',(0.994987437107,1.E-01,0.));
#361 = DIRECTION('',(9.949874371066E-02,-0.99,-0.1));
#362 = ORIENTED_EDGE('',*,*,#313,.T.);
#363 = ORIENTED_EDGE('',*,*,#354,.T.);
#364 = ORIENTED_EDGE('',*,*,#365,.F.);
#365 = EDGE_CURVE('',#355,#355,#366,.T.);
#366 = CIRCLE('',#367,3.420281892186);
#367 = AXIS2_PLACEMENT_3D('',#368,#369,#370);
#368 = CARTESIAN_POINT('',(130.21653595984,-1.228437751338,
    22.239551742289));
#369 = DIRECTION('',(9.949874371066E-02,-0.99,-0.1));
#370 = DIRECTION('',(1.E-02,-9.949874371066E-02,0.994987437107));
#371 = TOROIDAL_SURFACE('',#372,4.565925815925,1.15);
#372 = AXIS2_PLACEMENT_3D('',#373,#374,#375);
#373 = CARTESIAN_POINT('',(130.20658608547,-1.129437751338,
    22.249551742289));
#374 = DIRECTION('',(9.949874371066E-02,-0.99,-0.1));
#375 = DIRECTION('',(1.E-02,-9.949874371066E-02,0.994987437107));
#376 = ADVANCED_FACE('',(#377),#396,.T.);
#377 = FACE_BOUND('',#378,.T.);
#378 = EDGE_LOOP('',(#379,#380,#388,#395));
#379 = ORIENTED_EDGE('',*,*,#329,.T.);
#380 = ORIENTED_EDGE('',*,*,#381,.T.);
#381 = EDGE_CURVE('',#330,#382,#384,.T.);
#382 = VERTEX_POINT('',#383);
#383 = CARTESIAN_POINT('',(129.84818949183,2.436563330421,
    26.389038408963));
#384 = LINE('',#385,#386);
#385 = CARTESIAN_POINT('',(129.73016769777,3.610865354375,
    26.507654775019));
#386 = VECTOR('',#387,1.);
#387 = DIRECTION('',(9.949874371066E-02,-0.99,-0.1));
#388 = ORIENTED_EDGE('',*,*,#389,.F.);
#389 = EDGE_CURVE('',#382,#382,#390,.T.);
#390 = CIRCLE('',#391,3.760340635769);
#391 = AXIS2_PLACEMENT_3D('',#392,#393,#394);
#392 = CARTESIAN_POINT('',(129.81058608547,2.810712499604,
    22.647546717132));
#393 = DIRECTION('',(9.949874371066E-02,-0.99,-0.1));
#394 = DIRECTION('',(1.E-02,-9.949874371066E-02,0.994987437107));
#395 = ORIENTED_EDGE('',*,*,#381,.F.);
#396 = CYLINDRICAL_SURFACE('',#397,3.760340635769);
#397 = AXIS2_PLACEMENT_3D('',#398,#399,#400);
#398 = CARTESIAN_POINT('',(129.69256429141,3.985014523559,
    22.766163083188));
#399 = DIRECTION('',(9.949874371066E-02,-0.99,-0.1));
#400 = DIRECTION('',(1.E-02,-9.949874371066E-02,0.994987437107));
#401 = ADVANCED_FACE('',(#402,#405),#416,.F.);
#402 = FACE_BOUND('',#403,.F.);
#403 = EDGE_LOOP('',(#404));
#404 = ORIENTED_EDGE('',*,*,#365,.T.);
#405 = FACE_BOUND('',#406,.F.);
#406 = EDGE_LOOP('',(#407));
#407 = ORIENTED_EDGE('',*,*,#408,.F.);
#408 = EDGE_CURVE('',#409,#409,#411,.T.);
#409 = VERTEX_POINT('',#410);
#410 = CARTESIAN_POINT('',(130.250695218,-1.568318078632,25.638355015223
    ));
#411 = CIRCLE('',#412,3.415925815925);
#412 = AXIS2_PLACEMENT_3D('',#413,#414,#415);
#413 = CARTESIAN_POINT('',(130.21653595984,-1.228437751338,
    22.239551742289));
#414 = DIRECTION('',(9.949874371066E-02,-0.99,-0.1));
#415 = DIRECTION('',(1.E-02,-9.949874371066E-02,0.994987437107));
#416 = PLANE('',#417);
#417 = AXIS2_PLACEMENT_3D('',#418,#419,#420);
#418 = CARTESIAN_POINT('',(130.21653595984,-1.228437751338,
    22.239551742289));
#419 = DIRECTION('',(9.949874371066E-02,-0.99,-0.1));
#420 = DIRECTION('',(1.E-02,-9.949874371066E-02,0.994987437107));
#421 = ADVANCED_FACE('',(#422),#441,.T.);
#422 = FACE_BOUND('',#423,.T.);
#423 = EDGE_LOOP('',(#424,#425,#433,#440));
#424 = ORIENTED_EDGE('',*,*,#389,.T.);
#425 = ORIENTED_EDGE('',*,*,#426,.T.);
#426 = EDGE_CURVE('',#382,#427,#429,.T.);
#427 = VERTEX_POINT('',#428);
#428 = CARTESIAN_POINT('',(129.8581393662,2.337563330421,26.379038408963
    ));
#429 = LINE('',#430,#431);
#430 = CARTESIAN_POINT('',(129.73016769777,3.610865354375,
    26.507654775019));
#431 = VECTOR('',#432,1.);
#432 = DIRECTION('',(9.949874371066E-02,-0.99,-0.1));
#433 = ORIENTED_EDGE('',*,*,#434,.F.);
#434 = EDGE_CURVE('',#427,#427,#435,.T.);
#435 = CIRCLE('',#436,3.760340635769);
#436 = AXIS2_PLACEMENT_3D('',#437,#438,#439);
#437 = CARTESIAN_POINT('',(129.82053595984,2.711712499604,
    22.637546717132));
#438 = DIRECTION('',(9.949874371066E-02,-0.99,-0.1));
#439 = DIRECTION('',(1.E-02,-9.949874371066E-02,0.994987437107));
#440 = ORIENTED_EDGE('',*,*,#426,.F.);
#441 = CYLINDRICAL_SURFACE('',#442,3.760340635769);
#442 = AXIS2_PLACEMENT_3D('',#443,#444,#445);
#443 = CARTESIAN_POINT('',(129.69256429141,3.985014523559,
    22.766163083188));
#444 = DIRECTION('',(9.949874371066E-02,-0.99,-0.1));
#445 = DIRECTION('',(1.E-02,-9.949874371066E-02,0.994987437107));
#446 = ADVANCED_FACE('',(#447),#466,.T.);
#447 = FACE_BOUND('',#448,.T.);
#448 = EDGE_LOOP('',(#449,#458,#464,#465));
#449 = ORIENTED_EDGE('',*,*,#450,.T.);
#450 = EDGE_CURVE('',#451,#451,#453,.T.);
#451 = VERTEX_POINT('',#452);
#452 = CARTESIAN_POINT('',(130.24074534363,-1.469318078632,
    25.648355015223));
#453 = CIRCLE('',#454,3.415925815925);
#454 = AXIS2_PLACEMENT_3D('',#455,#456,#457);
#455 = CARTESIAN_POINT('',(130.20658608547,-1.129437751338,
    22.249551742289));
#456 = DIRECTION('',(9.949874371066E-02,-0.99,-0.1));
#457 = DIRECTION('',(1.E-02,-9.949874371066E-02,0.994987437107));
#458 = ORIENTED_EDGE('',*,*,#459,.T.);
#459 = EDGE_CURVE('',#451,#409,#460,.T.);
#460 = LINE('',#461,#462);
#461 = CARTESIAN_POINT('',(130.12272354957,-0.295016054677,
    25.766971381279));
#462 = VECTOR('',#463,1.);
#463 = DIRECTION('',(9.949874371066E-02,-0.99,-0.1));
#464 = ORIENTED_EDGE('',*,*,#408,.F.);
#465 = ORIENTED_EDGE('',*,*,#459,.F.);
#466 = CYLINDRICAL_SURFACE('',#467,3.415925815925);
#467 = AXIS2_PLACEMENT_3D('',#468,#469,#470);
#468 = CARTESIAN_POINT('',(130.08856429141,4.486427261638E-02,
    22.368168108345));
#469 = DIRECTION('',(9.949874371066E-02,-0.99,-0.1));
#470 = DIRECTION('',(1.E-02,-9.949874371066E-02,0.994987437107));
#471 = ADVANCED_FACE('',(#472,#483),#486,.F.);
#472 = FACE_BOUND('',#473,.F.);
#473 = EDGE_LOOP('',(#474));
#474 = ORIENTED_EDGE('',*,*,#475,.T.);
#475 = EDGE_CURVE('',#476,#476,#478,.T.);
#476 = VERTEX_POINT('',#477);
#477 = CARTESIAN_POINT('',(129.85818292696,2.337129906305,
    26.383372650118));
#478 = CIRCLE('',#479,3.76469671203);
#479 = AXIS2_PLACEMENT_3D('',#480,#481,#482);
#480 = CARTESIAN_POINT('',(129.82053595984,2.711712499604,
    22.637546717132));
#481 = DIRECTION('',(9.949874371066E-02,-0.99,-0.1));
#482 = DIRECTION('',(1.E-02,-9.949874371066E-02,0.994987437107));
#483 = FACE_BOUND('',#484,.F.);
#484 = EDGE_LOOP('',(#485));
#485 = ORIENTED_EDGE('',*,*,#434,.F.);
#486 = PLANE('',#487);
#487 = AXIS2_PLACEMENT_3D('',#488,#489,#490);
#488 = CARTESIAN_POINT('',(129.82053595984,2.711712499604,
    22.637546717132));
#489 = DIRECTION('',(9.949874371066E-02,-0.99,-0.1));
#490 = DIRECTION('',(1.E-02,-9.949874371066E-02,0.994987437107));
#491 = ADVANCED_FACE('',(#492),#511,.T.);
#492 = FACE_BOUND('',#493,.T.);
#493 = EDGE_LOOP('',(#494,#503,#509,#510));
#494 = ORIENTED_EDGE('',*,*,#495,.T.);
#495 = EDGE_CURVE('',#496,#496,#498,.T.);
#496 = VERTEX_POINT('',#497);
#497 = CARTESIAN_POINT('',(130.15257317268,-0.592016054677,
    25.736971381279));
#498 = CIRCLE('',#499,3.415925815925);
#499 = AXIS2_PLACEMENT_3D('',#500,#501,#502);
#500 = CARTESIAN_POINT('',(130.11841391452,-0.252135727384,
    22.338168108345));
#501 = DIRECTION('',(9.949874371066E-02,-0.99,-0.1));
#502 = DIRECTION('',(1.E-02,-9.949874371066E-02,0.994987437107));
#503 = ORIENTED_EDGE('',*,*,#504,.T.);
#504 = EDGE_CURVE('',#496,#451,#505,.T.);
#505 = LINE('',#506,#507);
#506 = CARTESIAN_POINT('',(130.12272354957,-0.295016054677,
    25.766971381279));
#507 = VECTOR('',#508,1.);
#508 = DIRECTION('',(9.949874371066E-02,-0.99,-0.1));
#509 = ORIENTED_EDGE('',*,*,#450,.F.);
#510 = ORIENTED_EDGE('',*,*,#504,.F.);
#511 = CYLINDRICAL_SURFACE('',#512,3.415925815925);
#512 = AXIS2_PLACEMENT_3D('',#513,#514,#515);
#513 = CARTESIAN_POINT('',(130.08856429141,4.486427261638E-02,
    22.368168108345));
#514 = DIRECTION('',(9.949874371066E-02,-0.99,-0.1));
#515 = DIRECTION('',(1.E-02,-9.949874371066E-02,0.994987437107));
#516 = ADVANCED_FACE('',(#517),#537,.F.);
#517 = FACE_BOUND('',#518,.F.);
#518 = EDGE_LOOP('',(#519,#528,#535,#536));
#519 = ORIENTED_EDGE('',*,*,#520,.F.);
#520 = EDGE_CURVE('',#521,#476,#523,.T.);
#521 = VERTEX_POINT('',#522);
#522 = CARTESIAN_POINT('',(129.97411304709,1.183639775154,
    27.418273961636));
#523 = CIRCLE('',#524,1.15);
#524 = AXIS2_PLACEMENT_3D('',#525,#526,#527);
#525 = CARTESIAN_POINT('',(129.85968949183,2.322139775154,
    27.533273961636));
#526 = DIRECTION('',(0.994987437107,1.E-01,0.));
#527 = DIRECTION('',(9.949874371066E-02,-0.99,-0.1));
#528 = ORIENTED_EDGE('',*,*,#529,.T.);
#529 = EDGE_CURVE('',#521,#521,#530,.T.);
#530 = CIRCLE('',#531,4.910340635769);
#531 = AXIS2_PLACEMENT_3D('',#532,#533,#534);
#532 = CARTESIAN_POINT('',(129.92500964074,1.672212499604,
    22.532546717132));
#533 = DIRECTION('',(9.949874371066E-02,-0.99,-0.1));
#534 = DIRECTION('',(1.E-02,-9.949874371066E-02,0.994987437107));
#535 = ORIENTED_EDGE('',*,*,#520,.T.);
#536 = ORIENTED_EDGE('',*,*,#475,.F.);
#537 = TOROIDAL_SURFACE('',#538,4.910340635769,1.15);
#538 = AXIS2_PLACEMENT_3D('',#539,#540,#541);
#539 = CARTESIAN_POINT('',(129.81058608547,2.810712499604,
    22.647546717132));
#540 = DIRECTION('',(9.949874371066E-02,-0.99,-0.1));
#541 = DIRECTION('',(1.E-02,-9.949874371066E-02,0.994987437107));
#542 = ADVANCED_FACE('',(#543),#562,.T.);
#543 = FACE_BOUND('',#544,.T.);
#544 = EDGE_LOOP('',(#545,#546,#554,#561));
#545 = ORIENTED_EDGE('',*,*,#495,.F.);
#546 = ORIENTED_EDGE('',*,*,#547,.F.);
#547 = EDGE_CURVE('',#548,#496,#550,.T.);
#548 = VERTEX_POINT('',#549);
#549 = CARTESIAN_POINT('',(130.14262329831,-0.493016054677,
    25.746971381279));
#550 = LINE('',#551,#552);
#551 = CARTESIAN_POINT('',(130.12272354957,-0.295016054677,
    25.766971381279));
#552 = VECTOR('',#553,1.);
#553 = DIRECTION('',(9.949874371066E-02,-0.99,-0.1));
#554 = ORIENTED_EDGE('',*,*,#555,.T.);
#555 = EDGE_CURVE('',#548,#548,#556,.T.);
#556 = CIRCLE('',#557,3.415925815925);
#557 = AXIS2_PLACEMENT_3D('',#558,#559,#560);
#558 = CARTESIAN_POINT('',(130.10846404015,-0.153135727384,
    22.348168108345));
#559 = DIRECTION('',(9.949874371066E-02,-0.99,-0.1));
#560 = DIRECTION('',(1.E-02,-9.949874371066E-02,0.994987437107));
#561 = ORIENTED_EDGE('',*,*,#547,.T.);
#562 = CYLINDRICAL_SURFACE('',#563,3.415925815925);
#563 = AXIS2_PLACEMENT_3D('',#564,#565,#566);
#564 = CARTESIAN_POINT('',(130.08856429141,4.486427261638E-02,
    22.368168108345));
#565 = DIRECTION('',(9.949874371066E-02,-0.99,-0.1));
#566 = DIRECTION('',(1.E-02,-9.949874371066E-02,0.994987437107));
#567 = ADVANCED_FACE('',(#568),#588,.F.);
#568 = FACE_BOUND('',#569,.F.);
#569 = EDGE_LOOP('',(#570,#579,#586,#587));
#570 = ORIENTED_EDGE('',*,*,#571,.T.);
#571 = EDGE_CURVE('',#572,#572,#574,.T.);
#572 = VERTEX_POINT('',#573);
#573 = CARTESIAN_POINT('',(129.96330480825,1.291180393845,
    28.032159339548));
#574 = CIRCLE('',#575,5.510340635769);
#575 = AXIS2_PLACEMENT_3D('',#576,#577,#578);
#576 = CARTESIAN_POINT('',(129.90820140189,1.839452364522,22.54943963278
    ));
#577 = DIRECTION('',(9.949874371066E-02,-0.99,-0.1));
#578 = DIRECTION('',(1.E-02,-9.949874371066E-02,0.994987437107));
#579 = ORIENTED_EDGE('',*,*,#580,.T.);
#580 = EDGE_CURVE('',#572,#521,#581,.T.);
#581 = CIRCLE('',#582,1.15);
#582 = AXIS2_PLACEMENT_3D('',#583,#584,#585);
#583 = CARTESIAN_POINT('',(129.85968949183,2.322139775154,
    27.533273961636));
#584 = DIRECTION('',(0.994987437107,1.E-01,0.));
#585 = DIRECTION('',(9.949874371066E-02,-0.99,-0.1));
#586 = ORIENTED_EDGE('',*,*,#529,.F.);
#587 = ORIENTED_EDGE('',*,*,#580,.F.);
#588 = TOROIDAL_SURFACE('',#589,4.910340635769,1.15);
#589 = AXIS2_PLACEMENT_3D('',#590,#591,#592);
#590 = CARTESIAN_POINT('',(129.81058608547,2.810712499604,
    22.647546717132));
#591 = DIRECTION('',(9.949874371066E-02,-0.99,-0.1));
#592 = DIRECTION('',(1.E-02,-9.949874371066E-02,0.994987437107));
#593 = ADVANCED_FACE('',(#594,#605),#608,.T.);
#594 = FACE_BOUND('',#595,.T.);
#595 = EDGE_LOOP('',(#596));
#596 = ORIENTED_EDGE('',*,*,#597,.T.);
#597 = EDGE_CURVE('',#598,#598,#600,.T.);
#598 = VERTEX_POINT('',#599);
#599 = CARTESIAN_POINT('',(130.14266685907,-0.493449478792,
    25.751305622434));
#600 = CIRCLE('',#601,3.420281892186);
#601 = AXIS2_PLACEMENT_3D('',#602,#603,#604);
#602 = CARTESIAN_POINT('',(130.10846404015,-0.153135727384,
    22.348168108345));
#603 = DIRECTION('',(9.949874371066E-02,-0.99,-0.1));
#604 = DIRECTION('',(1.E-02,-9.949874371066E-02,0.994987437107));
#605 = FACE_BOUND('',#606,.T.);
#606 = EDGE_LOOP('',(#607));
#607 = ORIENTED_EDGE('',*,*,#555,.F.);
#608 = PLANE('',#609);
#609 = AXIS2_PLACEMENT_3D('',#610,#611,#612);
#610 = CARTESIAN_POINT('',(130.10846404015,-0.153135727384,
    22.348168108345));
#611 = DIRECTION('',(9.949874371066E-02,-0.99,-0.1));
#612 = DIRECTION('',(1.E-02,-9.949874371066E-02,0.994987437107));
#613 = ADVANCED_FACE('',(#614),#633,.T.);
#614 = FACE_BOUND('',#615,.T.);
#615 = EDGE_LOOP('',(#616,#617,#625,#632));
#616 = ORIENTED_EDGE('',*,*,#571,.T.);
#617 = ORIENTED_EDGE('',*,*,#618,.T.);
#618 = EDGE_CURVE('',#572,#619,#621,.T.);
#619 = VERTEX_POINT('',#620);
#620 = CARTESIAN_POINT('',(130.01960340635,0.731016415433,
    27.975577119506));
#621 = LINE('',#622,#623);
#622 = CARTESIAN_POINT('',(129.5591785948,5.312185447743,28.438321466204
    ));
#623 = VECTOR('',#624,1.);
#624 = DIRECTION('',(9.949874371066E-02,-0.99,-0.1));
#625 = ORIENTED_EDGE('',*,*,#626,.F.);
#626 = EDGE_CURVE('',#619,#619,#627,.T.);
#627 = CIRCLE('',#628,5.510340635769);
#628 = AXIS2_PLACEMENT_3D('',#629,#630,#631);
#629 = CARTESIAN_POINT('',(129.9645,1.27928838611,22.492857412738));
#630 = DIRECTION('',(9.949874371066E-02,-0.99,-0.1));
#631 = DIRECTION('',(1.E-02,-9.949874371066E-02,0.994987437107));
#632 = ORIENTED_EDGE('',*,*,#618,.F.);
#633 = CYLINDRICAL_SURFACE('',#634,5.510340635769);
#634 = AXIS2_PLACEMENT_3D('',#635,#636,#637);
#635 = CARTESIAN_POINT('',(129.50407518844,5.86045741842,22.955601759436
    ));
#636 = DIRECTION('',(9.949874371066E-02,-0.99,-0.1));
#637 = DIRECTION('',(1.E-02,-9.949874371066E-02,0.994987437107));
#638 = ADVANCED_FACE('',(#639),#659,.F.);
#639 = FACE_BOUND('',#640,.F.);
#640 = EDGE_LOOP('',(#641,#650,#651,#652));
#641 = ORIENTED_EDGE('',*,*,#642,.F.);
#642 = EDGE_CURVE('',#598,#643,#645,.T.);
#643 = VERTEX_POINT('',#644);
#644 = CARTESIAN_POINT('',(130.07245785626,0.205121278912,
    27.576306480567));
#645 = CIRCLE('',#646,1.15);
#646 = AXIS2_PLACEMENT_3D('',#647,#648,#649);
#647 = CARTESIAN_POINT('',(130.16407317268,-0.706439609944,
    26.881206933952));
#648 = DIRECTION('',(0.994987437107,1.E-01,0.));
#649 = DIRECTION('',(9.949874371066E-02,-0.99,-0.1));
#650 = ORIENTED_EDGE('',*,*,#597,.T.);
#651 = ORIENTED_EDGE('',*,*,#642,.T.);
#652 = ORIENTED_EDGE('',*,*,#653,.F.);
#653 = EDGE_CURVE('',#643,#643,#654,.T.);
#654 = CIRCLE('',#655,5.165925815925);
#655 = AXIS2_PLACEMENT_3D('',#656,#657,#658);
#656 = CARTESIAN_POINT('',(130.0207985981,0.719124407699,22.436275192697
    ));
#657 = DIRECTION('',(9.949874371066E-02,-0.99,-0.1));
#658 = DIRECTION('',(1.E-02,-9.949874371066E-02,0.994987437107));
#659 = TOROIDAL_SURFACE('',#660,4.565925815925,1.15);
#660 = AXIS2_PLACEMENT_3D('',#661,#662,#663);
#661 = CARTESIAN_POINT('',(130.11841391452,-0.252135727384,
    22.338168108345));
#662 = DIRECTION('',(9.949874371066E-02,-0.99,-0.1));
#663 = DIRECTION('',(1.E-02,-9.949874371066E-02,0.994987437107));
#664 = ADVANCED_FACE('',(#665,#668),#679,.T.);
#665 = FACE_BOUND('',#666,.T.);
#666 = EDGE_LOOP('',(#667));
#667 = ORIENTED_EDGE('',*,*,#626,.T.);
#668 = FACE_BOUND('',#669,.T.);
#669 = EDGE_LOOP('',(#670));
#670 = ORIENTED_EDGE('',*,*,#671,.F.);
#671 = EDGE_CURVE('',#672,#672,#674,.T.);
#672 = VERTEX_POINT('',#673);
#673 = CARTESIAN_POINT('',(130.01615925815,0.765285257323,
    27.632888700609));
#674 = CIRCLE('',#675,5.165925815925);
#675 = AXIS2_PLACEMENT_3D('',#676,#677,#678);
#676 = CARTESIAN_POINT('',(129.9645,1.27928838611,22.492857412738));
#677 = DIRECTION('',(9.949874371066E-02,-0.99,-0.1));
#678 = DIRECTION('',(1.E-02,-9.949874371066E-02,0.994987437107));
#679 = PLANE('',#680);
#680 = AXIS2_PLACEMENT_3D('',#681,#682,#683);
#681 = CARTESIAN_POINT('',(129.9645,1.27928838611,22.492857412738));
#682 = DIRECTION('',(9.949874371066E-02,-0.99,-0.1));
#683 = DIRECTION('',(1.E-02,-9.949874371066E-02,0.994987437107));
#684 = ADVANCED_FACE('',(#685),#696,.T.);
#685 = FACE_BOUND('',#686,.T.);
#686 = EDGE_LOOP('',(#687,#688,#694,#695));
#687 = ORIENTED_EDGE('',*,*,#671,.T.);
#688 = ORIENTED_EDGE('',*,*,#689,.T.);
#689 = EDGE_CURVE('',#672,#643,#690,.T.);
#690 = LINE('',#691,#692);
#691 = CARTESIAN_POINT('',(130.01118432097,0.814785257323,
    27.637888700609));
#692 = VECTOR('',#693,1.);
#693 = DIRECTION('',(9.949874371066E-02,-0.99,-0.1));
#694 = ORIENTED_EDGE('',*,*,#653,.F.);
#695 = ORIENTED_EDGE('',*,*,#689,.F.);
#696 = CYLINDRICAL_SURFACE('',#697,5.165925815925);
#697 = AXIS2_PLACEMENT_3D('',#698,#699,#700);
#698 = CARTESIAN_POINT('',(129.95952506281,1.32878838611,22.497857412738
    ));
#699 = DIRECTION('',(9.949874371066E-02,-0.99,-0.1));
#700 = DIRECTION('',(1.E-02,-9.949874371066E-02,0.994987437107));
#701 = MANIFOLD_SOLID_BREP('',#702);
#702 = CLOSED_SHELL('',(#703,#736,#756,#776,#801,#826,#852,#872,#892,
    #917,#942,#968,#993,#1019,#1044,#1064,#1084,#1109,#1135,#1160,#1186,
    #1211,#1236,#1256,#1276,#1302));
#703 = ADVANCED_FACE('',(#704),#731,.T.);
#704 = FACE_BOUND('',#705,.T.);
#705 = EDGE_LOOP('',(#706,#715,#723,#730));
#706 = ORIENTED_EDGE('',*,*,#707,.F.);
#707 = EDGE_CURVE('',#708,#708,#710,.T.);
#708 = VERTEX_POINT('',#709);
#709 = CARTESIAN_POINT('',(151.11227085445,10.106940539316,31.));
#710 = CIRCLE('',#711,8.1);
#711 = AXIS2_PLACEMENT_3D('',#712,#713,#714);
#712 = CARTESIAN_POINT('',(150.81614814591,10.860871133923,
    22.940601759436));
#713 = DIRECTION('',(0.363751080054,-0.92611292603,-0.1));
#714 = DIRECTION('',(3.655835907958E-02,-9.307785118603E-02,
    0.994987437107));
#715 = ORIENTED_EDGE('',*,*,#716,.F.);
#716 = EDGE_CURVE('',#717,#708,#719,.T.);
#717 = VERTEX_POINT('',#718);
#718 = CARTESIAN_POINT('',(132.10192413307,58.507423156051,31.));
#719 = LINE('',#720,#721);
#720 = CARTESIAN_POINT('',(132.10192413307,58.507423156051,31.));
#721 = VECTOR('',#722,1.);
#722 = DIRECTION('',(0.365583590796,-0.93077851186,0.));
#723 = ORIENTED_EDGE('',*,*,#724,.T.);
#724 = EDGE_CURVE('',#717,#717,#725,.T.);
#725 = CIRCLE('',#726,2.9);
#726 = AXIS2_PLACEMENT_3D('',#727,#728,#729);
#727 = CARTESIAN_POINT('',(131.99590489174,58.777348924491,
    28.114536432391));
#728 = DIRECTION('',(0.363751080054,-0.92611292603,-0.1));
#729 = DIRECTION('',(3.655835907958E-02,-9.307785118603E-02,
    0.994987437107));
#730 = ORIENTED_EDGE('',*,*,#716,.T.);
#731 = CONICAL_SURFACE('',#732,2.9,0.100167421162);
#732 = AXIS2_PLACEMENT_3D('',#733,#734,#735);
#733 = CARTESIAN_POINT('',(131.99590489174,58.777348924491,
    28.114536432391));
#734 = DIRECTION('',(0.363751080054,-0.92611292603,-0.1));
#735 = DIRECTION('',(3.655835907958E-02,-9.307785118603E-02,
    0.994987437107));
#736 = ADVANCED_FACE('',(#737,#740),#751,.T.);
#737 = FACE_BOUND('',#738,.T.);
#738 = EDGE_LOOP('',(#739));
#739 = ORIENTED_EDGE('',*,*,#707,.T.);
#740 = FACE_BOUND('',#741,.T.);
#741 = EDGE_LOOP('',(#742));
#742 = ORIENTED_EDGE('',*,*,#743,.F.);
#743 = EDGE_CURVE('',#744,#744,#746,.T.);
#744 = VERTEX_POINT('',#745);
#745 = CARTESIAN_POINT('',(151.01759715752,10.347980468243,
    28.423321466204));
#746 = CIRCLE('',#747,5.510340635769);
#747 = AXIS2_PLACEMENT_3D('',#748,#749,#750);
#748 = CARTESIAN_POINT('',(150.81614814591,10.860871133923,
    22.940601759436));
#749 = DIRECTION('',(0.363751080054,-0.92611292603,-0.1));
#750 = DIRECTION('',(3.655835907958E-02,-9.307785118603E-02,
    0.994987437107));
#751 = PLANE('',#752);
#752 = AXIS2_PLACEMENT_3D('',#753,#754,#755);
#753 = CARTESIAN_POINT('',(150.81614814591,10.860871133923,
    22.940601759436));
#754 = DIRECTION('',(0.363751080054,-0.92611292603,-0.1));
#755 = DIRECTION('',(3.655835907958E-02,-9.307785118603E-02,
    0.994987437107));
#756 = ADVANCED_FACE('',(#757,#760),#771,.F.);
#757 = FACE_BOUND('',#758,.F.);
#758 = EDGE_LOOP('',(#759));
#759 = ORIENTED_EDGE('',*,*,#724,.T.);
#760 = FACE_BOUND('',#761,.F.);
#761 = EDGE_LOOP('',(#762));
#762 = ORIENTED_EDGE('',*,*,#763,.F.);
#763 = EDGE_CURVE('',#764,#764,#766,.T.);
#764 = VERTEX_POINT('',#765);
#765 = CARTESIAN_POINT('',(132.06353785604,58.605154899797,
    29.955263191038));
#766 = CIRCLE('',#767,1.85);
#767 = AXIS2_PLACEMENT_3D('',#768,#769,#770);
#768 = CARTESIAN_POINT('',(131.99590489174,58.777348924491,
    28.114536432391));
#769 = DIRECTION('',(0.363751080054,-0.92611292603,-0.1));
#770 = DIRECTION('',(3.655835907958E-02,-9.307785118603E-02,
    0.994987437107));
#771 = PLANE('',#772);
#772 = AXIS2_PLACEMENT_3D('',#773,#774,#775);
#773 = CARTESIAN_POINT('',(131.99590489174,58.777348924491,
    28.114536432391));
#774 = DIRECTION('',(0.363751080054,-0.92611292603,-0.1));
#775 = DIRECTION('',(3.655835907958E-02,-9.307785118603E-02,
    0.994987437107));
#776 = ADVANCED_FACE('',(#777),#796,.T.);
#777 = FACE_BOUND('',#778,.T.);
#778 = EDGE_LOOP('',(#779,#780,#788,#795));
#779 = ORIENTED_EDGE('',*,*,#743,.T.);
#780 = ORIENTED_EDGE('',*,*,#781,.T.);
#781 = EDGE_CURVE('',#744,#782,#784,.T.);
#782 = VERTEX_POINT('',#783);
#783 = CARTESIAN_POINT('',(151.40437947149,9.363229851232,
    28.316989874308));
#784 = LINE('',#785,#786);
#785 = CARTESIAN_POINT('',(150.96303449551,10.486897407147,
    28.438321466204));
#786 = VECTOR('',#787,1.);
#787 = DIRECTION('',(0.363751080054,-0.92611292603,-0.1));
#788 = ORIENTED_EDGE('',*,*,#789,.F.);
#789 = EDGE_CURVE('',#782,#782,#790,.T.);
#790 = CIRCLE('',#791,5.510340635769);
#791 = AXIS2_PLACEMENT_3D('',#792,#793,#794);
#792 = CARTESIAN_POINT('',(151.20293045987,9.876120516913,
    22.834270167539));
#793 = DIRECTION('',(0.363751080054,-0.92611292603,-0.1));
#794 = DIRECTION('',(3.655835907958E-02,-9.307785118603E-02,
    0.994987437107));
#795 = ORIENTED_EDGE('',*,*,#781,.F.);
#796 = CYLINDRICAL_SURFACE('',#797,5.510340635769);
#797 = AXIS2_PLACEMENT_3D('',#798,#799,#800);
#798 = CARTESIAN_POINT('',(150.7615854839,10.999788072828,
    22.955601759436));
#799 = DIRECTION('',(0.363751080054,-0.92611292603,-0.1));
#800 = DIRECTION('',(3.655835907958E-02,-9.307785118603E-02,
    0.994987437107));
#801 = ADVANCED_FACE('',(#802),#821,.F.);
#802 = FACE_BOUND('',#803,.F.);
#803 = EDGE_LOOP('',(#804,#813,#819,#820));
#804 = ORIENTED_EDGE('',*,*,#805,.F.);
#805 = EDGE_CURVE('',#806,#806,#808,.T.);
#806 = VERTEX_POINT('',#807);
#807 = CARTESIAN_POINT('',(154.1411309042,2.395440568554,23.885839824688
    ));
#808 = CIRCLE('',#809,1.85);
#809 = AXIS2_PLACEMENT_3D('',#810,#811,#812);
#810 = CARTESIAN_POINT('',(154.0734979399,2.567634593248,22.04511306604)
  );
#811 = DIRECTION('',(0.363751080054,-0.92611292603,-0.1));
#812 = DIRECTION('',(3.655835907958E-02,-9.307785118603E-02,
    0.994987437107));
#813 = ORIENTED_EDGE('',*,*,#814,.F.);
#814 = EDGE_CURVE('',#764,#806,#815,.T.);
#815 = LINE('',#816,#817);
#816 = CARTESIAN_POINT('',(131.69978677599,59.531267825827,
    30.055263191038));
#817 = VECTOR('',#818,1.);
#818 = DIRECTION('',(0.363751080054,-0.92611292603,-0.1));
#819 = ORIENTED_EDGE('',*,*,#763,.T.);
#820 = ORIENTED_EDGE('',*,*,#814,.T.);
#821 = CYLINDRICAL_SURFACE('',#822,1.85);
#822 = AXIS2_PLACEMENT_3D('',#823,#824,#825);
#823 = CARTESIAN_POINT('',(131.63215381169,59.703461850521,
    28.214536432391));
#824 = DIRECTION('',(0.363751080054,-0.92611292603,-0.1));
#825 = DIRECTION('',(3.655835907958E-02,-9.307785118603E-02,
    0.994987437107));
#826 = ADVANCED_FACE('',(#827),#847,.F.);
#827 = FACE_BOUND('',#828,.F.);
#828 = EDGE_LOOP('',(#829,#838,#845,#846));
#829 = ORIENTED_EDGE('',*,*,#830,.F.);
#830 = EDGE_CURVE('',#831,#782,#833,.T.);
#831 = VERTEX_POINT('',#832);
#832 = CARTESIAN_POINT('',(151.66105206503,8.70973953966,26.491989016174
    ));
#833 = CIRCLE('',#834,1.15);
#834 = AXIS2_PLACEMENT_3D('',#835,#836,#837);
#835 = CARTESIAN_POINT('',(151.73931003498,8.510494172411,
    27.621890327692));
#836 = DIRECTION('',(0.93077851186,0.365583590796,0.));
#837 = DIRECTION('',(0.363751080054,-0.92611292603,-0.1));
#838 = ORIENTED_EDGE('',*,*,#839,.T.);
#839 = EDGE_CURVE('',#831,#831,#840,.T.);
#840 = CIRCLE('',#841,3.76469671203);
#841 = AXIS2_PLACEMENT_3D('',#842,#843,#844);
#842 = CARTESIAN_POINT('',(151.52342093081,9.060149419983,
    22.746163083188));
#843 = DIRECTION('',(0.363751080054,-0.92611292603,-0.1));
#844 = DIRECTION('',(3.655835907958E-02,-9.307785118603E-02,
    0.994987437107));
#845 = ORIENTED_EDGE('',*,*,#830,.T.);
#846 = ORIENTED_EDGE('',*,*,#789,.F.);
#847 = TOROIDAL_SURFACE('',#848,4.910340635769,1.15);
#848 = AXIS2_PLACEMENT_3D('',#849,#850,#851);
#849 = CARTESIAN_POINT('',(151.55979603881,8.96753812738,22.736163083188
    ));
#850 = DIRECTION('',(0.363751080054,-0.92611292603,-0.1));
#851 = DIRECTION('',(3.655835907958E-02,-9.307785118603E-02,
    0.994987437107));
#852 = ADVANCED_FACE('',(#853,#864),#867,.T.);
#853 = FACE_BOUND('',#854,.T.);
#854 = EDGE_LOOP('',(#855));
#855 = ORIENTED_EDGE('',*,*,#856,.T.);
#856 = EDGE_CURVE('',#857,#857,#859,.T.);
#857 = VERTEX_POINT('',#858);
#858 = CARTESIAN_POINT('',(154.26235571086,2.086801318915,
    27.185144353911));
#859 = CIRCLE('',#860,5.165925815925);
#860 = AXIS2_PLACEMENT_3D('',#861,#862,#863);
#861 = CARTESIAN_POINT('',(154.0734979399,2.567634593248,22.04511306604)
  );
#862 = DIRECTION('',(0.363751080054,-0.92611292603,-0.1));
#863 = DIRECTION('',(3.655835907958E-02,-9.307785118603E-02,
    0.994987437107));
#864 = FACE_BOUND('',#865,.T.);
#865 = EDGE_LOOP('',(#866));
#866 = ORIENTED_EDGE('',*,*,#805,.F.);
#867 = PLANE('',#868);
#868 = AXIS2_PLACEMENT_3D('',#869,#870,#871);
#869 = CARTESIAN_POINT('',(154.0734979399,2.567634593248,22.04511306604)
  );
#870 = DIRECTION('',(0.363751080054,-0.92611292603,-0.1));
#871 = DIRECTION('',(3.655835907958E-02,-9.307785118603E-02,
    0.994987437107));
#872 = ADVANCED_FACE('',(#873,#876),#887,.T.);
#873 = FACE_BOUND('',#874,.T.);
#874 = EDGE_LOOP('',(#875));
#875 = ORIENTED_EDGE('',*,*,#839,.T.);
#876 = FACE_BOUND('',#877,.T.);
#877 = EDGE_LOOP('',(#878));
#878 = ORIENTED_EDGE('',*,*,#879,.F.);
#879 = EDGE_CURVE('',#880,#880,#882,.T.);
#880 = VERTEX_POINT('',#881);
#881 = CARTESIAN_POINT('',(151.66089281403,8.710144993878,
    26.487654775019));
#882 = CIRCLE('',#883,3.760340635769);
#883 = AXIS2_PLACEMENT_3D('',#884,#885,#886);
#884 = CARTESIAN_POINT('',(151.52342093081,9.060149419983,
    22.746163083188));
#885 = DIRECTION('',(0.363751080054,-0.92611292603,-0.1));
#886 = DIRECTION('',(3.655835907958E-02,-9.307785118603E-02,
    0.994987437107));
#887 = PLANE('',#888);
#888 = AXIS2_PLACEMENT_3D('',#889,#890,#891);
#889 = CARTESIAN_POINT('',(151.52342093081,9.060149419983,
    22.746163083188));
#890 = DIRECTION('',(0.363751080054,-0.92611292603,-0.1));
#891 = DIRECTION('',(3.655835907958E-02,-9.307785118603E-02,
    0.994987437107));
#892 = ADVANCED_FACE('',(#893),#912,.T.);
#893 = FACE_BOUND('',#894,.T.);
#894 = EDGE_LOOP('',(#895,#904,#910,#911));
#895 = ORIENTED_EDGE('',*,*,#896,.T.);
#896 = EDGE_CURVE('',#897,#897,#899,.T.);
#897 = VERTEX_POINT('',#898);
#898 = CARTESIAN_POINT('',(153.87557339689,3.071551935925,
    27.291475945808));
#899 = CIRCLE('',#900,5.165925815925);
#900 = AXIS2_PLACEMENT_3D('',#901,#902,#903);
#901 = CARTESIAN_POINT('',(153.68671562594,3.552385210258,
    22.151444657937));
#902 = DIRECTION('',(0.363751080054,-0.92611292603,-0.1));
#903 = DIRECTION('',(3.655835907958E-02,-9.307785118603E-02,
    0.994987437107));
#904 = ORIENTED_EDGE('',*,*,#905,.T.);
#905 = EDGE_CURVE('',#897,#857,#906,.T.);
#906 = LINE('',#907,#908);
#907 = CARTESIAN_POINT('',(152.61549325986,6.279725235554,
    27.637888700609));
#908 = VECTOR('',#909,1.);
#909 = DIRECTION('',(0.363751080054,-0.92611292603,-0.1));
#910 = ORIENTED_EDGE('',*,*,#856,.F.);
#911 = ORIENTED_EDGE('',*,*,#905,.F.);
#912 = CYLINDRICAL_SURFACE('',#913,5.165925815925);
#913 = AXIS2_PLACEMENT_3D('',#914,#915,#916);
#914 = CARTESIAN_POINT('',(152.4266354889,6.760558509887,22.497857412738
    ));
#915 = DIRECTION('',(0.363751080054,-0.92611292603,-0.1));
#916 = DIRECTION('',(3.655835907958E-02,-9.307785118603E-02,
    0.994987437107));
#917 = ADVANCED_FACE('',(#918),#937,.T.);
#918 = FACE_BOUND('',#919,.T.);
#919 = EDGE_LOOP('',(#920,#929,#935,#936));
#920 = ORIENTED_EDGE('',*,*,#921,.F.);
#921 = EDGE_CURVE('',#922,#922,#924,.T.);
#922 = VERTEX_POINT('',#923);
#923 = CARTESIAN_POINT('',(151.69726792204,8.617533701276,
    26.477654775019));
#924 = CIRCLE('',#925,3.760340635769);
#925 = AXIS2_PLACEMENT_3D('',#926,#927,#928);
#926 = CARTESIAN_POINT('',(151.55979603881,8.96753812738,22.736163083188
    ));
#927 = DIRECTION('',(0.363751080054,-0.92611292603,-0.1));
#928 = DIRECTION('',(3.655835907958E-02,-9.307785118603E-02,
    0.994987437107));
#929 = ORIENTED_EDGE('',*,*,#930,.F.);
#930 = EDGE_CURVE('',#880,#922,#931,.T.);
#931 = LINE('',#932,#933);
#932 = CARTESIAN_POINT('',(151.58814259802,8.895367579084,
    26.507654775019));
#933 = VECTOR('',#934,1.);
#934 = DIRECTION('',(0.363751080054,-0.92611292603,-0.1));
#935 = ORIENTED_EDGE('',*,*,#879,.T.);
#936 = ORIENTED_EDGE('',*,*,#930,.T.);
#937 = CYLINDRICAL_SURFACE('',#938,3.760340635769);
#938 = AXIS2_PLACEMENT_3D('',#939,#940,#941);
#939 = CARTESIAN_POINT('',(151.4506707148,9.245372005189,22.766163083188
    ));
#940 = DIRECTION('',(0.363751080054,-0.92611292603,-0.1));
#941 = DIRECTION('',(3.655835907958E-02,-9.307785118603E-02,
    0.994987437107));
#942 = ADVANCED_FACE('',(#943),#963,.F.);
#943 = FACE_BOUND('',#944,.F.);
#944 = EDGE_LOOP('',(#945,#946,#955,#962));
#945 = ORIENTED_EDGE('',*,*,#896,.T.);
#946 = ORIENTED_EDGE('',*,*,#947,.T.);
#947 = EDGE_CURVE('',#897,#948,#950,.T.);
#948 = VERTEX_POINT('',#949);
#949 = CARTESIAN_POINT('',(153.91508654457,2.970951171235,
    26.677590567896));
#950 = CIRCLE('',#951,1.15);
#951 = AXIS2_PLACEMENT_3D('',#952,#953,#954);
#952 = CARTESIAN_POINT('',(153.49677280251,4.03598103617,26.792590567896
    ));
#953 = DIRECTION('',(0.93077851186,0.365583590796,0.));
#954 = DIRECTION('',(0.363751080054,-0.92611292603,-0.1));
#955 = ORIENTED_EDGE('',*,*,#956,.F.);
#956 = EDGE_CURVE('',#948,#948,#957,.T.);
#957 = CIRCLE('',#958,4.565925815925);
#958 = AXIS2_PLACEMENT_3D('',#959,#960,#961);
#959 = CARTESIAN_POINT('',(153.74816378906,3.395937734856,
    22.134551742289));
#960 = DIRECTION('',(0.363751080054,-0.92611292603,-0.1));
#961 = DIRECTION('',(3.655835907958E-02,-9.307785118603E-02,
    0.994987437107));
#962 = ORIENTED_EDGE('',*,*,#947,.F.);
#963 = TOROIDAL_SURFACE('',#964,4.565925815925,1.15);
#964 = AXIS2_PLACEMENT_3D('',#965,#966,#967);
#965 = CARTESIAN_POINT('',(153.329850047,4.460967599791,22.249551742289)
  );
#966 = DIRECTION('',(0.363751080054,-0.92611292603,-0.1));
#967 = DIRECTION('',(3.655835907958E-02,-9.307785118603E-02,
    0.994987437107));
#968 = ADVANCED_FACE('',(#969),#988,.T.);
#969 = FACE_BOUND('',#970,.T.);
#970 = EDGE_LOOP('',(#971,#972,#980,#987));
#971 = ORIENTED_EDGE('',*,*,#921,.T.);
#972 = ORIENTED_EDGE('',*,*,#973,.T.);
#973 = EDGE_CURVE('',#922,#974,#976,.T.);
#974 = VERTEX_POINT('',#975);
#975 = CARTESIAN_POINT('',(152.01961091067,7.796846080653,
    26.389038408963));
#976 = LINE('',#977,#978);
#977 = CARTESIAN_POINT('',(151.58814259802,8.895367579084,
    26.507654775019));
#978 = VECTOR('',#979,1.);
#979 = DIRECTION('',(0.363751080054,-0.92611292603,-0.1));
#980 = ORIENTED_EDGE('',*,*,#981,.F.);
#981 = EDGE_CURVE('',#974,#974,#982,.T.);
#982 = CIRCLE('',#983,3.760340635769);
#983 = AXIS2_PLACEMENT_3D('',#984,#985,#986);
#984 = CARTESIAN_POINT('',(151.88213902745,8.146850506757,
    22.647546717132));
#985 = DIRECTION('',(0.363751080054,-0.92611292603,-0.1));
#986 = DIRECTION('',(3.655835907958E-02,-9.307785118603E-02,
    0.994987437107));
#987 = ORIENTED_EDGE('',*,*,#973,.F.);
#988 = CYLINDRICAL_SURFACE('',#989,3.760340635769);
#989 = AXIS2_PLACEMENT_3D('',#990,#991,#992);
#990 = CARTESIAN_POINT('',(151.4506707148,9.245372005189,22.766163083188
    ));
#991 = DIRECTION('',(0.363751080054,-0.92611292603,-0.1));
#992 = DIRECTION('',(3.655835907958E-02,-9.307785118603E-02,
    0.994987437107));
#993 = ADVANCED_FACE('',(#994),#1014,.F.);
#994 = FACE_BOUND('',#995,.F.);
#995 = EDGE_LOOP('',(#996,#1005,#1006,#1007));
#996 = ORIENTED_EDGE('',*,*,#997,.F.);
#997 = EDGE_CURVE('',#948,#998,#1000,.T.);
#998 = VERTEX_POINT('',#999);
#999 = CARTESIAN_POINT('',(153.49126504857,4.050003818213,
    25.642689256378));
#1000 = CIRCLE('',#1001,1.15);
#1001 = AXIS2_PLACEMENT_3D('',#1002,#1003,#1004);
#1002 = CARTESIAN_POINT('',(153.49677280251,4.03598103617,
    26.792590567896));
#1003 = DIRECTION('',(0.93077851186,0.365583590796,0.));
#1004 = DIRECTION('',(0.363751080054,-0.92611292603,-0.1));
#1005 = ORIENTED_EDGE('',*,*,#956,.T.);
#1006 = ORIENTED_EDGE('',*,*,#997,.T.);
#1007 = ORIENTED_EDGE('',*,*,#1008,.F.);
#1008 = EDGE_CURVE('',#998,#998,#1009,.T.);
#1009 = CIRCLE('',#1010,3.420281892186);
#1010 = AXIS2_PLACEMENT_3D('',#1011,#1012,#1013);
#1011 = CARTESIAN_POINT('',(153.366225155,4.368356307188,22.239551742289
    ));
#1012 = DIRECTION('',(0.363751080054,-0.92611292603,-0.1));
#1013 = DIRECTION('',(3.655835907958E-02,-9.307785118603E-02,
    0.994987437107));
#1014 = TOROIDAL_SURFACE('',#1015,4.565925815925,1.15);
#1015 = AXIS2_PLACEMENT_3D('',#1016,#1017,#1018);
#1016 = CARTESIAN_POINT('',(153.329850047,4.460967599791,22.249551742289
    ));
#1017 = DIRECTION('',(0.363751080054,-0.92611292603,-0.1));
#1018 = DIRECTION('',(3.655835907958E-02,-9.307785118603E-02,
    0.994987437107));
#1019 = ADVANCED_FACE('',(#1020),#1039,.T.);
#1020 = FACE_BOUND('',#1021,.T.);
#1021 = EDGE_LOOP('',(#1022,#1023,#1031,#1038));
#1022 = ORIENTED_EDGE('',*,*,#981,.T.);
#1023 = ORIENTED_EDGE('',*,*,#1024,.T.);
#1024 = EDGE_CURVE('',#974,#1025,#1027,.T.);
#1025 = VERTEX_POINT('',#1026);
#1026 = CARTESIAN_POINT('',(152.05598601867,7.70423478805,
    26.379038408963));
#1027 = LINE('',#1028,#1029);
#1028 = CARTESIAN_POINT('',(151.58814259802,8.895367579084,
    26.507654775019));
#1029 = VECTOR('',#1030,1.);
#1030 = DIRECTION('',(0.363751080054,-0.92611292603,-0.1));
#1031 = ORIENTED_EDGE('',*,*,#1032,.F.);
#1032 = EDGE_CURVE('',#1025,#1025,#1033,.T.);
#1033 = CIRCLE('',#1034,3.760340635769);
#1034 = AXIS2_PLACEMENT_3D('',#1035,#1036,#1037);
#1035 = CARTESIAN_POINT('',(151.91851413545,8.054239214154,
    22.637546717132));
#1036 = DIRECTION('',(0.363751080054,-0.92611292603,-0.1));
#1037 = DIRECTION('',(3.655835907958E-02,-9.307785118603E-02,
    0.994987437107));
#1038 = ORIENTED_EDGE('',*,*,#1024,.F.);
#1039 = CYLINDRICAL_SURFACE('',#1040,3.760340635769);
#1040 = AXIS2_PLACEMENT_3D('',#1041,#1042,#1043);
#1041 = CARTESIAN_POINT('',(151.4506707148,9.245372005189,
    22.766163083188));
#1042 = DIRECTION('',(0.363751080054,-0.92611292603,-0.1));
#1043 = DIRECTION('',(3.655835907958E-02,-9.307785118603E-02,
    0.994987437107));
#1044 = ADVANCED_FACE('',(#1045,#1048),#1059,.F.);
#1045 = FACE_BOUND('',#1046,.F.);
#1046 = EDGE_LOOP('',(#1047));
#1047 = ORIENTED_EDGE('',*,*,#1008,.T.);
#1048 = FACE_BOUND('',#1049,.F.);
#1049 = EDGE_LOOP('',(#1050));
#1050 = ORIENTED_EDGE('',*,*,#1051,.F.);
#1051 = EDGE_CURVE('',#1052,#1052,#1054,.T.);
#1052 = VERTEX_POINT('',#1053);
#1053 = CARTESIAN_POINT('',(153.49110579757,4.05040927243,
    25.638355015223));
#1054 = CIRCLE('',#1055,3.415925815925);
#1055 = AXIS2_PLACEMENT_3D('',#1056,#1057,#1058);
#1056 = CARTESIAN_POINT('',(153.366225155,4.368356307188,22.239551742289
    ));
#1057 = DIRECTION('',(0.363751080054,-0.92611292603,-0.1));
#1058 = DIRECTION('',(3.655835907958E-02,-9.307785118603E-02,
    0.994987437107));
#1059 = PLANE('',#1060);
#1060 = AXIS2_PLACEMENT_3D('',#1061,#1062,#1063);
#1061 = CARTESIAN_POINT('',(153.366225155,4.368356307188,22.239551742289
    ));
#1062 = DIRECTION('',(0.363751080054,-0.92611292603,-0.1));
#1063 = DIRECTION('',(3.655835907958E-02,-9.307785118603E-02,
    0.994987437107));
#1064 = ADVANCED_FACE('',(#1065,#1076),#1079,.F.);
#1065 = FACE_BOUND('',#1066,.F.);
#1066 = EDGE_LOOP('',(#1067));
#1067 = ORIENTED_EDGE('',*,*,#1068,.T.);
#1068 = EDGE_CURVE('',#1069,#1069,#1071,.T.);
#1069 = VERTEX_POINT('',#1070);
#1070 = CARTESIAN_POINT('',(152.05614526968,7.703829333832,
    26.383372650118));
#1071 = CIRCLE('',#1072,3.76469671203);
#1072 = AXIS2_PLACEMENT_3D('',#1073,#1074,#1075);
#1073 = CARTESIAN_POINT('',(151.91851413545,8.054239214154,
    22.637546717132));
#1074 = DIRECTION('',(0.363751080054,-0.92611292603,-0.1));
#1075 = DIRECTION('',(3.655835907958E-02,-9.307785118603E-02,
    0.994987437107));
#1076 = FACE_BOUND('',#1077,.F.);
#1077 = EDGE_LOOP('',(#1078));
#1078 = ORIENTED_EDGE('',*,*,#1032,.F.);
#1079 = PLANE('',#1080);
#1080 = AXIS2_PLACEMENT_3D('',#1081,#1082,#1083);
#1081 = CARTESIAN_POINT('',(151.91851413545,8.054239214154,
    22.637546717132));
#1082 = DIRECTION('',(0.363751080054,-0.92611292603,-0.1));
#1083 = DIRECTION('',(3.655835907958E-02,-9.307785118603E-02,
    0.994987437107));
#1084 = ADVANCED_FACE('',(#1085),#1104,.T.);
#1085 = FACE_BOUND('',#1086,.T.);
#1086 = EDGE_LOOP('',(#1087,#1096,#1102,#1103));
#1087 = ORIENTED_EDGE('',*,*,#1088,.T.);
#1088 = EDGE_CURVE('',#1089,#1089,#1091,.T.);
#1089 = VERTEX_POINT('',#1090);
#1090 = CARTESIAN_POINT('',(153.45473068956,4.143020565033,
    25.648355015223));
#1091 = CIRCLE('',#1092,3.415925815925);
#1092 = AXIS2_PLACEMENT_3D('',#1093,#1094,#1095);
#1093 = CARTESIAN_POINT('',(153.329850047,4.460967599791,22.249551742289
    ));
#1094 = DIRECTION('',(0.363751080054,-0.92611292603,-0.1));
#1095 = DIRECTION('',(3.655835907958E-02,-9.307785118603E-02,
    0.994987437107));
#1096 = ORIENTED_EDGE('',*,*,#1097,.T.);
#1097 = EDGE_CURVE('',#1089,#1052,#1098,.T.);
#1098 = LINE('',#1099,#1100);
#1099 = CARTESIAN_POINT('',(153.02326237691,5.241542063465,
    25.766971381279));
#1100 = VECTOR('',#1101,1.);
#1101 = DIRECTION('',(0.363751080054,-0.92611292603,-0.1));
#1102 = ORIENTED_EDGE('',*,*,#1051,.F.);
#1103 = ORIENTED_EDGE('',*,*,#1097,.F.);
#1104 = CYLINDRICAL_SURFACE('',#1105,3.415925815925);
#1105 = AXIS2_PLACEMENT_3D('',#1106,#1107,#1108);
#1106 = CARTESIAN_POINT('',(152.89838173435,5.559489098222,
    22.368168108345));
#1107 = DIRECTION('',(0.363751080054,-0.92611292603,-0.1));
#1108 = DIRECTION('',(3.655835907958E-02,-9.307785118603E-02,
    0.994987437107));
#1109 = ADVANCED_FACE('',(#1110),#1130,.F.);
#1110 = FACE_BOUND('',#1111,.F.);
#1111 = EDGE_LOOP('',(#1112,#1121,#1128,#1129));
#1112 = ORIENTED_EDGE('',*,*,#1113,.F.);
#1113 = EDGE_CURVE('',#1114,#1069,#1116,.T.);
#1114 = VERTEX_POINT('',#1115);
#1115 = CARTESIAN_POINT('',(152.47996676567,6.624776686854,
    27.418273961636));
#1116 = CIRCLE('',#1117,1.15);
#1117 = AXIS2_PLACEMENT_3D('',#1118,#1119,#1120);
#1118 = CARTESIAN_POINT('',(152.06165302361,7.689806551789,
    27.533273961636));
#1119 = DIRECTION('',(0.93077851186,0.365583590796,0.));
#1120 = DIRECTION('',(0.363751080054,-0.92611292603,-0.1));
#1121 = ORIENTED_EDGE('',*,*,#1122,.T.);
#1122 = EDGE_CURVE('',#1114,#1114,#1123,.T.);
#1123 = CIRCLE('',#1124,4.910340635769);
#1124 = AXIS2_PLACEMENT_3D('',#1125,#1126,#1127);
#1125 = CARTESIAN_POINT('',(152.30045276951,7.081820641823,
    22.532546717132));
#1126 = DIRECTION('',(0.363751080054,-0.92611292603,-0.1));
#1127 = DIRECTION('',(3.655835907958E-02,-9.307785118603E-02,
    0.994987437107));
#1128 = ORIENTED_EDGE('',*,*,#1113,.T.);
#1129 = ORIENTED_EDGE('',*,*,#1068,.F.);
#1130 = TOROIDAL_SURFACE('',#1131,4.910340635769,1.15);
#1131 = AXIS2_PLACEMENT_3D('',#1132,#1133,#1134);
#1132 = CARTESIAN_POINT('',(151.88213902745,8.146850506757,
    22.647546717132));
#1133 = DIRECTION('',(0.363751080054,-0.92611292603,-0.1));
#1134 = DIRECTION('',(3.655835907958E-02,-9.307785118603E-02,
    0.994987437107));
#1135 = ADVANCED_FACE('',(#1136),#1155,.T.);
#1136 = FACE_BOUND('',#1137,.T.);
#1137 = EDGE_LOOP('',(#1138,#1147,#1153,#1154));
#1138 = ORIENTED_EDGE('',*,*,#1139,.T.);
#1139 = EDGE_CURVE('',#1140,#1140,#1142,.T.);
#1140 = VERTEX_POINT('',#1141);
#1141 = CARTESIAN_POINT('',(153.13238770093,4.963708185656,
    25.736971381279));
#1142 = CIRCLE('',#1143,3.415925815925);
#1143 = AXIS2_PLACEMENT_3D('',#1144,#1145,#1146);
#1144 = CARTESIAN_POINT('',(153.00750705836,5.281655220413,
    22.338168108345));
#1145 = DIRECTION('',(0.363751080054,-0.92611292603,-0.1));
#1146 = DIRECTION('',(3.655835907958E-02,-9.307785118603E-02,
    0.994987437107));
#1147 = ORIENTED_EDGE('',*,*,#1148,.T.);
#1148 = EDGE_CURVE('',#1140,#1089,#1149,.T.);
#1149 = LINE('',#1150,#1151);
#1150 = CARTESIAN_POINT('',(153.02326237691,5.241542063465,
    25.766971381279));
#1151 = VECTOR('',#1152,1.);
#1152 = DIRECTION('',(0.363751080054,-0.92611292603,-0.1));
#1153 = ORIENTED_EDGE('',*,*,#1088,.F.);
#1154 = ORIENTED_EDGE('',*,*,#1148,.F.);
#1155 = CYLINDRICAL_SURFACE('',#1156,3.415925815925);
#1156 = AXIS2_PLACEMENT_3D('',#1157,#1158,#1159);
#1157 = CARTESIAN_POINT('',(152.89838173435,5.559489098222,
    22.368168108345));
#1158 = DIRECTION('',(0.363751080054,-0.92611292603,-0.1));
#1159 = DIRECTION('',(3.655835907958E-02,-9.307785118603E-02,
    0.994987437107));
#1160 = ADVANCED_FACE('',(#1161),#1181,.F.);
#1161 = FACE_BOUND('',#1162,.F.);
#1162 = EDGE_LOOP('',(#1163,#1172,#1179,#1180));
#1163 = ORIENTED_EDGE('',*,*,#1164,.T.);
#1164 = EDGE_CURVE('',#1165,#1165,#1167,.T.);
#1165 = VERTEX_POINT('',#1166);
#1166 = CARTESIAN_POINT('',(152.440453618,6.725377451545,28.032159339548
    ));
#1167 = CIRCLE('',#1168,5.510340635769);
#1168 = AXIS2_PLACEMENT_3D('',#1169,#1170,#1171);
#1169 = CARTESIAN_POINT('',(152.23900460638,7.238268117225,
    22.54943963278));
#1170 = DIRECTION('',(0.363751080054,-0.92611292603,-0.1));
#1171 = DIRECTION('',(3.655835907958E-02,-9.307785118603E-02,
    0.994987437107));
#1172 = ORIENTED_EDGE('',*,*,#1173,.T.);
#1173 = EDGE_CURVE('',#1165,#1114,#1174,.T.);
#1174 = CIRCLE('',#1175,1.15);
#1175 = AXIS2_PLACEMENT_3D('',#1176,#1177,#1178);
#1176 = CARTESIAN_POINT('',(152.06165302361,7.689806551789,
    27.533273961636));
#1177 = DIRECTION('',(0.93077851186,0.365583590796,0.));
#1178 = DIRECTION('',(0.363751080054,-0.92611292603,-0.1));
#1179 = ORIENTED_EDGE('',*,*,#1122,.F.);
#1180 = ORIENTED_EDGE('',*,*,#1173,.F.);
#1181 = TOROIDAL_SURFACE('',#1182,4.910340635769,1.15);
#1182 = AXIS2_PLACEMENT_3D('',#1183,#1184,#1185);
#1183 = CARTESIAN_POINT('',(151.88213902745,8.146850506757,
    22.647546717132));
#1184 = DIRECTION('',(0.363751080054,-0.92611292603,-0.1));
#1185 = DIRECTION('',(3.655835907958E-02,-9.307785118603E-02,
    0.994987437107));
#1186 = ADVANCED_FACE('',(#1187),#1206,.T.);
#1187 = FACE_BOUND('',#1188,.T.);
#1188 = EDGE_LOOP('',(#1189,#1190,#1198,#1205));
#1189 = ORIENTED_EDGE('',*,*,#1139,.F.);
#1190 = ORIENTED_EDGE('',*,*,#1191,.F.);
#1191 = EDGE_CURVE('',#1192,#1140,#1194,.T.);
#1192 = VERTEX_POINT('',#1193);
#1193 = CARTESIAN_POINT('',(153.09601259293,5.056319478259,
    25.746971381279));
#1194 = LINE('',#1195,#1196);
#1195 = CARTESIAN_POINT('',(153.02326237691,5.241542063465,
    25.766971381279));
#1196 = VECTOR('',#1197,1.);
#1197 = DIRECTION('',(0.363751080054,-0.92611292603,-0.1));
#1198 = ORIENTED_EDGE('',*,*,#1199,.T.);
#1199 = EDGE_CURVE('',#1192,#1192,#1200,.T.);
#1200 = CIRCLE('',#1201,3.415925815925);
#1201 = AXIS2_PLACEMENT_3D('',#1202,#1203,#1204);
#1202 = CARTESIAN_POINT('',(152.97113195036,5.374266513016,
    22.348168108345));
#1203 = DIRECTION('',(0.363751080054,-0.92611292603,-0.1));
#1204 = DIRECTION('',(3.655835907958E-02,-9.307785118603E-02,
    0.994987437107));
#1205 = ORIENTED_EDGE('',*,*,#1191,.T.);
#1206 = CYLINDRICAL_SURFACE('',#1207,3.415925815925);
#1207 = AXIS2_PLACEMENT_3D('',#1208,#1209,#1210);
#1208 = CARTESIAN_POINT('',(152.89838173435,5.559489098222,
    22.368168108345));
#1209 = DIRECTION('',(0.363751080054,-0.92611292603,-0.1));
#1210 = DIRECTION('',(3.655835907958E-02,-9.307785118603E-02,
    0.994987437107));
#1211 = ADVANCED_FACE('',(#1212),#1231,.T.);
#1212 = FACE_BOUND('',#1213,.T.);
#1213 = EDGE_LOOP('',(#1214,#1215,#1223,#1230));
#1214 = ORIENTED_EDGE('',*,*,#1164,.T.);
#1215 = ORIENTED_EDGE('',*,*,#1216,.T.);
#1216 = EDGE_CURVE('',#1165,#1217,#1219,.T.);
#1217 = VERTEX_POINT('',#1218);
#1218 = CARTESIAN_POINT('',(152.64627205452,6.201362197905,
    27.975577119506));
#1219 = LINE('',#1220,#1221);
#1220 = CARTESIAN_POINT('',(150.96303449551,10.486897407147,
    28.438321466204));
#1221 = VECTOR('',#1222,1.);
#1222 = DIRECTION('',(0.363751080054,-0.92611292603,-0.1));
#1223 = ORIENTED_EDGE('',*,*,#1224,.F.);
#1224 = EDGE_CURVE('',#1217,#1217,#1225,.T.);
#1225 = CIRCLE('',#1226,5.510340635769);
#1226 = AXIS2_PLACEMENT_3D('',#1227,#1228,#1229);
#1227 = CARTESIAN_POINT('',(152.4448230429,6.714252863585,
    22.492857412738));
#1228 = DIRECTION('',(0.363751080054,-0.92611292603,-0.1));
#1229 = DIRECTION('',(3.655835907958E-02,-9.307785118603E-02,
    0.994987437107));
#1230 = ORIENTED_EDGE('',*,*,#1216,.F.);
#1231 = CYLINDRICAL_SURFACE('',#1232,5.510340635769);
#1232 = AXIS2_PLACEMENT_3D('',#1233,#1234,#1235);
#1233 = CARTESIAN_POINT('',(150.7615854839,10.999788072828,
    22.955601759436));
#1234 = DIRECTION('',(0.363751080054,-0.92611292603,-0.1));
#1235 = DIRECTION('',(3.655835907958E-02,-9.307785118603E-02,
    0.994987437107));
#1236 = ADVANCED_FACE('',(#1237,#1248),#1251,.T.);
#1237 = FACE_BOUND('',#1238,.T.);
#1238 = EDGE_LOOP('',(#1239));
#1239 = ORIENTED_EDGE('',*,*,#1240,.T.);
#1240 = EDGE_CURVE('',#1241,#1241,#1243,.T.);
#1241 = VERTEX_POINT('',#1242);
#1242 = CARTESIAN_POINT('',(153.09617184393,5.055914024041,
    25.751305622434));
#1243 = CIRCLE('',#1244,3.420281892186);
#1244 = AXIS2_PLACEMENT_3D('',#1245,#1246,#1247);
#1245 = CARTESIAN_POINT('',(152.97113195036,5.374266513016,
    22.348168108345));
#1246 = DIRECTION('',(0.363751080054,-0.92611292603,-0.1));
#1247 = DIRECTION('',(3.655835907958E-02,-9.307785118603E-02,
    0.994987437107));
#1248 = FACE_BOUND('',#1249,.T.);
#1249 = EDGE_LOOP('',(#1250));
#1250 = ORIENTED_EDGE('',*,*,#1199,.F.);
#1251 = PLANE('',#1252);
#1252 = AXIS2_PLACEMENT_3D('',#1253,#1254,#1255);
#1253 = CARTESIAN_POINT('',(152.97113195036,5.374266513016,
    22.348168108345));
#1254 = DIRECTION('',(0.363751080054,-0.92611292603,-0.1));
#1255 = DIRECTION('',(3.655835907958E-02,-9.307785118603E-02,
    0.994987437107));
#1256 = ADVANCED_FACE('',(#1257,#1260),#1271,.T.);
#1257 = FACE_BOUND('',#1258,.T.);
#1258 = EDGE_LOOP('',(#1259));
#1259 = ORIENTED_EDGE('',*,*,#1224,.T.);
#1260 = FACE_BOUND('',#1261,.T.);
#1261 = EDGE_LOOP('',(#1262));
#1262 = ORIENTED_EDGE('',*,*,#1263,.F.);
#1263 = EDGE_CURVE('',#1264,#1264,#1266,.T.);
#1264 = VERTEX_POINT('',#1265);
#1265 = CARTESIAN_POINT('',(152.63368081386,6.233419589253,
    27.632888700609));
#1266 = CIRCLE('',#1267,5.165925815925);
#1267 = AXIS2_PLACEMENT_3D('',#1268,#1269,#1270);
#1268 = CARTESIAN_POINT('',(152.4448230429,6.714252863585,
    22.492857412738));
#1269 = DIRECTION('',(0.363751080054,-0.92611292603,-0.1));
#1270 = DIRECTION('',(3.655835907958E-02,-9.307785118603E-02,
    0.994987437107));
#1271 = PLANE('',#1272);
#1272 = AXIS2_PLACEMENT_3D('',#1273,#1274,#1275);
#1273 = CARTESIAN_POINT('',(152.4448230429,6.714252863585,
    22.492857412738));
#1274 = DIRECTION('',(0.363751080054,-0.92611292603,-0.1));
#1275 = DIRECTION('',(3.655835907958E-02,-9.307785118603E-02,
    0.994987437107));
#1276 = ADVANCED_FACE('',(#1277),#1297,.F.);
#1277 = FACE_BOUND('',#1278,.F.);
#1278 = EDGE_LOOP('',(#1279,#1288,#1289,#1290));
#1279 = ORIENTED_EDGE('',*,*,#1280,.F.);
#1280 = EDGE_CURVE('',#1241,#1281,#1283,.T.);
#1281 = VERTEX_POINT('',#1282);
#1282 = CARTESIAN_POINT('',(152.83949925038,5.709404335613,
    27.576306480567));
#1283 = CIRCLE('',#1284,1.15);
#1284 = AXIS2_PLACEMENT_3D('',#1285,#1286,#1287);
#1285 = CARTESIAN_POINT('',(153.17442981387,4.856668656792,
    26.881206933952));
#1286 = DIRECTION('',(0.93077851186,0.365583590796,0.));
#1287 = DIRECTION('',(0.363751080054,-0.92611292603,-0.1));
#1288 = ORIENTED_EDGE('',*,*,#1240,.T.);
#1289 = ORIENTED_EDGE('',*,*,#1280,.T.);
#1290 = ORIENTED_EDGE('',*,*,#1291,.F.);
#1291 = EDGE_CURVE('',#1281,#1281,#1292,.T.);
#1292 = CIRCLE('',#1293,5.165925815925);
#1293 = AXIS2_PLACEMENT_3D('',#1294,#1295,#1296);
#1294 = CARTESIAN_POINT('',(152.65064147942,6.190237609946,
    22.436275192697));
#1295 = DIRECTION('',(0.363751080054,-0.92611292603,-0.1));
#1296 = DIRECTION('',(3.655835907958E-02,-9.307785118603E-02,
    0.994987437107));
#1297 = TOROIDAL_SURFACE('',#1298,4.565925815925,1.15);
#1298 = AXIS2_PLACEMENT_3D('',#1299,#1300,#1301);
#1299 = CARTESIAN_POINT('',(153.00750705836,5.281655220413,
    22.338168108345));
#1300 = DIRECTION('',(0.363751080054,-0.92611292603,-0.1));
#1301 = DIRECTION('',(3.655835907958E-02,-9.307785118603E-02,
    0.994987437107));
#1302 = ADVANCED_FACE('',(#1303),#1314,.T.);
#1303 = FACE_BOUND('',#1304,.T.);
#1304 = EDGE_LOOP('',(#1305,#1306,#1312,#1313));
#1305 = ORIENTED_EDGE('',*,*,#1263,.T.);
#1306 = ORIENTED_EDGE('',*,*,#1307,.T.);
#1307 = EDGE_CURVE('',#1264,#1281,#1308,.T.);
#1308 = LINE('',#1309,#1310);
#1309 = CARTESIAN_POINT('',(152.61549325986,6.279725235554,
    27.637888700609));
#1310 = VECTOR('',#1311,1.);
#1311 = DIRECTION('',(0.363751080054,-0.92611292603,-0.1));
#1312 = ORIENTED_EDGE('',*,*,#1291,.F.);
#1313 = ORIENTED_EDGE('',*,*,#1307,.F.);
#1314 = CYLINDRICAL_SURFACE('',#1315,5.165925815925);
#1315 = AXIS2_PLACEMENT_3D('',#1316,#1317,#1318);
#1316 = CARTESIAN_POINT('',(152.4266354889,6.760558509887,
    22.497857412738));
#1317 = DIRECTION('',(0.363751080054,-0.92611292603,-0.1));
#1318 = DIRECTION('',(3.655835907958E-02,-9.307785118603E-02,
    0.994987437107));
#1319 = MANIFOLD_SOLID_BREP('',#1320);
#1320 = CLOSED_SHELL('',(#1321,#1354,#1374,#1394,#1419,#1444,#1470,#1479
    ,#1499,#1524,#1549,#1574,#1594,#1620,#1646,#1671,#1691,#1716,#1742,
    #1762,#1787,#1812,#1837,#1857,#1883,#1909,#1934,#1954,#1979,#2007,
    #2039,#2056));
#1321 = ADVANCED_FACE('',(#1322),#1349,.T.);
#1322 = FACE_BOUND('',#1323,.T.);
#1323 = EDGE_LOOP('',(#1324,#1333,#1341,#1348));
#1324 = ORIENTED_EDGE('',*,*,#1325,.F.);
#1325 = EDGE_CURVE('',#1326,#1326,#1328,.T.);
#1326 = VERTEX_POINT('',#1327);
#1327 = CARTESIAN_POINT('',(170.41376567693,20.93651552695,31.));
#1328 = CIRCLE('',#1329,8.1);
#1329 = AXIS2_PLACEMENT_3D('',#1330,#1331,#1332);
#1330 = CARTESIAN_POINT('',(169.92462802016,21.58215037168,
    22.940601759436));
#1331 = DIRECTION('',(0.600846695681,-0.793084641315,-0.1));
#1332 = DIRECTION('',(6.038736503325E-02,-7.970800552228E-02,
    0.994987437107));
#1333 = ORIENTED_EDGE('',*,*,#1334,.F.);
#1334 = EDGE_CURVE('',#1335,#1326,#1337,.T.);
#1335 = VERTEX_POINT('',#1336);
#1336 = CARTESIAN_POINT('',(139.01233585964,62.384678398538,31.));
#1337 = LINE('',#1338,#1339);
#1338 = CARTESIAN_POINT('',(139.01233585964,62.384678398538,31.));
#1339 = VECTOR('',#1340,1.);
#1340 = DIRECTION('',(0.603873650333,-0.797080055223,0.));
#1341 = ORIENTED_EDGE('',*,*,#1342,.T.);
#1342 = EDGE_CURVE('',#1335,#1335,#1343,.T.);
#1343 = CIRCLE('',#1344,2.9);
#1344 = AXIS2_PLACEMENT_3D('',#1345,#1346,#1347);
#1345 = CARTESIAN_POINT('',(138.83721250104,62.615831614552,
    28.114536432391));
#1346 = DIRECTION('',(0.600846695681,-0.793084641315,-0.1));
#1347 = DIRECTION('',(6.038736503325E-02,-7.970800552228E-02,
    0.994987437107));
#1348 = ORIENTED_EDGE('',*,*,#1334,.T.);
#1349 = CONICAL_SURFACE('',#1350,2.9,0.100167421162);
#1350 = AXIS2_PLACEMENT_3D('',#1351,#1352,#1353);
#1351 = CARTESIAN_POINT('',(138.83721250104,62.615831614552,
    28.114536432391));
#1352 = DIRECTION('',(0.600846695681,-0.793084641315,-0.1));
#1353 = DIRECTION('',(6.038736503325E-02,-7.970800552228E-02,
    0.994987437107));
#1354 = ADVANCED_FACE('',(#1355,#1358),#1369,.T.);
#1355 = FACE_BOUND('',#1356,.T.);
#1356 = EDGE_LOOP('',(#1357));
#1357 = ORIENTED_EDGE('',*,*,#1325,.T.);
#1358 = FACE_BOUND('',#1359,.T.);
#1359 = EDGE_LOOP('',(#1360));
#1360 = ORIENTED_EDGE('',*,*,#1361,.F.);
#1361 = EDGE_CURVE('',#1362,#1362,#1364,.T.);
#1362 = VERTEX_POINT('',#1363);
#1363 = CARTESIAN_POINT('',(170.25738297159,21.142932109855,
    28.423321466204));
#1364 = CIRCLE('',#1365,5.510340635769);
#1365 = AXIS2_PLACEMENT_3D('',#1366,#1367,#1368);
#1366 = CARTESIAN_POINT('',(169.92462802016,21.58215037168,
    22.940601759436));
#1367 = DIRECTION('',(0.600846695681,-0.793084641315,-0.1));
#1368 = DIRECTION('',(6.038736503325E-02,-7.970800552228E-02,
    0.994987437107));
#1369 = PLANE('',#1370);
#1370 = AXIS2_PLACEMENT_3D('',#1371,#1372,#1373);
#1371 = CARTESIAN_POINT('',(169.92462802016,21.58215037168,
    22.940601759436));
#1372 = DIRECTION('',(0.600846695681,-0.793084641315,-0.1));
#1373 = DIRECTION('',(6.038736503325E-02,-7.970800552228E-02,
    0.994987437107));
#1374 = ADVANCED_FACE('',(#1375,#1378),#1389,.F.);
#1375 = FACE_BOUND('',#1376,.F.);
#1376 = EDGE_LOOP('',(#1377));
#1377 = ORIENTED_EDGE('',*,*,#1342,.T.);
#1378 = FACE_BOUND('',#1379,.F.);
#1379 = EDGE_LOOP('',(#1380));
#1380 = ORIENTED_EDGE('',*,*,#1381,.F.);
#1381 = EDGE_CURVE('',#1382,#1382,#1384,.T.);
#1382 = VERTEX_POINT('',#1383);
#1383 = CARTESIAN_POINT('',(138.94892912635,62.468371804336,
    29.955263191038));
#1384 = CIRCLE('',#1385,1.85);
#1385 = AXIS2_PLACEMENT_3D('',#1386,#1387,#1388);
#1386 = CARTESIAN_POINT('',(138.83721250104,62.615831614552,
    28.114536432391));
#1387 = DIRECTION('',(0.600846695681,-0.793084641315,-0.1));
#1388 = DIRECTION('',(6.038736503325E-02,-7.970800552228E-02,
    0.994987437107));
#1389 = PLANE('',#1390);
#1390 = AXIS2_PLACEMENT_3D('',#1391,#1392,#1393);
#1391 = CARTESIAN_POINT('',(138.83721250104,62.615831614552,
    28.114536432391));
#1392 = DIRECTION('',(0.600846695681,-0.793084641315,-0.1));
#1393 = DIRECTION('',(6.038736503325E-02,-7.970800552228E-02,
    0.994987437107));
#1394 = ADVANCED_FACE('',(#1395),#1414,.T.);
#1395 = FACE_BOUND('',#1396,.T.);
#1396 = EDGE_LOOP('',(#1397,#1398,#1406,#1413));
#1397 = ORIENTED_EDGE('',*,*,#1361,.T.);
#1398 = ORIENTED_EDGE('',*,*,#1399,.T.);
#1399 = EDGE_CURVE('',#1362,#1400,#1402,.T.);
#1400 = VERTEX_POINT('',#1401);
#1401 = CARTESIAN_POINT('',(170.89627282797,20.299632585655,
    28.316989874308));
#1402 = LINE('',#1403,#1404);
#1403 = CARTESIAN_POINT('',(170.16725596724,21.261894806052,
    28.438321466204));
#1404 = VECTOR('',#1405,1.);
#1405 = DIRECTION('',(0.600846695681,-0.793084641315,-0.1));
#1406 = ORIENTED_EDGE('',*,*,#1407,.F.);
#1407 = EDGE_CURVE('',#1400,#1400,#1408,.T.);
#1408 = CIRCLE('',#1409,5.510340635769);
#1409 = AXIS2_PLACEMENT_3D('',#1410,#1411,#1412);
#1410 = CARTESIAN_POINT('',(170.56351787654,20.73885084748,
    22.834270167539));
#1411 = DIRECTION('',(0.600846695681,-0.793084641315,-0.1));
#1412 = DIRECTION('',(6.038736503325E-02,-7.970800552228E-02,
    0.994987437107));
#1413 = ORIENTED_EDGE('',*,*,#1399,.F.);
#1414 = CYLINDRICAL_SURFACE('',#1415,5.510340635769);
#1415 = AXIS2_PLACEMENT_3D('',#1416,#1417,#1418);
#1416 = CARTESIAN_POINT('',(169.83450101581,21.701113067877,
    22.955601759436));
#1417 = DIRECTION('',(0.600846695681,-0.793084641315,-0.1));
#1418 = DIRECTION('',(6.038736503325E-02,-7.970800552228E-02,
    0.994987437107));
#1419 = ADVANCED_FACE('',(#1420),#1439,.F.);
#1420 = FACE_BOUND('',#1421,.F.);
#1421 = EDGE_LOOP('',(#1422,#1430,#1437,#1438));
#1422 = ORIENTED_EDGE('',*,*,#1423,.T.);
#1423 = EDGE_CURVE('',#1382,#1424,#1426,.T.);
#1424 = VERTEX_POINT('',#1425);
#1425 = CARTESIAN_POINT('',(150.96586303997,46.606678978036,
    27.955263191038));
#1426 = LINE('',#1427,#1428);
#1427 = CARTESIAN_POINT('',(138.76867511765,62.70629719673,
    29.985263191038));
#1428 = VECTOR('',#1429,1.);
#1429 = DIRECTION('',(0.600846695681,-0.793084641315,-0.1));
#1430 = ORIENTED_EDGE('',*,*,#1431,.F.);
#1431 = EDGE_CURVE('',#1424,#1424,#1432,.T.);
#1432 = CIRCLE('',#1433,1.85);
#1433 = AXIS2_PLACEMENT_3D('',#1434,#1435,#1436);
#1434 = CARTESIAN_POINT('',(150.85414641465,46.754138788253,
    26.114536432391));
#1435 = DIRECTION('',(0.600846695681,-0.793084641315,-0.1));
#1436 = DIRECTION('',(6.038736503325E-02,-7.970800552228E-02,
    0.994987437107));
#1437 = ORIENTED_EDGE('',*,*,#1423,.F.);
#1438 = ORIENTED_EDGE('',*,*,#1381,.T.);
#1439 = CYLINDRICAL_SURFACE('',#1440,1.85);
#1440 = AXIS2_PLACEMENT_3D('',#1441,#1442,#1443);
#1441 = CARTESIAN_POINT('',(138.65695849234,62.853757006947,
    28.144536432391));
#1442 = DIRECTION('',(0.600846695681,-0.793084641315,-0.1));
#1443 = DIRECTION('',(6.038736503325E-02,-7.970800552228E-02,
    0.994987437107));
#1444 = ADVANCED_FACE('',(#1445),#1465,.F.);
#1445 = FACE_BOUND('',#1446,.F.);
#1446 = EDGE_LOOP('',(#1447,#1456,#1463,#1464));
#1447 = ORIENTED_EDGE('',*,*,#1448,.F.);
#1448 = EDGE_CURVE('',#1449,#1400,#1451,.T.);
#1449 = VERTEX_POINT('',#1450);
#1450 = CARTESIAN_POINT('',(171.32024649612,19.740010627264,
    26.491989016174));
#1451 = CIRCLE('',#1452,1.15);
#1452 = AXIS2_PLACEMENT_3D('',#1453,#1454,#1455);
#1453 = CARTESIAN_POINT('',(171.4495135835,19.569385170932,
    27.621890327692));
#1454 = DIRECTION('',(0.797080055223,0.603873650333,6.938893903907E-18)
  );
#1455 = DIRECTION('',(0.600846695681,-0.793084641315,-0.1));
#1456 = ORIENTED_EDGE('',*,*,#1457,.T.);
#1457 = EDGE_CURVE('',#1449,#1449,#1458,.T.);
#1458 = CIRCLE('',#1459,3.76469671203);
#1459 = AXIS2_PLACEMENT_3D('',#1460,#1461,#1462);
#1460 = CARTESIAN_POINT('',(171.09290638153,20.040087093576,
    22.746163083188));
#1461 = DIRECTION('',(0.600846695681,-0.793084641315,-0.1));
#1462 = DIRECTION('',(6.038736503325E-02,-7.970800552228E-02,
    0.994987437107));
#1463 = ORIENTED_EDGE('',*,*,#1448,.T.);
#1464 = ORIENTED_EDGE('',*,*,#1407,.F.);
#1465 = TOROIDAL_SURFACE('',#1466,4.910340635769,1.15);
#1466 = AXIS2_PLACEMENT_3D('',#1467,#1468,#1469);
#1467 = CARTESIAN_POINT('',(171.1529910511,19.960778629445,
    22.736163083188));
#1468 = DIRECTION('',(0.600846695681,-0.793084641315,-0.1));
#1469 = DIRECTION('',(6.038736503325E-02,-7.970800552228E-02,
    0.994987437107));
#1470 = ADVANCED_FACE('',(#1471),#1474,.F.);
#1471 = FACE_BOUND('',#1472,.F.);
#1472 = EDGE_LOOP('',(#1473));
#1473 = ORIENTED_EDGE('',*,*,#1431,.T.);
#1474 = PLANE('',#1475);
#1475 = AXIS2_PLACEMENT_3D('',#1476,#1477,#1478);
#1476 = CARTESIAN_POINT('',(150.85414641465,46.754138788253,
    26.114536432391));
#1477 = DIRECTION('',(0.600846695681,-0.793084641315,-0.1));
#1478 = DIRECTION('',(6.038736503325E-02,-7.970800552228E-02,
    0.994987437107));
#1479 = ADVANCED_FACE('',(#1480,#1483),#1494,.T.);
#1480 = FACE_BOUND('',#1481,.T.);
#1481 = EDGE_LOOP('',(#1482));
#1482 = ORIENTED_EDGE('',*,*,#1457,.T.);
#1483 = FACE_BOUND('',#1484,.T.);
#1484 = EDGE_LOOP('',(#1485));
#1485 = ORIENTED_EDGE('',*,*,#1486,.F.);
#1486 = EDGE_CURVE('',#1487,#1487,#1489,.T.);
#1487 = VERTEX_POINT('',#1488);
#1488 = CARTESIAN_POINT('',(171.31998344415,19.740357841415,
    26.487654775019));
#1489 = CIRCLE('',#1490,3.760340635769);
#1490 = AXIS2_PLACEMENT_3D('',#1491,#1492,#1493);
#1491 = CARTESIAN_POINT('',(171.09290638153,20.040087093576,
    22.746163083188));
#1492 = DIRECTION('',(0.600846695681,-0.793084641315,-0.1));
#1493 = DIRECTION('',(6.038736503325E-02,-7.970800552228E-02,
    0.994987437107));
#1494 = PLANE('',#1495);
#1495 = AXIS2_PLACEMENT_3D('',#1496,#1497,#1498);
#1496 = CARTESIAN_POINT('',(171.09290638153,20.040087093576,
    22.746163083188));
#1497 = DIRECTION('',(0.600846695681,-0.793084641315,-0.1));
#1498 = DIRECTION('',(6.038736503325E-02,-7.970800552228E-02,
    0.994987437107));
#1499 = ADVANCED_FACE('',(#1500),#1519,.T.);
#1500 = FACE_BOUND('',#1501,.T.);
#1501 = EDGE_LOOP('',(#1502,#1511,#1517,#1518));
#1502 = ORIENTED_EDGE('',*,*,#1503,.F.);
#1503 = EDGE_CURVE('',#1504,#1504,#1506,.T.);
#1504 = VERTEX_POINT('',#1505);
#1505 = CARTESIAN_POINT('',(171.38006811372,19.661049377283,
    26.477654775019));
#1506 = CIRCLE('',#1507,3.760340635769);
#1507 = AXIS2_PLACEMENT_3D('',#1508,#1509,#1510);
#1508 = CARTESIAN_POINT('',(171.1529910511,19.960778629445,
    22.736163083188));
#1509 = DIRECTION('',(0.600846695681,-0.793084641315,-0.1));
#1510 = DIRECTION('',(6.038736503325E-02,-7.970800552228E-02,
    0.994987437107));
#1511 = ORIENTED_EDGE('',*,*,#1512,.F.);
#1512 = EDGE_CURVE('',#1487,#1504,#1513,.T.);
#1513 = LINE('',#1514,#1515);
#1514 = CARTESIAN_POINT('',(171.19981410501,19.898974769678,
    26.507654775019));
#1515 = VECTOR('',#1516,1.);
#1516 = DIRECTION('',(0.600846695681,-0.793084641315,-0.1));
#1517 = ORIENTED_EDGE('',*,*,#1486,.T.);
#1518 = ORIENTED_EDGE('',*,*,#1512,.T.);
#1519 = CYLINDRICAL_SURFACE('',#1520,3.760340635769);
#1520 = AXIS2_PLACEMENT_3D('',#1521,#1522,#1523);
#1521 = CARTESIAN_POINT('',(170.97273704239,20.198704021839,
    22.766163083188));
#1522 = DIRECTION('',(0.600846695681,-0.793084641315,-0.1));
#1523 = DIRECTION('',(6.038736503325E-02,-7.970800552228E-02,
    0.994987437107));
#1524 = ADVANCED_FACE('',(#1525),#1544,.T.);
#1525 = FACE_BOUND('',#1526,.T.);
#1526 = EDGE_LOOP('',(#1527,#1528,#1536,#1543));
#1527 = ORIENTED_EDGE('',*,*,#1503,.T.);
#1528 = ORIENTED_EDGE('',*,*,#1529,.T.);
#1529 = EDGE_CURVE('',#1504,#1530,#1532,.T.);
#1530 = VERTEX_POINT('',#1531);
#1531 = CARTESIAN_POINT('',(171.912516621,18.958246588401,
    26.389038408963));
#1532 = LINE('',#1533,#1534);
#1533 = CARTESIAN_POINT('',(171.19981410501,19.898974769678,
    26.507654775019));
#1534 = VECTOR('',#1535,1.);
#1535 = DIRECTION('',(0.600846695681,-0.793084641315,-0.1));
#1536 = ORIENTED_EDGE('',*,*,#1537,.F.);
#1537 = EDGE_CURVE('',#1530,#1530,#1538,.T.);
#1538 = CIRCLE('',#1539,3.760340635769);
#1539 = AXIS2_PLACEMENT_3D('',#1540,#1541,#1542);
#1540 = CARTESIAN_POINT('',(171.68543955838,19.257975840563,
    22.647546717132));
#1541 = DIRECTION('',(0.600846695681,-0.793084641315,-0.1));
#1542 = DIRECTION('',(6.038736503325E-02,-7.970800552228E-02,
    0.994987437107));
#1543 = ORIENTED_EDGE('',*,*,#1529,.F.);
#1544 = CYLINDRICAL_SURFACE('',#1545,3.760340635769);
#1545 = AXIS2_PLACEMENT_3D('',#1546,#1547,#1548);
#1546 = CARTESIAN_POINT('',(170.97273704239,20.198704021839,
    22.766163083188));
#1547 = DIRECTION('',(0.600846695681,-0.793084641315,-0.1));
#1548 = DIRECTION('',(6.038736503325E-02,-7.970800552228E-02,
    0.994987437107));
#1549 = ADVANCED_FACE('',(#1550),#1569,.T.);
#1550 = FACE_BOUND('',#1551,.T.);
#1551 = EDGE_LOOP('',(#1552,#1553,#1561,#1568));
#1552 = ORIENTED_EDGE('',*,*,#1537,.T.);
#1553 = ORIENTED_EDGE('',*,*,#1554,.T.);
#1554 = EDGE_CURVE('',#1530,#1555,#1557,.T.);
#1555 = VERTEX_POINT('',#1556);
#1556 = CARTESIAN_POINT('',(171.97260129056,18.87893812427,
    26.379038408963));
#1557 = LINE('',#1558,#1559);
#1558 = CARTESIAN_POINT('',(171.19981410501,19.898974769678,
    26.507654775019));
#1559 = VECTOR('',#1560,1.);
#1560 = DIRECTION('',(0.600846695681,-0.793084641315,-0.1));
#1561 = ORIENTED_EDGE('',*,*,#1562,.F.);
#1562 = EDGE_CURVE('',#1555,#1555,#1563,.T.);
#1563 = CIRCLE('',#1564,3.760340635769);
#1564 = AXIS2_PLACEMENT_3D('',#1565,#1566,#1567);
#1565 = CARTESIAN_POINT('',(171.74552422794,19.178667376431,
    22.637546717132));
#1566 = DIRECTION('',(0.600846695681,-0.793084641315,-0.1));
#1567 = DIRECTION('',(6.038736503325E-02,-7.970800552228E-02,
    0.994987437107));
#1568 = ORIENTED_EDGE('',*,*,#1554,.F.);
#1569 = CYLINDRICAL_SURFACE('',#1570,3.760340635769);
#1570 = AXIS2_PLACEMENT_3D('',#1571,#1572,#1573);
#1571 = CARTESIAN_POINT('',(170.97273704239,20.198704021839,
    22.766163083188));
#1572 = DIRECTION('',(0.600846695681,-0.793084641315,-0.1));
#1573 = DIRECTION('',(6.038736503325E-02,-7.970800552228E-02,
    0.994987437107));
#1574 = ADVANCED_FACE('',(#1575,#1586),#1589,.F.);
#1575 = FACE_BOUND('',#1576,.F.);
#1576 = EDGE_LOOP('',(#1577));
#1577 = ORIENTED_EDGE('',*,*,#1578,.T.);
#1578 = EDGE_CURVE('',#1579,#1579,#1581,.T.);
#1579 = VERTEX_POINT('',#1580);
#1580 = CARTESIAN_POINT('',(171.97286434253,18.878590910119,
    26.383372650118));
#1581 = CIRCLE('',#1582,3.76469671203);
#1582 = AXIS2_PLACEMENT_3D('',#1583,#1584,#1585);
#1583 = CARTESIAN_POINT('',(171.74552422794,19.178667376431,
    22.637546717132));
#1584 = DIRECTION('',(0.600846695681,-0.793084641315,-0.1));
#1585 = DIRECTION('',(6.038736503325E-02,-7.970800552228E-02,
    0.994987437107));
#1586 = FACE_BOUND('',#1587,.F.);
#1587 = EDGE_LOOP('',(#1588));
#1588 = ORIENTED_EDGE('',*,*,#1562,.F.);
#1589 = PLANE('',#1590);
#1590 = AXIS2_PLACEMENT_3D('',#1591,#1592,#1593);
#1591 = CARTESIAN_POINT('',(171.74552422794,19.178667376431,
    22.637546717132));
#1592 = DIRECTION('',(0.600846695681,-0.793084641315,-0.1));
#1593 = DIRECTION('',(6.038736503325E-02,-7.970800552228E-02,
    0.994987437107));
#1594 = ADVANCED_FACE('',(#1595),#1615,.F.);
#1595 = FACE_BOUND('',#1596,.F.);
#1596 = EDGE_LOOP('',(#1597,#1606,#1613,#1614));
#1597 = ORIENTED_EDGE('',*,*,#1598,.F.);
#1598 = EDGE_CURVE('',#1599,#1579,#1601,.T.);
#1599 = VERTEX_POINT('',#1600);
#1600 = CARTESIAN_POINT('',(172.67293579082,17.954535044538,
    27.418273961636));
#1601 = CIRCLE('',#1602,1.15);
#1602 = AXIS2_PLACEMENT_3D('',#1603,#1604,#1605);
#1603 = CARTESIAN_POINT('',(171.98196209078,18.866582382051,
    27.533273961636));
#1604 = DIRECTION('',(0.797080055223,0.603873650333,6.938893903907E-18)
  );
#1605 = DIRECTION('',(0.600846695681,-0.793084641315,-0.1));
#1606 = ORIENTED_EDGE('',*,*,#1607,.T.);
#1607 = EDGE_CURVE('',#1599,#1599,#1608,.T.);
#1608 = CIRCLE('',#1609,4.910340635769);
#1609 = AXIS2_PLACEMENT_3D('',#1610,#1611,#1612);
#1610 = CARTESIAN_POINT('',(172.37641325841,18.345928503051,
    22.532546717132));
#1611 = DIRECTION('',(0.600846695681,-0.793084641315,-0.1));
#1612 = DIRECTION('',(6.038736503325E-02,-7.970800552228E-02,
    0.994987437107));
#1613 = ORIENTED_EDGE('',*,*,#1598,.T.);
#1614 = ORIENTED_EDGE('',*,*,#1578,.F.);
#1615 = TOROIDAL_SURFACE('',#1616,4.910340635769,1.15);
#1616 = AXIS2_PLACEMENT_3D('',#1617,#1618,#1619);
#1617 = CARTESIAN_POINT('',(171.68543955838,19.257975840563,
    22.647546717132));
#1618 = DIRECTION('',(0.600846695681,-0.793084641315,-0.1));
#1619 = DIRECTION('',(6.038736503325E-02,-7.970800552228E-02,
    0.994987437107));
#1620 = ADVANCED_FACE('',(#1621),#1641,.F.);
#1621 = FACE_BOUND('',#1622,.F.);
#1622 = EDGE_LOOP('',(#1623,#1632,#1639,#1640));
#1623 = ORIENTED_EDGE('',*,*,#1624,.T.);
#1624 = EDGE_CURVE('',#1625,#1625,#1627,.T.);
#1625 = VERTEX_POINT('',#1626);
#1626 = CARTESIAN_POINT('',(172.60766768436,18.040685360702,
    28.032159339548));
#1627 = CIRCLE('',#1628,5.510340635769);
#1628 = AXIS2_PLACEMENT_3D('',#1629,#1630,#1631);
#1629 = CARTESIAN_POINT('',(172.27491273293,18.479903622527,
    22.54943963278));
#1630 = DIRECTION('',(0.600846695681,-0.793084641315,-0.1));
#1631 = DIRECTION('',(6.038736503325E-02,-7.970800552228E-02,
    0.994987437107));
#1632 = ORIENTED_EDGE('',*,*,#1633,.T.);
#1633 = EDGE_CURVE('',#1625,#1599,#1634,.T.);
#1634 = CIRCLE('',#1635,1.15);
#1635 = AXIS2_PLACEMENT_3D('',#1636,#1637,#1638);
#1636 = CARTESIAN_POINT('',(171.98196209078,18.866582382051,
    27.533273961636));
#1637 = DIRECTION('',(0.797080055223,0.603873650333,6.938893903907E-18)
  );
#1638 = DIRECTION('',(0.600846695681,-0.793084641315,-0.1));
#1639 = ORIENTED_EDGE('',*,*,#1607,.F.);
#1640 = ORIENTED_EDGE('',*,*,#1633,.F.);
#1641 = TOROIDAL_SURFACE('',#1642,4.910340635769,1.15);
#1642 = AXIS2_PLACEMENT_3D('',#1643,#1644,#1645);
#1643 = CARTESIAN_POINT('',(171.68543955838,19.257975840563,
    22.647546717132));
#1644 = DIRECTION('',(0.600846695681,-0.793084641315,-0.1));
#1645 = DIRECTION('',(6.038736503325E-02,-7.970800552228E-02,
    0.994987437107));
#1646 = ADVANCED_FACE('',(#1647),#1666,.T.);
#1647 = FACE_BOUND('',#1648,.T.);
#1648 = EDGE_LOOP('',(#1649,#1650,#1658,#1665));
#1649 = ORIENTED_EDGE('',*,*,#1624,.T.);
#1650 = ORIENTED_EDGE('',*,*,#1651,.T.);
#1651 = EDGE_CURVE('',#1625,#1652,#1654,.T.);
#1652 = VERTEX_POINT('',#1653);
#1653 = CARTESIAN_POINT('',(172.94764008382,17.591940463837,
    27.975577119506));
#1654 = LINE('',#1655,#1656);
#1655 = CARTESIAN_POINT('',(170.16725596724,21.261894806052,
    28.438321466204));
#1656 = VECTOR('',#1657,1.);
#1657 = DIRECTION('',(0.600846695681,-0.793084641315,-0.1));
#1658 = ORIENTED_EDGE('',*,*,#1659,.F.);
#1659 = EDGE_CURVE('',#1652,#1652,#1660,.T.);
#1660 = CIRCLE('',#1661,5.510340635769);
#1661 = AXIS2_PLACEMENT_3D('',#1662,#1663,#1664);
#1662 = CARTESIAN_POINT('',(172.61488513239,18.031158725662,
    22.492857412738));
#1663 = DIRECTION('',(0.600846695681,-0.793084641315,-0.1));
#1664 = DIRECTION('',(6.038736503325E-02,-7.970800552228E-02,
    0.994987437107));
#1665 = ORIENTED_EDGE('',*,*,#1651,.F.);
#1666 = CYLINDRICAL_SURFACE('',#1667,5.510340635769);
#1667 = AXIS2_PLACEMENT_3D('',#1668,#1669,#1670);
#1668 = CARTESIAN_POINT('',(169.83450101581,21.701113067877,
    22.955601759436));
#1669 = DIRECTION('',(0.600846695681,-0.793084641315,-0.1));
#1670 = DIRECTION('',(6.038736503325E-02,-7.970800552228E-02,
    0.994987437107));
#1671 = ADVANCED_FACE('',(#1672,#1675),#1686,.T.);
#1672 = FACE_BOUND('',#1673,.T.);
#1673 = EDGE_LOOP('',(#1674));
#1674 = ORIENTED_EDGE('',*,*,#1659,.T.);
#1675 = FACE_BOUND('',#1676,.T.);
#1676 = EDGE_LOOP('',(#1677));
#1677 = ORIENTED_EDGE('',*,*,#1678,.F.);
#1678 = EDGE_CURVE('',#1679,#1679,#1681,.T.);
#1679 = VERTEX_POINT('',#1680);
#1680 = CARTESIAN_POINT('',(172.92684178037,17.619393082199,
    27.632888700609));
#1681 = CIRCLE('',#1682,5.165925815925);
#1682 = AXIS2_PLACEMENT_3D('',#1683,#1684,#1685);
#1683 = CARTESIAN_POINT('',(172.61488513239,18.031158725662,
    22.492857412738));
#1684 = DIRECTION('',(0.600846695681,-0.793084641315,-0.1));
#1685 = DIRECTION('',(6.038736503325E-02,-7.970800552228E-02,
    0.994987437107));
#1686 = PLANE('',#1687);
#1687 = AXIS2_PLACEMENT_3D('',#1688,#1689,#1690);
#1688 = CARTESIAN_POINT('',(172.61488513239,18.031158725662,
    22.492857412738));
#1689 = DIRECTION('',(0.600846695681,-0.793084641315,-0.1));
#1690 = DIRECTION('',(6.038736503325E-02,-7.970800552228E-02,
    0.994987437107));
#1691 = ADVANCED_FACE('',(#1692),#1711,.T.);
#1692 = FACE_BOUND('',#1693,.T.);
#1693 = EDGE_LOOP('',(#1694,#1695,#1703,#1710));
#1694 = ORIENTED_EDGE('',*,*,#1678,.T.);
#1695 = ORIENTED_EDGE('',*,*,#1696,.T.);
#1696 = EDGE_CURVE('',#1679,#1697,#1699,.T.);
#1697 = VERTEX_POINT('',#1698);
#1698 = CARTESIAN_POINT('',(173.26681417984,17.170648185334,
    27.576306480567));
#1699 = LINE('',#1700,#1701);
#1700 = CARTESIAN_POINT('',(172.89679944559,17.659047314265,
    27.637888700609));
#1701 = VECTOR('',#1702,1.);
#1702 = DIRECTION('',(0.600846695681,-0.793084641315,-0.1));
#1703 = ORIENTED_EDGE('',*,*,#1704,.F.);
#1704 = EDGE_CURVE('',#1697,#1697,#1705,.T.);
#1705 = CIRCLE('',#1706,5.165925815925);
#1706 = AXIS2_PLACEMENT_3D('',#1707,#1708,#1709);
#1707 = CARTESIAN_POINT('',(172.95485753186,17.582413828798,
    22.436275192697));
#1708 = DIRECTION('',(0.600846695681,-0.793084641315,-0.1));
#1709 = DIRECTION('',(6.038736503325E-02,-7.970800552228E-02,
    0.994987437107));
#1710 = ORIENTED_EDGE('',*,*,#1696,.F.);
#1711 = CYLINDRICAL_SURFACE('',#1712,5.165925815925);
#1712 = AXIS2_PLACEMENT_3D('',#1713,#1714,#1715);
#1713 = CARTESIAN_POINT('',(172.58484279761,18.070812957728,
    22.497857412738));
#1714 = DIRECTION('',(0.600846695681,-0.793084641315,-0.1));
#1715 = DIRECTION('',(6.038736503325E-02,-7.970800552228E-02,
    0.994987437107));
#1716 = ADVANCED_FACE('',(#1717),#1737,.F.);
#1717 = FACE_BOUND('',#1718,.F.);
#1718 = EDGE_LOOP('',(#1719,#1728,#1735,#1736));
#1719 = ORIENTED_EDGE('',*,*,#1720,.F.);
#1720 = EDGE_CURVE('',#1721,#1697,#1723,.T.);
#1721 = VERTEX_POINT('',#1722);
#1722 = CARTESIAN_POINT('',(173.69078784798,16.611026226943,
    25.751305622434));
#1723 = CIRCLE('',#1724,1.15);
#1724 = AXIS2_PLACEMENT_3D('',#1725,#1726,#1727);
#1725 = CARTESIAN_POINT('',(173.82005493537,16.440400770612,
    26.881206933952));
#1726 = DIRECTION('',(0.797080055223,0.603873650333,6.938893903907E-18)
  );
#1727 = DIRECTION('',(0.600846695681,-0.793084641315,-0.1));
#1728 = ORIENTED_EDGE('',*,*,#1729,.T.);
#1729 = EDGE_CURVE('',#1721,#1721,#1730,.T.);
#1730 = CIRCLE('',#1731,3.420281892186);
#1731 = AXIS2_PLACEMENT_3D('',#1732,#1733,#1734);
#1732 = CARTESIAN_POINT('',(173.48424603684,16.883650074894,
    22.348168108345));
#1733 = DIRECTION('',(0.600846695681,-0.793084641315,-0.1));
#1734 = DIRECTION('',(6.038736503325E-02,-7.970800552228E-02,
    0.994987437107));
#1735 = ORIENTED_EDGE('',*,*,#1720,.T.);
#1736 = ORIENTED_EDGE('',*,*,#1704,.F.);
#1737 = TOROIDAL_SURFACE('',#1738,4.565925815925,1.15);
#1738 = AXIS2_PLACEMENT_3D('',#1739,#1740,#1741);
#1739 = CARTESIAN_POINT('',(173.54433070641,16.804341610762,
    22.338168108345));
#1740 = DIRECTION('',(0.600846695681,-0.793084641315,-0.1));
#1741 = DIRECTION('',(6.038736503325E-02,-7.970800552228E-02,
    0.994987437107));
#1742 = ADVANCED_FACE('',(#1743,#1746),#1757,.T.);
#1743 = FACE_BOUND('',#1744,.T.);
#1744 = EDGE_LOOP('',(#1745));
#1745 = ORIENTED_EDGE('',*,*,#1729,.T.);
#1746 = FACE_BOUND('',#1747,.T.);
#1747 = EDGE_LOOP('',(#1748));
#1748 = ORIENTED_EDGE('',*,*,#1749,.F.);
#1749 = EDGE_CURVE('',#1750,#1750,#1752,.T.);
#1750 = VERTEX_POINT('',#1751);
#1751 = CARTESIAN_POINT('',(173.69052479602,16.611373441094,
    25.746971381279));
#1752 = CIRCLE('',#1753,3.415925815925);
#1753 = AXIS2_PLACEMENT_3D('',#1754,#1755,#1756);
#1754 = CARTESIAN_POINT('',(173.48424603684,16.883650074894,
    22.348168108345));
#1755 = DIRECTION('',(0.600846695681,-0.793084641315,-0.1));
#1756 = DIRECTION('',(6.038736503325E-02,-7.970800552228E-02,
    0.994987437107));
#1757 = PLANE('',#1758);
#1758 = AXIS2_PLACEMENT_3D('',#1759,#1760,#1761);
#1759 = CARTESIAN_POINT('',(173.48424603684,16.883650074894,
    22.348168108345));
#1760 = DIRECTION('',(0.600846695681,-0.793084641315,-0.1));
#1761 = DIRECTION('',(6.038736503325E-02,-7.970800552228E-02,
    0.994987437107));
#1762 = ADVANCED_FACE('',(#1763),#1782,.T.);
#1763 = FACE_BOUND('',#1764,.T.);
#1764 = EDGE_LOOP('',(#1765,#1774,#1780,#1781));
#1765 = ORIENTED_EDGE('',*,*,#1766,.F.);
#1766 = EDGE_CURVE('',#1767,#1767,#1769,.T.);
#1767 = VERTEX_POINT('',#1768);
#1768 = CARTESIAN_POINT('',(173.75060946558,16.532064976963,
    25.736971381279));
#1769 = CIRCLE('',#1770,3.415925815925);
#1770 = AXIS2_PLACEMENT_3D('',#1771,#1772,#1773);
#1771 = CARTESIAN_POINT('',(173.54433070641,16.804341610762,
    22.338168108345));
#1772 = DIRECTION('',(0.600846695681,-0.793084641315,-0.1));
#1773 = DIRECTION('',(6.038736503325E-02,-7.970800552228E-02,
    0.994987437107));
#1774 = ORIENTED_EDGE('',*,*,#1775,.F.);
#1775 = EDGE_CURVE('',#1750,#1767,#1776,.T.);
#1776 = LINE('',#1777,#1778);
#1777 = CARTESIAN_POINT('',(173.57035545688,16.769990369357,
    25.766971381279));
#1778 = VECTOR('',#1779,1.);
#1779 = DIRECTION('',(0.600846695681,-0.793084641315,-0.1));
#1780 = ORIENTED_EDGE('',*,*,#1749,.T.);
#1781 = ORIENTED_EDGE('',*,*,#1775,.T.);
#1782 = CYLINDRICAL_SURFACE('',#1783,3.415925815925);
#1783 = AXIS2_PLACEMENT_3D('',#1784,#1785,#1786);
#1784 = CARTESIAN_POINT('',(173.36407669771,17.042267003157,
    22.368168108345));
#1785 = DIRECTION('',(0.600846695681,-0.793084641315,-0.1));
#1786 = DIRECTION('',(6.038736503325E-02,-7.970800552228E-02,
    0.994987437107));
#1787 = ADVANCED_FACE('',(#1788),#1807,.T.);
#1788 = FACE_BOUND('',#1789,.T.);
#1789 = EDGE_LOOP('',(#1790,#1791,#1799,#1806));
#1790 = ORIENTED_EDGE('',*,*,#1766,.T.);
#1791 = ORIENTED_EDGE('',*,*,#1792,.T.);
#1792 = EDGE_CURVE('',#1767,#1793,#1795,.T.);
#1793 = VERTEX_POINT('',#1794);
#1794 = CARTESIAN_POINT('',(174.28305797286,15.829262188081,
    25.648355015223));
#1795 = LINE('',#1796,#1797);
#1796 = CARTESIAN_POINT('',(173.57035545688,16.769990369357,
    25.766971381279));
#1797 = VECTOR('',#1798,1.);
#1798 = DIRECTION('',(0.600846695681,-0.793084641315,-0.1));
#1799 = ORIENTED_EDGE('',*,*,#1800,.F.);
#1800 = EDGE_CURVE('',#1793,#1793,#1801,.T.);
#1801 = CIRCLE('',#1802,3.415925815925);
#1802 = AXIS2_PLACEMENT_3D('',#1803,#1804,#1805);
#1803 = CARTESIAN_POINT('',(174.07677921369,16.10153882188,
    22.249551742289));
#1804 = DIRECTION('',(0.600846695681,-0.793084641315,-0.1));
#1805 = DIRECTION('',(6.038736503325E-02,-7.970800552228E-02,
    0.994987437107));
#1806 = ORIENTED_EDGE('',*,*,#1792,.F.);
#1807 = CYLINDRICAL_SURFACE('',#1808,3.415925815925);
#1808 = AXIS2_PLACEMENT_3D('',#1809,#1810,#1811);
#1809 = CARTESIAN_POINT('',(173.36407669771,17.042267003157,
    22.368168108345));
#1810 = DIRECTION('',(0.600846695681,-0.793084641315,-0.1));
#1811 = DIRECTION('',(6.038736503325E-02,-7.970800552228E-02,
    0.994987437107));
#1812 = ADVANCED_FACE('',(#1813),#1832,.T.);
#1813 = FACE_BOUND('',#1814,.T.);
#1814 = EDGE_LOOP('',(#1815,#1816,#1824,#1831));
#1815 = ORIENTED_EDGE('',*,*,#1800,.T.);
#1816 = ORIENTED_EDGE('',*,*,#1817,.T.);
#1817 = EDGE_CURVE('',#1793,#1818,#1820,.T.);
#1818 = VERTEX_POINT('',#1819);
#1819 = CARTESIAN_POINT('',(174.34314264243,15.749953723949,
    25.638355015223));
#1820 = LINE('',#1821,#1822);
#1821 = CARTESIAN_POINT('',(173.57035545688,16.769990369357,
    25.766971381279));
#1822 = VECTOR('',#1823,1.);
#1823 = DIRECTION('',(0.600846695681,-0.793084641315,-0.1));
#1824 = ORIENTED_EDGE('',*,*,#1825,.F.);
#1825 = EDGE_CURVE('',#1818,#1818,#1826,.T.);
#1826 = CIRCLE('',#1827,3.415925815925);
#1827 = AXIS2_PLACEMENT_3D('',#1828,#1829,#1830);
#1828 = CARTESIAN_POINT('',(174.13686388326,16.022230357749,
    22.239551742289));
#1829 = DIRECTION('',(0.600846695681,-0.793084641315,-0.1));
#1830 = DIRECTION('',(6.038736503325E-02,-7.970800552228E-02,
    0.994987437107));
#1831 = ORIENTED_EDGE('',*,*,#1817,.F.);
#1832 = CYLINDRICAL_SURFACE('',#1833,3.415925815925);
#1833 = AXIS2_PLACEMENT_3D('',#1834,#1835,#1836);
#1834 = CARTESIAN_POINT('',(173.36407669771,17.042267003157,
    22.368168108345));
#1835 = DIRECTION('',(0.600846695681,-0.793084641315,-0.1));
#1836 = DIRECTION('',(6.038736503325E-02,-7.970800552228E-02,
    0.994987437107));
#1837 = ADVANCED_FACE('',(#1838,#1849),#1852,.F.);
#1838 = FACE_BOUND('',#1839,.F.);
#1839 = EDGE_LOOP('',(#1840));
#1840 = ORIENTED_EDGE('',*,*,#1841,.T.);
#1841 = EDGE_CURVE('',#1842,#1842,#1844,.T.);
#1842 = VERTEX_POINT('',#1843);
#1843 = CARTESIAN_POINT('',(174.3434056944,15.749606509799,
    25.642689256378));
#1844 = CIRCLE('',#1845,3.420281892186);
#1845 = AXIS2_PLACEMENT_3D('',#1846,#1847,#1848);
#1846 = CARTESIAN_POINT('',(174.13686388326,16.022230357749,
    22.239551742289));
#1847 = DIRECTION('',(0.600846695681,-0.793084641315,-0.1));
#1848 = DIRECTION('',(6.038736503325E-02,-7.970800552228E-02,
    0.994987437107));
#1849 = FACE_BOUND('',#1850,.F.);
#1850 = EDGE_LOOP('',(#1851));
#1851 = ORIENTED_EDGE('',*,*,#1825,.F.);
#1852 = PLANE('',#1853);
#1853 = AXIS2_PLACEMENT_3D('',#1854,#1855,#1856);
#1854 = CARTESIAN_POINT('',(174.13686388326,16.022230357749,
    22.239551742289));
#1855 = DIRECTION('',(0.600846695681,-0.793084641315,-0.1));
#1856 = DIRECTION('',(6.038736503325E-02,-7.970800552228E-02,
    0.994987437107));
#1857 = ADVANCED_FACE('',(#1858),#1878,.F.);
#1858 = FACE_BOUND('',#1859,.F.);
#1859 = EDGE_LOOP('',(#1860,#1869,#1876,#1877));
#1860 = ORIENTED_EDGE('',*,*,#1861,.F.);
#1861 = EDGE_CURVE('',#1862,#1842,#1864,.T.);
#1862 = VERTEX_POINT('',#1863);
#1863 = CARTESIAN_POINT('',(175.04347714269,14.825550644218,
    26.677590567896));
#1864 = CIRCLE('',#1865,1.15);
#1865 = AXIS2_PLACEMENT_3D('',#1866,#1867,#1868);
#1866 = CARTESIAN_POINT('',(174.35250344265,15.73759798173,
    26.792590567896));
#1867 = DIRECTION('',(0.797080055223,0.603873650333,6.938893903907E-18)
  );
#1868 = DIRECTION('',(0.600846695681,-0.793084641315,-0.1));
#1869 = ORIENTED_EDGE('',*,*,#1870,.T.);
#1870 = EDGE_CURVE('',#1862,#1862,#1871,.T.);
#1871 = CIRCLE('',#1872,4.565925815925);
#1872 = AXIS2_PLACEMENT_3D('',#1873,#1874,#1875);
#1873 = CARTESIAN_POINT('',(174.76775291372,15.189491484368,
    22.134551742289));
#1874 = DIRECTION('',(0.600846695681,-0.793084641315,-0.1));
#1875 = DIRECTION('',(6.038736503325E-02,-7.970800552228E-02,
    0.994987437107));
#1876 = ORIENTED_EDGE('',*,*,#1861,.T.);
#1877 = ORIENTED_EDGE('',*,*,#1841,.F.);
#1878 = TOROIDAL_SURFACE('',#1879,4.565925815925,1.15);
#1879 = AXIS2_PLACEMENT_3D('',#1880,#1881,#1882);
#1880 = CARTESIAN_POINT('',(174.07677921369,16.10153882188,
    22.249551742289));
#1881 = DIRECTION('',(0.600846695681,-0.793084641315,-0.1));
#1882 = DIRECTION('',(6.038736503325E-02,-7.970800552228E-02,
    0.994987437107));
#1883 = ADVANCED_FACE('',(#1884),#1904,.F.);
#1884 = FACE_BOUND('',#1885,.F.);
#1885 = EDGE_LOOP('',(#1886,#1895,#1902,#1903));
#1886 = ORIENTED_EDGE('',*,*,#1887,.T.);
#1887 = EDGE_CURVE('',#1888,#1888,#1890,.T.);
#1888 = VERTEX_POINT('',#1889);
#1889 = CARTESIAN_POINT('',(174.97820903623,14.911700960381,
    27.291475945808));
#1890 = CIRCLE('',#1891,5.165925815925);
#1891 = AXIS2_PLACEMENT_3D('',#1892,#1893,#1894);
#1892 = CARTESIAN_POINT('',(174.66625238825,15.323466603845,
    22.151444657937));
#1893 = DIRECTION('',(0.600846695681,-0.793084641315,-0.1));
#1894 = DIRECTION('',(6.038736503325E-02,-7.970800552228E-02,
    0.994987437107));
#1895 = ORIENTED_EDGE('',*,*,#1896,.T.);
#1896 = EDGE_CURVE('',#1888,#1862,#1897,.T.);
#1897 = CIRCLE('',#1898,1.15);
#1898 = AXIS2_PLACEMENT_3D('',#1899,#1900,#1901);
#1899 = CARTESIAN_POINT('',(174.35250344265,15.73759798173,
    26.792590567896));
#1900 = DIRECTION('',(0.797080055223,0.603873650333,6.938893903907E-18)
  );
#1901 = DIRECTION('',(0.600846695681,-0.793084641315,-0.1));
#1902 = ORIENTED_EDGE('',*,*,#1870,.F.);
#1903 = ORIENTED_EDGE('',*,*,#1896,.F.);
#1904 = TOROIDAL_SURFACE('',#1905,4.565925815925,1.15);
#1905 = AXIS2_PLACEMENT_3D('',#1906,#1907,#1908);
#1906 = CARTESIAN_POINT('',(174.07677921369,16.10153882188,
    22.249551742289));
#1907 = DIRECTION('',(0.600846695681,-0.793084641315,-0.1));
#1908 = DIRECTION('',(6.038736503325E-02,-7.970800552228E-02,
    0.994987437107));
#1909 = ADVANCED_FACE('',(#1910),#1929,.T.);
#1910 = FACE_BOUND('',#1911,.T.);
#1911 = EDGE_LOOP('',(#1912,#1913,#1921,#1928));
#1912 = ORIENTED_EDGE('',*,*,#1887,.T.);
#1913 = ORIENTED_EDGE('',*,*,#1914,.T.);
#1914 = EDGE_CURVE('',#1888,#1915,#1917,.T.);
#1915 = VERTEX_POINT('',#1916);
#1916 = CARTESIAN_POINT('',(175.61709889261,14.068401436181,
    27.185144353911));
#1917 = LINE('',#1918,#1919);
#1918 = CARTESIAN_POINT('',(172.89679944559,17.659047314265,
    27.637888700609));
#1919 = VECTOR('',#1920,1.);
#1920 = DIRECTION('',(0.600846695681,-0.793084641315,-0.1));
#1921 = ORIENTED_EDGE('',*,*,#1922,.F.);
#1922 = EDGE_CURVE('',#1915,#1915,#1923,.T.);
#1923 = CIRCLE('',#1924,5.165925815925);
#1924 = AXIS2_PLACEMENT_3D('',#1925,#1926,#1927);
#1925 = CARTESIAN_POINT('',(175.30514224463,14.480167079645,
    22.04511306604));
#1926 = DIRECTION('',(0.600846695681,-0.793084641315,-0.1));
#1927 = DIRECTION('',(6.038736503325E-02,-7.970800552228E-02,
    0.994987437107));
#1928 = ORIENTED_EDGE('',*,*,#1914,.F.);
#1929 = CYLINDRICAL_SURFACE('',#1930,5.165925815925);
#1930 = AXIS2_PLACEMENT_3D('',#1931,#1932,#1933);
#1931 = CARTESIAN_POINT('',(172.58484279761,18.070812957728,
    22.497857412738));
#1932 = DIRECTION('',(0.600846695681,-0.793084641315,-0.1));
#1933 = DIRECTION('',(6.038736503325E-02,-7.970800552228E-02,
    0.994987437107));
#1934 = ADVANCED_FACE('',(#1935,#1938),#1949,.T.);
#1935 = FACE_BOUND('',#1936,.T.);
#1936 = EDGE_LOOP('',(#1937));
#1937 = ORIENTED_EDGE('',*,*,#1922,.T.);
#1938 = FACE_BOUND('',#1939,.T.);
#1939 = EDGE_LOOP('',(#1940));
#1940 = ORIENTED_EDGE('',*,*,#1941,.F.);
#1941 = EDGE_CURVE('',#1942,#1942,#1944,.T.);
#1942 = VERTEX_POINT('',#1943);
#1943 = CARTESIAN_POINT('',(175.51649802224,14.201189060317,
    25.527569095914));
#1944 = CIRCLE('',#1945,3.5);
#1945 = AXIS2_PLACEMENT_3D('',#1946,#1947,#1948);
#1946 = CARTESIAN_POINT('',(175.30514224463,14.480167079645,
    22.04511306604));
#1947 = DIRECTION('',(0.600846695681,-0.793084641315,-0.1));
#1948 = DIRECTION('',(6.038736503325E-02,-7.970800552228E-02,
    0.994987437107));
#1949 = PLANE('',#1950);
#1950 = AXIS2_PLACEMENT_3D('',#1951,#1952,#1953);
#1951 = CARTESIAN_POINT('',(175.30514224463,14.480167079645,
    22.04511306604));
#1952 = DIRECTION('',(0.600846695681,-0.793084641315,-0.1));
#1953 = DIRECTION('',(6.038736503325E-02,-7.970800552228E-02,
    0.994987437107));
#1954 = ADVANCED_FACE('',(#1955),#1974,.T.);
#1955 = FACE_BOUND('',#1956,.T.);
#1956 = EDGE_LOOP('',(#1957,#1965,#1972,#1973));
#1957 = ORIENTED_EDGE('',*,*,#1958,.T.);
#1958 = EDGE_CURVE('',#1942,#1959,#1961,.T.);
#1959 = VERTEX_POINT('',#1960);
#1960 = CARTESIAN_POINT('',(180.35094916144,7.819979052429,
    24.722962667361));
#1961 = LINE('',#1962,#1963);
#1962 = CARTESIAN_POINT('',(175.42637101789,14.320151756514,
    25.542569095914));
#1963 = VECTOR('',#1964,1.);
#1964 = DIRECTION('',(0.600846695681,-0.793084641315,-0.1));
#1965 = ORIENTED_EDGE('',*,*,#1966,.F.);
#1966 = EDGE_CURVE('',#1959,#1959,#1967,.T.);
#1967 = CIRCLE('',#1968,3.5);
#1968 = AXIS2_PLACEMENT_3D('',#1969,#1970,#1971);
#1969 = CARTESIAN_POINT('',(180.13959338382,8.098957071757,
    21.240506637487));
#1970 = DIRECTION('',(0.600846695681,-0.793084641315,-0.1));
#1971 = DIRECTION('',(6.038736503325E-02,-7.970800552228E-02,
    0.994987437107));
#1972 = ORIENTED_EDGE('',*,*,#1958,.F.);
#1973 = ORIENTED_EDGE('',*,*,#1941,.T.);
#1974 = CYLINDRICAL_SURFACE('',#1975,3.5);
#1975 = AXIS2_PLACEMENT_3D('',#1976,#1977,#1978);
#1976 = CARTESIAN_POINT('',(175.21501524027,14.599129775842,
    22.06011306604));
#1977 = DIRECTION('',(0.600846695681,-0.793084641315,-0.1));
#1978 = DIRECTION('',(6.038736503325E-02,-7.970800552228E-02,
    0.994987437107));
#1979 = ADVANCED_FACE('',(#1980,#1983),#2002,.T.);
#1980 = FACE_BOUND('',#1981,.T.);
#1981 = EDGE_LOOP('',(#1982));
#1982 = ORIENTED_EDGE('',*,*,#1966,.T.);
#1983 = FACE_BOUND('',#1984,.T.);
#1984 = EDGE_LOOP('',(#1985,#1996));
#1985 = ORIENTED_EDGE('',*,*,#1986,.F.);
#1986 = EDGE_CURVE('',#1987,#1989,#1991,.T.);
#1987 = VERTEX_POINT('',#1988);
#1988 = CARTESIAN_POINT('',(179.15386062269,7.226700845849,
    22.235494074594));
#1989 = VERTEX_POINT('',#1990);
#1990 = CARTESIAN_POINT('',(181.24610087502,8.811797286621,
    22.235494074594));
#1991 = CIRCLE('',#1992,1.65);
#1992 = AXIS2_PLACEMENT_3D('',#1993,#1994,#1995);
#1993 = CARTESIAN_POINT('',(180.13959338382,8.098957071757,
    21.240506637487));
#1994 = DIRECTION('',(0.600846695681,-0.793084641315,-0.1));
#1995 = DIRECTION('',(6.038736503325E-02,-7.970800552228E-02,
    0.994987437107));
#1996 = ORIENTED_EDGE('',*,*,#1997,.F.);
#1997 = EDGE_CURVE('',#1989,#1987,#1998,.T.);
#1998 = LINE('',#1999,#2000);
#1999 = CARTESIAN_POINT('',(179.20363067982,7.26440700332,
    22.235494074594));
#2000 = VECTOR('',#2001,1.);
#2001 = DIRECTION('',(-0.797080055223,-0.603873650333,0.));
#2002 = PLANE('',#2003);
#2003 = AXIS2_PLACEMENT_3D('',#2004,#2005,#2006);
#2004 = CARTESIAN_POINT('',(180.13959338382,8.098957071757,
    21.240506637487));
#2005 = DIRECTION('',(0.600846695681,-0.793084641315,-0.1));
#2006 = DIRECTION('',(6.038736503325E-02,-7.970800552228E-02,
    0.994987437107));
#2007 = ADVANCED_FACE('',(#2008),#2034,.F.);
#2008 = FACE_BOUND('',#2009,.F.);
#2009 = EDGE_LOOP('',(#2010,#2011,#2019,#2028));
#2010 = ORIENTED_EDGE('',*,*,#1986,.F.);
#2011 = ORIENTED_EDGE('',*,*,#2012,.F.);
#2012 = EDGE_CURVE('',#2013,#1987,#2015,.T.);
#2013 = VERTEX_POINT('',#2014);
#2014 = CARTESIAN_POINT('',(173.14539366588,15.157547258999,
    23.235494074594));
#2015 = LINE('',#2016,#2017);
#2016 = CARTESIAN_POINT('',(173.14539366588,15.157547258999,
    23.235494074594));
#2017 = VECTOR('',#2018,1.);
#2018 = DIRECTION('',(0.600846695681,-0.793084641315,-0.1));
#2019 = ORIENTED_EDGE('',*,*,#2020,.T.);
#2020 = EDGE_CURVE('',#2013,#2021,#2023,.T.);
#2021 = VERTEX_POINT('',#2022);
#2022 = CARTESIAN_POINT('',(175.23763391821,16.742643699771,
    23.235494074594));
#2023 = CIRCLE('',#2024,1.65);
#2024 = AXIS2_PLACEMENT_3D('',#2025,#2026,#2027);
#2025 = CARTESIAN_POINT('',(174.13112642701,16.029803484907,
    22.240506637487));
#2026 = DIRECTION('',(0.600846695681,-0.793084641315,-0.1));
#2027 = DIRECTION('',(6.038736503325E-02,-7.970800552228E-02,
    0.994987437107));
#2028 = ORIENTED_EDGE('',*,*,#2029,.T.);
#2029 = EDGE_CURVE('',#2021,#1989,#2030,.T.);
#2030 = LINE('',#2031,#2032);
#2031 = CARTESIAN_POINT('',(175.23763391821,16.742643699771,
    23.235494074594));
#2032 = VECTOR('',#2033,1.);
#2033 = DIRECTION('',(0.600846695681,-0.793084641315,-0.1));
#2034 = CYLINDRICAL_SURFACE('',#2035,1.65);
#2035 = AXIS2_PLACEMENT_3D('',#2036,#2037,#2038);
#2036 = CARTESIAN_POINT('',(174.13112642701,16.029803484907,
    22.240506637487));
#2037 = DIRECTION('',(0.600846695681,-0.793084641315,-0.1));
#2038 = DIRECTION('',(6.038736503325E-02,-7.970800552228E-02,
    0.994987437107));
#2039 = ADVANCED_FACE('',(#2040),#2051,.F.);
#2040 = FACE_BOUND('',#2041,.F.);
#2041 = EDGE_LOOP('',(#2042,#2043,#2049,#2050));
#2042 = ORIENTED_EDGE('',*,*,#2029,.F.);
#2043 = ORIENTED_EDGE('',*,*,#2044,.T.);
#2044 = EDGE_CURVE('',#2021,#2013,#2045,.T.);
#2045 = LINE('',#2046,#2047);
#2046 = CARTESIAN_POINT('',(173.19516372302,15.195253416469,
    23.235494074594));
#2047 = VECTOR('',#2048,1.);
#2048 = DIRECTION('',(-0.797080055223,-0.603873650333,0.));
#2049 = ORIENTED_EDGE('',*,*,#2012,.T.);
#2050 = ORIENTED_EDGE('',*,*,#1997,.F.);
#2051 = PLANE('',#2052);
#2052 = AXIS2_PLACEMENT_3D('',#2053,#2054,#2055);
#2053 = CARTESIAN_POINT('',(171.89839030615,14.836953674211,
    23.285494074594));
#2054 = DIRECTION('',(6.038736503325E-02,-7.970800552228E-02,
    0.994987437107));
#2055 = DIRECTION('',(0.600846695681,-0.793084641315,-0.1));
#2056 = ADVANCED_FACE('',(#2057),#2061,.T.);
#2057 = FACE_BOUND('',#2058,.T.);
#2058 = EDGE_LOOP('',(#2059,#2060));
#2059 = ORIENTED_EDGE('',*,*,#2044,.T.);
#2060 = ORIENTED_EDGE('',*,*,#2020,.T.);
#2061 = PLANE('',#2062);
#2062 = AXIS2_PLACEMENT_3D('',#2063,#2064,#2065);
#2063 = CARTESIAN_POINT('',(174.13112642701,16.029803484907,
    22.240506637487));
#2064 = DIRECTION('',(0.600846695681,-0.793084641315,-0.1));
#2065 = DIRECTION('',(6.038736503325E-02,-7.970800552228E-02,
    0.994987437107));
#2066 = MANIFOLD_SOLID_BREP('',#2067);
#2067 = CLOSED_SHELL('',(#2068,#2101,#2121,#2141,#2166,#2191,#2217,#2237
    ,#2257,#2282,#2307,#2333,#2358,#2384,#2409,#2429,#2449,#2474,#2500,
    #2525,#2551,#2576,#2601,#2621,#2641,#2667));
#2068 = ADVANCED_FACE('',(#2069),#2096,.T.);
#2069 = FACE_BOUND('',#2070,.T.);
#2070 = EDGE_LOOP('',(#2071,#2080,#2088,#2095));
#2071 = ORIENTED_EDGE('',*,*,#2072,.F.);
#2072 = EDGE_CURVE('',#2073,#2073,#2075,.T.);
#2073 = VERTEX_POINT('',#2074);
#2074 = CARTESIAN_POINT('',(186.06348447305,36.586234323064,31.));
#2075 = CIRCLE('',#2076,8.1);
#2076 = AXIS2_PLACEMENT_3D('',#2077,#2078,#2079);
#2077 = CARTESIAN_POINT('',(185.41784962832,37.075371979833,
    22.940601759436));
#2078 = DIRECTION('',(0.793084641315,-0.600846695681,-0.1));
#2079 = DIRECTION('',(7.970800552228E-02,-6.038736503325E-02,
    0.994987437107));
#2080 = ORIENTED_EDGE('',*,*,#2081,.F.);
#2081 = EDGE_CURVE('',#2082,#2073,#2084,.T.);
#2082 = VERTEX_POINT('',#2083);
#2083 = CARTESIAN_POINT('',(144.61532160146,67.987664140356,31.));
#2084 = LINE('',#2085,#2086);
#2085 = CARTESIAN_POINT('',(144.61532160146,67.987664140356,31.));
#2086 = VECTOR('',#2087,1.);
#2087 = DIRECTION('',(0.797080055223,-0.603873650333,0.));
#2088 = ORIENTED_EDGE('',*,*,#2089,.T.);
#2089 = EDGE_CURVE('',#2082,#2082,#2090,.T.);
#2090 = CIRCLE('',#2091,2.9);
#2091 = AXIS2_PLACEMENT_3D('',#2092,#2093,#2094);
#2092 = CARTESIAN_POINT('',(144.38416838544,68.162787498953,
    28.114536432391));
#2093 = DIRECTION('',(0.793084641315,-0.600846695681,-0.1));
#2094 = DIRECTION('',(7.970800552228E-02,-6.038736503325E-02,
    0.994987437107));
#2095 = ORIENTED_EDGE('',*,*,#2081,.T.);
#2096 = CONICAL_SURFACE('',#2097,2.9,0.100167421162);
#2097 = AXIS2_PLACEMENT_3D('',#2098,#2099,#2100);
#2098 = CARTESIAN_POINT('',(144.38416838544,68.162787498953,
    28.114536432391));
#2099 = DIRECTION('',(0.793084641315,-0.600846695681,-0.1));
#2100 = DIRECTION('',(7.970800552228E-02,-6.038736503325E-02,
    0.994987437107));
#2101 = ADVANCED_FACE('',(#2102,#2105),#2116,.T.);
#2102 = FACE_BOUND('',#2103,.T.);
#2103 = EDGE_LOOP('',(#2104));
#2104 = ORIENTED_EDGE('',*,*,#2072,.T.);
#2105 = FACE_BOUND('',#2106,.T.);
#2106 = EDGE_LOOP('',(#2107));
#2107 = ORIENTED_EDGE('',*,*,#2108,.F.);
#2108 = EDGE_CURVE('',#2109,#2109,#2111,.T.);
#2109 = VERTEX_POINT('',#2110);
#2110 = CARTESIAN_POINT('',(185.85706789014,36.742617028404,
    28.423321466204));
#2111 = CIRCLE('',#2112,5.510340635769);
#2112 = AXIS2_PLACEMENT_3D('',#2113,#2114,#2115);
#2113 = CARTESIAN_POINT('',(185.41784962832,37.075371979833,
    22.940601759436));
#2114 = DIRECTION('',(0.793084641315,-0.600846695681,-0.1));
#2115 = DIRECTION('',(7.970800552228E-02,-6.038736503325E-02,
    0.994987437107));
#2116 = PLANE('',#2117);
#2117 = AXIS2_PLACEMENT_3D('',#2118,#2119,#2120);
#2118 = CARTESIAN_POINT('',(185.41784962832,37.075371979833,
    22.940601759436));
#2119 = DIRECTION('',(0.793084641315,-0.600846695681,-0.1));
#2120 = DIRECTION('',(7.970800552228E-02,-6.038736503325E-02,
    0.994987437107));
#2121 = ADVANCED_FACE('',(#2122,#2125),#2136,.F.);
#2122 = FACE_BOUND('',#2123,.F.);
#2123 = EDGE_LOOP('',(#2124));
#2124 = ORIENTED_EDGE('',*,*,#2089,.T.);
#2125 = FACE_BOUND('',#2126,.F.);
#2126 = EDGE_LOOP('',(#2127));
#2127 = ORIENTED_EDGE('',*,*,#2128,.F.);
#2128 = EDGE_CURVE('',#2129,#2129,#2131,.T.);
#2129 = VERTEX_POINT('',#2130);
#2130 = CARTESIAN_POINT('',(144.53162819566,68.051070873641,
    29.955263191038));
#2131 = CIRCLE('',#2132,1.85);
#2132 = AXIS2_PLACEMENT_3D('',#2133,#2134,#2135);
#2133 = CARTESIAN_POINT('',(144.38416838544,68.162787498953,
    28.114536432391));
#2134 = DIRECTION('',(0.793084641315,-0.600846695681,-0.1));
#2135 = DIRECTION('',(7.970800552228E-02,-6.038736503325E-02,
    0.994987437107));
#2136 = PLANE('',#2137);
#2137 = AXIS2_PLACEMENT_3D('',#2138,#2139,#2140);
#2138 = CARTESIAN_POINT('',(144.38416838544,68.162787498953,
    28.114536432391));
#2139 = DIRECTION('',(0.793084641315,-0.600846695681,-0.1));
#2140 = DIRECTION('',(7.970800552228E-02,-6.038736503325E-02,
    0.994987437107));
#2141 = ADVANCED_FACE('',(#2142),#2161,.T.);
#2142 = FACE_BOUND('',#2143,.T.);
#2143 = EDGE_LOOP('',(#2144,#2145,#2153,#2160));
#2144 = ORIENTED_EDGE('',*,*,#2108,.T.);
#2145 = ORIENTED_EDGE('',*,*,#2146,.T.);
#2146 = EDGE_CURVE('',#2109,#2147,#2149,.T.);
#2147 = VERTEX_POINT('',#2148);
#2148 = CARTESIAN_POINT('',(186.70036741434,36.103727172027,
    28.316989874308));
#2149 = LINE('',#2150,#2151);
#2150 = CARTESIAN_POINT('',(185.73810519394,36.832744032756,
    28.438321466204));
#2151 = VECTOR('',#2152,1.);
#2152 = DIRECTION('',(0.793084641315,-0.600846695681,-0.1));
#2153 = ORIENTED_EDGE('',*,*,#2154,.F.);
#2154 = EDGE_CURVE('',#2147,#2147,#2155,.T.);
#2155 = CIRCLE('',#2156,5.510340635769);
#2156 = AXIS2_PLACEMENT_3D('',#2157,#2158,#2159);
#2157 = CARTESIAN_POINT('',(186.26114915252,36.436482123456,
    22.834270167539));
#2158 = DIRECTION('',(0.793084641315,-0.600846695681,-0.1));
#2159 = DIRECTION('',(7.970800552228E-02,-6.038736503325E-02,
    0.994987437107));
#2160 = ORIENTED_EDGE('',*,*,#2146,.F.);
#2161 = CYLINDRICAL_SURFACE('',#2162,5.510340635769);
#2162 = AXIS2_PLACEMENT_3D('',#2163,#2164,#2165);
#2163 = CARTESIAN_POINT('',(185.29888693212,37.165498984186,
    22.955601759436));
#2164 = DIRECTION('',(0.793084641315,-0.600846695681,-0.1));
#2165 = DIRECTION('',(7.970800552228E-02,-6.038736503325E-02,
    0.994987437107));
#2166 = ADVANCED_FACE('',(#2167),#2186,.F.);
#2167 = FACE_BOUND('',#2168,.F.);
#2168 = EDGE_LOOP('',(#2169,#2178,#2184,#2185));
#2169 = ORIENTED_EDGE('',*,*,#2170,.F.);
#2170 = EDGE_CURVE('',#2171,#2171,#2173,.T.);
#2171 = VERTEX_POINT('',#2172);
#2172 = CARTESIAN_POINT('',(192.66729273057,31.583141130059,
    23.885839824688));
#2173 = CIRCLE('',#2174,1.85);
#2174 = AXIS2_PLACEMENT_3D('',#2175,#2176,#2177);
#2175 = CARTESIAN_POINT('',(192.51983292035,31.69485775537,
    22.04511306604));
#2176 = DIRECTION('',(0.793084641315,-0.600846695681,-0.1));
#2177 = DIRECTION('',(7.970800552228E-02,-6.038736503325E-02,
    0.994987437107));
#2178 = ORIENTED_EDGE('',*,*,#2179,.F.);
#2179 = EDGE_CURVE('',#2129,#2171,#2180,.T.);
#2180 = LINE('',#2181,#2182);
#2181 = CARTESIAN_POINT('',(143.73854355434,68.651917569322,
    30.055263191038));
#2182 = VECTOR('',#2183,1.);
#2183 = DIRECTION('',(0.793084641315,-0.600846695681,-0.1));
#2184 = ORIENTED_EDGE('',*,*,#2128,.T.);
#2185 = ORIENTED_EDGE('',*,*,#2179,.T.);
#2186 = CYLINDRICAL_SURFACE('',#2187,1.85);
#2187 = AXIS2_PLACEMENT_3D('',#2188,#2189,#2190);
#2188 = CARTESIAN_POINT('',(143.59108374413,68.763634194633,
    28.214536432391));
#2189 = DIRECTION('',(0.793084641315,-0.600846695681,-0.1));
#2190 = DIRECTION('',(7.970800552228E-02,-6.038736503325E-02,
    0.994987437107));
#2191 = ADVANCED_FACE('',(#2192),#2212,.F.);
#2192 = FACE_BOUND('',#2193,.F.);
#2193 = EDGE_LOOP('',(#2194,#2203,#2210,#2211));
#2194 = ORIENTED_EDGE('',*,*,#2195,.F.);
#2195 = EDGE_CURVE('',#2196,#2147,#2198,.T.);
#2196 = VERTEX_POINT('',#2197);
#2197 = CARTESIAN_POINT('',(187.25998937273,35.67975350388,
    26.491989016174));
#2198 = CIRCLE('',#2199,1.15);
#2199 = AXIS2_PLACEMENT_3D('',#2200,#2201,#2202);
#2200 = CARTESIAN_POINT('',(187.43061482906,35.550486416491,
    27.621890327692));
#2201 = DIRECTION('',(0.603873650333,0.797080055223,-6.938893903907E-18)
  );
#2202 = DIRECTION('',(0.793084641315,-0.600846695681,-0.1));
#2203 = ORIENTED_EDGE('',*,*,#2204,.T.);
#2204 = EDGE_CURVE('',#2196,#2196,#2205,.T.);
#2205 = CIRCLE('',#2206,3.76469671203);
#2206 = AXIS2_PLACEMENT_3D('',#2207,#2208,#2209);
#2207 = CARTESIAN_POINT('',(186.95991290642,35.907093618468,
    22.746163083188));
#2208 = DIRECTION('',(0.793084641315,-0.600846695681,-0.1));
#2209 = DIRECTION('',(7.970800552228E-02,-6.038736503325E-02,
    0.994987437107));
#2210 = ORIENTED_EDGE('',*,*,#2195,.T.);
#2211 = ORIENTED_EDGE('',*,*,#2154,.F.);
#2212 = TOROIDAL_SURFACE('',#2213,4.910340635769,1.15);
#2213 = AXIS2_PLACEMENT_3D('',#2214,#2215,#2216);
#2214 = CARTESIAN_POINT('',(187.03922137055,35.8470089489,
    22.736163083188));
#2215 = DIRECTION('',(0.793084641315,-0.600846695681,-0.1));
#2216 = DIRECTION('',(7.970800552228E-02,-6.038736503325E-02,
    0.994987437107));
#2217 = ADVANCED_FACE('',(#2218,#2229),#2232,.T.);
#2218 = FACE_BOUND('',#2219,.T.);
#2219 = EDGE_LOOP('',(#2220));
#2220 = ORIENTED_EDGE('',*,*,#2221,.T.);
#2221 = EDGE_CURVE('',#2222,#2222,#2224,.T.);
#2222 = VERTEX_POINT('',#2223);
#2223 = CARTESIAN_POINT('',(192.93159856381,31.382901107389,
    27.185144353911));
#2224 = CIRCLE('',#2225,5.165925815925);
#2225 = AXIS2_PLACEMENT_3D('',#2226,#2227,#2228);
#2226 = CARTESIAN_POINT('',(192.51983292035,31.69485775537,
    22.04511306604));
#2227 = DIRECTION('',(0.793084641315,-0.600846695681,-0.1));
#2228 = DIRECTION('',(7.970800552228E-02,-6.038736503325E-02,
    0.994987437107));
#2229 = FACE_BOUND('',#2230,.T.);
#2230 = EDGE_LOOP('',(#2231));
#2231 = ORIENTED_EDGE('',*,*,#2170,.F.);
#2232 = PLANE('',#2233);
#2233 = AXIS2_PLACEMENT_3D('',#2234,#2235,#2236);
#2234 = CARTESIAN_POINT('',(192.51983292035,31.69485775537,
    22.04511306604));
#2235 = DIRECTION('',(0.793084641315,-0.600846695681,-0.1));
#2236 = DIRECTION('',(7.970800552228E-02,-6.038736503325E-02,
    0.994987437107));
#2237 = ADVANCED_FACE('',(#2238,#2241),#2252,.T.);
#2238 = FACE_BOUND('',#2239,.T.);
#2239 = EDGE_LOOP('',(#2240));
#2240 = ORIENTED_EDGE('',*,*,#2204,.T.);
#2241 = FACE_BOUND('',#2242,.T.);
#2242 = EDGE_LOOP('',(#2243));
#2243 = ORIENTED_EDGE('',*,*,#2244,.F.);
#2244 = EDGE_CURVE('',#2245,#2245,#2247,.T.);
#2245 = VERTEX_POINT('',#2246);
#2246 = CARTESIAN_POINT('',(187.25964215858,35.680016555847,
    26.487654775019));
#2247 = CIRCLE('',#2248,3.760340635769);
#2248 = AXIS2_PLACEMENT_3D('',#2249,#2250,#2251);
#2249 = CARTESIAN_POINT('',(186.95991290642,35.907093618468,
    22.746163083188));
#2250 = DIRECTION('',(0.793084641315,-0.600846695681,-0.1));
#2251 = DIRECTION('',(7.970800552228E-02,-6.038736503325E-02,
    0.994987437107));
#2252 = PLANE('',#2253);
#2253 = AXIS2_PLACEMENT_3D('',#2254,#2255,#2256);
#2254 = CARTESIAN_POINT('',(186.95991290642,35.907093618468,
    22.746163083188));
#2255 = DIRECTION('',(0.793084641315,-0.600846695681,-0.1));
#2256 = DIRECTION('',(7.970800552228E-02,-6.038736503325E-02,
    0.994987437107));
#2257 = ADVANCED_FACE('',(#2258),#2277,.T.);
#2258 = FACE_BOUND('',#2259,.T.);
#2259 = EDGE_LOOP('',(#2260,#2269,#2275,#2276));
#2260 = ORIENTED_EDGE('',*,*,#2261,.T.);
#2261 = EDGE_CURVE('',#2262,#2262,#2264,.T.);
#2262 = VERTEX_POINT('',#2263);
#2263 = CARTESIAN_POINT('',(192.08829903961,32.021790963767,
    27.291475945808));
#2264 = CIRCLE('',#2265,5.165925815925);
#2265 = AXIS2_PLACEMENT_3D('',#2266,#2267,#2268);
#2266 = CARTESIAN_POINT('',(191.67653339615,32.333747611748,
    22.151444657937));
#2267 = DIRECTION('',(0.793084641315,-0.600846695681,-0.1));
#2268 = DIRECTION('',(7.970800552228E-02,-6.038736503325E-02,
    0.994987437107));
#2269 = ORIENTED_EDGE('',*,*,#2270,.T.);
#2270 = EDGE_CURVE('',#2262,#2222,#2271,.T.);
#2271 = LINE('',#2272,#2273);
#2272 = CARTESIAN_POINT('',(189.34095268573,34.103200554405,
    27.637888700609));
#2273 = VECTOR('',#2274,1.);
#2274 = DIRECTION('',(0.793084641315,-0.600846695681,-0.1));
#2275 = ORIENTED_EDGE('',*,*,#2221,.F.);
#2276 = ORIENTED_EDGE('',*,*,#2270,.F.);
#2277 = CYLINDRICAL_SURFACE('',#2278,5.165925815925);
#2278 = AXIS2_PLACEMENT_3D('',#2279,#2280,#2281);
#2279 = CARTESIAN_POINT('',(188.92918704227,34.415157202386,
    22.497857412738));
#2280 = DIRECTION('',(0.793084641315,-0.600846695681,-0.1));
#2281 = DIRECTION('',(7.970800552228E-02,-6.038736503325E-02,
    0.994987437107));
#2282 = ADVANCED_FACE('',(#2283),#2302,.T.);
#2283 = FACE_BOUND('',#2284,.T.);
#2284 = EDGE_LOOP('',(#2285,#2294,#2300,#2301));
#2285 = ORIENTED_EDGE('',*,*,#2286,.F.);
#2286 = EDGE_CURVE('',#2287,#2287,#2289,.T.);
#2287 = VERTEX_POINT('',#2288);
#2288 = CARTESIAN_POINT('',(187.33895062271,35.619931886279,
    26.477654775019));
#2289 = CIRCLE('',#2290,3.760340635769);
#2290 = AXIS2_PLACEMENT_3D('',#2291,#2292,#2293);
#2291 = CARTESIAN_POINT('',(187.03922137055,35.8470089489,
    22.736163083188));
#2292 = DIRECTION('',(0.793084641315,-0.600846695681,-0.1));
#2293 = DIRECTION('',(7.970800552228E-02,-6.038736503325E-02,
    0.994987437107));
#2294 = ORIENTED_EDGE('',*,*,#2295,.F.);
#2295 = EDGE_CURVE('',#2245,#2287,#2296,.T.);
#2296 = LINE('',#2297,#2298);
#2297 = CARTESIAN_POINT('',(187.10102523032,35.800185894983,
    26.507654775019));
#2298 = VECTOR('',#2299,1.);
#2299 = DIRECTION('',(0.793084641315,-0.600846695681,-0.1));
#2300 = ORIENTED_EDGE('',*,*,#2244,.T.);
#2301 = ORIENTED_EDGE('',*,*,#2295,.T.);
#2302 = CYLINDRICAL_SURFACE('',#2303,3.760340635769);
#2303 = AXIS2_PLACEMENT_3D('',#2304,#2305,#2306);
#2304 = CARTESIAN_POINT('',(186.80129597816,36.027262957604,
    22.766163083188));
#2305 = DIRECTION('',(0.793084641315,-0.600846695681,-0.1));
#2306 = DIRECTION('',(7.970800552228E-02,-6.038736503325E-02,
    0.994987437107));
#2307 = ADVANCED_FACE('',(#2308),#2328,.F.);
#2308 = FACE_BOUND('',#2309,.F.);
#2309 = EDGE_LOOP('',(#2310,#2311,#2320,#2327));
#2310 = ORIENTED_EDGE('',*,*,#2261,.T.);
#2311 = ORIENTED_EDGE('',*,*,#2312,.T.);
#2312 = EDGE_CURVE('',#2262,#2313,#2315,.T.);
#2313 = VERTEX_POINT('',#2314);
#2314 = CARTESIAN_POINT('',(192.17444935578,31.95652285731,
    26.677590567896));
#2315 = CIRCLE('',#2316,1.15);
#2316 = AXIS2_PLACEMENT_3D('',#2317,#2318,#2319);
#2317 = CARTESIAN_POINT('',(191.26240201827,32.647496557343,
    26.792590567896));
#2318 = DIRECTION('',(0.603873650333,0.797080055223,-6.938893903907E-18)
  );
#2319 = DIRECTION('',(0.793084641315,-0.600846695681,-0.1));
#2320 = ORIENTED_EDGE('',*,*,#2321,.F.);
#2321 = EDGE_CURVE('',#2313,#2313,#2322,.T.);
#2322 = CIRCLE('',#2323,4.565925815925);
#2323 = AXIS2_PLACEMENT_3D('',#2324,#2325,#2326);
#2324 = CARTESIAN_POINT('',(191.81050851563,32.232247086271,
    22.134551742289));
#2325 = DIRECTION('',(0.793084641315,-0.600846695681,-0.1));
#2326 = DIRECTION('',(7.970800552228E-02,-6.038736503325E-02,
    0.994987437107));
#2327 = ORIENTED_EDGE('',*,*,#2312,.F.);
#2328 = TOROIDAL_SURFACE('',#2329,4.565925815925,1.15);
#2329 = AXIS2_PLACEMENT_3D('',#2330,#2331,#2332);
#2330 = CARTESIAN_POINT('',(190.89846117812,32.923220786304,
    22.249551742289));
#2331 = DIRECTION('',(0.793084641315,-0.600846695681,-0.1));
#2332 = DIRECTION('',(7.970800552228E-02,-6.038736503325E-02,
    0.994987437107));
#2333 = ADVANCED_FACE('',(#2334),#2353,.T.);
#2334 = FACE_BOUND('',#2335,.T.);
#2335 = EDGE_LOOP('',(#2336,#2337,#2345,#2352));
#2336 = ORIENTED_EDGE('',*,*,#2286,.T.);
#2337 = ORIENTED_EDGE('',*,*,#2338,.T.);
#2338 = EDGE_CURVE('',#2287,#2339,#2341,.T.);
#2339 = VERTEX_POINT('',#2340);
#2340 = CARTESIAN_POINT('',(188.04175341159,35.087483378999,
    26.389038408963));
#2341 = LINE('',#2342,#2343);
#2342 = CARTESIAN_POINT('',(187.10102523032,35.800185894983,
    26.507654775019));
#2343 = VECTOR('',#2344,1.);
#2344 = DIRECTION('',(0.793084641315,-0.600846695681,-0.1));
#2345 = ORIENTED_EDGE('',*,*,#2346,.F.);
#2346 = EDGE_CURVE('',#2339,#2339,#2347,.T.);
#2347 = CIRCLE('',#2348,3.760340635769);
#2348 = AXIS2_PLACEMENT_3D('',#2349,#2350,#2351);
#2349 = CARTESIAN_POINT('',(187.74202415943,35.31456044162,
    22.647546717132));
#2350 = DIRECTION('',(0.793084641315,-0.600846695681,-0.1));
#2351 = DIRECTION('',(7.970800552228E-02,-6.038736503325E-02,
    0.994987437107));
#2352 = ORIENTED_EDGE('',*,*,#2338,.F.);
#2353 = CYLINDRICAL_SURFACE('',#2354,3.760340635769);
#2354 = AXIS2_PLACEMENT_3D('',#2355,#2356,#2357);
#2355 = CARTESIAN_POINT('',(186.80129597816,36.027262957604,
    22.766163083188));
#2356 = DIRECTION('',(0.793084641315,-0.600846695681,-0.1));
#2357 = DIRECTION('',(7.970800552228E-02,-6.038736503325E-02,
    0.994987437107));
#2358 = ADVANCED_FACE('',(#2359),#2379,.F.);
#2359 = FACE_BOUND('',#2360,.F.);
#2360 = EDGE_LOOP('',(#2361,#2370,#2371,#2372));
#2361 = ORIENTED_EDGE('',*,*,#2362,.F.);
#2362 = EDGE_CURVE('',#2313,#2363,#2365,.T.);
#2363 = VERTEX_POINT('',#2364);
#2364 = CARTESIAN_POINT('',(191.2503934902,32.656594305595,
    25.642689256378));
#2365 = CIRCLE('',#2366,1.15);
#2366 = AXIS2_PLACEMENT_3D('',#2367,#2368,#2369);
#2367 = CARTESIAN_POINT('',(191.26240201827,32.647496557343,
    26.792590567896));
#2368 = DIRECTION('',(0.603873650333,0.797080055223,-6.938893903907E-18)
  );
#2369 = DIRECTION('',(0.793084641315,-0.600846695681,-0.1));
#2370 = ORIENTED_EDGE('',*,*,#2321,.T.);
#2371 = ORIENTED_EDGE('',*,*,#2362,.T.);
#2372 = ORIENTED_EDGE('',*,*,#2373,.F.);
#2373 = EDGE_CURVE('',#2363,#2363,#2374,.T.);
#2374 = CIRCLE('',#2375,3.420281892186);
#2375 = AXIS2_PLACEMENT_3D('',#2376,#2377,#2378);
#2376 = CARTESIAN_POINT('',(190.97776964225,32.863136116736,
    22.239551742289));
#2377 = DIRECTION('',(0.793084641315,-0.600846695681,-0.1));
#2378 = DIRECTION('',(7.970800552228E-02,-6.038736503325E-02,
    0.994987437107));
#2379 = TOROIDAL_SURFACE('',#2380,4.565925815925,1.15);
#2380 = AXIS2_PLACEMENT_3D('',#2381,#2382,#2383);
#2381 = CARTESIAN_POINT('',(190.89846117812,32.923220786304,
    22.249551742289));
#2382 = DIRECTION('',(0.793084641315,-0.600846695681,-0.1));
#2383 = DIRECTION('',(7.970800552228E-02,-6.038736503325E-02,
    0.994987437107));
#2384 = ADVANCED_FACE('',(#2385),#2404,.T.);
#2385 = FACE_BOUND('',#2386,.T.);
#2386 = EDGE_LOOP('',(#2387,#2388,#2396,#2403));
#2387 = ORIENTED_EDGE('',*,*,#2346,.T.);
#2388 = ORIENTED_EDGE('',*,*,#2389,.T.);
#2389 = EDGE_CURVE('',#2339,#2390,#2392,.T.);
#2390 = VERTEX_POINT('',#2391);
#2391 = CARTESIAN_POINT('',(188.12106187573,35.027398709431,
    26.379038408963));
#2392 = LINE('',#2393,#2394);
#2393 = CARTESIAN_POINT('',(187.10102523032,35.800185894983,
    26.507654775019));
#2394 = VECTOR('',#2395,1.);
#2395 = DIRECTION('',(0.793084641315,-0.600846695681,-0.1));
#2396 = ORIENTED_EDGE('',*,*,#2397,.F.);
#2397 = EDGE_CURVE('',#2390,#2390,#2398,.T.);
#2398 = CIRCLE('',#2399,3.760340635769);
#2399 = AXIS2_PLACEMENT_3D('',#2400,#2401,#2402);
#2400 = CARTESIAN_POINT('',(187.82133262356,35.254475772052,
    22.637546717132));
#2401 = DIRECTION('',(0.793084641315,-0.600846695681,-0.1));
#2402 = DIRECTION('',(7.970800552228E-02,-6.038736503325E-02,
    0.994987437107));
#2403 = ORIENTED_EDGE('',*,*,#2389,.F.);
#2404 = CYLINDRICAL_SURFACE('',#2405,3.760340635769);
#2405 = AXIS2_PLACEMENT_3D('',#2406,#2407,#2408);
#2406 = CARTESIAN_POINT('',(186.80129597816,36.027262957604,
    22.766163083188));
#2407 = DIRECTION('',(0.793084641315,-0.600846695681,-0.1));
#2408 = DIRECTION('',(7.970800552228E-02,-6.038736503325E-02,
    0.994987437107));
#2409 = ADVANCED_FACE('',(#2410,#2413),#2424,.F.);
#2410 = FACE_BOUND('',#2411,.F.);
#2411 = EDGE_LOOP('',(#2412));
#2412 = ORIENTED_EDGE('',*,*,#2373,.T.);
#2413 = FACE_BOUND('',#2414,.F.);
#2414 = EDGE_LOOP('',(#2415));
#2415 = ORIENTED_EDGE('',*,*,#2416,.F.);
#2416 = EDGE_CURVE('',#2417,#2417,#2419,.T.);
#2417 = VERTEX_POINT('',#2418);
#2418 = CARTESIAN_POINT('',(191.25004627605,32.656857357563,
    25.638355015223));
#2419 = CIRCLE('',#2420,3.415925815925);
#2420 = AXIS2_PLACEMENT_3D('',#2421,#2422,#2423);
#2421 = CARTESIAN_POINT('',(190.97776964225,32.863136116736,
    22.239551742289));
#2422 = DIRECTION('',(0.793084641315,-0.600846695681,-0.1));
#2423 = DIRECTION('',(7.970800552228E-02,-6.038736503325E-02,
    0.994987437107));
#2424 = PLANE('',#2425);
#2425 = AXIS2_PLACEMENT_3D('',#2426,#2427,#2428);
#2426 = CARTESIAN_POINT('',(190.97776964225,32.863136116736,
    22.239551742289));
#2427 = DIRECTION('',(0.793084641315,-0.600846695681,-0.1));
#2428 = DIRECTION('',(7.970800552228E-02,-6.038736503325E-02,
    0.994987437107));
#2429 = ADVANCED_FACE('',(#2430,#2441),#2444,.F.);
#2430 = FACE_BOUND('',#2431,.F.);
#2431 = EDGE_LOOP('',(#2432));
#2432 = ORIENTED_EDGE('',*,*,#2433,.T.);
#2433 = EDGE_CURVE('',#2434,#2434,#2436,.T.);
#2434 = VERTEX_POINT('',#2435);
#2435 = CARTESIAN_POINT('',(188.12140908988,35.027135657464,
    26.383372650118));
#2436 = CIRCLE('',#2437,3.76469671203);
#2437 = AXIS2_PLACEMENT_3D('',#2438,#2439,#2440);
#2438 = CARTESIAN_POINT('',(187.82133262356,35.254475772052,
    22.637546717132));
#2439 = DIRECTION('',(0.793084641315,-0.600846695681,-0.1));
#2440 = DIRECTION('',(7.970800552228E-02,-6.038736503325E-02,
    0.994987437107));
#2441 = FACE_BOUND('',#2442,.F.);
#2442 = EDGE_LOOP('',(#2443));
#2443 = ORIENTED_EDGE('',*,*,#2397,.F.);
#2444 = PLANE('',#2445);
#2445 = AXIS2_PLACEMENT_3D('',#2446,#2447,#2448);
#2446 = CARTESIAN_POINT('',(187.82133262356,35.254475772052,
    22.637546717132));
#2447 = DIRECTION('',(0.793084641315,-0.600846695681,-0.1));
#2448 = DIRECTION('',(7.970800552228E-02,-6.038736503325E-02,
    0.994987437107));
#2449 = ADVANCED_FACE('',(#2450),#2469,.T.);
#2450 = FACE_BOUND('',#2451,.T.);
#2451 = EDGE_LOOP('',(#2452,#2461,#2467,#2468));
#2452 = ORIENTED_EDGE('',*,*,#2453,.T.);
#2453 = EDGE_CURVE('',#2454,#2454,#2456,.T.);
#2454 = VERTEX_POINT('',#2455);
#2455 = CARTESIAN_POINT('',(191.17073781191,32.716942027131,
    25.648355015223));
#2456 = CIRCLE('',#2457,3.415925815925);
#2457 = AXIS2_PLACEMENT_3D('',#2458,#2459,#2460);
#2458 = CARTESIAN_POINT('',(190.89846117812,32.923220786304,
    22.249551742289));
#2459 = DIRECTION('',(0.793084641315,-0.600846695681,-0.1));
#2460 = DIRECTION('',(7.970800552228E-02,-6.038736503325E-02,
    0.994987437107));
#2461 = ORIENTED_EDGE('',*,*,#2462,.T.);
#2462 = EDGE_CURVE('',#2454,#2417,#2463,.T.);
#2463 = LINE('',#2464,#2465);
#2464 = CARTESIAN_POINT('',(190.23000963064,33.429644543115,
    25.766971381279));
#2465 = VECTOR('',#2466,1.);
#2466 = DIRECTION('',(0.793084641315,-0.600846695681,-0.1));
#2467 = ORIENTED_EDGE('',*,*,#2416,.F.);
#2468 = ORIENTED_EDGE('',*,*,#2462,.F.);
#2469 = CYLINDRICAL_SURFACE('',#2470,3.415925815925);
#2470 = AXIS2_PLACEMENT_3D('',#2471,#2472,#2473);
#2471 = CARTESIAN_POINT('',(189.95773299684,33.635923302288,
    22.368168108345));
#2472 = DIRECTION('',(0.793084641315,-0.600846695681,-0.1));
#2473 = DIRECTION('',(7.970800552228E-02,-6.038736503325E-02,
    0.994987437107));
#2474 = ADVANCED_FACE('',(#2475),#2495,.F.);
#2475 = FACE_BOUND('',#2476,.F.);
#2476 = EDGE_LOOP('',(#2477,#2486,#2493,#2494));
#2477 = ORIENTED_EDGE('',*,*,#2478,.F.);
#2478 = EDGE_CURVE('',#2479,#2434,#2481,.T.);
#2479 = VERTEX_POINT('',#2480);
#2480 = CARTESIAN_POINT('',(189.04546495546,34.327064209178,
    27.418273961636));
#2481 = CIRCLE('',#2482,1.15);
#2482 = AXIS2_PLACEMENT_3D('',#2483,#2484,#2485);
#2483 = CARTESIAN_POINT('',(188.13341761794,35.018037909211,
    27.533273961636));
#2484 = DIRECTION('',(0.603873650333,0.797080055223,-6.938893903907E-18)
  );
#2485 = DIRECTION('',(0.793084641315,-0.600846695681,-0.1));
#2486 = ORIENTED_EDGE('',*,*,#2487,.T.);
#2487 = EDGE_CURVE('',#2479,#2479,#2488,.T.);
#2488 = CIRCLE('',#2489,4.910340635769);
#2489 = AXIS2_PLACEMENT_3D('',#2490,#2491,#2492);
#2490 = CARTESIAN_POINT('',(188.65407149694,34.623586741588,
    22.532546717132));
#2491 = DIRECTION('',(0.793084641315,-0.600846695681,-0.1));
#2492 = DIRECTION('',(7.970800552228E-02,-6.038736503325E-02,
    0.994987437107));
#2493 = ORIENTED_EDGE('',*,*,#2478,.T.);
#2494 = ORIENTED_EDGE('',*,*,#2433,.F.);
#2495 = TOROIDAL_SURFACE('',#2496,4.910340635769,1.15);
#2496 = AXIS2_PLACEMENT_3D('',#2497,#2498,#2499);
#2497 = CARTESIAN_POINT('',(187.74202415943,35.31456044162,
    22.647546717132));
#2498 = DIRECTION('',(0.793084641315,-0.600846695681,-0.1));
#2499 = DIRECTION('',(7.970800552228E-02,-6.038736503325E-02,
    0.994987437107));
#2500 = ADVANCED_FACE('',(#2501),#2520,.T.);
#2501 = FACE_BOUND('',#2502,.T.);
#2502 = EDGE_LOOP('',(#2503,#2512,#2518,#2519));
#2503 = ORIENTED_EDGE('',*,*,#2504,.T.);
#2504 = EDGE_CURVE('',#2505,#2505,#2507,.T.);
#2505 = VERTEX_POINT('',#2506);
#2506 = CARTESIAN_POINT('',(190.46793502303,33.249390534411,
    25.736971381279));
#2507 = CIRCLE('',#2508,3.415925815925);
#2508 = AXIS2_PLACEMENT_3D('',#2509,#2510,#2511);
#2509 = CARTESIAN_POINT('',(190.19565838923,33.455669293583,
    22.338168108345));
#2510 = DIRECTION('',(0.793084641315,-0.600846695681,-0.1));
#2511 = DIRECTION('',(7.970800552228E-02,-6.038736503325E-02,
    0.994987437107));
#2512 = ORIENTED_EDGE('',*,*,#2513,.T.);
#2513 = EDGE_CURVE('',#2505,#2454,#2514,.T.);
#2514 = LINE('',#2515,#2516);
#2515 = CARTESIAN_POINT('',(190.23000963064,33.429644543115,
    25.766971381279));
#2516 = VECTOR('',#2517,1.);
#2517 = DIRECTION('',(0.793084641315,-0.600846695681,-0.1));
#2518 = ORIENTED_EDGE('',*,*,#2453,.F.);
#2519 = ORIENTED_EDGE('',*,*,#2513,.F.);
#2520 = CYLINDRICAL_SURFACE('',#2521,3.415925815925);
#2521 = AXIS2_PLACEMENT_3D('',#2522,#2523,#2524);
#2522 = CARTESIAN_POINT('',(189.95773299684,33.635923302288,
    22.368168108345));
#2523 = DIRECTION('',(0.793084641315,-0.600846695681,-0.1));
#2524 = DIRECTION('',(7.970800552228E-02,-6.038736503325E-02,
    0.994987437107));
#2525 = ADVANCED_FACE('',(#2526),#2546,.F.);
#2526 = FACE_BOUND('',#2527,.F.);
#2527 = EDGE_LOOP('',(#2528,#2537,#2544,#2545));
#2528 = ORIENTED_EDGE('',*,*,#2529,.T.);
#2529 = EDGE_CURVE('',#2530,#2530,#2532,.T.);
#2530 = VERTEX_POINT('',#2531);
#2531 = CARTESIAN_POINT('',(188.95931463929,34.392332315635,
    28.032159339548));
#2532 = CIRCLE('',#2533,5.510340635769);
#2533 = AXIS2_PLACEMENT_3D('',#2534,#2535,#2536);
#2534 = CARTESIAN_POINT('',(188.52009637747,34.725087267064,
    22.54943963278));
#2535 = DIRECTION('',(0.793084641315,-0.600846695681,-0.1));
#2536 = DIRECTION('',(7.970800552228E-02,-6.038736503325E-02,
    0.994987437107));
#2537 = ORIENTED_EDGE('',*,*,#2538,.T.);
#2538 = EDGE_CURVE('',#2530,#2479,#2539,.T.);
#2539 = CIRCLE('',#2540,1.15);
#2540 = AXIS2_PLACEMENT_3D('',#2541,#2542,#2543);
#2541 = CARTESIAN_POINT('',(188.13341761794,35.018037909211,
    27.533273961636));
#2542 = DIRECTION('',(0.603873650333,0.797080055223,-6.938893903907E-18)
  );
#2543 = DIRECTION('',(0.793084641315,-0.600846695681,-0.1));
#2544 = ORIENTED_EDGE('',*,*,#2487,.F.);
#2545 = ORIENTED_EDGE('',*,*,#2538,.F.);
#2546 = TOROIDAL_SURFACE('',#2547,4.910340635769,1.15);
#2547 = AXIS2_PLACEMENT_3D('',#2548,#2549,#2550);
#2548 = CARTESIAN_POINT('',(187.74202415943,35.31456044162,
    22.647546717132));
#2549 = DIRECTION('',(0.793084641315,-0.600846695681,-0.1));
#2550 = DIRECTION('',(7.970800552228E-02,-6.038736503325E-02,
    0.994987437107));
#2551 = ADVANCED_FACE('',(#2552),#2571,.T.);
#2552 = FACE_BOUND('',#2553,.T.);
#2553 = EDGE_LOOP('',(#2554,#2555,#2563,#2570));
#2554 = ORIENTED_EDGE('',*,*,#2504,.F.);
#2555 = ORIENTED_EDGE('',*,*,#2556,.F.);
#2556 = EDGE_CURVE('',#2557,#2505,#2559,.T.);
#2557 = VERTEX_POINT('',#2558);
#2558 = CARTESIAN_POINT('',(190.3886265589,33.309475203979,
    25.746971381279));
#2559 = LINE('',#2560,#2561);
#2560 = CARTESIAN_POINT('',(190.23000963064,33.429644543115,
    25.766971381279));
#2561 = VECTOR('',#2562,1.);
#2562 = DIRECTION('',(0.793084641315,-0.600846695681,-0.1));
#2563 = ORIENTED_EDGE('',*,*,#2564,.T.);
#2564 = EDGE_CURVE('',#2557,#2557,#2565,.T.);
#2565 = CIRCLE('',#2566,3.415925815925);
#2566 = AXIS2_PLACEMENT_3D('',#2567,#2568,#2569);
#2567 = CARTESIAN_POINT('',(190.1163499251,33.515753963151,
    22.348168108345));
#2568 = DIRECTION('',(0.793084641315,-0.600846695681,-0.1));
#2569 = DIRECTION('',(7.970800552228E-02,-6.038736503325E-02,
    0.994987437107));
#2570 = ORIENTED_EDGE('',*,*,#2556,.T.);
#2571 = CYLINDRICAL_SURFACE('',#2572,3.415925815925);
#2572 = AXIS2_PLACEMENT_3D('',#2573,#2574,#2575);
#2573 = CARTESIAN_POINT('',(189.95773299684,33.635923302288,
    22.368168108345));
#2574 = DIRECTION('',(0.793084641315,-0.600846695681,-0.1));
#2575 = DIRECTION('',(7.970800552228E-02,-6.038736503325E-02,
    0.994987437107));
#2576 = ADVANCED_FACE('',(#2577),#2596,.T.);
#2577 = FACE_BOUND('',#2578,.T.);
#2578 = EDGE_LOOP('',(#2579,#2580,#2588,#2595));
#2579 = ORIENTED_EDGE('',*,*,#2529,.T.);
#2580 = ORIENTED_EDGE('',*,*,#2581,.T.);
#2581 = EDGE_CURVE('',#2530,#2582,#2584,.T.);
#2582 = VERTEX_POINT('',#2583);
#2583 = CARTESIAN_POINT('',(189.40805953616,34.052359916172,
    27.975577119506));
#2584 = LINE('',#2585,#2586);
#2585 = CARTESIAN_POINT('',(185.73810519394,36.832744032756,
    28.438321466204));
#2586 = VECTOR('',#2587,1.);
#2587 = DIRECTION('',(0.793084641315,-0.600846695681,-0.1));
#2588 = ORIENTED_EDGE('',*,*,#2589,.F.);
#2589 = EDGE_CURVE('',#2582,#2582,#2590,.T.);
#2590 = CIRCLE('',#2591,5.510340635769);
#2591 = AXIS2_PLACEMENT_3D('',#2592,#2593,#2594);
#2592 = CARTESIAN_POINT('',(188.96884127433,34.385114867602,
    22.492857412738));
#2593 = DIRECTION('',(0.793084641315,-0.600846695681,-0.1));
#2594 = DIRECTION('',(7.970800552228E-02,-6.038736503325E-02,
    0.994987437107));
#2595 = ORIENTED_EDGE('',*,*,#2581,.F.);
#2596 = CYLINDRICAL_SURFACE('',#2597,5.510340635769);
#2597 = AXIS2_PLACEMENT_3D('',#2598,#2599,#2600);
#2598 = CARTESIAN_POINT('',(185.29888693212,37.165498984186,
    22.955601759436));
#2599 = DIRECTION('',(0.793084641315,-0.600846695681,-0.1));
#2600 = DIRECTION('',(7.970800552228E-02,-6.038736503325E-02,
    0.994987437107));
#2601 = ADVANCED_FACE('',(#2602,#2613),#2616,.T.);
#2602 = FACE_BOUND('',#2603,.T.);
#2603 = EDGE_LOOP('',(#2604));
#2604 = ORIENTED_EDGE('',*,*,#2605,.T.);
#2605 = EDGE_CURVE('',#2606,#2606,#2608,.T.);
#2606 = VERTEX_POINT('',#2607);
#2607 = CARTESIAN_POINT('',(190.38897377305,33.309212152011,
    25.751305622434));
#2608 = CIRCLE('',#2609,3.420281892186);
#2609 = AXIS2_PLACEMENT_3D('',#2610,#2611,#2612);
#2610 = CARTESIAN_POINT('',(190.1163499251,33.515753963151,
    22.348168108345));
#2611 = DIRECTION('',(0.793084641315,-0.600846695681,-0.1));
#2612 = DIRECTION('',(7.970800552228E-02,-6.038736503325E-02,
    0.994987437107));
#2613 = FACE_BOUND('',#2614,.T.);
#2614 = EDGE_LOOP('',(#2615));
#2615 = ORIENTED_EDGE('',*,*,#2564,.F.);
#2616 = PLANE('',#2617);
#2617 = AXIS2_PLACEMENT_3D('',#2618,#2619,#2620);
#2618 = CARTESIAN_POINT('',(190.1163499251,33.515753963151,
    22.348168108345));
#2619 = DIRECTION('',(0.793084641315,-0.600846695681,-0.1));
#2620 = DIRECTION('',(7.970800552228E-02,-6.038736503325E-02,
    0.994987437107));
#2621 = ADVANCED_FACE('',(#2622,#2625),#2636,.T.);
#2622 = FACE_BOUND('',#2623,.T.);
#2623 = EDGE_LOOP('',(#2624));
#2624 = ORIENTED_EDGE('',*,*,#2589,.T.);
#2625 = FACE_BOUND('',#2626,.T.);
#2626 = EDGE_LOOP('',(#2627));
#2627 = ORIENTED_EDGE('',*,*,#2628,.F.);
#2628 = EDGE_CURVE('',#2629,#2629,#2631,.T.);
#2629 = VERTEX_POINT('',#2630);
#2630 = CARTESIAN_POINT('',(189.3806069178,34.073158219621,
    27.632888700609));
#2631 = CIRCLE('',#2632,5.165925815925);
#2632 = AXIS2_PLACEMENT_3D('',#2633,#2634,#2635);
#2633 = CARTESIAN_POINT('',(188.96884127433,34.385114867602,
    22.492857412738));
#2634 = DIRECTION('',(0.793084641315,-0.600846695681,-0.1));
#2635 = DIRECTION('',(7.970800552228E-02,-6.038736503325E-02,
    0.994987437107));
#2636 = PLANE('',#2637);
#2637 = AXIS2_PLACEMENT_3D('',#2638,#2639,#2640);
#2638 = CARTESIAN_POINT('',(188.96884127433,34.385114867602,
    22.492857412738));
#2639 = DIRECTION('',(0.793084641315,-0.600846695681,-0.1));
#2640 = DIRECTION('',(7.970800552228E-02,-6.038736503325E-02,
    0.994987437107));
#2641 = ADVANCED_FACE('',(#2642),#2662,.F.);
#2642 = FACE_BOUND('',#2643,.F.);
#2643 = EDGE_LOOP('',(#2644,#2653,#2654,#2655));
#2644 = ORIENTED_EDGE('',*,*,#2645,.F.);
#2645 = EDGE_CURVE('',#2606,#2646,#2648,.T.);
#2646 = VERTEX_POINT('',#2647);
#2647 = CARTESIAN_POINT('',(189.82935181466,33.733185820158,
    27.576306480567));
#2648 = CIRCLE('',#2649,1.15);
#2649 = AXIS2_PLACEMENT_3D('',#2650,#2651,#2652);
#2650 = CARTESIAN_POINT('',(190.55959922938,33.179945064622,
    26.881206933952));
#2651 = DIRECTION('',(0.603873650333,0.797080055223,-6.938893903907E-18)
  );
#2652 = DIRECTION('',(0.793084641315,-0.600846695681,-0.1));
#2653 = ORIENTED_EDGE('',*,*,#2605,.T.);
#2654 = ORIENTED_EDGE('',*,*,#2645,.T.);
#2655 = ORIENTED_EDGE('',*,*,#2656,.F.);
#2656 = EDGE_CURVE('',#2646,#2646,#2657,.T.);
#2657 = CIRCLE('',#2658,5.165925815925);
#2658 = AXIS2_PLACEMENT_3D('',#2659,#2660,#2661);
#2659 = CARTESIAN_POINT('',(189.4175861712,34.045142468139,
    22.436275192697));
#2660 = DIRECTION('',(0.793084641315,-0.600846695681,-0.1));
#2661 = DIRECTION('',(7.970800552228E-02,-6.038736503325E-02,
    0.994987437107));
#2662 = TOROIDAL_SURFACE('',#2663,4.565925815925,1.15);
#2663 = AXIS2_PLACEMENT_3D('',#2664,#2665,#2666);
#2664 = CARTESIAN_POINT('',(190.19565838923,33.455669293583,
    22.338168108345));
#2665 = DIRECTION('',(0.793084641315,-0.600846695681,-0.1));
#2666 = DIRECTION('',(7.970800552228E-02,-6.038736503325E-02,
    0.994987437107));
#2667 = ADVANCED_FACE('',(#2668),#2679,.T.);
#2668 = FACE_BOUND('',#2669,.T.);
#2669 = EDGE_LOOP('',(#2670,#2671,#2677,#2678));
#2670 = ORIENTED_EDGE('',*,*,#2628,.T.);
#2671 = ORIENTED_EDGE('',*,*,#2672,.T.);
#2672 = EDGE_CURVE('',#2629,#2646,#2673,.T.);
#2673 = LINE('',#2674,#2675);
#2674 = CARTESIAN_POINT('',(189.34095268573,34.103200554405,
    27.637888700609));
#2675 = VECTOR('',#2676,1.);
#2676 = DIRECTION('',(0.793084641315,-0.600846695681,-0.1));
#2677 = ORIENTED_EDGE('',*,*,#2656,.F.);
#2678 = ORIENTED_EDGE('',*,*,#2672,.F.);
#2679 = CYLINDRICAL_SURFACE('',#2680,5.165925815925);
#2680 = AXIS2_PLACEMENT_3D('',#2681,#2682,#2683);
#2681 = CARTESIAN_POINT('',(188.92918704227,34.415157202386,
    22.497857412738));
#2682 = DIRECTION('',(0.793084641315,-0.600846695681,-0.1));
#2683 = DIRECTION('',(7.970800552228E-02,-6.038736503325E-02,
    0.994987437107));
#2684 = MANIFOLD_SOLID_BREP('',#2685);
#2685 = CLOSED_SHELL('',(#2686,#2719,#2739,#2759,#2784,#2809,#2835,#2855
    ,#2875,#2900,#2925,#2951,#2976,#3002,#3027,#3047,#3067,#3092,#3118,
    #3143,#3169,#3194,#3219,#3239,#3259,#3285));
#2686 = ADVANCED_FACE('',(#2687),#2714,.T.);
#2687 = FACE_BOUND('',#2688,.T.);
#2688 = EDGE_LOOP('',(#2689,#2698,#2706,#2713));
#2689 = ORIENTED_EDGE('',*,*,#2690,.F.);
#2690 = EDGE_CURVE('',#2691,#2691,#2693,.T.);
#2691 = VERTEX_POINT('',#2692);
#2692 = CARTESIAN_POINT('',(196.89305946068,55.887729145542,31.));
#2693 = CIRCLE('',#2694,8.1);
#2694 = AXIS2_PLACEMENT_3D('',#2695,#2696,#2697);
#2695 = CARTESIAN_POINT('',(196.13912886607,56.183851854086,
    22.940601759436));
#2696 = DIRECTION('',(0.92611292603,-0.363751080054,-1.E-01));
#2697 = DIRECTION('',(9.307785118603E-02,-3.655835907958E-02,
    0.994987437107));
#2698 = ORIENTED_EDGE('',*,*,#2699,.F.);
#2699 = EDGE_CURVE('',#2700,#2691,#2702,.T.);
#2700 = VERTEX_POINT('',#2701);
#2701 = CARTESIAN_POINT('',(148.49257684394,74.898075866922,31.));
#2702 = LINE('',#2703,#2704);
#2703 = CARTESIAN_POINT('',(148.49257684394,74.898075866922,31.));
#2704 = VECTOR('',#2705,1.);
#2705 = DIRECTION('',(0.93077851186,-0.365583590796,0.));
#2706 = ORIENTED_EDGE('',*,*,#2707,.T.);
#2707 = EDGE_CURVE('',#2700,#2700,#2708,.T.);
#2708 = CIRCLE('',#2709,2.9);
#2709 = AXIS2_PLACEMENT_3D('',#2710,#2711,#2712);
#2710 = CARTESIAN_POINT('',(148.2226510755,75.004095108253,
    28.114536432391));
#2711 = DIRECTION('',(0.92611292603,-0.363751080054,-1.E-01));
#2712 = DIRECTION('',(9.307785118603E-02,-3.655835907958E-02,
    0.994987437107));
#2713 = ORIENTED_EDGE('',*,*,#2699,.T.);
#2714 = CONICAL_SURFACE('',#2715,2.9,0.100167421162);
#2715 = AXIS2_PLACEMENT_3D('',#2716,#2717,#2718);
#2716 = CARTESIAN_POINT('',(148.2226510755,75.004095108253,
    28.114536432391));
#2717 = DIRECTION('',(0.92611292603,-0.363751080054,-0.1));
#2718 = DIRECTION('',(9.307785118603E-02,-3.655835907958E-02,
    0.994987437107));
#2719 = ADVANCED_FACE('',(#2720,#2723),#2734,.T.);
#2720 = FACE_BOUND('',#2721,.T.);
#2721 = EDGE_LOOP('',(#2722));
#2722 = ORIENTED_EDGE('',*,*,#2690,.T.);
#2723 = FACE_BOUND('',#2724,.T.);
#2724 = EDGE_LOOP('',(#2725));
#2725 = ORIENTED_EDGE('',*,*,#2726,.F.);
#2726 = EDGE_CURVE('',#2727,#2727,#2729,.T.);
#2727 = VERTEX_POINT('',#2728);
#2728 = CARTESIAN_POINT('',(196.65201953175,55.982402842473,
    28.423321466204));
#2729 = CIRCLE('',#2730,5.510340635769);
#2730 = AXIS2_PLACEMENT_3D('',#2731,#2732,#2733);
#2731 = CARTESIAN_POINT('',(196.13912886607,56.183851854086,
    22.940601759436));
#2732 = DIRECTION('',(0.92611292603,-0.363751080054,-1.E-01));
#2733 = DIRECTION('',(9.307785118603E-02,-3.655835907958E-02,
    0.994987437107));
#2734 = PLANE('',#2735);
#2735 = AXIS2_PLACEMENT_3D('',#2736,#2737,#2738);
#2736 = CARTESIAN_POINT('',(196.13912886607,56.183851854086,
    22.940601759436));
#2737 = DIRECTION('',(0.92611292603,-0.363751080054,-0.1));
#2738 = DIRECTION('',(9.307785118603E-02,-3.655835907958E-02,
    0.994987437107));
#2739 = ADVANCED_FACE('',(#2740,#2743),#2754,.F.);
#2740 = FACE_BOUND('',#2741,.F.);
#2741 = EDGE_LOOP('',(#2742));
#2742 = ORIENTED_EDGE('',*,*,#2707,.T.);
#2743 = FACE_BOUND('',#2744,.F.);
#2744 = EDGE_LOOP('',(#2745));
#2745 = ORIENTED_EDGE('',*,*,#2746,.F.);
#2746 = EDGE_CURVE('',#2747,#2747,#2749,.T.);
#2747 = VERTEX_POINT('',#2748);
#2748 = CARTESIAN_POINT('',(148.3948451002,74.936462143956,
    29.955263191038));
#2749 = CIRCLE('',#2750,1.85);
#2750 = AXIS2_PLACEMENT_3D('',#2751,#2752,#2753);
#2751 = CARTESIAN_POINT('',(148.2226510755,75.004095108253,
    28.114536432391));
#2752 = DIRECTION('',(0.92611292603,-0.363751080054,-1.E-01));
#2753 = DIRECTION('',(9.307785118603E-02,-3.655835907958E-02,
    0.994987437107));
#2754 = PLANE('',#2755);
#2755 = AXIS2_PLACEMENT_3D('',#2756,#2757,#2758);
#2756 = CARTESIAN_POINT('',(148.2226510755,75.004095108253,
    28.114536432391));
#2757 = DIRECTION('',(0.92611292603,-0.363751080054,-0.1));
#2758 = DIRECTION('',(9.307785118603E-02,-3.655835907958E-02,
    0.994987437107));
#2759 = ADVANCED_FACE('',(#2760),#2779,.T.);
#2760 = FACE_BOUND('',#2761,.T.);
#2761 = EDGE_LOOP('',(#2762,#2763,#2771,#2778));
#2762 = ORIENTED_EDGE('',*,*,#2726,.T.);
#2763 = ORIENTED_EDGE('',*,*,#2764,.T.);
#2764 = EDGE_CURVE('',#2727,#2765,#2767,.T.);
#2765 = VERTEX_POINT('',#2766);
#2766 = CARTESIAN_POINT('',(197.63677014876,55.595620528509,
    28.316989874308));
#2767 = LINE('',#2768,#2769);
#2768 = CARTESIAN_POINT('',(196.51310259285,56.036965504481,
    28.438321466204));
#2769 = VECTOR('',#2770,1.);
#2770 = DIRECTION('',(0.92611292603,-0.363751080054,-0.1));
#2771 = ORIENTED_EDGE('',*,*,#2772,.F.);
#2772 = EDGE_CURVE('',#2765,#2765,#2773,.T.);
#2773 = CIRCLE('',#2774,5.510340635769);
#2774 = AXIS2_PLACEMENT_3D('',#2775,#2776,#2777);
#2775 = CARTESIAN_POINT('',(197.12387948308,55.797069540123,
    22.834270167539));
#2776 = DIRECTION('',(0.92611292603,-0.363751080054,-1.E-01));
#2777 = DIRECTION('',(9.307785118603E-02,-3.655835907958E-02,
    0.994987437107));
#2778 = ORIENTED_EDGE('',*,*,#2764,.F.);
#2779 = CYLINDRICAL_SURFACE('',#2780,5.510340635769);
#2780 = AXIS2_PLACEMENT_3D('',#2781,#2782,#2783);
#2781 = CARTESIAN_POINT('',(196.00021192717,56.238414516094,
    22.955601759436));
#2782 = DIRECTION('',(0.92611292603,-0.363751080054,-0.1));
#2783 = DIRECTION('',(9.307785118603E-02,-3.655835907958E-02,
    0.994987437107));
#2784 = ADVANCED_FACE('',(#2785),#2804,.F.);
#2785 = FACE_BOUND('',#2786,.F.);
#2786 = EDGE_LOOP('',(#2787,#2796,#2802,#2803));
#2787 = ORIENTED_EDGE('',*,*,#2788,.F.);
#2788 = EDGE_CURVE('',#2789,#2789,#2791,.T.);
#2789 = VERTEX_POINT('',#2790);
#2790 = CARTESIAN_POINT('',(204.60455943144,52.858869095799,
    23.885839824688));
#2791 = CIRCLE('',#2792,1.85);
#2792 = AXIS2_PLACEMENT_3D('',#2793,#2794,#2795);
#2793 = CARTESIAN_POINT('',(204.43236540675,52.926502060096,
    22.04511306604));
#2794 = DIRECTION('',(0.92611292603,-0.363751080054,-1.E-01));
#2795 = DIRECTION('',(9.307785118603E-02,-3.655835907958E-02,
    0.994987437107));
#2796 = ORIENTED_EDGE('',*,*,#2797,.F.);
#2797 = EDGE_CURVE('',#2747,#2789,#2798,.T.);
#2798 = LINE('',#2799,#2800);
#2799 = CARTESIAN_POINT('',(147.46873217417,75.30021322401,
    30.055263191038));
#2800 = VECTOR('',#2801,1.);
#2801 = DIRECTION('',(0.92611292603,-0.363751080054,-0.1));
#2802 = ORIENTED_EDGE('',*,*,#2746,.T.);
#2803 = ORIENTED_EDGE('',*,*,#2797,.T.);
#2804 = CYLINDRICAL_SURFACE('',#2805,1.85);
#2805 = AXIS2_PLACEMENT_3D('',#2806,#2807,#2808);
#2806 = CARTESIAN_POINT('',(147.29653814947,75.367846188307,
    28.214536432391));
#2807 = DIRECTION('',(0.92611292603,-0.363751080054,-0.1));
#2808 = DIRECTION('',(9.307785118603E-02,-3.655835907958E-02,
    0.994987437107));
#2809 = ADVANCED_FACE('',(#2810),#2830,.F.);
#2810 = FACE_BOUND('',#2811,.F.);
#2811 = EDGE_LOOP('',(#2812,#2821,#2828,#2829));
#2812 = ORIENTED_EDGE('',*,*,#2813,.F.);
#2813 = EDGE_CURVE('',#2814,#2765,#2816,.T.);
#2814 = VERTEX_POINT('',#2815);
#2815 = CARTESIAN_POINT('',(198.29026046034,55.338947934965,
    26.491989016174));
#2816 = CIRCLE('',#2817,1.15);
#2817 = AXIS2_PLACEMENT_3D('',#2818,#2819,#2820);
#2818 = CARTESIAN_POINT('',(198.48950582758,55.260689965018,
    27.621890327692));
#2819 = DIRECTION('',(0.365583590796,0.93077851186,6.938893903907E-18));
#2820 = DIRECTION('',(0.92611292603,-0.363751080054,-0.1));
#2821 = ORIENTED_EDGE('',*,*,#2822,.T.);
#2822 = EDGE_CURVE('',#2814,#2814,#2823,.T.);
#2823 = CIRCLE('',#2824,3.76469671203);
#2824 = AXIS2_PLACEMENT_3D('',#2825,#2826,#2827);
#2825 = CARTESIAN_POINT('',(197.93985058001,55.476579069189,
    22.746163083188));
#2826 = DIRECTION('',(0.92611292603,-0.363751080054,-1.E-01));
#2827 = DIRECTION('',(9.307785118603E-02,-3.655835907958E-02,
    0.994987437107));
#2828 = ORIENTED_EDGE('',*,*,#2813,.T.);
#2829 = ORIENTED_EDGE('',*,*,#2772,.F.);
#2830 = TOROIDAL_SURFACE('',#2831,4.910340635769,1.15);
#2831 = AXIS2_PLACEMENT_3D('',#2832,#2833,#2834);
#2832 = CARTESIAN_POINT('',(198.03246187262,55.440203961183,
    22.736163083188));
#2833 = DIRECTION('',(0.92611292603,-0.363751080054,-0.1));
#2834 = DIRECTION('',(9.307785118603E-02,-3.655835907958E-02,
    0.994987437107));
#2835 = ADVANCED_FACE('',(#2836,#2847),#2850,.T.);
#2836 = FACE_BOUND('',#2837,.T.);
#2837 = EDGE_LOOP('',(#2838));
#2838 = ORIENTED_EDGE('',*,*,#2839,.T.);
#2839 = EDGE_CURVE('',#2840,#2840,#2842,.T.);
#2840 = VERTEX_POINT('',#2841);
#2841 = CARTESIAN_POINT('',(204.91319868108,52.737644289139,
    27.185144353911));
#2842 = CIRCLE('',#2843,5.165925815925);
#2843 = AXIS2_PLACEMENT_3D('',#2844,#2845,#2846);
#2844 = CARTESIAN_POINT('',(204.43236540675,52.926502060096,
    22.04511306604));
#2845 = DIRECTION('',(0.92611292603,-0.363751080054,-1.E-01));
#2846 = DIRECTION('',(9.307785118603E-02,-3.655835907958E-02,
    0.994987437107));
#2847 = FACE_BOUND('',#2848,.T.);
#2848 = EDGE_LOOP('',(#2849));
#2849 = ORIENTED_EDGE('',*,*,#2788,.F.);
#2850 = PLANE('',#2851);
#2851 = AXIS2_PLACEMENT_3D('',#2852,#2853,#2854);
#2852 = CARTESIAN_POINT('',(204.43236540675,52.926502060096,
    22.04511306604));
#2853 = DIRECTION('',(0.92611292603,-0.363751080054,-0.1));
#2854 = DIRECTION('',(9.307785118603E-02,-3.655835907958E-02,
    0.994987437107));
#2855 = ADVANCED_FACE('',(#2856,#2859),#2870,.T.);
#2856 = FACE_BOUND('',#2857,.T.);
#2857 = EDGE_LOOP('',(#2858));
#2858 = ORIENTED_EDGE('',*,*,#2822,.T.);
#2859 = FACE_BOUND('',#2860,.T.);
#2860 = EDGE_LOOP('',(#2861));
#2861 = ORIENTED_EDGE('',*,*,#2862,.F.);
#2862 = EDGE_CURVE('',#2863,#2863,#2865,.T.);
#2863 = VERTEX_POINT('',#2864);
#2864 = CARTESIAN_POINT('',(198.28985500612,55.339107185965,
    26.487654775019));
#2865 = CIRCLE('',#2866,3.760340635769);
#2866 = AXIS2_PLACEMENT_3D('',#2867,#2868,#2869);
#2867 = CARTESIAN_POINT('',(197.93985058001,55.476579069189,
    22.746163083188));
#2868 = DIRECTION('',(0.92611292603,-0.363751080054,-1.E-01));
#2869 = DIRECTION('',(9.307785118603E-02,-3.655835907958E-02,
    0.994987437107));
#2870 = PLANE('',#2871);
#2871 = AXIS2_PLACEMENT_3D('',#2872,#2873,#2874);
#2872 = CARTESIAN_POINT('',(197.93985058001,55.476579069189,
    22.746163083188));
#2873 = DIRECTION('',(0.92611292603,-0.363751080054,-0.1));
#2874 = DIRECTION('',(9.307785118603E-02,-3.655835907958E-02,
    0.994987437107));
#2875 = ADVANCED_FACE('',(#2876),#2895,.T.);
#2876 = FACE_BOUND('',#2877,.T.);
#2877 = EDGE_LOOP('',(#2878,#2887,#2893,#2894));
#2878 = ORIENTED_EDGE('',*,*,#2879,.T.);
#2879 = EDGE_CURVE('',#2880,#2880,#2882,.T.);
#2880 = VERTEX_POINT('',#2881);
#2881 = CARTESIAN_POINT('',(203.92844806407,53.124426603103,
    27.291475945808));
#2882 = CIRCLE('',#2883,5.165925815925);
#2883 = AXIS2_PLACEMENT_3D('',#2884,#2885,#2886);
#2884 = CARTESIAN_POINT('',(203.44761478974,53.31328437406,
    22.151444657937));
#2885 = DIRECTION('',(0.92611292603,-0.363751080054,-1.E-01));
#2886 = DIRECTION('',(9.307785118603E-02,-3.655835907958E-02,
    0.994987437107));
#2887 = ORIENTED_EDGE('',*,*,#2888,.T.);
#2888 = EDGE_CURVE('',#2880,#2840,#2889,.T.);
#2889 = LINE('',#2890,#2891);
#2890 = CARTESIAN_POINT('',(200.72027476444,54.384506740137,
    27.637888700609));
#2891 = VECTOR('',#2892,1.);
#2892 = DIRECTION('',(0.92611292603,-0.363751080054,-0.1));
#2893 = ORIENTED_EDGE('',*,*,#2839,.F.);
#2894 = ORIENTED_EDGE('',*,*,#2888,.F.);
#2895 = CYLINDRICAL_SURFACE('',#2896,5.165925815925);
#2896 = AXIS2_PLACEMENT_3D('',#2897,#2898,#2899);
#2897 = CARTESIAN_POINT('',(200.23944149011,54.573364511094,
    22.497857412738));
#2898 = DIRECTION('',(0.92611292603,-0.363751080054,-0.1));
#2899 = DIRECTION('',(9.307785118603E-02,-3.655835907958E-02,
    0.994987437107));
#2900 = ADVANCED_FACE('',(#2901),#2920,.T.);
#2901 = FACE_BOUND('',#2902,.T.);
#2902 = EDGE_LOOP('',(#2903,#2912,#2918,#2919));
#2903 = ORIENTED_EDGE('',*,*,#2904,.F.);
#2904 = EDGE_CURVE('',#2905,#2905,#2907,.T.);
#2905 = VERTEX_POINT('',#2906);
#2906 = CARTESIAN_POINT('',(198.38246629872,55.30273207796,
    26.477654775019));
#2907 = CIRCLE('',#2908,3.760340635769);
#2908 = AXIS2_PLACEMENT_3D('',#2909,#2910,#2911);
#2909 = CARTESIAN_POINT('',(198.03246187262,55.440203961183,
    22.736163083188));
#2910 = DIRECTION('',(0.92611292603,-0.363751080054,-1.E-01));
#2911 = DIRECTION('',(9.307785118603E-02,-3.655835907958E-02,
    0.994987437107));
#2912 = ORIENTED_EDGE('',*,*,#2913,.F.);
#2913 = EDGE_CURVE('',#2863,#2905,#2914,.T.);
#2914 = LINE('',#2915,#2916);
#2915 = CARTESIAN_POINT('',(198.10463242091,55.411857401976,
    26.507654775019));
#2916 = VECTOR('',#2917,1.);
#2917 = DIRECTION('',(0.92611292603,-0.363751080054,-0.1));
#2918 = ORIENTED_EDGE('',*,*,#2862,.T.);
#2919 = ORIENTED_EDGE('',*,*,#2913,.T.);
#2920 = CYLINDRICAL_SURFACE('',#2921,3.760340635769);
#2921 = AXIS2_PLACEMENT_3D('',#2922,#2923,#2924);
#2922 = CARTESIAN_POINT('',(197.75462799481,55.5493292852,
    22.766163083188));
#2923 = DIRECTION('',(0.92611292603,-0.363751080054,-0.1));
#2924 = DIRECTION('',(9.307785118603E-02,-3.655835907958E-02,
    0.994987437107));
#2925 = ADVANCED_FACE('',(#2926),#2946,.F.);
#2926 = FACE_BOUND('',#2927,.F.);
#2927 = EDGE_LOOP('',(#2928,#2929,#2938,#2945));
#2928 = ORIENTED_EDGE('',*,*,#2879,.T.);
#2929 = ORIENTED_EDGE('',*,*,#2930,.T.);
#2930 = EDGE_CURVE('',#2880,#2931,#2933,.T.);
#2931 = VERTEX_POINT('',#2932);
#2932 = CARTESIAN_POINT('',(204.02904882876,53.084913455427,
    26.677590567896));
#2933 = CIRCLE('',#2934,1.15);
#2934 = AXIS2_PLACEMENT_3D('',#2935,#2936,#2937);
#2935 = CARTESIAN_POINT('',(202.96401896383,53.503227197489,
    26.792590567896));
#2936 = DIRECTION('',(0.365583590796,0.93077851186,6.938893903907E-18));
#2937 = DIRECTION('',(0.92611292603,-0.363751080054,-0.1));
#2938 = ORIENTED_EDGE('',*,*,#2939,.F.);
#2939 = EDGE_CURVE('',#2931,#2931,#2940,.T.);
#2940 = CIRCLE('',#2941,4.565925815925);
#2941 = AXIS2_PLACEMENT_3D('',#2942,#2943,#2944);
#2942 = CARTESIAN_POINT('',(203.60406226514,53.251836210936,
    22.134551742289));
#2943 = DIRECTION('',(0.92611292603,-0.363751080054,-1.E-01));
#2944 = DIRECTION('',(9.307785118603E-02,-3.655835907958E-02,
    0.994987437107));
#2945 = ORIENTED_EDGE('',*,*,#2930,.F.);
#2946 = TOROIDAL_SURFACE('',#2947,4.565925815925,1.15);
#2947 = AXIS2_PLACEMENT_3D('',#2948,#2949,#2950);
#2948 = CARTESIAN_POINT('',(202.5390324002,53.670149952999,
    22.249551742289));
#2949 = DIRECTION('',(0.92611292603,-0.363751080054,-0.1));
#2950 = DIRECTION('',(9.307785118603E-02,-3.655835907958E-02,
    0.994987437107));
#2951 = ADVANCED_FACE('',(#2952),#2971,.T.);
#2952 = FACE_BOUND('',#2953,.T.);
#2953 = EDGE_LOOP('',(#2954,#2955,#2963,#2970));
#2954 = ORIENTED_EDGE('',*,*,#2904,.T.);
#2955 = ORIENTED_EDGE('',*,*,#2956,.T.);
#2956 = EDGE_CURVE('',#2905,#2957,#2959,.T.);
#2957 = VERTEX_POINT('',#2958);
#2958 = CARTESIAN_POINT('',(199.20315391934,54.980389089326,
    26.389038408963));
#2959 = LINE('',#2960,#2961);
#2960 = CARTESIAN_POINT('',(198.10463242091,55.411857401976,
    26.507654775019));
#2961 = VECTOR('',#2962,1.);
#2962 = DIRECTION('',(0.92611292603,-0.363751080054,-0.1));
#2963 = ORIENTED_EDGE('',*,*,#2964,.F.);
#2964 = EDGE_CURVE('',#2957,#2957,#2965,.T.);
#2965 = CIRCLE('',#2966,3.760340635769);
#2966 = AXIS2_PLACEMENT_3D('',#2967,#2968,#2969);
#2967 = CARTESIAN_POINT('',(198.85314949324,55.11786097255,
    22.647546717132));
#2968 = DIRECTION('',(0.92611292603,-0.363751080054,-1.E-01));
#2969 = DIRECTION('',(9.307785118603E-02,-3.655835907958E-02,
    0.994987437107));
#2970 = ORIENTED_EDGE('',*,*,#2956,.F.);
#2971 = CYLINDRICAL_SURFACE('',#2972,3.760340635769);
#2972 = AXIS2_PLACEMENT_3D('',#2973,#2974,#2975);
#2973 = CARTESIAN_POINT('',(197.75462799481,55.5493292852,
    22.766163083188));
#2974 = DIRECTION('',(0.92611292603,-0.363751080054,-0.1));
#2975 = DIRECTION('',(9.307785118603E-02,-3.655835907958E-02,
    0.994987437107));
#2976 = ADVANCED_FACE('',(#2977),#2997,.F.);
#2977 = FACE_BOUND('',#2978,.F.);
#2978 = EDGE_LOOP('',(#2979,#2988,#2989,#2990));
#2979 = ORIENTED_EDGE('',*,*,#2980,.F.);
#2980 = EDGE_CURVE('',#2931,#2981,#2983,.T.);
#2981 = VERTEX_POINT('',#2982);
#2982 = CARTESIAN_POINT('',(202.94999618178,53.508734951425,
    25.642689256378));
#2983 = CIRCLE('',#2984,1.15);
#2984 = AXIS2_PLACEMENT_3D('',#2985,#2986,#2987);
#2985 = CARTESIAN_POINT('',(202.96401896383,53.503227197489,
    26.792590567896));
#2986 = DIRECTION('',(0.365583590796,0.93077851186,6.938893903907E-18));
#2987 = DIRECTION('',(0.92611292603,-0.363751080054,-0.1));
#2988 = ORIENTED_EDGE('',*,*,#2939,.T.);
#2989 = ORIENTED_EDGE('',*,*,#2980,.T.);
#2990 = ORIENTED_EDGE('',*,*,#2991,.F.);
#2991 = EDGE_CURVE('',#2981,#2981,#2992,.T.);
#2992 = CIRCLE('',#2993,3.420281892186);
#2993 = AXIS2_PLACEMENT_3D('',#2994,#2995,#2996);
#2994 = CARTESIAN_POINT('',(202.63164369281,53.633774844993,
    22.239551742289));
#2995 = DIRECTION('',(0.92611292603,-0.363751080054,-1.E-01));
#2996 = DIRECTION('',(9.307785118603E-02,-3.655835907958E-02,
    0.994987437107));
#2997 = TOROIDAL_SURFACE('',#2998,4.565925815925,1.15);
#2998 = AXIS2_PLACEMENT_3D('',#2999,#3000,#3001);
#2999 = CARTESIAN_POINT('',(202.5390324002,53.670149952999,
    22.249551742289));
#3000 = DIRECTION('',(0.92611292603,-0.363751080054,-0.1));
#3001 = DIRECTION('',(9.307785118603E-02,-3.655835907958E-02,
    0.994987437107));
#3002 = ADVANCED_FACE('',(#3003),#3022,.T.);
#3003 = FACE_BOUND('',#3004,.T.);
#3004 = EDGE_LOOP('',(#3005,#3006,#3014,#3021));
#3005 = ORIENTED_EDGE('',*,*,#2964,.T.);
#3006 = ORIENTED_EDGE('',*,*,#3007,.T.);
#3007 = EDGE_CURVE('',#2957,#3008,#3010,.T.);
#3008 = VERTEX_POINT('',#3009);
#3009 = CARTESIAN_POINT('',(199.29576521195,54.944013981321,
    26.379038408963));
#3010 = LINE('',#3011,#3012);
#3011 = CARTESIAN_POINT('',(198.10463242091,55.411857401976,
    26.507654775019));
#3012 = VECTOR('',#3013,1.);
#3013 = DIRECTION('',(0.92611292603,-0.363751080054,-0.1));
#3014 = ORIENTED_EDGE('',*,*,#3015,.F.);
#3015 = EDGE_CURVE('',#3008,#3008,#3016,.T.);
#3016 = CIRCLE('',#3017,3.760340635769);
#3017 = AXIS2_PLACEMENT_3D('',#3018,#3019,#3020);
#3018 = CARTESIAN_POINT('',(198.94576078584,55.081485864545,
    22.637546717132));
#3019 = DIRECTION('',(0.92611292603,-0.363751080054,-1.E-01));
#3020 = DIRECTION('',(9.307785118603E-02,-3.655835907958E-02,
    0.994987437107));
#3021 = ORIENTED_EDGE('',*,*,#3007,.F.);
#3022 = CYLINDRICAL_SURFACE('',#3023,3.760340635769);
#3023 = AXIS2_PLACEMENT_3D('',#3024,#3025,#3026);
#3024 = CARTESIAN_POINT('',(197.75462799481,55.5493292852,
    22.766163083188));
#3025 = DIRECTION('',(0.92611292603,-0.363751080054,-0.1));
#3026 = DIRECTION('',(9.307785118603E-02,-3.655835907958E-02,
    0.994987437107));
#3027 = ADVANCED_FACE('',(#3028,#3031),#3042,.F.);
#3028 = FACE_BOUND('',#3029,.F.);
#3029 = EDGE_LOOP('',(#3030));
#3030 = ORIENTED_EDGE('',*,*,#2991,.T.);
#3031 = FACE_BOUND('',#3032,.F.);
#3032 = EDGE_LOOP('',(#3033));
#3033 = ORIENTED_EDGE('',*,*,#3034,.F.);
#3034 = EDGE_CURVE('',#3035,#3035,#3037,.T.);
#3035 = VERTEX_POINT('',#3036);
#3036 = CARTESIAN_POINT('',(202.94959072757,53.508894202425,
    25.638355015223));
#3037 = CIRCLE('',#3038,3.415925815925);
#3038 = AXIS2_PLACEMENT_3D('',#3039,#3040,#3041);
#3039 = CARTESIAN_POINT('',(202.63164369281,53.633774844993,
    22.239551742289));
#3040 = DIRECTION('',(0.92611292603,-0.363751080054,-1.E-01));
#3041 = DIRECTION('',(9.307785118603E-02,-3.655835907958E-02,
    0.994987437107));
#3042 = PLANE('',#3043);
#3043 = AXIS2_PLACEMENT_3D('',#3044,#3045,#3046);
#3044 = CARTESIAN_POINT('',(202.63164369281,53.633774844993,
    22.239551742289));
#3045 = DIRECTION('',(0.92611292603,-0.363751080054,-0.1));
#3046 = DIRECTION('',(9.307785118603E-02,-3.655835907958E-02,
    0.994987437107));
#3047 = ADVANCED_FACE('',(#3048,#3059),#3062,.F.);
#3048 = FACE_BOUND('',#3049,.F.);
#3049 = EDGE_LOOP('',(#3050));
#3050 = ORIENTED_EDGE('',*,*,#3051,.T.);
#3051 = EDGE_CURVE('',#3052,#3052,#3054,.T.);
#3052 = VERTEX_POINT('',#3053);
#3053 = CARTESIAN_POINT('',(199.29617066616,54.94385473032,
    26.383372650118));
#3054 = CIRCLE('',#3055,3.76469671203);
#3055 = AXIS2_PLACEMENT_3D('',#3056,#3057,#3058);
#3056 = CARTESIAN_POINT('',(198.94576078584,55.081485864545,
    22.637546717132));
#3057 = DIRECTION('',(0.92611292603,-0.363751080054,-1.E-01));
#3058 = DIRECTION('',(9.307785118603E-02,-3.655835907958E-02,
    0.994987437107));
#3059 = FACE_BOUND('',#3060,.F.);
#3060 = EDGE_LOOP('',(#3061));
#3061 = ORIENTED_EDGE('',*,*,#3015,.F.);
#3062 = PLANE('',#3063);
#3063 = AXIS2_PLACEMENT_3D('',#3064,#3065,#3066);
#3064 = CARTESIAN_POINT('',(198.94576078584,55.081485864545,
    22.637546717132));
#3065 = DIRECTION('',(0.92611292603,-0.363751080054,-0.1));
#3066 = DIRECTION('',(9.307785118603E-02,-3.655835907958E-02,
    0.994987437107));
#3067 = ADVANCED_FACE('',(#3068),#3087,.T.);
#3068 = FACE_BOUND('',#3069,.T.);
#3069 = EDGE_LOOP('',(#3070,#3079,#3085,#3086));
#3070 = ORIENTED_EDGE('',*,*,#3071,.T.);
#3071 = EDGE_CURVE('',#3072,#3072,#3074,.T.);
#3072 = VERTEX_POINT('',#3073);
#3073 = CARTESIAN_POINT('',(202.85697943496,53.545269310431,
    25.648355015223));
#3074 = CIRCLE('',#3075,3.415925815925);
#3075 = AXIS2_PLACEMENT_3D('',#3076,#3077,#3078);
#3076 = CARTESIAN_POINT('',(202.5390324002,53.670149952999,
    22.249551742289));
#3077 = DIRECTION('',(0.92611292603,-0.363751080054,-1.E-01));
#3078 = DIRECTION('',(9.307785118603E-02,-3.655835907958E-02,
    0.994987437107));
#3079 = ORIENTED_EDGE('',*,*,#3080,.T.);
#3080 = EDGE_CURVE('',#3072,#3035,#3081,.T.);
#3081 = LINE('',#3082,#3083);
#3082 = CARTESIAN_POINT('',(201.75845793653,53.976737623081,
    25.766971381279));
#3083 = VECTOR('',#3084,1.);
#3084 = DIRECTION('',(0.92611292603,-0.363751080054,-0.1));
#3085 = ORIENTED_EDGE('',*,*,#3034,.F.);
#3086 = ORIENTED_EDGE('',*,*,#3080,.F.);
#3087 = CYLINDRICAL_SURFACE('',#3088,3.415925815925);
#3088 = AXIS2_PLACEMENT_3D('',#3089,#3090,#3091);
#3089 = CARTESIAN_POINT('',(201.44051090177,54.101618265648,
    22.368168108345));
#3090 = DIRECTION('',(0.92611292603,-0.363751080054,-0.1));
#3091 = DIRECTION('',(9.307785118603E-02,-3.655835907958E-02,
    0.994987437107));
#3092 = ADVANCED_FACE('',(#3093),#3113,.F.);
#3093 = FACE_BOUND('',#3094,.F.);
#3094 = EDGE_LOOP('',(#3095,#3104,#3111,#3112));
#3095 = ORIENTED_EDGE('',*,*,#3096,.F.);
#3096 = EDGE_CURVE('',#3097,#3052,#3099,.T.);
#3097 = VERTEX_POINT('',#3098);
#3098 = CARTESIAN_POINT('',(200.37522331314,54.520033234322,
    27.418273961636));
#3099 = CIRCLE('',#3100,1.15);
#3100 = AXIS2_PLACEMENT_3D('',#3101,#3102,#3103);
#3101 = CARTESIAN_POINT('',(199.31019344821,54.938346976384,
    27.533273961636));
#3102 = DIRECTION('',(0.365583590796,0.93077851186,6.938893903907E-18));
#3103 = DIRECTION('',(0.92611292603,-0.363751080054,-0.1));
#3104 = ORIENTED_EDGE('',*,*,#3105,.T.);
#3105 = EDGE_CURVE('',#3097,#3097,#3106,.T.);
#3106 = CIRCLE('',#3107,4.910340635769);
#3107 = AXIS2_PLACEMENT_3D('',#3108,#3109,#3110);
#3108 = CARTESIAN_POINT('',(199.91817935817,54.699547230488,
    22.532546717132));
#3109 = DIRECTION('',(0.92611292603,-0.363751080054,-1.E-01));
#3110 = DIRECTION('',(9.307785118603E-02,-3.655835907958E-02,
    0.994987437107));
#3111 = ORIENTED_EDGE('',*,*,#3096,.T.);
#3112 = ORIENTED_EDGE('',*,*,#3051,.F.);
#3113 = TOROIDAL_SURFACE('',#3114,4.910340635769,1.15);
#3114 = AXIS2_PLACEMENT_3D('',#3115,#3116,#3117);
#3115 = CARTESIAN_POINT('',(198.85314949324,55.11786097255,
    22.647546717132));
#3116 = DIRECTION('',(0.92611292603,-0.363751080054,-0.1));
#3117 = DIRECTION('',(9.307785118603E-02,-3.655835907958E-02,
    0.994987437107));
#3118 = ADVANCED_FACE('',(#3119),#3138,.T.);
#3119 = FACE_BOUND('',#3120,.T.);
#3120 = EDGE_LOOP('',(#3121,#3130,#3136,#3137));
#3121 = ORIENTED_EDGE('',*,*,#3122,.T.);
#3122 = EDGE_CURVE('',#3123,#3123,#3125,.T.);
#3123 = VERTEX_POINT('',#3124);
#3124 = CARTESIAN_POINT('',(202.03629181434,53.867612299064,
    25.736971381279));
#3125 = CIRCLE('',#3126,3.415925815925);
#3126 = AXIS2_PLACEMENT_3D('',#3127,#3128,#3129);
#3127 = CARTESIAN_POINT('',(201.71834477958,53.992492941632,
    22.338168108345));
#3128 = DIRECTION('',(0.92611292603,-0.363751080054,-1.E-01));
#3129 = DIRECTION('',(9.307785118603E-02,-3.655835907958E-02,
    0.994987437107));
#3130 = ORIENTED_EDGE('',*,*,#3131,.T.);
#3131 = EDGE_CURVE('',#3123,#3072,#3132,.T.);
#3132 = LINE('',#3133,#3134);
#3133 = CARTESIAN_POINT('',(201.75845793653,53.976737623081,
    25.766971381279));
#3134 = VECTOR('',#3135,1.);
#3135 = DIRECTION('',(0.92611292603,-0.363751080054,-0.1));
#3136 = ORIENTED_EDGE('',*,*,#3071,.F.);
#3137 = ORIENTED_EDGE('',*,*,#3131,.F.);
#3138 = CYLINDRICAL_SURFACE('',#3139,3.415925815925);
#3139 = AXIS2_PLACEMENT_3D('',#3140,#3141,#3142);
#3140 = CARTESIAN_POINT('',(201.44051090177,54.101618265648,
    22.368168108345));
#3141 = DIRECTION('',(0.92611292603,-0.363751080054,-0.1));
#3142 = DIRECTION('',(9.307785118603E-02,-3.655835907958E-02,
    0.994987437107));
#3143 = ADVANCED_FACE('',(#3144),#3164,.F.);
#3144 = FACE_BOUND('',#3145,.F.);
#3145 = EDGE_LOOP('',(#3146,#3155,#3162,#3163));
#3146 = ORIENTED_EDGE('',*,*,#3147,.T.);
#3147 = EDGE_CURVE('',#3148,#3148,#3150,.T.);
#3148 = VERTEX_POINT('',#3149);
#3149 = CARTESIAN_POINT('',(200.27462254845,54.559546381998,
    28.032159339548));
#3150 = CIRCLE('',#3151,5.510340635769);
#3151 = AXIS2_PLACEMENT_3D('',#3152,#3153,#3154);
#3152 = CARTESIAN_POINT('',(199.76173188277,54.760995393611,
    22.54943963278));
#3153 = DIRECTION('',(0.92611292603,-0.363751080054,-1.E-01));
#3154 = DIRECTION('',(9.307785118603E-02,-3.655835907958E-02,
    0.994987437107));
#3155 = ORIENTED_EDGE('',*,*,#3156,.T.);
#3156 = EDGE_CURVE('',#3148,#3097,#3157,.T.);
#3157 = CIRCLE('',#3158,1.15);
#3158 = AXIS2_PLACEMENT_3D('',#3159,#3160,#3161);
#3159 = CARTESIAN_POINT('',(199.31019344821,54.938346976384,
    27.533273961636));
#3160 = DIRECTION('',(0.365583590796,0.93077851186,6.938893903907E-18));
#3161 = DIRECTION('',(0.92611292603,-0.363751080054,-0.1));
#3162 = ORIENTED_EDGE('',*,*,#3105,.F.);
#3163 = ORIENTED_EDGE('',*,*,#3156,.F.);
#3164 = TOROIDAL_SURFACE('',#3165,4.910340635769,1.15);
#3165 = AXIS2_PLACEMENT_3D('',#3166,#3167,#3168);
#3166 = CARTESIAN_POINT('',(198.85314949324,55.11786097255,
    22.647546717132));
#3167 = DIRECTION('',(0.92611292603,-0.363751080054,-0.1));
#3168 = DIRECTION('',(9.307785118603E-02,-3.655835907958E-02,
    0.994987437107));
#3169 = ADVANCED_FACE('',(#3170),#3189,.T.);
#3170 = FACE_BOUND('',#3171,.T.);
#3171 = EDGE_LOOP('',(#3172,#3173,#3181,#3188));
#3172 = ORIENTED_EDGE('',*,*,#3122,.F.);
#3173 = ORIENTED_EDGE('',*,*,#3174,.F.);
#3174 = EDGE_CURVE('',#3175,#3123,#3177,.T.);
#3175 = VERTEX_POINT('',#3176);
#3176 = CARTESIAN_POINT('',(201.94368052174,53.90398740707,
    25.746971381279));
#3177 = LINE('',#3178,#3179);
#3178 = CARTESIAN_POINT('',(201.75845793653,53.976737623081,
    25.766971381279));
#3179 = VECTOR('',#3180,1.);
#3180 = DIRECTION('',(0.92611292603,-0.363751080054,-0.1));
#3181 = ORIENTED_EDGE('',*,*,#3182,.T.);
#3182 = EDGE_CURVE('',#3175,#3175,#3183,.T.);
#3183 = CIRCLE('',#3184,3.415925815925);
#3184 = AXIS2_PLACEMENT_3D('',#3185,#3186,#3187);
#3185 = CARTESIAN_POINT('',(201.62573348698,54.028868049638,
    22.348168108345));
#3186 = DIRECTION('',(0.92611292603,-0.363751080054,-1.E-01));
#3187 = DIRECTION('',(9.307785118603E-02,-3.655835907958E-02,
    0.994987437107));
#3188 = ORIENTED_EDGE('',*,*,#3174,.T.);
#3189 = CYLINDRICAL_SURFACE('',#3190,3.415925815925);
#3190 = AXIS2_PLACEMENT_3D('',#3191,#3192,#3193);
#3191 = CARTESIAN_POINT('',(201.44051090177,54.101618265648,
    22.368168108345));
#3192 = DIRECTION('',(0.92611292603,-0.363751080054,-0.1));
#3193 = DIRECTION('',(9.307785118603E-02,-3.655835907958E-02,
    0.994987437107));
#3194 = ADVANCED_FACE('',(#3195),#3214,.T.);
#3195 = FACE_BOUND('',#3196,.T.);
#3196 = EDGE_LOOP('',(#3197,#3198,#3206,#3213));
#3197 = ORIENTED_EDGE('',*,*,#3147,.T.);
#3198 = ORIENTED_EDGE('',*,*,#3199,.T.);
#3199 = EDGE_CURVE('',#3148,#3200,#3202,.T.);
#3200 = VERTEX_POINT('',#3201);
#3201 = CARTESIAN_POINT('',(200.79863780209,54.353727945478,
    27.975577119506));
#3202 = LINE('',#3203,#3204);
#3203 = CARTESIAN_POINT('',(196.51310259285,56.036965504481,
    28.438321466204));
#3204 = VECTOR('',#3205,1.);
#3205 = DIRECTION('',(0.92611292603,-0.363751080054,-0.1));
#3206 = ORIENTED_EDGE('',*,*,#3207,.F.);
#3207 = EDGE_CURVE('',#3200,#3200,#3208,.T.);
#3208 = CIRCLE('',#3209,5.510340635769);
#3209 = AXIS2_PLACEMENT_3D('',#3210,#3211,#3212);
#3210 = CARTESIAN_POINT('',(200.28574713641,54.555176957091,
    22.492857412738));
#3211 = DIRECTION('',(0.92611292603,-0.363751080054,-1.E-01));
#3212 = DIRECTION('',(9.307785118603E-02,-3.655835907958E-02,
    0.994987437107));
#3213 = ORIENTED_EDGE('',*,*,#3199,.F.);
#3214 = CYLINDRICAL_SURFACE('',#3215,5.510340635769);
#3215 = AXIS2_PLACEMENT_3D('',#3216,#3217,#3218);
#3216 = CARTESIAN_POINT('',(196.00021192717,56.238414516094,
    22.955601759436));
#3217 = DIRECTION('',(0.92611292603,-0.363751080054,-0.1));
#3218 = DIRECTION('',(9.307785118603E-02,-3.655835907958E-02,
    0.994987437107));
#3219 = ADVANCED_FACE('',(#3220,#3231),#3234,.T.);
#3220 = FACE_BOUND('',#3221,.T.);
#3221 = EDGE_LOOP('',(#3222));
#3222 = ORIENTED_EDGE('',*,*,#3223,.T.);
#3223 = EDGE_CURVE('',#3224,#3224,#3226,.T.);
#3224 = VERTEX_POINT('',#3225);
#3225 = CARTESIAN_POINT('',(201.94408597595,53.90382815607,
    25.751305622434));
#3226 = CIRCLE('',#3227,3.420281892186);
#3227 = AXIS2_PLACEMENT_3D('',#3228,#3229,#3230);
#3228 = CARTESIAN_POINT('',(201.62573348698,54.028868049638,
    22.348168108345));
#3229 = DIRECTION('',(0.92611292603,-0.363751080054,-1.E-01));
#3230 = DIRECTION('',(9.307785118603E-02,-3.655835907958E-02,
    0.994987437107));
#3231 = FACE_BOUND('',#3232,.T.);
#3232 = EDGE_LOOP('',(#3233));
#3233 = ORIENTED_EDGE('',*,*,#3182,.F.);
#3234 = PLANE('',#3235);
#3235 = AXIS2_PLACEMENT_3D('',#3236,#3237,#3238);
#3236 = CARTESIAN_POINT('',(201.62573348698,54.028868049638,
    22.348168108345));
#3237 = DIRECTION('',(0.92611292603,-0.363751080054,-0.1));
#3238 = DIRECTION('',(9.307785118603E-02,-3.655835907958E-02,
    0.994987437107));
#3239 = ADVANCED_FACE('',(#3240,#3243),#3254,.T.);
#3240 = FACE_BOUND('',#3241,.T.);
#3241 = EDGE_LOOP('',(#3242));
#3242 = ORIENTED_EDGE('',*,*,#3207,.T.);
#3243 = FACE_BOUND('',#3244,.T.);
#3244 = EDGE_LOOP('',(#3245));
#3245 = ORIENTED_EDGE('',*,*,#3246,.F.);
#3246 = EDGE_CURVE('',#3247,#3247,#3249,.T.);
#3247 = VERTEX_POINT('',#3248);
#3248 = CARTESIAN_POINT('',(200.76658041074,54.366319186134,
    27.632888700609));
#3249 = CIRCLE('',#3250,5.165925815925);
#3250 = AXIS2_PLACEMENT_3D('',#3251,#3252,#3253);
#3251 = CARTESIAN_POINT('',(200.28574713641,54.555176957091,
    22.492857412738));
#3252 = DIRECTION('',(0.92611292603,-0.363751080054,-1.E-01));
#3253 = DIRECTION('',(9.307785118603E-02,-3.655835907958E-02,
    0.994987437107));
#3254 = PLANE('',#3255);
#3255 = AXIS2_PLACEMENT_3D('',#3256,#3257,#3258);
#3256 = CARTESIAN_POINT('',(200.28574713641,54.555176957091,
    22.492857412738));
#3257 = DIRECTION('',(0.92611292603,-0.363751080054,-0.1));
#3258 = DIRECTION('',(9.307785118603E-02,-3.655835907958E-02,
    0.994987437107));
#3259 = ADVANCED_FACE('',(#3260),#3280,.F.);
#3260 = FACE_BOUND('',#3261,.F.);
#3261 = EDGE_LOOP('',(#3262,#3271,#3272,#3273));
#3262 = ORIENTED_EDGE('',*,*,#3263,.F.);
#3263 = EDGE_CURVE('',#3224,#3264,#3266,.T.);
#3264 = VERTEX_POINT('',#3265);
#3265 = CARTESIAN_POINT('',(201.29059566438,54.160500749614,
    27.576306480567));
#3266 = CIRCLE('',#3267,1.15);
#3267 = AXIS2_PLACEMENT_3D('',#3268,#3269,#3270);
#3268 = CARTESIAN_POINT('',(202.1433313432,53.825570186123,
    26.881206933952));
#3269 = DIRECTION('',(0.365583590796,0.93077851186,6.938893903907E-18));
#3270 = DIRECTION('',(0.92611292603,-0.363751080054,-0.1));
#3271 = ORIENTED_EDGE('',*,*,#3223,.T.);
#3272 = ORIENTED_EDGE('',*,*,#3263,.T.);
#3273 = ORIENTED_EDGE('',*,*,#3274,.F.);
#3274 = EDGE_CURVE('',#3264,#3264,#3275,.T.);
#3275 = CIRCLE('',#3276,5.165925815925);
#3276 = AXIS2_PLACEMENT_3D('',#3277,#3278,#3279);
#3277 = CARTESIAN_POINT('',(200.80976239005,54.349358520571,
    22.436275192697));
#3278 = DIRECTION('',(0.92611292603,-0.363751080054,-1.E-01));
#3279 = DIRECTION('',(9.307785118603E-02,-3.655835907958E-02,
    0.994987437107));
#3280 = TOROIDAL_SURFACE('',#3281,4.565925815925,1.15);
#3281 = AXIS2_PLACEMENT_3D('',#3282,#3283,#3284);
#3282 = CARTESIAN_POINT('',(201.71834477958,53.992492941632,
    22.338168108345));
#3283 = DIRECTION('',(0.92611292603,-0.363751080054,-0.1));
#3284 = DIRECTION('',(9.307785118603E-02,-3.655835907958E-02,
    0.994987437107));
#3285 = ADVANCED_FACE('',(#3286),#3297,.T.);
#3286 = FACE_BOUND('',#3287,.T.);
#3287 = EDGE_LOOP('',(#3288,#3289,#3295,#3296));
#3288 = ORIENTED_EDGE('',*,*,#3246,.T.);
#3289 = ORIENTED_EDGE('',*,*,#3290,.T.);
#3290 = EDGE_CURVE('',#3247,#3264,#3291,.T.);
#3291 = LINE('',#3292,#3293);
#3292 = CARTESIAN_POINT('',(200.72027476444,54.384506740137,
    27.637888700609));
#3293 = VECTOR('',#3294,1.);
#3294 = DIRECTION('',(0.92611292603,-0.363751080054,-0.1));
#3295 = ORIENTED_EDGE('',*,*,#3274,.F.);
#3296 = ORIENTED_EDGE('',*,*,#3290,.F.);
#3297 = CYLINDRICAL_SURFACE('',#3298,5.165925815925);
#3298 = AXIS2_PLACEMENT_3D('',#3299,#3300,#3301);
#3299 = CARTESIAN_POINT('',(200.23944149011,54.573364511094,
    22.497857412738));
#3300 = DIRECTION('',(0.92611292603,-0.363751080054,-0.1));
#3301 = DIRECTION('',(9.307785118603E-02,-3.655835907958E-02,
    0.994987437107));
#3302 = MANIFOLD_SOLID_BREP('',#3303);
#3303 = CLOSED_SHELL('',(#3304,#3346,#3379,#3406,#3423,#3445,#3470,#3495
    ,#3515,#3541,#3566,#3586,#3612,#3637,#3663,#3688,#3708,#3733,#3758,
    #3778,#3803,#3829,#3854,#3880,#3900,#3925,#3951,#3971));
#3304 = ADVANCED_FACE('',(#3305),#3341,.T.);
#3305 = FACE_BOUND('',#3306,.T.);
#3306 = EDGE_LOOP('',(#3307,#3317,#3326,#3334));
#3307 = ORIENTED_EDGE('',*,*,#3308,.T.);
#3308 = EDGE_CURVE('',#3309,#3311,#3313,.T.);
#3309 = VERTEX_POINT('',#3310);
#3310 = CARTESIAN_POINT('',(150.35463567609,82.6,31.));
#3311 = VERTEX_POINT('',#3312);
#3312 = CARTESIAN_POINT('',(202.09398240563,77.4,31.));
#3313 = LINE('',#3314,#3315);
#3314 = CARTESIAN_POINT('',(150.35463567609,82.6,31.));
#3315 = VECTOR('',#3316,1.);
#3316 = DIRECTION('',(0.994987437107,-0.1,0.));
#3317 = ORIENTED_EDGE('',*,*,#3318,.F.);
#3318 = EDGE_CURVE('',#3319,#3311,#3321,.T.);
#3319 = VERTEX_POINT('',#3320);
#3320 = CARTESIAN_POINT('',(202.16765233974,85.5,23.669934107096));
#3321 = CIRCLE('',#3322,8.1);
#3322 = AXIS2_PLACEMENT_3D('',#3323,#3324,#3325);
#3323 = CARTESIAN_POINT('',(201.28804258158,77.481,22.940601759436));
#3324 = DIRECTION('',(0.99,-9.949874371066E-02,-0.1));
#3325 = DIRECTION('',(9.949874371066E-02,-1.E-02,0.994987437107));
#3326 = ORIENTED_EDGE('',*,*,#3327,.F.);
#3327 = EDGE_CURVE('',#3328,#3319,#3330,.T.);
#3328 = VERTEX_POINT('',#3329);
#3329 = CARTESIAN_POINT('',(150.38101133151,85.5,28.375655421059));
#3330 = LINE('',#3331,#3332);
#3331 = CARTESIAN_POINT('',(121.5,85.5,31.));
#3332 = VECTOR('',#3333,1.);
#3333 = DIRECTION('',(0.995896942466,0.,-9.049464065313E-02));
#3334 = ORIENTED_EDGE('',*,*,#3335,.T.);
#3335 = EDGE_CURVE('',#3328,#3309,#3336,.T.);
#3336 = CIRCLE('',#3337,2.9);
#3337 = AXIS2_PLACEMENT_3D('',#3338,#3339,#3340);
#3338 = CARTESIAN_POINT('',(150.06608931933,82.629,28.114536432391));
#3339 = DIRECTION('',(0.99,-9.949874371066E-02,-0.1));
#3340 = DIRECTION('',(9.949874371066E-02,-1.E-02,0.994987437107));
#3341 = CONICAL_SURFACE('',#3342,2.9,0.100167421162);
#3342 = AXIS2_PLACEMENT_3D('',#3343,#3344,#3345);
#3343 = CARTESIAN_POINT('',(150.06608931933,82.629,28.114536432391));
#3344 = DIRECTION('',(0.99,-9.949874371066E-02,-0.1));
#3345 = DIRECTION('',(9.949874371066E-02,-1.E-02,0.994987437107));
#3346 = ADVANCED_FACE('',(#3347),#3374,.T.);
#3347 = FACE_BOUND('',#3348,.T.);
#3348 = EDGE_LOOP('',(#3349,#3358,#3359,#3368));
#3349 = ORIENTED_EDGE('',*,*,#3350,.F.);
#3350 = EDGE_CURVE('',#3311,#3351,#3353,.T.);
#3351 = VERTEX_POINT('',#3352);
#3352 = CARTESIAN_POINT('',(202.00403250336,85.5,22.050097726933));
#3353 = CIRCLE('',#3354,8.1);
#3354 = AXIS2_PLACEMENT_3D('',#3355,#3356,#3357);
#3355 = CARTESIAN_POINT('',(201.28804258158,77.481,22.940601759436));
#3356 = DIRECTION('',(0.99,-9.949874371066E-02,-0.1));
#3357 = DIRECTION('',(9.949874371066E-02,-1.E-02,0.994987437107));
#3358 = ORIENTED_EDGE('',*,*,#3308,.F.);
#3359 = ORIENTED_EDGE('',*,*,#3360,.T.);
#3360 = EDGE_CURVE('',#3309,#3361,#3363,.T.);
#3361 = VERTEX_POINT('',#3362);
#3362 = CARTESIAN_POINT('',(150.32243139009,85.5,27.795714001001));
#3363 = CIRCLE('',#3364,2.9);
#3364 = AXIS2_PLACEMENT_3D('',#3365,#3366,#3367);
#3365 = CARTESIAN_POINT('',(150.06608931933,82.629,28.114536432391));
#3366 = DIRECTION('',(0.99,-9.949874371066E-02,-0.1));
#3367 = DIRECTION('',(9.949874371066E-02,-1.E-02,0.994987437107));
#3368 = ORIENTED_EDGE('',*,*,#3369,.T.);
#3369 = EDGE_CURVE('',#3361,#3351,#3370,.T.);
#3370 = LINE('',#3371,#3372);
#3371 = CARTESIAN_POINT('',(121.5,85.5,31.));
#3372 = VECTOR('',#3373,1.);
#3373 = DIRECTION('',(0.993876944486,0.,-0.110492620655));
#3374 = CONICAL_SURFACE('',#3375,2.9,0.100167421162);
#3375 = AXIS2_PLACEMENT_3D('',#3376,#3377,#3378);
#3376 = CARTESIAN_POINT('',(150.06608931933,82.629,28.114536432391));
#3377 = DIRECTION('',(0.99,-9.949874371066E-02,-0.1));
#3378 = DIRECTION('',(9.949874371066E-02,-1.E-02,0.994987437107));
#3379 = ADVANCED_FACE('',(#3380,#3390),#3401,.F.);
#3380 = FACE_BOUND('',#3381,.F.);
#3381 = EDGE_LOOP('',(#3382,#3383,#3384));
#3382 = ORIENTED_EDGE('',*,*,#3335,.T.);
#3383 = ORIENTED_EDGE('',*,*,#3360,.T.);
#3384 = ORIENTED_EDGE('',*,*,#3385,.T.);
#3385 = EDGE_CURVE('',#3361,#3328,#3386,.T.);
#3386 = LINE('',#3387,#3388);
#3387 = CARTESIAN_POINT('',(145.79208092044,85.5,-17.05475564853));
#3388 = VECTOR('',#3389,1.);
#3389 = DIRECTION('',(0.100498705962,0.,0.994937189022));
#3390 = FACE_BOUND('',#3391,.F.);
#3391 = EDGE_LOOP('',(#3392));
#3392 = ORIENTED_EDGE('',*,*,#3393,.F.);
#3393 = EDGE_CURVE('',#3394,#3394,#3396,.T.);
#3394 = VERTEX_POINT('',#3395);
#3395 = CARTESIAN_POINT('',(150.25016199519,82.6105,29.955263191038));
#3396 = CIRCLE('',#3397,1.85);
#3397 = AXIS2_PLACEMENT_3D('',#3398,#3399,#3400);
#3398 = CARTESIAN_POINT('',(150.06608931933,82.629,28.114536432391));
#3399 = DIRECTION('',(0.99,-9.949874371066E-02,-0.1));
#3400 = DIRECTION('',(9.949874371066E-02,-1.E-02,0.994987437107));
#3401 = PLANE('',#3402);
#3402 = AXIS2_PLACEMENT_3D('',#3403,#3404,#3405);
#3403 = CARTESIAN_POINT('',(150.06608931933,82.629,28.114536432391));
#3404 = DIRECTION('',(0.99,-9.949874371066E-02,-0.1));
#3405 = DIRECTION('',(9.949874371066E-02,-1.E-02,0.994987437107));
#3406 = ADVANCED_FACE('',(#3407),#3418,.T.);
#3407 = FACE_BOUND('',#3408,.T.);
#3408 = EDGE_LOOP('',(#3409,#3410,#3411,#3412));
#3409 = ORIENTED_EDGE('',*,*,#3369,.F.);
#3410 = ORIENTED_EDGE('',*,*,#3385,.T.);
#3411 = ORIENTED_EDGE('',*,*,#3327,.T.);
#3412 = ORIENTED_EDGE('',*,*,#3413,.F.);
#3413 = EDGE_CURVE('',#3351,#3319,#3414,.T.);
#3414 = LINE('',#3415,#3416);
#3415 = CARTESIAN_POINT('',(197.52620198119,85.5,-22.28042444254));
#3416 = VECTOR('',#3417,1.);
#3417 = DIRECTION('',(0.100498705962,0.,0.994937189022));
#3418 = PLANE('',#3419);
#3419 = AXIS2_PLACEMENT_3D('',#3420,#3421,#3422);
#3420 = CARTESIAN_POINT('',(-78.5,85.5,-40.));
#3421 = DIRECTION('',(-0.,1.,0.));
#3422 = DIRECTION('',(0.,0.,1.));
#3423 = ADVANCED_FACE('',(#3424,#3429),#3440,.T.);
#3424 = FACE_BOUND('',#3425,.T.);
#3425 = EDGE_LOOP('',(#3426,#3427,#3428));
#3426 = ORIENTED_EDGE('',*,*,#3318,.T.);
#3427 = ORIENTED_EDGE('',*,*,#3350,.T.);
#3428 = ORIENTED_EDGE('',*,*,#3413,.T.);
#3429 = FACE_BOUND('',#3430,.T.);
#3430 = EDGE_LOOP('',(#3431));
#3431 = ORIENTED_EDGE('',*,*,#3432,.F.);
#3432 = EDGE_CURVE('',#3433,#3433,#3435,.T.);
#3433 = VERTEX_POINT('',#3434);
#3434 = CARTESIAN_POINT('',(201.83631455225,77.425896593642,
    28.423321466204));
#3435 = CIRCLE('',#3436,5.510340635769);
#3436 = AXIS2_PLACEMENT_3D('',#3437,#3438,#3439);
#3437 = CARTESIAN_POINT('',(201.28804258158,77.481,22.940601759436));
#3438 = DIRECTION('',(0.99,-9.949874371066E-02,-0.1));
#3439 = DIRECTION('',(9.949874371066E-02,-1.E-02,0.994987437107));
#3440 = PLANE('',#3441);
#3441 = AXIS2_PLACEMENT_3D('',#3442,#3443,#3444);
#3442 = CARTESIAN_POINT('',(201.28804258158,77.481,22.940601759436));
#3443 = DIRECTION('',(0.99,-9.949874371066E-02,-0.1));
#3444 = DIRECTION('',(9.949874371066E-02,-1.E-02,0.994987437107));
#3445 = ADVANCED_FACE('',(#3446),#3465,.F.);
#3446 = FACE_BOUND('',#3447,.F.);
#3447 = EDGE_LOOP('',(#3448,#3457,#3463,#3464));
#3448 = ORIENTED_EDGE('',*,*,#3449,.F.);
#3449 = EDGE_CURVE('',#3450,#3450,#3452,.T.);
#3450 = VERTEX_POINT('',#3451);
#3451 = CARTESIAN_POINT('',(210.33745332206,76.5715,23.885839824688));
#3452 = CIRCLE('',#3453,1.85);
#3453 = AXIS2_PLACEMENT_3D('',#3454,#3455,#3456);
#3454 = CARTESIAN_POINT('',(210.1533806462,76.59,22.04511306604));
#3455 = DIRECTION('',(0.99,-9.949874371066E-02,-0.1));
#3456 = DIRECTION('',(9.949874371066E-02,-1.E-02,0.994987437107));
#3457 = ORIENTED_EDGE('',*,*,#3458,.F.);
#3458 = EDGE_CURVE('',#3394,#3450,#3459,.T.);
#3459 = LINE('',#3460,#3461);
#3460 = CARTESIAN_POINT('',(149.26016199519,82.709998743711,
    30.055263191038));
#3461 = VECTOR('',#3462,1.);
#3462 = DIRECTION('',(0.99,-9.949874371066E-02,-0.1));
#3463 = ORIENTED_EDGE('',*,*,#3393,.T.);
#3464 = ORIENTED_EDGE('',*,*,#3458,.T.);
#3465 = CYLINDRICAL_SURFACE('',#3466,1.85);
#3466 = AXIS2_PLACEMENT_3D('',#3467,#3468,#3469);
#3467 = CARTESIAN_POINT('',(149.07608931933,82.728498743711,
    28.214536432391));
#3468 = DIRECTION('',(0.99,-9.949874371066E-02,-0.1));
#3469 = DIRECTION('',(9.949874371066E-02,-1.E-02,0.994987437107));
#3470 = ADVANCED_FACE('',(#3471),#3490,.T.);
#3471 = FACE_BOUND('',#3472,.T.);
#3472 = EDGE_LOOP('',(#3473,#3474,#3482,#3489));
#3473 = ORIENTED_EDGE('',*,*,#3432,.T.);
#3474 = ORIENTED_EDGE('',*,*,#3475,.T.);
#3475 = EDGE_CURVE('',#3433,#3476,#3478,.T.);
#3476 = VERTEX_POINT('',#3477);
#3477 = CARTESIAN_POINT('',(202.88899731203,77.320097995537,
    28.316989874308));
#3478 = LINE('',#3479,#3480);
#3479 = CARTESIAN_POINT('',(201.68781455225,77.440821405199,
    28.438321466204));
#3480 = VECTOR('',#3481,1.);
#3481 = DIRECTION('',(0.99,-9.949874371066E-02,-0.1));
#3482 = ORIENTED_EDGE('',*,*,#3483,.F.);
#3483 = EDGE_CURVE('',#3476,#3476,#3484,.T.);
#3484 = CIRCLE('',#3485,5.510340635769);
#3485 = AXIS2_PLACEMENT_3D('',#3486,#3487,#3488);
#3486 = CARTESIAN_POINT('',(202.34072534135,77.375201401895,
    22.834270167539));
#3487 = DIRECTION('',(0.99,-9.949874371066E-02,-0.1));
#3488 = DIRECTION('',(9.949874371066E-02,-1.E-02,0.994987437107));
#3489 = ORIENTED_EDGE('',*,*,#3475,.F.);
#3490 = CYLINDRICAL_SURFACE('',#3491,5.510340635769);
#3491 = AXIS2_PLACEMENT_3D('',#3492,#3493,#3494);
#3492 = CARTESIAN_POINT('',(201.13954258158,77.495924811557,
    22.955601759436));
#3493 = DIRECTION('',(0.99,-9.949874371066E-02,-0.1));
#3494 = DIRECTION('',(9.949874371066E-02,-1.E-02,0.994987437107));
#3495 = ADVANCED_FACE('',(#3496,#3507),#3510,.T.);
#3496 = FACE_BOUND('',#3497,.T.);
#3497 = EDGE_LOOP('',(#3498));
#3498 = ORIENTED_EDGE('',*,*,#3499,.T.);
#3499 = EDGE_CURVE('',#3500,#3500,#3502,.T.);
#3500 = VERTEX_POINT('',#3501);
#3501 = CARTESIAN_POINT('',(210.66738377498,76.538340741841,
    27.185144353911));
#3502 = CIRCLE('',#3503,5.165925815925);
#3503 = AXIS2_PLACEMENT_3D('',#3504,#3505,#3506);
#3504 = CARTESIAN_POINT('',(210.1533806462,76.59,22.04511306604));
#3505 = DIRECTION('',(0.99,-9.949874371066E-02,-0.1));
#3506 = DIRECTION('',(9.949874371066E-02,-1.E-02,0.994987437107));
#3507 = FACE_BOUND('',#3508,.T.);
#3508 = EDGE_LOOP('',(#3509));
#3509 = ORIENTED_EDGE('',*,*,#3449,.F.);
#3510 = PLANE('',#3511);
#3511 = AXIS2_PLACEMENT_3D('',#3512,#3513,#3514);
#3512 = CARTESIAN_POINT('',(210.1533806462,76.59,22.04511306604));
#3513 = DIRECTION('',(0.99,-9.949874371066E-02,-0.1));
#3514 = DIRECTION('',(9.949874371066E-02,-1.E-02,0.994987437107));
#3515 = ADVANCED_FACE('',(#3516),#3536,.F.);
#3516 = FACE_BOUND('',#3517,.F.);
#3517 = EDGE_LOOP('',(#3518,#3527,#3534,#3535));
#3518 = ORIENTED_EDGE('',*,*,#3519,.F.);
#3519 = EDGE_CURVE('',#3520,#3476,#3522,.T.);
#3520 = VERTEX_POINT('',#3521);
#3521 = CARTESIAN_POINT('',(203.58756806974,77.249888992725,
    26.491989016174));
#3522 = CIRCLE('',#3523,1.15);
#3523 = AXIS2_PLACEMENT_3D('',#3524,#3525,#3526);
#3524 = CARTESIAN_POINT('',(203.80055820089,77.228482679116,
    27.621890327692));
#3525 = DIRECTION('',(0.1,0.994987437107,-1.734723475977E-18));
#3526 = DIRECTION('',(0.99,-9.949874371066E-02,-0.1));
#3527 = ORIENTED_EDGE('',*,*,#3528,.T.);
#3528 = EDGE_CURVE('',#3520,#3520,#3529,.T.);
#3529 = CIRCLE('',#3530,3.76469671203);
#3530 = AXIS2_PLACEMENT_3D('',#3531,#3532,#3533);
#3531 = CARTESIAN_POINT('',(203.21298547644,77.287535959845,
    22.746163083188));
#3532 = DIRECTION('',(0.99,-9.949874371066E-02,-0.1));
#3533 = DIRECTION('',(9.949874371066E-02,-1.E-02,0.994987437107));
#3534 = ORIENTED_EDGE('',*,*,#3519,.T.);
#3535 = ORIENTED_EDGE('',*,*,#3483,.F.);
#3536 = TOROIDAL_SURFACE('',#3537,4.910340635769,1.15);
#3537 = AXIS2_PLACEMENT_3D('',#3538,#3539,#3540);
#3538 = CARTESIAN_POINT('',(203.31198547644,77.277586085474,
    22.736163083188));
#3539 = DIRECTION('',(0.99,-9.949874371066E-02,-0.1));
#3540 = DIRECTION('',(9.949874371066E-02,-1.E-02,0.994987437107));
#3541 = ADVANCED_FACE('',(#3542),#3561,.T.);
#3542 = FACE_BOUND('',#3543,.T.);
#3543 = EDGE_LOOP('',(#3544,#3553,#3559,#3560));
#3544 = ORIENTED_EDGE('',*,*,#3545,.T.);
#3545 = EDGE_CURVE('',#3546,#3546,#3548,.T.);
#3546 = VERTEX_POINT('',#3547);
#3547 = CARTESIAN_POINT('',(209.6147010152,76.644139339946,
    27.291475945808));
#3548 = CIRCLE('',#3549,5.165925815925);
#3549 = AXIS2_PLACEMENT_3D('',#3550,#3551,#3552);
#3550 = CARTESIAN_POINT('',(209.10069788642,76.695798598105,
    22.151444657937));
#3551 = DIRECTION('',(0.99,-9.949874371066E-02,-0.1));
#3552 = DIRECTION('',(9.949874371066E-02,-1.E-02,0.994987437107));
#3553 = ORIENTED_EDGE('',*,*,#3554,.T.);
#3554 = EDGE_CURVE('',#3546,#3500,#3555,.T.);
#3555 = LINE('',#3556,#3557);
#3556 = CARTESIAN_POINT('',(206.18521474267,76.988815679026,
    27.637888700609));
#3557 = VECTOR('',#3558,1.);
#3558 = DIRECTION('',(0.99,-9.949874371066E-02,-0.1));
#3559 = ORIENTED_EDGE('',*,*,#3499,.F.);
#3560 = ORIENTED_EDGE('',*,*,#3554,.F.);
#3561 = CYLINDRICAL_SURFACE('',#3562,5.165925815925);
#3562 = AXIS2_PLACEMENT_3D('',#3563,#3564,#3565);
#3563 = CARTESIAN_POINT('',(205.67121161389,77.040474937186,
    22.497857412738));
#3564 = DIRECTION('',(0.99,-9.949874371066E-02,-0.1));
#3565 = DIRECTION('',(9.949874371066E-02,-1.E-02,0.994987437107));
#3566 = ADVANCED_FACE('',(#3567,#3570),#3581,.T.);
#3567 = FACE_BOUND('',#3568,.T.);
#3568 = EDGE_LOOP('',(#3569));
#3569 = ORIENTED_EDGE('',*,*,#3528,.T.);
#3570 = FACE_BOUND('',#3571,.T.);
#3571 = EDGE_LOOP('',(#3572));
#3572 = ORIENTED_EDGE('',*,*,#3573,.F.);
#3573 = EDGE_CURVE('',#3574,#3574,#3576,.T.);
#3574 = VERTEX_POINT('',#3575);
#3575 = CARTESIAN_POINT('',(203.58713464562,77.249932553487,
    26.487654775019));
#3576 = CIRCLE('',#3577,3.760340635769);
#3577 = AXIS2_PLACEMENT_3D('',#3578,#3579,#3580);
#3578 = CARTESIAN_POINT('',(203.21298547644,77.287535959845,
    22.746163083188));
#3579 = DIRECTION('',(0.99,-9.949874371066E-02,-0.1));
#3580 = DIRECTION('',(9.949874371066E-02,-1.E-02,0.994987437107));
#3581 = PLANE('',#3582);
#3582 = AXIS2_PLACEMENT_3D('',#3583,#3584,#3585);
#3583 = CARTESIAN_POINT('',(203.21298547644,77.287535959845,
    22.746163083188));
#3584 = DIRECTION('',(0.99,-9.949874371066E-02,-0.1));
#3585 = DIRECTION('',(9.949874371066E-02,-1.E-02,0.994987437107));
#3586 = ADVANCED_FACE('',(#3587),#3607,.F.);
#3587 = FACE_BOUND('',#3588,.F.);
#3588 = EDGE_LOOP('',(#3589,#3590,#3599,#3606));
#3589 = ORIENTED_EDGE('',*,*,#3545,.T.);
#3590 = ORIENTED_EDGE('',*,*,#3591,.T.);
#3591 = EDGE_CURVE('',#3546,#3592,#3594,.T.);
#3592 = VERTEX_POINT('',#3593);
#3593 = CARTESIAN_POINT('',(209.72224163389,76.6333311011,
    26.677590567896));
#3594 = CIRCLE('',#3595,1.15);
#3595 = AXIS2_PLACEMENT_3D('',#3596,#3597,#3598);
#3596 = CARTESIAN_POINT('',(208.58374163389,76.747754656367,
    26.792590567896));
#3597 = DIRECTION('',(0.1,0.994987437107,-1.734723475977E-18));
#3598 = DIRECTION('',(0.99,-9.949874371066E-02,-0.1));
#3599 = ORIENTED_EDGE('',*,*,#3600,.F.);
#3600 = EDGE_CURVE('',#3592,#3592,#3601,.T.);
#3601 = CIRCLE('',#3602,4.565925815925);
#3602 = AXIS2_PLACEMENT_3D('',#3603,#3604,#3605);
#3603 = CARTESIAN_POINT('',(209.26793775133,76.678990359259,
    22.134551742289));
#3604 = DIRECTION('',(0.99,-9.949874371066E-02,-0.1));
#3605 = DIRECTION('',(9.949874371066E-02,-1.E-02,0.994987437107));
#3606 = ORIENTED_EDGE('',*,*,#3591,.F.);
#3607 = TOROIDAL_SURFACE('',#3608,4.565925815925,1.15);
#3608 = AXIS2_PLACEMENT_3D('',#3609,#3610,#3611);
#3609 = CARTESIAN_POINT('',(208.12943775133,76.793413914526,
    22.249551742289));
#3610 = DIRECTION('',(0.99,-9.949874371066E-02,-0.1));
#3611 = DIRECTION('',(9.949874371066E-02,-1.E-02,0.994987437107));
#3612 = ADVANCED_FACE('',(#3613),#3632,.T.);
#3613 = FACE_BOUND('',#3614,.T.);
#3614 = EDGE_LOOP('',(#3615,#3624,#3630,#3631));
#3615 = ORIENTED_EDGE('',*,*,#3616,.F.);
#3616 = EDGE_CURVE('',#3617,#3617,#3619,.T.);
#3617 = VERTEX_POINT('',#3618);
#3618 = CARTESIAN_POINT('',(203.68613464562,77.239982679116,
    26.477654775019));
#3619 = CIRCLE('',#3620,3.760340635769);
#3620 = AXIS2_PLACEMENT_3D('',#3621,#3622,#3623);
#3621 = CARTESIAN_POINT('',(203.31198547644,77.277586085474,
    22.736163083188));
#3622 = DIRECTION('',(0.99,-9.949874371066E-02,-0.1));
#3623 = DIRECTION('',(9.949874371066E-02,-1.E-02,0.994987437107));
#3624 = ORIENTED_EDGE('',*,*,#3625,.F.);
#3625 = EDGE_CURVE('',#3574,#3617,#3626,.T.);
#3626 = LINE('',#3627,#3628);
#3627 = CARTESIAN_POINT('',(203.38913464562,77.269832302229,
    26.507654775019));
#3628 = VECTOR('',#3629,1.);
#3629 = DIRECTION('',(0.99,-9.949874371066E-02,-0.1));
#3630 = ORIENTED_EDGE('',*,*,#3573,.T.);
#3631 = ORIENTED_EDGE('',*,*,#3625,.T.);
#3632 = CYLINDRICAL_SURFACE('',#3633,3.760340635769);
#3633 = AXIS2_PLACEMENT_3D('',#3634,#3635,#3636);
#3634 = CARTESIAN_POINT('',(203.01498547644,77.307435708587,
    22.766163083188));
#3635 = DIRECTION('',(0.99,-9.949874371066E-02,-0.1));
#3636 = DIRECTION('',(9.949874371066E-02,-1.E-02,0.994987437107));
#3637 = ADVANCED_FACE('',(#3638),#3658,.F.);
#3638 = FACE_BOUND('',#3639,.F.);
#3639 = EDGE_LOOP('',(#3640,#3649,#3650,#3651));
#3640 = ORIENTED_EDGE('',*,*,#3641,.F.);
#3641 = EDGE_CURVE('',#3592,#3642,#3644,.T.);
#3642 = VERTEX_POINT('',#3643);
#3643 = CARTESIAN_POINT('',(208.56875150274,76.749261221233,
    25.642689256378));
#3644 = CIRCLE('',#3645,1.15);
#3645 = AXIS2_PLACEMENT_3D('',#3646,#3647,#3648);
#3646 = CARTESIAN_POINT('',(208.58374163389,76.747754656367,
    26.792590567896));
#3647 = DIRECTION('',(0.1,0.994987437107,-1.734723475977E-18));
#3648 = DIRECTION('',(0.99,-9.949874371066E-02,-0.1));
#3649 = ORIENTED_EDGE('',*,*,#3600,.T.);
#3650 = ORIENTED_EDGE('',*,*,#3641,.T.);
#3651 = ORIENTED_EDGE('',*,*,#3652,.F.);
#3652 = EDGE_CURVE('',#3642,#3642,#3653,.T.);
#3653 = CIRCLE('',#3654,3.420281892186);
#3654 = AXIS2_PLACEMENT_3D('',#3655,#3656,#3657);
#3655 = CARTESIAN_POINT('',(208.22843775133,76.783464040155,
    22.239551742289));
#3656 = DIRECTION('',(0.99,-9.949874371066E-02,-0.1));
#3657 = DIRECTION('',(9.949874371066E-02,-1.E-02,0.994987437107));
#3658 = TOROIDAL_SURFACE('',#3659,4.565925815925,1.15);
#3659 = AXIS2_PLACEMENT_3D('',#3660,#3661,#3662);
#3660 = CARTESIAN_POINT('',(208.12943775133,76.793413914526,
    22.249551742289));
#3661 = DIRECTION('',(0.99,-9.949874371066E-02,-0.1));
#3662 = DIRECTION('',(9.949874371066E-02,-1.E-02,0.994987437107));
#3663 = ADVANCED_FACE('',(#3664),#3683,.T.);
#3664 = FACE_BOUND('',#3665,.T.);
#3665 = EDGE_LOOP('',(#3666,#3667,#3675,#3682));
#3666 = ORIENTED_EDGE('',*,*,#3616,.T.);
#3667 = ORIENTED_EDGE('',*,*,#3668,.T.);
#3668 = EDGE_CURVE('',#3617,#3669,#3671,.T.);
#3669 = VERTEX_POINT('',#3670);
#3670 = CARTESIAN_POINT('',(204.56343666957,77.151810508168,
    26.389038408963));
#3671 = LINE('',#3672,#3673);
#3672 = CARTESIAN_POINT('',(203.38913464562,77.269832302229,
    26.507654775019));
#3673 = VECTOR('',#3674,1.);
#3674 = DIRECTION('',(0.99,-9.949874371066E-02,-0.1));
#3675 = ORIENTED_EDGE('',*,*,#3676,.F.);
#3676 = EDGE_CURVE('',#3669,#3669,#3677,.T.);
#3677 = CIRCLE('',#3678,3.760340635769);
#3678 = AXIS2_PLACEMENT_3D('',#3679,#3680,#3681);
#3679 = CARTESIAN_POINT('',(204.18928750039,77.189413914526,
    22.647546717132));
#3680 = DIRECTION('',(0.99,-9.949874371066E-02,-0.1));
#3681 = DIRECTION('',(9.949874371066E-02,-1.E-02,0.994987437107));
#3682 = ORIENTED_EDGE('',*,*,#3668,.F.);
#3683 = CYLINDRICAL_SURFACE('',#3684,3.760340635769);
#3684 = AXIS2_PLACEMENT_3D('',#3685,#3686,#3687);
#3685 = CARTESIAN_POINT('',(203.01498547644,77.307435708587,
    22.766163083188));
#3686 = DIRECTION('',(0.99,-9.949874371066E-02,-0.1));
#3687 = DIRECTION('',(9.949874371066E-02,-1.E-02,0.994987437107));
#3688 = ADVANCED_FACE('',(#3689,#3692),#3703,.F.);
#3689 = FACE_BOUND('',#3690,.F.);
#3690 = EDGE_LOOP('',(#3691));
#3691 = ORIENTED_EDGE('',*,*,#3652,.T.);
#3692 = FACE_BOUND('',#3693,.F.);
#3693 = EDGE_LOOP('',(#3694));
#3694 = ORIENTED_EDGE('',*,*,#3695,.F.);
#3695 = EDGE_CURVE('',#3696,#3696,#3698,.T.);
#3696 = VERTEX_POINT('',#3697);
#3697 = CARTESIAN_POINT('',(208.56831807863,76.749304781996,
    25.638355015223));
#3698 = CIRCLE('',#3699,3.415925815925);
#3699 = AXIS2_PLACEMENT_3D('',#3700,#3701,#3702);
#3700 = CARTESIAN_POINT('',(208.22843775133,76.783464040155,
    22.239551742289));
#3701 = DIRECTION('',(0.99,-9.949874371066E-02,-0.1));
#3702 = DIRECTION('',(9.949874371066E-02,-1.E-02,0.994987437107));
#3703 = PLANE('',#3704);
#3704 = AXIS2_PLACEMENT_3D('',#3705,#3706,#3707);
#3705 = CARTESIAN_POINT('',(208.22843775133,76.783464040155,
    22.239551742289));
#3706 = DIRECTION('',(0.99,-9.949874371066E-02,-0.1));
#3707 = DIRECTION('',(9.949874371066E-02,-1.E-02,0.994987437107));
#3708 = ADVANCED_FACE('',(#3709),#3728,.T.);
#3709 = FACE_BOUND('',#3710,.T.);
#3710 = EDGE_LOOP('',(#3711,#3712,#3720,#3727));
#3711 = ORIENTED_EDGE('',*,*,#3676,.T.);
#3712 = ORIENTED_EDGE('',*,*,#3713,.T.);
#3713 = EDGE_CURVE('',#3669,#3714,#3716,.T.);
#3714 = VERTEX_POINT('',#3715);
#3715 = CARTESIAN_POINT('',(204.66243666957,77.141860633797,
    26.379038408963));
#3716 = LINE('',#3717,#3718);
#3717 = CARTESIAN_POINT('',(203.38913464562,77.269832302229,
    26.507654775019));
#3718 = VECTOR('',#3719,1.);
#3719 = DIRECTION('',(0.99,-9.949874371066E-02,-0.1));
#3720 = ORIENTED_EDGE('',*,*,#3721,.F.);
#3721 = EDGE_CURVE('',#3714,#3714,#3722,.T.);
#3722 = CIRCLE('',#3723,3.760340635769);
#3723 = AXIS2_PLACEMENT_3D('',#3724,#3725,#3726);
#3724 = CARTESIAN_POINT('',(204.28828750039,77.179464040155,
    22.637546717132));
#3725 = DIRECTION('',(0.99,-9.949874371066E-02,-0.1));
#3726 = DIRECTION('',(9.949874371066E-02,-1.E-02,0.994987437107));
#3727 = ORIENTED_EDGE('',*,*,#3713,.F.);
#3728 = CYLINDRICAL_SURFACE('',#3729,3.760340635769);
#3729 = AXIS2_PLACEMENT_3D('',#3730,#3731,#3732);
#3730 = CARTESIAN_POINT('',(203.01498547644,77.307435708587,
    22.766163083188));
#3731 = DIRECTION('',(0.99,-9.949874371066E-02,-0.1));
#3732 = DIRECTION('',(9.949874371066E-02,-1.E-02,0.994987437107));
#3733 = ADVANCED_FACE('',(#3734),#3753,.T.);
#3734 = FACE_BOUND('',#3735,.T.);
#3735 = EDGE_LOOP('',(#3736,#3745,#3751,#3752));
#3736 = ORIENTED_EDGE('',*,*,#3737,.T.);
#3737 = EDGE_CURVE('',#3738,#3738,#3740,.T.);
#3738 = VERTEX_POINT('',#3739);
#3739 = CARTESIAN_POINT('',(208.46931807863,76.759254656367,
    25.648355015223));
#3740 = CIRCLE('',#3741,3.415925815925);
#3741 = AXIS2_PLACEMENT_3D('',#3742,#3743,#3744);
#3742 = CARTESIAN_POINT('',(208.12943775133,76.793413914526,
    22.249551742289));
#3743 = DIRECTION('',(0.99,-9.949874371066E-02,-0.1));
#3744 = DIRECTION('',(9.949874371066E-02,-1.E-02,0.994987437107));
#3745 = ORIENTED_EDGE('',*,*,#3746,.T.);
#3746 = EDGE_CURVE('',#3738,#3696,#3747,.T.);
#3747 = LINE('',#3748,#3749);
#3748 = CARTESIAN_POINT('',(207.29501605467,76.877276450428,
    25.766971381279));
#3749 = VECTOR('',#3750,1.);
#3750 = DIRECTION('',(0.99,-9.949874371066E-02,-0.1));
#3751 = ORIENTED_EDGE('',*,*,#3695,.F.);
#3752 = ORIENTED_EDGE('',*,*,#3746,.F.);
#3753 = CYLINDRICAL_SURFACE('',#3754,3.415925815925);
#3754 = AXIS2_PLACEMENT_3D('',#3755,#3756,#3757);
#3755 = CARTESIAN_POINT('',(206.95513572738,76.911435708587,
    22.368168108345));
#3756 = DIRECTION('',(0.99,-9.949874371066E-02,-0.1));
#3757 = DIRECTION('',(9.949874371066E-02,-1.E-02,0.994987437107));
#3758 = ADVANCED_FACE('',(#3759,#3770),#3773,.F.);
#3759 = FACE_BOUND('',#3760,.F.);
#3760 = EDGE_LOOP('',(#3761));
#3761 = ORIENTED_EDGE('',*,*,#3762,.T.);
#3762 = EDGE_CURVE('',#3763,#3763,#3765,.T.);
#3763 = VERTEX_POINT('',#3764);
#3764 = CARTESIAN_POINT('',(204.66287009369,77.141817073035,
    26.383372650118));
#3765 = CIRCLE('',#3766,3.76469671203);
#3766 = AXIS2_PLACEMENT_3D('',#3767,#3768,#3769);
#3767 = CARTESIAN_POINT('',(204.28828750039,77.179464040155,
    22.637546717132));
#3768 = DIRECTION('',(0.99,-9.949874371066E-02,-0.1));
#3769 = DIRECTION('',(9.949874371066E-02,-1.E-02,0.994987437107));
#3770 = FACE_BOUND('',#3771,.F.);
#3771 = EDGE_LOOP('',(#3772));
#3772 = ORIENTED_EDGE('',*,*,#3721,.F.);
#3773 = PLANE('',#3774);
#3774 = AXIS2_PLACEMENT_3D('',#3775,#3776,#3777);
#3775 = CARTESIAN_POINT('',(204.28828750039,77.179464040155,
    22.637546717132));
#3776 = DIRECTION('',(0.99,-9.949874371066E-02,-0.1));
#3777 = DIRECTION('',(9.949874371066E-02,-1.E-02,0.994987437107));
#3778 = ADVANCED_FACE('',(#3779),#3798,.T.);
#3779 = FACE_BOUND('',#3780,.T.);
#3780 = EDGE_LOOP('',(#3781,#3790,#3796,#3797));
#3781 = ORIENTED_EDGE('',*,*,#3782,.T.);
#3782 = EDGE_CURVE('',#3783,#3783,#3785,.T.);
#3783 = VERTEX_POINT('',#3784);
#3784 = CARTESIAN_POINT('',(207.59201605467,76.847426827315,
    25.736971381279));
#3785 = CIRCLE('',#3786,3.415925815925);
#3786 = AXIS2_PLACEMENT_3D('',#3787,#3788,#3789);
#3787 = CARTESIAN_POINT('',(207.25213572738,76.881586085474,
    22.338168108345));
#3788 = DIRECTION('',(0.99,-9.949874371066E-02,-0.1));
#3789 = DIRECTION('',(9.949874371066E-02,-1.E-02,0.994987437107));
#3790 = ORIENTED_EDGE('',*,*,#3791,.T.);
#3791 = EDGE_CURVE('',#3783,#3738,#3792,.T.);
#3792 = LINE('',#3793,#3794);
#3793 = CARTESIAN_POINT('',(207.29501605467,76.877276450428,
    25.766971381279));
#3794 = VECTOR('',#3795,1.);
#3795 = DIRECTION('',(0.99,-9.949874371066E-02,-0.1));
#3796 = ORIENTED_EDGE('',*,*,#3737,.F.);
#3797 = ORIENTED_EDGE('',*,*,#3791,.F.);
#3798 = CYLINDRICAL_SURFACE('',#3799,3.415925815925);
#3799 = AXIS2_PLACEMENT_3D('',#3800,#3801,#3802);
#3800 = CARTESIAN_POINT('',(206.95513572738,76.911435708587,
    22.368168108345));
#3801 = DIRECTION('',(0.99,-9.949874371066E-02,-0.1));
#3802 = DIRECTION('',(9.949874371066E-02,-1.E-02,0.994987437107));
#3803 = ADVANCED_FACE('',(#3804),#3824,.F.);
#3804 = FACE_BOUND('',#3805,.F.);
#3805 = EDGE_LOOP('',(#3806,#3815,#3822,#3823));
#3806 = ORIENTED_EDGE('',*,*,#3807,.F.);
#3807 = EDGE_CURVE('',#3808,#3763,#3810,.T.);
#3808 = VERTEX_POINT('',#3809);
#3809 = CARTESIAN_POINT('',(205.81636022484,77.025886952901,
    27.418273961636));
#3810 = CIRCLE('',#3811,1.15);
#3811 = AXIS2_PLACEMENT_3D('',#3812,#3813,#3814);
#3812 = CARTESIAN_POINT('',(204.67786022484,77.140310508168,
    27.533273961636));
#3813 = DIRECTION('',(0.1,0.994987437107,-1.734723475977E-18));
#3814 = DIRECTION('',(0.99,-9.949874371066E-02,-0.1));
#3815 = ORIENTED_EDGE('',*,*,#3816,.T.);
#3816 = EDGE_CURVE('',#3808,#3808,#3817,.T.);
#3817 = CIRCLE('',#3818,4.910340635769);
#3818 = AXIS2_PLACEMENT_3D('',#3819,#3820,#3821);
#3819 = CARTESIAN_POINT('',(205.32778750039,77.074990359259,
    22.532546717132));
#3820 = DIRECTION('',(0.99,-9.949874371066E-02,-0.1));
#3821 = DIRECTION('',(9.949874371066E-02,-1.E-02,0.994987437107));
#3822 = ORIENTED_EDGE('',*,*,#3807,.T.);
#3823 = ORIENTED_EDGE('',*,*,#3762,.F.);
#3824 = TOROIDAL_SURFACE('',#3825,4.910340635769,1.15);
#3825 = AXIS2_PLACEMENT_3D('',#3826,#3827,#3828);
#3826 = CARTESIAN_POINT('',(204.18928750039,77.189413914526,
    22.647546717132));
#3827 = DIRECTION('',(0.99,-9.949874371066E-02,-0.1));
#3828 = DIRECTION('',(9.949874371066E-02,-1.E-02,0.994987437107));
#3829 = ADVANCED_FACE('',(#3830),#3849,.T.);
#3830 = FACE_BOUND('',#3831,.T.);
#3831 = EDGE_LOOP('',(#3832,#3833,#3841,#3848));
#3832 = ORIENTED_EDGE('',*,*,#3782,.F.);
#3833 = ORIENTED_EDGE('',*,*,#3834,.F.);
#3834 = EDGE_CURVE('',#3835,#3783,#3837,.T.);
#3835 = VERTEX_POINT('',#3836);
#3836 = CARTESIAN_POINT('',(207.49301605467,76.857376701686,
    25.746971381279));
#3837 = LINE('',#3838,#3839);
#3838 = CARTESIAN_POINT('',(207.29501605467,76.877276450428,
    25.766971381279));
#3839 = VECTOR('',#3840,1.);
#3840 = DIRECTION('',(0.99,-9.949874371066E-02,-0.1));
#3841 = ORIENTED_EDGE('',*,*,#3842,.T.);
#3842 = EDGE_CURVE('',#3835,#3835,#3843,.T.);
#3843 = CIRCLE('',#3844,3.415925815925);
#3844 = AXIS2_PLACEMENT_3D('',#3845,#3846,#3847);
#3845 = CARTESIAN_POINT('',(207.15313572738,76.891535959845,
    22.348168108345));
#3846 = DIRECTION('',(0.99,-9.949874371066E-02,-0.1));
#3847 = DIRECTION('',(9.949874371066E-02,-1.E-02,0.994987437107));
#3848 = ORIENTED_EDGE('',*,*,#3834,.T.);
#3849 = CYLINDRICAL_SURFACE('',#3850,3.415925815925);
#3850 = AXIS2_PLACEMENT_3D('',#3851,#3852,#3853);
#3851 = CARTESIAN_POINT('',(206.95513572738,76.911435708587,
    22.368168108345));
#3852 = DIRECTION('',(0.99,-9.949874371066E-02,-0.1));
#3853 = DIRECTION('',(9.949874371066E-02,-1.E-02,0.994987437107));
#3854 = ADVANCED_FACE('',(#3855),#3875,.F.);
#3855 = FACE_BOUND('',#3856,.F.);
#3856 = EDGE_LOOP('',(#3857,#3866,#3873,#3874));
#3857 = ORIENTED_EDGE('',*,*,#3858,.T.);
#3858 = EDGE_CURVE('',#3859,#3859,#3861,.T.);
#3859 = VERTEX_POINT('',#3860);
#3860 = CARTESIAN_POINT('',(205.70881960615,77.036695191747,
    28.032159339548));
#3861 = CIRCLE('',#3862,5.510340635769);
#3862 = AXIS2_PLACEMENT_3D('',#3863,#3864,#3865);
#3863 = CARTESIAN_POINT('',(205.16054763547,77.091798598105,
    22.54943963278));
#3864 = DIRECTION('',(0.99,-9.949874371066E-02,-0.1));
#3865 = DIRECTION('',(9.949874371066E-02,-1.E-02,0.994987437107));
#3866 = ORIENTED_EDGE('',*,*,#3867,.T.);
#3867 = EDGE_CURVE('',#3859,#3808,#3868,.T.);
#3868 = CIRCLE('',#3869,1.15);
#3869 = AXIS2_PLACEMENT_3D('',#3870,#3871,#3872);
#3870 = CARTESIAN_POINT('',(204.67786022484,77.140310508168,
    27.533273961636));
#3871 = DIRECTION('',(0.1,0.994987437107,-1.734723475977E-18));
#3872 = DIRECTION('',(0.99,-9.949874371066E-02,-0.1));
#3873 = ORIENTED_EDGE('',*,*,#3816,.F.);
#3874 = ORIENTED_EDGE('',*,*,#3867,.F.);
#3875 = TOROIDAL_SURFACE('',#3876,4.910340635769,1.15);
#3876 = AXIS2_PLACEMENT_3D('',#3877,#3878,#3879);
#3877 = CARTESIAN_POINT('',(204.18928750039,77.189413914526,
    22.647546717132));
#3878 = DIRECTION('',(0.99,-9.949874371066E-02,-0.1));
#3879 = DIRECTION('',(9.949874371066E-02,-1.E-02,0.994987437107));
#3880 = ADVANCED_FACE('',(#3881,#3892),#3895,.T.);
#3881 = FACE_BOUND('',#3882,.T.);
#3882 = EDGE_LOOP('',(#3883));
#3883 = ORIENTED_EDGE('',*,*,#3884,.T.);
#3884 = EDGE_CURVE('',#3885,#3885,#3887,.T.);
#3885 = VERTEX_POINT('',#3886);
#3886 = CARTESIAN_POINT('',(207.49344947879,76.857333140923,
    25.751305622434));
#3887 = CIRCLE('',#3888,3.420281892186);
#3888 = AXIS2_PLACEMENT_3D('',#3889,#3890,#3891);
#3889 = CARTESIAN_POINT('',(207.15313572738,76.891535959845,
    22.348168108345));
#3890 = DIRECTION('',(0.99,-9.949874371066E-02,-0.1));
#3891 = DIRECTION('',(9.949874371066E-02,-1.E-02,0.994987437107));
#3892 = FACE_BOUND('',#3893,.T.);
#3893 = EDGE_LOOP('',(#3894));
#3894 = ORIENTED_EDGE('',*,*,#3842,.F.);
#3895 = PLANE('',#3896);
#3896 = AXIS2_PLACEMENT_3D('',#3897,#3898,#3899);
#3897 = CARTESIAN_POINT('',(207.15313572738,76.891535959845,
    22.348168108345));
#3898 = DIRECTION('',(0.99,-9.949874371066E-02,-0.1));
#3899 = DIRECTION('',(9.949874371066E-02,-1.E-02,0.994987437107));
#3900 = ADVANCED_FACE('',(#3901),#3920,.T.);
#3901 = FACE_BOUND('',#3902,.T.);
#3902 = EDGE_LOOP('',(#3903,#3904,#3912,#3919));
#3903 = ORIENTED_EDGE('',*,*,#3858,.T.);
#3904 = ORIENTED_EDGE('',*,*,#3905,.T.);
#3905 = EDGE_CURVE('',#3859,#3906,#3908,.T.);
#3906 = VERTEX_POINT('',#3907);
#3907 = CARTESIAN_POINT('',(206.26898358456,76.980396593642,
    27.975577119506));
#3908 = LINE('',#3909,#3910);
#3909 = CARTESIAN_POINT('',(201.68781455225,77.440821405199,
    28.438321466204));
#3910 = VECTOR('',#3911,1.);
#3911 = DIRECTION('',(0.99,-9.949874371066E-02,-0.1));
#3912 = ORIENTED_EDGE('',*,*,#3913,.F.);
#3913 = EDGE_CURVE('',#3906,#3906,#3914,.T.);
#3914 = CIRCLE('',#3915,5.510340635769);
#3915 = AXIS2_PLACEMENT_3D('',#3916,#3917,#3918);
#3916 = CARTESIAN_POINT('',(205.72071161389,77.0355,22.492857412738));
#3917 = DIRECTION('',(0.99,-9.949874371066E-02,-0.1));
#3918 = DIRECTION('',(9.949874371066E-02,-1.E-02,0.994987437107));
#3919 = ORIENTED_EDGE('',*,*,#3905,.F.);
#3920 = CYLINDRICAL_SURFACE('',#3921,5.510340635769);
#3921 = AXIS2_PLACEMENT_3D('',#3922,#3923,#3924);
#3922 = CARTESIAN_POINT('',(201.13954258158,77.495924811557,
    22.955601759436));
#3923 = DIRECTION('',(0.99,-9.949874371066E-02,-0.1));
#3924 = DIRECTION('',(9.949874371066E-02,-1.E-02,0.994987437107));
#3925 = ADVANCED_FACE('',(#3926),#3946,.F.);
#3926 = FACE_BOUND('',#3927,.F.);
#3927 = EDGE_LOOP('',(#3928,#3937,#3938,#3939));
#3928 = ORIENTED_EDGE('',*,*,#3929,.F.);
#3929 = EDGE_CURVE('',#3885,#3930,#3932,.T.);
#3930 = VERTEX_POINT('',#3931);
#3931 = CARTESIAN_POINT('',(206.79487872108,76.927542143736,
    27.576306480567));
#3932 = CIRCLE('',#3933,1.15);
#3933 = AXIS2_PLACEMENT_3D('',#3934,#3935,#3936);
#3934 = CARTESIAN_POINT('',(207.70643960994,76.835926827315,
    26.881206933952));
#3935 = DIRECTION('',(0.1,0.994987437107,-1.734723475977E-18));
#3936 = DIRECTION('',(0.99,-9.949874371066E-02,-0.1));
#3937 = ORIENTED_EDGE('',*,*,#3884,.T.);
#3938 = ORIENTED_EDGE('',*,*,#3929,.T.);
#3939 = ORIENTED_EDGE('',*,*,#3940,.F.);
#3940 = EDGE_CURVE('',#3930,#3930,#3941,.T.);
#3941 = CIRCLE('',#3942,5.165925815925);
#3942 = AXIS2_PLACEMENT_3D('',#3943,#3944,#3945);
#3943 = CARTESIAN_POINT('',(206.2808755923,76.979201401895,
    22.436275192697));
#3944 = DIRECTION('',(0.99,-9.949874371066E-02,-0.1));
#3945 = DIRECTION('',(9.949874371066E-02,-1.E-02,0.994987437107));
#3946 = TOROIDAL_SURFACE('',#3947,4.565925815925,1.15);
#3947 = AXIS2_PLACEMENT_3D('',#3948,#3949,#3950);
#3948 = CARTESIAN_POINT('',(207.25213572738,76.881586085474,
    22.338168108345));
#3949 = DIRECTION('',(0.99,-9.949874371066E-02,-0.1));
#3950 = DIRECTION('',(9.949874371066E-02,-1.E-02,0.994987437107));
#3951 = ADVANCED_FACE('',(#3952,#3955),#3966,.T.);
#3952 = FACE_BOUND('',#3953,.T.);
#3953 = EDGE_LOOP('',(#3954));
#3954 = ORIENTED_EDGE('',*,*,#3913,.T.);
#3955 = FACE_BOUND('',#3956,.T.);
#3956 = EDGE_LOOP('',(#3957));
#3957 = ORIENTED_EDGE('',*,*,#3958,.F.);
#3958 = EDGE_CURVE('',#3959,#3959,#3961,.T.);
#3959 = VERTEX_POINT('',#3960);
#3960 = CARTESIAN_POINT('',(206.23471474267,76.983840741841,
    27.632888700609));
#3961 = CIRCLE('',#3962,5.165925815925);
#3962 = AXIS2_PLACEMENT_3D('',#3963,#3964,#3965);
#3963 = CARTESIAN_POINT('',(205.72071161389,77.0355,22.492857412738));
#3964 = DIRECTION('',(0.99,-9.949874371066E-02,-0.1));
#3965 = DIRECTION('',(9.949874371066E-02,-1.E-02,0.994987437107));
#3966 = PLANE('',#3967);
#3967 = AXIS2_PLACEMENT_3D('',#3968,#3969,#3970);
#3968 = CARTESIAN_POINT('',(205.72071161389,77.0355,22.492857412738));
#3969 = DIRECTION('',(0.99,-9.949874371066E-02,-0.1));
#3970 = DIRECTION('',(9.949874371066E-02,-1.E-02,0.994987437107));
#3971 = ADVANCED_FACE('',(#3972),#3983,.T.);
#3972 = FACE_BOUND('',#3973,.T.);
#3973 = EDGE_LOOP('',(#3974,#3975,#3981,#3982));
#3974 = ORIENTED_EDGE('',*,*,#3958,.T.);
#3975 = ORIENTED_EDGE('',*,*,#3976,.T.);
#3976 = EDGE_CURVE('',#3959,#3930,#3977,.T.);
#3977 = LINE('',#3978,#3979);
#3978 = CARTESIAN_POINT('',(206.18521474267,76.988815679026,
    27.637888700609));
#3979 = VECTOR('',#3980,1.);
#3980 = DIRECTION('',(0.99,-9.949874371066E-02,-0.1));
#3981 = ORIENTED_EDGE('',*,*,#3940,.F.);
#3982 = ORIENTED_EDGE('',*,*,#3976,.F.);
#3983 = CYLINDRICAL_SURFACE('',#3984,5.165925815925);
#3984 = AXIS2_PLACEMENT_3D('',#3985,#3986,#3987);
#3985 = CARTESIAN_POINT('',(205.67121161389,77.040474937186,
    22.497857412738));
#3986 = DIRECTION('',(0.99,-9.949874371066E-02,-0.1));
#3987 = DIRECTION('',(9.949874371066E-02,-1.E-02,0.994987437107));
#3988 = ( GEOMETRIC_REPRESENTATION_CONTEXT(3) 
GLOBAL_UNCERTAINTY_ASSIGNED_CONTEXT((#3992)) 
GLOBAL_UNIT_ASSIGNED_CONTEXT((#3989,#3990,#3991)) REPRESENTATION_CONTEXT
('Context #1','3D Context with UNIT and UNCERTAINTY') );
#3989 = ( LENGTH_UNIT() NAMED_UNIT(*) SI_UNIT(.MILLI.,.METRE.) );
#3990 = ( NAMED_UNIT(*) PLANE_ANGLE_UNIT() SI_UNIT($,.RADIAN.) );
#3991 = ( NAMED_UNIT(*) SI_UNIT($,.STERADIAN.) SOLID_ANGLE_UNIT() );
#3992 = UNCERTAINTY_MEASURE_WITH_UNIT(LENGTH_MEASURE(1.E-07),#3989,
  'distance_accuracy_value','confusion accuracy');
#3993 = PRODUCT_RELATED_PRODUCT_CATEGORY('part',$,(#7));
ENDSEC;
END-ISO-10303-21;
