ISO-10303-21;
HEADER;
FILE_DESCRIPTION(('FreeCAD Model'),'2;1');
FILE_NAME('Open CASCADE Shape Model','2026-09-26T02:20:31',('FreeCAD'),(
    'FreeCAD'),'Open CASCADE STEP processor 7.8','FreeCAD','Unknown');
FILE_SCHEMA(('AUTOMOTIVE_DESIGN { 1 0 10303 214 1 1 1 1 }'));
ENDSEC;
DATA;
#1 = APPLICATION_PROTOCOL_DEFINITION('international standard',
  'automotive_design',2000,#2);
#2 = APPLICATION_CONTEXT(
  'core data for automotive mechanical design processes');
#3 = SHAPE_DEFINITION_REPRESENTATION(#4,#10);
#4 = PRODUCT_DEFINITION_SHAPE('','',#5);
#5 = PRODUCT_DEFINITION('design','',#6,#9);
#6 = PRODUCT_DEFINITION_FORMATION('','',#7);
#7 = PRODUCT('Open CASCADE STEP translator 7.8 40',
  'Open CASCADE STEP translator 7.8 40','',(#8));
#8 = PRODUCT_CONTEXT('',#2,'mechanical');
#9 = PRODUCT_DEFINITION_CONTEXT('part definition',#2,'design');
#10 = SHAPE_REPRESENTATION('',(#11,#15,#1165,#1471),#4549);
#11 = AXIS2_PLACEMENT_3D('',#12,#13,#14);
#12 = CARTESIAN_POINT('',(0.,0.,0.));
#13 = DIRECTION('',(0.,0.,1.));
#14 = DIRECTION('',(1.,0.,-0.));
#15 = MANIFOLD_SOLID_BREP('',#16);
#16 = CLOSED_SHELL('',(#17,#57,#138,#184,#258,#375,#387,#418,#442,#466,
    #490,#514,#531,#556,#581,#612,#636,#660,#684,#708,#725,#756,#780,
    #804,#828,#852,#869,#900,#924,#948,#972,#996,#1013,#1038,#1055,#1072
    ,#1097,#1122,#1147,#1156));
#17 = ADVANCED_FACE('',(#18),#52,.F.);
#18 = FACE_BOUND('',#19,.T.);
#19 = EDGE_LOOP('',(#20,#30,#38,#46));
#20 = ORIENTED_EDGE('',*,*,#21,.F.);
#21 = EDGE_CURVE('',#22,#24,#26,.T.);
#22 = VERTEX_POINT('',#23);
#23 = CARTESIAN_POINT('',(96.,58.,2.));
#24 = VERTEX_POINT('',#25);
#25 = CARTESIAN_POINT('',(96.,58.,10.));
#26 = LINE('',#27,#28);
#27 = CARTESIAN_POINT('',(96.,58.,2.));
#28 = VECTOR('',#29,1.);
#29 = DIRECTION('',(-0.,-0.,1.));
#30 = ORIENTED_EDGE('',*,*,#31,.T.);
#31 = EDGE_CURVE('',#22,#32,#34,.T.);
#32 = VERTEX_POINT('',#33);
#33 = CARTESIAN_POINT('',(96.,3.,2.));
#34 = LINE('',#35,#36);
#35 = CARTESIAN_POINT('',(96.,58.,2.));
#36 = VECTOR('',#37,1.);
#37 = DIRECTION('',(-0.,-1.,-0.));
#38 = ORIENTED_EDGE('',*,*,#39,.T.);
#39 = EDGE_CURVE('',#32,#40,#42,.T.);
#40 = VERTEX_POINT('',#41);
#41 = CARTESIAN_POINT('',(96.,3.,10.));
#42 = LINE('',#43,#44);
#43 = CARTESIAN_POINT('',(96.,3.,2.));
#44 = VECTOR('',#45,1.);
#45 = DIRECTION('',(-0.,-0.,1.));
#46 = ORIENTED_EDGE('',*,*,#47,.F.);
#47 = EDGE_CURVE('',#24,#40,#48,.T.);
#48 = LINE('',#49,#50);
#49 = CARTESIAN_POINT('',(96.,58.,10.));
#50 = VECTOR('',#51,1.);
#51 = DIRECTION('',(-0.,-1.,-0.));
#52 = PLANE('',#53);
#53 = AXIS2_PLACEMENT_3D('',#54,#55,#56);
#54 = CARTESIAN_POINT('',(96.,58.,2.));
#55 = DIRECTION('',(1.,-0.,-0.));
#56 = DIRECTION('',(0.,0.,-1.));
#57 = ADVANCED_FACE('',(#58,#83),#133,.F.);
#58 = FACE_BOUND('',#59,.T.);
#59 = EDGE_LOOP('',(#60,#68,#69,#77));
#60 = ORIENTED_EDGE('',*,*,#61,.F.);
#61 = EDGE_CURVE('',#22,#62,#64,.T.);
#62 = VERTEX_POINT('',#63);
#63 = CARTESIAN_POINT('',(108.,58.,2.));
#64 = LINE('',#65,#66);
#65 = CARTESIAN_POINT('',(96.,58.,2.));
#66 = VECTOR('',#67,1.);
#67 = DIRECTION('',(1.,-0.,-0.));
#68 = ORIENTED_EDGE('',*,*,#21,.T.);
#69 = ORIENTED_EDGE('',*,*,#70,.T.);
#70 = EDGE_CURVE('',#24,#71,#73,.T.);
#71 = VERTEX_POINT('',#72);
#72 = CARTESIAN_POINT('',(108.,58.,10.));
#73 = LINE('',#74,#75);
#74 = CARTESIAN_POINT('',(96.,58.,10.));
#75 = VECTOR('',#76,1.);
#76 = DIRECTION('',(1.,-0.,-0.));
#77 = ORIENTED_EDGE('',*,*,#78,.F.);
#78 = EDGE_CURVE('',#62,#71,#79,.T.);
#79 = LINE('',#80,#81);
#80 = CARTESIAN_POINT('',(108.,58.,2.));
#81 = VECTOR('',#82,1.);
#82 = DIRECTION('',(-0.,-0.,1.));
#83 = FACE_BOUND('',#84,.T.);
#84 = EDGE_LOOP('',(#85,#95,#103,#111,#119,#127));
#85 = ORIENTED_EDGE('',*,*,#86,.T.);
#86 = EDGE_CURVE('',#87,#89,#91,.T.);
#87 = VERTEX_POINT('',#88);
#88 = CARTESIAN_POINT('',(104.9,58.,4.32568421935));
#89 = VERTEX_POINT('',#90);
#90 = CARTESIAN_POINT('',(104.9,58.,7.67431578065));
#91 = LINE('',#92,#93);
#92 = CARTESIAN_POINT('',(104.9,58.,4.32568421935));
#93 = VECTOR('',#94,1.);
#94 = DIRECTION('',(-0.,-0.,1.));
#95 = ORIENTED_EDGE('',*,*,#96,.T.);
#96 = EDGE_CURVE('',#89,#97,#99,.T.);
#97 = VERTEX_POINT('',#98);
#98 = CARTESIAN_POINT('',(102.,58.,9.3486315613));
#99 = LINE('',#100,#101);
#100 = CARTESIAN_POINT('',(104.9,58.,7.67431578065));
#101 = VECTOR('',#102,1.);
#102 = DIRECTION('',(-0.866025403784,-0.,0.5));
#103 = ORIENTED_EDGE('',*,*,#104,.T.);
#104 = EDGE_CURVE('',#97,#105,#107,.T.);
#105 = VERTEX_POINT('',#106);
#106 = CARTESIAN_POINT('',(99.1,58.,7.67431578065));
#107 = LINE('',#108,#109);
#108 = CARTESIAN_POINT('',(102.,58.,9.3486315613));
#109 = VECTOR('',#110,1.);
#110 = DIRECTION('',(-0.866025403784,-0.,-0.5));
#111 = ORIENTED_EDGE('',*,*,#112,.T.);
#112 = EDGE_CURVE('',#105,#113,#115,.T.);
#113 = VERTEX_POINT('',#114);
#114 = CARTESIAN_POINT('',(99.1,58.,4.32568421935));
#115 = LINE('',#116,#117);
#116 = CARTESIAN_POINT('',(99.1,58.,7.67431578065));
#117 = VECTOR('',#118,1.);
#118 = DIRECTION('',(-0.,-0.,-1.));
#119 = ORIENTED_EDGE('',*,*,#120,.T.);
#120 = EDGE_CURVE('',#113,#121,#123,.T.);
#121 = VERTEX_POINT('',#122);
#122 = CARTESIAN_POINT('',(102.,58.,2.6513684387));
#123 = LINE('',#124,#125);
#124 = CARTESIAN_POINT('',(99.1,58.,4.32568421935));
#125 = VECTOR('',#126,1.);
#126 = DIRECTION('',(0.866025403784,-0.,-0.5));
#127 = ORIENTED_EDGE('',*,*,#128,.T.);
#128 = EDGE_CURVE('',#121,#87,#129,.T.);
#129 = LINE('',#130,#131);
#130 = CARTESIAN_POINT('',(102.,58.,2.6513684387));
#131 = VECTOR('',#132,1.);
#132 = DIRECTION('',(0.866025403784,-0.,0.5));
#133 = PLANE('',#134);
#134 = AXIS2_PLACEMENT_3D('',#135,#136,#137);
#135 = CARTESIAN_POINT('',(96.,58.,2.));
#136 = DIRECTION('',(-0.,-1.,-0.));
#137 = DIRECTION('',(0.,0.,-1.));
#138 = ADVANCED_FACE('',(#139,#157,#168),#179,.T.);
#139 = FACE_BOUND('',#140,.F.);
#140 = EDGE_LOOP('',(#141,#142,#143,#151));
#141 = ORIENTED_EDGE('',*,*,#47,.F.);
#142 = ORIENTED_EDGE('',*,*,#70,.T.);
#143 = ORIENTED_EDGE('',*,*,#144,.T.);
#144 = EDGE_CURVE('',#71,#145,#147,.T.);
#145 = VERTEX_POINT('',#146);
#146 = CARTESIAN_POINT('',(108.,3.,10.));
#147 = LINE('',#148,#149);
#148 = CARTESIAN_POINT('',(108.,58.,10.));
#149 = VECTOR('',#150,1.);
#150 = DIRECTION('',(-0.,-1.,-0.));
#151 = ORIENTED_EDGE('',*,*,#152,.F.);
#152 = EDGE_CURVE('',#40,#145,#153,.T.);
#153 = LINE('',#154,#155);
#154 = CARTESIAN_POINT('',(96.,3.,10.));
#155 = VECTOR('',#156,1.);
#156 = DIRECTION('',(1.,-0.,-0.));
#157 = FACE_BOUND('',#158,.F.);
#158 = EDGE_LOOP('',(#159));
#159 = ORIENTED_EDGE('',*,*,#160,.F.);
#160 = EDGE_CURVE('',#161,#161,#163,.T.);
#161 = VERTEX_POINT('',#162);
#162 = CARTESIAN_POINT('',(103.75,46.5,10.));
#163 = CIRCLE('',#164,1.75);
#164 = AXIS2_PLACEMENT_3D('',#165,#166,#167);
#165 = CARTESIAN_POINT('',(102.,46.5,10.));
#166 = DIRECTION('',(0.,0.,-1.));
#167 = DIRECTION('',(1.,-0.,-0.));
#168 = FACE_BOUND('',#169,.F.);
#169 = EDGE_LOOP('',(#170));
#170 = ORIENTED_EDGE('',*,*,#171,.F.);
#171 = EDGE_CURVE('',#172,#172,#174,.T.);
#172 = VERTEX_POINT('',#173);
#173 = CARTESIAN_POINT('',(103.65,14.5,10.));
#174 = CIRCLE('',#175,1.65);
#175 = AXIS2_PLACEMENT_3D('',#176,#177,#178);
#176 = CARTESIAN_POINT('',(102.,14.5,10.));
#177 = DIRECTION('',(0.,0.,-1.));
#178 = DIRECTION('',(1.,-0.,-0.));
#179 = PLANE('',#180);
#180 = AXIS2_PLACEMENT_3D('',#181,#182,#183);
#181 = CARTESIAN_POINT('',(96.,58.,10.));
#182 = DIRECTION('',(-0.,-0.,1.));
#183 = DIRECTION('',(-1.,0.,0.));
#184 = ADVANCED_FACE('',(#185,#203),#253,.T.);
#185 = FACE_BOUND('',#186,.F.);
#186 = EDGE_LOOP('',(#187,#195,#196,#197));
#187 = ORIENTED_EDGE('',*,*,#188,.F.);
#188 = EDGE_CURVE('',#32,#189,#191,.T.);
#189 = VERTEX_POINT('',#190);
#190 = CARTESIAN_POINT('',(108.,3.,2.));
#191 = LINE('',#192,#193);
#192 = CARTESIAN_POINT('',(96.,3.,2.));
#193 = VECTOR('',#194,1.);
#194 = DIRECTION('',(1.,-0.,-0.));
#195 = ORIENTED_EDGE('',*,*,#39,.T.);
#196 = ORIENTED_EDGE('',*,*,#152,.T.);
#197 = ORIENTED_EDGE('',*,*,#198,.F.);
#198 = EDGE_CURVE('',#189,#145,#199,.T.);
#199 = LINE('',#200,#201);
#200 = CARTESIAN_POINT('',(108.,3.,2.));
#201 = VECTOR('',#202,1.);
#202 = DIRECTION('',(-0.,-0.,1.));
#203 = FACE_BOUND('',#204,.F.);
#204 = EDGE_LOOP('',(#205,#215,#223,#231,#239,#247));
#205 = ORIENTED_EDGE('',*,*,#206,.T.);
#206 = EDGE_CURVE('',#207,#209,#211,.T.);
#207 = VERTEX_POINT('',#208);
#208 = CARTESIAN_POINT('',(104.9,3.,4.32568421935));
#209 = VERTEX_POINT('',#210);
#210 = CARTESIAN_POINT('',(104.9,3.,7.67431578065));
#211 = LINE('',#212,#213);
#212 = CARTESIAN_POINT('',(104.9,3.,4.32568421935));
#213 = VECTOR('',#214,1.);
#214 = DIRECTION('',(-0.,-0.,1.));
#215 = ORIENTED_EDGE('',*,*,#216,.T.);
#216 = EDGE_CURVE('',#209,#217,#219,.T.);
#217 = VERTEX_POINT('',#218);
#218 = CARTESIAN_POINT('',(102.,3.,9.3486315613));
#219 = LINE('',#220,#221);
#220 = CARTESIAN_POINT('',(104.9,3.,7.67431578065));
#221 = VECTOR('',#222,1.);
#222 = DIRECTION('',(-0.866025403784,-0.,0.5));
#223 = ORIENTED_EDGE('',*,*,#224,.T.);
#224 = EDGE_CURVE('',#217,#225,#227,.T.);
#225 = VERTEX_POINT('',#226);
#226 = CARTESIAN_POINT('',(99.1,3.,7.67431578065));
#227 = LINE('',#228,#229);
#228 = CARTESIAN_POINT('',(102.,3.,9.3486315613));
#229 = VECTOR('',#230,1.);
#230 = DIRECTION('',(-0.866025403784,-0.,-0.5));
#231 = ORIENTED_EDGE('',*,*,#232,.T.);
#232 = EDGE_CURVE('',#225,#233,#235,.T.);
#233 = VERTEX_POINT('',#234);
#234 = CARTESIAN_POINT('',(99.1,3.,4.32568421935));
#235 = LINE('',#236,#237);
#236 = CARTESIAN_POINT('',(99.1,3.,7.67431578065));
#237 = VECTOR('',#238,1.);
#238 = DIRECTION('',(-0.,-0.,-1.));
#239 = ORIENTED_EDGE('',*,*,#240,.T.);
#240 = EDGE_CURVE('',#233,#241,#243,.T.);
#241 = VERTEX_POINT('',#242);
#242 = CARTESIAN_POINT('',(102.,3.,2.6513684387));
#243 = LINE('',#244,#245);
#244 = CARTESIAN_POINT('',(99.1,3.,4.32568421935));
#245 = VECTOR('',#246,1.);
#246 = DIRECTION('',(0.866025403784,-0.,-0.5));
#247 = ORIENTED_EDGE('',*,*,#248,.T.);
#248 = EDGE_CURVE('',#241,#207,#249,.T.);
#249 = LINE('',#250,#251);
#250 = CARTESIAN_POINT('',(102.,3.,2.6513684387));
#251 = VECTOR('',#252,1.);
#252 = DIRECTION('',(0.866025403784,-0.,0.5));
#253 = PLANE('',#254);
#254 = AXIS2_PLACEMENT_3D('',#255,#256,#257);
#255 = CARTESIAN_POINT('',(96.,3.,2.));
#256 = DIRECTION('',(-0.,-1.,-0.));
#257 = DIRECTION('',(0.,0.,-1.));
#258 = ADVANCED_FACE('',(#259,#270,#320),#370,.F.);
#259 = FACE_BOUND('',#260,.T.);
#260 = EDGE_LOOP('',(#261,#262,#263,#269));
#261 = ORIENTED_EDGE('',*,*,#31,.F.);
#262 = ORIENTED_EDGE('',*,*,#61,.T.);
#263 = ORIENTED_EDGE('',*,*,#264,.T.);
#264 = EDGE_CURVE('',#62,#189,#265,.T.);
#265 = LINE('',#266,#267);
#266 = CARTESIAN_POINT('',(108.,58.,2.));
#267 = VECTOR('',#268,1.);
#268 = DIRECTION('',(-0.,-1.,-0.));
#269 = ORIENTED_EDGE('',*,*,#188,.F.);
#270 = FACE_BOUND('',#271,.T.);
#271 = EDGE_LOOP('',(#272,#282,#290,#298,#306,#314));
#272 = ORIENTED_EDGE('',*,*,#273,.T.);
#273 = EDGE_CURVE('',#274,#276,#278,.T.);
#274 = VERTEX_POINT('',#275);
#275 = CARTESIAN_POINT('',(99.1,44.82568421935,2.));
#276 = VERTEX_POINT('',#277);
#277 = CARTESIAN_POINT('',(102.,43.1513684387,2.));
#278 = LINE('',#279,#280);
#279 = CARTESIAN_POINT('',(96.53517696412,46.306485489539,2.));
#280 = VECTOR('',#281,1.);
#281 = DIRECTION('',(0.866025403784,-0.5,-0.));
#282 = ORIENTED_EDGE('',*,*,#283,.T.);
#283 = EDGE_CURVE('',#276,#284,#286,.T.);
#284 = VERTEX_POINT('',#285);
#285 = CARTESIAN_POINT('',(104.9,44.82568421935,2.));
#286 = LINE('',#287,#288);
#287 = CARTESIAN_POINT('',(104.41482303588,44.545567168511,2.));
#288 = VECTOR('',#289,1.);
#289 = DIRECTION('',(0.866025403784,0.5,-0.));
#290 = ORIENTED_EDGE('',*,*,#291,.T.);
#291 = EDGE_CURVE('',#284,#292,#294,.T.);
#292 = VERTEX_POINT('',#293);
#293 = CARTESIAN_POINT('',(104.9,48.17431578065,2.));
#294 = LINE('',#295,#296);
#295 = CARTESIAN_POINT('',(104.9,53.087157890325,2.));
#296 = VECTOR('',#297,1.);
#297 = DIRECTION('',(-0.,1.,-0.));
#298 = ORIENTED_EDGE('',*,*,#299,.T.);
#299 = EDGE_CURVE('',#292,#300,#302,.T.);
#300 = VERTEX_POINT('',#301);
#301 = CARTESIAN_POINT('',(102.,49.8486315613,2.));
#302 = LINE('',#303,#304);
#303 = CARTESIAN_POINT('',(97.98517696412,52.166590721814,2.));
#304 = VECTOR('',#305,1.);
#305 = DIRECTION('',(-0.866025403784,0.5,0.));
#306 = ORIENTED_EDGE('',*,*,#307,.T.);
#307 = EDGE_CURVE('',#300,#308,#310,.T.);
#308 = VERTEX_POINT('',#309);
#309 = CARTESIAN_POINT('',(99.1,48.17431578065,2.));
#310 = LINE('',#311,#312);
#311 = CARTESIAN_POINT('',(100.06482303588,48.731356620136,2.));
#312 = VECTOR('',#313,1.);
#313 = DIRECTION('',(-0.866025403784,-0.5,-0.));
#314 = ORIENTED_EDGE('',*,*,#315,.T.);
#315 = EDGE_CURVE('',#308,#274,#316,.T.);
#316 = LINE('',#317,#318);
#317 = CARTESIAN_POINT('',(99.1,51.412842109675,2.));
#318 = VECTOR('',#319,1.);
#319 = DIRECTION('',(-0.,-1.,-0.));
#320 = FACE_BOUND('',#321,.T.);
#321 = EDGE_LOOP('',(#322,#332,#340,#348,#356,#364));
#322 = ORIENTED_EDGE('',*,*,#323,.T.);
#323 = EDGE_CURVE('',#324,#326,#328,.T.);
#324 = VERTEX_POINT('',#325);
#325 = CARTESIAN_POINT('',(99.1,12.82568421935,2.));
#326 = VERTEX_POINT('',#327);
#327 = CARTESIAN_POINT('',(102.,11.1513684387,2.));
#328 = LINE('',#329,#330);
#329 = CARTESIAN_POINT('',(89.606973733844,18.306485489539,2.));
#330 = VECTOR('',#331,1.);
#331 = DIRECTION('',(0.866025403784,-0.5,-0.));
#332 = ORIENTED_EDGE('',*,*,#333,.T.);
#333 = EDGE_CURVE('',#326,#334,#336,.T.);
#334 = VERTEX_POINT('',#335);
#335 = CARTESIAN_POINT('',(104.9,12.82568421935,2.));
#336 = LINE('',#337,#338);
#337 = CARTESIAN_POINT('',(111.34302626615,16.545567168511,2.));
#338 = VECTOR('',#339,1.);
#339 = DIRECTION('',(0.866025403784,0.5,-0.));
#340 = ORIENTED_EDGE('',*,*,#341,.T.);
#341 = EDGE_CURVE('',#334,#342,#344,.T.);
#342 = VERTEX_POINT('',#343);
#343 = CARTESIAN_POINT('',(104.9,16.17431578065,2.));
#344 = LINE('',#345,#346);
#345 = CARTESIAN_POINT('',(104.9,37.087157890325,2.));
#346 = VECTOR('',#347,1.);
#347 = DIRECTION('',(-0.,1.,-0.));
#348 = ORIENTED_EDGE('',*,*,#349,.T.);
#349 = EDGE_CURVE('',#342,#350,#352,.T.);
#350 = VERTEX_POINT('',#351);
#351 = CARTESIAN_POINT('',(102.,17.8486315613,2.));
#352 = LINE('',#353,#354);
#353 = CARTESIAN_POINT('',(91.056973733844,24.166590721814,2.));
#354 = VECTOR('',#355,1.);
#355 = DIRECTION('',(-0.866025403784,0.5,0.));
#356 = ORIENTED_EDGE('',*,*,#357,.T.);
#357 = EDGE_CURVE('',#350,#358,#360,.T.);
#358 = VERTEX_POINT('',#359);
#359 = CARTESIAN_POINT('',(99.1,16.17431578065,2.));
#360 = LINE('',#361,#362);
#361 = CARTESIAN_POINT('',(106.99302626615,20.731356620136,2.));
#362 = VECTOR('',#363,1.);
#363 = DIRECTION('',(-0.866025403784,-0.5,-0.));
#364 = ORIENTED_EDGE('',*,*,#365,.T.);
#365 = EDGE_CURVE('',#358,#324,#366,.T.);
#366 = LINE('',#367,#368);
#367 = CARTESIAN_POINT('',(99.1,35.412842109675,2.));
#368 = VECTOR('',#369,1.);
#369 = DIRECTION('',(-0.,-1.,-0.));
#370 = PLANE('',#371);
#371 = AXIS2_PLACEMENT_3D('',#372,#373,#374);
#372 = CARTESIAN_POINT('',(96.,58.,2.));
#373 = DIRECTION('',(-0.,-0.,1.));
#374 = DIRECTION('',(-1.,0.,0.));
#375 = ADVANCED_FACE('',(#376),#382,.T.);
#376 = FACE_BOUND('',#377,.F.);
#377 = EDGE_LOOP('',(#378,#379,#380,#381));
#378 = ORIENTED_EDGE('',*,*,#78,.F.);
#379 = ORIENTED_EDGE('',*,*,#264,.T.);
#380 = ORIENTED_EDGE('',*,*,#198,.T.);
#381 = ORIENTED_EDGE('',*,*,#144,.F.);
#382 = PLANE('',#383);
#383 = AXIS2_PLACEMENT_3D('',#384,#385,#386);
#384 = CARTESIAN_POINT('',(108.,58.,2.));
#385 = DIRECTION('',(1.,-0.,-0.));
#386 = DIRECTION('',(0.,0.,-1.));
#387 = ADVANCED_FACE('',(#388),#413,.F.);
#388 = FACE_BOUND('',#389,.T.);
#389 = EDGE_LOOP('',(#390,#398,#406,#412));
#390 = ORIENTED_EDGE('',*,*,#391,.T.);
#391 = EDGE_CURVE('',#87,#392,#394,.T.);
#392 = VERTEX_POINT('',#393);
#393 = CARTESIAN_POINT('',(104.9,55.1,4.32568421935));
#394 = LINE('',#395,#396);
#395 = CARTESIAN_POINT('',(104.9,58.,4.32568421935));
#396 = VECTOR('',#397,1.);
#397 = DIRECTION('',(-0.,-1.,-0.));
#398 = ORIENTED_EDGE('',*,*,#399,.T.);
#399 = EDGE_CURVE('',#392,#400,#402,.T.);
#400 = VERTEX_POINT('',#401);
#401 = CARTESIAN_POINT('',(104.9,55.1,7.67431578065));
#402 = LINE('',#403,#404);
#403 = CARTESIAN_POINT('',(104.9,55.1,4.32568421935));
#404 = VECTOR('',#405,1.);
#405 = DIRECTION('',(-0.,-0.,1.));
#406 = ORIENTED_EDGE('',*,*,#407,.F.);
#407 = EDGE_CURVE('',#89,#400,#408,.T.);
#408 = LINE('',#409,#410);
#409 = CARTESIAN_POINT('',(104.9,58.,7.67431578065));
#410 = VECTOR('',#411,1.);
#411 = DIRECTION('',(-0.,-1.,-0.));
#412 = ORIENTED_EDGE('',*,*,#86,.F.);
#413 = PLANE('',#414);
#414 = AXIS2_PLACEMENT_3D('',#415,#416,#417);
#415 = CARTESIAN_POINT('',(104.9,58.,4.32568421935));
#416 = DIRECTION('',(1.,-0.,-0.));
#417 = DIRECTION('',(0.,0.,-1.));
#418 = ADVANCED_FACE('',(#419),#437,.F.);
#419 = FACE_BOUND('',#420,.T.);
#420 = EDGE_LOOP('',(#421,#429,#435,#436));
#421 = ORIENTED_EDGE('',*,*,#422,.T.);
#422 = EDGE_CURVE('',#121,#423,#425,.T.);
#423 = VERTEX_POINT('',#424);
#424 = CARTESIAN_POINT('',(102.,55.1,2.6513684387));
#425 = LINE('',#426,#427);
#426 = CARTESIAN_POINT('',(102.,58.,2.6513684387));
#427 = VECTOR('',#428,1.);
#428 = DIRECTION('',(-0.,-1.,-0.));
#429 = ORIENTED_EDGE('',*,*,#430,.T.);
#430 = EDGE_CURVE('',#423,#392,#431,.T.);
#431 = LINE('',#432,#433);
#432 = CARTESIAN_POINT('',(102.,55.1,2.6513684387));
#433 = VECTOR('',#434,1.);
#434 = DIRECTION('',(0.866025403784,-0.,0.5));
#435 = ORIENTED_EDGE('',*,*,#391,.F.);
#436 = ORIENTED_EDGE('',*,*,#128,.F.);
#437 = PLANE('',#438);
#438 = AXIS2_PLACEMENT_3D('',#439,#440,#441);
#439 = CARTESIAN_POINT('',(102.,58.,2.6513684387));
#440 = DIRECTION('',(0.5,-0.,-0.866025403784));
#441 = DIRECTION('',(-0.866025403784,0.,-0.5));
#442 = ADVANCED_FACE('',(#443),#461,.F.);
#443 = FACE_BOUND('',#444,.T.);
#444 = EDGE_LOOP('',(#445,#453,#459,#460));
#445 = ORIENTED_EDGE('',*,*,#446,.T.);
#446 = EDGE_CURVE('',#113,#447,#449,.T.);
#447 = VERTEX_POINT('',#448);
#448 = CARTESIAN_POINT('',(99.1,55.1,4.32568421935));
#449 = LINE('',#450,#451);
#450 = CARTESIAN_POINT('',(99.1,58.,4.32568421935));
#451 = VECTOR('',#452,1.);
#452 = DIRECTION('',(-0.,-1.,-0.));
#453 = ORIENTED_EDGE('',*,*,#454,.T.);
#454 = EDGE_CURVE('',#447,#423,#455,.T.);
#455 = LINE('',#456,#457);
#456 = CARTESIAN_POINT('',(99.1,55.1,4.32568421935));
#457 = VECTOR('',#458,1.);
#458 = DIRECTION('',(0.866025403784,-0.,-0.5));
#459 = ORIENTED_EDGE('',*,*,#422,.F.);
#460 = ORIENTED_EDGE('',*,*,#120,.F.);
#461 = PLANE('',#462);
#462 = AXIS2_PLACEMENT_3D('',#463,#464,#465);
#463 = CARTESIAN_POINT('',(99.1,58.,4.32568421935));
#464 = DIRECTION('',(-0.5,-0.,-0.866025403784));
#465 = DIRECTION('',(-0.866025403784,0.,0.5));
#466 = ADVANCED_FACE('',(#467),#485,.F.);
#467 = FACE_BOUND('',#468,.T.);
#468 = EDGE_LOOP('',(#469,#477,#483,#484));
#469 = ORIENTED_EDGE('',*,*,#470,.T.);
#470 = EDGE_CURVE('',#105,#471,#473,.T.);
#471 = VERTEX_POINT('',#472);
#472 = CARTESIAN_POINT('',(99.1,55.1,7.67431578065));
#473 = LINE('',#474,#475);
#474 = CARTESIAN_POINT('',(99.1,58.,7.67431578065));
#475 = VECTOR('',#476,1.);
#476 = DIRECTION('',(-0.,-1.,-0.));
#477 = ORIENTED_EDGE('',*,*,#478,.T.);
#478 = EDGE_CURVE('',#471,#447,#479,.T.);
#479 = LINE('',#480,#481);
#480 = CARTESIAN_POINT('',(99.1,55.1,7.67431578065));
#481 = VECTOR('',#482,1.);
#482 = DIRECTION('',(-0.,-0.,-1.));
#483 = ORIENTED_EDGE('',*,*,#446,.F.);
#484 = ORIENTED_EDGE('',*,*,#112,.F.);
#485 = PLANE('',#486);
#486 = AXIS2_PLACEMENT_3D('',#487,#488,#489);
#487 = CARTESIAN_POINT('',(99.1,58.,7.67431578065));
#488 = DIRECTION('',(-1.,-0.,-0.));
#489 = DIRECTION('',(0.,0.,1.));
#490 = ADVANCED_FACE('',(#491),#509,.F.);
#491 = FACE_BOUND('',#492,.T.);
#492 = EDGE_LOOP('',(#493,#501,#507,#508));
#493 = ORIENTED_EDGE('',*,*,#494,.T.);
#494 = EDGE_CURVE('',#97,#495,#497,.T.);
#495 = VERTEX_POINT('',#496);
#496 = CARTESIAN_POINT('',(102.,55.1,9.3486315613));
#497 = LINE('',#498,#499);
#498 = CARTESIAN_POINT('',(102.,58.,9.3486315613));
#499 = VECTOR('',#500,1.);
#500 = DIRECTION('',(-0.,-1.,-0.));
#501 = ORIENTED_EDGE('',*,*,#502,.T.);
#502 = EDGE_CURVE('',#495,#471,#503,.T.);
#503 = LINE('',#504,#505);
#504 = CARTESIAN_POINT('',(102.,55.1,9.3486315613));
#505 = VECTOR('',#506,1.);
#506 = DIRECTION('',(-0.866025403784,-0.,-0.5));
#507 = ORIENTED_EDGE('',*,*,#470,.F.);
#508 = ORIENTED_EDGE('',*,*,#104,.F.);
#509 = PLANE('',#510);
#510 = AXIS2_PLACEMENT_3D('',#511,#512,#513);
#511 = CARTESIAN_POINT('',(102.,58.,9.3486315613));
#512 = DIRECTION('',(-0.5,-0.,0.866025403784));
#513 = DIRECTION('',(0.866025403784,0.,0.5));
#514 = ADVANCED_FACE('',(#515),#526,.F.);
#515 = FACE_BOUND('',#516,.T.);
#516 = EDGE_LOOP('',(#517,#518,#524,#525));
#517 = ORIENTED_EDGE('',*,*,#407,.T.);
#518 = ORIENTED_EDGE('',*,*,#519,.T.);
#519 = EDGE_CURVE('',#400,#495,#520,.T.);
#520 = LINE('',#521,#522);
#521 = CARTESIAN_POINT('',(104.9,55.1,7.67431578065));
#522 = VECTOR('',#523,1.);
#523 = DIRECTION('',(-0.866025403784,-0.,0.5));
#524 = ORIENTED_EDGE('',*,*,#494,.F.);
#525 = ORIENTED_EDGE('',*,*,#96,.F.);
#526 = PLANE('',#527);
#527 = AXIS2_PLACEMENT_3D('',#528,#529,#530);
#528 = CARTESIAN_POINT('',(104.9,58.,7.67431578065));
#529 = DIRECTION('',(0.5,-0.,0.866025403784));
#530 = DIRECTION('',(0.866025403784,0.,-0.5));
#531 = ADVANCED_FACE('',(#532),#551,.F.);
#532 = FACE_BOUND('',#533,.T.);
#533 = EDGE_LOOP('',(#534,#535,#543,#550));
#534 = ORIENTED_EDGE('',*,*,#160,.F.);
#535 = ORIENTED_EDGE('',*,*,#536,.F.);
#536 = EDGE_CURVE('',#537,#161,#539,.T.);
#537 = VERTEX_POINT('',#538);
#538 = CARTESIAN_POINT('',(103.75,46.5,4.6));
#539 = LINE('',#540,#541);
#540 = CARTESIAN_POINT('',(103.75,46.5,4.4));
#541 = VECTOR('',#542,1.);
#542 = DIRECTION('',(-0.,-0.,1.));
#543 = ORIENTED_EDGE('',*,*,#544,.T.);
#544 = EDGE_CURVE('',#537,#537,#545,.T.);
#545 = CIRCLE('',#546,1.75);
#546 = AXIS2_PLACEMENT_3D('',#547,#548,#549);
#547 = CARTESIAN_POINT('',(102.,46.5,4.6));
#548 = DIRECTION('',(0.,0.,-1.));
#549 = DIRECTION('',(1.,-0.,-0.));
#550 = ORIENTED_EDGE('',*,*,#536,.T.);
#551 = CYLINDRICAL_SURFACE('',#552,1.75);
#552 = AXIS2_PLACEMENT_3D('',#553,#554,#555);
#553 = CARTESIAN_POINT('',(102.,46.5,4.4));
#554 = DIRECTION('',(-0.,-0.,1.));
#555 = DIRECTION('',(1.,-0.,-0.));
#556 = ADVANCED_FACE('',(#557),#576,.F.);
#557 = FACE_BOUND('',#558,.T.);
#558 = EDGE_LOOP('',(#559,#560,#568,#575));
#559 = ORIENTED_EDGE('',*,*,#171,.F.);
#560 = ORIENTED_EDGE('',*,*,#561,.F.);
#561 = EDGE_CURVE('',#562,#172,#564,.T.);
#562 = VERTEX_POINT('',#563);
#563 = CARTESIAN_POINT('',(103.65,14.5,4.6));
#564 = LINE('',#565,#566);
#565 = CARTESIAN_POINT('',(103.65,14.5,4.4));
#566 = VECTOR('',#567,1.);
#567 = DIRECTION('',(-0.,-0.,1.));
#568 = ORIENTED_EDGE('',*,*,#569,.T.);
#569 = EDGE_CURVE('',#562,#562,#570,.T.);
#570 = CIRCLE('',#571,1.65);
#571 = AXIS2_PLACEMENT_3D('',#572,#573,#574);
#572 = CARTESIAN_POINT('',(102.,14.5,4.6));
#573 = DIRECTION('',(0.,0.,-1.));
#574 = DIRECTION('',(1.,-0.,-0.));
#575 = ORIENTED_EDGE('',*,*,#561,.T.);
#576 = CYLINDRICAL_SURFACE('',#577,1.65);
#577 = AXIS2_PLACEMENT_3D('',#578,#579,#580);
#578 = CARTESIAN_POINT('',(102.,14.5,4.4));
#579 = DIRECTION('',(-0.,-0.,1.));
#580 = DIRECTION('',(1.,-0.,-0.));
#581 = ADVANCED_FACE('',(#582),#607,.F.);
#582 = FACE_BOUND('',#583,.T.);
#583 = EDGE_LOOP('',(#584,#592,#593,#601));
#584 = ORIENTED_EDGE('',*,*,#585,.T.);
#585 = EDGE_CURVE('',#586,#207,#588,.T.);
#586 = VERTEX_POINT('',#587);
#587 = CARTESIAN_POINT('',(104.9,5.9,4.32568421935));
#588 = LINE('',#589,#590);
#589 = CARTESIAN_POINT('',(104.9,5.9,4.32568421935));
#590 = VECTOR('',#591,1.);
#591 = DIRECTION('',(-0.,-1.,-0.));
#592 = ORIENTED_EDGE('',*,*,#206,.T.);
#593 = ORIENTED_EDGE('',*,*,#594,.F.);
#594 = EDGE_CURVE('',#595,#209,#597,.T.);
#595 = VERTEX_POINT('',#596);
#596 = CARTESIAN_POINT('',(104.9,5.9,7.67431578065));
#597 = LINE('',#598,#599);
#598 = CARTESIAN_POINT('',(104.9,5.9,7.67431578065));
#599 = VECTOR('',#600,1.);
#600 = DIRECTION('',(-0.,-1.,-0.));
#601 = ORIENTED_EDGE('',*,*,#602,.F.);
#602 = EDGE_CURVE('',#586,#595,#603,.T.);
#603 = LINE('',#604,#605);
#604 = CARTESIAN_POINT('',(104.9,5.9,4.32568421935));
#605 = VECTOR('',#606,1.);
#606 = DIRECTION('',(-0.,-0.,1.));
#607 = PLANE('',#608);
#608 = AXIS2_PLACEMENT_3D('',#609,#610,#611);
#609 = CARTESIAN_POINT('',(104.9,5.9,4.32568421935));
#610 = DIRECTION('',(1.,-0.,-0.));
#611 = DIRECTION('',(0.,0.,-1.));
#612 = ADVANCED_FACE('',(#613),#631,.F.);
#613 = FACE_BOUND('',#614,.T.);
#614 = EDGE_LOOP('',(#615,#623,#624,#625));
#615 = ORIENTED_EDGE('',*,*,#616,.T.);
#616 = EDGE_CURVE('',#617,#241,#619,.T.);
#617 = VERTEX_POINT('',#618);
#618 = CARTESIAN_POINT('',(102.,5.9,2.6513684387));
#619 = LINE('',#620,#621);
#620 = CARTESIAN_POINT('',(102.,5.9,2.6513684387));
#621 = VECTOR('',#622,1.);
#622 = DIRECTION('',(-0.,-1.,-0.));
#623 = ORIENTED_EDGE('',*,*,#248,.T.);
#624 = ORIENTED_EDGE('',*,*,#585,.F.);
#625 = ORIENTED_EDGE('',*,*,#626,.F.);
#626 = EDGE_CURVE('',#617,#586,#627,.T.);
#627 = LINE('',#628,#629);
#628 = CARTESIAN_POINT('',(102.,5.9,2.6513684387));
#629 = VECTOR('',#630,1.);
#630 = DIRECTION('',(0.866025403784,-0.,0.5));
#631 = PLANE('',#632);
#632 = AXIS2_PLACEMENT_3D('',#633,#634,#635);
#633 = CARTESIAN_POINT('',(102.,5.9,2.6513684387));
#634 = DIRECTION('',(0.5,-0.,-0.866025403784));
#635 = DIRECTION('',(-0.866025403784,0.,-0.5));
#636 = ADVANCED_FACE('',(#637),#655,.F.);
#637 = FACE_BOUND('',#638,.T.);
#638 = EDGE_LOOP('',(#639,#647,#648,#649));
#639 = ORIENTED_EDGE('',*,*,#640,.T.);
#640 = EDGE_CURVE('',#641,#233,#643,.T.);
#641 = VERTEX_POINT('',#642);
#642 = CARTESIAN_POINT('',(99.1,5.9,4.32568421935));
#643 = LINE('',#644,#645);
#644 = CARTESIAN_POINT('',(99.1,5.9,4.32568421935));
#645 = VECTOR('',#646,1.);
#646 = DIRECTION('',(-0.,-1.,-0.));
#647 = ORIENTED_EDGE('',*,*,#240,.T.);
#648 = ORIENTED_EDGE('',*,*,#616,.F.);
#649 = ORIENTED_EDGE('',*,*,#650,.F.);
#650 = EDGE_CURVE('',#641,#617,#651,.T.);
#651 = LINE('',#652,#653);
#652 = CARTESIAN_POINT('',(99.1,5.9,4.32568421935));
#653 = VECTOR('',#654,1.);
#654 = DIRECTION('',(0.866025403784,-0.,-0.5));
#655 = PLANE('',#656);
#656 = AXIS2_PLACEMENT_3D('',#657,#658,#659);
#657 = CARTESIAN_POINT('',(99.1,5.9,4.32568421935));
#658 = DIRECTION('',(-0.5,-0.,-0.866025403784));
#659 = DIRECTION('',(-0.866025403784,0.,0.5));
#660 = ADVANCED_FACE('',(#661),#679,.F.);
#661 = FACE_BOUND('',#662,.T.);
#662 = EDGE_LOOP('',(#663,#671,#672,#673));
#663 = ORIENTED_EDGE('',*,*,#664,.T.);
#664 = EDGE_CURVE('',#665,#225,#667,.T.);
#665 = VERTEX_POINT('',#666);
#666 = CARTESIAN_POINT('',(99.1,5.9,7.67431578065));
#667 = LINE('',#668,#669);
#668 = CARTESIAN_POINT('',(99.1,5.9,7.67431578065));
#669 = VECTOR('',#670,1.);
#670 = DIRECTION('',(-0.,-1.,-0.));
#671 = ORIENTED_EDGE('',*,*,#232,.T.);
#672 = ORIENTED_EDGE('',*,*,#640,.F.);
#673 = ORIENTED_EDGE('',*,*,#674,.F.);
#674 = EDGE_CURVE('',#665,#641,#675,.T.);
#675 = LINE('',#676,#677);
#676 = CARTESIAN_POINT('',(99.1,5.9,7.67431578065));
#677 = VECTOR('',#678,1.);
#678 = DIRECTION('',(-0.,-0.,-1.));
#679 = PLANE('',#680);
#680 = AXIS2_PLACEMENT_3D('',#681,#682,#683);
#681 = CARTESIAN_POINT('',(99.1,5.9,7.67431578065));
#682 = DIRECTION('',(-1.,-0.,-0.));
#683 = DIRECTION('',(0.,0.,1.));
#684 = ADVANCED_FACE('',(#685),#703,.F.);
#685 = FACE_BOUND('',#686,.T.);
#686 = EDGE_LOOP('',(#687,#695,#696,#697));
#687 = ORIENTED_EDGE('',*,*,#688,.T.);
#688 = EDGE_CURVE('',#689,#217,#691,.T.);
#689 = VERTEX_POINT('',#690);
#690 = CARTESIAN_POINT('',(102.,5.9,9.3486315613));
#691 = LINE('',#692,#693);
#692 = CARTESIAN_POINT('',(102.,5.9,9.3486315613));
#693 = VECTOR('',#694,1.);
#694 = DIRECTION('',(-0.,-1.,-0.));
#695 = ORIENTED_EDGE('',*,*,#224,.T.);
#696 = ORIENTED_EDGE('',*,*,#664,.F.);
#697 = ORIENTED_EDGE('',*,*,#698,.F.);
#698 = EDGE_CURVE('',#689,#665,#699,.T.);
#699 = LINE('',#700,#701);
#700 = CARTESIAN_POINT('',(102.,5.9,9.3486315613));
#701 = VECTOR('',#702,1.);
#702 = DIRECTION('',(-0.866025403784,-0.,-0.5));
#703 = PLANE('',#704);
#704 = AXIS2_PLACEMENT_3D('',#705,#706,#707);
#705 = CARTESIAN_POINT('',(102.,5.9,9.3486315613));
#706 = DIRECTION('',(-0.5,-0.,0.866025403784));
#707 = DIRECTION('',(0.866025403784,0.,0.5));
#708 = ADVANCED_FACE('',(#709),#720,.F.);
#709 = FACE_BOUND('',#710,.T.);
#710 = EDGE_LOOP('',(#711,#712,#713,#714));
#711 = ORIENTED_EDGE('',*,*,#594,.T.);
#712 = ORIENTED_EDGE('',*,*,#216,.T.);
#713 = ORIENTED_EDGE('',*,*,#688,.F.);
#714 = ORIENTED_EDGE('',*,*,#715,.F.);
#715 = EDGE_CURVE('',#595,#689,#716,.T.);
#716 = LINE('',#717,#718);
#717 = CARTESIAN_POINT('',(104.9,5.9,7.67431578065));
#718 = VECTOR('',#719,1.);
#719 = DIRECTION('',(-0.866025403784,-0.,0.5));
#720 = PLANE('',#721);
#721 = AXIS2_PLACEMENT_3D('',#722,#723,#724);
#722 = CARTESIAN_POINT('',(104.9,5.9,7.67431578065));
#723 = DIRECTION('',(0.5,-0.,0.866025403784));
#724 = DIRECTION('',(0.866025403784,0.,-0.5));
#725 = ADVANCED_FACE('',(#726),#751,.T.);
#726 = FACE_BOUND('',#727,.F.);
#727 = EDGE_LOOP('',(#728,#729,#737,#745));
#728 = ORIENTED_EDGE('',*,*,#273,.T.);
#729 = ORIENTED_EDGE('',*,*,#730,.T.);
#730 = EDGE_CURVE('',#276,#731,#733,.T.);
#731 = VERTEX_POINT('',#732);
#732 = CARTESIAN_POINT('',(102.,43.1513684387,4.6));
#733 = LINE('',#734,#735);
#734 = CARTESIAN_POINT('',(102.,43.1513684387,1.8));
#735 = VECTOR('',#736,1.);
#736 = DIRECTION('',(-0.,-0.,1.));
#737 = ORIENTED_EDGE('',*,*,#738,.T.);
#738 = EDGE_CURVE('',#731,#739,#741,.T.);
#739 = VERTEX_POINT('',#740);
#740 = CARTESIAN_POINT('',(99.1,44.82568421935,4.6));
#741 = LINE('',#742,#743);
#742 = CARTESIAN_POINT('',(102.,43.1513684387,4.6));
#743 = VECTOR('',#744,1.);
#744 = DIRECTION('',(-0.866025403784,0.5,0.));
#745 = ORIENTED_EDGE('',*,*,#746,.F.);
#746 = EDGE_CURVE('',#274,#739,#747,.T.);
#747 = LINE('',#748,#749);
#748 = CARTESIAN_POINT('',(99.1,44.82568421935,1.8));
#749 = VECTOR('',#750,1.);
#750 = DIRECTION('',(-0.,-0.,1.));
#751 = PLANE('',#752);
#752 = AXIS2_PLACEMENT_3D('',#753,#754,#755);
#753 = CARTESIAN_POINT('',(102.,43.1513684387,1.8));
#754 = DIRECTION('',(0.5,0.866025403784,-0.));
#755 = DIRECTION('',(0.866025403784,-0.5,-0.));
#756 = ADVANCED_FACE('',(#757),#775,.T.);
#757 = FACE_BOUND('',#758,.F.);
#758 = EDGE_LOOP('',(#759,#760,#761,#769));
#759 = ORIENTED_EDGE('',*,*,#315,.T.);
#760 = ORIENTED_EDGE('',*,*,#746,.T.);
#761 = ORIENTED_EDGE('',*,*,#762,.T.);
#762 = EDGE_CURVE('',#739,#763,#765,.T.);
#763 = VERTEX_POINT('',#764);
#764 = CARTESIAN_POINT('',(99.1,48.17431578065,4.6));
#765 = LINE('',#766,#767);
#766 = CARTESIAN_POINT('',(99.1,44.82568421935,4.6));
#767 = VECTOR('',#768,1.);
#768 = DIRECTION('',(-0.,1.,-0.));
#769 = ORIENTED_EDGE('',*,*,#770,.F.);
#770 = EDGE_CURVE('',#308,#763,#771,.T.);
#771 = LINE('',#772,#773);
#772 = CARTESIAN_POINT('',(99.1,48.17431578065,1.8));
#773 = VECTOR('',#774,1.);
#774 = DIRECTION('',(-0.,-0.,1.));
#775 = PLANE('',#776);
#776 = AXIS2_PLACEMENT_3D('',#777,#778,#779);
#777 = CARTESIAN_POINT('',(99.1,44.82568421935,1.8));
#778 = DIRECTION('',(1.,-0.,-0.));
#779 = DIRECTION('',(0.,-1.,0.));
#780 = ADVANCED_FACE('',(#781),#799,.T.);
#781 = FACE_BOUND('',#782,.F.);
#782 = EDGE_LOOP('',(#783,#784,#785,#793));
#783 = ORIENTED_EDGE('',*,*,#307,.T.);
#784 = ORIENTED_EDGE('',*,*,#770,.T.);
#785 = ORIENTED_EDGE('',*,*,#786,.T.);
#786 = EDGE_CURVE('',#763,#787,#789,.T.);
#787 = VERTEX_POINT('',#788);
#788 = CARTESIAN_POINT('',(102.,49.8486315613,4.6));
#789 = LINE('',#790,#791);
#790 = CARTESIAN_POINT('',(99.1,48.17431578065,4.6));
#791 = VECTOR('',#792,1.);
#792 = DIRECTION('',(0.866025403784,0.5,-0.));
#793 = ORIENTED_EDGE('',*,*,#794,.F.);
#794 = EDGE_CURVE('',#300,#787,#795,.T.);
#795 = LINE('',#796,#797);
#796 = CARTESIAN_POINT('',(102.,49.8486315613,1.8));
#797 = VECTOR('',#798,1.);
#798 = DIRECTION('',(-0.,-0.,1.));
#799 = PLANE('',#800);
#800 = AXIS2_PLACEMENT_3D('',#801,#802,#803);
#801 = CARTESIAN_POINT('',(99.1,48.17431578065,1.8));
#802 = DIRECTION('',(0.5,-0.866025403784,-0.));
#803 = DIRECTION('',(-0.866025403784,-0.5,0.));
#804 = ADVANCED_FACE('',(#805),#823,.T.);
#805 = FACE_BOUND('',#806,.F.);
#806 = EDGE_LOOP('',(#807,#808,#809,#817));
#807 = ORIENTED_EDGE('',*,*,#299,.T.);
#808 = ORIENTED_EDGE('',*,*,#794,.T.);
#809 = ORIENTED_EDGE('',*,*,#810,.T.);
#810 = EDGE_CURVE('',#787,#811,#813,.T.);
#811 = VERTEX_POINT('',#812);
#812 = CARTESIAN_POINT('',(104.9,48.17431578065,4.6));
#813 = LINE('',#814,#815);
#814 = CARTESIAN_POINT('',(102.,49.8486315613,4.6));
#815 = VECTOR('',#816,1.);
#816 = DIRECTION('',(0.866025403784,-0.5,-0.));
#817 = ORIENTED_EDGE('',*,*,#818,.F.);
#818 = EDGE_CURVE('',#292,#811,#819,.T.);
#819 = LINE('',#820,#821);
#820 = CARTESIAN_POINT('',(104.9,48.17431578065,1.8));
#821 = VECTOR('',#822,1.);
#822 = DIRECTION('',(-0.,-0.,1.));
#823 = PLANE('',#824);
#824 = AXIS2_PLACEMENT_3D('',#825,#826,#827);
#825 = CARTESIAN_POINT('',(102.,49.8486315613,1.8));
#826 = DIRECTION('',(-0.5,-0.866025403784,-0.));
#827 = DIRECTION('',(-0.866025403784,0.5,0.));
#828 = ADVANCED_FACE('',(#829),#847,.T.);
#829 = FACE_BOUND('',#830,.F.);
#830 = EDGE_LOOP('',(#831,#832,#833,#841));
#831 = ORIENTED_EDGE('',*,*,#291,.T.);
#832 = ORIENTED_EDGE('',*,*,#818,.T.);
#833 = ORIENTED_EDGE('',*,*,#834,.T.);
#834 = EDGE_CURVE('',#811,#835,#837,.T.);
#835 = VERTEX_POINT('',#836);
#836 = CARTESIAN_POINT('',(104.9,44.82568421935,4.6));
#837 = LINE('',#838,#839);
#838 = CARTESIAN_POINT('',(104.9,48.17431578065,4.6));
#839 = VECTOR('',#840,1.);
#840 = DIRECTION('',(-0.,-1.,-0.));
#841 = ORIENTED_EDGE('',*,*,#842,.F.);
#842 = EDGE_CURVE('',#284,#835,#843,.T.);
#843 = LINE('',#844,#845);
#844 = CARTESIAN_POINT('',(104.9,44.82568421935,1.8));
#845 = VECTOR('',#846,1.);
#846 = DIRECTION('',(-0.,-0.,1.));
#847 = PLANE('',#848);
#848 = AXIS2_PLACEMENT_3D('',#849,#850,#851);
#849 = CARTESIAN_POINT('',(104.9,48.17431578065,1.8));
#850 = DIRECTION('',(-1.,-0.,-0.));
#851 = DIRECTION('',(0.,1.,0.));
#852 = ADVANCED_FACE('',(#853),#864,.T.);
#853 = FACE_BOUND('',#854,.F.);
#854 = EDGE_LOOP('',(#855,#856,#857,#863));
#855 = ORIENTED_EDGE('',*,*,#283,.T.);
#856 = ORIENTED_EDGE('',*,*,#842,.T.);
#857 = ORIENTED_EDGE('',*,*,#858,.T.);
#858 = EDGE_CURVE('',#835,#731,#859,.T.);
#859 = LINE('',#860,#861);
#860 = CARTESIAN_POINT('',(104.9,44.82568421935,4.6));
#861 = VECTOR('',#862,1.);
#862 = DIRECTION('',(-0.866025403784,-0.5,-0.));
#863 = ORIENTED_EDGE('',*,*,#730,.F.);
#864 = PLANE('',#865);
#865 = AXIS2_PLACEMENT_3D('',#866,#867,#868);
#866 = CARTESIAN_POINT('',(104.9,44.82568421935,1.8));
#867 = DIRECTION('',(-0.5,0.866025403784,0.));
#868 = DIRECTION('',(0.866025403784,0.5,0.));
#869 = ADVANCED_FACE('',(#870),#895,.T.);
#870 = FACE_BOUND('',#871,.F.);
#871 = EDGE_LOOP('',(#872,#873,#881,#889));
#872 = ORIENTED_EDGE('',*,*,#323,.T.);
#873 = ORIENTED_EDGE('',*,*,#874,.T.);
#874 = EDGE_CURVE('',#326,#875,#877,.T.);
#875 = VERTEX_POINT('',#876);
#876 = CARTESIAN_POINT('',(102.,11.1513684387,4.6));
#877 = LINE('',#878,#879);
#878 = CARTESIAN_POINT('',(102.,11.1513684387,1.8));
#879 = VECTOR('',#880,1.);
#880 = DIRECTION('',(-0.,-0.,1.));
#881 = ORIENTED_EDGE('',*,*,#882,.T.);
#882 = EDGE_CURVE('',#875,#883,#885,.T.);
#883 = VERTEX_POINT('',#884);
#884 = CARTESIAN_POINT('',(99.1,12.82568421935,4.6));
#885 = LINE('',#886,#887);
#886 = CARTESIAN_POINT('',(102.,11.1513684387,4.6));
#887 = VECTOR('',#888,1.);
#888 = DIRECTION('',(-0.866025403784,0.5,0.));
#889 = ORIENTED_EDGE('',*,*,#890,.F.);
#890 = EDGE_CURVE('',#324,#883,#891,.T.);
#891 = LINE('',#892,#893);
#892 = CARTESIAN_POINT('',(99.1,12.82568421935,1.8));
#893 = VECTOR('',#894,1.);
#894 = DIRECTION('',(-0.,-0.,1.));
#895 = PLANE('',#896);
#896 = AXIS2_PLACEMENT_3D('',#897,#898,#899);
#897 = CARTESIAN_POINT('',(102.,11.1513684387,1.8));
#898 = DIRECTION('',(0.5,0.866025403784,-0.));
#899 = DIRECTION('',(0.866025403784,-0.5,-0.));
#900 = ADVANCED_FACE('',(#901),#919,.T.);
#901 = FACE_BOUND('',#902,.F.);
#902 = EDGE_LOOP('',(#903,#904,#905,#913));
#903 = ORIENTED_EDGE('',*,*,#365,.T.);
#904 = ORIENTED_EDGE('',*,*,#890,.T.);
#905 = ORIENTED_EDGE('',*,*,#906,.T.);
#906 = EDGE_CURVE('',#883,#907,#909,.T.);
#907 = VERTEX_POINT('',#908);
#908 = CARTESIAN_POINT('',(99.1,16.17431578065,4.6));
#909 = LINE('',#910,#911);
#910 = CARTESIAN_POINT('',(99.1,12.82568421935,4.6));
#911 = VECTOR('',#912,1.);
#912 = DIRECTION('',(-0.,1.,-0.));
#913 = ORIENTED_EDGE('',*,*,#914,.F.);
#914 = EDGE_CURVE('',#358,#907,#915,.T.);
#915 = LINE('',#916,#917);
#916 = CARTESIAN_POINT('',(99.1,16.17431578065,1.8));
#917 = VECTOR('',#918,1.);
#918 = DIRECTION('',(-0.,-0.,1.));
#919 = PLANE('',#920);
#920 = AXIS2_PLACEMENT_3D('',#921,#922,#923);
#921 = CARTESIAN_POINT('',(99.1,12.82568421935,1.8));
#922 = DIRECTION('',(1.,-0.,-0.));
#923 = DIRECTION('',(0.,-1.,0.));
#924 = ADVANCED_FACE('',(#925),#943,.T.);
#925 = FACE_BOUND('',#926,.F.);
#926 = EDGE_LOOP('',(#927,#928,#936,#942));
#927 = ORIENTED_EDGE('',*,*,#333,.T.);
#928 = ORIENTED_EDGE('',*,*,#929,.T.);
#929 = EDGE_CURVE('',#334,#930,#932,.T.);
#930 = VERTEX_POINT('',#931);
#931 = CARTESIAN_POINT('',(104.9,12.82568421935,4.6));
#932 = LINE('',#933,#934);
#933 = CARTESIAN_POINT('',(104.9,12.82568421935,1.8));
#934 = VECTOR('',#935,1.);
#935 = DIRECTION('',(-0.,-0.,1.));
#936 = ORIENTED_EDGE('',*,*,#937,.T.);
#937 = EDGE_CURVE('',#930,#875,#938,.T.);
#938 = LINE('',#939,#940);
#939 = CARTESIAN_POINT('',(104.9,12.82568421935,4.6));
#940 = VECTOR('',#941,1.);
#941 = DIRECTION('',(-0.866025403784,-0.5,-0.));
#942 = ORIENTED_EDGE('',*,*,#874,.F.);
#943 = PLANE('',#944);
#944 = AXIS2_PLACEMENT_3D('',#945,#946,#947);
#945 = CARTESIAN_POINT('',(104.9,12.82568421935,1.8));
#946 = DIRECTION('',(-0.5,0.866025403784,0.));
#947 = DIRECTION('',(0.866025403784,0.5,0.));
#948 = ADVANCED_FACE('',(#949),#967,.T.);
#949 = FACE_BOUND('',#950,.F.);
#950 = EDGE_LOOP('',(#951,#952,#953,#961));
#951 = ORIENTED_EDGE('',*,*,#357,.T.);
#952 = ORIENTED_EDGE('',*,*,#914,.T.);
#953 = ORIENTED_EDGE('',*,*,#954,.T.);
#954 = EDGE_CURVE('',#907,#955,#957,.T.);
#955 = VERTEX_POINT('',#956);
#956 = CARTESIAN_POINT('',(102.,17.8486315613,4.6));
#957 = LINE('',#958,#959);
#958 = CARTESIAN_POINT('',(99.1,16.17431578065,4.6));
#959 = VECTOR('',#960,1.);
#960 = DIRECTION('',(0.866025403784,0.5,-0.));
#961 = ORIENTED_EDGE('',*,*,#962,.F.);
#962 = EDGE_CURVE('',#350,#955,#963,.T.);
#963 = LINE('',#964,#965);
#964 = CARTESIAN_POINT('',(102.,17.8486315613,1.8));
#965 = VECTOR('',#966,1.);
#966 = DIRECTION('',(-0.,-0.,1.));
#967 = PLANE('',#968);
#968 = AXIS2_PLACEMENT_3D('',#969,#970,#971);
#969 = CARTESIAN_POINT('',(99.1,16.17431578065,1.8));
#970 = DIRECTION('',(0.5,-0.866025403784,-0.));
#971 = DIRECTION('',(-0.866025403784,-0.5,0.));
#972 = ADVANCED_FACE('',(#973),#991,.T.);
#973 = FACE_BOUND('',#974,.F.);
#974 = EDGE_LOOP('',(#975,#976,#984,#990));
#975 = ORIENTED_EDGE('',*,*,#341,.T.);
#976 = ORIENTED_EDGE('',*,*,#977,.T.);
#977 = EDGE_CURVE('',#342,#978,#980,.T.);
#978 = VERTEX_POINT('',#979);
#979 = CARTESIAN_POINT('',(104.9,16.17431578065,4.6));
#980 = LINE('',#981,#982);
#981 = CARTESIAN_POINT('',(104.9,16.17431578065,1.8));
#982 = VECTOR('',#983,1.);
#983 = DIRECTION('',(-0.,-0.,1.));
#984 = ORIENTED_EDGE('',*,*,#985,.T.);
#985 = EDGE_CURVE('',#978,#930,#986,.T.);
#986 = LINE('',#987,#988);
#987 = CARTESIAN_POINT('',(104.9,16.17431578065,4.6));
#988 = VECTOR('',#989,1.);
#989 = DIRECTION('',(-0.,-1.,-0.));
#990 = ORIENTED_EDGE('',*,*,#929,.F.);
#991 = PLANE('',#992);
#992 = AXIS2_PLACEMENT_3D('',#993,#994,#995);
#993 = CARTESIAN_POINT('',(104.9,16.17431578065,1.8));
#994 = DIRECTION('',(-1.,-0.,-0.));
#995 = DIRECTION('',(0.,1.,0.));
#996 = ADVANCED_FACE('',(#997),#1008,.T.);
#997 = FACE_BOUND('',#998,.F.);
#998 = EDGE_LOOP('',(#999,#1000,#1001,#1007));
#999 = ORIENTED_EDGE('',*,*,#349,.T.);
#1000 = ORIENTED_EDGE('',*,*,#962,.T.);
#1001 = ORIENTED_EDGE('',*,*,#1002,.T.);
#1002 = EDGE_CURVE('',#955,#978,#1003,.T.);
#1003 = LINE('',#1004,#1005);
#1004 = CARTESIAN_POINT('',(102.,17.8486315613,4.6));
#1005 = VECTOR('',#1006,1.);
#1006 = DIRECTION('',(0.866025403784,-0.5,-0.));
#1007 = ORIENTED_EDGE('',*,*,#977,.F.);
#1008 = PLANE('',#1009);
#1009 = AXIS2_PLACEMENT_3D('',#1010,#1011,#1012);
#1010 = CARTESIAN_POINT('',(102.,17.8486315613,1.8));
#1011 = DIRECTION('',(-0.5,-0.866025403784,-0.));
#1012 = DIRECTION('',(-0.866025403784,0.5,0.));
#1013 = ADVANCED_FACE('',(#1014,#1022),#1033,.T.);
#1014 = FACE_BOUND('',#1015,.F.);
#1015 = EDGE_LOOP('',(#1016,#1017,#1018,#1019,#1020,#1021));
#1016 = ORIENTED_EDGE('',*,*,#519,.T.);
#1017 = ORIENTED_EDGE('',*,*,#502,.T.);
#1018 = ORIENTED_EDGE('',*,*,#478,.T.);
#1019 = ORIENTED_EDGE('',*,*,#454,.T.);
#1020 = ORIENTED_EDGE('',*,*,#430,.T.);
#1021 = ORIENTED_EDGE('',*,*,#399,.T.);
#1022 = FACE_BOUND('',#1023,.F.);
#1023 = EDGE_LOOP('',(#1024));
#1024 = ORIENTED_EDGE('',*,*,#1025,.T.);
#1025 = EDGE_CURVE('',#1026,#1026,#1028,.T.);
#1026 = VERTEX_POINT('',#1027);
#1027 = CARTESIAN_POINT('',(102.,55.1,7.75));
#1028 = CIRCLE('',#1029,1.75);
#1029 = AXIS2_PLACEMENT_3D('',#1030,#1031,#1032);
#1030 = CARTESIAN_POINT('',(102.,55.1,6.));
#1031 = DIRECTION('',(0.,1.,0.));
#1032 = DIRECTION('',(-0.,-0.,1.));
#1033 = PLANE('',#1034);
#1034 = AXIS2_PLACEMENT_3D('',#1035,#1036,#1037);
#1035 = CARTESIAN_POINT('',(102.,55.1,6.));
#1036 = DIRECTION('',(-0.,1.,-0.));
#1037 = DIRECTION('',(0.,0.,1.));
#1038 = ADVANCED_FACE('',(#1039,#1047),#1050,.F.);
#1039 = FACE_BOUND('',#1040,.T.);
#1040 = EDGE_LOOP('',(#1041,#1042,#1043,#1044,#1045,#1046));
#1041 = ORIENTED_EDGE('',*,*,#858,.T.);
#1042 = ORIENTED_EDGE('',*,*,#738,.T.);
#1043 = ORIENTED_EDGE('',*,*,#762,.T.);
#1044 = ORIENTED_EDGE('',*,*,#786,.T.);
#1045 = ORIENTED_EDGE('',*,*,#810,.T.);
#1046 = ORIENTED_EDGE('',*,*,#834,.T.);
#1047 = FACE_BOUND('',#1048,.T.);
#1048 = EDGE_LOOP('',(#1049));
#1049 = ORIENTED_EDGE('',*,*,#544,.F.);
#1050 = PLANE('',#1051);
#1051 = AXIS2_PLACEMENT_3D('',#1052,#1053,#1054);
#1052 = CARTESIAN_POINT('',(102.,46.5,4.6));
#1053 = DIRECTION('',(-0.,-0.,1.));
#1054 = DIRECTION('',(-1.,0.,0.));
#1055 = ADVANCED_FACE('',(#1056,#1064),#1067,.F.);
#1056 = FACE_BOUND('',#1057,.T.);
#1057 = EDGE_LOOP('',(#1058,#1059,#1060,#1061,#1062,#1063));
#1058 = ORIENTED_EDGE('',*,*,#937,.T.);
#1059 = ORIENTED_EDGE('',*,*,#882,.T.);
#1060 = ORIENTED_EDGE('',*,*,#906,.T.);
#1061 = ORIENTED_EDGE('',*,*,#954,.T.);
#1062 = ORIENTED_EDGE('',*,*,#1002,.T.);
#1063 = ORIENTED_EDGE('',*,*,#985,.T.);
#1064 = FACE_BOUND('',#1065,.T.);
#1065 = EDGE_LOOP('',(#1066));
#1066 = ORIENTED_EDGE('',*,*,#569,.F.);
#1067 = PLANE('',#1068);
#1068 = AXIS2_PLACEMENT_3D('',#1069,#1070,#1071);
#1069 = CARTESIAN_POINT('',(102.,14.5,4.6));
#1070 = DIRECTION('',(-0.,-0.,1.));
#1071 = DIRECTION('',(-1.,0.,0.));
#1072 = ADVANCED_FACE('',(#1073,#1081),#1092,.F.);
#1073 = FACE_BOUND('',#1074,.T.);
#1074 = EDGE_LOOP('',(#1075,#1076,#1077,#1078,#1079,#1080));
#1075 = ORIENTED_EDGE('',*,*,#715,.T.);
#1076 = ORIENTED_EDGE('',*,*,#698,.T.);
#1077 = ORIENTED_EDGE('',*,*,#674,.T.);
#1078 = ORIENTED_EDGE('',*,*,#650,.T.);
#1079 = ORIENTED_EDGE('',*,*,#626,.T.);
#1080 = ORIENTED_EDGE('',*,*,#602,.T.);
#1081 = FACE_BOUND('',#1082,.T.);
#1082 = EDGE_LOOP('',(#1083));
#1083 = ORIENTED_EDGE('',*,*,#1084,.T.);
#1084 = EDGE_CURVE('',#1085,#1085,#1087,.T.);
#1085 = VERTEX_POINT('',#1086);
#1086 = CARTESIAN_POINT('',(102.,5.9,7.75));
#1087 = CIRCLE('',#1088,1.75);
#1088 = AXIS2_PLACEMENT_3D('',#1089,#1090,#1091);
#1089 = CARTESIAN_POINT('',(102.,5.9,6.));
#1090 = DIRECTION('',(0.,1.,0.));
#1091 = DIRECTION('',(-0.,-0.,1.));
#1092 = PLANE('',#1093);
#1093 = AXIS2_PLACEMENT_3D('',#1094,#1095,#1096);
#1094 = CARTESIAN_POINT('',(102.,5.9,6.));
#1095 = DIRECTION('',(-0.,1.,-0.));
#1096 = DIRECTION('',(0.,0.,1.));
#1097 = ADVANCED_FACE('',(#1098),#1117,.F.);
#1098 = FACE_BOUND('',#1099,.T.);
#1099 = EDGE_LOOP('',(#1100,#1108,#1115,#1116));
#1100 = ORIENTED_EDGE('',*,*,#1101,.T.);
#1101 = EDGE_CURVE('',#1026,#1102,#1104,.T.);
#1102 = VERTEX_POINT('',#1103);
#1103 = CARTESIAN_POINT('',(102.,52.2,7.75));
#1104 = LINE('',#1105,#1106);
#1105 = CARTESIAN_POINT('',(102.,58.4,7.75));
#1106 = VECTOR('',#1107,1.);
#1107 = DIRECTION('',(-0.,-1.,-0.));
#1108 = ORIENTED_EDGE('',*,*,#1109,.F.);
#1109 = EDGE_CURVE('',#1102,#1102,#1110,.T.);
#1110 = CIRCLE('',#1111,1.75);
#1111 = AXIS2_PLACEMENT_3D('',#1112,#1113,#1114);
#1112 = CARTESIAN_POINT('',(102.,52.2,6.));
#1113 = DIRECTION('',(0.,1.,0.));
#1114 = DIRECTION('',(-0.,-0.,1.));
#1115 = ORIENTED_EDGE('',*,*,#1101,.F.);
#1116 = ORIENTED_EDGE('',*,*,#1025,.T.);
#1117 = CYLINDRICAL_SURFACE('',#1118,1.75);
#1118 = AXIS2_PLACEMENT_3D('',#1119,#1120,#1121);
#1119 = CARTESIAN_POINT('',(102.,58.4,6.));
#1120 = DIRECTION('',(-0.,-1.,-0.));
#1121 = DIRECTION('',(-0.,-0.,1.));
#1122 = ADVANCED_FACE('',(#1123),#1142,.F.);
#1123 = FACE_BOUND('',#1124,.T.);
#1124 = EDGE_LOOP('',(#1125,#1126,#1134,#1141));
#1125 = ORIENTED_EDGE('',*,*,#1084,.F.);
#1126 = ORIENTED_EDGE('',*,*,#1127,.F.);
#1127 = EDGE_CURVE('',#1128,#1085,#1130,.T.);
#1128 = VERTEX_POINT('',#1129);
#1129 = CARTESIAN_POINT('',(102.,8.4,7.75));
#1130 = LINE('',#1131,#1132);
#1131 = CARTESIAN_POINT('',(102.,8.4,7.75));
#1132 = VECTOR('',#1133,1.);
#1133 = DIRECTION('',(-0.,-1.,-0.));
#1134 = ORIENTED_EDGE('',*,*,#1135,.T.);
#1135 = EDGE_CURVE('',#1128,#1128,#1136,.T.);
#1136 = CIRCLE('',#1137,1.75);
#1137 = AXIS2_PLACEMENT_3D('',#1138,#1139,#1140);
#1138 = CARTESIAN_POINT('',(102.,8.4,6.));
#1139 = DIRECTION('',(0.,1.,0.));
#1140 = DIRECTION('',(-0.,-0.,1.));
#1141 = ORIENTED_EDGE('',*,*,#1127,.T.);
#1142 = CYLINDRICAL_SURFACE('',#1143,1.75);
#1143 = AXIS2_PLACEMENT_3D('',#1144,#1145,#1146);
#1144 = CARTESIAN_POINT('',(102.,8.4,6.));
#1145 = DIRECTION('',(-0.,-1.,-0.));
#1146 = DIRECTION('',(-0.,-0.,1.));
#1147 = ADVANCED_FACE('',(#1148),#1151,.F.);
#1148 = FACE_BOUND('',#1149,.T.);
#1149 = EDGE_LOOP('',(#1150));
#1150 = ORIENTED_EDGE('',*,*,#1109,.T.);
#1151 = PLANE('',#1152);
#1152 = AXIS2_PLACEMENT_3D('',#1153,#1154,#1155);
#1153 = CARTESIAN_POINT('',(102.,52.2,6.));
#1154 = DIRECTION('',(-0.,-1.,-0.));
#1155 = DIRECTION('',(0.,0.,-1.));
#1156 = ADVANCED_FACE('',(#1157),#1160,.T.);
#1157 = FACE_BOUND('',#1158,.T.);
#1158 = EDGE_LOOP('',(#1159));
#1159 = ORIENTED_EDGE('',*,*,#1135,.F.);
#1160 = PLANE('',#1161);
#1161 = AXIS2_PLACEMENT_3D('',#1162,#1163,#1164);
#1162 = CARTESIAN_POINT('',(102.,8.4,6.));
#1163 = DIRECTION('',(-0.,-1.,-0.));
#1164 = DIRECTION('',(0.,0.,-1.));
#1165 = MANIFOLD_SOLID_BREP('',#1166);
#1166 = CLOSED_SHELL('',(#1167,#1207,#1238,#1306,#1330,#1391,#1403,#1420
    ,#1437,#1454));
#1167 = ADVANCED_FACE('',(#1168),#1202,.F.);
#1168 = FACE_BOUND('',#1169,.F.);
#1169 = EDGE_LOOP('',(#1170,#1180,#1188,#1196));
#1170 = ORIENTED_EDGE('',*,*,#1171,.F.);
#1171 = EDGE_CURVE('',#1172,#1174,#1176,.T.);
#1172 = VERTEX_POINT('',#1173);
#1173 = CARTESIAN_POINT('',(95.,7.5,10.05));
#1174 = VERTEX_POINT('',#1175);
#1175 = CARTESIAN_POINT('',(95.,7.5,13.05));
#1176 = LINE('',#1177,#1178);
#1177 = CARTESIAN_POINT('',(95.,7.5,10.05));
#1178 = VECTOR('',#1179,1.);
#1179 = DIRECTION('',(0.,0.,1.));
#1180 = ORIENTED_EDGE('',*,*,#1181,.T.);
#1181 = EDGE_CURVE('',#1172,#1182,#1184,.T.);
#1182 = VERTEX_POINT('',#1183);
#1183 = CARTESIAN_POINT('',(95.,53.5,10.05));
#1184 = LINE('',#1185,#1186);
#1185 = CARTESIAN_POINT('',(95.,7.5,10.05));
#1186 = VECTOR('',#1187,1.);
#1187 = DIRECTION('',(0.,1.,0.));
#1188 = ORIENTED_EDGE('',*,*,#1189,.T.);
#1189 = EDGE_CURVE('',#1182,#1190,#1192,.T.);
#1190 = VERTEX_POINT('',#1191);
#1191 = CARTESIAN_POINT('',(95.,53.5,13.05));
#1192 = LINE('',#1193,#1194);
#1193 = CARTESIAN_POINT('',(95.,53.5,10.05));
#1194 = VECTOR('',#1195,1.);
#1195 = DIRECTION('',(0.,0.,1.));
#1196 = ORIENTED_EDGE('',*,*,#1197,.F.);
#1197 = EDGE_CURVE('',#1174,#1190,#1198,.T.);
#1198 = LINE('',#1199,#1200);
#1199 = CARTESIAN_POINT('',(95.,7.5,13.05));
#1200 = VECTOR('',#1201,1.);
#1201 = DIRECTION('',(0.,1.,0.));
#1202 = PLANE('',#1203);
#1203 = AXIS2_PLACEMENT_3D('',#1204,#1205,#1206);
#1204 = CARTESIAN_POINT('',(95.,7.5,10.05));
#1205 = DIRECTION('',(1.,0.,0.));
#1206 = DIRECTION('',(0.,0.,1.));
#1207 = ADVANCED_FACE('',(#1208),#1233,.F.);
#1208 = FACE_BOUND('',#1209,.F.);
#1209 = EDGE_LOOP('',(#1210,#1218,#1219,#1227));
#1210 = ORIENTED_EDGE('',*,*,#1211,.F.);
#1211 = EDGE_CURVE('',#1172,#1212,#1214,.T.);
#1212 = VERTEX_POINT('',#1213);
#1213 = CARTESIAN_POINT('',(146.5,7.5,10.05));
#1214 = LINE('',#1215,#1216);
#1215 = CARTESIAN_POINT('',(95.,7.5,10.05));
#1216 = VECTOR('',#1217,1.);
#1217 = DIRECTION('',(1.,0.,0.));
#1218 = ORIENTED_EDGE('',*,*,#1171,.T.);
#1219 = ORIENTED_EDGE('',*,*,#1220,.T.);
#1220 = EDGE_CURVE('',#1174,#1221,#1223,.T.);
#1221 = VERTEX_POINT('',#1222);
#1222 = CARTESIAN_POINT('',(146.5,7.5,13.05));
#1223 = LINE('',#1224,#1225);
#1224 = CARTESIAN_POINT('',(95.,7.5,13.05));
#1225 = VECTOR('',#1226,1.);
#1226 = DIRECTION('',(1.,0.,0.));
#1227 = ORIENTED_EDGE('',*,*,#1228,.F.);
#1228 = EDGE_CURVE('',#1212,#1221,#1229,.T.);
#1229 = LINE('',#1230,#1231);
#1230 = CARTESIAN_POINT('',(146.5,7.5,10.05));
#1231 = VECTOR('',#1232,1.);
#1232 = DIRECTION('',(0.,0.,1.));
#1233 = PLANE('',#1234);
#1234 = AXIS2_PLACEMENT_3D('',#1235,#1236,#1237);
#1235 = CARTESIAN_POINT('',(95.,7.5,10.05));
#1236 = DIRECTION('',(0.,1.,0.));
#1237 = DIRECTION('',(0.,0.,1.));
#1238 = ADVANCED_FACE('',(#1239,#1257,#1268,#1279,#1290),#1301,.T.);
#1239 = FACE_BOUND('',#1240,.T.);
#1240 = EDGE_LOOP('',(#1241,#1242,#1243,#1251));
#1241 = ORIENTED_EDGE('',*,*,#1197,.F.);
#1242 = ORIENTED_EDGE('',*,*,#1220,.T.);
#1243 = ORIENTED_EDGE('',*,*,#1244,.T.);
#1244 = EDGE_CURVE('',#1221,#1245,#1247,.T.);
#1245 = VERTEX_POINT('',#1246);
#1246 = CARTESIAN_POINT('',(146.5,53.5,13.05));
#1247 = LINE('',#1248,#1249);
#1248 = CARTESIAN_POINT('',(146.5,7.5,13.05));
#1249 = VECTOR('',#1250,1.);
#1250 = DIRECTION('',(0.,1.,0.));
#1251 = ORIENTED_EDGE('',*,*,#1252,.F.);
#1252 = EDGE_CURVE('',#1190,#1245,#1253,.T.);
#1253 = LINE('',#1254,#1255);
#1254 = CARTESIAN_POINT('',(95.,53.5,13.05));
#1255 = VECTOR('',#1256,1.);
#1256 = DIRECTION('',(1.,0.,0.));
#1257 = FACE_BOUND('',#1258,.T.);
#1258 = EDGE_LOOP('',(#1259));
#1259 = ORIENTED_EDGE('',*,*,#1260,.F.);
#1260 = EDGE_CURVE('',#1261,#1261,#1263,.T.);
#1261 = VERTEX_POINT('',#1262);
#1262 = CARTESIAN_POINT('',(103.65,14.5,13.05));
#1263 = CIRCLE('',#1264,1.65);
#1264 = AXIS2_PLACEMENT_3D('',#1265,#1266,#1267);
#1265 = CARTESIAN_POINT('',(102.,14.5,13.05));
#1266 = DIRECTION('',(0.,0.,1.));
#1267 = DIRECTION('',(1.,0.,0.));
#1268 = FACE_BOUND('',#1269,.T.);
#1269 = EDGE_LOOP('',(#1270));
#1270 = ORIENTED_EDGE('',*,*,#1271,.F.);
#1271 = EDGE_CURVE('',#1272,#1272,#1274,.T.);
#1272 = VERTEX_POINT('',#1273);
#1273 = CARTESIAN_POINT('',(141.15,14.5,13.05));
#1274 = CIRCLE('',#1275,1.65);
#1275 = AXIS2_PLACEMENT_3D('',#1276,#1277,#1278);
#1276 = CARTESIAN_POINT('',(139.5,14.5,13.05));
#1277 = DIRECTION('',(0.,0.,1.));
#1278 = DIRECTION('',(1.,0.,0.));
#1279 = FACE_BOUND('',#1280,.T.);
#1280 = EDGE_LOOP('',(#1281));
#1281 = ORIENTED_EDGE('',*,*,#1282,.F.);
#1282 = EDGE_CURVE('',#1283,#1283,#1285,.T.);
#1283 = VERTEX_POINT('',#1284);
#1284 = CARTESIAN_POINT('',(103.75,46.5,13.05));
#1285 = CIRCLE('',#1286,1.75);
#1286 = AXIS2_PLACEMENT_3D('',#1287,#1288,#1289);
#1287 = CARTESIAN_POINT('',(102.,46.5,13.05));
#1288 = DIRECTION('',(0.,0.,1.));
#1289 = DIRECTION('',(1.,0.,0.));
#1290 = FACE_BOUND('',#1291,.T.);
#1291 = EDGE_LOOP('',(#1292));
#1292 = ORIENTED_EDGE('',*,*,#1293,.F.);
#1293 = EDGE_CURVE('',#1294,#1294,#1296,.T.);
#1294 = VERTEX_POINT('',#1295);
#1295 = CARTESIAN_POINT('',(141.25,46.5,13.05));
#1296 = CIRCLE('',#1297,1.75);
#1297 = AXIS2_PLACEMENT_3D('',#1298,#1299,#1300);
#1298 = CARTESIAN_POINT('',(139.5,46.5,13.05));
#1299 = DIRECTION('',(0.,0.,1.));
#1300 = DIRECTION('',(1.,0.,0.));
#1301 = PLANE('',#1302);
#1302 = AXIS2_PLACEMENT_3D('',#1303,#1304,#1305);
#1303 = CARTESIAN_POINT('',(95.,7.5,13.05));
#1304 = DIRECTION('',(0.,0.,1.));
#1305 = DIRECTION('',(1.,0.,0.));
#1306 = ADVANCED_FACE('',(#1307),#1325,.T.);
#1307 = FACE_BOUND('',#1308,.T.);
#1308 = EDGE_LOOP('',(#1309,#1317,#1318,#1319));
#1309 = ORIENTED_EDGE('',*,*,#1310,.F.);
#1310 = EDGE_CURVE('',#1182,#1311,#1313,.T.);
#1311 = VERTEX_POINT('',#1312);
#1312 = CARTESIAN_POINT('',(146.5,53.5,10.05));
#1313 = LINE('',#1314,#1315);
#1314 = CARTESIAN_POINT('',(95.,53.5,10.05));
#1315 = VECTOR('',#1316,1.);
#1316 = DIRECTION('',(1.,0.,0.));
#1317 = ORIENTED_EDGE('',*,*,#1189,.T.);
#1318 = ORIENTED_EDGE('',*,*,#1252,.T.);
#1319 = ORIENTED_EDGE('',*,*,#1320,.F.);
#1320 = EDGE_CURVE('',#1311,#1245,#1321,.T.);
#1321 = LINE('',#1322,#1323);
#1322 = CARTESIAN_POINT('',(146.5,53.5,10.05));
#1323 = VECTOR('',#1324,1.);
#1324 = DIRECTION('',(0.,0.,1.));
#1325 = PLANE('',#1326);
#1326 = AXIS2_PLACEMENT_3D('',#1327,#1328,#1329);
#1327 = CARTESIAN_POINT('',(95.,53.5,10.05));
#1328 = DIRECTION('',(0.,1.,0.));
#1329 = DIRECTION('',(0.,0.,1.));
#1330 = ADVANCED_FACE('',(#1331,#1342,#1353,#1364,#1375),#1386,.F.);
#1331 = FACE_BOUND('',#1332,.F.);
#1332 = EDGE_LOOP('',(#1333,#1334,#1335,#1341));
#1333 = ORIENTED_EDGE('',*,*,#1181,.F.);
#1334 = ORIENTED_EDGE('',*,*,#1211,.T.);
#1335 = ORIENTED_EDGE('',*,*,#1336,.T.);
#1336 = EDGE_CURVE('',#1212,#1311,#1337,.T.);
#1337 = LINE('',#1338,#1339);
#1338 = CARTESIAN_POINT('',(146.5,7.5,10.05));
#1339 = VECTOR('',#1340,1.);
#1340 = DIRECTION('',(0.,1.,0.));
#1341 = ORIENTED_EDGE('',*,*,#1310,.F.);
#1342 = FACE_BOUND('',#1343,.F.);
#1343 = EDGE_LOOP('',(#1344));
#1344 = ORIENTED_EDGE('',*,*,#1345,.F.);
#1345 = EDGE_CURVE('',#1346,#1346,#1348,.T.);
#1346 = VERTEX_POINT('',#1347);
#1347 = CARTESIAN_POINT('',(103.65,14.5,10.05));
#1348 = CIRCLE('',#1349,1.65);
#1349 = AXIS2_PLACEMENT_3D('',#1350,#1351,#1352);
#1350 = CARTESIAN_POINT('',(102.,14.5,10.05));
#1351 = DIRECTION('',(0.,0.,1.));
#1352 = DIRECTION('',(1.,0.,0.));
#1353 = FACE_BOUND('',#1354,.F.);
#1354 = EDGE_LOOP('',(#1355));
#1355 = ORIENTED_EDGE('',*,*,#1356,.F.);
#1356 = EDGE_CURVE('',#1357,#1357,#1359,.T.);
#1357 = VERTEX_POINT('',#1358);
#1358 = CARTESIAN_POINT('',(141.15,14.5,10.05));
#1359 = CIRCLE('',#1360,1.65);
#1360 = AXIS2_PLACEMENT_3D('',#1361,#1362,#1363);
#1361 = CARTESIAN_POINT('',(139.5,14.5,10.05));
#1362 = DIRECTION('',(0.,0.,1.));
#1363 = DIRECTION('',(1.,0.,0.));
#1364 = FACE_BOUND('',#1365,.F.);
#1365 = EDGE_LOOP('',(#1366));
#1366 = ORIENTED_EDGE('',*,*,#1367,.F.);
#1367 = EDGE_CURVE('',#1368,#1368,#1370,.T.);
#1368 = VERTEX_POINT('',#1369);
#1369 = CARTESIAN_POINT('',(103.75,46.5,10.05));
#1370 = CIRCLE('',#1371,1.75);
#1371 = AXIS2_PLACEMENT_3D('',#1372,#1373,#1374);
#1372 = CARTESIAN_POINT('',(102.,46.5,10.05));
#1373 = DIRECTION('',(0.,0.,1.));
#1374 = DIRECTION('',(1.,0.,0.));
#1375 = FACE_BOUND('',#1376,.F.);
#1376 = EDGE_LOOP('',(#1377));
#1377 = ORIENTED_EDGE('',*,*,#1378,.F.);
#1378 = EDGE_CURVE('',#1379,#1379,#1381,.T.);
#1379 = VERTEX_POINT('',#1380);
#1380 = CARTESIAN_POINT('',(141.25,46.5,10.05));
#1381 = CIRCLE('',#1382,1.75);
#1382 = AXIS2_PLACEMENT_3D('',#1383,#1384,#1385);
#1383 = CARTESIAN_POINT('',(139.5,46.5,10.05));
#1384 = DIRECTION('',(0.,0.,1.));
#1385 = DIRECTION('',(1.,0.,0.));
#1386 = PLANE('',#1387);
#1387 = AXIS2_PLACEMENT_3D('',#1388,#1389,#1390);
#1388 = CARTESIAN_POINT('',(95.,7.5,10.05));
#1389 = DIRECTION('',(0.,0.,1.));
#1390 = DIRECTION('',(1.,0.,0.));
#1391 = ADVANCED_FACE('',(#1392),#1398,.T.);
#1392 = FACE_BOUND('',#1393,.T.);
#1393 = EDGE_LOOP('',(#1394,#1395,#1396,#1397));
#1394 = ORIENTED_EDGE('',*,*,#1228,.F.);
#1395 = ORIENTED_EDGE('',*,*,#1336,.T.);
#1396 = ORIENTED_EDGE('',*,*,#1320,.T.);
#1397 = ORIENTED_EDGE('',*,*,#1244,.F.);
#1398 = PLANE('',#1399);
#1399 = AXIS2_PLACEMENT_3D('',#1400,#1401,#1402);
#1400 = CARTESIAN_POINT('',(146.5,7.5,10.05));
#1401 = DIRECTION('',(1.,0.,0.));
#1402 = DIRECTION('',(0.,0.,1.));
#1403 = ADVANCED_FACE('',(#1404),#1415,.F.);
#1404 = FACE_BOUND('',#1405,.F.);
#1405 = EDGE_LOOP('',(#1406,#1407,#1413,#1414));
#1406 = ORIENTED_EDGE('',*,*,#1260,.F.);
#1407 = ORIENTED_EDGE('',*,*,#1408,.F.);
#1408 = EDGE_CURVE('',#1346,#1261,#1409,.T.);
#1409 = LINE('',#1410,#1411);
#1410 = CARTESIAN_POINT('',(103.65,14.5,9.05));
#1411 = VECTOR('',#1412,1.);
#1412 = DIRECTION('',(0.,0.,1.));
#1413 = ORIENTED_EDGE('',*,*,#1345,.T.);
#1414 = ORIENTED_EDGE('',*,*,#1408,.T.);
#1415 = CYLINDRICAL_SURFACE('',#1416,1.65);
#1416 = AXIS2_PLACEMENT_3D('',#1417,#1418,#1419);
#1417 = CARTESIAN_POINT('',(102.,14.5,9.05));
#1418 = DIRECTION('',(0.,0.,1.));
#1419 = DIRECTION('',(1.,0.,0.));
#1420 = ADVANCED_FACE('',(#1421),#1432,.F.);
#1421 = FACE_BOUND('',#1422,.F.);
#1422 = EDGE_LOOP('',(#1423,#1424,#1430,#1431));
#1423 = ORIENTED_EDGE('',*,*,#1271,.F.);
#1424 = ORIENTED_EDGE('',*,*,#1425,.F.);
#1425 = EDGE_CURVE('',#1357,#1272,#1426,.T.);
#1426 = LINE('',#1427,#1428);
#1427 = CARTESIAN_POINT('',(141.15,14.5,9.05));
#1428 = VECTOR('',#1429,1.);
#1429 = DIRECTION('',(0.,0.,1.));
#1430 = ORIENTED_EDGE('',*,*,#1356,.T.);
#1431 = ORIENTED_EDGE('',*,*,#1425,.T.);
#1432 = CYLINDRICAL_SURFACE('',#1433,1.65);
#1433 = AXIS2_PLACEMENT_3D('',#1434,#1435,#1436);
#1434 = CARTESIAN_POINT('',(139.5,14.5,9.05));
#1435 = DIRECTION('',(0.,0.,1.));
#1436 = DIRECTION('',(1.,0.,0.));
#1437 = ADVANCED_FACE('',(#1438),#1449,.F.);
#1438 = FACE_BOUND('',#1439,.F.);
#1439 = EDGE_LOOP('',(#1440,#1441,#1447,#1448));
#1440 = ORIENTED_EDGE('',*,*,#1282,.F.);
#1441 = ORIENTED_EDGE('',*,*,#1442,.F.);
#1442 = EDGE_CURVE('',#1368,#1283,#1443,.T.);
#1443 = LINE('',#1444,#1445);
#1444 = CARTESIAN_POINT('',(103.75,46.5,9.05));
#1445 = VECTOR('',#1446,1.);
#1446 = DIRECTION('',(0.,0.,1.));
#1447 = ORIENTED_EDGE('',*,*,#1367,.T.);
#1448 = ORIENTED_EDGE('',*,*,#1442,.T.);
#1449 = CYLINDRICAL_SURFACE('',#1450,1.75);
#1450 = AXIS2_PLACEMENT_3D('',#1451,#1452,#1453);
#1451 = CARTESIAN_POINT('',(102.,46.5,9.05));
#1452 = DIRECTION('',(0.,0.,1.));
#1453 = DIRECTION('',(1.,0.,0.));
#1454 = ADVANCED_FACE('',(#1455),#1466,.F.);
#1455 = FACE_BOUND('',#1456,.F.);
#1456 = EDGE_LOOP('',(#1457,#1458,#1464,#1465));
#1457 = ORIENTED_EDGE('',*,*,#1293,.F.);
#1458 = ORIENTED_EDGE('',*,*,#1459,.F.);
#1459 = EDGE_CURVE('',#1379,#1294,#1460,.T.);
#1460 = LINE('',#1461,#1462);
#1461 = CARTESIAN_POINT('',(141.25,46.5,9.05));
#1462 = VECTOR('',#1463,1.);
#1463 = DIRECTION('',(0.,0.,1.));
#1464 = ORIENTED_EDGE('',*,*,#1378,.T.);
#1465 = ORIENTED_EDGE('',*,*,#1459,.T.);
#1466 = CYLINDRICAL_SURFACE('',#1467,1.75);
#1467 = AXIS2_PLACEMENT_3D('',#1468,#1469,#1470);
#1468 = CARTESIAN_POINT('',(139.5,46.5,9.05));
#1469 = DIRECTION('',(0.,0.,1.));
#1470 = DIRECTION('',(1.,0.,0.));
#1471 = MANIFOLD_SOLID_BREP('',#1472);
#1472 = CLOSED_SHELL('',(#1473,#1515,#1547,#1673,#1698,#1834,#1918,#1935
    ,#1953,#1964,#1981,#1999,#2017,#2238,#2322,#2339,#2356,#2381,#2405,
    #2416,#2440,#2475,#2629,#2658,#2683,#2717,#2744,#2979,#2991,#3022,
    #3046,#3070,#3087,#3111,#3170,#3195,#3220,#3284,#3308,#3359,#3376,
    #3388,#3429,#3469,#3481,#3506,#3516,#3541,#3566,#3625,#3651,#3712,
    #3737,#3762,#3796,#3818,#3835,#3852,#3869,#3886,#3898,#3915,#3932,
    #3949,#3961,#3992,#4018,#4030,#4089,#4148,#4159,#4168,#4177,#4202,
    #4227,#4258,#4282,#4306,#4330,#4354,#4371,#4402,#4426,#4450,#4474,
    #4498,#4515,#4532));
#1473 = ADVANCED_FACE('',(#1474),#1510,.T.);
#1474 = FACE_BOUND('',#1475,.T.);
#1475 = EDGE_LOOP('',(#1476,#1487,#1495,#1504));
#1476 = ORIENTED_EDGE('',*,*,#1477,.T.);
#1477 = EDGE_CURVE('',#1478,#1480,#1482,.T.);
#1478 = VERTEX_POINT('',#1479);
#1479 = CARTESIAN_POINT('',(160.56084996515,5.115907697473E-13,0.));
#1480 = VERTEX_POINT('',#1481);
#1481 = CARTESIAN_POINT('',(170.,4.978263804113,0.));
#1482 = CIRCLE('',#1483,94.);
#1483 = AXIS2_PLACEMENT_3D('',#1484,#1485,#1486);
#1484 = CARTESIAN_POINT('',(121.5,85.5,0.));
#1485 = DIRECTION('',(0.,0.,1.));
#1486 = DIRECTION('',(1.,0.,-0.));
#1487 = ORIENTED_EDGE('',*,*,#1488,.T.);
#1488 = EDGE_CURVE('',#1480,#1489,#1491,.T.);
#1489 = VERTEX_POINT('',#1490);
#1490 = CARTESIAN_POINT('',(170.,4.978263804113,3.));
#1491 = LINE('',#1492,#1493);
#1492 = CARTESIAN_POINT('',(170.,4.978263804113,0.));
#1493 = VECTOR('',#1494,1.);
#1494 = DIRECTION('',(0.,0.,1.));
#1495 = ORIENTED_EDGE('',*,*,#1496,.F.);
#1496 = EDGE_CURVE('',#1497,#1489,#1499,.T.);
#1497 = VERTEX_POINT('',#1498);
#1498 = CARTESIAN_POINT('',(160.56084996515,-2.84217094304E-14,3.));
#1499 = CIRCLE('',#1500,94.);
#1500 = AXIS2_PLACEMENT_3D('',#1501,#1502,#1503);
#1501 = CARTESIAN_POINT('',(121.5,85.5,3.));
#1502 = DIRECTION('',(0.,0.,1.));
#1503 = DIRECTION('',(1.,0.,-0.));
#1504 = ORIENTED_EDGE('',*,*,#1505,.F.);
#1505 = EDGE_CURVE('',#1478,#1497,#1506,.T.);
#1506 = LINE('',#1507,#1508);
#1507 = CARTESIAN_POINT('',(160.56084996515,0.,0.));
#1508 = VECTOR('',#1509,1.);
#1509 = DIRECTION('',(0.,0.,1.));
#1510 = CYLINDRICAL_SURFACE('',#1511,94.);
#1511 = AXIS2_PLACEMENT_3D('',#1512,#1513,#1514);
#1512 = CARTESIAN_POINT('',(121.5,85.5,0.));
#1513 = DIRECTION('',(0.,0.,1.));
#1514 = DIRECTION('',(1.,0.,-0.));
#1515 = ADVANCED_FACE('',(#1516),#1542,.F.);
#1516 = FACE_BOUND('',#1517,.F.);
#1517 = EDGE_LOOP('',(#1518,#1526,#1527,#1535));
#1518 = ORIENTED_EDGE('',*,*,#1519,.T.);
#1519 = EDGE_CURVE('',#1520,#1478,#1522,.T.);
#1520 = VERTEX_POINT('',#1521);
#1521 = CARTESIAN_POINT('',(152.65686120262,-3.907985046681E-13,0.));
#1522 = LINE('',#1523,#1524);
#1523 = CARTESIAN_POINT('',(90.,0.,0.));
#1524 = VECTOR('',#1525,1.);
#1525 = DIRECTION('',(1.,0.,-0.));
#1526 = ORIENTED_EDGE('',*,*,#1477,.T.);
#1527 = ORIENTED_EDGE('',*,*,#1528,.T.);
#1528 = EDGE_CURVE('',#1480,#1529,#1531,.T.);
#1529 = VERTEX_POINT('',#1530);
#1530 = CARTESIAN_POINT('',(170.,8.501623393738,0.));
#1531 = LINE('',#1532,#1533);
#1532 = CARTESIAN_POINT('',(170.,0.,0.));
#1533 = VECTOR('',#1534,1.);
#1534 = DIRECTION('',(-0.,1.,0.));
#1535 = ORIENTED_EDGE('',*,*,#1536,.F.);
#1536 = EDGE_CURVE('',#1520,#1529,#1537,.T.);
#1537 = CIRCLE('',#1538,91.);
#1538 = AXIS2_PLACEMENT_3D('',#1539,#1540,#1541);
#1539 = CARTESIAN_POINT('',(121.5,85.5,0.));
#1540 = DIRECTION('',(0.,0.,1.));
#1541 = DIRECTION('',(1.,0.,-0.));
#1542 = PLANE('',#1543);
#1543 = AXIS2_PLACEMENT_3D('',#1544,#1545,#1546);
#1544 = CARTESIAN_POINT('',(121.5,85.5,0.));
#1545 = DIRECTION('',(0.,0.,1.));
#1546 = DIRECTION('',(1.,0.,-0.));
#1547 = ADVANCED_FACE('',(#1548,#1646,#1657),#1668,.F.);
#1548 = FACE_BOUND('',#1549,.F.);
#1549 = EDGE_LOOP('',(#1550,#1558,#1566,#1574,#1582,#1590,#1598,#1606,
    #1614,#1622,#1630,#1638,#1644,#1645));
#1550 = ORIENTED_EDGE('',*,*,#1551,.F.);
#1551 = EDGE_CURVE('',#1552,#1520,#1554,.T.);
#1552 = VERTEX_POINT('',#1553);
#1553 = CARTESIAN_POINT('',(121.5,0.,0.));
#1554 = LINE('',#1555,#1556);
#1555 = CARTESIAN_POINT('',(90.,0.,0.));
#1556 = VECTOR('',#1557,1.);
#1557 = DIRECTION('',(1.,0.,-0.));
#1558 = ORIENTED_EDGE('',*,*,#1559,.T.);
#1559 = EDGE_CURVE('',#1552,#1560,#1562,.T.);
#1560 = VERTEX_POINT('',#1561);
#1561 = CARTESIAN_POINT('',(121.5,0.,3.));
#1562 = LINE('',#1563,#1564);
#1563 = CARTESIAN_POINT('',(121.5,0.,-200.));
#1564 = VECTOR('',#1565,1.);
#1565 = DIRECTION('',(0.,-0.,1.));
#1566 = ORIENTED_EDGE('',*,*,#1567,.F.);
#1567 = EDGE_CURVE('',#1568,#1560,#1570,.T.);
#1568 = VERTEX_POINT('',#1569);
#1569 = CARTESIAN_POINT('',(152.65686120263,-1.42108547152E-14,3.));
#1570 = LINE('',#1571,#1572);
#1571 = CARTESIAN_POINT('',(105.75,0.,3.));
#1572 = VECTOR('',#1573,1.);
#1573 = DIRECTION('',(-1.,-0.,0.));
#1574 = ORIENTED_EDGE('',*,*,#1575,.T.);
#1575 = EDGE_CURVE('',#1568,#1576,#1578,.T.);
#1576 = VERTEX_POINT('',#1577);
#1577 = CARTESIAN_POINT('',(152.65686120263,-1.42108547152E-14,35.));
#1578 = LINE('',#1579,#1580);
#1579 = CARTESIAN_POINT('',(152.65686120263,0.,0.));
#1580 = VECTOR('',#1581,1.);
#1581 = DIRECTION('',(0.,0.,1.));
#1582 = ORIENTED_EDGE('',*,*,#1583,.F.);
#1583 = EDGE_CURVE('',#1584,#1576,#1586,.T.);
#1584 = VERTEX_POINT('',#1585);
#1585 = CARTESIAN_POINT('',(160.56084996515,-2.84217094304E-14,35.));
#1586 = LINE('',#1587,#1588);
#1587 = CARTESIAN_POINT('',(105.75,0.,35.));
#1588 = VECTOR('',#1589,1.);
#1589 = DIRECTION('',(-1.,-0.,0.));
#1590 = ORIENTED_EDGE('',*,*,#1591,.F.);
#1591 = EDGE_CURVE('',#1592,#1584,#1594,.T.);
#1592 = VERTEX_POINT('',#1593);
#1593 = CARTESIAN_POINT('',(160.56084996515,-1.42108547152E-14,
    30.825308068195));
#1594 = LINE('',#1595,#1596);
#1595 = CARTESIAN_POINT('',(160.56084996515,0.,0.));
#1596 = VECTOR('',#1597,1.);
#1597 = DIRECTION('',(0.,0.,1.));
#1598 = ORIENTED_EDGE('',*,*,#1599,.T.);
#1599 = EDGE_CURVE('',#1592,#1600,#1602,.T.);
#1600 = VERTEX_POINT('',#1601);
#1601 = CARTESIAN_POINT('',(170.,0.,30.252431087541));
#1602 = LINE('',#1603,#1604);
#1603 = CARTESIAN_POINT('',(125.86405446405,-6.938893903907E-18,
    32.931111596229));
#1604 = VECTOR('',#1605,1.);
#1605 = DIRECTION('',(0.998163338139,0.,-6.058011550208E-02));
#1606 = ORIENTED_EDGE('',*,*,#1607,.F.);
#1607 = EDGE_CURVE('',#1608,#1600,#1610,.T.);
#1608 = VERTEX_POINT('',#1609);
#1609 = CARTESIAN_POINT('',(170.,0.,19.548679478134));
#1610 = LINE('',#1611,#1612);
#1611 = CARTESIAN_POINT('',(170.,0.,0.));
#1612 = VECTOR('',#1613,1.);
#1613 = DIRECTION('',(0.,0.,1.));
#1614 = ORIENTED_EDGE('',*,*,#1615,.T.);
#1615 = EDGE_CURVE('',#1608,#1616,#1618,.T.);
#1616 = VERTEX_POINT('',#1617);
#1617 = CARTESIAN_POINT('',(169.48850845797,1.176836406103E-14,
    16.475399449217));
#1618 = LINE('',#1619,#1620);
#1619 = CARTESIAN_POINT('',(166.65229236879,1.33226762955E-15,
    -0.565911205028));
#1620 = VECTOR('',#1621,1.);
#1621 = DIRECTION('',(-0.164173569415,0.,-0.986431467009));
#1622 = ORIENTED_EDGE('',*,*,#1623,.T.);
#1623 = EDGE_CURVE('',#1616,#1624,#1626,.T.);
#1624 = VERTEX_POINT('',#1625);
#1625 = CARTESIAN_POINT('',(168.78287426274,0.,12.235619703528));
#1626 = LINE('',#1627,#1628);
#1627 = CARTESIAN_POINT('',(166.65229236879,1.33226762955E-15,
    -0.565911205028));
#1628 = VECTOR('',#1629,1.);
#1629 = DIRECTION('',(-0.164173569415,0.,-0.986431467009));
#1630 = ORIENTED_EDGE('',*,*,#1631,.F.);
#1631 = EDGE_CURVE('',#1632,#1624,#1634,.T.);
#1632 = VERTEX_POINT('',#1633);
#1633 = CARTESIAN_POINT('',(160.56084996515,-1.42108547152E-14,
    12.734627393529));
#1634 = LINE('',#1635,#1636);
#1635 = CARTESIAN_POINT('',(124.77013180225,-1.110223024625E-16,
    14.906822822237));
#1636 = VECTOR('',#1637,1.);
#1637 = DIRECTION('',(0.998163338139,0.,-6.058011550208E-02));
#1638 = ORIENTED_EDGE('',*,*,#1639,.F.);
#1639 = EDGE_CURVE('',#1497,#1632,#1640,.T.);
#1640 = LINE('',#1641,#1642);
#1641 = CARTESIAN_POINT('',(160.56084996515,0.,0.));
#1642 = VECTOR('',#1643,1.);
#1643 = DIRECTION('',(0.,0.,1.));
#1644 = ORIENTED_EDGE('',*,*,#1505,.F.);
#1645 = ORIENTED_EDGE('',*,*,#1519,.F.);
#1646 = FACE_BOUND('',#1647,.F.);
#1647 = EDGE_LOOP('',(#1648));
#1648 = ORIENTED_EDGE('',*,*,#1649,.F.);
#1649 = EDGE_CURVE('',#1650,#1650,#1652,.T.);
#1650 = VERTEX_POINT('',#1651);
#1651 = CARTESIAN_POINT('',(153.30928291292,0.,21.832998364558));
#1652 = ELLIPSE('',#1653,1.781640179749,1.65);
#1653 = AXIS2_PLACEMENT_3D('',#1654,#1655,#1656);
#1654 = CARTESIAN_POINT('',(155.08199250922,0.,21.767864523116));
#1655 = DIRECTION('',(0.,1.,0.));
#1656 = DIRECTION('',(0.964226769535,0.,-0.265078737193));
#1657 = FACE_BOUND('',#1658,.F.);
#1658 = EDGE_LOOP('',(#1659));
#1659 = ORIENTED_EDGE('',*,*,#1660,.F.);
#1660 = EDGE_CURVE('',#1661,#1661,#1663,.T.);
#1661 = VERTEX_POINT('',#1662);
#1662 = CARTESIAN_POINT('',(163.31662417097,0.,21.612715425245));
#1663 = ELLIPSE('',#1664,2.900068769692,2.3);
#1664 = AXIS2_PLACEMENT_3D('',#1665,#1666,#1667);
#1665 = CARTESIAN_POINT('',(166.20215616356,0.,21.437587913828));
#1666 = DIRECTION('',(0.,1.,0.));
#1667 = DIRECTION('',(0.986431467009,0.,-0.164173569415));
#1668 = PLANE('',#1669);
#1669 = AXIS2_PLACEMENT_3D('',#1670,#1671,#1672);
#1670 = CARTESIAN_POINT('',(90.,0.,0.));
#1671 = DIRECTION('',(-0.,1.,0.));
#1672 = DIRECTION('',(0.,0.,1.));
#1673 = ADVANCED_FACE('',(#1674),#1693,.T.);
#1674 = FACE_BOUND('',#1675,.T.);
#1675 = EDGE_LOOP('',(#1676,#1677,#1678,#1686));
#1676 = ORIENTED_EDGE('',*,*,#1639,.F.);
#1677 = ORIENTED_EDGE('',*,*,#1496,.T.);
#1678 = ORIENTED_EDGE('',*,*,#1679,.T.);
#1679 = EDGE_CURVE('',#1489,#1680,#1682,.T.);
#1680 = VERTEX_POINT('',#1681);
#1681 = CARTESIAN_POINT('',(170.,4.978263804113,12.560556934436));
#1682 = LINE('',#1683,#1684);
#1683 = CARTESIAN_POINT('',(170.,4.978263804113,0.));
#1684 = VECTOR('',#1685,1.);
#1685 = DIRECTION('',(0.,0.,1.));
#1686 = ORIENTED_EDGE('',*,*,#1687,.F.);
#1687 = EDGE_CURVE('',#1632,#1680,#1688,.T.);
#1688 = ELLIPSE('',#1689,94.473554634366,94.);
#1689 = AXIS2_PLACEMENT_3D('',#1690,#1691,#1692);
#1690 = CARTESIAN_POINT('',(121.5,85.5,21.954659662667));
#1691 = DIRECTION('',(6.038736503325E-02,-7.970800552228E-02,
    0.994987437107));
#1692 = DIRECTION('',(-0.600846695681,0.793084641315,0.1));
#1693 = CYLINDRICAL_SURFACE('',#1694,94.);
#1694 = AXIS2_PLACEMENT_3D('',#1695,#1696,#1697);
#1695 = CARTESIAN_POINT('',(121.5,85.5,0.));
#1696 = DIRECTION('',(0.,0.,1.));
#1697 = DIRECTION('',(1.,0.,-0.));
#1698 = ADVANCED_FACE('',(#1699),#1829,.T.);
#1699 = FACE_BOUND('',#1700,.T.);
#1700 = EDGE_LOOP('',(#1701,#1702,#1710,#1718,#1724,#1725,#1726,#1727,
    #1735,#1743,#1751,#1759,#1767,#1775,#1783,#1791,#1799,#1807,#1815,
    #1823));
#1701 = ORIENTED_EDGE('',*,*,#1607,.F.);
#1702 = ORIENTED_EDGE('',*,*,#1703,.T.);
#1703 = EDGE_CURVE('',#1608,#1704,#1706,.T.);
#1704 = VERTEX_POINT('',#1705);
#1705 = CARTESIAN_POINT('',(170.,0.338067224417,16.867520243963));
#1706 = LINE('',#1707,#1708);
#1707 = CARTESIAN_POINT('',(170.,1.632633902538,6.600510748205));
#1708 = VECTOR('',#1709,1.);
#1709 = DIRECTION('',(-0.,0.125099410623,-0.992144212029));
#1710 = ORIENTED_EDGE('',*,*,#1711,.T.);
#1711 = EDGE_CURVE('',#1704,#1712,#1714,.T.);
#1712 = VERTEX_POINT('',#1713);
#1713 = CARTESIAN_POINT('',(170.,0.922103315792,12.235619703528));
#1714 = LINE('',#1715,#1716);
#1715 = CARTESIAN_POINT('',(170.,1.632633902538,6.600510748205));
#1716 = VECTOR('',#1717,1.);
#1717 = DIRECTION('',(-0.,0.125099410623,-0.992144212029));
#1718 = ORIENTED_EDGE('',*,*,#1719,.F.);
#1719 = EDGE_CURVE('',#1680,#1712,#1720,.T.);
#1720 = LINE('',#1721,#1722);
#1721 = CARTESIAN_POINT('',(170.,0.296994512454,12.18554251251));
#1722 = VECTOR('',#1723,1.);
#1723 = DIRECTION('',(0.,-0.996806591401,-7.985373717185E-02));
#1724 = ORIENTED_EDGE('',*,*,#1679,.F.);
#1725 = ORIENTED_EDGE('',*,*,#1488,.F.);
#1726 = ORIENTED_EDGE('',*,*,#1528,.T.);
#1727 = ORIENTED_EDGE('',*,*,#1728,.T.);
#1728 = EDGE_CURVE('',#1529,#1729,#1731,.T.);
#1729 = VERTEX_POINT('',#1730);
#1730 = CARTESIAN_POINT('',(170.,59.5,0.));
#1731 = LINE('',#1732,#1733);
#1732 = CARTESIAN_POINT('',(170.,0.,0.));
#1733 = VECTOR('',#1734,1.);
#1734 = DIRECTION('',(-0.,1.,0.));
#1735 = ORIENTED_EDGE('',*,*,#1736,.T.);
#1736 = EDGE_CURVE('',#1729,#1737,#1739,.T.);
#1737 = VERTEX_POINT('',#1738);
#1738 = CARTESIAN_POINT('',(170.,70.,0.));
#1739 = LINE('',#1740,#1741);
#1740 = CARTESIAN_POINT('',(170.,0.,0.));
#1741 = VECTOR('',#1742,1.);
#1742 = DIRECTION('',(-0.,1.,0.));
#1743 = ORIENTED_EDGE('',*,*,#1744,.T.);
#1744 = EDGE_CURVE('',#1737,#1745,#1747,.T.);
#1745 = VERTEX_POINT('',#1746);
#1746 = CARTESIAN_POINT('',(170.,70.,10.));
#1747 = LINE('',#1748,#1749);
#1748 = CARTESIAN_POINT('',(170.,70.,0.));
#1749 = VECTOR('',#1750,1.);
#1750 = DIRECTION('',(0.,0.,1.));
#1751 = ORIENTED_EDGE('',*,*,#1752,.F.);
#1752 = EDGE_CURVE('',#1753,#1745,#1755,.T.);
#1753 = VERTEX_POINT('',#1754);
#1754 = CARTESIAN_POINT('',(170.,59.5,10.));
#1755 = LINE('',#1756,#1757);
#1756 = CARTESIAN_POINT('',(170.,29.75,10.));
#1757 = VECTOR('',#1758,1.);
#1758 = DIRECTION('',(-0.,1.,0.));
#1759 = ORIENTED_EDGE('',*,*,#1760,.T.);
#1760 = EDGE_CURVE('',#1753,#1761,#1763,.T.);
#1761 = VERTEX_POINT('',#1762);
#1762 = CARTESIAN_POINT('',(170.,59.5,3.));
#1763 = LINE('',#1764,#1765);
#1764 = CARTESIAN_POINT('',(170.,59.5,0.));
#1765 = VECTOR('',#1766,1.);
#1766 = DIRECTION('',(-0.,0.,-1.));
#1767 = ORIENTED_EDGE('',*,*,#1768,.F.);
#1768 = EDGE_CURVE('',#1769,#1761,#1771,.T.);
#1769 = VERTEX_POINT('',#1770);
#1770 = CARTESIAN_POINT('',(170.,8.501623393736,3.));
#1771 = LINE('',#1772,#1773);
#1772 = CARTESIAN_POINT('',(170.,42.75,3.));
#1773 = VECTOR('',#1774,1.);
#1774 = DIRECTION('',(-0.,1.,0.));
#1775 = ORIENTED_EDGE('',*,*,#1776,.T.);
#1776 = EDGE_CURVE('',#1769,#1777,#1779,.T.);
#1777 = VERTEX_POINT('',#1778);
#1778 = CARTESIAN_POINT('',(170.,8.501623393736,12.842811719927));
#1779 = LINE('',#1780,#1781);
#1780 = CARTESIAN_POINT('',(170.,8.501623393736,0.));
#1781 = VECTOR('',#1782,1.);
#1782 = DIRECTION('',(0.,0.,1.));
#1783 = ORIENTED_EDGE('',*,*,#1784,.F.);
#1784 = EDGE_CURVE('',#1785,#1777,#1787,.T.);
#1785 = VERTEX_POINT('',#1786);
#1786 = CARTESIAN_POINT('',(170.,10.205005957767,12.979268947182));
#1787 = LINE('',#1788,#1789);
#1788 = CARTESIAN_POINT('',(170.,0.296994512454,12.18554251251));
#1789 = VECTOR('',#1790,1.);
#1790 = DIRECTION('',(0.,-0.996806591401,-7.985373717185E-02));
#1791 = ORIENTED_EDGE('',*,*,#1792,.F.);
#1792 = EDGE_CURVE('',#1793,#1785,#1795,.T.);
#1793 = VERTEX_POINT('',#1794);
#1794 = CARTESIAN_POINT('',(170.,8.501623393736,26.488534445348));
#1795 = LINE('',#1796,#1797);
#1796 = CARTESIAN_POINT('',(170.,10.862559651701,7.764311592193));
#1797 = VECTOR('',#1798,1.);
#1798 = DIRECTION('',(-0.,0.125099410623,-0.992144212029));
#1799 = ORIENTED_EDGE('',*,*,#1800,.T.);
#1800 = EDGE_CURVE('',#1793,#1801,#1803,.T.);
#1801 = VERTEX_POINT('',#1802);
#1802 = CARTESIAN_POINT('',(170.,8.501623393736,35.));
#1803 = LINE('',#1804,#1805);
#1804 = CARTESIAN_POINT('',(170.,8.501623393736,0.));
#1805 = VECTOR('',#1806,1.);
#1806 = DIRECTION('',(0.,0.,1.));
#1807 = ORIENTED_EDGE('',*,*,#1808,.F.);
#1808 = EDGE_CURVE('',#1809,#1801,#1811,.T.);
#1809 = VERTEX_POINT('',#1810);
#1810 = CARTESIAN_POINT('',(170.,4.978263804113,35.));
#1811 = LINE('',#1812,#1813);
#1812 = CARTESIAN_POINT('',(170.,42.75,35.));
#1813 = VECTOR('',#1814,1.);
#1814 = DIRECTION('',(-0.,1.,0.));
#1815 = ORIENTED_EDGE('',*,*,#1816,.F.);
#1816 = EDGE_CURVE('',#1817,#1809,#1819,.T.);
#1817 = VERTEX_POINT('',#1818);
#1818 = CARTESIAN_POINT('',(170.,4.978263804113,30.651237609102));
#1819 = LINE('',#1820,#1821);
#1820 = CARTESIAN_POINT('',(170.,4.978263804113,0.));
#1821 = VECTOR('',#1822,1.);
#1822 = DIRECTION('',(0.,0.,1.));
#1823 = ORIENTED_EDGE('',*,*,#1824,.T.);
#1824 = EDGE_CURVE('',#1817,#1600,#1825,.T.);
#1825 = LINE('',#1826,#1827);
#1826 = CARTESIAN_POINT('',(170.,-1.143000722322,30.160865802906));
#1827 = VECTOR('',#1828,1.);
#1828 = DIRECTION('',(0.,-0.996806591401,-7.985373717185E-02));
#1829 = PLANE('',#1830);
#1830 = AXIS2_PLACEMENT_3D('',#1831,#1832,#1833);
#1831 = CARTESIAN_POINT('',(170.,0.,0.));
#1832 = DIRECTION('',(1.,0.,-0.));
#1833 = DIRECTION('',(0.,0.,1.));
#1834 = ADVANCED_FACE('',(#1835,#1879),#1913,.F.);
#1835 = FACE_BOUND('',#1836,.F.);
#1836 = EDGE_LOOP('',(#1837,#1845,#1846,#1847,#1848,#1856,#1864,#1872));
#1837 = ORIENTED_EDGE('',*,*,#1838,.F.);
#1838 = EDGE_CURVE('',#1552,#1839,#1841,.T.);
#1839 = VERTEX_POINT('',#1840);
#1840 = CARTESIAN_POINT('',(121.5,57.5,0.));
#1841 = LINE('',#1842,#1843);
#1842 = CARTESIAN_POINT('',(121.5,-114.5,0.));
#1843 = VECTOR('',#1844,1.);
#1844 = DIRECTION('',(-6.123233995737E-17,1.,0.));
#1845 = ORIENTED_EDGE('',*,*,#1551,.T.);
#1846 = ORIENTED_EDGE('',*,*,#1536,.T.);
#1847 = ORIENTED_EDGE('',*,*,#1728,.T.);
#1848 = ORIENTED_EDGE('',*,*,#1849,.F.);
#1849 = EDGE_CURVE('',#1850,#1729,#1852,.T.);
#1850 = VERTEX_POINT('',#1851);
#1851 = CARTESIAN_POINT('',(152.5,59.5,0.));
#1852 = LINE('',#1853,#1854);
#1853 = CARTESIAN_POINT('',(152.5,59.5,0.));
#1854 = VECTOR('',#1855,1.);
#1855 = DIRECTION('',(1.,0.,-0.));
#1856 = ORIENTED_EDGE('',*,*,#1857,.T.);
#1857 = EDGE_CURVE('',#1850,#1858,#1860,.T.);
#1858 = VERTEX_POINT('',#1859);
#1859 = CARTESIAN_POINT('',(152.5,70.,0.));
#1860 = LINE('',#1861,#1862);
#1861 = CARTESIAN_POINT('',(152.5,59.5,0.));
#1862 = VECTOR('',#1863,1.);
#1863 = DIRECTION('',(-0.,1.,0.));
#1864 = ORIENTED_EDGE('',*,*,#1865,.F.);
#1865 = EDGE_CURVE('',#1866,#1858,#1868,.T.);
#1866 = VERTEX_POINT('',#1867);
#1867 = CARTESIAN_POINT('',(144.81844763272,70.,0.));
#1868 = LINE('',#1869,#1870);
#1869 = CARTESIAN_POINT('',(90.,70.,0.));
#1870 = VECTOR('',#1871,1.);
#1871 = DIRECTION('',(1.,0.,-0.));
#1872 = ORIENTED_EDGE('',*,*,#1873,.F.);
#1873 = EDGE_CURVE('',#1839,#1866,#1874,.T.);
#1874 = CIRCLE('',#1875,28.);
#1875 = AXIS2_PLACEMENT_3D('',#1876,#1877,#1878);
#1876 = CARTESIAN_POINT('',(121.5,85.5,0.));
#1877 = DIRECTION('',(0.,0.,1.));
#1878 = DIRECTION('',(1.,0.,-0.));
#1879 = FACE_BOUND('',#1880,.F.);
#1880 = EDGE_LOOP('',(#1881,#1891,#1899,#1907));
#1881 = ORIENTED_EDGE('',*,*,#1882,.F.);
#1882 = EDGE_CURVE('',#1883,#1885,#1887,.T.);
#1883 = VERTEX_POINT('',#1884);
#1884 = CARTESIAN_POINT('',(131.5,6.5,0.));
#1885 = VERTEX_POINT('',#1886);
#1886 = CARTESIAN_POINT('',(147.5,6.5,0.));
#1887 = LINE('',#1888,#1889);
#1888 = CARTESIAN_POINT('',(131.5,6.5,0.));
#1889 = VECTOR('',#1890,1.);
#1890 = DIRECTION('',(1.,0.,-0.));
#1891 = ORIENTED_EDGE('',*,*,#1892,.T.);
#1892 = EDGE_CURVE('',#1883,#1893,#1895,.T.);
#1893 = VERTEX_POINT('',#1894);
#1894 = CARTESIAN_POINT('',(131.5,54.5,0.));
#1895 = LINE('',#1896,#1897);
#1896 = CARTESIAN_POINT('',(131.5,6.5,0.));
#1897 = VECTOR('',#1898,1.);
#1898 = DIRECTION('',(-0.,1.,0.));
#1899 = ORIENTED_EDGE('',*,*,#1900,.T.);
#1900 = EDGE_CURVE('',#1893,#1901,#1903,.T.);
#1901 = VERTEX_POINT('',#1902);
#1902 = CARTESIAN_POINT('',(147.5,54.5,0.));
#1903 = LINE('',#1904,#1905);
#1904 = CARTESIAN_POINT('',(131.5,54.5,0.));
#1905 = VECTOR('',#1906,1.);
#1906 = DIRECTION('',(1.,0.,-0.));
#1907 = ORIENTED_EDGE('',*,*,#1908,.F.);
#1908 = EDGE_CURVE('',#1885,#1901,#1909,.T.);
#1909 = LINE('',#1910,#1911);
#1910 = CARTESIAN_POINT('',(147.5,6.5,0.));
#1911 = VECTOR('',#1912,1.);
#1912 = DIRECTION('',(-0.,1.,0.));
#1913 = PLANE('',#1914);
#1914 = AXIS2_PLACEMENT_3D('',#1915,#1916,#1917);
#1915 = CARTESIAN_POINT('',(121.5,85.5,0.));
#1916 = DIRECTION('',(0.,0.,1.));
#1917 = DIRECTION('',(1.,0.,-0.));
#1918 = ADVANCED_FACE('',(#1919),#1930,.F.);
#1919 = FACE_BOUND('',#1920,.T.);
#1920 = EDGE_LOOP('',(#1921,#1922,#1923,#1924));
#1921 = ORIENTED_EDGE('',*,*,#1631,.F.);
#1922 = ORIENTED_EDGE('',*,*,#1687,.T.);
#1923 = ORIENTED_EDGE('',*,*,#1719,.T.);
#1924 = ORIENTED_EDGE('',*,*,#1925,.F.);
#1925 = EDGE_CURVE('',#1624,#1712,#1926,.T.);
#1926 = LINE('',#1927,#1928);
#1927 = CARTESIAN_POINT('',(162.9867505011,-4.391185541258,
    12.235619703528));
#1928 = VECTOR('',#1929,1.);
#1929 = DIRECTION('',(0.797080055223,0.603873650333,8.380430382045E-18)
  );
#1930 = PLANE('',#1931);
#1931 = AXIS2_PLACEMENT_3D('',#1932,#1933,#1934);
#1932 = CARTESIAN_POINT('',(158.51855859315,1.506582395416,
    12.979268947182));
#1933 = DIRECTION('',(6.038736503325E-02,-7.970800552228E-02,
    0.994987437107));
#1934 = DIRECTION('',(-0.797080055223,-0.603873650333,
    -8.380430382045E-18));
#1935 = ADVANCED_FACE('',(#1936),#1948,.T.);
#1936 = FACE_BOUND('',#1937,.F.);
#1937 = EDGE_LOOP('',(#1938,#1939,#1940,#1941));
#1938 = ORIENTED_EDGE('',*,*,#1711,.T.);
#1939 = ORIENTED_EDGE('',*,*,#1925,.F.);
#1940 = ORIENTED_EDGE('',*,*,#1623,.F.);
#1941 = ORIENTED_EDGE('',*,*,#1942,.T.);
#1942 = EDGE_CURVE('',#1616,#1704,#1943,.T.);
#1943 = CIRCLE('',#1944,5.414656965084);
#1944 = AXIS2_PLACEMENT_3D('',#1945,#1946,#1947);
#1945 = CARTESIAN_POINT('',(167.68673584809,-1.959563654221,
    21.190506637487));
#1946 = DIRECTION('',(0.600846695681,-0.793084641315,-1.E-01));
#1947 = DIRECTION('',(-0.797080055223,-0.603873650333,
    -6.938893903907E-18));
#1948 = PLANE('',#1949);
#1949 = AXIS2_PLACEMENT_3D('',#1950,#1951,#1952);
#1950 = CARTESIAN_POINT('',(162.9867505011,-4.391185541258,
    12.235619703528));
#1951 = DIRECTION('',(0.600846695681,-0.793084641315,-0.1));
#1952 = DIRECTION('',(-6.038736503325E-02,7.970800552228E-02,
    -0.994987437107));
#1953 = ADVANCED_FACE('',(#1954),#1959,.T.);
#1954 = FACE_BOUND('',#1955,.F.);
#1955 = EDGE_LOOP('',(#1956,#1957,#1958));
#1956 = ORIENTED_EDGE('',*,*,#1942,.F.);
#1957 = ORIENTED_EDGE('',*,*,#1615,.F.);
#1958 = ORIENTED_EDGE('',*,*,#1703,.T.);
#1959 = PLANE('',#1960);
#1960 = AXIS2_PLACEMENT_3D('',#1961,#1962,#1963);
#1961 = CARTESIAN_POINT('',(162.9867505011,-4.391185541258,
    12.235619703528));
#1962 = DIRECTION('',(0.600846695681,-0.793084641315,-0.1));
#1963 = DIRECTION('',(-6.038736503325E-02,7.970800552228E-02,
    -0.994987437107));
#1964 = ADVANCED_FACE('',(#1965),#1976,.T.);
#1965 = FACE_BOUND('',#1966,.F.);
#1966 = EDGE_LOOP('',(#1967,#1968,#1975));
#1967 = ORIENTED_EDGE('',*,*,#1599,.F.);
#1968 = ORIENTED_EDGE('',*,*,#1969,.T.);
#1969 = EDGE_CURVE('',#1592,#1817,#1970,.T.);
#1970 = ELLIPSE('',#1971,94.473554634366,94.);
#1971 = AXIS2_PLACEMENT_3D('',#1972,#1973,#1974);
#1972 = CARTESIAN_POINT('',(121.5,85.5,40.045340337333));
#1973 = DIRECTION('',(6.038736503325E-02,-7.970800552228E-02,
    0.994987437107));
#1974 = DIRECTION('',(-0.600846695681,0.793084641315,0.1));
#1975 = ORIENTED_EDGE('',*,*,#1824,.T.);
#1976 = PLANE('',#1977);
#1977 = AXIS2_PLACEMENT_3D('',#1978,#1979,#1980);
#1978 = CARTESIAN_POINT('',(159.60553116375,7.183829601458E-02,
    30.889042815101));
#1979 = DIRECTION('',(6.038736503325E-02,-7.970800552228E-02,
    0.994987437107));
#1980 = DIRECTION('',(-0.797080055223,-0.603873650333,
    -8.380430382045E-18));
#1981 = ADVANCED_FACE('',(#1982),#1994,.T.);
#1982 = FACE_BOUND('',#1983,.T.);
#1983 = EDGE_LOOP('',(#1984,#1991,#1992,#1993));
#1984 = ORIENTED_EDGE('',*,*,#1985,.F.);
#1985 = EDGE_CURVE('',#1584,#1809,#1986,.T.);
#1986 = CIRCLE('',#1987,94.);
#1987 = AXIS2_PLACEMENT_3D('',#1988,#1989,#1990);
#1988 = CARTESIAN_POINT('',(121.5,85.5,35.));
#1989 = DIRECTION('',(0.,0.,1.));
#1990 = DIRECTION('',(1.,0.,-0.));
#1991 = ORIENTED_EDGE('',*,*,#1591,.F.);
#1992 = ORIENTED_EDGE('',*,*,#1969,.T.);
#1993 = ORIENTED_EDGE('',*,*,#1816,.T.);
#1994 = CYLINDRICAL_SURFACE('',#1995,94.);
#1995 = AXIS2_PLACEMENT_3D('',#1996,#1997,#1998);
#1996 = CARTESIAN_POINT('',(121.5,85.5,0.));
#1997 = DIRECTION('',(0.,0.,1.));
#1998 = DIRECTION('',(1.,0.,-0.));
#1999 = ADVANCED_FACE('',(#2000),#2012,.T.);
#2000 = FACE_BOUND('',#2001,.T.);
#2001 = EDGE_LOOP('',(#2002,#2003,#2004,#2005));
#2002 = ORIENTED_EDGE('',*,*,#1583,.F.);
#2003 = ORIENTED_EDGE('',*,*,#1985,.T.);
#2004 = ORIENTED_EDGE('',*,*,#1808,.T.);
#2005 = ORIENTED_EDGE('',*,*,#2006,.F.);
#2006 = EDGE_CURVE('',#1576,#1801,#2007,.T.);
#2007 = CIRCLE('',#2008,91.);
#2008 = AXIS2_PLACEMENT_3D('',#2009,#2010,#2011);
#2009 = CARTESIAN_POINT('',(121.5,85.5,35.));
#2010 = DIRECTION('',(0.,0.,1.));
#2011 = DIRECTION('',(1.,0.,-0.));
#2012 = PLANE('',#2013);
#2013 = AXIS2_PLACEMENT_3D('',#2014,#2015,#2016);
#2014 = CARTESIAN_POINT('',(121.5,85.5,35.));
#2015 = DIRECTION('',(0.,0.,1.));
#2016 = DIRECTION('',(1.,0.,-0.));
#2017 = ADVANCED_FACE('',(#2018,#2182),#2233,.F.);
#2018 = FACE_BOUND('',#2019,.F.);
#2019 = EDGE_LOOP('',(#2020,#2021,#2028,#2029,#2038,#2047,#2110,#2173,
    #2180,#2181));
#2020 = ORIENTED_EDGE('',*,*,#1575,.F.);
#2021 = ORIENTED_EDGE('',*,*,#2022,.T.);
#2022 = EDGE_CURVE('',#1568,#1769,#2023,.T.);
#2023 = CIRCLE('',#2024,91.);
#2024 = AXIS2_PLACEMENT_3D('',#2025,#2026,#2027);
#2025 = CARTESIAN_POINT('',(121.5,85.5,3.));
#2026 = DIRECTION('',(0.,0.,1.));
#2027 = DIRECTION('',(1.,0.,-0.));
#2028 = ORIENTED_EDGE('',*,*,#1776,.T.);
#2029 = ORIENTED_EDGE('',*,*,#2030,.F.);
#2030 = EDGE_CURVE('',#2031,#1777,#2033,.T.);
#2031 = VERTEX_POINT('',#2032);
#2032 = CARTESIAN_POINT('',(161.48983106538,3.757640042863,
    12.979268947182));
#2033 = ELLIPSE('',#2034,91.458441188588,91.);
#2034 = AXIS2_PLACEMENT_3D('',#2035,#2036,#2037);
#2035 = CARTESIAN_POINT('',(121.5,85.5,21.954659662667));
#2036 = DIRECTION('',(6.038736503325E-02,-7.970800552228E-02,
    0.994987437107));
#2037 = DIRECTION('',(-0.600846695681,0.793084641315,0.1));
#2038 = ORIENTED_EDGE('',*,*,#2039,.F.);
#2039 = EDGE_CURVE('',#2040,#2031,#2042,.T.);
#2040 = VERTEX_POINT('',#2041);
#2041 = CARTESIAN_POINT('',(163.26523296849,4.650353648965,
    16.56673811615));
#2042 = ELLIPSE('',#2043,910.,91.);
#2043 = AXIS2_PLACEMENT_3D('',#2044,#2045,#2046);
#2044 = CARTESIAN_POINT('',(121.5,85.5,-875.5844118858));
#2045 = DIRECTION('',(0.600846695681,-0.793084641315,-0.1));
#2046 = DIRECTION('',(6.038736503325E-02,-7.970800552228E-02,
    0.994987437107));
#2047 = ORIENTED_EDGE('',*,*,#2048,.F.);
#2048 = EDGE_CURVE('',#2049,#2040,#2051,.T.);
#2049 = VERTEX_POINT('',#2050);
#2050 = CARTESIAN_POINT('',(157.84004868855,2.070983097523,
    22.111003018106));
#2051 = B_SPLINE_CURVE_WITH_KNOTS('',8,(#2052,#2053,#2054,#2055,#2056,
    #2057,#2058,#2059,#2060,#2061,#2062,#2063,#2064,#2065,#2066,#2067,
    #2068,#2069,#2070,#2071,#2072,#2073,#2074,#2075,#2076,#2077,#2078,
    #2079,#2080,#2081,#2082,#2083,#2084,#2085,#2086,#2087,#2088,#2089,
    #2090,#2091,#2092,#2093,#2094,#2095,#2096,#2097,#2098,#2099,#2100,
    #2101,#2102,#2103,#2104,#2105,#2106,#2107,#2108,#2109),
  .UNSPECIFIED.,.T.,.F.,(9,7,7,7,7,7,7,7,9),(0.,0.144775430056,
    0.265423616365,0.382063578605,0.505272032979,0.628784634981,
    0.731784333188,0.839998261873,1.),.UNSPECIFIED.);
#2052 = CARTESIAN_POINT('',(157.84004868855,2.070983097523,
    22.111003018106));
#2053 = CARTESIAN_POINT('',(157.84004868855,2.070983097523,
    21.574971449747));
#2054 = CARTESIAN_POINT('',(157.89668373497,2.09565232437,
    21.040379546687));
#2055 = CARTESIAN_POINT('',(158.00887966008,2.144522272755,
    20.510946081997));
#2056 = CARTESIAN_POINT('',(158.17676395834,2.217906068688,
    19.99041691721));
#2057 = CARTESIAN_POINT('',(158.40134143856,2.316728036522,
    19.483337086518));
#2058 = CARTESIAN_POINT('',(158.68424019123,2.442465381248,
    18.995582779054));
#2059 = CARTESIAN_POINT('',(159.02735563622,2.597069022443,
    18.535071574728));
#2060 = CARTESIAN_POINT('',(159.76961331072,2.937451169053,
    17.761394903797));
#2061 = CARTESIAN_POINT('',(160.1582908811,3.11759333519,17.427706038621
    ));
#2062 = CARTESIAN_POINT('',(160.5961503674,3.323219051556,
    17.127873023989));
#2063 = CARTESIAN_POINT('',(161.07813034322,3.553203457991,
    16.876063590253));
#2064 = CARTESIAN_POINT('',(161.59663180986,3.805244198644,
    16.684657879785));
#2065 = CARTESIAN_POINT('',(162.14213598611,4.075842243988,
    16.564110309783));
#2066 = CARTESIAN_POINT('',(162.70375235731,4.360267462201,
    16.522819112891));
#2067 = CARTESIAN_POINT('',(163.81631554312,4.935067467917,
    16.609839717814));
#2068 = CARTESIAN_POINT('',(164.34017676591,5.211074029127,
    16.730464611318));
#2069 = CARTESIAN_POINT('',(164.8319476002,5.47514295079,16.921082043271
    ));
#2070 = CARTESIAN_POINT('',(165.28445617762,5.722381945236,
    17.172477031289));
#2071 = CARTESIAN_POINT('',(165.69232829718,5.948581303649,
    17.474060953774));
#2072 = CARTESIAN_POINT('',(166.05211019225,6.150551369969,
    17.813958849788));
#2073 = CARTESIAN_POINT('',(166.36248647963,6.326467042294,
    18.179132309643));
#2074 = CARTESIAN_POINT('',(166.90120410009,6.634087085607,
    18.953002038217));
#2075 = CARTESIAN_POINT('',(167.13058562937,6.766537891565,
    19.372535968386));
#2076 = CARTESIAN_POINT('',(167.31541235703,6.874147500766,
    19.807320170348));
#2077 = CARTESIAN_POINT('',(167.45819776234,6.957761410797,
    20.252464094237));
#2078 = CARTESIAN_POINT('',(167.56097567602,7.01816499467,
    20.704318451601));
#2079 = CARTESIAN_POINT('',(167.6251858589,7.055961860891,
    21.160090448206));
#2080 = CARTESIAN_POINT('',(167.65158181854,7.071486862308,
    21.617533029812));
#2081 = CARTESIAN_POINT('',(167.62859692473,7.057965834795,
    22.532688220014));
#2082 = CARTESIAN_POINT('',(167.57904784877,7.028820865334,
    22.98964236946));
#2083 = CARTESIAN_POINT('',(167.49162064193,6.977426313947,
    23.44314776775));
#2084 = CARTESIAN_POINT('',(167.36573534376,6.90361033126,
    23.890811694681));
#2085 = CARTESIAN_POINT('',(167.20020419088,6.806979644766,
    24.329742609987));
#2086 = CARTESIAN_POINT('',(166.99332910843,6.687006724519,
    24.756268878168));
#2087 = CARTESIAN_POINT('',(166.74302472347,6.543147246552,
    25.165589276214));
#2088 = CARTESIAN_POINT('',(166.20019651711,6.23479313725,
    25.872770581137));
#2089 = CARTESIAN_POINT('',(165.91911499085,6.076288495471,
    26.181075820232));
#2090 = CARTESIAN_POINT('',(165.60334761083,5.899801435941,
    26.469174104407));
#2091 = CARTESIAN_POINT('',(165.25334677688,5.706257925714,
    26.730165879156));
#2092 = CARTESIAN_POINT('',(164.87041635078,5.497144255635,
    26.957227065546));
#2093 = CARTESIAN_POINT('',(164.45674825458,5.274458598944,
    27.143605064303));
#2094 = CARTESIAN_POINT('',(164.01553583452,5.040672362409,
    27.282578366739));
#2095 = CARTESIAN_POINT('',(163.06328390498,4.544480817673,
    27.456474143027));
#2096 = CARTESIAN_POINT('',(162.56149178831,4.287297815448,
    27.483644096261));
#2097 = CARTESIAN_POINT('',(162.05691991745,4.033322951642,
    27.445324812021));
#2098 = CARTESIAN_POINT('',(161.56140066555,3.788565377452,
    27.342097673511));
#2099 = CARTESIAN_POINT('',(161.08663224512,3.558296186276,
    27.178496201226));
#2100 = CARTESIAN_POINT('',(160.64313582849,3.346692171613,
    26.962794433289));
#2101 = CARTESIAN_POINT('',(160.23926268334,3.156657352158,
    26.706824590133));
#2102 = CARTESIAN_POINT('',(159.35006937973,2.743039592818,
    26.010461445441));
#2103 = CARTESIAN_POINT('',(158.90371474964,2.540153592235,
    25.529034326757));
#2104 = CARTESIAN_POINT('',(158.54000145315,2.377761955976,
    25.003245545047));
#2105 = CARTESIAN_POINT('',(158.25539928275,2.252273468671,
    24.447936034231));
#2106 = CARTESIAN_POINT('',(158.04601862249,2.160700082681,
    23.873935803736));
#2107 = CARTESIAN_POINT('',(157.90840302483,2.100756806925,
    23.289251464663));
#2108 = CARTESIAN_POINT('',(157.84004868855,2.070983097523,
    22.699886424332));
#2109 = CARTESIAN_POINT('',(157.84004868855,2.070983097523,
    22.111003018106));
#2110 = ORIENTED_EDGE('',*,*,#2111,.F.);
#2111 = EDGE_CURVE('',#2112,#2049,#2114,.T.);
#2112 = VERTEX_POINT('',#2113);
#2113 = CARTESIAN_POINT('',(167.45210005275,6.954443150859,
    23.450010682796));
#2114 = B_SPLINE_CURVE_WITH_KNOTS('',8,(#2115,#2116,#2117,#2118,#2119,
    #2120,#2121,#2122,#2123,#2124,#2125,#2126,#2127,#2128,#2129,#2130,
    #2131,#2132,#2133,#2134,#2135,#2136,#2137,#2138,#2139,#2140,#2141,
    #2142,#2143,#2144,#2145,#2146,#2147,#2148,#2149,#2150,#2151,#2152,
    #2153,#2154,#2155,#2156,#2157,#2158,#2159,#2160,#2161,#2162,#2163,
    #2164,#2165,#2166,#2167,#2168,#2169,#2170,#2171,#2172),
  .UNSPECIFIED.,.T.,.F.,(9,7,7,7,7,7,7,7,9),(0.,0.144775430056,
    0.265423616365,0.382063578605,0.505272032979,0.628784634981,
    0.731784333188,0.839998261873,1.),.UNSPECIFIED.);
#2115 = CARTESIAN_POINT('',(157.84004868855,2.070983097523,
    22.111003018106));
#2116 = CARTESIAN_POINT('',(157.84004868855,2.070983097523,
    21.574971449747));
#2117 = CARTESIAN_POINT('',(157.89668373497,2.09565232437,
    21.040379546687));
#2118 = CARTESIAN_POINT('',(158.00887966008,2.144522272755,
    20.510946081997));
#2119 = CARTESIAN_POINT('',(158.17676395834,2.217906068688,
    19.99041691721));
#2120 = CARTESIAN_POINT('',(158.40134143856,2.316728036522,
    19.483337086518));
#2121 = CARTESIAN_POINT('',(158.68424019123,2.442465381248,
    18.995582779054));
#2122 = CARTESIAN_POINT('',(159.02735563622,2.597069022443,
    18.535071574728));
#2123 = CARTESIAN_POINT('',(159.76961331072,2.937451169053,
    17.761394903797));
#2124 = CARTESIAN_POINT('',(160.1582908811,3.11759333519,17.427706038621
    ));
#2125 = CARTESIAN_POINT('',(160.5961503674,3.323219051556,
    17.127873023989));
#2126 = CARTESIAN_POINT('',(161.07813034322,3.553203457991,
    16.876063590253));
#2127 = CARTESIAN_POINT('',(161.59663180986,3.805244198644,
    16.684657879785));
#2128 = CARTESIAN_POINT('',(162.14213598611,4.075842243988,
    16.564110309783));
#2129 = CARTESIAN_POINT('',(162.70375235731,4.360267462201,
    16.522819112891));
#2130 = CARTESIAN_POINT('',(163.81631554312,4.935067467917,
    16.609839717814));
#2131 = CARTESIAN_POINT('',(164.34017676591,5.211074029127,
    16.730464611318));
#2132 = CARTESIAN_POINT('',(164.8319476002,5.47514295079,16.921082043271
    ));
#2133 = CARTESIAN_POINT('',(165.28445617762,5.722381945236,
    17.172477031289));
#2134 = CARTESIAN_POINT('',(165.69232829718,5.948581303649,
    17.474060953774));
#2135 = CARTESIAN_POINT('',(166.05211019225,6.150551369969,
    17.813958849788));
#2136 = CARTESIAN_POINT('',(166.36248647963,6.326467042294,
    18.179132309643));
#2137 = CARTESIAN_POINT('',(166.90120410009,6.634087085607,
    18.953002038217));
#2138 = CARTESIAN_POINT('',(167.13058562937,6.766537891565,
    19.372535968386));
#2139 = CARTESIAN_POINT('',(167.31541235703,6.874147500766,
    19.807320170348));
#2140 = CARTESIAN_POINT('',(167.45819776234,6.957761410797,
    20.252464094237));
#2141 = CARTESIAN_POINT('',(167.56097567602,7.01816499467,
    20.704318451601));
#2142 = CARTESIAN_POINT('',(167.6251858589,7.055961860891,
    21.160090448206));
#2143 = CARTESIAN_POINT('',(167.65158181854,7.071486862308,
    21.617533029812));
#2144 = CARTESIAN_POINT('',(167.62859692473,7.057965834795,
    22.532688220014));
#2145 = CARTESIAN_POINT('',(167.57904784877,7.028820865334,
    22.98964236946));
#2146 = CARTESIAN_POINT('',(167.49162064193,6.977426313947,
    23.44314776775));
#2147 = CARTESIAN_POINT('',(167.36573534376,6.90361033126,
    23.890811694681));
#2148 = CARTESIAN_POINT('',(167.20020419088,6.806979644766,
    24.329742609987));
#2149 = CARTESIAN_POINT('',(166.99332910843,6.687006724519,
    24.756268878168));
#2150 = CARTESIAN_POINT('',(166.74302472347,6.543147246552,
    25.165589276214));
#2151 = CARTESIAN_POINT('',(166.20019651711,6.23479313725,
    25.872770581137));
#2152 = CARTESIAN_POINT('',(165.91911499085,6.076288495471,
    26.181075820232));
#2153 = CARTESIAN_POINT('',(165.60334761083,5.899801435941,
    26.469174104407));
#2154 = CARTESIAN_POINT('',(165.25334677688,5.706257925714,
    26.730165879156));
#2155 = CARTESIAN_POINT('',(164.87041635078,5.497144255635,
    26.957227065546));
#2156 = CARTESIAN_POINT('',(164.45674825458,5.274458598944,
    27.143605064303));
#2157 = CARTESIAN_POINT('',(164.01553583452,5.040672362409,
    27.282578366739));
#2158 = CARTESIAN_POINT('',(163.06328390498,4.544480817673,
    27.456474143027));
#2159 = CARTESIAN_POINT('',(162.56149178831,4.287297815448,
    27.483644096261));
#2160 = CARTESIAN_POINT('',(162.05691991745,4.033322951642,
    27.445324812021));
#2161 = CARTESIAN_POINT('',(161.56140066555,3.788565377452,
    27.342097673511));
#2162 = CARTESIAN_POINT('',(161.08663224512,3.558296186276,
    27.178496201226));
#2163 = CARTESIAN_POINT('',(160.64313582849,3.346692171613,
    26.962794433289));
#2164 = CARTESIAN_POINT('',(160.23926268334,3.156657352158,
    26.706824590133));
#2165 = CARTESIAN_POINT('',(159.35006937973,2.743039592818,
    26.010461445441));
#2166 = CARTESIAN_POINT('',(158.90371474964,2.540153592235,
    25.529034326757));
#2167 = CARTESIAN_POINT('',(158.54000145315,2.377761955976,
    25.003245545047));
#2168 = CARTESIAN_POINT('',(158.25539928275,2.252273468671,
    24.447936034231));
#2169 = CARTESIAN_POINT('',(158.04601862249,2.160700082681,
    23.873935803736));
#2170 = CARTESIAN_POINT('',(157.90840302483,2.100756806925,
    23.289251464663));
#2171 = CARTESIAN_POINT('',(157.84004868855,2.070983097523,
    22.699886424332));
#2172 = CARTESIAN_POINT('',(157.84004868855,2.070983097523,
    22.111003018106));
#2173 = ORIENTED_EDGE('',*,*,#2174,.F.);
#2174 = EDGE_CURVE('',#1793,#2112,#2175,.T.);
#2175 = ELLIPSE('',#2176,910.,91.);
#2176 = AXIS2_PLACEMENT_3D('',#2177,#2178,#2179);
#2177 = CARTESIAN_POINT('',(121.5,85.5,-875.5844118858));
#2178 = DIRECTION('',(0.600846695681,-0.793084641315,-0.1));
#2179 = DIRECTION('',(6.038736503325E-02,-7.970800552228E-02,
    0.994987437107));
#2180 = ORIENTED_EDGE('',*,*,#1800,.T.);
#2181 = ORIENTED_EDGE('',*,*,#2006,.F.);
#2182 = FACE_BOUND('',#2183,.F.);
#2183 = EDGE_LOOP('',(#2184));
#2184 = ORIENTED_EDGE('',*,*,#2185,.F.);
#2185 = EDGE_CURVE('',#2186,#2186,#2188,.T.);
#2186 = VERTEX_POINT('',#2187);
#2187 = CARTESIAN_POINT('',(153.22685307969,0.209866961883,
    21.855659419812));
#2188 = B_SPLINE_CURVE_WITH_KNOTS('',7,(#2189,#2190,#2191,#2192,#2193,
    #2194,#2195,#2196,#2197,#2198,#2199,#2200,#2201,#2202,#2203,#2204,
    #2205,#2206,#2207,#2208,#2209,#2210,#2211,#2212,#2213,#2214,#2215,
    #2216,#2217,#2218,#2219,#2220,#2221,#2222,#2223,#2224,#2225,#2226,
    #2227,#2228,#2229,#2230,#2231,#2232),.UNSPECIFIED.,.T.,.F.,(8,6,6,6,
    6,6,6,8),(0.,0.153281260392,0.286334933715,0.422782047337,
    0.588465286051,0.714281802378,0.837650325969,1.),.UNSPECIFIED.);
#2189 = CARTESIAN_POINT('',(153.22685307969,0.209866961883,
    21.855659419812));
#2190 = CARTESIAN_POINT('',(153.22685307969,0.209866961883,
    21.657454823122));
#2191 = CARTESIAN_POINT('',(153.25263024035,0.219455769061,
    21.45937555412));
#2192 = CARTESIAN_POINT('',(153.30411052981,0.238605638242,
    21.263776585754));
#2193 = CARTESIAN_POINT('',(153.38203381419,0.267648372269,
    21.073336536604));
#2194 = CARTESIAN_POINT('',(153.48763120613,0.307151176501,
    20.89160815323));
#2195 = CARTESIAN_POINT('',(153.62231450776,0.357837032747,
    20.72360951995));
#2196 = CARTESIAN_POINT('',(153.92983862954,0.474539533013,
    20.449765830874));
#2197 = CARTESIAN_POINT('',(154.10049486303,0.539622507737,
    20.334017238793));
#2198 = CARTESIAN_POINT('',(154.29541125551,0.614455943225,
    20.243168170855));
#2199 = CARTESIAN_POINT('',(154.50742742161,0.696572068119,20.1864565516
    ));
#2200 = CARTESIAN_POINT('',(154.72700706994,0.782478594144,
    20.168859469465));
#2201 = CARTESIAN_POINT('',(154.94408849913,0.868197951172,
    20.190829328008));
#2202 = CARTESIAN_POINT('',(155.3605607958,1.03394808509,20.306700474534
    ));
#2203 = CARTESIAN_POINT('',(155.55183452625,1.110783044808,
    20.400326761081));
#2204 = CARTESIAN_POINT('',(155.72028079556,1.179008855819,
    20.520842418319));
#2205 = CARTESIAN_POINT('',(155.86457724342,1.237830288707,
    20.66152663414));
#2206 = CARTESIAN_POINT('',(155.984412962,1.286912853059,20.81650547021)
  );
#2207 = CARTESIAN_POINT('',(156.08025772576,1.326298602843,
    20.980606445634));
#2208 = CARTESIAN_POINT('',(156.24187897795,1.392859799215,
    21.354165050405));
#2209 = CARTESIAN_POINT('',(156.2987728153,1.416418028496,
    21.570336306709));
#2210 = CARTESIAN_POINT('',(156.32439672819,1.427061637727,
    21.792884402133));
#2211 = CARTESIAN_POINT('',(156.31857539267,1.424645893079,
    22.017512739339));
#2212 = CARTESIAN_POINT('',(156.2809133752,1.409011960476,22.23959672228
    ));
#2213 = CARTESIAN_POINT('',(156.21118249574,1.380169733537,
    22.453858368887));
#2214 = CARTESIAN_POINT('',(156.0326807014,1.306764504182,
    22.806350419543));
#2215 = CARTESIAN_POINT('',(155.93576163031,1.267004718738,
    22.953588064333));
#2216 = CARTESIAN_POINT('',(155.81816127902,1.218925495484,
    23.091877831099));
#2217 = CARTESIAN_POINT('',(155.67973264805,1.162596110855,
    23.216793389319));
#2218 = CARTESIAN_POINT('',(155.52102664967,1.098411149354,
    23.323515460752));
#2219 = CARTESIAN_POINT('',(155.34343101794,1.027130673711,
    23.406752095135));
#2220 = CARTESIAN_POINT('',(154.95974357712,0.874428452685,
    23.513127522486));
#2221 = CARTESIAN_POINT('',(154.75922795605,0.795202991996,
    23.536029673644));
#2222 = CARTESIAN_POINT('',(154.55553038976,0.715400075758,
    23.525218418109));
#2223 = CARTESIAN_POINT('',(154.35699287151,0.638331914274,
    23.480571222854));
#2224 = CARTESIAN_POINT('',(154.17167448239,0.566989568224,
    23.405625743502));
#2225 = CARTESIAN_POINT('',(154.00594413824,0.503607005506,
    23.307393070425));
#2226 = CARTESIAN_POINT('',(153.67606080056,0.378079588802,
    23.050054058057));
#2227 = CARTESIAN_POINT('',(153.52258628235,0.320231207613,
    22.876553619778));
#2228 = CARTESIAN_POINT('',(153.4025224467,0.275285531691,
    22.685870363952));
#2229 = CARTESIAN_POINT('',(153.31415521523,0.242341981479,
    22.484409025405));
#2230 = CARTESIAN_POINT('',(153.25595540539,0.220692727217,
    22.276789301877));
#2231 = CARTESIAN_POINT('',(153.22685307969,0.209866961883,
    22.066253984726));
#2232 = CARTESIAN_POINT('',(153.22685307969,0.209866961883,
    21.855659419812));
#2233 = CYLINDRICAL_SURFACE('',#2234,91.);
#2234 = AXIS2_PLACEMENT_3D('',#2235,#2236,#2237);
#2235 = CARTESIAN_POINT('',(121.5,85.5,0.));
#2236 = DIRECTION('',(0.,0.,1.));
#2237 = DIRECTION('',(1.,0.,-0.));
#2238 = ADVANCED_FACE('',(#2239,#2283),#2317,.T.);
#2239 = FACE_BOUND('',#2240,.T.);
#2240 = EDGE_LOOP('',(#2241,#2249,#2250,#2251,#2252,#2260,#2268,#2276));
#2241 = ORIENTED_EDGE('',*,*,#2242,.F.);
#2242 = EDGE_CURVE('',#1560,#2243,#2245,.T.);
#2243 = VERTEX_POINT('',#2244);
#2244 = CARTESIAN_POINT('',(121.5,57.5,3.));
#2245 = LINE('',#2246,#2247);
#2246 = CARTESIAN_POINT('',(121.5,-114.5,3.));
#2247 = VECTOR('',#2248,1.);
#2248 = DIRECTION('',(-6.123233995737E-17,1.,0.));
#2249 = ORIENTED_EDGE('',*,*,#1567,.F.);
#2250 = ORIENTED_EDGE('',*,*,#2022,.T.);
#2251 = ORIENTED_EDGE('',*,*,#1768,.T.);
#2252 = ORIENTED_EDGE('',*,*,#2253,.T.);
#2253 = EDGE_CURVE('',#1761,#2254,#2256,.T.);
#2254 = VERTEX_POINT('',#2255);
#2255 = CARTESIAN_POINT('',(152.5,59.5,3.));
#2256 = LINE('',#2257,#2258);
#2257 = CARTESIAN_POINT('',(137.,59.5,3.));
#2258 = VECTOR('',#2259,1.);
#2259 = DIRECTION('',(-1.,-0.,0.));
#2260 = ORIENTED_EDGE('',*,*,#2261,.T.);
#2261 = EDGE_CURVE('',#2254,#2262,#2264,.T.);
#2262 = VERTEX_POINT('',#2263);
#2263 = CARTESIAN_POINT('',(152.5,70.,3.));
#2264 = LINE('',#2265,#2266);
#2265 = CARTESIAN_POINT('',(152.5,72.5,3.));
#2266 = VECTOR('',#2267,1.);
#2267 = DIRECTION('',(-0.,1.,0.));
#2268 = ORIENTED_EDGE('',*,*,#2269,.T.);
#2269 = EDGE_CURVE('',#2262,#2270,#2272,.T.);
#2270 = VERTEX_POINT('',#2271);
#2271 = CARTESIAN_POINT('',(144.81844763272,70.,3.));
#2272 = LINE('',#2273,#2274);
#2273 = CARTESIAN_POINT('',(105.75,70.,3.));
#2274 = VECTOR('',#2275,1.);
#2275 = DIRECTION('',(-1.,-0.,0.));
#2276 = ORIENTED_EDGE('',*,*,#2277,.F.);
#2277 = EDGE_CURVE('',#2243,#2270,#2278,.T.);
#2278 = CIRCLE('',#2279,28.);
#2279 = AXIS2_PLACEMENT_3D('',#2280,#2281,#2282);
#2280 = CARTESIAN_POINT('',(121.5,85.5,3.));
#2281 = DIRECTION('',(0.,0.,1.));
#2282 = DIRECTION('',(1.,0.,-0.));
#2283 = FACE_BOUND('',#2284,.T.);
#2284 = EDGE_LOOP('',(#2285,#2295,#2303,#2311));
#2285 = ORIENTED_EDGE('',*,*,#2286,.T.);
#2286 = EDGE_CURVE('',#2287,#2289,#2291,.T.);
#2287 = VERTEX_POINT('',#2288);
#2288 = CARTESIAN_POINT('',(147.5,6.5,3.));
#2289 = VERTEX_POINT('',#2290);
#2290 = CARTESIAN_POINT('',(131.5,6.5,3.));
#2291 = LINE('',#2292,#2293);
#2292 = CARTESIAN_POINT('',(126.5,6.5,3.));
#2293 = VECTOR('',#2294,1.);
#2294 = DIRECTION('',(-1.,-0.,0.));
#2295 = ORIENTED_EDGE('',*,*,#2296,.T.);
#2296 = EDGE_CURVE('',#2289,#2297,#2299,.T.);
#2297 = VERTEX_POINT('',#2298);
#2298 = CARTESIAN_POINT('',(131.5,54.5,3.));
#2299 = LINE('',#2300,#2301);
#2300 = CARTESIAN_POINT('',(131.5,46.,3.));
#2301 = VECTOR('',#2302,1.);
#2302 = DIRECTION('',(-0.,1.,0.));
#2303 = ORIENTED_EDGE('',*,*,#2304,.F.);
#2304 = EDGE_CURVE('',#2305,#2297,#2307,.T.);
#2305 = VERTEX_POINT('',#2306);
#2306 = CARTESIAN_POINT('',(147.5,54.5,3.));
#2307 = LINE('',#2308,#2309);
#2308 = CARTESIAN_POINT('',(126.5,54.5,3.));
#2309 = VECTOR('',#2310,1.);
#2310 = DIRECTION('',(-1.,-0.,0.));
#2311 = ORIENTED_EDGE('',*,*,#2312,.F.);
#2312 = EDGE_CURVE('',#2287,#2305,#2313,.T.);
#2313 = LINE('',#2314,#2315);
#2314 = CARTESIAN_POINT('',(147.5,46.,3.));
#2315 = VECTOR('',#2316,1.);
#2316 = DIRECTION('',(-0.,1.,0.));
#2317 = PLANE('',#2318);
#2318 = AXIS2_PLACEMENT_3D('',#2319,#2320,#2321);
#2319 = CARTESIAN_POINT('',(121.5,85.5,3.));
#2320 = DIRECTION('',(0.,0.,1.));
#2321 = DIRECTION('',(1.,0.,-0.));
#2322 = ADVANCED_FACE('',(#2323),#2334,.F.);
#2323 = FACE_BOUND('',#2324,.F.);
#2324 = EDGE_LOOP('',(#2325,#2326,#2327,#2333));
#2325 = ORIENTED_EDGE('',*,*,#1559,.F.);
#2326 = ORIENTED_EDGE('',*,*,#1838,.T.);
#2327 = ORIENTED_EDGE('',*,*,#2328,.T.);
#2328 = EDGE_CURVE('',#1839,#2243,#2329,.T.);
#2329 = LINE('',#2330,#2331);
#2330 = CARTESIAN_POINT('',(121.5,57.5,0.));
#2331 = VECTOR('',#2332,1.);
#2332 = DIRECTION('',(0.,0.,1.));
#2333 = ORIENTED_EDGE('',*,*,#2242,.F.);
#2334 = PLANE('',#2335);
#2335 = AXIS2_PLACEMENT_3D('',#2336,#2337,#2338);
#2336 = CARTESIAN_POINT('',(121.5,-314.5,-400.));
#2337 = DIRECTION('',(1.,6.123233995737E-17,0.));
#2338 = DIRECTION('',(-6.123233995737E-17,1.,0.));
#2339 = ADVANCED_FACE('',(#2340),#2351,.F.);
#2340 = FACE_BOUND('',#2341,.F.);
#2341 = EDGE_LOOP('',(#2342,#2343,#2349,#2350));
#2342 = ORIENTED_EDGE('',*,*,#1649,.T.);
#2343 = ORIENTED_EDGE('',*,*,#2344,.F.);
#2344 = EDGE_CURVE('',#2186,#1650,#2345,.T.);
#2345 = LINE('',#2346,#2347);
#2346 = CARTESIAN_POINT('',(153.08682178582,0.566387666312,
    21.894155881141));
#2347 = VECTOR('',#2348,1.);
#2348 = DIRECTION('',(0.363751080054,-0.92611292603,-0.1));
#2349 = ORIENTED_EDGE('',*,*,#2185,.T.);
#2350 = ORIENTED_EDGE('',*,*,#2344,.T.);
#2351 = CYLINDRICAL_SURFACE('',#2352,1.65);
#2352 = AXIS2_PLACEMENT_3D('',#2353,#2354,#2355);
#2353 = CARTESIAN_POINT('',(154.62260633039,1.169600591125,
    21.894155881141));
#2354 = DIRECTION('',(0.363751080054,-0.92611292603,-0.1));
#2355 = DIRECTION('',(-0.93077851186,-0.365583590796,0.));
#2356 = ADVANCED_FACE('',(#2357),#2376,.F.);
#2357 = FACE_BOUND('',#2358,.F.);
#2358 = EDGE_LOOP('',(#2359,#2368,#2374,#2375));
#2359 = ORIENTED_EDGE('',*,*,#2360,.T.);
#2360 = EDGE_CURVE('',#2361,#2361,#2363,.T.);
#2361 = VERTEX_POINT('',#2362);
#2362 = CARTESIAN_POINT('',(162.04097627258,1.683785170515,
    21.825023807326));
#2363 = CIRCLE('',#2364,2.3);
#2364 = AXIS2_PLACEMENT_3D('',#2365,#2366,#2367);
#2365 = CARTESIAN_POINT('',(163.87426039959,3.07269456628,
    21.825023807326));
#2366 = DIRECTION('',(0.600846695681,-0.793084641315,-1.E-01));
#2367 = DIRECTION('',(-0.797080055223,-0.603873650333,
    -6.938893903907E-18));
#2368 = ORIENTED_EDGE('',*,*,#2369,.T.);
#2369 = EDGE_CURVE('',#2361,#1661,#2370,.T.);
#2370 = LINE('',#2371,#2372);
#2371 = CARTESIAN_POINT('',(159.75775882899,4.697506807512,
    22.205023807326));
#2372 = VECTOR('',#2373,1.);
#2373 = DIRECTION('',(0.600846695681,-0.793084641315,-0.1));
#2374 = ORIENTED_EDGE('',*,*,#1660,.T.);
#2375 = ORIENTED_EDGE('',*,*,#2369,.F.);
#2376 = CYLINDRICAL_SURFACE('',#2377,2.3);
#2377 = AXIS2_PLACEMENT_3D('',#2378,#2379,#2380);
#2378 = CARTESIAN_POINT('',(161.591042956,6.086416203277,22.205023807326
    ));
#2379 = DIRECTION('',(0.600846695681,-0.793084641315,-0.1));
#2380 = DIRECTION('',(-0.797080055223,-0.603873650333,
    -6.938893903907E-18));
#2381 = ADVANCED_FACE('',(#2382),#2400,.F.);
#2382 = FACE_BOUND('',#2383,.T.);
#2383 = EDGE_LOOP('',(#2384,#2390,#2391,#2398,#2399));
#2384 = ORIENTED_EDGE('',*,*,#2385,.F.);
#2385 = EDGE_CURVE('',#2031,#1785,#2386,.T.);
#2386 = LINE('',#2387,#2388);
#2387 = CARTESIAN_POINT('',(158.51855859315,1.506582395416,
    12.979268947182));
#2388 = VECTOR('',#2389,1.);
#2389 = DIRECTION('',(0.797080055223,0.603873650333,8.380430382045E-18)
  );
#2390 = ORIENTED_EDGE('',*,*,#2039,.F.);
#2391 = ORIENTED_EDGE('',*,*,#2392,.T.);
#2392 = EDGE_CURVE('',#2040,#2112,#2393,.T.);
#2393 = CIRCLE('',#2394,5.414656965084);
#2394 = AXIS2_PLACEMENT_3D('',#2395,#2396,#2397);
#2395 = CARTESIAN_POINT('',(163.21854394015,3.938204282453,
    21.934155881141));
#2396 = DIRECTION('',(0.600846695681,-0.793084641315,-1.E-01));
#2397 = DIRECTION('',(-0.797080055223,-0.603873650333,
    -6.938893903907E-18));
#2398 = ORIENTED_EDGE('',*,*,#2174,.F.);
#2399 = ORIENTED_EDGE('',*,*,#1792,.T.);
#2400 = PLANE('',#2401);
#2401 = AXIS2_PLACEMENT_3D('',#2402,#2403,#2404);
#2402 = CARTESIAN_POINT('',(158.51855859315,1.506582395416,
    12.979268947182));
#2403 = DIRECTION('',(0.600846695681,-0.793084641315,-0.1));
#2404 = DIRECTION('',(-6.038736503325E-02,7.970800552228E-02,
    -0.994987437107));
#2405 = ADVANCED_FACE('',(#2406),#2411,.F.);
#2406 = FACE_BOUND('',#2407,.T.);
#2407 = EDGE_LOOP('',(#2408,#2409,#2410));
#2408 = ORIENTED_EDGE('',*,*,#2030,.F.);
#2409 = ORIENTED_EDGE('',*,*,#2385,.T.);
#2410 = ORIENTED_EDGE('',*,*,#1784,.T.);
#2411 = PLANE('',#2412);
#2412 = AXIS2_PLACEMENT_3D('',#2413,#2414,#2415);
#2413 = CARTESIAN_POINT('',(158.51855859315,1.506582395416,
    12.979268947182));
#2414 = DIRECTION('',(6.038736503325E-02,-7.970800552228E-02,
    0.994987437107));
#2415 = DIRECTION('',(-0.797080055223,-0.603873650333,
    -8.380430382045E-18));
#2416 = ADVANCED_FACE('',(#2417),#2435,.F.);
#2417 = FACE_BOUND('',#2418,.F.);
#2418 = EDGE_LOOP('',(#2419,#2420,#2421,#2429));
#2419 = ORIENTED_EDGE('',*,*,#1760,.T.);
#2420 = ORIENTED_EDGE('',*,*,#2253,.T.);
#2421 = ORIENTED_EDGE('',*,*,#2422,.T.);
#2422 = EDGE_CURVE('',#2254,#2423,#2425,.T.);
#2423 = VERTEX_POINT('',#2424);
#2424 = CARTESIAN_POINT('',(152.5,59.5,10.));
#2425 = LINE('',#2426,#2427);
#2426 = CARTESIAN_POINT('',(152.5,59.5,0.));
#2427 = VECTOR('',#2428,1.);
#2428 = DIRECTION('',(0.,0.,1.));
#2429 = ORIENTED_EDGE('',*,*,#2430,.T.);
#2430 = EDGE_CURVE('',#2423,#1753,#2431,.T.);
#2431 = LINE('',#2432,#2433);
#2432 = CARTESIAN_POINT('',(152.5,59.5,10.));
#2433 = VECTOR('',#2434,1.);
#2434 = DIRECTION('',(1.,0.,-0.));
#2435 = PLANE('',#2436);
#2436 = AXIS2_PLACEMENT_3D('',#2437,#2438,#2439);
#2437 = CARTESIAN_POINT('',(152.5,59.5,0.));
#2438 = DIRECTION('',(-0.,1.,0.));
#2439 = DIRECTION('',(0.,0.,1.));
#2440 = ADVANCED_FACE('',(#2441,#2459),#2470,.T.);
#2441 = FACE_BOUND('',#2442,.T.);
#2442 = EDGE_LOOP('',(#2443,#2451,#2452,#2453));
#2443 = ORIENTED_EDGE('',*,*,#2444,.F.);
#2444 = EDGE_CURVE('',#2423,#2445,#2447,.T.);
#2445 = VERTEX_POINT('',#2446);
#2446 = CARTESIAN_POINT('',(152.5,70.,10.));
#2447 = LINE('',#2448,#2449);
#2448 = CARTESIAN_POINT('',(152.5,59.5,10.));
#2449 = VECTOR('',#2450,1.);
#2450 = DIRECTION('',(-0.,1.,0.));
#2451 = ORIENTED_EDGE('',*,*,#2430,.T.);
#2452 = ORIENTED_EDGE('',*,*,#1752,.T.);
#2453 = ORIENTED_EDGE('',*,*,#2454,.T.);
#2454 = EDGE_CURVE('',#1745,#2445,#2455,.T.);
#2455 = LINE('',#2456,#2457);
#2456 = CARTESIAN_POINT('',(121.25,70.,10.));
#2457 = VECTOR('',#2458,1.);
#2458 = DIRECTION('',(-1.,-0.,0.));
#2459 = FACE_BOUND('',#2460,.T.);
#2460 = EDGE_LOOP('',(#2461));
#2461 = ORIENTED_EDGE('',*,*,#2462,.F.);
#2462 = EDGE_CURVE('',#2463,#2463,#2465,.T.);
#2463 = VERTEX_POINT('',#2464);
#2464 = CARTESIAN_POINT('',(162.25,67.5,10.));
#2465 = CIRCLE('',#2466,1.75);
#2466 = AXIS2_PLACEMENT_3D('',#2467,#2468,#2469);
#2467 = CARTESIAN_POINT('',(160.5,67.5,10.));
#2468 = DIRECTION('',(0.,0.,1.));
#2469 = DIRECTION('',(1.,0.,-0.));
#2470 = PLANE('',#2471);
#2471 = AXIS2_PLACEMENT_3D('',#2472,#2473,#2474);
#2472 = CARTESIAN_POINT('',(152.5,59.5,10.));
#2473 = DIRECTION('',(0.,0.,1.));
#2474 = DIRECTION('',(1.,0.,-0.));
#2475 = ADVANCED_FACE('',(#2476,#2596),#2624,.T.);
#2476 = FACE_BOUND('',#2477,.T.);
#2477 = EDGE_LOOP('',(#2478,#2486,#2494,#2502,#2510,#2516,#2517,#2523,
    #2524,#2525,#2533,#2541,#2549,#2557,#2565,#2573,#2581,#2589,#2595));
#2478 = ORIENTED_EDGE('',*,*,#2479,.F.);
#2479 = EDGE_CURVE('',#2480,#1866,#2482,.T.);
#2480 = VERTEX_POINT('',#2481);
#2481 = CARTESIAN_POINT('',(138.49264546796,70.,0.));
#2482 = LINE('',#2483,#2484);
#2483 = CARTESIAN_POINT('',(90.,70.,0.));
#2484 = VECTOR('',#2485,1.);
#2485 = DIRECTION('',(1.,0.,-0.));
#2486 = ORIENTED_EDGE('',*,*,#2487,.T.);
#2487 = EDGE_CURVE('',#2480,#2488,#2490,.T.);
#2488 = VERTEX_POINT('',#2489);
#2489 = CARTESIAN_POINT('',(138.49264546796,70.,3.));
#2490 = LINE('',#2491,#2492);
#2491 = CARTESIAN_POINT('',(138.49264546796,70.,0.));
#2492 = VECTOR('',#2493,1.);
#2493 = DIRECTION('',(0.,0.,1.));
#2494 = ORIENTED_EDGE('',*,*,#2495,.T.);
#2495 = EDGE_CURVE('',#2488,#2496,#2498,.T.);
#2496 = VERTEX_POINT('',#2497);
#2497 = CARTESIAN_POINT('',(138.49264546796,70.,35.));
#2498 = LINE('',#2499,#2500);
#2499 = CARTESIAN_POINT('',(138.49264546796,70.,0.));
#2500 = VECTOR('',#2501,1.);
#2501 = DIRECTION('',(0.,0.,1.));
#2502 = ORIENTED_EDGE('',*,*,#2503,.F.);
#2503 = EDGE_CURVE('',#2504,#2496,#2506,.T.);
#2504 = VERTEX_POINT('',#2505);
#2505 = CARTESIAN_POINT('',(144.81844763272,70.,35.));
#2506 = LINE('',#2507,#2508);
#2507 = CARTESIAN_POINT('',(105.75,70.,35.));
#2508 = VECTOR('',#2509,1.);
#2509 = DIRECTION('',(-1.,-0.,0.));
#2510 = ORIENTED_EDGE('',*,*,#2511,.F.);
#2511 = EDGE_CURVE('',#2270,#2504,#2512,.T.);
#2512 = LINE('',#2513,#2514);
#2513 = CARTESIAN_POINT('',(144.81844763272,70.,0.));
#2514 = VECTOR('',#2515,1.);
#2515 = DIRECTION('',(0.,0.,1.));
#2516 = ORIENTED_EDGE('',*,*,#2269,.F.);
#2517 = ORIENTED_EDGE('',*,*,#2518,.T.);
#2518 = EDGE_CURVE('',#2262,#2445,#2519,.T.);
#2519 = LINE('',#2520,#2521);
#2520 = CARTESIAN_POINT('',(152.5,70.,0.));
#2521 = VECTOR('',#2522,1.);
#2522 = DIRECTION('',(0.,0.,1.));
#2523 = ORIENTED_EDGE('',*,*,#2454,.F.);
#2524 = ORIENTED_EDGE('',*,*,#1744,.F.);
#2525 = ORIENTED_EDGE('',*,*,#2526,.F.);
#2526 = EDGE_CURVE('',#2527,#1737,#2529,.T.);
#2527 = VERTEX_POINT('',#2528);
#2528 = CARTESIAN_POINT('',(164.83012701892,70.,0.));
#2529 = LINE('',#2530,#2531);
#2530 = CARTESIAN_POINT('',(90.,70.,0.));
#2531 = VECTOR('',#2532,1.);
#2532 = DIRECTION('',(1.,0.,-0.));
#2533 = ORIENTED_EDGE('',*,*,#2534,.T.);
#2534 = EDGE_CURVE('',#2527,#2535,#2537,.T.);
#2535 = VERTEX_POINT('',#2536);
#2536 = CARTESIAN_POINT('',(164.83012701892,70.,5.));
#2537 = LINE('',#2538,#2539);
#2538 = CARTESIAN_POINT('',(164.83012701892,70.,-0.2));
#2539 = VECTOR('',#2540,1.);
#2540 = DIRECTION('',(0.,0.,1.));
#2541 = ORIENTED_EDGE('',*,*,#2542,.T.);
#2542 = EDGE_CURVE('',#2535,#2543,#2545,.T.);
#2543 = VERTEX_POINT('',#2544);
#2544 = CARTESIAN_POINT('',(161.96987298107,70.,5.));
#2545 = LINE('',#2546,#2547);
#2546 = CARTESIAN_POINT('',(125.25,70.,5.));
#2547 = VECTOR('',#2548,1.);
#2548 = DIRECTION('',(-1.,-0.,0.));
#2549 = ORIENTED_EDGE('',*,*,#2550,.F.);
#2550 = EDGE_CURVE('',#2551,#2543,#2553,.T.);
#2551 = VERTEX_POINT('',#2552);
#2552 = CARTESIAN_POINT('',(161.96987298107,70.,7.6));
#2553 = LINE('',#2554,#2555);
#2554 = CARTESIAN_POINT('',(161.96987298107,70.,2.45));
#2555 = VECTOR('',#2556,1.);
#2556 = DIRECTION('',(-0.,0.,-1.));
#2557 = ORIENTED_EDGE('',*,*,#2558,.T.);
#2558 = EDGE_CURVE('',#2551,#2559,#2561,.T.);
#2559 = VERTEX_POINT('',#2560);
#2560 = CARTESIAN_POINT('',(159.03012701892,70.,7.6));
#2561 = LINE('',#2562,#2563);
#2562 = CARTESIAN_POINT('',(125.25,70.,7.6));
#2563 = VECTOR('',#2564,1.);
#2564 = DIRECTION('',(-1.,-0.,0.));
#2565 = ORIENTED_EDGE('',*,*,#2566,.F.);
#2566 = EDGE_CURVE('',#2567,#2559,#2569,.T.);
#2567 = VERTEX_POINT('',#2568);
#2568 = CARTESIAN_POINT('',(159.03012701892,70.,5.));
#2569 = LINE('',#2570,#2571);
#2570 = CARTESIAN_POINT('',(159.03012701892,70.,2.45));
#2571 = VECTOR('',#2572,1.);
#2572 = DIRECTION('',(-0.,-0.,1.));
#2573 = ORIENTED_EDGE('',*,*,#2574,.T.);
#2574 = EDGE_CURVE('',#2567,#2575,#2577,.T.);
#2575 = VERTEX_POINT('',#2576);
#2576 = CARTESIAN_POINT('',(156.16987298107,70.,5.));
#2577 = LINE('',#2578,#2579);
#2578 = CARTESIAN_POINT('',(125.25,70.,5.));
#2579 = VECTOR('',#2580,1.);
#2580 = DIRECTION('',(-1.,-0.,0.));
#2581 = ORIENTED_EDGE('',*,*,#2582,.F.);
#2582 = EDGE_CURVE('',#2583,#2575,#2585,.T.);
#2583 = VERTEX_POINT('',#2584);
#2584 = CARTESIAN_POINT('',(156.16987298107,70.,0.));
#2585 = LINE('',#2586,#2587);
#2586 = CARTESIAN_POINT('',(156.16987298107,70.,-0.2));
#2587 = VECTOR('',#2588,1.);
#2588 = DIRECTION('',(0.,0.,1.));
#2589 = ORIENTED_EDGE('',*,*,#2590,.F.);
#2590 = EDGE_CURVE('',#1858,#2583,#2591,.T.);
#2591 = LINE('',#2592,#2593);
#2592 = CARTESIAN_POINT('',(90.,70.,0.));
#2593 = VECTOR('',#2594,1.);
#2594 = DIRECTION('',(1.,0.,-0.));
#2595 = ORIENTED_EDGE('',*,*,#1865,.F.);
#2596 = FACE_BOUND('',#2597,.T.);
#2597 = EDGE_LOOP('',(#2598,#2609,#2617));
#2598 = ORIENTED_EDGE('',*,*,#2599,.F.);
#2599 = EDGE_CURVE('',#2600,#2602,#2604,.T.);
#2600 = VERTEX_POINT('',#2601);
#2601 = CARTESIAN_POINT('',(140.00541257081,70.,29.736125231997));
#2602 = VERTEX_POINT('',#2603);
#2603 = CARTESIAN_POINT('',(144.69150843598,70.,28.201418895702));
#2604 = ELLIPSE('',#2605,2.746124780017,1.65);
#2605 = AXIS2_PLACEMENT_3D('',#2606,#2607,#2608);
#2606 = CARTESIAN_POINT('',(141.95914877913,70.,28.420307024832));
#2607 = DIRECTION('',(0.,1.,0.));
#2608 = DIRECTION('',(0.992144212029,0.,-0.125099410623));
#2609 = ORIENTED_EDGE('',*,*,#2610,.F.);
#2610 = EDGE_CURVE('',#2611,#2600,#2613,.T.);
#2611 = VERTEX_POINT('',#2612);
#2612 = CARTESIAN_POINT('',(139.73993406498,70.,27.630655976263));
#2613 = LINE('',#2614,#2615);
#2614 = CARTESIAN_POINT('',(137.70237981216,70.,11.47112613867));
#2615 = VECTOR('',#2616,1.);
#2616 = DIRECTION('',(0.125099410623,0.,0.992144212029));
#2617 = ORIENTED_EDGE('',*,*,#2618,.F.);
#2618 = EDGE_CURVE('',#2602,#2611,#2619,.T.);
#2619 = ELLIPSE('',#2620,2.746124780017,1.65);
#2620 = AXIS2_PLACEMENT_3D('',#2621,#2622,#2623);
#2621 = CARTESIAN_POINT('',(141.95914877913,70.,28.420307024832));
#2622 = DIRECTION('',(0.,1.,0.));
#2623 = DIRECTION('',(0.992144212029,0.,-0.125099410623));
#2624 = PLANE('',#2625);
#2625 = AXIS2_PLACEMENT_3D('',#2626,#2627,#2628);
#2626 = CARTESIAN_POINT('',(90.,70.,0.));
#2627 = DIRECTION('',(-0.,1.,0.));
#2628 = DIRECTION('',(0.,0.,1.));
#2629 = ADVANCED_FACE('',(#2630),#2653,.F.);
#2630 = FACE_BOUND('',#2631,.F.);
#2631 = EDGE_LOOP('',(#2632,#2633,#2634,#2635,#2636,#2645,#2652));
#2632 = ORIENTED_EDGE('',*,*,#1857,.F.);
#2633 = ORIENTED_EDGE('',*,*,#1849,.T.);
#2634 = ORIENTED_EDGE('',*,*,#1736,.T.);
#2635 = ORIENTED_EDGE('',*,*,#2526,.F.);
#2636 = ORIENTED_EDGE('',*,*,#2637,.F.);
#2637 = EDGE_CURVE('',#2638,#2527,#2640,.T.);
#2638 = VERTEX_POINT('',#2639);
#2639 = CARTESIAN_POINT('',(165.5,67.5,0.));
#2640 = CIRCLE('',#2641,5.);
#2641 = AXIS2_PLACEMENT_3D('',#2642,#2643,#2644);
#2642 = CARTESIAN_POINT('',(160.5,67.5,0.));
#2643 = DIRECTION('',(0.,0.,1.));
#2644 = DIRECTION('',(1.,0.,-0.));
#2645 = ORIENTED_EDGE('',*,*,#2646,.F.);
#2646 = EDGE_CURVE('',#2583,#2638,#2647,.T.);
#2647 = CIRCLE('',#2648,5.);
#2648 = AXIS2_PLACEMENT_3D('',#2649,#2650,#2651);
#2649 = CARTESIAN_POINT('',(160.5,67.5,0.));
#2650 = DIRECTION('',(0.,0.,1.));
#2651 = DIRECTION('',(1.,0.,-0.));
#2652 = ORIENTED_EDGE('',*,*,#2590,.F.);
#2653 = PLANE('',#2654);
#2654 = AXIS2_PLACEMENT_3D('',#2655,#2656,#2657);
#2655 = CARTESIAN_POINT('',(121.5,85.5,0.));
#2656 = DIRECTION('',(0.,0.,1.));
#2657 = DIRECTION('',(1.,0.,-0.));
#2658 = ADVANCED_FACE('',(#2659),#2678,.F.);
#2659 = FACE_BOUND('',#2660,.F.);
#2660 = EDGE_LOOP('',(#2661,#2669,#2670,#2671));
#2661 = ORIENTED_EDGE('',*,*,#2662,.F.);
#2662 = EDGE_CURVE('',#1839,#2663,#2665,.T.);
#2663 = VERTEX_POINT('',#2664);
#2664 = CARTESIAN_POINT('',(121.5,62.5,0.));
#2665 = LINE('',#2666,#2667);
#2666 = CARTESIAN_POINT('',(121.5,-114.5,0.));
#2667 = VECTOR('',#2668,1.);
#2668 = DIRECTION('',(-6.123233995737E-17,1.,0.));
#2669 = ORIENTED_EDGE('',*,*,#1873,.T.);
#2670 = ORIENTED_EDGE('',*,*,#2479,.F.);
#2671 = ORIENTED_EDGE('',*,*,#2672,.F.);
#2672 = EDGE_CURVE('',#2663,#2480,#2673,.T.);
#2673 = CIRCLE('',#2674,23.);
#2674 = AXIS2_PLACEMENT_3D('',#2675,#2676,#2677);
#2675 = CARTESIAN_POINT('',(121.5,85.5,0.));
#2676 = DIRECTION('',(0.,0.,1.));
#2677 = DIRECTION('',(1.,0.,-0.));
#2678 = PLANE('',#2679);
#2679 = AXIS2_PLACEMENT_3D('',#2680,#2681,#2682);
#2680 = CARTESIAN_POINT('',(121.5,85.5,0.));
#2681 = DIRECTION('',(0.,0.,1.));
#2682 = DIRECTION('',(1.,0.,-0.));
#2683 = ADVANCED_FACE('',(#2684,#2690,#2701),#2712,.F.);
#2684 = FACE_BOUND('',#2685,.F.);
#2685 = EDGE_LOOP('',(#2686,#2687,#2688,#2689));
#2686 = ORIENTED_EDGE('',*,*,#1892,.F.);
#2687 = ORIENTED_EDGE('',*,*,#1882,.T.);
#2688 = ORIENTED_EDGE('',*,*,#1908,.T.);
#2689 = ORIENTED_EDGE('',*,*,#1900,.F.);
#2690 = FACE_BOUND('',#2691,.F.);
#2691 = EDGE_LOOP('',(#2692));
#2692 = ORIENTED_EDGE('',*,*,#2693,.F.);
#2693 = EDGE_CURVE('',#2694,#2694,#2696,.T.);
#2694 = VERTEX_POINT('',#2695);
#2695 = CARTESIAN_POINT('',(144.5,14.5,0.));
#2696 = CIRCLE('',#2697,5.);
#2697 = AXIS2_PLACEMENT_3D('',#2698,#2699,#2700);
#2698 = CARTESIAN_POINT('',(139.5,14.5,0.));
#2699 = DIRECTION('',(0.,0.,1.));
#2700 = DIRECTION('',(1.,0.,-0.));
#2701 = FACE_BOUND('',#2702,.F.);
#2702 = EDGE_LOOP('',(#2703));
#2703 = ORIENTED_EDGE('',*,*,#2704,.F.);
#2704 = EDGE_CURVE('',#2705,#2705,#2707,.T.);
#2705 = VERTEX_POINT('',#2706);
#2706 = CARTESIAN_POINT('',(144.5,46.5,0.));
#2707 = CIRCLE('',#2708,5.);
#2708 = AXIS2_PLACEMENT_3D('',#2709,#2710,#2711);
#2709 = CARTESIAN_POINT('',(139.5,46.5,0.));
#2710 = DIRECTION('',(0.,0.,1.));
#2711 = DIRECTION('',(1.,0.,-0.));
#2712 = PLANE('',#2713);
#2713 = AXIS2_PLACEMENT_3D('',#2714,#2715,#2716);
#2714 = CARTESIAN_POINT('',(121.5,85.5,0.));
#2715 = DIRECTION('',(0.,0.,1.));
#2716 = DIRECTION('',(1.,0.,-0.));
#2717 = ADVANCED_FACE('',(#2718),#2739,.T.);
#2718 = FACE_BOUND('',#2719,.T.);
#2719 = EDGE_LOOP('',(#2720,#2721,#2729,#2736,#2737,#2738));
#2720 = ORIENTED_EDGE('',*,*,#2048,.F.);
#2721 = ORIENTED_EDGE('',*,*,#2722,.F.);
#2722 = EDGE_CURVE('',#2723,#2049,#2725,.T.);
#2723 = VERTEX_POINT('',#2724);
#2724 = CARTESIAN_POINT('',(157.51546656153,2.499413679947,
    22.165023807326));
#2725 = LINE('',#2726,#2727);
#2726 = CARTESIAN_POINT('',(157.51546656153,2.499413679947,
    22.165023807326));
#2727 = VECTOR('',#2728,1.);
#2728 = DIRECTION('',(0.600846695681,-0.793084641315,-0.1));
#2729 = ORIENTED_EDGE('',*,*,#2730,.T.);
#2730 = EDGE_CURVE('',#2723,#2723,#2731,.T.);
#2731 = CIRCLE('',#2732,5.414656965084);
#2732 = AXIS2_PLACEMENT_3D('',#2733,#2734,#2735);
#2733 = CARTESIAN_POINT('',(161.83138163428,5.769182346751,
    22.165023807326));
#2734 = DIRECTION('',(0.600846695681,-0.793084641315,-1.E-01));
#2735 = DIRECTION('',(-0.797080055223,-0.603873650333,
    -6.938893903907E-18));
#2736 = ORIENTED_EDGE('',*,*,#2722,.T.);
#2737 = ORIENTED_EDGE('',*,*,#2111,.F.);
#2738 = ORIENTED_EDGE('',*,*,#2392,.F.);
#2739 = CYLINDRICAL_SURFACE('',#2740,5.414656965084);
#2740 = AXIS2_PLACEMENT_3D('',#2741,#2742,#2743);
#2741 = CARTESIAN_POINT('',(161.83138163428,5.769182346751,
    22.165023807326));
#2742 = DIRECTION('',(0.600846695681,-0.793084641315,-0.1));
#2743 = DIRECTION('',(-0.797080055223,-0.603873650333,
    -6.938893903907E-18));
#2744 = ADVANCED_FACE('',(#2745,#2764,#2821,#2872,#2923),#2974,.T.);
#2745 = FACE_BOUND('',#2746,.T.);
#2746 = EDGE_LOOP('',(#2747,#2755,#2756,#2757));
#2747 = ORIENTED_EDGE('',*,*,#2748,.F.);
#2748 = EDGE_CURVE('',#2243,#2749,#2751,.T.);
#2749 = VERTEX_POINT('',#2750);
#2750 = CARTESIAN_POINT('',(121.5,57.5,35.));
#2751 = LINE('',#2752,#2753);
#2752 = CARTESIAN_POINT('',(121.5,57.5,0.));
#2753 = VECTOR('',#2754,1.);
#2754 = DIRECTION('',(0.,0.,1.));
#2755 = ORIENTED_EDGE('',*,*,#2277,.T.);
#2756 = ORIENTED_EDGE('',*,*,#2511,.T.);
#2757 = ORIENTED_EDGE('',*,*,#2758,.F.);
#2758 = EDGE_CURVE('',#2749,#2504,#2759,.T.);
#2759 = CIRCLE('',#2760,28.);
#2760 = AXIS2_PLACEMENT_3D('',#2761,#2762,#2763);
#2761 = CARTESIAN_POINT('',(121.5,85.5,35.));
#2762 = DIRECTION('',(0.,0.,1.));
#2763 = DIRECTION('',(1.,0.,-0.));
#2764 = FACE_BOUND('',#2765,.T.);
#2765 = EDGE_LOOP('',(#2766));
#2766 = ORIENTED_EDGE('',*,*,#2767,.F.);
#2767 = EDGE_CURVE('',#2768,#2768,#2770,.T.);
#2768 = VERTEX_POINT('',#2769);
#2769 = CARTESIAN_POINT('',(124.3164986757,57.642014875269,
    26.527665962399));
#2770 = B_SPLINE_CURVE_WITH_KNOTS('',7,(#2771,#2772,#2773,#2774,#2775,
    #2776,#2777,#2778,#2779,#2780,#2781,#2782,#2783,#2784,#2785,#2786,
    #2787,#2788,#2789,#2790,#2791,#2792,#2793,#2794,#2795,#2796,#2797,
    #2798,#2799,#2800,#2801,#2802,#2803,#2804,#2805,#2806,#2807,#2808,
    #2809,#2810,#2811,#2812,#2813,#2814,#2815,#2816,#2817,#2818,#2819,
    #2820),.UNSPECIFIED.,.T.,.F.,(8,6,6,6,6,6,6,6,8),(0.,0.123812477636,
    0.244300161061,0.380536263009,0.498686183607,0.616836103019,
    0.75398412802,0.87521960819,1.),.UNSPECIFIED.);
#2771 = CARTESIAN_POINT('',(124.3164986757,57.642014875269,
    26.527665962399));
#2772 = CARTESIAN_POINT('',(124.53390989899,57.663995589945,
    26.529886236609));
#2773 = CARTESIAN_POINT('',(124.74504929494,57.687341990569,
    26.566182567828));
#2774 = CARTESIAN_POINT('',(124.94397490351,57.711252114376,
    26.633253086012));
#2775 = CARTESIAN_POINT('',(125.12579153402,57.73471094218,
    26.72665369159));
#2776 = CARTESIAN_POINT('',(125.28679415898,57.756640199202,
    26.840848696623));
#2777 = CARTESIAN_POINT('',(125.42479732511,57.776194121598,
    26.969301704271));
#2778 = CARTESIAN_POINT('',(125.65120724642,57.809203472024,
    27.236242073852));
#2779 = CARTESIAN_POINT('',(125.74348837839,57.823193766487,
    27.377482664528));
#2780 = CARTESIAN_POINT('',(125.81709554213,57.834663876761,
    27.525356405328));
#2781 = CARTESIAN_POINT('',(125.87274891264,57.84349102908,
    27.677729533631));
#2782 = CARTESIAN_POINT('',(125.91101584448,57.84961927081,
    27.832982342994));
#2783 = CARTESIAN_POINT('',(125.93221165112,57.853019749276,
    27.9898072881));
#2784 = CARTESIAN_POINT('',(125.94091237387,57.854415919439,
    28.324785069083));
#2785 = CARTESIAN_POINT('',(125.92364786142,57.851646499142,
    28.502891656206));
#2786 = CARTESIAN_POINT('',(125.88450246621,57.845350971167,
    28.679537561866));
#2787 = CARTESIAN_POINT('',(125.82296041016,57.835543337559,
    28.852782580837));
#2788 = CARTESIAN_POINT('',(125.73813244847,57.822286702715,
    29.02024469365));
#2789 = CARTESIAN_POINT('',(125.62889196598,57.805762798813,
    29.178745580973));
#2790 = CARTESIAN_POINT('',(125.37736028987,57.769511209362,
    29.449382290129));
#2791 = CARTESIAN_POINT('',(125.23897262804,57.750152791279,
    29.567472090703));
#2792 = CARTESIAN_POINT('',(125.07967362248,57.728755230204,
    29.671215241778));
#2793 = CARTESIAN_POINT('',(124.90185680703,57.706137483541,
    29.754848181718));
#2794 = CARTESIAN_POINT('',(124.70930109604,57.683297606748,
    29.813680649552));
#2795 = CARTESIAN_POINT('',(124.50682994794,57.661138952916,
    29.844206512452));
#2796 = CARTESIAN_POINT('',(124.09317005413,57.619564569323,
    29.844206512452));
#2797 = CARTESIAN_POINT('',(123.89033880542,57.600988799598,
    29.813680649991));
#2798 = CARTESIAN_POINT('',(123.69708913966,57.585053777197,
    29.754848179529));
#2799 = CARTESIAN_POINT('',(123.51832778231,57.571834068826,
    29.671215245888));
#2800 = CARTESIAN_POINT('',(123.35795669268,57.561103576815,
    29.567472087097));
#2801 = CARTESIAN_POINT('',(123.21848451146,57.552536029733,
    29.449382291458));
#2802 = CARTESIAN_POINT('',(122.96385997196,57.537956337018,
    29.177775399447));
#2803 = CARTESIAN_POINT('',(122.85295113278,57.532389217761,
    29.018123915394));
#2804 = CARTESIAN_POINT('',(122.76693823965,57.528496364807,
    28.849421382603));
#2805 = CARTESIAN_POINT('',(122.70473176294,57.525868731487,
    28.674898388103));
#2806 = CARTESIAN_POINT('',(122.66546071281,57.524264920476,
    28.496974400517));
#2807 = CARTESIAN_POINT('',(122.64862085618,57.523568820699,
    28.317623760415));
#2808 = CARTESIAN_POINT('',(122.65916911537,57.524004012378,
    27.980518436988));
#2809 = CARTESIAN_POINT('',(122.68164869723,57.52493248813,
    27.822797336352));
#2810 = CARTESIAN_POINT('',(122.72162060249,57.526596671169,
    27.666727987558));
#2811 = CARTESIAN_POINT('',(122.77940439036,57.529092259217,
    27.513646717179));
#2812 = CARTESIAN_POINT('',(122.85556610373,57.532593707167,
    27.365218255855));
#2813 = CARTESIAN_POINT('',(122.95080716273,57.53737459222,
    27.223644260079));
#2814 = CARTESIAN_POINT('',(123.18412254146,57.550442235526,
    26.956472066897));
#2815 = CARTESIAN_POINT('',(123.32646538801,57.559000906638,
    26.827914561459));
#2816 = CARTESIAN_POINT('',(123.4923384981,57.569892342515,
    26.714263520343));
#2817 = CARTESIAN_POINT('',(123.67911851322,57.583515732996,
    26.622397561467));
#2818 = CARTESIAN_POINT('',(123.88253271158,57.600176200872,
    26.557995211062));
#2819 = CARTESIAN_POINT('',(124.09711921028,57.61983516733,
    26.52542558786));
#2820 = CARTESIAN_POINT('',(124.3164986757,57.642014875269,
    26.527665962399));
#2821 = FACE_BOUND('',#2822,.T.);
#2822 = EDGE_LOOP('',(#2823));
#2823 = ORIENTED_EDGE('',*,*,#2824,.F.);
#2824 = EDGE_CURVE('',#2825,#2825,#2827,.T.);
#2825 = VERTEX_POINT('',#2826);
#2826 = CARTESIAN_POINT('',(130.18276730316,58.880278890284,
    28.190784465515));
#2827 = B_SPLINE_CURVE_WITH_KNOTS('',7,(#2828,#2829,#2830,#2831,#2832,
    #2833,#2834,#2835,#2836,#2837,#2838,#2839,#2840,#2841,#2842,#2843,
    #2844,#2845,#2846,#2847,#2848,#2849,#2850,#2851,#2852,#2853,#2854,
    #2855,#2856,#2857,#2858,#2859,#2860,#2861,#2862,#2863,#2864,#2865,
    #2866,#2867,#2868,#2869,#2870,#2871),.UNSPECIFIED.,.T.,.F.,(8,6,6,6,
    6,6,6,8),(0.,0.153696250848,0.286968054216,0.423708175512,
    0.590775172378,0.715876098531,0.838661701417,1.),.UNSPECIFIED.);
#2828 = CARTESIAN_POINT('',(130.18276730316,58.880278890284,
    28.190784465515));
#2829 = CARTESIAN_POINT('',(130.18276730316,58.880278890284,
    27.992347238253));
#2830 = CARTESIAN_POINT('',(130.20901714688,58.888841108672,
    27.793875654631));
#2831 = CARTESIAN_POINT('',(130.26146320109,58.905947352638,
    27.597891658933));
#2832 = CARTESIAN_POINT('',(130.34071568894,58.931979516368,
    27.40716189461));
#2833 = CARTESIAN_POINT('',(130.44783813214,58.967637670717,
    27.225219288112));
#2834 = CARTESIAN_POINT('',(130.58408261336,59.013958245998,
    27.056996206423));
#2835 = CARTESIAN_POINT('',(130.89418751244,59.122499686016,
    26.782777665958));
#2836 = CARTESIAN_POINT('',(131.06616721716,59.183723641773,
    26.666598526349));
#2837 = CARTESIAN_POINT('',(131.26237504913,59.255178201417,
    26.575275089436));
#2838 = CARTESIAN_POINT('',(131.47533786661,59.33505441974,
    26.518209068081));
#2839 = CARTESIAN_POINT('',(131.69529957412,59.420344365812,
    26.500455201338));
#2840 = CARTESIAN_POINT('',(131.91220212974,59.507017945896,
    26.522500610838));
#2841 = CARTESIAN_POINT('',(132.32748288008,59.67719475027,
    26.638961050971));
#2842 = CARTESIAN_POINT('',(132.51749656177,59.757386106383,
    26.733073317185));
#2843 = CARTESIAN_POINT('',(132.68426263676,59.829600843458,
    26.854061221628));
#2844 = CARTESIAN_POINT('',(132.82677581951,59.892548562312,
    26.99512762399));
#2845 = CARTESIAN_POINT('',(132.94496527511,59.945517283942,
    27.150397504078));
#2846 = CARTESIAN_POINT('',(133.03944904081,59.988289597153,
    27.314762869035));
#2847 = CARTESIAN_POINT('',(133.19930508583,60.06114010025,
    27.690376305162));
#2848 = CARTESIAN_POINT('',(133.2548864591,60.086897270781,
    27.907024342236));
#2849 = CARTESIAN_POINT('',(133.27948433304,60.098399031369,
    28.128510147466));
#2850 = CARTESIAN_POINT('',(133.27378293947,60.095735747927,
    28.351093396897));
#2851 = CARTESIAN_POINT('',(133.23765687553,60.078886216343,
    28.571336021779));
#2852 = CARTESIAN_POINT('',(133.16998434372,60.04761535531,
    28.785668732842));
#2853 = CARTESIAN_POINT('',(132.99251023161,59.967096289706,
    29.140463325114));
#2854 = CARTESIAN_POINT('',(132.8968149537,59.923998481194,
    29.28744897594));
#2855 = CARTESIAN_POINT('',(132.78055935111,59.872186560759,
    29.425415182699));
#2856 = CARTESIAN_POINT('',(132.64353357056,59.811994784234,
    29.549925247146));
#2857 = CARTESIAN_POINT('',(132.48620496324,59.744189709687,
    29.656188572284));
#2858 = CARTESIAN_POINT('',(132.30986307165,59.669974375401,
    29.738986275213));
#2859 = CARTESIAN_POINT('',(131.92805382973,59.513513772264,
    29.844844550091));
#2860 = CARTESIAN_POINT('',(131.72800707036,59.433418686138,
    29.867644870562));
#2861 = CARTESIAN_POINT('',(131.52426018685,59.354052444354,
    29.856917571008));
#2862 = CARTESIAN_POINT('',(131.32509313641,59.278782603667,
    29.812537669539));
#2863 = CARTESIAN_POINT('',(131.13865983629,59.21025066328,
    29.737976291891));
#2864 = CARTESIAN_POINT('',(130.97150274834,59.150161950428,
    29.640118263405));
#2865 = CARTESIAN_POINT('',(130.6382519176,59.032423012135,
    29.383421963298));
#2866 = CARTESIAN_POINT('',(130.4828401567,58.979295637231,
    29.210360693955));
#2867 = CARTESIAN_POINT('',(130.36102448462,58.93865178348,
    29.020017714631));
#2868 = CARTESIAN_POINT('',(130.27130519622,58.909157132823,
    28.818797855016));
#2869 = CARTESIAN_POINT('',(130.21224378378,58.889893684149,
    28.611370122356));
#2870 = CARTESIAN_POINT('',(130.18276730316,58.880278890284,
    28.401058364108));
#2871 = CARTESIAN_POINT('',(130.18276730316,58.880278890284,
    28.190784465515));
#2872 = FACE_BOUND('',#2873,.T.);
#2873 = EDGE_LOOP('',(#2874));
#2874 = ORIENTED_EDGE('',*,*,#2875,.F.);
#2875 = EDGE_CURVE('',#2876,#2876,#2878,.T.);
#2876 = VERTEX_POINT('',#2877);
#2877 = CARTESIAN_POINT('',(137.06389662238,62.224151531516,
    28.190784465515));
#2878 = B_SPLINE_CURVE_WITH_KNOTS('',7,(#2879,#2880,#2881,#2882,#2883,
    #2884,#2885,#2886,#2887,#2888,#2889,#2890,#2891,#2892,#2893,#2894,
    #2895,#2896,#2897,#2898,#2899,#2900,#2901,#2902,#2903,#2904,#2905,
    #2906,#2907,#2908,#2909,#2910,#2911,#2912,#2913,#2914,#2915,#2916,
    #2917,#2918,#2919,#2920,#2921,#2922),.UNSPECIFIED.,.T.,.F.,(8,6,6,6,
    6,6,6,8),(0.,0.153696251472,0.28696805533,0.423708177173,
    0.590775171604,0.715876098281,0.838661700688,1.),.UNSPECIFIED.);
#2879 = CARTESIAN_POINT('',(137.06389662238,62.224151531516,
    28.190784465515));
#2880 = CARTESIAN_POINT('',(137.06389662238,62.224151531516,
    27.992347238253));
#2881 = CARTESIAN_POINT('',(137.08684902986,62.23949926325,
    27.793875654631));
#2882 = CARTESIAN_POINT('',(137.13270713798,62.270162695947,
    27.597891658932));
#2883 = CARTESIAN_POINT('',(137.2019550225,62.316674639241,
    27.407161894611));
#2884 = CARTESIAN_POINT('',(137.29542701478,62.379996898098,
    27.225219288112));
#2885 = CARTESIAN_POINT('',(137.41404792493,62.461466119478,
    27.056996206423));
#2886 = CARTESIAN_POINT('',(137.68319774457,62.649892941317,
    26.782777666007));
#2887 = CARTESIAN_POINT('',(137.83218598222,62.755381787524,
    26.666598526276));
#2888 = CARTESIAN_POINT('',(138.00172879161,62.877277247704,
    26.57527508945));
#2889 = CARTESIAN_POINT('',(138.18512162676,63.011815122802,
    26.518209068123));
#2890 = CARTESIAN_POINT('',(138.37378674131,63.153459050389,
    26.500455201295));
#2891 = CARTESIAN_POINT('',(138.55913238561,63.295606932281,
    26.522500610857));
#2892 = CARTESIAN_POINT('',(138.91284893404,63.57183663678,
    26.638961050971));
#2893 = CARTESIAN_POINT('',(139.0740639959,63.700466169377,
    26.733073317185));
#2894 = CARTESIAN_POINT('',(139.21505831157,63.815124335104,
    26.854061221628));
#2895 = CARTESIAN_POINT('',(139.33521339804,63.914296799839,
    26.99512762399));
#2896 = CARTESIAN_POINT('',(139.43465377823,63.997278988725,
    27.150397504078));
#2897 = CARTESIAN_POINT('',(139.51403326626,64.06402889239,
    27.314762869035));
#2898 = CARTESIAN_POINT('',(139.64820340828,64.177428730528,
    27.690376301325));
#2899 = CARTESIAN_POINT('',(139.69473822787,64.217268812195,
    27.907024357391));
#2900 = CARTESIAN_POINT('',(139.71530467242,64.234999209667,
    28.128510119979));
#2901 = CARTESIAN_POINT('',(139.71053698242,64.230892127198,
    28.351093424413));
#2902 = CARTESIAN_POINT('',(139.68032018141,64.204893213878,
    28.571336006585));
#2903 = CARTESIAN_POINT('',(139.62363795793,64.156472506793,
    28.785668736687));
#2904 = CARTESIAN_POINT('',(139.47458308346,64.030921624839,
    29.140463325085));
#2905 = CARTESIAN_POINT('',(139.39412541027,63.963530452268,
    29.287448975945));
#2906 = CARTESIAN_POINT('',(139.2962335797,63.882185324896,
    29.425415182722));
#2907 = CARTESIAN_POINT('',(139.18061509795,63.787151219573,
    29.549925247155));
#2908 = CARTESIAN_POINT('',(139.04751238383,63.679292579201,
    29.656188572274));
#2909 = CARTESIAN_POINT('',(138.89784121262,63.560116578804,
    29.738986275205));
#2910 = CARTESIAN_POINT('',(138.57263411694,63.306150909573,
    29.844844549675));
#2911 = CARTESIAN_POINT('',(138.4017344353,63.17489836297,
    29.867644870949));
#2912 = CARTESIAN_POINT('',(138.22707549195,63.043345944683,
    29.856917572115));
#2913 = CARTESIAN_POINT('',(138.05571660485,62.916976628736,
    29.812537666765));
#2914 = CARTESIAN_POINT('',(137.89479239495,62.800540403943,
    29.737976294388));
#2915 = CARTESIAN_POINT('',(137.75013946664,62.697449772782,
    29.640118262472));
#2916 = CARTESIAN_POINT('',(137.46119724079,62.493903800109,
    29.383421963298));
#2917 = CARTESIAN_POINT('',(137.32596695931,62.400693798708,
    29.210360693955));
#2918 = CARTESIAN_POINT('',(137.21969971285,62.328594886498,
    29.020017714631));
#2919 = CARTESIAN_POINT('',(137.14131294251,62.275916623763,
    28.818797855016));
#2920 = CARTESIAN_POINT('',(137.08967031655,62.241385911665,
    28.611370122355));
#2921 = CARTESIAN_POINT('',(137.06389662238,62.224151531516,
    28.401058364108));
#2922 = CARTESIAN_POINT('',(137.06389662238,62.224151531516,
    28.190784465515));
#2923 = FACE_BOUND('',#2924,.T.);
#2924 = EDGE_LOOP('',(#2925));
#2925 = ORIENTED_EDGE('',*,*,#2926,.F.);
#2926 = EDGE_CURVE('',#2927,#2927,#2929,.T.);
#2927 = VERTEX_POINT('',#2928);
#2928 = CARTESIAN_POINT('',(144.77584846848,69.936103377619,
    28.190784465515));
#2929 = B_SPLINE_CURVE_WITH_KNOTS('',7,(#2930,#2931,#2932,#2933,#2934,
    #2935,#2936,#2937,#2938,#2939,#2940,#2941,#2942,#2943,#2944,#2945,
    #2946,#2947,#2948,#2949,#2950,#2951,#2952,#2953,#2954,#2955,#2956,
    #2957,#2958,#2959,#2960,#2961,#2962,#2963,#2964,#2965,#2966,#2967,
    #2968,#2969,#2970,#2971,#2972,#2973),.UNSPECIFIED.,.T.,.F.,(8,6,6,6,
    6,6,6,8),(0.,0.152328179175,0.284925984395,0.420718224121,
    0.588026133422,0.713994798123,0.83731428467,1.),.UNSPECIFIED.);
#2930 = CARTESIAN_POINT('',(144.77584846848,69.936103377619,
    28.190784465515));
#2931 = CARTESIAN_POINT('',(144.77584846848,69.936103377619,
    28.38840232445));
#2932 = CARTESIAN_POINT('',(144.7606272506,69.913340164128,
    28.586014319679));
#2933 = CARTESIAN_POINT('',(144.73013731635,69.867741566255,
    28.781213314734));
#2934 = CARTESIAN_POINT('',(144.68373828401,69.798657346835,
    28.971230905097));
#2935 = CARTESIAN_POINT('',(144.62039341888,69.705140445898,
    29.152434024088));
#2936 = CARTESIAN_POINT('',(144.53875654654,69.586270132328,
    29.319771467965));
#2937 = CARTESIAN_POINT('',(144.34957384795,69.316040614549,
    29.592599409424));
#2938 = CARTESIAN_POINT('',(144.24379974703,69.166665561349,
    29.707552088865));
#2939 = CARTESIAN_POINT('',(144.12183720495,68.997057720389,
    29.7975309786));
#2940 = CARTESIAN_POINT('',(143.98739425479,68.813821725153,
    29.853594254575));
#2941 = CARTESIAN_POINT('',(143.84596013762,68.625455194643,
    29.8709272226));
#2942 = CARTESIAN_POINT('',(143.70409918929,68.440491298365,
    29.849117008162));
#2943 = CARTESIAN_POINT('',(143.42872790061,68.087873965101,
    29.734336417753));
#2944 = CARTESIAN_POINT('',(143.30024136101,67.926813804841,
    29.641641489038));
#2945 = CARTESIAN_POINT('',(143.18543884797,67.78562222519,
    29.522067643601));
#2946 = CARTESIAN_POINT('',(143.0860108931,67.665153378188,
    29.382175021171));
#2947 = CARTESIAN_POINT('',(143.00281196635,67.565453750044,
    29.227797474167));
#2948 = CARTESIAN_POINT('',(142.93596767233,67.485962669264,
    29.06417291624));
#2949 = CARTESIAN_POINT('',(142.82204965395,67.351179437143,
    28.688734547908));
#2950 = CARTESIAN_POINT('',(142.7823724751,67.304847457505,
    28.471937046036));
#2951 = CARTESIAN_POINT('',(142.76495215088,67.284637422499,
    28.250644673494));
#2952 = CARTESIAN_POINT('',(142.76931746688,67.289707549389,
    28.028199007108));
#2953 = CARTESIAN_POINT('',(142.79550757665,67.320145923065,
    27.807919414923));
#2954 = CARTESIAN_POINT('',(142.84396262431,67.376878632728,
    27.593548790526));
#2955 = CARTESIAN_POINT('',(142.96904569761,67.525378121526,
    27.23806082289));
#2956 = CARTESIAN_POINT('',(143.03631496274,67.605690537402,
    27.090337482727));
#2957 = CARTESIAN_POINT('',(143.11745335559,67.703332781885,
    26.951482337264));
#2958 = CARTESIAN_POINT('',(143.21227252075,67.818683924471,
    26.825856072843));
#2959 = CARTESIAN_POINT('',(143.32003101651,67.951645400295,
    26.718301950693));
#2960 = CARTESIAN_POINT('',(143.43936252112,68.101491766512,
    26.634239405048));
#2961 = CARTESIAN_POINT('',(143.69403569091,68.427604827969,
    26.526867355784));
#2962 = CARTESIAN_POINT('',(143.82552266211,68.598813104112,
    26.503779083602));
#2963 = CARTESIAN_POINT('',(143.95728184574,68.773758560964,
    26.51477155635));
#2964 = CARTESIAN_POINT('',(144.08377098354,68.945301157011,
    26.559945927274));
#2965 = CARTESIAN_POINT('',(144.20018041733,69.106212261102,
    26.635645237966));
#2966 = CARTESIAN_POINT('',(144.30303624051,69.250550450051,
    26.734602561314));
#2967 = CARTESIAN_POINT('',(144.50591575995,69.53854661699,
    26.992911091642));
#2968 = CARTESIAN_POINT('',(144.5989508641,69.673519530221,
    27.167055960068));
#2969 = CARTESIAN_POINT('',(144.67098235296,69.779675977892,
    27.358256175356));
#2970 = CARTESIAN_POINT('',(144.723731217,69.858160448283,
    27.560169503074));
#2971 = CARTESIAN_POINT('',(144.75843620064,69.910063642821,
    27.768278094132));
#2972 = CARTESIAN_POINT('',(144.77584846848,69.936103377619,
    27.979428074033));
#2973 = CARTESIAN_POINT('',(144.77584846848,69.936103377619,
    28.190784465515));
#2974 = CYLINDRICAL_SURFACE('',#2975,28.);
#2975 = AXIS2_PLACEMENT_3D('',#2976,#2977,#2978);
#2976 = CARTESIAN_POINT('',(121.5,85.5,0.));
#2977 = DIRECTION('',(0.,0.,1.));
#2978 = DIRECTION('',(1.,0.,-0.));
#2979 = ADVANCED_FACE('',(#2980),#2986,.F.);
#2980 = FACE_BOUND('',#2981,.F.);
#2981 = EDGE_LOOP('',(#2982,#2983,#2984,#2985));
#2982 = ORIENTED_EDGE('',*,*,#2422,.F.);
#2983 = ORIENTED_EDGE('',*,*,#2261,.T.);
#2984 = ORIENTED_EDGE('',*,*,#2518,.T.);
#2985 = ORIENTED_EDGE('',*,*,#2444,.F.);
#2986 = PLANE('',#2987);
#2987 = AXIS2_PLACEMENT_3D('',#2988,#2989,#2990);
#2988 = CARTESIAN_POINT('',(152.5,59.5,0.));
#2989 = DIRECTION('',(1.,0.,-0.));
#2990 = DIRECTION('',(0.,0.,1.));
#2991 = ADVANCED_FACE('',(#2992),#3017,.F.);
#2992 = FACE_BOUND('',#2993,.F.);
#2993 = EDGE_LOOP('',(#2994,#2995,#3003,#3011));
#2994 = ORIENTED_EDGE('',*,*,#2286,.T.);
#2995 = ORIENTED_EDGE('',*,*,#2996,.T.);
#2996 = EDGE_CURVE('',#2289,#2997,#2999,.T.);
#2997 = VERTEX_POINT('',#2998);
#2998 = CARTESIAN_POINT('',(131.5,6.5,10.));
#2999 = LINE('',#3000,#3001);
#3000 = CARTESIAN_POINT('',(131.5,6.5,0.));
#3001 = VECTOR('',#3002,1.);
#3002 = DIRECTION('',(0.,0.,1.));
#3003 = ORIENTED_EDGE('',*,*,#3004,.T.);
#3004 = EDGE_CURVE('',#2997,#3005,#3007,.T.);
#3005 = VERTEX_POINT('',#3006);
#3006 = CARTESIAN_POINT('',(147.5,6.5,10.));
#3007 = LINE('',#3008,#3009);
#3008 = CARTESIAN_POINT('',(131.5,6.5,10.));
#3009 = VECTOR('',#3010,1.);
#3010 = DIRECTION('',(1.,0.,-0.));
#3011 = ORIENTED_EDGE('',*,*,#3012,.F.);
#3012 = EDGE_CURVE('',#2287,#3005,#3013,.T.);
#3013 = LINE('',#3014,#3015);
#3014 = CARTESIAN_POINT('',(147.5,6.5,0.));
#3015 = VECTOR('',#3016,1.);
#3016 = DIRECTION('',(0.,0.,1.));
#3017 = PLANE('',#3018);
#3018 = AXIS2_PLACEMENT_3D('',#3019,#3020,#3021);
#3019 = CARTESIAN_POINT('',(131.5,6.5,0.));
#3020 = DIRECTION('',(-0.,1.,0.));
#3021 = DIRECTION('',(0.,0.,1.));
#3022 = ADVANCED_FACE('',(#3023),#3041,.T.);
#3023 = FACE_BOUND('',#3024,.T.);
#3024 = EDGE_LOOP('',(#3025,#3026,#3027,#3035));
#3025 = ORIENTED_EDGE('',*,*,#3012,.F.);
#3026 = ORIENTED_EDGE('',*,*,#2312,.T.);
#3027 = ORIENTED_EDGE('',*,*,#3028,.T.);
#3028 = EDGE_CURVE('',#2305,#3029,#3031,.T.);
#3029 = VERTEX_POINT('',#3030);
#3030 = CARTESIAN_POINT('',(147.5,54.5,10.));
#3031 = LINE('',#3032,#3033);
#3032 = CARTESIAN_POINT('',(147.5,54.5,0.));
#3033 = VECTOR('',#3034,1.);
#3034 = DIRECTION('',(0.,0.,1.));
#3035 = ORIENTED_EDGE('',*,*,#3036,.F.);
#3036 = EDGE_CURVE('',#3005,#3029,#3037,.T.);
#3037 = LINE('',#3038,#3039);
#3038 = CARTESIAN_POINT('',(147.5,6.5,10.));
#3039 = VECTOR('',#3040,1.);
#3040 = DIRECTION('',(-0.,1.,0.));
#3041 = PLANE('',#3042);
#3042 = AXIS2_PLACEMENT_3D('',#3043,#3044,#3045);
#3043 = CARTESIAN_POINT('',(147.5,6.5,0.));
#3044 = DIRECTION('',(1.,0.,-0.));
#3045 = DIRECTION('',(0.,0.,1.));
#3046 = ADVANCED_FACE('',(#3047),#3065,.F.);
#3047 = FACE_BOUND('',#3048,.F.);
#3048 = EDGE_LOOP('',(#3049,#3050,#3051,#3059));
#3049 = ORIENTED_EDGE('',*,*,#2996,.F.);
#3050 = ORIENTED_EDGE('',*,*,#2296,.T.);
#3051 = ORIENTED_EDGE('',*,*,#3052,.T.);
#3052 = EDGE_CURVE('',#2297,#3053,#3055,.T.);
#3053 = VERTEX_POINT('',#3054);
#3054 = CARTESIAN_POINT('',(131.5,54.5,10.));
#3055 = LINE('',#3056,#3057);
#3056 = CARTESIAN_POINT('',(131.5,54.5,0.));
#3057 = VECTOR('',#3058,1.);
#3058 = DIRECTION('',(0.,0.,1.));
#3059 = ORIENTED_EDGE('',*,*,#3060,.F.);
#3060 = EDGE_CURVE('',#2997,#3053,#3061,.T.);
#3061 = LINE('',#3062,#3063);
#3062 = CARTESIAN_POINT('',(131.5,6.5,10.));
#3063 = VECTOR('',#3064,1.);
#3064 = DIRECTION('',(-0.,1.,0.));
#3065 = PLANE('',#3066);
#3066 = AXIS2_PLACEMENT_3D('',#3067,#3068,#3069);
#3067 = CARTESIAN_POINT('',(131.5,6.5,0.));
#3068 = DIRECTION('',(1.,0.,-0.));
#3069 = DIRECTION('',(0.,0.,1.));
#3070 = ADVANCED_FACE('',(#3071),#3082,.T.);
#3071 = FACE_BOUND('',#3072,.T.);
#3072 = EDGE_LOOP('',(#3073,#3074,#3075,#3081));
#3073 = ORIENTED_EDGE('',*,*,#2304,.T.);
#3074 = ORIENTED_EDGE('',*,*,#3052,.T.);
#3075 = ORIENTED_EDGE('',*,*,#3076,.T.);
#3076 = EDGE_CURVE('',#3053,#3029,#3077,.T.);
#3077 = LINE('',#3078,#3079);
#3078 = CARTESIAN_POINT('',(131.5,54.5,10.));
#3079 = VECTOR('',#3080,1.);
#3080 = DIRECTION('',(1.,0.,-0.));
#3081 = ORIENTED_EDGE('',*,*,#3028,.F.);
#3082 = PLANE('',#3083);
#3083 = AXIS2_PLACEMENT_3D('',#3084,#3085,#3086);
#3084 = CARTESIAN_POINT('',(131.5,54.5,0.));
#3085 = DIRECTION('',(-0.,1.,0.));
#3086 = DIRECTION('',(0.,0.,1.));
#3087 = ADVANCED_FACE('',(#3088),#3106,.F.);
#3088 = FACE_BOUND('',#3089,.F.);
#3089 = EDGE_LOOP('',(#3090,#3091,#3092,#3100));
#3090 = ORIENTED_EDGE('',*,*,#2328,.F.);
#3091 = ORIENTED_EDGE('',*,*,#2662,.T.);
#3092 = ORIENTED_EDGE('',*,*,#3093,.T.);
#3093 = EDGE_CURVE('',#2663,#3094,#3096,.T.);
#3094 = VERTEX_POINT('',#3095);
#3095 = CARTESIAN_POINT('',(121.5,62.5,3.));
#3096 = LINE('',#3097,#3098);
#3097 = CARTESIAN_POINT('',(121.5,62.5,0.));
#3098 = VECTOR('',#3099,1.);
#3099 = DIRECTION('',(0.,0.,1.));
#3100 = ORIENTED_EDGE('',*,*,#3101,.F.);
#3101 = EDGE_CURVE('',#2243,#3094,#3102,.T.);
#3102 = LINE('',#3103,#3104);
#3103 = CARTESIAN_POINT('',(121.5,-114.5,3.));
#3104 = VECTOR('',#3105,1.);
#3105 = DIRECTION('',(-6.123233995737E-17,1.,0.));
#3106 = PLANE('',#3107);
#3107 = AXIS2_PLACEMENT_3D('',#3108,#3109,#3110);
#3108 = CARTESIAN_POINT('',(121.5,-314.5,-400.));
#3109 = DIRECTION('',(1.,6.123233995737E-17,0.));
#3110 = DIRECTION('',(-6.123233995737E-17,1.,0.));
#3111 = ADVANCED_FACE('',(#3112,#3162),#3165,.F.);
#3112 = FACE_BOUND('',#3113,.F.);
#3113 = EDGE_LOOP('',(#3114,#3124,#3132,#3140,#3148,#3156));
#3114 = ORIENTED_EDGE('',*,*,#3115,.T.);
#3115 = EDGE_CURVE('',#3116,#3118,#3120,.T.);
#3116 = VERTEX_POINT('',#3117);
#3117 = CARTESIAN_POINT('',(166.91085861547,5.10886243967,
    23.921789173313));
#3118 = VERTEX_POINT('',#3119);
#3119 = CARTESIAN_POINT('',(164.12877242823,2.736752665632,
    26.018554539299));
#3120 = LINE('',#3121,#3122);
#3121 = CARTESIAN_POINT('',(166.91085861547,5.10886243967,
    23.921789173313));
#3122 = VECTOR('',#3123,1.);
#3123 = DIRECTION('',(-0.660097894156,-0.562823924625,0.497493718553));
#3124 = ORIENTED_EDGE('',*,*,#3125,.T.);
#3125 = EDGE_CURVE('',#3118,#3126,#3128,.T.);
#3126 = VERTEX_POINT('',#3127);
#3127 = CARTESIAN_POINT('',(161.09217421235,0.700584792242,
    23.921789173313));
#3128 = LINE('',#3129,#3130);
#3129 = CARTESIAN_POINT('',(164.12877242823,2.736752665632,
    26.018554539299));
#3130 = VECTOR('',#3131,1.);
#3131 = DIRECTION('',(-0.72048525919,-0.483115919103,-0.497493718553));
#3132 = ORIENTED_EDGE('',*,*,#3133,.T.);
#3133 = EDGE_CURVE('',#3126,#3134,#3136,.T.);
#3134 = VERTEX_POINT('',#3135);
#3135 = CARTESIAN_POINT('',(160.83766218371,1.03652669289,19.72825844134
    ));
#3136 = LINE('',#3137,#3138);
#3137 = CARTESIAN_POINT('',(161.09217421235,0.700584792242,
    23.921789173313));
#3138 = VECTOR('',#3139,1.);
#3139 = DIRECTION('',(-6.038736503326E-02,7.970800552228E-02,
    -0.994987437107));
#3140 = ORIENTED_EDGE('',*,*,#3141,.T.);
#3141 = EDGE_CURVE('',#3134,#3142,#3144,.T.);
#3142 = VERTEX_POINT('',#3143);
#3143 = CARTESIAN_POINT('',(163.61974837095,3.408636466927,
    17.631493075354));
#3144 = LINE('',#3145,#3146);
#3145 = CARTESIAN_POINT('',(160.83766218371,1.03652669289,19.72825844134
    ));
#3146 = VECTOR('',#3147,1.);
#3147 = DIRECTION('',(0.660097894156,0.562823924625,-0.497493718553));
#3148 = ORIENTED_EDGE('',*,*,#3149,.T.);
#3149 = EDGE_CURVE('',#3142,#3150,#3152,.T.);
#3150 = VERTEX_POINT('',#3151);
#3151 = CARTESIAN_POINT('',(166.65634658683,5.444804340317,
    19.72825844134));
#3152 = LINE('',#3153,#3154);
#3153 = CARTESIAN_POINT('',(163.61974837095,3.408636466927,
    17.631493075354));
#3154 = VECTOR('',#3155,1.);
#3155 = DIRECTION('',(0.72048525919,0.483115919103,0.497493718553));
#3156 = ORIENTED_EDGE('',*,*,#3157,.T.);
#3157 = EDGE_CURVE('',#3150,#3116,#3158,.T.);
#3158 = LINE('',#3159,#3160);
#3159 = CARTESIAN_POINT('',(166.65634658683,5.444804340317,
    19.72825844134));
#3160 = VECTOR('',#3161,1.);
#3161 = DIRECTION('',(6.038736503326E-02,-7.970800552228E-02,
    0.994987437107));
#3162 = FACE_BOUND('',#3163,.F.);
#3163 = EDGE_LOOP('',(#3164));
#3164 = ORIENTED_EDGE('',*,*,#2360,.F.);
#3165 = PLANE('',#3166);
#3166 = AXIS2_PLACEMENT_3D('',#3167,#3168,#3169);
#3167 = CARTESIAN_POINT('',(163.87426039959,3.07269456628,
    21.825023807326));
#3168 = DIRECTION('',(0.600846695681,-0.793084641315,-1.E-01));
#3169 = DIRECTION('',(-0.797080055223,-0.603873650333,0.));
#3170 = ADVANCED_FACE('',(#3171),#3190,.F.);
#3171 = FACE_BOUND('',#3172,.F.);
#3172 = EDGE_LOOP('',(#3173,#3174,#3182,#3189));
#3173 = ORIENTED_EDGE('',*,*,#2462,.F.);
#3174 = ORIENTED_EDGE('',*,*,#3175,.F.);
#3175 = EDGE_CURVE('',#3176,#2463,#3178,.T.);
#3176 = VERTEX_POINT('',#3177);
#3177 = CARTESIAN_POINT('',(162.25,67.5,7.6));
#3178 = LINE('',#3179,#3180);
#3179 = CARTESIAN_POINT('',(162.25,67.5,7.3));
#3180 = VECTOR('',#3181,1.);
#3181 = DIRECTION('',(0.,0.,1.));
#3182 = ORIENTED_EDGE('',*,*,#3183,.T.);
#3183 = EDGE_CURVE('',#3176,#3176,#3184,.T.);
#3184 = CIRCLE('',#3185,1.75);
#3185 = AXIS2_PLACEMENT_3D('',#3186,#3187,#3188);
#3186 = CARTESIAN_POINT('',(160.5,67.5,7.6));
#3187 = DIRECTION('',(0.,0.,1.));
#3188 = DIRECTION('',(1.,0.,-0.));
#3189 = ORIENTED_EDGE('',*,*,#3175,.T.);
#3190 = CYLINDRICAL_SURFACE('',#3191,1.75);
#3191 = AXIS2_PLACEMENT_3D('',#3192,#3193,#3194);
#3192 = CARTESIAN_POINT('',(160.5,67.5,7.3));
#3193 = DIRECTION('',(0.,0.,1.));
#3194 = DIRECTION('',(1.,0.,-0.));
#3195 = ADVANCED_FACE('',(#3196),#3215,.F.);
#3196 = FACE_BOUND('',#3197,.F.);
#3197 = EDGE_LOOP('',(#3198,#3199,#3207,#3214));
#3198 = ORIENTED_EDGE('',*,*,#2646,.T.);
#3199 = ORIENTED_EDGE('',*,*,#3200,.T.);
#3200 = EDGE_CURVE('',#2638,#3201,#3203,.T.);
#3201 = VERTEX_POINT('',#3202);
#3202 = CARTESIAN_POINT('',(165.5,67.5,5.));
#3203 = LINE('',#3204,#3205);
#3204 = CARTESIAN_POINT('',(165.5,67.5,-0.2));
#3205 = VECTOR('',#3206,1.);
#3206 = DIRECTION('',(0.,0.,1.));
#3207 = ORIENTED_EDGE('',*,*,#3208,.F.);
#3208 = EDGE_CURVE('',#2575,#3201,#3209,.T.);
#3209 = CIRCLE('',#3210,5.);
#3210 = AXIS2_PLACEMENT_3D('',#3211,#3212,#3213);
#3211 = CARTESIAN_POINT('',(160.5,67.5,5.));
#3212 = DIRECTION('',(0.,0.,1.));
#3213 = DIRECTION('',(1.,0.,-0.));
#3214 = ORIENTED_EDGE('',*,*,#2582,.F.);
#3215 = CYLINDRICAL_SURFACE('',#3216,5.);
#3216 = AXIS2_PLACEMENT_3D('',#3217,#3218,#3219);
#3217 = CARTESIAN_POINT('',(160.5,67.5,-0.2));
#3218 = DIRECTION('',(0.,0.,1.));
#3219 = DIRECTION('',(1.,0.,-0.));
#3220 = ADVANCED_FACE('',(#3221),#3279,.F.);
#3221 = FACE_BOUND('',#3222,.F.);
#3222 = EDGE_LOOP('',(#3223,#3224,#3231,#3232,#3240,#3248,#3256,#3264,
    #3272,#3278));
#3223 = ORIENTED_EDGE('',*,*,#3208,.T.);
#3224 = ORIENTED_EDGE('',*,*,#3225,.T.);
#3225 = EDGE_CURVE('',#3201,#2535,#3226,.T.);
#3226 = CIRCLE('',#3227,5.);
#3227 = AXIS2_PLACEMENT_3D('',#3228,#3229,#3230);
#3228 = CARTESIAN_POINT('',(160.5,67.5,5.));
#3229 = DIRECTION('',(0.,0.,1.));
#3230 = DIRECTION('',(1.,0.,-0.));
#3231 = ORIENTED_EDGE('',*,*,#2542,.T.);
#3232 = ORIENTED_EDGE('',*,*,#3233,.T.);
#3233 = EDGE_CURVE('',#2543,#3234,#3236,.T.);
#3234 = VERTEX_POINT('',#3235);
#3235 = CARTESIAN_POINT('',(163.4,69.17431578065,5.));
#3236 = LINE('',#3237,#3238);
#3237 = CARTESIAN_POINT('',(162.675,69.592894725812,5.));
#3238 = VECTOR('',#3239,1.);
#3239 = DIRECTION('',(0.866025403784,-0.5,0.));
#3240 = ORIENTED_EDGE('',*,*,#3241,.T.);
#3241 = EDGE_CURVE('',#3234,#3242,#3244,.T.);
#3242 = VERTEX_POINT('',#3243);
#3243 = CARTESIAN_POINT('',(163.4,65.82568421935,5.));
#3244 = LINE('',#3245,#3246);
#3245 = CARTESIAN_POINT('',(163.4,66.662842109675,5.));
#3246 = VECTOR('',#3247,1.);
#3247 = DIRECTION('',(0.,-1.,0.));
#3248 = ORIENTED_EDGE('',*,*,#3249,.T.);
#3249 = EDGE_CURVE('',#3242,#3250,#3252,.T.);
#3250 = VERTEX_POINT('',#3251);
#3251 = CARTESIAN_POINT('',(160.5,64.1513684387,5.));
#3252 = LINE('',#3253,#3254);
#3253 = CARTESIAN_POINT('',(161.225,64.569947383863,5.));
#3254 = VECTOR('',#3255,1.);
#3255 = DIRECTION('',(-0.866025403784,-0.5,0.));
#3256 = ORIENTED_EDGE('',*,*,#3257,.T.);
#3257 = EDGE_CURVE('',#3250,#3258,#3260,.T.);
#3258 = VERTEX_POINT('',#3259);
#3259 = CARTESIAN_POINT('',(157.6,65.82568421935,5.));
#3260 = LINE('',#3261,#3262);
#3261 = CARTESIAN_POINT('',(158.325,65.407105274188,5.));
#3262 = VECTOR('',#3263,1.);
#3263 = DIRECTION('',(-0.866025403784,0.5,0.));
#3264 = ORIENTED_EDGE('',*,*,#3265,.T.);
#3265 = EDGE_CURVE('',#3258,#3266,#3268,.T.);
#3266 = VERTEX_POINT('',#3267);
#3267 = CARTESIAN_POINT('',(157.6,69.17431578065,5.));
#3268 = LINE('',#3269,#3270);
#3269 = CARTESIAN_POINT('',(157.6,68.337157890325,5.));
#3270 = VECTOR('',#3271,1.);
#3271 = DIRECTION('',(-0.,1.,0.));
#3272 = ORIENTED_EDGE('',*,*,#3273,.T.);
#3273 = EDGE_CURVE('',#3266,#2567,#3274,.T.);
#3274 = LINE('',#3275,#3276);
#3275 = CARTESIAN_POINT('',(159.775,70.430052616137,5.));
#3276 = VECTOR('',#3277,1.);
#3277 = DIRECTION('',(0.866025403784,0.5,-0.));
#3278 = ORIENTED_EDGE('',*,*,#2574,.T.);
#3279 = PLANE('',#3280);
#3280 = AXIS2_PLACEMENT_3D('',#3281,#3282,#3283);
#3281 = CARTESIAN_POINT('',(160.5,67.5,5.));
#3282 = DIRECTION('',(0.,0.,1.));
#3283 = DIRECTION('',(1.,0.,-0.));
#3284 = ADVANCED_FACE('',(#3285),#3303,.T.);
#3285 = FACE_BOUND('',#3286,.T.);
#3286 = EDGE_LOOP('',(#3287,#3295,#3296,#3297));
#3287 = ORIENTED_EDGE('',*,*,#3288,.F.);
#3288 = EDGE_CURVE('',#3266,#3289,#3291,.T.);
#3289 = VERTEX_POINT('',#3290);
#3290 = CARTESIAN_POINT('',(157.6,69.17431578065,7.6));
#3291 = LINE('',#3292,#3293);
#3292 = CARTESIAN_POINT('',(157.6,69.17431578065,4.9));
#3293 = VECTOR('',#3294,1.);
#3294 = DIRECTION('',(0.,0.,1.));
#3295 = ORIENTED_EDGE('',*,*,#3273,.T.);
#3296 = ORIENTED_EDGE('',*,*,#2566,.T.);
#3297 = ORIENTED_EDGE('',*,*,#3298,.T.);
#3298 = EDGE_CURVE('',#2559,#3289,#3299,.T.);
#3299 = LINE('',#3300,#3301);
#3300 = CARTESIAN_POINT('',(160.5,70.8486315613,7.6));
#3301 = VECTOR('',#3302,1.);
#3302 = DIRECTION('',(-0.866025403784,-0.5,0.));
#3303 = PLANE('',#3304);
#3304 = AXIS2_PLACEMENT_3D('',#3305,#3306,#3307);
#3305 = CARTESIAN_POINT('',(160.5,70.8486315613,4.9));
#3306 = DIRECTION('',(0.5,-0.866025403784,0.));
#3307 = DIRECTION('',(-0.866025403784,-0.5,0.));
#3308 = ADVANCED_FACE('',(#3309,#3351),#3354,.F.);
#3309 = FACE_BOUND('',#3310,.F.);
#3310 = EDGE_LOOP('',(#3311,#3321,#3327,#3328,#3329,#3337,#3345));
#3311 = ORIENTED_EDGE('',*,*,#3312,.T.);
#3312 = EDGE_CURVE('',#3313,#3315,#3317,.T.);
#3313 = VERTEX_POINT('',#3314);
#3314 = CARTESIAN_POINT('',(163.4,65.82568421935,7.6));
#3315 = VERTEX_POINT('',#3316);
#3316 = CARTESIAN_POINT('',(163.4,69.17431578065,7.6));
#3317 = LINE('',#3318,#3319);
#3318 = CARTESIAN_POINT('',(163.4,65.82568421935,7.6));
#3319 = VECTOR('',#3320,1.);
#3320 = DIRECTION('',(0.,1.,0.));
#3321 = ORIENTED_EDGE('',*,*,#3322,.T.);
#3322 = EDGE_CURVE('',#3315,#2551,#3323,.T.);
#3323 = LINE('',#3324,#3325);
#3324 = CARTESIAN_POINT('',(163.4,69.17431578065,7.6));
#3325 = VECTOR('',#3326,1.);
#3326 = DIRECTION('',(-0.866025403784,0.5,0.));
#3327 = ORIENTED_EDGE('',*,*,#2558,.T.);
#3328 = ORIENTED_EDGE('',*,*,#3298,.T.);
#3329 = ORIENTED_EDGE('',*,*,#3330,.T.);
#3330 = EDGE_CURVE('',#3289,#3331,#3333,.T.);
#3331 = VERTEX_POINT('',#3332);
#3332 = CARTESIAN_POINT('',(157.6,65.82568421935,7.6));
#3333 = LINE('',#3334,#3335);
#3334 = CARTESIAN_POINT('',(157.6,69.17431578065,7.6));
#3335 = VECTOR('',#3336,1.);
#3336 = DIRECTION('',(0.,-1.,0.));
#3337 = ORIENTED_EDGE('',*,*,#3338,.T.);
#3338 = EDGE_CURVE('',#3331,#3339,#3341,.T.);
#3339 = VERTEX_POINT('',#3340);
#3340 = CARTESIAN_POINT('',(160.5,64.1513684387,7.6));
#3341 = LINE('',#3342,#3343);
#3342 = CARTESIAN_POINT('',(157.6,65.82568421935,7.6));
#3343 = VECTOR('',#3344,1.);
#3344 = DIRECTION('',(0.866025403784,-0.5,0.));
#3345 = ORIENTED_EDGE('',*,*,#3346,.T.);
#3346 = EDGE_CURVE('',#3339,#3313,#3347,.T.);
#3347 = LINE('',#3348,#3349);
#3348 = CARTESIAN_POINT('',(160.5,64.1513684387,7.6));
#3349 = VECTOR('',#3350,1.);
#3350 = DIRECTION('',(0.866025403784,0.5,0.));
#3351 = FACE_BOUND('',#3352,.F.);
#3352 = EDGE_LOOP('',(#3353));
#3353 = ORIENTED_EDGE('',*,*,#3183,.F.);
#3354 = PLANE('',#3355);
#3355 = AXIS2_PLACEMENT_3D('',#3356,#3357,#3358);
#3356 = CARTESIAN_POINT('',(160.5,67.5,7.6));
#3357 = DIRECTION('',(0.,0.,1.));
#3358 = DIRECTION('',(1.,0.,-0.));
#3359 = ADVANCED_FACE('',(#3360),#3371,.T.);
#3360 = FACE_BOUND('',#3361,.T.);
#3361 = EDGE_LOOP('',(#3362,#3363,#3364,#3370));
#3362 = ORIENTED_EDGE('',*,*,#2550,.T.);
#3363 = ORIENTED_EDGE('',*,*,#3233,.T.);
#3364 = ORIENTED_EDGE('',*,*,#3365,.T.);
#3365 = EDGE_CURVE('',#3234,#3315,#3366,.T.);
#3366 = LINE('',#3367,#3368);
#3367 = CARTESIAN_POINT('',(163.4,69.17431578065,4.9));
#3368 = VECTOR('',#3369,1.);
#3369 = DIRECTION('',(0.,0.,1.));
#3370 = ORIENTED_EDGE('',*,*,#3322,.T.);
#3371 = PLANE('',#3372);
#3372 = AXIS2_PLACEMENT_3D('',#3373,#3374,#3375);
#3373 = CARTESIAN_POINT('',(163.4,69.17431578065,4.9));
#3374 = DIRECTION('',(-0.5,-0.866025403784,0.));
#3375 = DIRECTION('',(-0.866025403784,0.5,0.));
#3376 = ADVANCED_FACE('',(#3377),#3383,.F.);
#3377 = FACE_BOUND('',#3378,.F.);
#3378 = EDGE_LOOP('',(#3379,#3380,#3381,#3382));
#3379 = ORIENTED_EDGE('',*,*,#3200,.F.);
#3380 = ORIENTED_EDGE('',*,*,#2637,.T.);
#3381 = ORIENTED_EDGE('',*,*,#2534,.T.);
#3382 = ORIENTED_EDGE('',*,*,#3225,.F.);
#3383 = CYLINDRICAL_SURFACE('',#3384,5.);
#3384 = AXIS2_PLACEMENT_3D('',#3385,#3386,#3387);
#3385 = CARTESIAN_POINT('',(160.5,67.5,-0.2));
#3386 = DIRECTION('',(0.,0.,1.));
#3387 = DIRECTION('',(1.,0.,-0.));
#3388 = ADVANCED_FACE('',(#3389),#3424,.T.);
#3389 = FACE_BOUND('',#3390,.T.);
#3390 = EDGE_LOOP('',(#3391,#3399,#3400,#3401,#3410,#3418));
#3391 = ORIENTED_EDGE('',*,*,#3392,.F.);
#3392 = EDGE_CURVE('',#2749,#3393,#3395,.T.);
#3393 = VERTEX_POINT('',#3394);
#3394 = CARTESIAN_POINT('',(121.5,60.,35.));
#3395 = LINE('',#3396,#3397);
#3396 = CARTESIAN_POINT('',(121.5,-114.5,35.));
#3397 = VECTOR('',#3398,1.);
#3398 = DIRECTION('',(-6.123233995737E-17,1.,0.));
#3399 = ORIENTED_EDGE('',*,*,#2758,.T.);
#3400 = ORIENTED_EDGE('',*,*,#2503,.T.);
#3401 = ORIENTED_EDGE('',*,*,#3402,.F.);
#3402 = EDGE_CURVE('',#3403,#2496,#3405,.T.);
#3403 = VERTEX_POINT('',#3404);
#3404 = CARTESIAN_POINT('',(123.,62.548965164943,35.));
#3405 = CIRCLE('',#3406,23.);
#3406 = AXIS2_PLACEMENT_3D('',#3407,#3408,#3409);
#3407 = CARTESIAN_POINT('',(121.5,85.5,35.));
#3408 = DIRECTION('',(0.,0.,1.));
#3409 = DIRECTION('',(1.,0.,-0.));
#3410 = ORIENTED_EDGE('',*,*,#3411,.F.);
#3411 = EDGE_CURVE('',#3412,#3403,#3414,.T.);
#3412 = VERTEX_POINT('',#3413);
#3413 = CARTESIAN_POINT('',(123.,60.,35.));
#3414 = LINE('',#3415,#3416);
#3415 = CARTESIAN_POINT('',(123.,72.75,35.));
#3416 = VECTOR('',#3417,1.);
#3417 = DIRECTION('',(-0.,1.,0.));
#3418 = ORIENTED_EDGE('',*,*,#3419,.T.);
#3419 = EDGE_CURVE('',#3412,#3393,#3420,.T.);
#3420 = LINE('',#3421,#3422);
#3421 = CARTESIAN_POINT('',(113.25,60.,35.));
#3422 = VECTOR('',#3423,1.);
#3423 = DIRECTION('',(-1.,-0.,0.));
#3424 = PLANE('',#3425);
#3425 = AXIS2_PLACEMENT_3D('',#3426,#3427,#3428);
#3426 = CARTESIAN_POINT('',(121.5,85.5,35.));
#3427 = DIRECTION('',(0.,0.,1.));
#3428 = DIRECTION('',(1.,0.,-0.));
#3429 = ADVANCED_FACE('',(#3430),#3464,.F.);
#3430 = FACE_BOUND('',#3431,.F.);
#3431 = EDGE_LOOP('',(#3432,#3440,#3447,#3448,#3449,#3457));
#3432 = ORIENTED_EDGE('',*,*,#3433,.F.);
#3433 = EDGE_CURVE('',#3094,#3434,#3436,.T.);
#3434 = VERTEX_POINT('',#3435);
#3435 = CARTESIAN_POINT('',(121.5,62.5,4.));
#3436 = LINE('',#3437,#3438);
#3437 = CARTESIAN_POINT('',(121.5,62.5,0.));
#3438 = VECTOR('',#3439,1.);
#3439 = DIRECTION('',(0.,0.,1.));
#3440 = ORIENTED_EDGE('',*,*,#3441,.T.);
#3441 = EDGE_CURVE('',#3094,#2488,#3442,.T.);
#3442 = CIRCLE('',#3443,23.);
#3443 = AXIS2_PLACEMENT_3D('',#3444,#3445,#3446);
#3444 = CARTESIAN_POINT('',(121.5,85.5,3.));
#3445 = DIRECTION('',(0.,0.,1.));
#3446 = DIRECTION('',(1.,0.,-0.));
#3447 = ORIENTED_EDGE('',*,*,#2495,.T.);
#3448 = ORIENTED_EDGE('',*,*,#3402,.F.);
#3449 = ORIENTED_EDGE('',*,*,#3450,.F.);
#3450 = EDGE_CURVE('',#3451,#3403,#3453,.T.);
#3451 = VERTEX_POINT('',#3452);
#3452 = CARTESIAN_POINT('',(123.,62.548965164943,4.));
#3453 = LINE('',#3454,#3455);
#3454 = CARTESIAN_POINT('',(123.,62.548965164943,0.));
#3455 = VECTOR('',#3456,1.);
#3456 = DIRECTION('',(0.,0.,1.));
#3457 = ORIENTED_EDGE('',*,*,#3458,.F.);
#3458 = EDGE_CURVE('',#3434,#3451,#3459,.T.);
#3459 = CIRCLE('',#3460,23.);
#3460 = AXIS2_PLACEMENT_3D('',#3461,#3462,#3463);
#3461 = CARTESIAN_POINT('',(121.5,85.5,4.));
#3462 = DIRECTION('',(0.,0.,1.));
#3463 = DIRECTION('',(1.,0.,-0.));
#3464 = CYLINDRICAL_SURFACE('',#3465,23.);
#3465 = AXIS2_PLACEMENT_3D('',#3466,#3467,#3468);
#3466 = CARTESIAN_POINT('',(121.5,85.5,0.));
#3467 = DIRECTION('',(0.,0.,1.));
#3468 = DIRECTION('',(1.,0.,-0.));
#3469 = ADVANCED_FACE('',(#3470),#3476,.F.);
#3470 = FACE_BOUND('',#3471,.F.);
#3471 = EDGE_LOOP('',(#3472,#3473,#3474,#3475));
#3472 = ORIENTED_EDGE('',*,*,#2672,.T.);
#3473 = ORIENTED_EDGE('',*,*,#2487,.T.);
#3474 = ORIENTED_EDGE('',*,*,#3441,.F.);
#3475 = ORIENTED_EDGE('',*,*,#3093,.F.);
#3476 = CYLINDRICAL_SURFACE('',#3477,23.);
#3477 = AXIS2_PLACEMENT_3D('',#3478,#3479,#3480);
#3478 = CARTESIAN_POINT('',(121.5,85.5,0.));
#3479 = DIRECTION('',(0.,0.,1.));
#3480 = DIRECTION('',(1.,0.,-0.));
#3481 = ADVANCED_FACE('',(#3482),#3501,.F.);
#3482 = FACE_BOUND('',#3483,.F.);
#3483 = EDGE_LOOP('',(#3484,#3490,#3491,#3492,#3493,#3500));
#3484 = ORIENTED_EDGE('',*,*,#3485,.T.);
#3485 = EDGE_CURVE('',#2602,#2927,#3486,.T.);
#3486 = LINE('',#3487,#3488);
#3487 = CARTESIAN_POINT('',(141.62231743448,72.325241437789,
    28.588413024904));
#3488 = VECTOR('',#3489,1.);
#3489 = DIRECTION('',(0.793084641315,-0.600846695681,-0.1));
#3490 = ORIENTED_EDGE('',*,*,#2926,.F.);
#3491 = ORIENTED_EDGE('',*,*,#3485,.F.);
#3492 = ORIENTED_EDGE('',*,*,#2599,.F.);
#3493 = ORIENTED_EDGE('',*,*,#3494,.T.);
#3494 = EDGE_CURVE('',#2600,#2611,#3495,.T.);
#3495 = CIRCLE('',#3496,1.65);
#3496 = AXIS2_PLACEMENT_3D('',#3497,#3498,#3499);
#3497 = CARTESIAN_POINT('',(140.62592591144,71.010059346671,
    28.588413024904));
#3498 = DIRECTION('',(0.793084641315,-0.600846695681,-0.1));
#3499 = DIRECTION('',(0.603873650333,0.797080055223,-6.938893903907E-18)
  );
#3500 = ORIENTED_EDGE('',*,*,#2618,.F.);
#3501 = CYLINDRICAL_SURFACE('',#3502,1.65);
#3502 = AXIS2_PLACEMENT_3D('',#3503,#3504,#3505);
#3503 = CARTESIAN_POINT('',(140.62592591144,71.010059346671,
    28.588413024904));
#3504 = DIRECTION('',(0.793084641315,-0.600846695681,-0.1));
#3505 = DIRECTION('',(0.603873650333,0.797080055223,-6.938893903907E-18)
  );
#3506 = ADVANCED_FACE('',(#3507),#3511,.T.);
#3507 = FACE_BOUND('',#3508,.T.);
#3508 = EDGE_LOOP('',(#3509,#3510));
#3509 = ORIENTED_EDGE('',*,*,#2610,.T.);
#3510 = ORIENTED_EDGE('',*,*,#3494,.T.);
#3511 = PLANE('',#3512);
#3512 = AXIS2_PLACEMENT_3D('',#3513,#3514,#3515);
#3513 = CARTESIAN_POINT('',(140.62592591144,71.010059346671,
    28.588413024904));
#3514 = DIRECTION('',(0.793084641315,-0.600846695681,-0.1));
#3515 = DIRECTION('',(0.603873650333,0.797080055223,-6.938893903907E-18)
  );
#3516 = ADVANCED_FACE('',(#3517),#3536,.F.);
#3517 = FACE_BOUND('',#3518,.F.);
#3518 = EDGE_LOOP('',(#3519,#3527,#3534,#3535));
#3519 = ORIENTED_EDGE('',*,*,#3520,.T.);
#3520 = EDGE_CURVE('',#2694,#3521,#3523,.T.);
#3521 = VERTEX_POINT('',#3522);
#3522 = CARTESIAN_POINT('',(144.5,14.5,5.));
#3523 = LINE('',#3524,#3525);
#3524 = CARTESIAN_POINT('',(144.5,14.5,-0.2));
#3525 = VECTOR('',#3526,1.);
#3526 = DIRECTION('',(0.,0.,1.));
#3527 = ORIENTED_EDGE('',*,*,#3528,.F.);
#3528 = EDGE_CURVE('',#3521,#3521,#3529,.T.);
#3529 = CIRCLE('',#3530,5.);
#3530 = AXIS2_PLACEMENT_3D('',#3531,#3532,#3533);
#3531 = CARTESIAN_POINT('',(139.5,14.5,5.));
#3532 = DIRECTION('',(0.,0.,1.));
#3533 = DIRECTION('',(1.,0.,-0.));
#3534 = ORIENTED_EDGE('',*,*,#3520,.F.);
#3535 = ORIENTED_EDGE('',*,*,#2693,.T.);
#3536 = CYLINDRICAL_SURFACE('',#3537,5.);
#3537 = AXIS2_PLACEMENT_3D('',#3538,#3539,#3540);
#3538 = CARTESIAN_POINT('',(139.5,14.5,-0.2));
#3539 = DIRECTION('',(0.,0.,1.));
#3540 = DIRECTION('',(1.,0.,-0.));
#3541 = ADVANCED_FACE('',(#3542),#3561,.F.);
#3542 = FACE_BOUND('',#3543,.F.);
#3543 = EDGE_LOOP('',(#3544,#3552,#3559,#3560));
#3544 = ORIENTED_EDGE('',*,*,#3545,.T.);
#3545 = EDGE_CURVE('',#2705,#3546,#3548,.T.);
#3546 = VERTEX_POINT('',#3547);
#3547 = CARTESIAN_POINT('',(144.5,46.5,5.));
#3548 = LINE('',#3549,#3550);
#3549 = CARTESIAN_POINT('',(144.5,46.5,-0.2));
#3550 = VECTOR('',#3551,1.);
#3551 = DIRECTION('',(0.,0.,1.));
#3552 = ORIENTED_EDGE('',*,*,#3553,.F.);
#3553 = EDGE_CURVE('',#3546,#3546,#3554,.T.);
#3554 = CIRCLE('',#3555,5.);
#3555 = AXIS2_PLACEMENT_3D('',#3556,#3557,#3558);
#3556 = CARTESIAN_POINT('',(139.5,46.5,5.));
#3557 = DIRECTION('',(0.,0.,1.));
#3558 = DIRECTION('',(1.,0.,-0.));
#3559 = ORIENTED_EDGE('',*,*,#3545,.F.);
#3560 = ORIENTED_EDGE('',*,*,#2704,.T.);
#3561 = CYLINDRICAL_SURFACE('',#3562,5.);
#3562 = AXIS2_PLACEMENT_3D('',#3563,#3564,#3565);
#3563 = CARTESIAN_POINT('',(139.5,46.5,-0.2));
#3564 = DIRECTION('',(0.,0.,1.));
#3565 = DIRECTION('',(1.,0.,-0.));
#3566 = ADVANCED_FACE('',(#3567,#3570),#3620,.F.);
#3567 = FACE_BOUND('',#3568,.F.);
#3568 = EDGE_LOOP('',(#3569));
#3569 = ORIENTED_EDGE('',*,*,#2730,.T.);
#3570 = FACE_BOUND('',#3571,.F.);
#3571 = EDGE_LOOP('',(#3572,#3582,#3590,#3598,#3606,#3614));
#3572 = ORIENTED_EDGE('',*,*,#3573,.T.);
#3573 = EDGE_CURVE('',#3574,#3576,#3578,.T.);
#3574 = VERTEX_POINT('',#3575);
#3575 = CARTESIAN_POINT('',(159.04929544703,3.397072572713,
    24.261789173313));
#3576 = VERTEX_POINT('',#3577);
#3577 = CARTESIAN_POINT('',(162.08589366292,5.433240446103,
    26.358554539299));
#3578 = LINE('',#3579,#3580);
#3579 = CARTESIAN_POINT('',(161.32674410895,4.924198477756,
    25.834363197803));
#3580 = VECTOR('',#3581,1.);
#3581 = DIRECTION('',(0.72048525919,0.483115919103,0.497493718553));
#3582 = ORIENTED_EDGE('',*,*,#3583,.T.);
#3583 = EDGE_CURVE('',#3576,#3584,#3586,.T.);
#3584 = VERTEX_POINT('',#3585);
#3585 = CARTESIAN_POINT('',(164.86797985016,7.805350220141,
    24.261789173313));
#3586 = LINE('',#3587,#3588);
#3587 = CARTESIAN_POINT('',(164.17245830335,7.212322776631,
    24.785980514809));
#3588 = VECTOR('',#3589,1.);
#3589 = DIRECTION('',(0.660097894156,0.562823924625,-0.497493718553));
#3590 = ORIENTED_EDGE('',*,*,#3591,.T.);
#3591 = EDGE_CURVE('',#3584,#3592,#3594,.T.);
#3592 = VERTEX_POINT('',#3593);
#3593 = CARTESIAN_POINT('',(164.61346782152,8.141292120788,
    20.06825844134));
#3594 = LINE('',#3595,#3596);
#3595 = CARTESIAN_POINT('',(164.67709582868,8.057306645626,
    21.116641124333));
#3596 = VECTOR('',#3597,1.);
#3597 = DIRECTION('',(-6.038736503326E-02,7.970800552228E-02,
    -0.994987437107));
#3598 = ORIENTED_EDGE('',*,*,#3599,.T.);
#3599 = EDGE_CURVE('',#3592,#3600,#3602,.T.);
#3600 = VERTEX_POINT('',#3601);
#3601 = CARTESIAN_POINT('',(161.57686960564,6.105124247398,
    17.971493075354));
#3602 = LINE('',#3603,#3604);
#3603 = CARTESIAN_POINT('',(162.33601915961,6.614166215746,
    18.49568441685));
#3604 = VECTOR('',#3605,1.);
#3605 = DIRECTION('',(-0.72048525919,-0.483115919103,-0.497493718553));
#3606 = ORIENTED_EDGE('',*,*,#3607,.T.);
#3607 = EDGE_CURVE('',#3600,#3608,#3610,.T.);
#3608 = VERTEX_POINT('',#3609);
#3609 = CARTESIAN_POINT('',(158.79478341839,3.733014473361,
    20.06825844134));
#3610 = LINE('',#3611,#3612);
#3611 = CARTESIAN_POINT('',(159.4903049652,4.32604191687,19.544067099844
    ));
#3612 = VECTOR('',#3613,1.);
#3613 = DIRECTION('',(-0.660097894156,-0.562823924625,0.497493718553));
#3614 = ORIENTED_EDGE('',*,*,#3615,.T.);
#3615 = EDGE_CURVE('',#3608,#3574,#3616,.T.);
#3616 = LINE('',#3617,#3618);
#3617 = CARTESIAN_POINT('',(158.98566743987,3.481058047875,
    23.21340649032));
#3618 = VECTOR('',#3619,1.);
#3619 = DIRECTION('',(6.038736503326E-02,-7.970800552228E-02,
    0.994987437107));
#3620 = PLANE('',#3621);
#3621 = AXIS2_PLACEMENT_3D('',#3622,#3623,#3624);
#3622 = CARTESIAN_POINT('',(161.83138163428,5.769182346751,
    22.165023807326));
#3623 = DIRECTION('',(0.600846695681,-0.793084641315,-0.1));
#3624 = DIRECTION('',(-0.797080055223,-0.603873650333,
    -6.938893903907E-18));
#3625 = ADVANCED_FACE('',(#3626),#3646,.F.);
#3626 = FACE_BOUND('',#3627,.F.);
#3627 = EDGE_LOOP('',(#3628,#3629,#3630,#3631,#3639,#3645));
#3628 = ORIENTED_EDGE('',*,*,#2748,.F.);
#3629 = ORIENTED_EDGE('',*,*,#3101,.T.);
#3630 = ORIENTED_EDGE('',*,*,#3433,.T.);
#3631 = ORIENTED_EDGE('',*,*,#3632,.T.);
#3632 = EDGE_CURVE('',#3434,#3633,#3635,.T.);
#3633 = VERTEX_POINT('',#3634);
#3634 = CARTESIAN_POINT('',(121.5,60.,4.));
#3635 = LINE('',#3636,#3637);
#3636 = CARTESIAN_POINT('',(121.5,-127.25,4.));
#3637 = VECTOR('',#3638,1.);
#3638 = DIRECTION('',(6.123233995737E-17,-1.,0.));
#3639 = ORIENTED_EDGE('',*,*,#3640,.T.);
#3640 = EDGE_CURVE('',#3633,#3393,#3641,.T.);
#3641 = LINE('',#3642,#3643);
#3642 = CARTESIAN_POINT('',(121.5,60.,-198.));
#3643 = VECTOR('',#3644,1.);
#3644 = DIRECTION('',(0.,-0.,1.));
#3645 = ORIENTED_EDGE('',*,*,#3392,.F.);
#3646 = PLANE('',#3647);
#3647 = AXIS2_PLACEMENT_3D('',#3648,#3649,#3650);
#3648 = CARTESIAN_POINT('',(121.5,-314.5,-400.));
#3649 = DIRECTION('',(1.,6.123233995737E-17,0.));
#3650 = DIRECTION('',(-6.123233995737E-17,1.,0.));
#3651 = ADVANCED_FACE('',(#3652),#3707,.F.);
#3652 = FACE_BOUND('',#3653,.F.);
#3653 = EDGE_LOOP('',(#3654,#3662,#3663,#3664,#3673,#3682,#3691,#3700));
#3654 = ORIENTED_EDGE('',*,*,#3655,.T.);
#3655 = EDGE_CURVE('',#3656,#2768,#3658,.T.);
#3656 = VERTEX_POINT('',#3657);
#3657 = CARTESIAN_POINT('',(123.89949874371,61.791111811385,
    26.946766663017));
#3658 = LINE('',#3659,#3660);
#3659 = CARTESIAN_POINT('',(123.89949874371,61.791111811385,
    26.946766663017));
#3660 = VECTOR('',#3661,1.);
#3661 = DIRECTION('',(9.949874371066E-02,-0.99,-0.1));
#3662 = ORIENTED_EDGE('',*,*,#2767,.F.);
#3663 = ORIENTED_EDGE('',*,*,#3655,.F.);
#3664 = ORIENTED_EDGE('',*,*,#3665,.T.);
#3665 = EDGE_CURVE('',#3656,#3666,#3668,.T.);
#3666 = VERTEX_POINT('',#3667);
#3667 = CARTESIAN_POINT('',(123.,61.397077578005,29.952715623791));
#3668 = CIRCLE('',#3669,1.65);
#3669 = AXIS2_PLACEMENT_3D('',#3670,#3671,#3672);
#3670 = CARTESIAN_POINT('',(123.89949874371,61.625288946548,
    28.588413024904));
#3671 = DIRECTION('',(9.949874371066E-02,-0.99,-0.1));
#3672 = DIRECTION('',(-3.469446951954E-18,0.100498705962,-0.994937189022
    ));
#3673 = ORIENTED_EDGE('',*,*,#3674,.T.);
#3674 = EDGE_CURVE('',#3666,#3675,#3677,.T.);
#3675 = VERTEX_POINT('',#3676);
#3676 = CARTESIAN_POINT('',(123.,60.,29.70785705807));
#3677 = ELLIPSE('',#3678,16.583123951777,1.65);
#3678 = AXIS2_PLACEMENT_3D('',#3679,#3680,#3681);
#3679 = CARTESIAN_POINT('',(123.,70.575188443401,29.492443277111));
#3680 = DIRECTION('',(1.,0.,0.));
#3681 = DIRECTION('',(0.,-0.994937189022,-0.100498705962));
#3682 = ORIENTED_EDGE('',*,*,#3683,.F.);
#3683 = EDGE_CURVE('',#3684,#3675,#3686,.T.);
#3684 = VERTEX_POINT('',#3685);
#3685 = CARTESIAN_POINT('',(123.,60.,27.161991807472));
#3686 = ELLIPSE('',#3687,1.666666666667,1.65);
#3687 = AXIS2_PLACEMENT_3D('',#3688,#3689,#3690);
#3688 = CARTESIAN_POINT('',(124.06284642891,60.,28.424242424242));
#3689 = DIRECTION('',(0.,1.,0.));
#3690 = DIRECTION('',(0.705327893384,0.,-0.708881205008));
#3691 = ORIENTED_EDGE('',*,*,#3692,.T.);
#3692 = EDGE_CURVE('',#3684,#3693,#3695,.T.);
#3693 = VERTEX_POINT('',#3694);
#3694 = CARTESIAN_POINT('',(123.,61.674520403932,27.206031647112));
#3695 = ELLIPSE('',#3696,16.583123951777,1.65);
#3696 = AXIS2_PLACEMENT_3D('',#3697,#3698,#3699);
#3697 = CARTESIAN_POINT('',(123.,70.575188443401,29.492443277111));
#3698 = DIRECTION('',(1.,0.,0.));
#3699 = DIRECTION('',(0.,-0.994937189022,-0.100498705962));
#3700 = ORIENTED_EDGE('',*,*,#3701,.T.);
#3701 = EDGE_CURVE('',#3693,#3656,#3702,.T.);
#3702 = CIRCLE('',#3703,1.65);
#3703 = AXIS2_PLACEMENT_3D('',#3704,#3705,#3706);
#3704 = CARTESIAN_POINT('',(123.89949874371,61.625288946548,
    28.588413024904));
#3705 = DIRECTION('',(9.949874371066E-02,-0.99,-0.1));
#3706 = DIRECTION('',(-3.469446951954E-18,0.100498705962,-0.994937189022
    ));
#3707 = CYLINDRICAL_SURFACE('',#3708,1.65);
#3708 = AXIS2_PLACEMENT_3D('',#3709,#3710,#3711);
#3709 = CARTESIAN_POINT('',(123.89949874371,61.625288946548,
    28.588413024904));
#3710 = DIRECTION('',(9.949874371066E-02,-0.99,-0.1));
#3711 = DIRECTION('',(-1.734723475977E-18,0.100498705962,-0.994937189022
    ));
#3712 = ADVANCED_FACE('',(#3713),#3732,.F.);
#3713 = FACE_BOUND('',#3714,.F.);
#3714 = EDGE_LOOP('',(#3715,#3716,#3724,#3731));
#3715 = ORIENTED_EDGE('',*,*,#2824,.F.);
#3716 = ORIENTED_EDGE('',*,*,#3717,.F.);
#3717 = EDGE_CURVE('',#3718,#2825,#3720,.T.);
#3718 = VERTEX_POINT('',#3719);
#3719 = CARTESIAN_POINT('',(128.73638912378,62.56276837637,
    28.588413024904));
#3720 = LINE('',#3721,#3722);
#3721 = CARTESIAN_POINT('',(128.73638912378,62.56276837637,
    28.588413024904));
#3722 = VECTOR('',#3723,1.);
#3723 = DIRECTION('',(0.363751080054,-0.92611292603,-0.1));
#3724 = ORIENTED_EDGE('',*,*,#3725,.T.);
#3725 = EDGE_CURVE('',#3718,#3718,#3726,.T.);
#3726 = CIRCLE('',#3727,1.65);
#3727 = AXIS2_PLACEMENT_3D('',#3728,#3729,#3730);
#3728 = CARTESIAN_POINT('',(130.27217366835,63.165981301183,
    28.588413024904));
#3729 = DIRECTION('',(0.363751080054,-0.92611292603,-0.1));
#3730 = DIRECTION('',(-0.93077851186,-0.365583590796,-6.938893903907E-18
    ));
#3731 = ORIENTED_EDGE('',*,*,#3717,.T.);
#3732 = CYLINDRICAL_SURFACE('',#3733,1.65);
#3733 = AXIS2_PLACEMENT_3D('',#3734,#3735,#3736);
#3734 = CARTESIAN_POINT('',(130.27217366835,63.165981301183,
    28.588413024904));
#3735 = DIRECTION('',(0.363751080054,-0.92611292603,-0.1));
#3736 = DIRECTION('',(-0.93077851186,-0.365583590796,0.));
#3737 = ADVANCED_FACE('',(#3738),#3757,.F.);
#3738 = FACE_BOUND('',#3739,.F.);
#3739 = EDGE_LOOP('',(#3740,#3741,#3749,#3756));
#3740 = ORIENTED_EDGE('',*,*,#2875,.F.);
#3741 = ORIENTED_EDGE('',*,*,#3742,.F.);
#3742 = EDGE_CURVE('',#3743,#2876,#3745,.T.);
#3743 = VERTEX_POINT('',#3744);
#3744 = CARTESIAN_POINT('',(134.67475856221,65.377682565511,
    28.588413024904));
#3745 = LINE('',#3746,#3747);
#3746 = CARTESIAN_POINT('',(134.67475856221,65.377682565511,
    28.588413024904));
#3747 = VECTOR('',#3748,1.);
#3748 = DIRECTION('',(0.600846695681,-0.793084641315,-0.1));
#3749 = ORIENTED_EDGE('',*,*,#3750,.T.);
#3750 = EDGE_CURVE('',#3743,#3743,#3751,.T.);
#3751 = CIRCLE('',#3752,1.65);
#3752 = AXIS2_PLACEMENT_3D('',#3753,#3754,#3755);
#3753 = CARTESIAN_POINT('',(135.98994065332,66.37407408856,
    28.588413024904));
#3754 = DIRECTION('',(0.600846695681,-0.793084641315,-1.E-01));
#3755 = DIRECTION('',(-0.797080055223,-0.603873650333,
    -6.938893903907E-18));
#3756 = ORIENTED_EDGE('',*,*,#3742,.T.);
#3757 = CYLINDRICAL_SURFACE('',#3758,1.65);
#3758 = AXIS2_PLACEMENT_3D('',#3759,#3760,#3761);
#3759 = CARTESIAN_POINT('',(135.98994065332,66.37407408856,
    28.588413024904));
#3760 = DIRECTION('',(0.600846695681,-0.793084641315,-0.1));
#3761 = DIRECTION('',(-0.797080055223,-0.603873650333,
    -6.938893903907E-18));
#3762 = ADVANCED_FACE('',(#3763,#3769,#3780),#3791,.T.);
#3763 = FACE_BOUND('',#3764,.T.);
#3764 = EDGE_LOOP('',(#3765,#3766,#3767,#3768));
#3765 = ORIENTED_EDGE('',*,*,#3060,.F.);
#3766 = ORIENTED_EDGE('',*,*,#3004,.T.);
#3767 = ORIENTED_EDGE('',*,*,#3036,.T.);
#3768 = ORIENTED_EDGE('',*,*,#3076,.F.);
#3769 = FACE_BOUND('',#3770,.T.);
#3770 = EDGE_LOOP('',(#3771));
#3771 = ORIENTED_EDGE('',*,*,#3772,.F.);
#3772 = EDGE_CURVE('',#3773,#3773,#3775,.T.);
#3773 = VERTEX_POINT('',#3774);
#3774 = CARTESIAN_POINT('',(141.15,14.5,10.));
#3775 = CIRCLE('',#3776,1.65);
#3776 = AXIS2_PLACEMENT_3D('',#3777,#3778,#3779);
#3777 = CARTESIAN_POINT('',(139.5,14.5,10.));
#3778 = DIRECTION('',(0.,0.,1.));
#3779 = DIRECTION('',(1.,0.,-0.));
#3780 = FACE_BOUND('',#3781,.T.);
#3781 = EDGE_LOOP('',(#3782));
#3782 = ORIENTED_EDGE('',*,*,#3783,.F.);
#3783 = EDGE_CURVE('',#3784,#3784,#3786,.T.);
#3784 = VERTEX_POINT('',#3785);
#3785 = CARTESIAN_POINT('',(141.25,46.5,10.));
#3786 = CIRCLE('',#3787,1.75);
#3787 = AXIS2_PLACEMENT_3D('',#3788,#3789,#3790);
#3788 = CARTESIAN_POINT('',(139.5,46.5,10.));
#3789 = DIRECTION('',(0.,0.,1.));
#3790 = DIRECTION('',(1.,0.,-0.));
#3791 = PLANE('',#3792);
#3792 = AXIS2_PLACEMENT_3D('',#3793,#3794,#3795);
#3793 = CARTESIAN_POINT('',(131.5,6.5,10.));
#3794 = DIRECTION('',(0.,0.,1.));
#3795 = DIRECTION('',(1.,0.,-0.));
#3796 = ADVANCED_FACE('',(#3797),#3813,.T.);
#3797 = FACE_BOUND('',#3798,.T.);
#3798 = EDGE_LOOP('',(#3799,#3800,#3806,#3807));
#3799 = ORIENTED_EDGE('',*,*,#3583,.T.);
#3800 = ORIENTED_EDGE('',*,*,#3801,.T.);
#3801 = EDGE_CURVE('',#3584,#3116,#3802,.T.);
#3802 = LINE('',#3803,#3804);
#3803 = CARTESIAN_POINT('',(164.74781051102,7.963967148404,
    24.281789173313));
#3804 = VECTOR('',#3805,1.);
#3805 = DIRECTION('',(0.600846695681,-0.793084641315,-1.E-01));
#3806 = ORIENTED_EDGE('',*,*,#3115,.T.);
#3807 = ORIENTED_EDGE('',*,*,#3808,.F.);
#3808 = EDGE_CURVE('',#3576,#3118,#3809,.T.);
#3809 = LINE('',#3810,#3811);
#3810 = CARTESIAN_POINT('',(161.96572432378,5.591857374366,
    26.378554539299));
#3811 = VECTOR('',#3812,1.);
#3812 = DIRECTION('',(0.600846695681,-0.793084641315,-1.E-01));
#3813 = PLANE('',#3814);
#3814 = AXIS2_PLACEMENT_3D('',#3815,#3816,#3817);
#3815 = CARTESIAN_POINT('',(164.74781051102,7.963967148404,
    24.281789173313));
#3816 = DIRECTION('',(-0.450837019798,-0.232907667499,-0.861684396981));
#3817 = DIRECTION('',(-0.660097894156,-0.562823924625,0.497493718553));
#3818 = ADVANCED_FACE('',(#3819),#3830,.T.);
#3819 = FACE_BOUND('',#3820,.T.);
#3820 = EDGE_LOOP('',(#3821,#3822,#3828,#3829));
#3821 = ORIENTED_EDGE('',*,*,#3591,.T.);
#3822 = ORIENTED_EDGE('',*,*,#3823,.T.);
#3823 = EDGE_CURVE('',#3592,#3150,#3824,.T.);
#3824 = LINE('',#3825,#3826);
#3825 = CARTESIAN_POINT('',(164.49329848238,8.299909049051,
    20.08825844134));
#3826 = VECTOR('',#3827,1.);
#3827 = DIRECTION('',(0.600846695681,-0.793084641315,-1.E-01));
#3828 = ORIENTED_EDGE('',*,*,#3157,.T.);
#3829 = ORIENTED_EDGE('',*,*,#3801,.F.);
#3830 = PLANE('',#3831);
#3831 = AXIS2_PLACEMENT_3D('',#3832,#3833,#3834);
#3832 = CARTESIAN_POINT('',(164.49329848238,8.299909049051,
    20.08825844134));
#3833 = DIRECTION('',(-0.797080055223,-0.603873650333,2.810252031082E-15
    ));
#3834 = DIRECTION('',(6.038736503326E-02,-7.970800552228E-02,
    0.994987437107));
#3835 = ADVANCED_FACE('',(#3836),#3847,.T.);
#3836 = FACE_BOUND('',#3837,.T.);
#3837 = EDGE_LOOP('',(#3838,#3839,#3840,#3841));
#3838 = ORIENTED_EDGE('',*,*,#3573,.T.);
#3839 = ORIENTED_EDGE('',*,*,#3808,.T.);
#3840 = ORIENTED_EDGE('',*,*,#3125,.T.);
#3841 = ORIENTED_EDGE('',*,*,#3842,.F.);
#3842 = EDGE_CURVE('',#3574,#3126,#3843,.T.);
#3843 = LINE('',#3844,#3845);
#3844 = CARTESIAN_POINT('',(158.9291261079,3.555689500976,
    24.281789173313));
#3845 = VECTOR('',#3846,1.);
#3846 = DIRECTION('',(0.600846695681,-0.793084641315,-1.E-01));
#3847 = PLANE('',#3848);
#3848 = AXIS2_PLACEMENT_3D('',#3849,#3850,#3851);
#3849 = CARTESIAN_POINT('',(161.96572432378,5.591857374366,
    26.378554539299));
#3850 = DIRECTION('',(0.346243035425,0.370965982834,-0.861684396981));
#3851 = DIRECTION('',(-0.72048525919,-0.483115919103,-0.497493718553));
#3852 = ADVANCED_FACE('',(#3853),#3864,.T.);
#3853 = FACE_BOUND('',#3854,.T.);
#3854 = EDGE_LOOP('',(#3855,#3856,#3862,#3863));
#3855 = ORIENTED_EDGE('',*,*,#3599,.T.);
#3856 = ORIENTED_EDGE('',*,*,#3857,.T.);
#3857 = EDGE_CURVE('',#3600,#3142,#3858,.T.);
#3858 = LINE('',#3859,#3860);
#3859 = CARTESIAN_POINT('',(161.4567002665,6.263741175661,
    17.991493075354));
#3860 = VECTOR('',#3861,1.);
#3861 = DIRECTION('',(0.600846695681,-0.793084641315,-1.E-01));
#3862 = ORIENTED_EDGE('',*,*,#3149,.T.);
#3863 = ORIENTED_EDGE('',*,*,#3823,.F.);
#3864 = PLANE('',#3865);
#3865 = AXIS2_PLACEMENT_3D('',#3866,#3867,#3868);
#3866 = CARTESIAN_POINT('',(161.4567002665,6.263741175661,
    17.991493075354));
#3867 = DIRECTION('',(-0.346243035425,-0.370965982834,0.861684396981));
#3868 = DIRECTION('',(0.72048525919,0.483115919103,0.497493718553));
#3869 = ADVANCED_FACE('',(#3870),#3881,.T.);
#3870 = FACE_BOUND('',#3871,.T.);
#3871 = EDGE_LOOP('',(#3872,#3873,#3874,#3875));
#3872 = ORIENTED_EDGE('',*,*,#3615,.T.);
#3873 = ORIENTED_EDGE('',*,*,#3842,.T.);
#3874 = ORIENTED_EDGE('',*,*,#3133,.T.);
#3875 = ORIENTED_EDGE('',*,*,#3876,.F.);
#3876 = EDGE_CURVE('',#3608,#3134,#3877,.T.);
#3877 = LINE('',#3878,#3879);
#3878 = CARTESIAN_POINT('',(158.67461407926,3.891631401624,
    20.08825844134));
#3879 = VECTOR('',#3880,1.);
#3880 = DIRECTION('',(0.600846695681,-0.793084641315,-1.E-01));
#3881 = PLANE('',#3882);
#3882 = AXIS2_PLACEMENT_3D('',#3883,#3884,#3885);
#3883 = CARTESIAN_POINT('',(158.9291261079,3.555689500976,
    24.281789173313));
#3884 = DIRECTION('',(0.797080055223,0.603873650333,-2.803313137179E-15)
  );
#3885 = DIRECTION('',(-6.038736503326E-02,7.970800552228E-02,
    -0.994987437107));
#3886 = ADVANCED_FACE('',(#3887),#3893,.T.);
#3887 = FACE_BOUND('',#3888,.T.);
#3888 = EDGE_LOOP('',(#3889,#3890,#3891,#3892));
#3889 = ORIENTED_EDGE('',*,*,#3607,.T.);
#3890 = ORIENTED_EDGE('',*,*,#3876,.T.);
#3891 = ORIENTED_EDGE('',*,*,#3141,.T.);
#3892 = ORIENTED_EDGE('',*,*,#3857,.F.);
#3893 = PLANE('',#3894);
#3894 = AXIS2_PLACEMENT_3D('',#3895,#3896,#3897);
#3895 = CARTESIAN_POINT('',(158.67461407926,3.891631401624,
    20.08825844134));
#3896 = DIRECTION('',(0.450837019798,0.232907667499,0.861684396981));
#3897 = DIRECTION('',(0.660097894156,0.562823924625,-0.497493718553));
#3898 = ADVANCED_FACE('',(#3899),#3910,.T.);
#3899 = FACE_BOUND('',#3900,.T.);
#3900 = EDGE_LOOP('',(#3901,#3902,#3903,#3904));
#3901 = ORIENTED_EDGE('',*,*,#3265,.T.);
#3902 = ORIENTED_EDGE('',*,*,#3288,.T.);
#3903 = ORIENTED_EDGE('',*,*,#3330,.T.);
#3904 = ORIENTED_EDGE('',*,*,#3905,.F.);
#3905 = EDGE_CURVE('',#3258,#3331,#3906,.T.);
#3906 = LINE('',#3907,#3908);
#3907 = CARTESIAN_POINT('',(157.6,65.82568421935,4.9));
#3908 = VECTOR('',#3909,1.);
#3909 = DIRECTION('',(0.,0.,1.));
#3910 = PLANE('',#3911);
#3911 = AXIS2_PLACEMENT_3D('',#3912,#3913,#3914);
#3912 = CARTESIAN_POINT('',(157.6,69.17431578065,4.9));
#3913 = DIRECTION('',(1.,0.,-0.));
#3914 = DIRECTION('',(0.,-1.,0.));
#3915 = ADVANCED_FACE('',(#3916),#3927,.T.);
#3916 = FACE_BOUND('',#3917,.T.);
#3917 = EDGE_LOOP('',(#3918,#3919,#3920,#3921));
#3918 = ORIENTED_EDGE('',*,*,#3257,.T.);
#3919 = ORIENTED_EDGE('',*,*,#3905,.T.);
#3920 = ORIENTED_EDGE('',*,*,#3338,.T.);
#3921 = ORIENTED_EDGE('',*,*,#3922,.F.);
#3922 = EDGE_CURVE('',#3250,#3339,#3923,.T.);
#3923 = LINE('',#3924,#3925);
#3924 = CARTESIAN_POINT('',(160.5,64.1513684387,4.9));
#3925 = VECTOR('',#3926,1.);
#3926 = DIRECTION('',(0.,0.,1.));
#3927 = PLANE('',#3928);
#3928 = AXIS2_PLACEMENT_3D('',#3929,#3930,#3931);
#3929 = CARTESIAN_POINT('',(157.6,65.82568421935,4.9));
#3930 = DIRECTION('',(0.5,0.866025403784,-0.));
#3931 = DIRECTION('',(0.866025403784,-0.5,0.));
#3932 = ADVANCED_FACE('',(#3933),#3944,.T.);
#3933 = FACE_BOUND('',#3934,.T.);
#3934 = EDGE_LOOP('',(#3935,#3936,#3937,#3938));
#3935 = ORIENTED_EDGE('',*,*,#3249,.T.);
#3936 = ORIENTED_EDGE('',*,*,#3922,.T.);
#3937 = ORIENTED_EDGE('',*,*,#3346,.T.);
#3938 = ORIENTED_EDGE('',*,*,#3939,.F.);
#3939 = EDGE_CURVE('',#3242,#3313,#3940,.T.);
#3940 = LINE('',#3941,#3942);
#3941 = CARTESIAN_POINT('',(163.4,65.82568421935,4.9));
#3942 = VECTOR('',#3943,1.);
#3943 = DIRECTION('',(0.,0.,1.));
#3944 = PLANE('',#3945);
#3945 = AXIS2_PLACEMENT_3D('',#3946,#3947,#3948);
#3946 = CARTESIAN_POINT('',(160.5,64.1513684387,4.9));
#3947 = DIRECTION('',(-0.5,0.866025403784,0.));
#3948 = DIRECTION('',(0.866025403784,0.5,0.));
#3949 = ADVANCED_FACE('',(#3950),#3956,.T.);
#3950 = FACE_BOUND('',#3951,.T.);
#3951 = EDGE_LOOP('',(#3952,#3953,#3954,#3955));
#3952 = ORIENTED_EDGE('',*,*,#3241,.T.);
#3953 = ORIENTED_EDGE('',*,*,#3939,.T.);
#3954 = ORIENTED_EDGE('',*,*,#3312,.T.);
#3955 = ORIENTED_EDGE('',*,*,#3365,.F.);
#3956 = PLANE('',#3957);
#3957 = AXIS2_PLACEMENT_3D('',#3958,#3959,#3960);
#3958 = CARTESIAN_POINT('',(163.4,65.82568421935,4.9));
#3959 = DIRECTION('',(-1.,0.,0.));
#3960 = DIRECTION('',(0.,1.,0.));
#3961 = ADVANCED_FACE('',(#3962),#3987,.T.);
#3962 = FACE_BOUND('',#3963,.T.);
#3963 = EDGE_LOOP('',(#3964,#3972,#3973,#3974,#3980,#3981));
#3964 = ORIENTED_EDGE('',*,*,#3965,.F.);
#3965 = EDGE_CURVE('',#3633,#3966,#3968,.T.);
#3966 = VERTEX_POINT('',#3967);
#3967 = CARTESIAN_POINT('',(123.,60.,4.));
#3968 = LINE('',#3969,#3970);
#3969 = CARTESIAN_POINT('',(105.,60.,4.));
#3970 = VECTOR('',#3971,1.);
#3971 = DIRECTION('',(1.,0.,-0.));
#3972 = ORIENTED_EDGE('',*,*,#3640,.T.);
#3973 = ORIENTED_EDGE('',*,*,#3419,.F.);
#3974 = ORIENTED_EDGE('',*,*,#3975,.F.);
#3975 = EDGE_CURVE('',#3675,#3412,#3976,.T.);
#3976 = LINE('',#3977,#3978);
#3977 = CARTESIAN_POINT('',(123.,60.,4.));
#3978 = VECTOR('',#3979,1.);
#3979 = DIRECTION('',(0.,0.,1.));
#3980 = ORIENTED_EDGE('',*,*,#3683,.F.);
#3981 = ORIENTED_EDGE('',*,*,#3982,.F.);
#3982 = EDGE_CURVE('',#3966,#3684,#3983,.T.);
#3983 = LINE('',#3984,#3985);
#3984 = CARTESIAN_POINT('',(123.,60.,4.));
#3985 = VECTOR('',#3986,1.);
#3986 = DIRECTION('',(0.,0.,1.));
#3987 = PLANE('',#3988);
#3988 = AXIS2_PLACEMENT_3D('',#3989,#3990,#3991);
#3989 = CARTESIAN_POINT('',(105.,60.,4.));
#3990 = DIRECTION('',(-0.,1.,0.));
#3991 = DIRECTION('',(0.,0.,1.));
#3992 = ADVANCED_FACE('',(#3993),#4013,.F.);
#3993 = FACE_BOUND('',#3994,.F.);
#3994 = EDGE_LOOP('',(#3995,#3996,#4002,#4003,#4004,#4005,#4006,#4012));
#3995 = ORIENTED_EDGE('',*,*,#3982,.F.);
#3996 = ORIENTED_EDGE('',*,*,#3997,.T.);
#3997 = EDGE_CURVE('',#3966,#3451,#3998,.T.);
#3998 = LINE('',#3999,#4000);
#3999 = CARTESIAN_POINT('',(123.,60.,4.));
#4000 = VECTOR('',#4001,1.);
#4001 = DIRECTION('',(-0.,1.,0.));
#4002 = ORIENTED_EDGE('',*,*,#3450,.T.);
#4003 = ORIENTED_EDGE('',*,*,#3411,.F.);
#4004 = ORIENTED_EDGE('',*,*,#3975,.F.);
#4005 = ORIENTED_EDGE('',*,*,#3674,.F.);
#4006 = ORIENTED_EDGE('',*,*,#4007,.F.);
#4007 = EDGE_CURVE('',#3693,#3666,#4008,.T.);
#4008 = LINE('',#4009,#4010);
#4009 = CARTESIAN_POINT('',(123.,62.75688776988,16.49059472423));
#4010 = VECTOR('',#4011,1.);
#4011 = DIRECTION('',(0.,-0.100498705962,0.994937189022));
#4012 = ORIENTED_EDGE('',*,*,#3692,.F.);
#4013 = PLANE('',#4014);
#4014 = AXIS2_PLACEMENT_3D('',#4015,#4016,#4017);
#4015 = CARTESIAN_POINT('',(123.,60.,4.));
#4016 = DIRECTION('',(1.,0.,-0.));
#4017 = DIRECTION('',(0.,0.,1.));
#4018 = ADVANCED_FACE('',(#4019),#4025,.T.);
#4019 = FACE_BOUND('',#4020,.T.);
#4020 = EDGE_LOOP('',(#4021,#4022,#4023,#4024));
#4021 = ORIENTED_EDGE('',*,*,#3632,.T.);
#4022 = ORIENTED_EDGE('',*,*,#3965,.T.);
#4023 = ORIENTED_EDGE('',*,*,#3997,.T.);
#4024 = ORIENTED_EDGE('',*,*,#3458,.F.);
#4025 = PLANE('',#4026);
#4026 = AXIS2_PLACEMENT_3D('',#4027,#4028,#4029);
#4027 = CARTESIAN_POINT('',(105.,60.,4.));
#4028 = DIRECTION('',(0.,0.,1.));
#4029 = DIRECTION('',(1.,0.,-0.));
#4030 = ADVANCED_FACE('',(#4031,#4034),#4084,.F.);
#4031 = FACE_BOUND('',#4032,.F.);
#4032 = EDGE_LOOP('',(#4033));
#4033 = ORIENTED_EDGE('',*,*,#3528,.T.);
#4034 = FACE_BOUND('',#4035,.F.);
#4035 = EDGE_LOOP('',(#4036,#4046,#4054,#4062,#4070,#4078));
#4036 = ORIENTED_EDGE('',*,*,#4037,.T.);
#4037 = EDGE_CURVE('',#4038,#4040,#4042,.T.);
#4038 = VERTEX_POINT('',#4039);
#4039 = CARTESIAN_POINT('',(136.6,16.17431578065,5.));
#4040 = VERTEX_POINT('',#4041);
#4041 = CARTESIAN_POINT('',(139.5,17.8486315613,5.));
#4042 = LINE('',#4043,#4044);
#4043 = CARTESIAN_POINT('',(138.775,17.430052616137,5.));
#4044 = VECTOR('',#4045,1.);
#4045 = DIRECTION('',(0.866025403784,0.5,-0.));
#4046 = ORIENTED_EDGE('',*,*,#4047,.T.);
#4047 = EDGE_CURVE('',#4040,#4048,#4050,.T.);
#4048 = VERTEX_POINT('',#4049);
#4049 = CARTESIAN_POINT('',(142.4,16.17431578065,5.));
#4050 = LINE('',#4051,#4052);
#4051 = CARTESIAN_POINT('',(141.675,16.592894725812,5.));
#4052 = VECTOR('',#4053,1.);
#4053 = DIRECTION('',(0.866025403784,-0.5,0.));
#4054 = ORIENTED_EDGE('',*,*,#4055,.T.);
#4055 = EDGE_CURVE('',#4048,#4056,#4058,.T.);
#4056 = VERTEX_POINT('',#4057);
#4057 = CARTESIAN_POINT('',(142.4,12.82568421935,5.));
#4058 = LINE('',#4059,#4060);
#4059 = CARTESIAN_POINT('',(142.4,13.662842109675,5.));
#4060 = VECTOR('',#4061,1.);
#4061 = DIRECTION('',(0.,-1.,0.));
#4062 = ORIENTED_EDGE('',*,*,#4063,.T.);
#4063 = EDGE_CURVE('',#4056,#4064,#4066,.T.);
#4064 = VERTEX_POINT('',#4065);
#4065 = CARTESIAN_POINT('',(139.5,11.1513684387,5.));
#4066 = LINE('',#4067,#4068);
#4067 = CARTESIAN_POINT('',(140.225,11.569947383863,5.));
#4068 = VECTOR('',#4069,1.);
#4069 = DIRECTION('',(-0.866025403784,-0.5,0.));
#4070 = ORIENTED_EDGE('',*,*,#4071,.T.);
#4071 = EDGE_CURVE('',#4064,#4072,#4074,.T.);
#4072 = VERTEX_POINT('',#4073);
#4073 = CARTESIAN_POINT('',(136.6,12.82568421935,5.));
#4074 = LINE('',#4075,#4076);
#4075 = CARTESIAN_POINT('',(137.325,12.407105274188,5.));
#4076 = VECTOR('',#4077,1.);
#4077 = DIRECTION('',(-0.866025403784,0.5,0.));
#4078 = ORIENTED_EDGE('',*,*,#4079,.T.);
#4079 = EDGE_CURVE('',#4072,#4038,#4080,.T.);
#4080 = LINE('',#4081,#4082);
#4081 = CARTESIAN_POINT('',(136.6,15.337157890325,5.));
#4082 = VECTOR('',#4083,1.);
#4083 = DIRECTION('',(-0.,1.,0.));
#4084 = PLANE('',#4085);
#4085 = AXIS2_PLACEMENT_3D('',#4086,#4087,#4088);
#4086 = CARTESIAN_POINT('',(139.5,14.5,5.));
#4087 = DIRECTION('',(0.,0.,1.));
#4088 = DIRECTION('',(1.,0.,-0.));
#4089 = ADVANCED_FACE('',(#4090,#4093),#4143,.F.);
#4090 = FACE_BOUND('',#4091,.F.);
#4091 = EDGE_LOOP('',(#4092));
#4092 = ORIENTED_EDGE('',*,*,#3553,.T.);
#4093 = FACE_BOUND('',#4094,.F.);
#4094 = EDGE_LOOP('',(#4095,#4105,#4113,#4121,#4129,#4137));
#4095 = ORIENTED_EDGE('',*,*,#4096,.T.);
#4096 = EDGE_CURVE('',#4097,#4099,#4101,.T.);
#4097 = VERTEX_POINT('',#4098);
#4098 = CARTESIAN_POINT('',(136.6,48.17431578065,5.));
#4099 = VERTEX_POINT('',#4100);
#4100 = CARTESIAN_POINT('',(139.5,49.8486315613,5.));
#4101 = LINE('',#4102,#4103);
#4102 = CARTESIAN_POINT('',(138.775,49.430052616137,5.));
#4103 = VECTOR('',#4104,1.);
#4104 = DIRECTION('',(0.866025403784,0.5,-0.));
#4105 = ORIENTED_EDGE('',*,*,#4106,.T.);
#4106 = EDGE_CURVE('',#4099,#4107,#4109,.T.);
#4107 = VERTEX_POINT('',#4108);
#4108 = CARTESIAN_POINT('',(142.4,48.17431578065,5.));
#4109 = LINE('',#4110,#4111);
#4110 = CARTESIAN_POINT('',(141.675,48.592894725812,5.));
#4111 = VECTOR('',#4112,1.);
#4112 = DIRECTION('',(0.866025403784,-0.5,0.));
#4113 = ORIENTED_EDGE('',*,*,#4114,.T.);
#4114 = EDGE_CURVE('',#4107,#4115,#4117,.T.);
#4115 = VERTEX_POINT('',#4116);
#4116 = CARTESIAN_POINT('',(142.4,44.82568421935,5.));
#4117 = LINE('',#4118,#4119);
#4118 = CARTESIAN_POINT('',(142.4,45.662842109675,5.));
#4119 = VECTOR('',#4120,1.);
#4120 = DIRECTION('',(0.,-1.,0.));
#4121 = ORIENTED_EDGE('',*,*,#4122,.T.);
#4122 = EDGE_CURVE('',#4115,#4123,#4125,.T.);
#4123 = VERTEX_POINT('',#4124);
#4124 = CARTESIAN_POINT('',(139.5,43.1513684387,5.));
#4125 = LINE('',#4126,#4127);
#4126 = CARTESIAN_POINT('',(140.225,43.569947383863,5.));
#4127 = VECTOR('',#4128,1.);
#4128 = DIRECTION('',(-0.866025403784,-0.5,0.));
#4129 = ORIENTED_EDGE('',*,*,#4130,.T.);
#4130 = EDGE_CURVE('',#4123,#4131,#4133,.T.);
#4131 = VERTEX_POINT('',#4132);
#4132 = CARTESIAN_POINT('',(136.6,44.82568421935,5.));
#4133 = LINE('',#4134,#4135);
#4134 = CARTESIAN_POINT('',(137.325,44.407105274188,5.));
#4135 = VECTOR('',#4136,1.);
#4136 = DIRECTION('',(-0.866025403784,0.5,0.));
#4137 = ORIENTED_EDGE('',*,*,#4138,.T.);
#4138 = EDGE_CURVE('',#4131,#4097,#4139,.T.);
#4139 = LINE('',#4140,#4141);
#4140 = CARTESIAN_POINT('',(136.6,47.337157890325,5.));
#4141 = VECTOR('',#4142,1.);
#4142 = DIRECTION('',(-0.,1.,0.));
#4143 = PLANE('',#4144);
#4144 = AXIS2_PLACEMENT_3D('',#4145,#4146,#4147);
#4145 = CARTESIAN_POINT('',(139.5,46.5,5.));
#4146 = DIRECTION('',(0.,0.,1.));
#4147 = DIRECTION('',(1.,0.,-0.));
#4148 = ADVANCED_FACE('',(#4149),#4154,.T.);
#4149 = FACE_BOUND('',#4150,.T.);
#4150 = EDGE_LOOP('',(#4151,#4152,#4153));
#4151 = ORIENTED_EDGE('',*,*,#3701,.T.);
#4152 = ORIENTED_EDGE('',*,*,#3665,.T.);
#4153 = ORIENTED_EDGE('',*,*,#4007,.F.);
#4154 = PLANE('',#4155);
#4155 = AXIS2_PLACEMENT_3D('',#4156,#4157,#4158);
#4156 = CARTESIAN_POINT('',(123.89949874371,61.625288946548,
    28.588413024904));
#4157 = DIRECTION('',(9.949874371066E-02,-0.99,-0.1));
#4158 = DIRECTION('',(-1.734723475977E-18,0.100498705962,-0.994937189022
    ));
#4159 = ADVANCED_FACE('',(#4160),#4163,.T.);
#4160 = FACE_BOUND('',#4161,.F.);
#4161 = EDGE_LOOP('',(#4162));
#4162 = ORIENTED_EDGE('',*,*,#3725,.F.);
#4163 = PLANE('',#4164);
#4164 = AXIS2_PLACEMENT_3D('',#4165,#4166,#4167);
#4165 = CARTESIAN_POINT('',(130.27217366835,63.165981301183,
    28.588413024904));
#4166 = DIRECTION('',(0.363751080054,-0.92611292603,-0.1));
#4167 = DIRECTION('',(-0.93077851186,-0.365583590796,0.));
#4168 = ADVANCED_FACE('',(#4169),#4172,.T.);
#4169 = FACE_BOUND('',#4170,.F.);
#4170 = EDGE_LOOP('',(#4171));
#4171 = ORIENTED_EDGE('',*,*,#3750,.F.);
#4172 = PLANE('',#4173);
#4173 = AXIS2_PLACEMENT_3D('',#4174,#4175,#4176);
#4174 = CARTESIAN_POINT('',(135.98994065332,66.37407408856,
    28.588413024904));
#4175 = DIRECTION('',(0.600846695681,-0.793084641315,-0.1));
#4176 = DIRECTION('',(-0.797080055223,-0.603873650333,
    -6.938893903907E-18));
#4177 = ADVANCED_FACE('',(#4178),#4197,.F.);
#4178 = FACE_BOUND('',#4179,.F.);
#4179 = EDGE_LOOP('',(#4180,#4181,#4189,#4196));
#4180 = ORIENTED_EDGE('',*,*,#3772,.F.);
#4181 = ORIENTED_EDGE('',*,*,#4182,.F.);
#4182 = EDGE_CURVE('',#4183,#3773,#4185,.T.);
#4183 = VERTEX_POINT('',#4184);
#4184 = CARTESIAN_POINT('',(141.15,14.5,7.6));
#4185 = LINE('',#4186,#4187);
#4186 = CARTESIAN_POINT('',(141.15,14.5,7.3));
#4187 = VECTOR('',#4188,1.);
#4188 = DIRECTION('',(0.,0.,1.));
#4189 = ORIENTED_EDGE('',*,*,#4190,.T.);
#4190 = EDGE_CURVE('',#4183,#4183,#4191,.T.);
#4191 = CIRCLE('',#4192,1.65);
#4192 = AXIS2_PLACEMENT_3D('',#4193,#4194,#4195);
#4193 = CARTESIAN_POINT('',(139.5,14.5,7.6));
#4194 = DIRECTION('',(0.,0.,1.));
#4195 = DIRECTION('',(1.,0.,-0.));
#4196 = ORIENTED_EDGE('',*,*,#4182,.T.);
#4197 = CYLINDRICAL_SURFACE('',#4198,1.65);
#4198 = AXIS2_PLACEMENT_3D('',#4199,#4200,#4201);
#4199 = CARTESIAN_POINT('',(139.5,14.5,7.3));
#4200 = DIRECTION('',(0.,0.,1.));
#4201 = DIRECTION('',(1.,0.,-0.));
#4202 = ADVANCED_FACE('',(#4203),#4222,.F.);
#4203 = FACE_BOUND('',#4204,.F.);
#4204 = EDGE_LOOP('',(#4205,#4206,#4214,#4221));
#4205 = ORIENTED_EDGE('',*,*,#3783,.F.);
#4206 = ORIENTED_EDGE('',*,*,#4207,.F.);
#4207 = EDGE_CURVE('',#4208,#3784,#4210,.T.);
#4208 = VERTEX_POINT('',#4209);
#4209 = CARTESIAN_POINT('',(141.25,46.5,7.6));
#4210 = LINE('',#4211,#4212);
#4211 = CARTESIAN_POINT('',(141.25,46.5,7.3));
#4212 = VECTOR('',#4213,1.);
#4213 = DIRECTION('',(0.,0.,1.));
#4214 = ORIENTED_EDGE('',*,*,#4215,.T.);
#4215 = EDGE_CURVE('',#4208,#4208,#4216,.T.);
#4216 = CIRCLE('',#4217,1.75);
#4217 = AXIS2_PLACEMENT_3D('',#4218,#4219,#4220);
#4218 = CARTESIAN_POINT('',(139.5,46.5,7.6));
#4219 = DIRECTION('',(0.,0.,1.));
#4220 = DIRECTION('',(1.,0.,-0.));
#4221 = ORIENTED_EDGE('',*,*,#4207,.T.);
#4222 = CYLINDRICAL_SURFACE('',#4223,1.75);
#4223 = AXIS2_PLACEMENT_3D('',#4224,#4225,#4226);
#4224 = CARTESIAN_POINT('',(139.5,46.5,7.3));
#4225 = DIRECTION('',(0.,0.,1.));
#4226 = DIRECTION('',(1.,0.,-0.));
#4227 = ADVANCED_FACE('',(#4228),#4253,.T.);
#4228 = FACE_BOUND('',#4229,.T.);
#4229 = EDGE_LOOP('',(#4230,#4231,#4239,#4247));
#4230 = ORIENTED_EDGE('',*,*,#4037,.T.);
#4231 = ORIENTED_EDGE('',*,*,#4232,.T.);
#4232 = EDGE_CURVE('',#4040,#4233,#4235,.T.);
#4233 = VERTEX_POINT('',#4234);
#4234 = CARTESIAN_POINT('',(139.5,17.8486315613,7.6));
#4235 = LINE('',#4236,#4237);
#4236 = CARTESIAN_POINT('',(139.5,17.8486315613,4.9));
#4237 = VECTOR('',#4238,1.);
#4238 = DIRECTION('',(0.,0.,1.));
#4239 = ORIENTED_EDGE('',*,*,#4240,.T.);
#4240 = EDGE_CURVE('',#4233,#4241,#4243,.T.);
#4241 = VERTEX_POINT('',#4242);
#4242 = CARTESIAN_POINT('',(136.6,16.17431578065,7.6));
#4243 = LINE('',#4244,#4245);
#4244 = CARTESIAN_POINT('',(139.5,17.8486315613,7.6));
#4245 = VECTOR('',#4246,1.);
#4246 = DIRECTION('',(-0.866025403784,-0.5,0.));
#4247 = ORIENTED_EDGE('',*,*,#4248,.F.);
#4248 = EDGE_CURVE('',#4038,#4241,#4249,.T.);
#4249 = LINE('',#4250,#4251);
#4250 = CARTESIAN_POINT('',(136.6,16.17431578065,4.9));
#4251 = VECTOR('',#4252,1.);
#4252 = DIRECTION('',(0.,0.,1.));
#4253 = PLANE('',#4254);
#4254 = AXIS2_PLACEMENT_3D('',#4255,#4256,#4257);
#4255 = CARTESIAN_POINT('',(139.5,17.8486315613,4.9));
#4256 = DIRECTION('',(0.5,-0.866025403784,0.));
#4257 = DIRECTION('',(-0.866025403784,-0.5,0.));
#4258 = ADVANCED_FACE('',(#4259),#4277,.T.);
#4259 = FACE_BOUND('',#4260,.T.);
#4260 = EDGE_LOOP('',(#4261,#4262,#4263,#4271));
#4261 = ORIENTED_EDGE('',*,*,#4079,.T.);
#4262 = ORIENTED_EDGE('',*,*,#4248,.T.);
#4263 = ORIENTED_EDGE('',*,*,#4264,.T.);
#4264 = EDGE_CURVE('',#4241,#4265,#4267,.T.);
#4265 = VERTEX_POINT('',#4266);
#4266 = CARTESIAN_POINT('',(136.6,12.82568421935,7.6));
#4267 = LINE('',#4268,#4269);
#4268 = CARTESIAN_POINT('',(136.6,16.17431578065,7.6));
#4269 = VECTOR('',#4270,1.);
#4270 = DIRECTION('',(0.,-1.,0.));
#4271 = ORIENTED_EDGE('',*,*,#4272,.F.);
#4272 = EDGE_CURVE('',#4072,#4265,#4273,.T.);
#4273 = LINE('',#4274,#4275);
#4274 = CARTESIAN_POINT('',(136.6,12.82568421935,4.9));
#4275 = VECTOR('',#4276,1.);
#4276 = DIRECTION('',(0.,0.,1.));
#4277 = PLANE('',#4278);
#4278 = AXIS2_PLACEMENT_3D('',#4279,#4280,#4281);
#4279 = CARTESIAN_POINT('',(136.6,16.17431578065,4.9));
#4280 = DIRECTION('',(1.,0.,-0.));
#4281 = DIRECTION('',(0.,-1.,0.));
#4282 = ADVANCED_FACE('',(#4283),#4301,.T.);
#4283 = FACE_BOUND('',#4284,.T.);
#4284 = EDGE_LOOP('',(#4285,#4286,#4287,#4295));
#4285 = ORIENTED_EDGE('',*,*,#4071,.T.);
#4286 = ORIENTED_EDGE('',*,*,#4272,.T.);
#4287 = ORIENTED_EDGE('',*,*,#4288,.T.);
#4288 = EDGE_CURVE('',#4265,#4289,#4291,.T.);
#4289 = VERTEX_POINT('',#4290);
#4290 = CARTESIAN_POINT('',(139.5,11.1513684387,7.6));
#4291 = LINE('',#4292,#4293);
#4292 = CARTESIAN_POINT('',(136.6,12.82568421935,7.6));
#4293 = VECTOR('',#4294,1.);
#4294 = DIRECTION('',(0.866025403784,-0.5,0.));
#4295 = ORIENTED_EDGE('',*,*,#4296,.F.);
#4296 = EDGE_CURVE('',#4064,#4289,#4297,.T.);
#4297 = LINE('',#4298,#4299);
#4298 = CARTESIAN_POINT('',(139.5,11.1513684387,4.9));
#4299 = VECTOR('',#4300,1.);
#4300 = DIRECTION('',(0.,0.,1.));
#4301 = PLANE('',#4302);
#4302 = AXIS2_PLACEMENT_3D('',#4303,#4304,#4305);
#4303 = CARTESIAN_POINT('',(136.6,12.82568421935,4.9));
#4304 = DIRECTION('',(0.5,0.866025403784,-0.));
#4305 = DIRECTION('',(0.866025403784,-0.5,0.));
#4306 = ADVANCED_FACE('',(#4307),#4325,.T.);
#4307 = FACE_BOUND('',#4308,.T.);
#4308 = EDGE_LOOP('',(#4309,#4310,#4311,#4319));
#4309 = ORIENTED_EDGE('',*,*,#4063,.T.);
#4310 = ORIENTED_EDGE('',*,*,#4296,.T.);
#4311 = ORIENTED_EDGE('',*,*,#4312,.T.);
#4312 = EDGE_CURVE('',#4289,#4313,#4315,.T.);
#4313 = VERTEX_POINT('',#4314);
#4314 = CARTESIAN_POINT('',(142.4,12.82568421935,7.6));
#4315 = LINE('',#4316,#4317);
#4316 = CARTESIAN_POINT('',(139.5,11.1513684387,7.6));
#4317 = VECTOR('',#4318,1.);
#4318 = DIRECTION('',(0.866025403784,0.5,0.));
#4319 = ORIENTED_EDGE('',*,*,#4320,.F.);
#4320 = EDGE_CURVE('',#4056,#4313,#4321,.T.);
#4321 = LINE('',#4322,#4323);
#4322 = CARTESIAN_POINT('',(142.4,12.82568421935,4.9));
#4323 = VECTOR('',#4324,1.);
#4324 = DIRECTION('',(0.,0.,1.));
#4325 = PLANE('',#4326);
#4326 = AXIS2_PLACEMENT_3D('',#4327,#4328,#4329);
#4327 = CARTESIAN_POINT('',(139.5,11.1513684387,4.9));
#4328 = DIRECTION('',(-0.5,0.866025403784,0.));
#4329 = DIRECTION('',(0.866025403784,0.5,0.));
#4330 = ADVANCED_FACE('',(#4331),#4349,.T.);
#4331 = FACE_BOUND('',#4332,.T.);
#4332 = EDGE_LOOP('',(#4333,#4334,#4335,#4343));
#4333 = ORIENTED_EDGE('',*,*,#4055,.T.);
#4334 = ORIENTED_EDGE('',*,*,#4320,.T.);
#4335 = ORIENTED_EDGE('',*,*,#4336,.T.);
#4336 = EDGE_CURVE('',#4313,#4337,#4339,.T.);
#4337 = VERTEX_POINT('',#4338);
#4338 = CARTESIAN_POINT('',(142.4,16.17431578065,7.6));
#4339 = LINE('',#4340,#4341);
#4340 = CARTESIAN_POINT('',(142.4,12.82568421935,7.6));
#4341 = VECTOR('',#4342,1.);
#4342 = DIRECTION('',(0.,1.,0.));
#4343 = ORIENTED_EDGE('',*,*,#4344,.F.);
#4344 = EDGE_CURVE('',#4048,#4337,#4345,.T.);
#4345 = LINE('',#4346,#4347);
#4346 = CARTESIAN_POINT('',(142.4,16.17431578065,4.9));
#4347 = VECTOR('',#4348,1.);
#4348 = DIRECTION('',(0.,0.,1.));
#4349 = PLANE('',#4350);
#4350 = AXIS2_PLACEMENT_3D('',#4351,#4352,#4353);
#4351 = CARTESIAN_POINT('',(142.4,12.82568421935,4.9));
#4352 = DIRECTION('',(-1.,0.,0.));
#4353 = DIRECTION('',(0.,1.,0.));
#4354 = ADVANCED_FACE('',(#4355),#4366,.T.);
#4355 = FACE_BOUND('',#4356,.T.);
#4356 = EDGE_LOOP('',(#4357,#4358,#4359,#4365));
#4357 = ORIENTED_EDGE('',*,*,#4047,.T.);
#4358 = ORIENTED_EDGE('',*,*,#4344,.T.);
#4359 = ORIENTED_EDGE('',*,*,#4360,.T.);
#4360 = EDGE_CURVE('',#4337,#4233,#4361,.T.);
#4361 = LINE('',#4362,#4363);
#4362 = CARTESIAN_POINT('',(142.4,16.17431578065,7.6));
#4363 = VECTOR('',#4364,1.);
#4364 = DIRECTION('',(-0.866025403784,0.5,0.));
#4365 = ORIENTED_EDGE('',*,*,#4232,.F.);
#4366 = PLANE('',#4367);
#4367 = AXIS2_PLACEMENT_3D('',#4368,#4369,#4370);
#4368 = CARTESIAN_POINT('',(142.4,16.17431578065,4.9));
#4369 = DIRECTION('',(-0.5,-0.866025403784,0.));
#4370 = DIRECTION('',(-0.866025403784,0.5,0.));
#4371 = ADVANCED_FACE('',(#4372),#4397,.T.);
#4372 = FACE_BOUND('',#4373,.T.);
#4373 = EDGE_LOOP('',(#4374,#4375,#4383,#4391));
#4374 = ORIENTED_EDGE('',*,*,#4096,.T.);
#4375 = ORIENTED_EDGE('',*,*,#4376,.T.);
#4376 = EDGE_CURVE('',#4099,#4377,#4379,.T.);
#4377 = VERTEX_POINT('',#4378);
#4378 = CARTESIAN_POINT('',(139.5,49.8486315613,7.6));
#4379 = LINE('',#4380,#4381);
#4380 = CARTESIAN_POINT('',(139.5,49.8486315613,4.9));
#4381 = VECTOR('',#4382,1.);
#4382 = DIRECTION('',(0.,0.,1.));
#4383 = ORIENTED_EDGE('',*,*,#4384,.T.);
#4384 = EDGE_CURVE('',#4377,#4385,#4387,.T.);
#4385 = VERTEX_POINT('',#4386);
#4386 = CARTESIAN_POINT('',(136.6,48.17431578065,7.6));
#4387 = LINE('',#4388,#4389);
#4388 = CARTESIAN_POINT('',(139.5,49.8486315613,7.6));
#4389 = VECTOR('',#4390,1.);
#4390 = DIRECTION('',(-0.866025403784,-0.5,0.));
#4391 = ORIENTED_EDGE('',*,*,#4392,.F.);
#4392 = EDGE_CURVE('',#4097,#4385,#4393,.T.);
#4393 = LINE('',#4394,#4395);
#4394 = CARTESIAN_POINT('',(136.6,48.17431578065,4.9));
#4395 = VECTOR('',#4396,1.);
#4396 = DIRECTION('',(0.,0.,1.));
#4397 = PLANE('',#4398);
#4398 = AXIS2_PLACEMENT_3D('',#4399,#4400,#4401);
#4399 = CARTESIAN_POINT('',(139.5,49.8486315613,4.9));
#4400 = DIRECTION('',(0.5,-0.866025403784,0.));
#4401 = DIRECTION('',(-0.866025403784,-0.5,0.));
#4402 = ADVANCED_FACE('',(#4403),#4421,.T.);
#4403 = FACE_BOUND('',#4404,.T.);
#4404 = EDGE_LOOP('',(#4405,#4406,#4407,#4415));
#4405 = ORIENTED_EDGE('',*,*,#4138,.T.);
#4406 = ORIENTED_EDGE('',*,*,#4392,.T.);
#4407 = ORIENTED_EDGE('',*,*,#4408,.T.);
#4408 = EDGE_CURVE('',#4385,#4409,#4411,.T.);
#4409 = VERTEX_POINT('',#4410);
#4410 = CARTESIAN_POINT('',(136.6,44.82568421935,7.6));
#4411 = LINE('',#4412,#4413);
#4412 = CARTESIAN_POINT('',(136.6,48.17431578065,7.6));
#4413 = VECTOR('',#4414,1.);
#4414 = DIRECTION('',(0.,-1.,0.));
#4415 = ORIENTED_EDGE('',*,*,#4416,.F.);
#4416 = EDGE_CURVE('',#4131,#4409,#4417,.T.);
#4417 = LINE('',#4418,#4419);
#4418 = CARTESIAN_POINT('',(136.6,44.82568421935,4.9));
#4419 = VECTOR('',#4420,1.);
#4420 = DIRECTION('',(0.,0.,1.));
#4421 = PLANE('',#4422);
#4422 = AXIS2_PLACEMENT_3D('',#4423,#4424,#4425);
#4423 = CARTESIAN_POINT('',(136.6,48.17431578065,4.9));
#4424 = DIRECTION('',(1.,0.,-0.));
#4425 = DIRECTION('',(0.,-1.,0.));
#4426 = ADVANCED_FACE('',(#4427),#4445,.T.);
#4427 = FACE_BOUND('',#4428,.T.);
#4428 = EDGE_LOOP('',(#4429,#4430,#4431,#4439));
#4429 = ORIENTED_EDGE('',*,*,#4130,.T.);
#4430 = ORIENTED_EDGE('',*,*,#4416,.T.);
#4431 = ORIENTED_EDGE('',*,*,#4432,.T.);
#4432 = EDGE_CURVE('',#4409,#4433,#4435,.T.);
#4433 = VERTEX_POINT('',#4434);
#4434 = CARTESIAN_POINT('',(139.5,43.1513684387,7.6));
#4435 = LINE('',#4436,#4437);
#4436 = CARTESIAN_POINT('',(136.6,44.82568421935,7.6));
#4437 = VECTOR('',#4438,1.);
#4438 = DIRECTION('',(0.866025403784,-0.5,0.));
#4439 = ORIENTED_EDGE('',*,*,#4440,.F.);
#4440 = EDGE_CURVE('',#4123,#4433,#4441,.T.);
#4441 = LINE('',#4442,#4443);
#4442 = CARTESIAN_POINT('',(139.5,43.1513684387,4.9));
#4443 = VECTOR('',#4444,1.);
#4444 = DIRECTION('',(0.,0.,1.));
#4445 = PLANE('',#4446);
#4446 = AXIS2_PLACEMENT_3D('',#4447,#4448,#4449);
#4447 = CARTESIAN_POINT('',(136.6,44.82568421935,4.9));
#4448 = DIRECTION('',(0.5,0.866025403784,-0.));
#4449 = DIRECTION('',(0.866025403784,-0.5,0.));
#4450 = ADVANCED_FACE('',(#4451),#4469,.T.);
#4451 = FACE_BOUND('',#4452,.T.);
#4452 = EDGE_LOOP('',(#4453,#4454,#4455,#4463));
#4453 = ORIENTED_EDGE('',*,*,#4122,.T.);
#4454 = ORIENTED_EDGE('',*,*,#4440,.T.);
#4455 = ORIENTED_EDGE('',*,*,#4456,.T.);
#4456 = EDGE_CURVE('',#4433,#4457,#4459,.T.);
#4457 = VERTEX_POINT('',#4458);
#4458 = CARTESIAN_POINT('',(142.4,44.82568421935,7.6));
#4459 = LINE('',#4460,#4461);
#4460 = CARTESIAN_POINT('',(139.5,43.1513684387,7.6));
#4461 = VECTOR('',#4462,1.);
#4462 = DIRECTION('',(0.866025403784,0.5,0.));
#4463 = ORIENTED_EDGE('',*,*,#4464,.F.);
#4464 = EDGE_CURVE('',#4115,#4457,#4465,.T.);
#4465 = LINE('',#4466,#4467);
#4466 = CARTESIAN_POINT('',(142.4,44.82568421935,4.9));
#4467 = VECTOR('',#4468,1.);
#4468 = DIRECTION('',(0.,0.,1.));
#4469 = PLANE('',#4470);
#4470 = AXIS2_PLACEMENT_3D('',#4471,#4472,#4473);
#4471 = CARTESIAN_POINT('',(139.5,43.1513684387,4.9));
#4472 = DIRECTION('',(-0.5,0.866025403784,0.));
#4473 = DIRECTION('',(0.866025403784,0.5,0.));
#4474 = ADVANCED_FACE('',(#4475),#4493,.T.);
#4475 = FACE_BOUND('',#4476,.T.);
#4476 = EDGE_LOOP('',(#4477,#4478,#4479,#4487));
#4477 = ORIENTED_EDGE('',*,*,#4114,.T.);
#4478 = ORIENTED_EDGE('',*,*,#4464,.T.);
#4479 = ORIENTED_EDGE('',*,*,#4480,.T.);
#4480 = EDGE_CURVE('',#4457,#4481,#4483,.T.);
#4481 = VERTEX_POINT('',#4482);
#4482 = CARTESIAN_POINT('',(142.4,48.17431578065,7.6));
#4483 = LINE('',#4484,#4485);
#4484 = CARTESIAN_POINT('',(142.4,44.82568421935,7.6));
#4485 = VECTOR('',#4486,1.);
#4486 = DIRECTION('',(0.,1.,0.));
#4487 = ORIENTED_EDGE('',*,*,#4488,.F.);
#4488 = EDGE_CURVE('',#4107,#4481,#4489,.T.);
#4489 = LINE('',#4490,#4491);
#4490 = CARTESIAN_POINT('',(142.4,48.17431578065,4.9));
#4491 = VECTOR('',#4492,1.);
#4492 = DIRECTION('',(0.,0.,1.));
#4493 = PLANE('',#4494);
#4494 = AXIS2_PLACEMENT_3D('',#4495,#4496,#4497);
#4495 = CARTESIAN_POINT('',(142.4,44.82568421935,4.9));
#4496 = DIRECTION('',(-1.,0.,0.));
#4497 = DIRECTION('',(0.,1.,0.));
#4498 = ADVANCED_FACE('',(#4499),#4510,.T.);
#4499 = FACE_BOUND('',#4500,.T.);
#4500 = EDGE_LOOP('',(#4501,#4502,#4503,#4509));
#4501 = ORIENTED_EDGE('',*,*,#4106,.T.);
#4502 = ORIENTED_EDGE('',*,*,#4488,.T.);
#4503 = ORIENTED_EDGE('',*,*,#4504,.T.);
#4504 = EDGE_CURVE('',#4481,#4377,#4505,.T.);
#4505 = LINE('',#4506,#4507);
#4506 = CARTESIAN_POINT('',(142.4,48.17431578065,7.6));
#4507 = VECTOR('',#4508,1.);
#4508 = DIRECTION('',(-0.866025403784,0.5,0.));
#4509 = ORIENTED_EDGE('',*,*,#4376,.F.);
#4510 = PLANE('',#4511);
#4511 = AXIS2_PLACEMENT_3D('',#4512,#4513,#4514);
#4512 = CARTESIAN_POINT('',(142.4,48.17431578065,4.9));
#4513 = DIRECTION('',(-0.5,-0.866025403784,0.));
#4514 = DIRECTION('',(-0.866025403784,0.5,0.));
#4515 = ADVANCED_FACE('',(#4516,#4524),#4527,.F.);
#4516 = FACE_BOUND('',#4517,.F.);
#4517 = EDGE_LOOP('',(#4518,#4519,#4520,#4521,#4522,#4523));
#4518 = ORIENTED_EDGE('',*,*,#4360,.T.);
#4519 = ORIENTED_EDGE('',*,*,#4240,.T.);
#4520 = ORIENTED_EDGE('',*,*,#4264,.T.);
#4521 = ORIENTED_EDGE('',*,*,#4288,.T.);
#4522 = ORIENTED_EDGE('',*,*,#4312,.T.);
#4523 = ORIENTED_EDGE('',*,*,#4336,.T.);
#4524 = FACE_BOUND('',#4525,.F.);
#4525 = EDGE_LOOP('',(#4526));
#4526 = ORIENTED_EDGE('',*,*,#4190,.F.);
#4527 = PLANE('',#4528);
#4528 = AXIS2_PLACEMENT_3D('',#4529,#4530,#4531);
#4529 = CARTESIAN_POINT('',(139.5,14.5,7.6));
#4530 = DIRECTION('',(0.,0.,1.));
#4531 = DIRECTION('',(1.,0.,-0.));
#4532 = ADVANCED_FACE('',(#4533,#4541),#4544,.F.);
#4533 = FACE_BOUND('',#4534,.F.);
#4534 = EDGE_LOOP('',(#4535,#4536,#4537,#4538,#4539,#4540));
#4535 = ORIENTED_EDGE('',*,*,#4504,.T.);
#4536 = ORIENTED_EDGE('',*,*,#4384,.T.);
#4537 = ORIENTED_EDGE('',*,*,#4408,.T.);
#4538 = ORIENTED_EDGE('',*,*,#4432,.T.);
#4539 = ORIENTED_EDGE('',*,*,#4456,.T.);
#4540 = ORIENTED_EDGE('',*,*,#4480,.T.);
#4541 = FACE_BOUND('',#4542,.F.);
#4542 = EDGE_LOOP('',(#4543));
#4543 = ORIENTED_EDGE('',*,*,#4215,.F.);
#4544 = PLANE('',#4545);
#4545 = AXIS2_PLACEMENT_3D('',#4546,#4547,#4548);
#4546 = CARTESIAN_POINT('',(139.5,46.5,7.6));
#4547 = DIRECTION('',(0.,0.,1.));
#4548 = DIRECTION('',(1.,0.,-0.));
#4549 = ( GEOMETRIC_REPRESENTATION_CONTEXT(3) 
GLOBAL_UNCERTAINTY_ASSIGNED_CONTEXT((#4553)) 
GLOBAL_UNIT_ASSIGNED_CONTEXT((#4550,#4551,#4552)) REPRESENTATION_CONTEXT
('Context #1','3D Context with UNIT and UNCERTAINTY') );
#4550 = ( LENGTH_UNIT() NAMED_UNIT(*) SI_UNIT(.MILLI.,.METRE.) );
#4551 = ( NAMED_UNIT(*) PLANE_ANGLE_UNIT() SI_UNIT($,.RADIAN.) );
#4552 = ( NAMED_UNIT(*) SI_UNIT($,.STERADIAN.) SOLID_ANGLE_UNIT() );
#4553 = UNCERTAINTY_MEASURE_WITH_UNIT(LENGTH_MEASURE(1.E-07),#4550,
  'distance_accuracy_value','confusion accuracy');
#4554 = PRODUCT_RELATED_PRODUCT_CATEGORY('part',$,(#7));
ENDSEC;
END-ISO-10303-21;
