ISO-10303-21;
HEADER;
FILE_DESCRIPTION(('FreeCAD Model'),'2;1');
FILE_NAME('Open CASCADE Shape Model','2026-09-26T11:04:31',('FreeCAD'),(
    'FreeCAD'),'Open CASCADE STEP processor 7.8','FreeCAD','Unknown');
FILE_SCHEMA(('AUTOMOTIVE_DESIGN { 1 0 10303 214 1 1 1 1 }'));
ENDSEC;
DATA;
#1 = APPLICATION_PROTOCOL_DEFINITION('international standard',
  'automotive_design',2000,#2);
#2 = APPLICATION_CONTEXT(
  'core data for automotive mechanical design processes');
#3 = SHAPE_DEFINITION_REPRESENTATION(#4,#10);
#4 = PRODUCT_DEFINITION_SHAPE('','',#5);
#5 = PRODUCT_DEFINITION('design','',#6,#9);
#6 = PRODUCT_DEFINITION_FORMATION('','',#7);
#7 = PRODUCT('Open CASCADE STEP translator 7.8 37',
  'Open CASCADE STEP translator 7.8 37','',(#8));
#8 = PRODUCT_CONTEXT('',#2,'mechanical');
#9 = PRODUCT_DEFINITION_CONTEXT('part definition',#2,'design');
#10 = SHAPE_REPRESENTATION('',(#11,#15,#1367),#2719);
#11 = AXIS2_PLACEMENT_3D('',#12,#13,#14);
#12 = CARTESIAN_POINT('',(0.,0.,0.));
#13 = DIRECTION('',(0.,0.,1.));
#14 = DIRECTION('',(1.,0.,-0.));
#15 = MANIFOLD_SOLID_BREP('',#16);
#16 = CLOSED_SHELL('',(#17,#57,#99,#145,#180,#297,#377,#402,#427,#452,
    #477,#508,#532,#556,#580,#604,#621,#652,#676,#700,#724,#748,#765,
    #796,#870,#894,#961,#992,#1066,#1140,#1157,#1174,#1191,#1208,#1225,
    #1237,#1262,#1274,#1299,#1324,#1349,#1358));
#17 = ADVANCED_FACE('',(#18),#52,.F.);
#18 = FACE_BOUND('',#19,.T.);
#19 = EDGE_LOOP('',(#20,#30,#38,#46));
#20 = ORIENTED_EDGE('',*,*,#21,.F.);
#21 = EDGE_CURVE('',#22,#24,#26,.T.);
#22 = VERTEX_POINT('',#23);
#23 = CARTESIAN_POINT('',(149.,99.,2.));
#24 = VERTEX_POINT('',#25);
#25 = CARTESIAN_POINT('',(149.,99.,10.));
#26 = LINE('',#27,#28);
#27 = CARTESIAN_POINT('',(149.,99.,2.));
#28 = VECTOR('',#29,1.);
#29 = DIRECTION('',(0.,0.,1.));
#30 = ORIENTED_EDGE('',*,*,#31,.T.);
#31 = EDGE_CURVE('',#22,#32,#34,.T.);
#32 = VERTEX_POINT('',#33);
#33 = CARTESIAN_POINT('',(204.,99.,2.));
#34 = LINE('',#35,#36);
#35 = CARTESIAN_POINT('',(149.,99.,2.));
#36 = VECTOR('',#37,1.);
#37 = DIRECTION('',(1.,-1.110223024625E-16,-0.));
#38 = ORIENTED_EDGE('',*,*,#39,.T.);
#39 = EDGE_CURVE('',#32,#40,#42,.T.);
#40 = VERTEX_POINT('',#41);
#41 = CARTESIAN_POINT('',(204.,99.,10.));
#42 = LINE('',#43,#44);
#43 = CARTESIAN_POINT('',(204.,99.,2.));
#44 = VECTOR('',#45,1.);
#45 = DIRECTION('',(0.,0.,1.));
#46 = ORIENTED_EDGE('',*,*,#47,.F.);
#47 = EDGE_CURVE('',#24,#40,#48,.T.);
#48 = LINE('',#49,#50);
#49 = CARTESIAN_POINT('',(149.,99.,10.));
#50 = VECTOR('',#51,1.);
#51 = DIRECTION('',(1.,-1.110223024625E-16,-0.));
#52 = PLANE('',#53);
#53 = AXIS2_PLACEMENT_3D('',#54,#55,#56);
#54 = CARTESIAN_POINT('',(149.,99.,2.));
#55 = DIRECTION('',(1.110223024625E-16,1.,0.));
#56 = DIRECTION('',(0.,0.,-1.));
#57 = ADVANCED_FACE('',(#58,#83),#94,.F.);
#58 = FACE_BOUND('',#59,.T.);
#59 = EDGE_LOOP('',(#60,#68,#69,#77));
#60 = ORIENTED_EDGE('',*,*,#61,.F.);
#61 = EDGE_CURVE('',#22,#62,#64,.T.);
#62 = VERTEX_POINT('',#63);
#63 = CARTESIAN_POINT('',(149.,111.,2.));
#64 = LINE('',#65,#66);
#65 = CARTESIAN_POINT('',(149.,99.,2.));
#66 = VECTOR('',#67,1.);
#67 = DIRECTION('',(1.110223024625E-16,1.,0.));
#68 = ORIENTED_EDGE('',*,*,#21,.T.);
#69 = ORIENTED_EDGE('',*,*,#70,.T.);
#70 = EDGE_CURVE('',#24,#71,#73,.T.);
#71 = VERTEX_POINT('',#72);
#72 = CARTESIAN_POINT('',(149.,111.,10.));
#73 = LINE('',#74,#75);
#74 = CARTESIAN_POINT('',(149.,99.,10.));
#75 = VECTOR('',#76,1.);
#76 = DIRECTION('',(1.110223024625E-16,1.,0.));
#77 = ORIENTED_EDGE('',*,*,#78,.F.);
#78 = EDGE_CURVE('',#62,#71,#79,.T.);
#79 = LINE('',#80,#81);
#80 = CARTESIAN_POINT('',(149.,111.,2.));
#81 = VECTOR('',#82,1.);
#82 = DIRECTION('',(0.,0.,1.));
#83 = FACE_BOUND('',#84,.T.);
#84 = EDGE_LOOP('',(#85));
#85 = ORIENTED_EDGE('',*,*,#86,.F.);
#86 = EDGE_CURVE('',#87,#87,#89,.T.);
#87 = VERTEX_POINT('',#88);
#88 = CARTESIAN_POINT('',(149.,105.,7.75));
#89 = CIRCLE('',#90,1.75);
#90 = AXIS2_PLACEMENT_3D('',#91,#92,#93);
#91 = CARTESIAN_POINT('',(149.,105.,6.));
#92 = DIRECTION('',(-1.,1.110223024625E-16,0.));
#93 = DIRECTION('',(0.,0.,1.));
#94 = PLANE('',#95);
#95 = AXIS2_PLACEMENT_3D('',#96,#97,#98);
#96 = CARTESIAN_POINT('',(149.,99.,2.));
#97 = DIRECTION('',(1.,-1.110223024625E-16,-0.));
#98 = DIRECTION('',(0.,0.,-1.));
#99 = ADVANCED_FACE('',(#100,#118,#129),#140,.T.);
#100 = FACE_BOUND('',#101,.F.);
#101 = EDGE_LOOP('',(#102,#103,#104,#112));
#102 = ORIENTED_EDGE('',*,*,#47,.F.);
#103 = ORIENTED_EDGE('',*,*,#70,.T.);
#104 = ORIENTED_EDGE('',*,*,#105,.T.);
#105 = EDGE_CURVE('',#71,#106,#108,.T.);
#106 = VERTEX_POINT('',#107);
#107 = CARTESIAN_POINT('',(204.,111.,10.));
#108 = LINE('',#109,#110);
#109 = CARTESIAN_POINT('',(149.,111.,10.));
#110 = VECTOR('',#111,1.);
#111 = DIRECTION('',(1.,-1.110223024625E-16,-0.));
#112 = ORIENTED_EDGE('',*,*,#113,.F.);
#113 = EDGE_CURVE('',#40,#106,#114,.T.);
#114 = LINE('',#115,#116);
#115 = CARTESIAN_POINT('',(204.,99.,10.));
#116 = VECTOR('',#117,1.);
#117 = DIRECTION('',(1.110223024625E-16,1.,0.));
#118 = FACE_BOUND('',#119,.F.);
#119 = EDGE_LOOP('',(#120));
#120 = ORIENTED_EDGE('',*,*,#121,.F.);
#121 = EDGE_CURVE('',#122,#122,#124,.T.);
#122 = VERTEX_POINT('',#123);
#123 = CARTESIAN_POINT('',(160.5,106.75,10.));
#124 = CIRCLE('',#125,1.75);
#125 = AXIS2_PLACEMENT_3D('',#126,#127,#128);
#126 = CARTESIAN_POINT('',(160.5,105.,10.));
#127 = DIRECTION('',(0.,0.,-1.));
#128 = DIRECTION('',(1.110223024625E-16,1.,0.));
#129 = FACE_BOUND('',#130,.F.);
#130 = EDGE_LOOP('',(#131));
#131 = ORIENTED_EDGE('',*,*,#132,.F.);
#132 = EDGE_CURVE('',#133,#133,#135,.T.);
#133 = VERTEX_POINT('',#134);
#134 = CARTESIAN_POINT('',(192.5,106.65,10.));
#135 = CIRCLE('',#136,1.65);
#136 = AXIS2_PLACEMENT_3D('',#137,#138,#139);
#137 = CARTESIAN_POINT('',(192.5,105.,10.));
#138 = DIRECTION('',(0.,0.,-1.));
#139 = DIRECTION('',(1.110223024625E-16,1.,0.));
#140 = PLANE('',#141);
#141 = AXIS2_PLACEMENT_3D('',#142,#143,#144);
#142 = CARTESIAN_POINT('',(149.,99.,10.));
#143 = DIRECTION('',(0.,0.,1.));
#144 = DIRECTION('',(-1.110223024625E-16,-1.,0.));
#145 = ADVANCED_FACE('',(#146,#164),#175,.T.);
#146 = FACE_BOUND('',#147,.F.);
#147 = EDGE_LOOP('',(#148,#156,#157,#158));
#148 = ORIENTED_EDGE('',*,*,#149,.F.);
#149 = EDGE_CURVE('',#32,#150,#152,.T.);
#150 = VERTEX_POINT('',#151);
#151 = CARTESIAN_POINT('',(204.,111.,2.));
#152 = LINE('',#153,#154);
#153 = CARTESIAN_POINT('',(204.,99.,2.));
#154 = VECTOR('',#155,1.);
#155 = DIRECTION('',(1.110223024625E-16,1.,0.));
#156 = ORIENTED_EDGE('',*,*,#39,.T.);
#157 = ORIENTED_EDGE('',*,*,#113,.T.);
#158 = ORIENTED_EDGE('',*,*,#159,.F.);
#159 = EDGE_CURVE('',#150,#106,#160,.T.);
#160 = LINE('',#161,#162);
#161 = CARTESIAN_POINT('',(204.,111.,2.));
#162 = VECTOR('',#163,1.);
#163 = DIRECTION('',(0.,0.,1.));
#164 = FACE_BOUND('',#165,.F.);
#165 = EDGE_LOOP('',(#166));
#166 = ORIENTED_EDGE('',*,*,#167,.F.);
#167 = EDGE_CURVE('',#168,#168,#170,.T.);
#168 = VERTEX_POINT('',#169);
#169 = CARTESIAN_POINT('',(204.,105.,7.75));
#170 = CIRCLE('',#171,1.75);
#171 = AXIS2_PLACEMENT_3D('',#172,#173,#174);
#172 = CARTESIAN_POINT('',(204.,105.,6.));
#173 = DIRECTION('',(-1.,1.110223024625E-16,0.));
#174 = DIRECTION('',(0.,0.,1.));
#175 = PLANE('',#176);
#176 = AXIS2_PLACEMENT_3D('',#177,#178,#179);
#177 = CARTESIAN_POINT('',(204.,99.,2.));
#178 = DIRECTION('',(1.,-1.110223024625E-16,-0.));
#179 = DIRECTION('',(0.,0.,-1.));
#180 = ADVANCED_FACE('',(#181,#192,#242),#292,.F.);
#181 = FACE_BOUND('',#182,.T.);
#182 = EDGE_LOOP('',(#183,#184,#185,#191));
#183 = ORIENTED_EDGE('',*,*,#31,.F.);
#184 = ORIENTED_EDGE('',*,*,#61,.T.);
#185 = ORIENTED_EDGE('',*,*,#186,.T.);
#186 = EDGE_CURVE('',#62,#150,#187,.T.);
#187 = LINE('',#188,#189);
#188 = CARTESIAN_POINT('',(149.,111.,2.));
#189 = VECTOR('',#190,1.);
#190 = DIRECTION('',(1.,-1.110223024625E-16,-0.));
#191 = ORIENTED_EDGE('',*,*,#149,.F.);
#192 = FACE_BOUND('',#193,.T.);
#193 = EDGE_LOOP('',(#194,#204,#212,#220,#228,#236));
#194 = ORIENTED_EDGE('',*,*,#195,.T.);
#195 = EDGE_CURVE('',#196,#198,#200,.T.);
#196 = VERTEX_POINT('',#197);
#197 = CARTESIAN_POINT('',(162.17431578065,102.1,2.));
#198 = VERTEX_POINT('',#199);
#199 = CARTESIAN_POINT('',(163.8486315613,105.,2.));
#200 = LINE('',#201,#202);
#201 = CARTESIAN_POINT('',(160.69351451046,99.53517696412,2.));
#202 = VECTOR('',#203,1.);
#203 = DIRECTION('',(0.5,0.866025403784,0.));
#204 = ORIENTED_EDGE('',*,*,#205,.T.);
#205 = EDGE_CURVE('',#198,#206,#208,.T.);
#206 = VERTEX_POINT('',#207);
#207 = CARTESIAN_POINT('',(162.17431578065,107.9,2.));
#208 = LINE('',#209,#210);
#209 = CARTESIAN_POINT('',(162.45443283148,107.41482303588,2.));
#210 = VECTOR('',#211,1.);
#211 = DIRECTION('',(-0.5,0.866025403784,0.));
#212 = ORIENTED_EDGE('',*,*,#213,.T.);
#213 = EDGE_CURVE('',#206,#214,#216,.T.);
#214 = VERTEX_POINT('',#215);
#215 = CARTESIAN_POINT('',(158.82568421935,107.9,2.));
#216 = LINE('',#217,#218);
#217 = CARTESIAN_POINT('',(153.91284210967,107.9,2.));
#218 = VECTOR('',#219,1.);
#219 = DIRECTION('',(-1.,1.110223024625E-16,0.));
#220 = ORIENTED_EDGE('',*,*,#221,.T.);
#221 = EDGE_CURVE('',#214,#222,#224,.T.);
#222 = VERTEX_POINT('',#223);
#223 = CARTESIAN_POINT('',(157.1513684387,105.,2.));
#224 = LINE('',#225,#226);
#225 = CARTESIAN_POINT('',(154.83340927818,100.98517696412,2.));
#226 = VECTOR('',#227,1.);
#227 = DIRECTION('',(-0.5,-0.866025403784,0.));
#228 = ORIENTED_EDGE('',*,*,#229,.T.);
#229 = EDGE_CURVE('',#222,#230,#232,.T.);
#230 = VERTEX_POINT('',#231);
#231 = CARTESIAN_POINT('',(158.82568421935,102.1,2.));
#232 = LINE('',#233,#234);
#233 = CARTESIAN_POINT('',(158.26864337986,103.06482303588,2.));
#234 = VECTOR('',#235,1.);
#235 = DIRECTION('',(0.5,-0.866025403784,-0.));
#236 = ORIENTED_EDGE('',*,*,#237,.T.);
#237 = EDGE_CURVE('',#230,#196,#238,.T.);
#238 = LINE('',#239,#240);
#239 = CARTESIAN_POINT('',(155.58715789032,102.1,2.));
#240 = VECTOR('',#241,1.);
#241 = DIRECTION('',(1.,-6.414947676718E-16,-0.));
#242 = FACE_BOUND('',#243,.T.);
#243 = EDGE_LOOP('',(#244,#254,#262,#270,#278,#286));
#244 = ORIENTED_EDGE('',*,*,#245,.T.);
#245 = EDGE_CURVE('',#246,#248,#250,.T.);
#246 = VERTEX_POINT('',#247);
#247 = CARTESIAN_POINT('',(194.17431578065,102.1,2.));
#248 = VERTEX_POINT('',#249);
#249 = CARTESIAN_POINT('',(195.8486315613,105.,2.));
#250 = LINE('',#251,#252);
#251 = CARTESIAN_POINT('',(188.69351451046,92.606973733844,2.));
#252 = VECTOR('',#253,1.);
#253 = DIRECTION('',(0.5,0.866025403784,0.));
#254 = ORIENTED_EDGE('',*,*,#255,.T.);
#255 = EDGE_CURVE('',#248,#256,#258,.T.);
#256 = VERTEX_POINT('',#257);
#257 = CARTESIAN_POINT('',(194.17431578065,107.9,2.));
#258 = LINE('',#259,#260);
#259 = CARTESIAN_POINT('',(190.45443283148,114.34302626615,2.));
#260 = VECTOR('',#261,1.);
#261 = DIRECTION('',(-0.5,0.866025403784,0.));
#262 = ORIENTED_EDGE('',*,*,#263,.T.);
#263 = EDGE_CURVE('',#256,#264,#266,.T.);
#264 = VERTEX_POINT('',#265);
#265 = CARTESIAN_POINT('',(190.82568421935,107.9,2.));
#266 = LINE('',#267,#268);
#267 = CARTESIAN_POINT('',(169.91284210967,107.9,2.));
#268 = VECTOR('',#269,1.);
#269 = DIRECTION('',(-1.,1.110223024625E-16,0.));
#270 = ORIENTED_EDGE('',*,*,#271,.T.);
#271 = EDGE_CURVE('',#264,#272,#274,.T.);
#272 = VERTEX_POINT('',#273);
#273 = CARTESIAN_POINT('',(189.1513684387,105.,2.));
#274 = LINE('',#275,#276);
#275 = CARTESIAN_POINT('',(182.83340927818,94.056973733844,2.));
#276 = VECTOR('',#277,1.);
#277 = DIRECTION('',(-0.5,-0.866025403784,0.));
#278 = ORIENTED_EDGE('',*,*,#279,.T.);
#279 = EDGE_CURVE('',#272,#280,#282,.T.);
#280 = VERTEX_POINT('',#281);
#281 = CARTESIAN_POINT('',(190.82568421935,102.1,2.));
#282 = LINE('',#283,#284);
#283 = CARTESIAN_POINT('',(186.26864337986,109.99302626615,2.));
#284 = VECTOR('',#285,1.);
#285 = DIRECTION('',(0.5,-0.866025403784,-0.));
#286 = ORIENTED_EDGE('',*,*,#287,.T.);
#287 = EDGE_CURVE('',#280,#246,#288,.T.);
#288 = LINE('',#289,#290);
#289 = CARTESIAN_POINT('',(171.58715789032,102.1,2.));
#290 = VECTOR('',#291,1.);
#291 = DIRECTION('',(1.,-6.414947676718E-16,-0.));
#292 = PLANE('',#293);
#293 = AXIS2_PLACEMENT_3D('',#294,#295,#296);
#294 = CARTESIAN_POINT('',(149.,99.,2.));
#295 = DIRECTION('',(0.,0.,1.));
#296 = DIRECTION('',(-1.110223024625E-16,-1.,0.));
#297 = ADVANCED_FACE('',(#298,#304,#338),#372,.T.);
#298 = FACE_BOUND('',#299,.F.);
#299 = EDGE_LOOP('',(#300,#301,#302,#303));
#300 = ORIENTED_EDGE('',*,*,#78,.F.);
#301 = ORIENTED_EDGE('',*,*,#186,.T.);
#302 = ORIENTED_EDGE('',*,*,#159,.T.);
#303 = ORIENTED_EDGE('',*,*,#105,.F.);
#304 = FACE_BOUND('',#305,.F.);
#305 = EDGE_LOOP('',(#306,#316,#324,#332));
#306 = ORIENTED_EDGE('',*,*,#307,.T.);
#307 = EDGE_CURVE('',#308,#310,#312,.T.);
#308 = VERTEX_POINT('',#309);
#309 = CARTESIAN_POINT('',(202.8,111.,2.4513684387));
#310 = VERTEX_POINT('',#311);
#311 = CARTESIAN_POINT('',(200.2,111.,2.4513684387));
#312 = LINE('',#313,#314);
#313 = CARTESIAN_POINT('',(174.6,111.,2.4513684387));
#314 = VECTOR('',#315,1.);
#315 = DIRECTION('',(-1.,1.110223024625E-16,0.));
#316 = ORIENTED_EDGE('',*,*,#317,.T.);
#317 = EDGE_CURVE('',#310,#318,#320,.T.);
#318 = VERTEX_POINT('',#319);
#319 = CARTESIAN_POINT('',(200.2,111.,9.5486315613));
#320 = LINE('',#321,#322);
#321 = CARTESIAN_POINT('',(200.2,111.,2.22568421935));
#322 = VECTOR('',#323,1.);
#323 = DIRECTION('',(0.,0.,1.));
#324 = ORIENTED_EDGE('',*,*,#325,.F.);
#325 = EDGE_CURVE('',#326,#318,#328,.T.);
#326 = VERTEX_POINT('',#327);
#327 = CARTESIAN_POINT('',(202.8,111.,9.5486315613));
#328 = LINE('',#329,#330);
#329 = CARTESIAN_POINT('',(174.6,111.,9.5486315613));
#330 = VECTOR('',#331,1.);
#331 = DIRECTION('',(-1.,1.110223024625E-16,0.));
#332 = ORIENTED_EDGE('',*,*,#333,.F.);
#333 = EDGE_CURVE('',#308,#326,#334,.T.);
#334 = LINE('',#335,#336);
#335 = CARTESIAN_POINT('',(202.8,111.,2.22568421935));
#336 = VECTOR('',#337,1.);
#337 = DIRECTION('',(0.,0.,1.));
#338 = FACE_BOUND('',#339,.F.);
#339 = EDGE_LOOP('',(#340,#350,#358,#366));
#340 = ORIENTED_EDGE('',*,*,#341,.T.);
#341 = EDGE_CURVE('',#342,#344,#346,.T.);
#342 = VERTEX_POINT('',#343);
#343 = CARTESIAN_POINT('',(152.8,111.,2.4513684387));
#344 = VERTEX_POINT('',#345);
#345 = CARTESIAN_POINT('',(150.2,111.,2.4513684387));
#346 = LINE('',#347,#348);
#347 = CARTESIAN_POINT('',(149.6,111.,2.4513684387));
#348 = VECTOR('',#349,1.);
#349 = DIRECTION('',(-1.,1.110223024625E-16,0.));
#350 = ORIENTED_EDGE('',*,*,#351,.T.);
#351 = EDGE_CURVE('',#344,#352,#354,.T.);
#352 = VERTEX_POINT('',#353);
#353 = CARTESIAN_POINT('',(150.2,111.,9.5486315613));
#354 = LINE('',#355,#356);
#355 = CARTESIAN_POINT('',(150.2,111.,2.22568421935));
#356 = VECTOR('',#357,1.);
#357 = DIRECTION('',(0.,0.,1.));
#358 = ORIENTED_EDGE('',*,*,#359,.F.);
#359 = EDGE_CURVE('',#360,#352,#362,.T.);
#360 = VERTEX_POINT('',#361);
#361 = CARTESIAN_POINT('',(152.8,111.,9.5486315613));
#362 = LINE('',#363,#364);
#363 = CARTESIAN_POINT('',(149.6,111.,9.5486315613));
#364 = VECTOR('',#365,1.);
#365 = DIRECTION('',(-1.,1.110223024625E-16,0.));
#366 = ORIENTED_EDGE('',*,*,#367,.F.);
#367 = EDGE_CURVE('',#342,#360,#368,.T.);
#368 = LINE('',#369,#370);
#369 = CARTESIAN_POINT('',(152.8,111.,2.22568421935));
#370 = VECTOR('',#371,1.);
#371 = DIRECTION('',(0.,0.,1.));
#372 = PLANE('',#373);
#373 = AXIS2_PLACEMENT_3D('',#374,#375,#376);
#374 = CARTESIAN_POINT('',(149.,111.,2.));
#375 = DIRECTION('',(1.110223024625E-16,1.,0.));
#376 = DIRECTION('',(0.,0.,-1.));
#377 = ADVANCED_FACE('',(#378),#397,.F.);
#378 = FACE_BOUND('',#379,.T.);
#379 = EDGE_LOOP('',(#380,#389,#395,#396));
#380 = ORIENTED_EDGE('',*,*,#381,.F.);
#381 = EDGE_CURVE('',#382,#382,#384,.T.);
#382 = VERTEX_POINT('',#383);
#383 = CARTESIAN_POINT('',(150.2,105.,7.75));
#384 = CIRCLE('',#385,1.75);
#385 = AXIS2_PLACEMENT_3D('',#386,#387,#388);
#386 = CARTESIAN_POINT('',(150.2,105.,6.));
#387 = DIRECTION('',(-1.,1.110223024625E-16,0.));
#388 = DIRECTION('',(0.,0.,1.));
#389 = ORIENTED_EDGE('',*,*,#390,.F.);
#390 = EDGE_CURVE('',#87,#382,#391,.T.);
#391 = LINE('',#392,#393);
#392 = CARTESIAN_POINT('',(148.6,105.,7.75));
#393 = VECTOR('',#394,1.);
#394 = DIRECTION('',(1.,-1.110223024625E-16,-0.));
#395 = ORIENTED_EDGE('',*,*,#86,.T.);
#396 = ORIENTED_EDGE('',*,*,#390,.T.);
#397 = CYLINDRICAL_SURFACE('',#398,1.75);
#398 = AXIS2_PLACEMENT_3D('',#399,#400,#401);
#399 = CARTESIAN_POINT('',(148.6,105.,6.));
#400 = DIRECTION('',(1.,-1.110223024625E-16,-0.));
#401 = DIRECTION('',(0.,0.,1.));
#402 = ADVANCED_FACE('',(#403),#422,.F.);
#403 = FACE_BOUND('',#404,.T.);
#404 = EDGE_LOOP('',(#405,#406,#414,#421));
#405 = ORIENTED_EDGE('',*,*,#121,.F.);
#406 = ORIENTED_EDGE('',*,*,#407,.F.);
#407 = EDGE_CURVE('',#408,#122,#410,.T.);
#408 = VERTEX_POINT('',#409);
#409 = CARTESIAN_POINT('',(160.5,106.75,4.6));
#410 = LINE('',#411,#412);
#411 = CARTESIAN_POINT('',(160.5,106.75,4.4));
#412 = VECTOR('',#413,1.);
#413 = DIRECTION('',(0.,0.,1.));
#414 = ORIENTED_EDGE('',*,*,#415,.T.);
#415 = EDGE_CURVE('',#408,#408,#416,.T.);
#416 = CIRCLE('',#417,1.75);
#417 = AXIS2_PLACEMENT_3D('',#418,#419,#420);
#418 = CARTESIAN_POINT('',(160.5,105.,4.6));
#419 = DIRECTION('',(0.,0.,-1.));
#420 = DIRECTION('',(1.110223024625E-16,1.,0.));
#421 = ORIENTED_EDGE('',*,*,#407,.T.);
#422 = CYLINDRICAL_SURFACE('',#423,1.75);
#423 = AXIS2_PLACEMENT_3D('',#424,#425,#426);
#424 = CARTESIAN_POINT('',(160.5,105.,4.4));
#425 = DIRECTION('',(0.,0.,1.));
#426 = DIRECTION('',(1.110223024625E-16,1.,0.));
#427 = ADVANCED_FACE('',(#428),#447,.F.);
#428 = FACE_BOUND('',#429,.T.);
#429 = EDGE_LOOP('',(#430,#431,#439,#446));
#430 = ORIENTED_EDGE('',*,*,#132,.F.);
#431 = ORIENTED_EDGE('',*,*,#432,.F.);
#432 = EDGE_CURVE('',#433,#133,#435,.T.);
#433 = VERTEX_POINT('',#434);
#434 = CARTESIAN_POINT('',(192.5,106.65,4.6));
#435 = LINE('',#436,#437);
#436 = CARTESIAN_POINT('',(192.5,106.65,4.4));
#437 = VECTOR('',#438,1.);
#438 = DIRECTION('',(0.,0.,1.));
#439 = ORIENTED_EDGE('',*,*,#440,.T.);
#440 = EDGE_CURVE('',#433,#433,#441,.T.);
#441 = CIRCLE('',#442,1.65);
#442 = AXIS2_PLACEMENT_3D('',#443,#444,#445);
#443 = CARTESIAN_POINT('',(192.5,105.,4.6));
#444 = DIRECTION('',(0.,0.,-1.));
#445 = DIRECTION('',(1.110223024625E-16,1.,0.));
#446 = ORIENTED_EDGE('',*,*,#432,.T.);
#447 = CYLINDRICAL_SURFACE('',#448,1.65);
#448 = AXIS2_PLACEMENT_3D('',#449,#450,#451);
#449 = CARTESIAN_POINT('',(192.5,105.,4.4));
#450 = DIRECTION('',(0.,0.,1.));
#451 = DIRECTION('',(1.110223024625E-16,1.,0.));
#452 = ADVANCED_FACE('',(#453),#472,.F.);
#453 = FACE_BOUND('',#454,.T.);
#454 = EDGE_LOOP('',(#455,#456,#464,#471));
#455 = ORIENTED_EDGE('',*,*,#167,.F.);
#456 = ORIENTED_EDGE('',*,*,#457,.F.);
#457 = EDGE_CURVE('',#458,#168,#460,.T.);
#458 = VERTEX_POINT('',#459);
#459 = CARTESIAN_POINT('',(202.8,105.,7.75));
#460 = LINE('',#461,#462);
#461 = CARTESIAN_POINT('',(198.6,105.,7.75));
#462 = VECTOR('',#463,1.);
#463 = DIRECTION('',(1.,-1.110223024625E-16,-0.));
#464 = ORIENTED_EDGE('',*,*,#465,.T.);
#465 = EDGE_CURVE('',#458,#458,#466,.T.);
#466 = CIRCLE('',#467,1.75);
#467 = AXIS2_PLACEMENT_3D('',#468,#469,#470);
#468 = CARTESIAN_POINT('',(202.8,105.,6.));
#469 = DIRECTION('',(-1.,1.110223024625E-16,0.));
#470 = DIRECTION('',(0.,0.,1.));
#471 = ORIENTED_EDGE('',*,*,#457,.T.);
#472 = CYLINDRICAL_SURFACE('',#473,1.75);
#473 = AXIS2_PLACEMENT_3D('',#474,#475,#476);
#474 = CARTESIAN_POINT('',(198.6,105.,6.));
#475 = DIRECTION('',(1.,-1.110223024625E-16,-0.));
#476 = DIRECTION('',(0.,0.,1.));
#477 = ADVANCED_FACE('',(#478),#503,.T.);
#478 = FACE_BOUND('',#479,.F.);
#479 = EDGE_LOOP('',(#480,#481,#489,#497));
#480 = ORIENTED_EDGE('',*,*,#195,.T.);
#481 = ORIENTED_EDGE('',*,*,#482,.T.);
#482 = EDGE_CURVE('',#198,#483,#485,.T.);
#483 = VERTEX_POINT('',#484);
#484 = CARTESIAN_POINT('',(163.8486315613,105.,4.6));
#485 = LINE('',#486,#487);
#486 = CARTESIAN_POINT('',(163.8486315613,105.,1.8));
#487 = VECTOR('',#488,1.);
#488 = DIRECTION('',(0.,0.,1.));
#489 = ORIENTED_EDGE('',*,*,#490,.T.);
#490 = EDGE_CURVE('',#483,#491,#493,.T.);
#491 = VERTEX_POINT('',#492);
#492 = CARTESIAN_POINT('',(162.17431578065,102.1,4.6));
#493 = LINE('',#494,#495);
#494 = CARTESIAN_POINT('',(163.8486315613,105.,4.6));
#495 = VECTOR('',#496,1.);
#496 = DIRECTION('',(-0.5,-0.866025403784,0.));
#497 = ORIENTED_EDGE('',*,*,#498,.F.);
#498 = EDGE_CURVE('',#196,#491,#499,.T.);
#499 = LINE('',#500,#501);
#500 = CARTESIAN_POINT('',(162.17431578065,102.1,1.8));
#501 = VECTOR('',#502,1.);
#502 = DIRECTION('',(0.,0.,1.));
#503 = PLANE('',#504);
#504 = AXIS2_PLACEMENT_3D('',#505,#506,#507);
#505 = CARTESIAN_POINT('',(163.8486315613,105.,1.8));
#506 = DIRECTION('',(-0.866025403784,0.5,0.));
#507 = DIRECTION('',(0.5,0.866025403784,0.));
#508 = ADVANCED_FACE('',(#509),#527,.T.);
#509 = FACE_BOUND('',#510,.F.);
#510 = EDGE_LOOP('',(#511,#512,#513,#521));
#511 = ORIENTED_EDGE('',*,*,#237,.T.);
#512 = ORIENTED_EDGE('',*,*,#498,.T.);
#513 = ORIENTED_EDGE('',*,*,#514,.T.);
#514 = EDGE_CURVE('',#491,#515,#517,.T.);
#515 = VERTEX_POINT('',#516);
#516 = CARTESIAN_POINT('',(158.82568421935,102.1,4.6));
#517 = LINE('',#518,#519);
#518 = CARTESIAN_POINT('',(162.17431578065,102.1,4.6));
#519 = VECTOR('',#520,1.);
#520 = DIRECTION('',(-1.,6.414947676718E-16,0.));
#521 = ORIENTED_EDGE('',*,*,#522,.F.);
#522 = EDGE_CURVE('',#230,#515,#523,.T.);
#523 = LINE('',#524,#525);
#524 = CARTESIAN_POINT('',(158.82568421935,102.1,1.8));
#525 = VECTOR('',#526,1.);
#526 = DIRECTION('',(0.,0.,1.));
#527 = PLANE('',#528);
#528 = AXIS2_PLACEMENT_3D('',#529,#530,#531);
#529 = CARTESIAN_POINT('',(162.17431578065,102.1,1.8));
#530 = DIRECTION('',(6.414947676718E-16,1.,0.));
#531 = DIRECTION('',(1.,-6.414947676718E-16,0.));
#532 = ADVANCED_FACE('',(#533),#551,.T.);
#533 = FACE_BOUND('',#534,.F.);
#534 = EDGE_LOOP('',(#535,#536,#537,#545));
#535 = ORIENTED_EDGE('',*,*,#229,.T.);
#536 = ORIENTED_EDGE('',*,*,#522,.T.);
#537 = ORIENTED_EDGE('',*,*,#538,.T.);
#538 = EDGE_CURVE('',#515,#539,#541,.T.);
#539 = VERTEX_POINT('',#540);
#540 = CARTESIAN_POINT('',(157.1513684387,105.,4.6));
#541 = LINE('',#542,#543);
#542 = CARTESIAN_POINT('',(158.82568421935,102.1,4.6));
#543 = VECTOR('',#544,1.);
#544 = DIRECTION('',(-0.5,0.866025403784,0.));
#545 = ORIENTED_EDGE('',*,*,#546,.F.);
#546 = EDGE_CURVE('',#222,#539,#547,.T.);
#547 = LINE('',#548,#549);
#548 = CARTESIAN_POINT('',(157.1513684387,105.,1.8));
#549 = VECTOR('',#550,1.);
#550 = DIRECTION('',(0.,0.,1.));
#551 = PLANE('',#552);
#552 = AXIS2_PLACEMENT_3D('',#553,#554,#555);
#553 = CARTESIAN_POINT('',(158.82568421935,102.1,1.8));
#554 = DIRECTION('',(0.866025403784,0.5,0.));
#555 = DIRECTION('',(0.5,-0.866025403784,0.));
#556 = ADVANCED_FACE('',(#557),#575,.T.);
#557 = FACE_BOUND('',#558,.F.);
#558 = EDGE_LOOP('',(#559,#560,#561,#569));
#559 = ORIENTED_EDGE('',*,*,#221,.T.);
#560 = ORIENTED_EDGE('',*,*,#546,.T.);
#561 = ORIENTED_EDGE('',*,*,#562,.T.);
#562 = EDGE_CURVE('',#539,#563,#565,.T.);
#563 = VERTEX_POINT('',#564);
#564 = CARTESIAN_POINT('',(158.82568421935,107.9,4.6));
#565 = LINE('',#566,#567);
#566 = CARTESIAN_POINT('',(157.1513684387,105.,4.6));
#567 = VECTOR('',#568,1.);
#568 = DIRECTION('',(0.5,0.866025403784,0.));
#569 = ORIENTED_EDGE('',*,*,#570,.F.);
#570 = EDGE_CURVE('',#214,#563,#571,.T.);
#571 = LINE('',#572,#573);
#572 = CARTESIAN_POINT('',(158.82568421935,107.9,1.8));
#573 = VECTOR('',#574,1.);
#574 = DIRECTION('',(0.,0.,1.));
#575 = PLANE('',#576);
#576 = AXIS2_PLACEMENT_3D('',#577,#578,#579);
#577 = CARTESIAN_POINT('',(157.1513684387,105.,1.8));
#578 = DIRECTION('',(0.866025403784,-0.5,-0.));
#579 = DIRECTION('',(-0.5,-0.866025403784,0.));
#580 = ADVANCED_FACE('',(#581),#599,.T.);
#581 = FACE_BOUND('',#582,.F.);
#582 = EDGE_LOOP('',(#583,#584,#585,#593));
#583 = ORIENTED_EDGE('',*,*,#213,.T.);
#584 = ORIENTED_EDGE('',*,*,#570,.T.);
#585 = ORIENTED_EDGE('',*,*,#586,.T.);
#586 = EDGE_CURVE('',#563,#587,#589,.T.);
#587 = VERTEX_POINT('',#588);
#588 = CARTESIAN_POINT('',(162.17431578065,107.9,4.6));
#589 = LINE('',#590,#591);
#590 = CARTESIAN_POINT('',(158.82568421935,107.9,4.6));
#591 = VECTOR('',#592,1.);
#592 = DIRECTION('',(1.,-1.110223024625E-16,-0.));
#593 = ORIENTED_EDGE('',*,*,#594,.F.);
#594 = EDGE_CURVE('',#206,#587,#595,.T.);
#595 = LINE('',#596,#597);
#596 = CARTESIAN_POINT('',(162.17431578065,107.9,1.8));
#597 = VECTOR('',#598,1.);
#598 = DIRECTION('',(0.,0.,1.));
#599 = PLANE('',#600);
#600 = AXIS2_PLACEMENT_3D('',#601,#602,#603);
#601 = CARTESIAN_POINT('',(158.82568421935,107.9,1.8));
#602 = DIRECTION('',(-1.110223024625E-16,-1.,-0.));
#603 = DIRECTION('',(-1.,1.110223024625E-16,0.));
#604 = ADVANCED_FACE('',(#605),#616,.T.);
#605 = FACE_BOUND('',#606,.F.);
#606 = EDGE_LOOP('',(#607,#608,#609,#615));
#607 = ORIENTED_EDGE('',*,*,#205,.T.);
#608 = ORIENTED_EDGE('',*,*,#594,.T.);
#609 = ORIENTED_EDGE('',*,*,#610,.T.);
#610 = EDGE_CURVE('',#587,#483,#611,.T.);
#611 = LINE('',#612,#613);
#612 = CARTESIAN_POINT('',(162.17431578065,107.9,4.6));
#613 = VECTOR('',#614,1.);
#614 = DIRECTION('',(0.5,-0.866025403784,-0.));
#615 = ORIENTED_EDGE('',*,*,#482,.F.);
#616 = PLANE('',#617);
#617 = AXIS2_PLACEMENT_3D('',#618,#619,#620);
#618 = CARTESIAN_POINT('',(162.17431578065,107.9,1.8));
#619 = DIRECTION('',(-0.866025403784,-0.5,0.));
#620 = DIRECTION('',(-0.5,0.866025403784,0.));
#621 = ADVANCED_FACE('',(#622),#647,.T.);
#622 = FACE_BOUND('',#623,.F.);
#623 = EDGE_LOOP('',(#624,#625,#633,#641));
#624 = ORIENTED_EDGE('',*,*,#245,.T.);
#625 = ORIENTED_EDGE('',*,*,#626,.T.);
#626 = EDGE_CURVE('',#248,#627,#629,.T.);
#627 = VERTEX_POINT('',#628);
#628 = CARTESIAN_POINT('',(195.8486315613,105.,4.6));
#629 = LINE('',#630,#631);
#630 = CARTESIAN_POINT('',(195.8486315613,105.,1.8));
#631 = VECTOR('',#632,1.);
#632 = DIRECTION('',(0.,0.,1.));
#633 = ORIENTED_EDGE('',*,*,#634,.T.);
#634 = EDGE_CURVE('',#627,#635,#637,.T.);
#635 = VERTEX_POINT('',#636);
#636 = CARTESIAN_POINT('',(194.17431578065,102.1,4.6));
#637 = LINE('',#638,#639);
#638 = CARTESIAN_POINT('',(195.8486315613,105.,4.6));
#639 = VECTOR('',#640,1.);
#640 = DIRECTION('',(-0.5,-0.866025403784,0.));
#641 = ORIENTED_EDGE('',*,*,#642,.F.);
#642 = EDGE_CURVE('',#246,#635,#643,.T.);
#643 = LINE('',#644,#645);
#644 = CARTESIAN_POINT('',(194.17431578065,102.1,1.8));
#645 = VECTOR('',#646,1.);
#646 = DIRECTION('',(0.,0.,1.));
#647 = PLANE('',#648);
#648 = AXIS2_PLACEMENT_3D('',#649,#650,#651);
#649 = CARTESIAN_POINT('',(195.8486315613,105.,1.8));
#650 = DIRECTION('',(-0.866025403784,0.5,0.));
#651 = DIRECTION('',(0.5,0.866025403784,0.));
#652 = ADVANCED_FACE('',(#653),#671,.T.);
#653 = FACE_BOUND('',#654,.F.);
#654 = EDGE_LOOP('',(#655,#656,#657,#665));
#655 = ORIENTED_EDGE('',*,*,#287,.T.);
#656 = ORIENTED_EDGE('',*,*,#642,.T.);
#657 = ORIENTED_EDGE('',*,*,#658,.T.);
#658 = EDGE_CURVE('',#635,#659,#661,.T.);
#659 = VERTEX_POINT('',#660);
#660 = CARTESIAN_POINT('',(190.82568421935,102.1,4.6));
#661 = LINE('',#662,#663);
#662 = CARTESIAN_POINT('',(194.17431578065,102.1,4.6));
#663 = VECTOR('',#664,1.);
#664 = DIRECTION('',(-1.,6.414947676718E-16,0.));
#665 = ORIENTED_EDGE('',*,*,#666,.F.);
#666 = EDGE_CURVE('',#280,#659,#667,.T.);
#667 = LINE('',#668,#669);
#668 = CARTESIAN_POINT('',(190.82568421935,102.1,1.8));
#669 = VECTOR('',#670,1.);
#670 = DIRECTION('',(0.,0.,1.));
#671 = PLANE('',#672);
#672 = AXIS2_PLACEMENT_3D('',#673,#674,#675);
#673 = CARTESIAN_POINT('',(194.17431578065,102.1,1.8));
#674 = DIRECTION('',(6.414947676718E-16,1.,0.));
#675 = DIRECTION('',(1.,-6.414947676718E-16,0.));
#676 = ADVANCED_FACE('',(#677),#695,.T.);
#677 = FACE_BOUND('',#678,.F.);
#678 = EDGE_LOOP('',(#679,#680,#688,#694));
#679 = ORIENTED_EDGE('',*,*,#255,.T.);
#680 = ORIENTED_EDGE('',*,*,#681,.T.);
#681 = EDGE_CURVE('',#256,#682,#684,.T.);
#682 = VERTEX_POINT('',#683);
#683 = CARTESIAN_POINT('',(194.17431578065,107.9,4.6));
#684 = LINE('',#685,#686);
#685 = CARTESIAN_POINT('',(194.17431578065,107.9,1.8));
#686 = VECTOR('',#687,1.);
#687 = DIRECTION('',(0.,0.,1.));
#688 = ORIENTED_EDGE('',*,*,#689,.T.);
#689 = EDGE_CURVE('',#682,#627,#690,.T.);
#690 = LINE('',#691,#692);
#691 = CARTESIAN_POINT('',(194.17431578065,107.9,4.6));
#692 = VECTOR('',#693,1.);
#693 = DIRECTION('',(0.5,-0.866025403784,-0.));
#694 = ORIENTED_EDGE('',*,*,#626,.F.);
#695 = PLANE('',#696);
#696 = AXIS2_PLACEMENT_3D('',#697,#698,#699);
#697 = CARTESIAN_POINT('',(194.17431578065,107.9,1.8));
#698 = DIRECTION('',(-0.866025403784,-0.5,0.));
#699 = DIRECTION('',(-0.5,0.866025403784,0.));
#700 = ADVANCED_FACE('',(#701),#719,.T.);
#701 = FACE_BOUND('',#702,.F.);
#702 = EDGE_LOOP('',(#703,#704,#705,#713));
#703 = ORIENTED_EDGE('',*,*,#279,.T.);
#704 = ORIENTED_EDGE('',*,*,#666,.T.);
#705 = ORIENTED_EDGE('',*,*,#706,.T.);
#706 = EDGE_CURVE('',#659,#707,#709,.T.);
#707 = VERTEX_POINT('',#708);
#708 = CARTESIAN_POINT('',(189.1513684387,105.,4.6));
#709 = LINE('',#710,#711);
#710 = CARTESIAN_POINT('',(190.82568421935,102.1,4.6));
#711 = VECTOR('',#712,1.);
#712 = DIRECTION('',(-0.5,0.866025403784,0.));
#713 = ORIENTED_EDGE('',*,*,#714,.F.);
#714 = EDGE_CURVE('',#272,#707,#715,.T.);
#715 = LINE('',#716,#717);
#716 = CARTESIAN_POINT('',(189.1513684387,105.,1.8));
#717 = VECTOR('',#718,1.);
#718 = DIRECTION('',(0.,0.,1.));
#719 = PLANE('',#720);
#720 = AXIS2_PLACEMENT_3D('',#721,#722,#723);
#721 = CARTESIAN_POINT('',(190.82568421935,102.1,1.8));
#722 = DIRECTION('',(0.866025403784,0.5,0.));
#723 = DIRECTION('',(0.5,-0.866025403784,0.));
#724 = ADVANCED_FACE('',(#725),#743,.T.);
#725 = FACE_BOUND('',#726,.F.);
#726 = EDGE_LOOP('',(#727,#728,#736,#742));
#727 = ORIENTED_EDGE('',*,*,#263,.T.);
#728 = ORIENTED_EDGE('',*,*,#729,.T.);
#729 = EDGE_CURVE('',#264,#730,#732,.T.);
#730 = VERTEX_POINT('',#731);
#731 = CARTESIAN_POINT('',(190.82568421935,107.9,4.6));
#732 = LINE('',#733,#734);
#733 = CARTESIAN_POINT('',(190.82568421935,107.9,1.8));
#734 = VECTOR('',#735,1.);
#735 = DIRECTION('',(0.,0.,1.));
#736 = ORIENTED_EDGE('',*,*,#737,.T.);
#737 = EDGE_CURVE('',#730,#682,#738,.T.);
#738 = LINE('',#739,#740);
#739 = CARTESIAN_POINT('',(190.82568421935,107.9,4.6));
#740 = VECTOR('',#741,1.);
#741 = DIRECTION('',(1.,-1.110223024625E-16,-0.));
#742 = ORIENTED_EDGE('',*,*,#681,.F.);
#743 = PLANE('',#744);
#744 = AXIS2_PLACEMENT_3D('',#745,#746,#747);
#745 = CARTESIAN_POINT('',(190.82568421935,107.9,1.8));
#746 = DIRECTION('',(-1.110223024625E-16,-1.,-0.));
#747 = DIRECTION('',(-1.,1.110223024625E-16,0.));
#748 = ADVANCED_FACE('',(#749),#760,.T.);
#749 = FACE_BOUND('',#750,.F.);
#750 = EDGE_LOOP('',(#751,#752,#753,#759));
#751 = ORIENTED_EDGE('',*,*,#271,.T.);
#752 = ORIENTED_EDGE('',*,*,#714,.T.);
#753 = ORIENTED_EDGE('',*,*,#754,.T.);
#754 = EDGE_CURVE('',#707,#730,#755,.T.);
#755 = LINE('',#756,#757);
#756 = CARTESIAN_POINT('',(189.1513684387,105.,4.6));
#757 = VECTOR('',#758,1.);
#758 = DIRECTION('',(0.5,0.866025403784,0.));
#759 = ORIENTED_EDGE('',*,*,#729,.F.);
#760 = PLANE('',#761);
#761 = AXIS2_PLACEMENT_3D('',#762,#763,#764);
#762 = CARTESIAN_POINT('',(189.1513684387,105.,1.8));
#763 = DIRECTION('',(0.866025403784,-0.5,-0.));
#764 = DIRECTION('',(-0.5,-0.866025403784,0.));
#765 = ADVANCED_FACE('',(#766),#791,.T.);
#766 = FACE_BOUND('',#767,.F.);
#767 = EDGE_LOOP('',(#768,#776,#784,#790));
#768 = ORIENTED_EDGE('',*,*,#769,.F.);
#769 = EDGE_CURVE('',#770,#308,#772,.T.);
#770 = VERTEX_POINT('',#771);
#771 = CARTESIAN_POINT('',(202.8,101.4513684387,2.4513684387));
#772 = LINE('',#773,#774);
#773 = CARTESIAN_POINT('',(202.8,101.4513684387,2.4513684387));
#774 = VECTOR('',#775,1.);
#775 = DIRECTION('',(1.110223024625E-16,1.,0.));
#776 = ORIENTED_EDGE('',*,*,#777,.F.);
#777 = EDGE_CURVE('',#778,#770,#780,.T.);
#778 = VERTEX_POINT('',#779);
#779 = CARTESIAN_POINT('',(200.2,101.4513684387,2.4513684387));
#780 = LINE('',#781,#782);
#781 = CARTESIAN_POINT('',(200.2,101.4513684387,2.4513684387));
#782 = VECTOR('',#783,1.);
#783 = DIRECTION('',(1.,-1.110223024625E-16,-0.));
#784 = ORIENTED_EDGE('',*,*,#785,.T.);
#785 = EDGE_CURVE('',#778,#310,#786,.T.);
#786 = LINE('',#787,#788);
#787 = CARTESIAN_POINT('',(200.2,101.4513684387,2.4513684387));
#788 = VECTOR('',#789,1.);
#789 = DIRECTION('',(1.110223024625E-16,1.,0.));
#790 = ORIENTED_EDGE('',*,*,#307,.F.);
#791 = PLANE('',#792);
#792 = AXIS2_PLACEMENT_3D('',#793,#794,#795);
#793 = CARTESIAN_POINT('',(200.2,101.4513684387,2.4513684387));
#794 = DIRECTION('',(0.,0.,1.));
#795 = DIRECTION('',(-1.110223024625E-16,-1.,0.));
#796 = ADVANCED_FACE('',(#797,#815),#865,.F.);
#797 = FACE_BOUND('',#798,.T.);
#798 = EDGE_LOOP('',(#799,#800,#808,#814));
#799 = ORIENTED_EDGE('',*,*,#769,.F.);
#800 = ORIENTED_EDGE('',*,*,#801,.T.);
#801 = EDGE_CURVE('',#770,#802,#804,.T.);
#802 = VERTEX_POINT('',#803);
#803 = CARTESIAN_POINT('',(202.8,101.4513684387,9.5486315613));
#804 = LINE('',#805,#806);
#805 = CARTESIAN_POINT('',(202.8,101.4513684387,2.4513684387));
#806 = VECTOR('',#807,1.);
#807 = DIRECTION('',(0.,0.,1.));
#808 = ORIENTED_EDGE('',*,*,#809,.T.);
#809 = EDGE_CURVE('',#802,#326,#810,.T.);
#810 = LINE('',#811,#812);
#811 = CARTESIAN_POINT('',(202.8,101.4513684387,9.5486315613));
#812 = VECTOR('',#813,1.);
#813 = DIRECTION('',(1.110223024625E-16,1.,0.));
#814 = ORIENTED_EDGE('',*,*,#333,.F.);
#815 = FACE_BOUND('',#816,.T.);
#816 = EDGE_LOOP('',(#817,#827,#835,#843,#851,#859));
#817 = ORIENTED_EDGE('',*,*,#818,.T.);
#818 = EDGE_CURVE('',#819,#821,#823,.T.);
#819 = VERTEX_POINT('',#820);
#820 = CARTESIAN_POINT('',(202.8,107.9,4.32568421935));
#821 = VERTEX_POINT('',#822);
#822 = CARTESIAN_POINT('',(202.8,107.9,7.67431578065));
#823 = LINE('',#824,#825);
#824 = CARTESIAN_POINT('',(202.8,107.9,4.32568421935));
#825 = VECTOR('',#826,1.);
#826 = DIRECTION('',(0.,0.,1.));
#827 = ORIENTED_EDGE('',*,*,#828,.T.);
#828 = EDGE_CURVE('',#821,#829,#831,.T.);
#829 = VERTEX_POINT('',#830);
#830 = CARTESIAN_POINT('',(202.8,105.,9.3486315613));
#831 = LINE('',#832,#833);
#832 = CARTESIAN_POINT('',(202.8,107.9,7.67431578065));
#833 = VECTOR('',#834,1.);
#834 = DIRECTION('',(-9.614813431918E-17,-0.866025403784,0.5));
#835 = ORIENTED_EDGE('',*,*,#836,.T.);
#836 = EDGE_CURVE('',#829,#837,#839,.T.);
#837 = VERTEX_POINT('',#838);
#838 = CARTESIAN_POINT('',(202.8,102.1,7.67431578065));
#839 = LINE('',#840,#841);
#840 = CARTESIAN_POINT('',(202.8,105.,9.3486315613));
#841 = VECTOR('',#842,1.);
#842 = DIRECTION('',(-9.614813431918E-17,-0.866025403784,-0.5));
#843 = ORIENTED_EDGE('',*,*,#844,.T.);
#844 = EDGE_CURVE('',#837,#845,#847,.T.);
#845 = VERTEX_POINT('',#846);
#846 = CARTESIAN_POINT('',(202.8,102.1,4.32568421935));
#847 = LINE('',#848,#849);
#848 = CARTESIAN_POINT('',(202.8,102.1,7.67431578065));
#849 = VECTOR('',#850,1.);
#850 = DIRECTION('',(5.88942744805E-32,5.304724652093E-16,-1.));
#851 = ORIENTED_EDGE('',*,*,#852,.T.);
#852 = EDGE_CURVE('',#845,#853,#855,.T.);
#853 = VERTEX_POINT('',#854);
#854 = CARTESIAN_POINT('',(202.8,105.,2.6513684387));
#855 = LINE('',#856,#857);
#856 = CARTESIAN_POINT('',(202.8,102.1,4.32568421935));
#857 = VECTOR('',#858,1.);
#858 = DIRECTION('',(9.614813431918E-17,0.866025403784,-0.5));
#859 = ORIENTED_EDGE('',*,*,#860,.T.);
#860 = EDGE_CURVE('',#853,#819,#861,.T.);
#861 = LINE('',#862,#863);
#862 = CARTESIAN_POINT('',(202.8,105.,2.6513684387));
#863 = VECTOR('',#864,1.);
#864 = DIRECTION('',(9.614813431918E-17,0.866025403784,0.5));
#865 = PLANE('',#866);
#866 = AXIS2_PLACEMENT_3D('',#867,#868,#869);
#867 = CARTESIAN_POINT('',(202.8,101.4513684387,2.4513684387));
#868 = DIRECTION('',(1.,-1.110223024625E-16,-0.));
#869 = DIRECTION('',(0.,0.,-1.));
#870 = ADVANCED_FACE('',(#871),#889,.F.);
#871 = FACE_BOUND('',#872,.T.);
#872 = EDGE_LOOP('',(#873,#874,#882,#888));
#873 = ORIENTED_EDGE('',*,*,#809,.F.);
#874 = ORIENTED_EDGE('',*,*,#875,.F.);
#875 = EDGE_CURVE('',#876,#802,#878,.T.);
#876 = VERTEX_POINT('',#877);
#877 = CARTESIAN_POINT('',(200.2,101.4513684387,9.5486315613));
#878 = LINE('',#879,#880);
#879 = CARTESIAN_POINT('',(200.2,101.4513684387,9.5486315613));
#880 = VECTOR('',#881,1.);
#881 = DIRECTION('',(1.,-1.110223024625E-16,-0.));
#882 = ORIENTED_EDGE('',*,*,#883,.T.);
#883 = EDGE_CURVE('',#876,#318,#884,.T.);
#884 = LINE('',#885,#886);
#885 = CARTESIAN_POINT('',(200.2,101.4513684387,9.5486315613));
#886 = VECTOR('',#887,1.);
#887 = DIRECTION('',(1.110223024625E-16,1.,0.));
#888 = ORIENTED_EDGE('',*,*,#325,.F.);
#889 = PLANE('',#890);
#890 = AXIS2_PLACEMENT_3D('',#891,#892,#893);
#891 = CARTESIAN_POINT('',(200.2,101.4513684387,9.5486315613));
#892 = DIRECTION('',(0.,0.,1.));
#893 = DIRECTION('',(-1.110223024625E-16,-1.,0.));
#894 = ADVANCED_FACE('',(#895,#906),#956,.T.);
#895 = FACE_BOUND('',#896,.F.);
#896 = EDGE_LOOP('',(#897,#898,#904,#905));
#897 = ORIENTED_EDGE('',*,*,#785,.F.);
#898 = ORIENTED_EDGE('',*,*,#899,.T.);
#899 = EDGE_CURVE('',#778,#876,#900,.T.);
#900 = LINE('',#901,#902);
#901 = CARTESIAN_POINT('',(200.2,101.4513684387,2.4513684387));
#902 = VECTOR('',#903,1.);
#903 = DIRECTION('',(0.,0.,1.));
#904 = ORIENTED_EDGE('',*,*,#883,.T.);
#905 = ORIENTED_EDGE('',*,*,#317,.F.);
#906 = FACE_BOUND('',#907,.F.);
#907 = EDGE_LOOP('',(#908,#918,#926,#934,#942,#950));
#908 = ORIENTED_EDGE('',*,*,#909,.T.);
#909 = EDGE_CURVE('',#910,#912,#914,.T.);
#910 = VERTEX_POINT('',#911);
#911 = CARTESIAN_POINT('',(200.2,107.9,4.32568421935));
#912 = VERTEX_POINT('',#913);
#913 = CARTESIAN_POINT('',(200.2,107.9,7.67431578065));
#914 = LINE('',#915,#916);
#915 = CARTESIAN_POINT('',(200.2,107.9,4.32568421935));
#916 = VECTOR('',#917,1.);
#917 = DIRECTION('',(0.,0.,1.));
#918 = ORIENTED_EDGE('',*,*,#919,.T.);
#919 = EDGE_CURVE('',#912,#920,#922,.T.);
#920 = VERTEX_POINT('',#921);
#921 = CARTESIAN_POINT('',(200.2,105.,9.3486315613));
#922 = LINE('',#923,#924);
#923 = CARTESIAN_POINT('',(200.2,107.9,7.67431578065));
#924 = VECTOR('',#925,1.);
#925 = DIRECTION('',(-9.614813431918E-17,-0.866025403784,0.5));
#926 = ORIENTED_EDGE('',*,*,#927,.T.);
#927 = EDGE_CURVE('',#920,#928,#930,.T.);
#928 = VERTEX_POINT('',#929);
#929 = CARTESIAN_POINT('',(200.2,102.1,7.67431578065));
#930 = LINE('',#931,#932);
#931 = CARTESIAN_POINT('',(200.2,105.,9.3486315613));
#932 = VECTOR('',#933,1.);
#933 = DIRECTION('',(-9.614813431918E-17,-0.866025403784,-0.5));
#934 = ORIENTED_EDGE('',*,*,#935,.T.);
#935 = EDGE_CURVE('',#928,#936,#938,.T.);
#936 = VERTEX_POINT('',#937);
#937 = CARTESIAN_POINT('',(200.2,102.1,4.32568421935));
#938 = LINE('',#939,#940);
#939 = CARTESIAN_POINT('',(200.2,102.1,7.67431578065));
#940 = VECTOR('',#941,1.);
#941 = DIRECTION('',(5.88942744805E-32,5.304724652093E-16,-1.));
#942 = ORIENTED_EDGE('',*,*,#943,.T.);
#943 = EDGE_CURVE('',#936,#944,#946,.T.);
#944 = VERTEX_POINT('',#945);
#945 = CARTESIAN_POINT('',(200.2,105.,2.6513684387));
#946 = LINE('',#947,#948);
#947 = CARTESIAN_POINT('',(200.2,102.1,4.32568421935));
#948 = VECTOR('',#949,1.);
#949 = DIRECTION('',(9.614813431918E-17,0.866025403784,-0.5));
#950 = ORIENTED_EDGE('',*,*,#951,.T.);
#951 = EDGE_CURVE('',#944,#910,#952,.T.);
#952 = LINE('',#953,#954);
#953 = CARTESIAN_POINT('',(200.2,105.,2.6513684387));
#954 = VECTOR('',#955,1.);
#955 = DIRECTION('',(9.614813431918E-17,0.866025403784,0.5));
#956 = PLANE('',#957);
#957 = AXIS2_PLACEMENT_3D('',#958,#959,#960);
#958 = CARTESIAN_POINT('',(200.2,101.4513684387,2.4513684387));
#959 = DIRECTION('',(1.,-1.110223024625E-16,-0.));
#960 = DIRECTION('',(0.,0.,-1.));
#961 = ADVANCED_FACE('',(#962),#987,.T.);
#962 = FACE_BOUND('',#963,.F.);
#963 = EDGE_LOOP('',(#964,#972,#980,#986));
#964 = ORIENTED_EDGE('',*,*,#965,.F.);
#965 = EDGE_CURVE('',#966,#342,#968,.T.);
#966 = VERTEX_POINT('',#967);
#967 = CARTESIAN_POINT('',(152.8,101.4513684387,2.4513684387));
#968 = LINE('',#969,#970);
#969 = CARTESIAN_POINT('',(152.8,101.4513684387,2.4513684387));
#970 = VECTOR('',#971,1.);
#971 = DIRECTION('',(1.110223024625E-16,1.,0.));
#972 = ORIENTED_EDGE('',*,*,#973,.F.);
#973 = EDGE_CURVE('',#974,#966,#976,.T.);
#974 = VERTEX_POINT('',#975);
#975 = CARTESIAN_POINT('',(150.2,101.4513684387,2.4513684387));
#976 = LINE('',#977,#978);
#977 = CARTESIAN_POINT('',(150.2,101.4513684387,2.4513684387));
#978 = VECTOR('',#979,1.);
#979 = DIRECTION('',(1.,-1.110223024625E-16,-0.));
#980 = ORIENTED_EDGE('',*,*,#981,.T.);
#981 = EDGE_CURVE('',#974,#344,#982,.T.);
#982 = LINE('',#983,#984);
#983 = CARTESIAN_POINT('',(150.2,101.4513684387,2.4513684387));
#984 = VECTOR('',#985,1.);
#985 = DIRECTION('',(1.110223024625E-16,1.,0.));
#986 = ORIENTED_EDGE('',*,*,#341,.F.);
#987 = PLANE('',#988);
#988 = AXIS2_PLACEMENT_3D('',#989,#990,#991);
#989 = CARTESIAN_POINT('',(150.2,101.4513684387,2.4513684387));
#990 = DIRECTION('',(0.,0.,1.));
#991 = DIRECTION('',(-1.110223024625E-16,-1.,0.));
#992 = ADVANCED_FACE('',(#993,#1011),#1061,.F.);
#993 = FACE_BOUND('',#994,.T.);
#994 = EDGE_LOOP('',(#995,#996,#1004,#1010));
#995 = ORIENTED_EDGE('',*,*,#965,.F.);
#996 = ORIENTED_EDGE('',*,*,#997,.T.);
#997 = EDGE_CURVE('',#966,#998,#1000,.T.);
#998 = VERTEX_POINT('',#999);
#999 = CARTESIAN_POINT('',(152.8,101.4513684387,9.5486315613));
#1000 = LINE('',#1001,#1002);
#1001 = CARTESIAN_POINT('',(152.8,101.4513684387,2.4513684387));
#1002 = VECTOR('',#1003,1.);
#1003 = DIRECTION('',(0.,0.,1.));
#1004 = ORIENTED_EDGE('',*,*,#1005,.T.);
#1005 = EDGE_CURVE('',#998,#360,#1006,.T.);
#1006 = LINE('',#1007,#1008);
#1007 = CARTESIAN_POINT('',(152.8,101.4513684387,9.5486315613));
#1008 = VECTOR('',#1009,1.);
#1009 = DIRECTION('',(1.110223024625E-16,1.,0.));
#1010 = ORIENTED_EDGE('',*,*,#367,.F.);
#1011 = FACE_BOUND('',#1012,.T.);
#1012 = EDGE_LOOP('',(#1013,#1023,#1031,#1039,#1047,#1055));
#1013 = ORIENTED_EDGE('',*,*,#1014,.T.);
#1014 = EDGE_CURVE('',#1015,#1017,#1019,.T.);
#1015 = VERTEX_POINT('',#1016);
#1016 = CARTESIAN_POINT('',(152.8,107.9,4.32568421935));
#1017 = VERTEX_POINT('',#1018);
#1018 = CARTESIAN_POINT('',(152.8,107.9,7.67431578065));
#1019 = LINE('',#1020,#1021);
#1020 = CARTESIAN_POINT('',(152.8,107.9,4.32568421935));
#1021 = VECTOR('',#1022,1.);
#1022 = DIRECTION('',(0.,0.,1.));
#1023 = ORIENTED_EDGE('',*,*,#1024,.T.);
#1024 = EDGE_CURVE('',#1017,#1025,#1027,.T.);
#1025 = VERTEX_POINT('',#1026);
#1026 = CARTESIAN_POINT('',(152.8,105.,9.3486315613));
#1027 = LINE('',#1028,#1029);
#1028 = CARTESIAN_POINT('',(152.8,107.9,7.67431578065));
#1029 = VECTOR('',#1030,1.);
#1030 = DIRECTION('',(-9.614813431918E-17,-0.866025403784,0.5));
#1031 = ORIENTED_EDGE('',*,*,#1032,.T.);
#1032 = EDGE_CURVE('',#1025,#1033,#1035,.T.);
#1033 = VERTEX_POINT('',#1034);
#1034 = CARTESIAN_POINT('',(152.8,102.1,7.67431578065));
#1035 = LINE('',#1036,#1037);
#1036 = CARTESIAN_POINT('',(152.8,105.,9.3486315613));
#1037 = VECTOR('',#1038,1.);
#1038 = DIRECTION('',(-9.614813431918E-17,-0.866025403784,-0.5));
#1039 = ORIENTED_EDGE('',*,*,#1040,.T.);
#1040 = EDGE_CURVE('',#1033,#1041,#1043,.T.);
#1041 = VERTEX_POINT('',#1042);
#1042 = CARTESIAN_POINT('',(152.8,102.1,4.32568421935));
#1043 = LINE('',#1044,#1045);
#1044 = CARTESIAN_POINT('',(152.8,102.1,7.67431578065));
#1045 = VECTOR('',#1046,1.);
#1046 = DIRECTION('',(5.88942744805E-32,5.304724652093E-16,-1.));
#1047 = ORIENTED_EDGE('',*,*,#1048,.T.);
#1048 = EDGE_CURVE('',#1041,#1049,#1051,.T.);
#1049 = VERTEX_POINT('',#1050);
#1050 = CARTESIAN_POINT('',(152.8,105.,2.6513684387));
#1051 = LINE('',#1052,#1053);
#1052 = CARTESIAN_POINT('',(152.8,102.1,4.32568421935));
#1053 = VECTOR('',#1054,1.);
#1054 = DIRECTION('',(9.614813431918E-17,0.866025403784,-0.5));
#1055 = ORIENTED_EDGE('',*,*,#1056,.T.);
#1056 = EDGE_CURVE('',#1049,#1015,#1057,.T.);
#1057 = LINE('',#1058,#1059);
#1058 = CARTESIAN_POINT('',(152.8,105.,2.6513684387));
#1059 = VECTOR('',#1060,1.);
#1060 = DIRECTION('',(9.614813431918E-17,0.866025403784,0.5));
#1061 = PLANE('',#1062);
#1062 = AXIS2_PLACEMENT_3D('',#1063,#1064,#1065);
#1063 = CARTESIAN_POINT('',(152.8,101.4513684387,2.4513684387));
#1064 = DIRECTION('',(1.,-1.110223024625E-16,-0.));
#1065 = DIRECTION('',(0.,0.,-1.));
#1066 = ADVANCED_FACE('',(#1067,#1085),#1135,.T.);
#1067 = FACE_BOUND('',#1068,.F.);
#1068 = EDGE_LOOP('',(#1069,#1070,#1078,#1084));
#1069 = ORIENTED_EDGE('',*,*,#981,.F.);
#1070 = ORIENTED_EDGE('',*,*,#1071,.T.);
#1071 = EDGE_CURVE('',#974,#1072,#1074,.T.);
#1072 = VERTEX_POINT('',#1073);
#1073 = CARTESIAN_POINT('',(150.2,101.4513684387,9.5486315613));
#1074 = LINE('',#1075,#1076);
#1075 = CARTESIAN_POINT('',(150.2,101.4513684387,2.4513684387));
#1076 = VECTOR('',#1077,1.);
#1077 = DIRECTION('',(0.,0.,1.));
#1078 = ORIENTED_EDGE('',*,*,#1079,.T.);
#1079 = EDGE_CURVE('',#1072,#352,#1080,.T.);
#1080 = LINE('',#1081,#1082);
#1081 = CARTESIAN_POINT('',(150.2,101.4513684387,9.5486315613));
#1082 = VECTOR('',#1083,1.);
#1083 = DIRECTION('',(1.110223024625E-16,1.,0.));
#1084 = ORIENTED_EDGE('',*,*,#351,.F.);
#1085 = FACE_BOUND('',#1086,.F.);
#1086 = EDGE_LOOP('',(#1087,#1097,#1105,#1113,#1121,#1129));
#1087 = ORIENTED_EDGE('',*,*,#1088,.T.);
#1088 = EDGE_CURVE('',#1089,#1091,#1093,.T.);
#1089 = VERTEX_POINT('',#1090);
#1090 = CARTESIAN_POINT('',(150.2,107.9,4.32568421935));
#1091 = VERTEX_POINT('',#1092);
#1092 = CARTESIAN_POINT('',(150.2,107.9,7.67431578065));
#1093 = LINE('',#1094,#1095);
#1094 = CARTESIAN_POINT('',(150.2,107.9,4.32568421935));
#1095 = VECTOR('',#1096,1.);
#1096 = DIRECTION('',(0.,0.,1.));
#1097 = ORIENTED_EDGE('',*,*,#1098,.T.);
#1098 = EDGE_CURVE('',#1091,#1099,#1101,.T.);
#1099 = VERTEX_POINT('',#1100);
#1100 = CARTESIAN_POINT('',(150.2,105.,9.3486315613));
#1101 = LINE('',#1102,#1103);
#1102 = CARTESIAN_POINT('',(150.2,107.9,7.67431578065));
#1103 = VECTOR('',#1104,1.);
#1104 = DIRECTION('',(-9.614813431918E-17,-0.866025403784,0.5));
#1105 = ORIENTED_EDGE('',*,*,#1106,.T.);
#1106 = EDGE_CURVE('',#1099,#1107,#1109,.T.);
#1107 = VERTEX_POINT('',#1108);
#1108 = CARTESIAN_POINT('',(150.2,102.1,7.67431578065));
#1109 = LINE('',#1110,#1111);
#1110 = CARTESIAN_POINT('',(150.2,105.,9.3486315613));
#1111 = VECTOR('',#1112,1.);
#1112 = DIRECTION('',(-9.614813431918E-17,-0.866025403784,-0.5));
#1113 = ORIENTED_EDGE('',*,*,#1114,.T.);
#1114 = EDGE_CURVE('',#1107,#1115,#1117,.T.);
#1115 = VERTEX_POINT('',#1116);
#1116 = CARTESIAN_POINT('',(150.2,102.1,4.32568421935));
#1117 = LINE('',#1118,#1119);
#1118 = CARTESIAN_POINT('',(150.2,102.1,7.67431578065));
#1119 = VECTOR('',#1120,1.);
#1120 = DIRECTION('',(5.88942744805E-32,5.304724652093E-16,-1.));
#1121 = ORIENTED_EDGE('',*,*,#1122,.T.);
#1122 = EDGE_CURVE('',#1115,#1123,#1125,.T.);
#1123 = VERTEX_POINT('',#1124);
#1124 = CARTESIAN_POINT('',(150.2,105.,2.6513684387));
#1125 = LINE('',#1126,#1127);
#1126 = CARTESIAN_POINT('',(150.2,102.1,4.32568421935));
#1127 = VECTOR('',#1128,1.);
#1128 = DIRECTION('',(9.614813431918E-17,0.866025403784,-0.5));
#1129 = ORIENTED_EDGE('',*,*,#1130,.T.);
#1130 = EDGE_CURVE('',#1123,#1089,#1131,.T.);
#1131 = LINE('',#1132,#1133);
#1132 = CARTESIAN_POINT('',(150.2,105.,2.6513684387));
#1133 = VECTOR('',#1134,1.);
#1134 = DIRECTION('',(9.614813431918E-17,0.866025403784,0.5));
#1135 = PLANE('',#1136);
#1136 = AXIS2_PLACEMENT_3D('',#1137,#1138,#1139);
#1137 = CARTESIAN_POINT('',(150.2,101.4513684387,2.4513684387));
#1138 = DIRECTION('',(1.,-1.110223024625E-16,-0.));
#1139 = DIRECTION('',(0.,0.,-1.));
#1140 = ADVANCED_FACE('',(#1141),#1152,.F.);
#1141 = FACE_BOUND('',#1142,.T.);
#1142 = EDGE_LOOP('',(#1143,#1144,#1150,#1151));
#1143 = ORIENTED_EDGE('',*,*,#1005,.F.);
#1144 = ORIENTED_EDGE('',*,*,#1145,.F.);
#1145 = EDGE_CURVE('',#1072,#998,#1146,.T.);
#1146 = LINE('',#1147,#1148);
#1147 = CARTESIAN_POINT('',(150.2,101.4513684387,9.5486315613));
#1148 = VECTOR('',#1149,1.);
#1149 = DIRECTION('',(1.,-1.110223024625E-16,-0.));
#1150 = ORIENTED_EDGE('',*,*,#1079,.T.);
#1151 = ORIENTED_EDGE('',*,*,#359,.F.);
#1152 = PLANE('',#1153);
#1153 = AXIS2_PLACEMENT_3D('',#1154,#1155,#1156);
#1154 = CARTESIAN_POINT('',(150.2,101.4513684387,9.5486315613));
#1155 = DIRECTION('',(0.,0.,1.));
#1156 = DIRECTION('',(-1.110223024625E-16,-1.,0.));
#1157 = ADVANCED_FACE('',(#1158,#1166),#1169,.F.);
#1158 = FACE_BOUND('',#1159,.T.);
#1159 = EDGE_LOOP('',(#1160,#1161,#1162,#1163,#1164,#1165));
#1160 = ORIENTED_EDGE('',*,*,#1098,.T.);
#1161 = ORIENTED_EDGE('',*,*,#1106,.T.);
#1162 = ORIENTED_EDGE('',*,*,#1114,.T.);
#1163 = ORIENTED_EDGE('',*,*,#1122,.T.);
#1164 = ORIENTED_EDGE('',*,*,#1130,.T.);
#1165 = ORIENTED_EDGE('',*,*,#1088,.T.);
#1166 = FACE_BOUND('',#1167,.T.);
#1167 = EDGE_LOOP('',(#1168));
#1168 = ORIENTED_EDGE('',*,*,#381,.T.);
#1169 = PLANE('',#1170);
#1170 = AXIS2_PLACEMENT_3D('',#1171,#1172,#1173);
#1171 = CARTESIAN_POINT('',(150.2,105.,6.));
#1172 = DIRECTION('',(-1.,1.110223024625E-16,0.));
#1173 = DIRECTION('',(0.,0.,1.));
#1174 = ADVANCED_FACE('',(#1175,#1183),#1186,.F.);
#1175 = FACE_BOUND('',#1176,.T.);
#1176 = EDGE_LOOP('',(#1177,#1178,#1179,#1180,#1181,#1182));
#1177 = ORIENTED_EDGE('',*,*,#610,.T.);
#1178 = ORIENTED_EDGE('',*,*,#490,.T.);
#1179 = ORIENTED_EDGE('',*,*,#514,.T.);
#1180 = ORIENTED_EDGE('',*,*,#538,.T.);
#1181 = ORIENTED_EDGE('',*,*,#562,.T.);
#1182 = ORIENTED_EDGE('',*,*,#586,.T.);
#1183 = FACE_BOUND('',#1184,.T.);
#1184 = EDGE_LOOP('',(#1185));
#1185 = ORIENTED_EDGE('',*,*,#415,.F.);
#1186 = PLANE('',#1187);
#1187 = AXIS2_PLACEMENT_3D('',#1188,#1189,#1190);
#1188 = CARTESIAN_POINT('',(160.5,105.,4.6));
#1189 = DIRECTION('',(0.,0.,1.));
#1190 = DIRECTION('',(-1.110223024625E-16,-1.,0.));
#1191 = ADVANCED_FACE('',(#1192,#1200),#1203,.F.);
#1192 = FACE_BOUND('',#1193,.T.);
#1193 = EDGE_LOOP('',(#1194,#1195,#1196,#1197,#1198,#1199));
#1194 = ORIENTED_EDGE('',*,*,#689,.T.);
#1195 = ORIENTED_EDGE('',*,*,#634,.T.);
#1196 = ORIENTED_EDGE('',*,*,#658,.T.);
#1197 = ORIENTED_EDGE('',*,*,#706,.T.);
#1198 = ORIENTED_EDGE('',*,*,#754,.T.);
#1199 = ORIENTED_EDGE('',*,*,#737,.T.);
#1200 = FACE_BOUND('',#1201,.T.);
#1201 = EDGE_LOOP('',(#1202));
#1202 = ORIENTED_EDGE('',*,*,#440,.F.);
#1203 = PLANE('',#1204);
#1204 = AXIS2_PLACEMENT_3D('',#1205,#1206,#1207);
#1205 = CARTESIAN_POINT('',(192.5,105.,4.6));
#1206 = DIRECTION('',(0.,0.,1.));
#1207 = DIRECTION('',(-1.110223024625E-16,-1.,0.));
#1208 = ADVANCED_FACE('',(#1209,#1217),#1220,.T.);
#1209 = FACE_BOUND('',#1210,.F.);
#1210 = EDGE_LOOP('',(#1211,#1212,#1213,#1214,#1215,#1216));
#1211 = ORIENTED_EDGE('',*,*,#828,.T.);
#1212 = ORIENTED_EDGE('',*,*,#836,.T.);
#1213 = ORIENTED_EDGE('',*,*,#844,.T.);
#1214 = ORIENTED_EDGE('',*,*,#852,.T.);
#1215 = ORIENTED_EDGE('',*,*,#860,.T.);
#1216 = ORIENTED_EDGE('',*,*,#818,.T.);
#1217 = FACE_BOUND('',#1218,.F.);
#1218 = EDGE_LOOP('',(#1219));
#1219 = ORIENTED_EDGE('',*,*,#465,.T.);
#1220 = PLANE('',#1221);
#1221 = AXIS2_PLACEMENT_3D('',#1222,#1223,#1224);
#1222 = CARTESIAN_POINT('',(202.8,105.,6.));
#1223 = DIRECTION('',(-1.,1.110223024625E-16,0.));
#1224 = DIRECTION('',(0.,0.,1.));
#1225 = ADVANCED_FACE('',(#1226),#1232,.T.);
#1226 = FACE_BOUND('',#1227,.F.);
#1227 = EDGE_LOOP('',(#1228,#1229,#1230,#1231));
#1228 = ORIENTED_EDGE('',*,*,#899,.F.);
#1229 = ORIENTED_EDGE('',*,*,#777,.T.);
#1230 = ORIENTED_EDGE('',*,*,#801,.T.);
#1231 = ORIENTED_EDGE('',*,*,#875,.F.);
#1232 = PLANE('',#1233);
#1233 = AXIS2_PLACEMENT_3D('',#1234,#1235,#1236);
#1234 = CARTESIAN_POINT('',(200.2,101.4513684387,2.4513684387));
#1235 = DIRECTION('',(1.110223024625E-16,1.,0.));
#1236 = DIRECTION('',(0.,0.,-1.));
#1237 = ADVANCED_FACE('',(#1238,#1246),#1257,.F.);
#1238 = FACE_BOUND('',#1239,.T.);
#1239 = EDGE_LOOP('',(#1240,#1241,#1242,#1243,#1244,#1245));
#1240 = ORIENTED_EDGE('',*,*,#919,.T.);
#1241 = ORIENTED_EDGE('',*,*,#927,.T.);
#1242 = ORIENTED_EDGE('',*,*,#935,.T.);
#1243 = ORIENTED_EDGE('',*,*,#943,.T.);
#1244 = ORIENTED_EDGE('',*,*,#951,.T.);
#1245 = ORIENTED_EDGE('',*,*,#909,.T.);
#1246 = FACE_BOUND('',#1247,.T.);
#1247 = EDGE_LOOP('',(#1248));
#1248 = ORIENTED_EDGE('',*,*,#1249,.T.);
#1249 = EDGE_CURVE('',#1250,#1250,#1252,.T.);
#1250 = VERTEX_POINT('',#1251);
#1251 = CARTESIAN_POINT('',(200.2,105.,7.75));
#1252 = CIRCLE('',#1253,1.75);
#1253 = AXIS2_PLACEMENT_3D('',#1254,#1255,#1256);
#1254 = CARTESIAN_POINT('',(200.2,105.,6.));
#1255 = DIRECTION('',(-1.,1.110223024625E-16,0.));
#1256 = DIRECTION('',(0.,0.,1.));
#1257 = PLANE('',#1258);
#1258 = AXIS2_PLACEMENT_3D('',#1259,#1260,#1261);
#1259 = CARTESIAN_POINT('',(200.2,105.,6.));
#1260 = DIRECTION('',(-1.,1.110223024625E-16,0.));
#1261 = DIRECTION('',(0.,0.,1.));
#1262 = ADVANCED_FACE('',(#1263),#1269,.T.);
#1263 = FACE_BOUND('',#1264,.F.);
#1264 = EDGE_LOOP('',(#1265,#1266,#1267,#1268));
#1265 = ORIENTED_EDGE('',*,*,#1071,.F.);
#1266 = ORIENTED_EDGE('',*,*,#973,.T.);
#1267 = ORIENTED_EDGE('',*,*,#997,.T.);
#1268 = ORIENTED_EDGE('',*,*,#1145,.F.);
#1269 = PLANE('',#1270);
#1270 = AXIS2_PLACEMENT_3D('',#1271,#1272,#1273);
#1271 = CARTESIAN_POINT('',(150.2,101.4513684387,2.4513684387));
#1272 = DIRECTION('',(1.110223024625E-16,1.,0.));
#1273 = DIRECTION('',(0.,0.,-1.));
#1274 = ADVANCED_FACE('',(#1275,#1283),#1294,.T.);
#1275 = FACE_BOUND('',#1276,.F.);
#1276 = EDGE_LOOP('',(#1277,#1278,#1279,#1280,#1281,#1282));
#1277 = ORIENTED_EDGE('',*,*,#1024,.T.);
#1278 = ORIENTED_EDGE('',*,*,#1032,.T.);
#1279 = ORIENTED_EDGE('',*,*,#1040,.T.);
#1280 = ORIENTED_EDGE('',*,*,#1048,.T.);
#1281 = ORIENTED_EDGE('',*,*,#1056,.T.);
#1282 = ORIENTED_EDGE('',*,*,#1014,.T.);
#1283 = FACE_BOUND('',#1284,.F.);
#1284 = EDGE_LOOP('',(#1285));
#1285 = ORIENTED_EDGE('',*,*,#1286,.T.);
#1286 = EDGE_CURVE('',#1287,#1287,#1289,.T.);
#1287 = VERTEX_POINT('',#1288);
#1288 = CARTESIAN_POINT('',(152.8,105.,7.75));
#1289 = CIRCLE('',#1290,1.75);
#1290 = AXIS2_PLACEMENT_3D('',#1291,#1292,#1293);
#1291 = CARTESIAN_POINT('',(152.8,105.,6.));
#1292 = DIRECTION('',(-1.,1.110223024625E-16,0.));
#1293 = DIRECTION('',(0.,0.,1.));
#1294 = PLANE('',#1295);
#1295 = AXIS2_PLACEMENT_3D('',#1296,#1297,#1298);
#1296 = CARTESIAN_POINT('',(152.8,105.,6.));
#1297 = DIRECTION('',(-1.,1.110223024625E-16,0.));
#1298 = DIRECTION('',(0.,0.,1.));
#1299 = ADVANCED_FACE('',(#1300),#1319,.F.);
#1300 = FACE_BOUND('',#1301,.T.);
#1301 = EDGE_LOOP('',(#1302,#1303,#1311,#1318));
#1302 = ORIENTED_EDGE('',*,*,#1249,.F.);
#1303 = ORIENTED_EDGE('',*,*,#1304,.F.);
#1304 = EDGE_CURVE('',#1305,#1250,#1307,.T.);
#1305 = VERTEX_POINT('',#1306);
#1306 = CARTESIAN_POINT('',(198.6,105.,7.75));
#1307 = LINE('',#1308,#1309);
#1308 = CARTESIAN_POINT('',(198.6,105.,7.75));
#1309 = VECTOR('',#1310,1.);
#1310 = DIRECTION('',(1.,-1.110223024625E-16,-0.));
#1311 = ORIENTED_EDGE('',*,*,#1312,.T.);
#1312 = EDGE_CURVE('',#1305,#1305,#1313,.T.);
#1313 = CIRCLE('',#1314,1.75);
#1314 = AXIS2_PLACEMENT_3D('',#1315,#1316,#1317);
#1315 = CARTESIAN_POINT('',(198.6,105.,6.));
#1316 = DIRECTION('',(-1.,1.110223024625E-16,0.));
#1317 = DIRECTION('',(0.,0.,1.));
#1318 = ORIENTED_EDGE('',*,*,#1304,.T.);
#1319 = CYLINDRICAL_SURFACE('',#1320,1.75);
#1320 = AXIS2_PLACEMENT_3D('',#1321,#1322,#1323);
#1321 = CARTESIAN_POINT('',(198.6,105.,6.));
#1322 = DIRECTION('',(1.,-1.110223024625E-16,-0.));
#1323 = DIRECTION('',(0.,0.,1.));
#1324 = ADVANCED_FACE('',(#1325),#1344,.F.);
#1325 = FACE_BOUND('',#1326,.T.);
#1326 = EDGE_LOOP('',(#1327,#1335,#1342,#1343));
#1327 = ORIENTED_EDGE('',*,*,#1328,.T.);
#1328 = EDGE_CURVE('',#1287,#1329,#1331,.T.);
#1329 = VERTEX_POINT('',#1330);
#1330 = CARTESIAN_POINT('',(154.8,105.,7.75));
#1331 = LINE('',#1332,#1333);
#1332 = CARTESIAN_POINT('',(148.6,105.,7.75));
#1333 = VECTOR('',#1334,1.);
#1334 = DIRECTION('',(1.,-1.110223024625E-16,-0.));
#1335 = ORIENTED_EDGE('',*,*,#1336,.F.);
#1336 = EDGE_CURVE('',#1329,#1329,#1337,.T.);
#1337 = CIRCLE('',#1338,1.75);
#1338 = AXIS2_PLACEMENT_3D('',#1339,#1340,#1341);
#1339 = CARTESIAN_POINT('',(154.8,105.,6.));
#1340 = DIRECTION('',(-1.,1.110223024625E-16,0.));
#1341 = DIRECTION('',(0.,0.,1.));
#1342 = ORIENTED_EDGE('',*,*,#1328,.F.);
#1343 = ORIENTED_EDGE('',*,*,#1286,.T.);
#1344 = CYLINDRICAL_SURFACE('',#1345,1.75);
#1345 = AXIS2_PLACEMENT_3D('',#1346,#1347,#1348);
#1346 = CARTESIAN_POINT('',(148.6,105.,6.));
#1347 = DIRECTION('',(1.,-1.110223024625E-16,-0.));
#1348 = DIRECTION('',(0.,0.,1.));
#1349 = ADVANCED_FACE('',(#1350),#1353,.T.);
#1350 = FACE_BOUND('',#1351,.T.);
#1351 = EDGE_LOOP('',(#1352));
#1352 = ORIENTED_EDGE('',*,*,#1312,.F.);
#1353 = PLANE('',#1354);
#1354 = AXIS2_PLACEMENT_3D('',#1355,#1356,#1357);
#1355 = CARTESIAN_POINT('',(198.6,105.,6.));
#1356 = DIRECTION('',(1.,-1.110223024625E-16,-0.));
#1357 = DIRECTION('',(0.,0.,-1.));
#1358 = ADVANCED_FACE('',(#1359),#1362,.F.);
#1359 = FACE_BOUND('',#1360,.T.);
#1360 = EDGE_LOOP('',(#1361));
#1361 = ORIENTED_EDGE('',*,*,#1336,.T.);
#1362 = PLANE('',#1363);
#1363 = AXIS2_PLACEMENT_3D('',#1364,#1365,#1366);
#1364 = CARTESIAN_POINT('',(154.8,105.,6.));
#1365 = DIRECTION('',(1.,-1.110223024625E-16,-0.));
#1366 = DIRECTION('',(0.,0.,-1.));
#1367 = MANIFOLD_SOLID_BREP('',#1368);
#1368 = CLOSED_SHELL('',(#1369,#1409,#1451,#1497,#1532,#1649,#1729,#1754
    ,#1779,#1804,#1829,#1860,#1884,#1908,#1932,#1956,#1973,#2004,#2028,
    #2052,#2076,#2100,#2117,#2148,#2222,#2246,#2313,#2344,#2418,#2492,
    #2509,#2526,#2543,#2560,#2577,#2589,#2614,#2626,#2651,#2676,#2701,
    #2710));
#1369 = ADVANCED_FACE('',(#1370),#1404,.F.);
#1370 = FACE_BOUND('',#1371,.T.);
#1371 = EDGE_LOOP('',(#1372,#1382,#1390,#1398));
#1372 = ORIENTED_EDGE('',*,*,#1373,.F.);
#1373 = EDGE_CURVE('',#1374,#1376,#1378,.T.);
#1374 = VERTEX_POINT('',#1375);
#1375 = CARTESIAN_POINT('',(149.,183.,2.));
#1376 = VERTEX_POINT('',#1377);
#1377 = CARTESIAN_POINT('',(149.,183.,10.));
#1378 = LINE('',#1379,#1380);
#1379 = CARTESIAN_POINT('',(149.,183.,2.));
#1380 = VECTOR('',#1381,1.);
#1381 = DIRECTION('',(0.,0.,1.));
#1382 = ORIENTED_EDGE('',*,*,#1383,.T.);
#1383 = EDGE_CURVE('',#1374,#1384,#1386,.T.);
#1384 = VERTEX_POINT('',#1385);
#1385 = CARTESIAN_POINT('',(204.,183.,2.));
#1386 = LINE('',#1387,#1388);
#1387 = CARTESIAN_POINT('',(149.,183.,2.));
#1388 = VECTOR('',#1389,1.);
#1389 = DIRECTION('',(1.,-1.110223024625E-16,-0.));
#1390 = ORIENTED_EDGE('',*,*,#1391,.T.);
#1391 = EDGE_CURVE('',#1384,#1392,#1394,.T.);
#1392 = VERTEX_POINT('',#1393);
#1393 = CARTESIAN_POINT('',(204.,183.,10.));
#1394 = LINE('',#1395,#1396);
#1395 = CARTESIAN_POINT('',(204.,183.,2.));
#1396 = VECTOR('',#1397,1.);
#1397 = DIRECTION('',(0.,0.,1.));
#1398 = ORIENTED_EDGE('',*,*,#1399,.F.);
#1399 = EDGE_CURVE('',#1376,#1392,#1400,.T.);
#1400 = LINE('',#1401,#1402);
#1401 = CARTESIAN_POINT('',(149.,183.,10.));
#1402 = VECTOR('',#1403,1.);
#1403 = DIRECTION('',(1.,-1.110223024625E-16,-0.));
#1404 = PLANE('',#1405);
#1405 = AXIS2_PLACEMENT_3D('',#1406,#1407,#1408);
#1406 = CARTESIAN_POINT('',(149.,183.,2.));
#1407 = DIRECTION('',(1.110223024625E-16,1.,0.));
#1408 = DIRECTION('',(0.,0.,-1.));
#1409 = ADVANCED_FACE('',(#1410,#1435),#1446,.F.);
#1410 = FACE_BOUND('',#1411,.T.);
#1411 = EDGE_LOOP('',(#1412,#1420,#1421,#1429));
#1412 = ORIENTED_EDGE('',*,*,#1413,.F.);
#1413 = EDGE_CURVE('',#1374,#1414,#1416,.T.);
#1414 = VERTEX_POINT('',#1415);
#1415 = CARTESIAN_POINT('',(149.,195.,2.));
#1416 = LINE('',#1417,#1418);
#1417 = CARTESIAN_POINT('',(149.,183.,2.));
#1418 = VECTOR('',#1419,1.);
#1419 = DIRECTION('',(1.110223024625E-16,1.,0.));
#1420 = ORIENTED_EDGE('',*,*,#1373,.T.);
#1421 = ORIENTED_EDGE('',*,*,#1422,.T.);
#1422 = EDGE_CURVE('',#1376,#1423,#1425,.T.);
#1423 = VERTEX_POINT('',#1424);
#1424 = CARTESIAN_POINT('',(149.,195.,10.));
#1425 = LINE('',#1426,#1427);
#1426 = CARTESIAN_POINT('',(149.,183.,10.));
#1427 = VECTOR('',#1428,1.);
#1428 = DIRECTION('',(1.110223024625E-16,1.,0.));
#1429 = ORIENTED_EDGE('',*,*,#1430,.F.);
#1430 = EDGE_CURVE('',#1414,#1423,#1431,.T.);
#1431 = LINE('',#1432,#1433);
#1432 = CARTESIAN_POINT('',(149.,195.,2.));
#1433 = VECTOR('',#1434,1.);
#1434 = DIRECTION('',(0.,0.,1.));
#1435 = FACE_BOUND('',#1436,.T.);
#1436 = EDGE_LOOP('',(#1437));
#1437 = ORIENTED_EDGE('',*,*,#1438,.F.);
#1438 = EDGE_CURVE('',#1439,#1439,#1441,.T.);
#1439 = VERTEX_POINT('',#1440);
#1440 = CARTESIAN_POINT('',(149.,189.,7.75));
#1441 = CIRCLE('',#1442,1.75);
#1442 = AXIS2_PLACEMENT_3D('',#1443,#1444,#1445);
#1443 = CARTESIAN_POINT('',(149.,189.,6.));
#1444 = DIRECTION('',(-1.,1.110223024625E-16,0.));
#1445 = DIRECTION('',(0.,0.,1.));
#1446 = PLANE('',#1447);
#1447 = AXIS2_PLACEMENT_3D('',#1448,#1449,#1450);
#1448 = CARTESIAN_POINT('',(149.,183.,2.));
#1449 = DIRECTION('',(1.,-1.110223024625E-16,-0.));
#1450 = DIRECTION('',(0.,0.,-1.));
#1451 = ADVANCED_FACE('',(#1452,#1470,#1481),#1492,.T.);
#1452 = FACE_BOUND('',#1453,.F.);
#1453 = EDGE_LOOP('',(#1454,#1455,#1456,#1464));
#1454 = ORIENTED_EDGE('',*,*,#1399,.F.);
#1455 = ORIENTED_EDGE('',*,*,#1422,.T.);
#1456 = ORIENTED_EDGE('',*,*,#1457,.T.);
#1457 = EDGE_CURVE('',#1423,#1458,#1460,.T.);
#1458 = VERTEX_POINT('',#1459);
#1459 = CARTESIAN_POINT('',(204.,195.,10.));
#1460 = LINE('',#1461,#1462);
#1461 = CARTESIAN_POINT('',(149.,195.,10.));
#1462 = VECTOR('',#1463,1.);
#1463 = DIRECTION('',(1.,-1.110223024625E-16,-0.));
#1464 = ORIENTED_EDGE('',*,*,#1465,.F.);
#1465 = EDGE_CURVE('',#1392,#1458,#1466,.T.);
#1466 = LINE('',#1467,#1468);
#1467 = CARTESIAN_POINT('',(204.,183.,10.));
#1468 = VECTOR('',#1469,1.);
#1469 = DIRECTION('',(1.110223024625E-16,1.,0.));
#1470 = FACE_BOUND('',#1471,.F.);
#1471 = EDGE_LOOP('',(#1472));
#1472 = ORIENTED_EDGE('',*,*,#1473,.F.);
#1473 = EDGE_CURVE('',#1474,#1474,#1476,.T.);
#1474 = VERTEX_POINT('',#1475);
#1475 = CARTESIAN_POINT('',(160.5,190.75,10.));
#1476 = CIRCLE('',#1477,1.75);
#1477 = AXIS2_PLACEMENT_3D('',#1478,#1479,#1480);
#1478 = CARTESIAN_POINT('',(160.5,189.,10.));
#1479 = DIRECTION('',(0.,0.,-1.));
#1480 = DIRECTION('',(1.110223024625E-16,1.,0.));
#1481 = FACE_BOUND('',#1482,.F.);
#1482 = EDGE_LOOP('',(#1483));
#1483 = ORIENTED_EDGE('',*,*,#1484,.F.);
#1484 = EDGE_CURVE('',#1485,#1485,#1487,.T.);
#1485 = VERTEX_POINT('',#1486);
#1486 = CARTESIAN_POINT('',(192.5,190.65,10.));
#1487 = CIRCLE('',#1488,1.65);
#1488 = AXIS2_PLACEMENT_3D('',#1489,#1490,#1491);
#1489 = CARTESIAN_POINT('',(192.5,189.,10.));
#1490 = DIRECTION('',(0.,0.,-1.));
#1491 = DIRECTION('',(1.110223024625E-16,1.,0.));
#1492 = PLANE('',#1493);
#1493 = AXIS2_PLACEMENT_3D('',#1494,#1495,#1496);
#1494 = CARTESIAN_POINT('',(149.,183.,10.));
#1495 = DIRECTION('',(0.,0.,1.));
#1496 = DIRECTION('',(-1.110223024625E-16,-1.,0.));
#1497 = ADVANCED_FACE('',(#1498,#1516),#1527,.T.);
#1498 = FACE_BOUND('',#1499,.F.);
#1499 = EDGE_LOOP('',(#1500,#1508,#1509,#1510));
#1500 = ORIENTED_EDGE('',*,*,#1501,.F.);
#1501 = EDGE_CURVE('',#1384,#1502,#1504,.T.);
#1502 = VERTEX_POINT('',#1503);
#1503 = CARTESIAN_POINT('',(204.,195.,2.));
#1504 = LINE('',#1505,#1506);
#1505 = CARTESIAN_POINT('',(204.,183.,2.));
#1506 = VECTOR('',#1507,1.);
#1507 = DIRECTION('',(1.110223024625E-16,1.,0.));
#1508 = ORIENTED_EDGE('',*,*,#1391,.T.);
#1509 = ORIENTED_EDGE('',*,*,#1465,.T.);
#1510 = ORIENTED_EDGE('',*,*,#1511,.F.);
#1511 = EDGE_CURVE('',#1502,#1458,#1512,.T.);
#1512 = LINE('',#1513,#1514);
#1513 = CARTESIAN_POINT('',(204.,195.,2.));
#1514 = VECTOR('',#1515,1.);
#1515 = DIRECTION('',(0.,0.,1.));
#1516 = FACE_BOUND('',#1517,.F.);
#1517 = EDGE_LOOP('',(#1518));
#1518 = ORIENTED_EDGE('',*,*,#1519,.F.);
#1519 = EDGE_CURVE('',#1520,#1520,#1522,.T.);
#1520 = VERTEX_POINT('',#1521);
#1521 = CARTESIAN_POINT('',(204.,189.,7.75));
#1522 = CIRCLE('',#1523,1.75);
#1523 = AXIS2_PLACEMENT_3D('',#1524,#1525,#1526);
#1524 = CARTESIAN_POINT('',(204.,189.,6.));
#1525 = DIRECTION('',(-1.,1.110223024625E-16,0.));
#1526 = DIRECTION('',(0.,0.,1.));
#1527 = PLANE('',#1528);
#1528 = AXIS2_PLACEMENT_3D('',#1529,#1530,#1531);
#1529 = CARTESIAN_POINT('',(204.,183.,2.));
#1530 = DIRECTION('',(1.,-1.110223024625E-16,-0.));
#1531 = DIRECTION('',(0.,0.,-1.));
#1532 = ADVANCED_FACE('',(#1533,#1544,#1594),#1644,.F.);
#1533 = FACE_BOUND('',#1534,.T.);
#1534 = EDGE_LOOP('',(#1535,#1536,#1537,#1543));
#1535 = ORIENTED_EDGE('',*,*,#1383,.F.);
#1536 = ORIENTED_EDGE('',*,*,#1413,.T.);
#1537 = ORIENTED_EDGE('',*,*,#1538,.T.);
#1538 = EDGE_CURVE('',#1414,#1502,#1539,.T.);
#1539 = LINE('',#1540,#1541);
#1540 = CARTESIAN_POINT('',(149.,195.,2.));
#1541 = VECTOR('',#1542,1.);
#1542 = DIRECTION('',(1.,-1.110223024625E-16,-0.));
#1543 = ORIENTED_EDGE('',*,*,#1501,.F.);
#1544 = FACE_BOUND('',#1545,.T.);
#1545 = EDGE_LOOP('',(#1546,#1556,#1564,#1572,#1580,#1588));
#1546 = ORIENTED_EDGE('',*,*,#1547,.T.);
#1547 = EDGE_CURVE('',#1548,#1550,#1552,.T.);
#1548 = VERTEX_POINT('',#1549);
#1549 = CARTESIAN_POINT('',(162.17431578065,186.1,2.));
#1550 = VERTEX_POINT('',#1551);
#1551 = CARTESIAN_POINT('',(163.8486315613,189.,2.));
#1552 = LINE('',#1553,#1554);
#1553 = CARTESIAN_POINT('',(160.69351451046,183.53517696412,2.));
#1554 = VECTOR('',#1555,1.);
#1555 = DIRECTION('',(0.5,0.866025403784,0.));
#1556 = ORIENTED_EDGE('',*,*,#1557,.T.);
#1557 = EDGE_CURVE('',#1550,#1558,#1560,.T.);
#1558 = VERTEX_POINT('',#1559);
#1559 = CARTESIAN_POINT('',(162.17431578065,191.9,2.));
#1560 = LINE('',#1561,#1562);
#1561 = CARTESIAN_POINT('',(162.45443283148,191.41482303588,2.));
#1562 = VECTOR('',#1563,1.);
#1563 = DIRECTION('',(-0.5,0.866025403784,0.));
#1564 = ORIENTED_EDGE('',*,*,#1565,.T.);
#1565 = EDGE_CURVE('',#1558,#1566,#1568,.T.);
#1566 = VERTEX_POINT('',#1567);
#1567 = CARTESIAN_POINT('',(158.82568421935,191.9,2.));
#1568 = LINE('',#1569,#1570);
#1569 = CARTESIAN_POINT('',(153.91284210967,191.9,2.));
#1570 = VECTOR('',#1571,1.);
#1571 = DIRECTION('',(-1.,1.110223024625E-16,0.));
#1572 = ORIENTED_EDGE('',*,*,#1573,.T.);
#1573 = EDGE_CURVE('',#1566,#1574,#1576,.T.);
#1574 = VERTEX_POINT('',#1575);
#1575 = CARTESIAN_POINT('',(157.1513684387,189.,2.));
#1576 = LINE('',#1577,#1578);
#1577 = CARTESIAN_POINT('',(154.83340927818,184.98517696412,2.));
#1578 = VECTOR('',#1579,1.);
#1579 = DIRECTION('',(-0.5,-0.866025403784,0.));
#1580 = ORIENTED_EDGE('',*,*,#1581,.T.);
#1581 = EDGE_CURVE('',#1574,#1582,#1584,.T.);
#1582 = VERTEX_POINT('',#1583);
#1583 = CARTESIAN_POINT('',(158.82568421935,186.1,2.));
#1584 = LINE('',#1585,#1586);
#1585 = CARTESIAN_POINT('',(158.26864337986,187.06482303588,2.));
#1586 = VECTOR('',#1587,1.);
#1587 = DIRECTION('',(0.5,-0.866025403784,-0.));
#1588 = ORIENTED_EDGE('',*,*,#1589,.T.);
#1589 = EDGE_CURVE('',#1582,#1548,#1590,.T.);
#1590 = LINE('',#1591,#1592);
#1591 = CARTESIAN_POINT('',(155.58715789032,186.1,2.));
#1592 = VECTOR('',#1593,1.);
#1593 = DIRECTION('',(1.,-1.110223024625E-16,-0.));
#1594 = FACE_BOUND('',#1595,.T.);
#1595 = EDGE_LOOP('',(#1596,#1606,#1614,#1622,#1630,#1638));
#1596 = ORIENTED_EDGE('',*,*,#1597,.T.);
#1597 = EDGE_CURVE('',#1598,#1600,#1602,.T.);
#1598 = VERTEX_POINT('',#1599);
#1599 = CARTESIAN_POINT('',(194.17431578065,186.1,2.));
#1600 = VERTEX_POINT('',#1601);
#1601 = CARTESIAN_POINT('',(195.8486315613,189.,2.));
#1602 = LINE('',#1603,#1604);
#1603 = CARTESIAN_POINT('',(188.69351451046,176.60697373384,2.));
#1604 = VECTOR('',#1605,1.);
#1605 = DIRECTION('',(0.5,0.866025403784,0.));
#1606 = ORIENTED_EDGE('',*,*,#1607,.T.);
#1607 = EDGE_CURVE('',#1600,#1608,#1610,.T.);
#1608 = VERTEX_POINT('',#1609);
#1609 = CARTESIAN_POINT('',(194.17431578065,191.9,2.));
#1610 = LINE('',#1611,#1612);
#1611 = CARTESIAN_POINT('',(190.45443283148,198.34302626615,2.));
#1612 = VECTOR('',#1613,1.);
#1613 = DIRECTION('',(-0.5,0.866025403784,0.));
#1614 = ORIENTED_EDGE('',*,*,#1615,.T.);
#1615 = EDGE_CURVE('',#1608,#1616,#1618,.T.);
#1616 = VERTEX_POINT('',#1617);
#1617 = CARTESIAN_POINT('',(190.82568421935,191.9,2.));
#1618 = LINE('',#1619,#1620);
#1619 = CARTESIAN_POINT('',(169.91284210967,191.9,2.));
#1620 = VECTOR('',#1621,1.);
#1621 = DIRECTION('',(-1.,1.110223024625E-16,0.));
#1622 = ORIENTED_EDGE('',*,*,#1623,.T.);
#1623 = EDGE_CURVE('',#1616,#1624,#1626,.T.);
#1624 = VERTEX_POINT('',#1625);
#1625 = CARTESIAN_POINT('',(189.1513684387,189.,2.));
#1626 = LINE('',#1627,#1628);
#1627 = CARTESIAN_POINT('',(182.83340927818,178.05697373384,2.));
#1628 = VECTOR('',#1629,1.);
#1629 = DIRECTION('',(-0.5,-0.866025403784,0.));
#1630 = ORIENTED_EDGE('',*,*,#1631,.T.);
#1631 = EDGE_CURVE('',#1624,#1632,#1634,.T.);
#1632 = VERTEX_POINT('',#1633);
#1633 = CARTESIAN_POINT('',(190.82568421935,186.1,2.));
#1634 = LINE('',#1635,#1636);
#1635 = CARTESIAN_POINT('',(186.26864337986,193.99302626615,2.));
#1636 = VECTOR('',#1637,1.);
#1637 = DIRECTION('',(0.5,-0.866025403784,-0.));
#1638 = ORIENTED_EDGE('',*,*,#1639,.T.);
#1639 = EDGE_CURVE('',#1632,#1598,#1640,.T.);
#1640 = LINE('',#1641,#1642);
#1641 = CARTESIAN_POINT('',(171.58715789032,186.1,2.));
#1642 = VECTOR('',#1643,1.);
#1643 = DIRECTION('',(1.,-1.110223024625E-16,-0.));
#1644 = PLANE('',#1645);
#1645 = AXIS2_PLACEMENT_3D('',#1646,#1647,#1648);
#1646 = CARTESIAN_POINT('',(149.,183.,2.));
#1647 = DIRECTION('',(0.,0.,1.));
#1648 = DIRECTION('',(-1.110223024625E-16,-1.,0.));
#1649 = ADVANCED_FACE('',(#1650,#1656,#1690),#1724,.T.);
#1650 = FACE_BOUND('',#1651,.F.);
#1651 = EDGE_LOOP('',(#1652,#1653,#1654,#1655));
#1652 = ORIENTED_EDGE('',*,*,#1430,.F.);
#1653 = ORIENTED_EDGE('',*,*,#1538,.T.);
#1654 = ORIENTED_EDGE('',*,*,#1511,.T.);
#1655 = ORIENTED_EDGE('',*,*,#1457,.F.);
#1656 = FACE_BOUND('',#1657,.F.);
#1657 = EDGE_LOOP('',(#1658,#1668,#1676,#1684));
#1658 = ORIENTED_EDGE('',*,*,#1659,.T.);
#1659 = EDGE_CURVE('',#1660,#1662,#1664,.T.);
#1660 = VERTEX_POINT('',#1661);
#1661 = CARTESIAN_POINT('',(202.8,195.,2.4513684387));
#1662 = VERTEX_POINT('',#1663);
#1663 = CARTESIAN_POINT('',(200.2,195.,2.4513684387));
#1664 = LINE('',#1665,#1666);
#1665 = CARTESIAN_POINT('',(174.6,195.,2.4513684387));
#1666 = VECTOR('',#1667,1.);
#1667 = DIRECTION('',(-1.,1.110223024625E-16,0.));
#1668 = ORIENTED_EDGE('',*,*,#1669,.T.);
#1669 = EDGE_CURVE('',#1662,#1670,#1672,.T.);
#1670 = VERTEX_POINT('',#1671);
#1671 = CARTESIAN_POINT('',(200.2,195.,9.5486315613));
#1672 = LINE('',#1673,#1674);
#1673 = CARTESIAN_POINT('',(200.2,195.,2.22568421935));
#1674 = VECTOR('',#1675,1.);
#1675 = DIRECTION('',(0.,0.,1.));
#1676 = ORIENTED_EDGE('',*,*,#1677,.F.);
#1677 = EDGE_CURVE('',#1678,#1670,#1680,.T.);
#1678 = VERTEX_POINT('',#1679);
#1679 = CARTESIAN_POINT('',(202.8,195.,9.5486315613));
#1680 = LINE('',#1681,#1682);
#1681 = CARTESIAN_POINT('',(174.6,195.,9.5486315613));
#1682 = VECTOR('',#1683,1.);
#1683 = DIRECTION('',(-1.,1.110223024625E-16,0.));
#1684 = ORIENTED_EDGE('',*,*,#1685,.F.);
#1685 = EDGE_CURVE('',#1660,#1678,#1686,.T.);
#1686 = LINE('',#1687,#1688);
#1687 = CARTESIAN_POINT('',(202.8,195.,2.22568421935));
#1688 = VECTOR('',#1689,1.);
#1689 = DIRECTION('',(0.,0.,1.));
#1690 = FACE_BOUND('',#1691,.F.);
#1691 = EDGE_LOOP('',(#1692,#1702,#1710,#1718));
#1692 = ORIENTED_EDGE('',*,*,#1693,.T.);
#1693 = EDGE_CURVE('',#1694,#1696,#1698,.T.);
#1694 = VERTEX_POINT('',#1695);
#1695 = CARTESIAN_POINT('',(152.8,195.,2.4513684387));
#1696 = VERTEX_POINT('',#1697);
#1697 = CARTESIAN_POINT('',(150.2,195.,2.4513684387));
#1698 = LINE('',#1699,#1700);
#1699 = CARTESIAN_POINT('',(149.6,195.,2.4513684387));
#1700 = VECTOR('',#1701,1.);
#1701 = DIRECTION('',(-1.,1.110223024625E-16,0.));
#1702 = ORIENTED_EDGE('',*,*,#1703,.T.);
#1703 = EDGE_CURVE('',#1696,#1704,#1706,.T.);
#1704 = VERTEX_POINT('',#1705);
#1705 = CARTESIAN_POINT('',(150.2,195.,9.5486315613));
#1706 = LINE('',#1707,#1708);
#1707 = CARTESIAN_POINT('',(150.2,195.,2.22568421935));
#1708 = VECTOR('',#1709,1.);
#1709 = DIRECTION('',(0.,0.,1.));
#1710 = ORIENTED_EDGE('',*,*,#1711,.F.);
#1711 = EDGE_CURVE('',#1712,#1704,#1714,.T.);
#1712 = VERTEX_POINT('',#1713);
#1713 = CARTESIAN_POINT('',(152.8,195.,9.5486315613));
#1714 = LINE('',#1715,#1716);
#1715 = CARTESIAN_POINT('',(149.6,195.,9.5486315613));
#1716 = VECTOR('',#1717,1.);
#1717 = DIRECTION('',(-1.,1.110223024625E-16,0.));
#1718 = ORIENTED_EDGE('',*,*,#1719,.F.);
#1719 = EDGE_CURVE('',#1694,#1712,#1720,.T.);
#1720 = LINE('',#1721,#1722);
#1721 = CARTESIAN_POINT('',(152.8,195.,2.22568421935));
#1722 = VECTOR('',#1723,1.);
#1723 = DIRECTION('',(0.,0.,1.));
#1724 = PLANE('',#1725);
#1725 = AXIS2_PLACEMENT_3D('',#1726,#1727,#1728);
#1726 = CARTESIAN_POINT('',(149.,195.,2.));
#1727 = DIRECTION('',(1.110223024625E-16,1.,0.));
#1728 = DIRECTION('',(0.,0.,-1.));
#1729 = ADVANCED_FACE('',(#1730),#1749,.F.);
#1730 = FACE_BOUND('',#1731,.T.);
#1731 = EDGE_LOOP('',(#1732,#1741,#1747,#1748));
#1732 = ORIENTED_EDGE('',*,*,#1733,.F.);
#1733 = EDGE_CURVE('',#1734,#1734,#1736,.T.);
#1734 = VERTEX_POINT('',#1735);
#1735 = CARTESIAN_POINT('',(150.2,189.,7.75));
#1736 = CIRCLE('',#1737,1.75);
#1737 = AXIS2_PLACEMENT_3D('',#1738,#1739,#1740);
#1738 = CARTESIAN_POINT('',(150.2,189.,6.));
#1739 = DIRECTION('',(-1.,1.110223024625E-16,0.));
#1740 = DIRECTION('',(0.,0.,1.));
#1741 = ORIENTED_EDGE('',*,*,#1742,.F.);
#1742 = EDGE_CURVE('',#1439,#1734,#1743,.T.);
#1743 = LINE('',#1744,#1745);
#1744 = CARTESIAN_POINT('',(148.6,189.,7.75));
#1745 = VECTOR('',#1746,1.);
#1746 = DIRECTION('',(1.,-1.110223024625E-16,-0.));
#1747 = ORIENTED_EDGE('',*,*,#1438,.T.);
#1748 = ORIENTED_EDGE('',*,*,#1742,.T.);
#1749 = CYLINDRICAL_SURFACE('',#1750,1.75);
#1750 = AXIS2_PLACEMENT_3D('',#1751,#1752,#1753);
#1751 = CARTESIAN_POINT('',(148.6,189.,6.));
#1752 = DIRECTION('',(1.,-1.110223024625E-16,-0.));
#1753 = DIRECTION('',(0.,0.,1.));
#1754 = ADVANCED_FACE('',(#1755),#1774,.F.);
#1755 = FACE_BOUND('',#1756,.T.);
#1756 = EDGE_LOOP('',(#1757,#1758,#1766,#1773));
#1757 = ORIENTED_EDGE('',*,*,#1473,.F.);
#1758 = ORIENTED_EDGE('',*,*,#1759,.F.);
#1759 = EDGE_CURVE('',#1760,#1474,#1762,.T.);
#1760 = VERTEX_POINT('',#1761);
#1761 = CARTESIAN_POINT('',(160.5,190.75,4.6));
#1762 = LINE('',#1763,#1764);
#1763 = CARTESIAN_POINT('',(160.5,190.75,4.4));
#1764 = VECTOR('',#1765,1.);
#1765 = DIRECTION('',(0.,0.,1.));
#1766 = ORIENTED_EDGE('',*,*,#1767,.T.);
#1767 = EDGE_CURVE('',#1760,#1760,#1768,.T.);
#1768 = CIRCLE('',#1769,1.75);
#1769 = AXIS2_PLACEMENT_3D('',#1770,#1771,#1772);
#1770 = CARTESIAN_POINT('',(160.5,189.,4.6));
#1771 = DIRECTION('',(0.,0.,-1.));
#1772 = DIRECTION('',(1.110223024625E-16,1.,0.));
#1773 = ORIENTED_EDGE('',*,*,#1759,.T.);
#1774 = CYLINDRICAL_SURFACE('',#1775,1.75);
#1775 = AXIS2_PLACEMENT_3D('',#1776,#1777,#1778);
#1776 = CARTESIAN_POINT('',(160.5,189.,4.4));
#1777 = DIRECTION('',(0.,0.,1.));
#1778 = DIRECTION('',(1.110223024625E-16,1.,0.));
#1779 = ADVANCED_FACE('',(#1780),#1799,.F.);
#1780 = FACE_BOUND('',#1781,.T.);
#1781 = EDGE_LOOP('',(#1782,#1783,#1791,#1798));
#1782 = ORIENTED_EDGE('',*,*,#1484,.F.);
#1783 = ORIENTED_EDGE('',*,*,#1784,.F.);
#1784 = EDGE_CURVE('',#1785,#1485,#1787,.T.);
#1785 = VERTEX_POINT('',#1786);
#1786 = CARTESIAN_POINT('',(192.5,190.65,4.6));
#1787 = LINE('',#1788,#1789);
#1788 = CARTESIAN_POINT('',(192.5,190.65,4.4));
#1789 = VECTOR('',#1790,1.);
#1790 = DIRECTION('',(0.,0.,1.));
#1791 = ORIENTED_EDGE('',*,*,#1792,.T.);
#1792 = EDGE_CURVE('',#1785,#1785,#1793,.T.);
#1793 = CIRCLE('',#1794,1.65);
#1794 = AXIS2_PLACEMENT_3D('',#1795,#1796,#1797);
#1795 = CARTESIAN_POINT('',(192.5,189.,4.6));
#1796 = DIRECTION('',(0.,0.,-1.));
#1797 = DIRECTION('',(1.110223024625E-16,1.,0.));
#1798 = ORIENTED_EDGE('',*,*,#1784,.T.);
#1799 = CYLINDRICAL_SURFACE('',#1800,1.65);
#1800 = AXIS2_PLACEMENT_3D('',#1801,#1802,#1803);
#1801 = CARTESIAN_POINT('',(192.5,189.,4.4));
#1802 = DIRECTION('',(0.,0.,1.));
#1803 = DIRECTION('',(1.110223024625E-16,1.,0.));
#1804 = ADVANCED_FACE('',(#1805),#1824,.F.);
#1805 = FACE_BOUND('',#1806,.T.);
#1806 = EDGE_LOOP('',(#1807,#1808,#1816,#1823));
#1807 = ORIENTED_EDGE('',*,*,#1519,.F.);
#1808 = ORIENTED_EDGE('',*,*,#1809,.F.);
#1809 = EDGE_CURVE('',#1810,#1520,#1812,.T.);
#1810 = VERTEX_POINT('',#1811);
#1811 = CARTESIAN_POINT('',(202.8,189.,7.75));
#1812 = LINE('',#1813,#1814);
#1813 = CARTESIAN_POINT('',(198.6,189.,7.75));
#1814 = VECTOR('',#1815,1.);
#1815 = DIRECTION('',(1.,-1.110223024625E-16,-0.));
#1816 = ORIENTED_EDGE('',*,*,#1817,.T.);
#1817 = EDGE_CURVE('',#1810,#1810,#1818,.T.);
#1818 = CIRCLE('',#1819,1.75);
#1819 = AXIS2_PLACEMENT_3D('',#1820,#1821,#1822);
#1820 = CARTESIAN_POINT('',(202.8,189.,6.));
#1821 = DIRECTION('',(-1.,1.110223024625E-16,0.));
#1822 = DIRECTION('',(0.,0.,1.));
#1823 = ORIENTED_EDGE('',*,*,#1809,.T.);
#1824 = CYLINDRICAL_SURFACE('',#1825,1.75);
#1825 = AXIS2_PLACEMENT_3D('',#1826,#1827,#1828);
#1826 = CARTESIAN_POINT('',(198.6,189.,6.));
#1827 = DIRECTION('',(1.,-1.110223024625E-16,-0.));
#1828 = DIRECTION('',(0.,0.,1.));
#1829 = ADVANCED_FACE('',(#1830),#1855,.T.);
#1830 = FACE_BOUND('',#1831,.F.);
#1831 = EDGE_LOOP('',(#1832,#1833,#1841,#1849));
#1832 = ORIENTED_EDGE('',*,*,#1547,.T.);
#1833 = ORIENTED_EDGE('',*,*,#1834,.T.);
#1834 = EDGE_CURVE('',#1550,#1835,#1837,.T.);
#1835 = VERTEX_POINT('',#1836);
#1836 = CARTESIAN_POINT('',(163.8486315613,189.,4.6));
#1837 = LINE('',#1838,#1839);
#1838 = CARTESIAN_POINT('',(163.8486315613,189.,1.8));
#1839 = VECTOR('',#1840,1.);
#1840 = DIRECTION('',(0.,0.,1.));
#1841 = ORIENTED_EDGE('',*,*,#1842,.T.);
#1842 = EDGE_CURVE('',#1835,#1843,#1845,.T.);
#1843 = VERTEX_POINT('',#1844);
#1844 = CARTESIAN_POINT('',(162.17431578065,186.1,4.6));
#1845 = LINE('',#1846,#1847);
#1846 = CARTESIAN_POINT('',(163.8486315613,189.,4.6));
#1847 = VECTOR('',#1848,1.);
#1848 = DIRECTION('',(-0.5,-0.866025403784,0.));
#1849 = ORIENTED_EDGE('',*,*,#1850,.F.);
#1850 = EDGE_CURVE('',#1548,#1843,#1851,.T.);
#1851 = LINE('',#1852,#1853);
#1852 = CARTESIAN_POINT('',(162.17431578065,186.1,1.8));
#1853 = VECTOR('',#1854,1.);
#1854 = DIRECTION('',(0.,0.,1.));
#1855 = PLANE('',#1856);
#1856 = AXIS2_PLACEMENT_3D('',#1857,#1858,#1859);
#1857 = CARTESIAN_POINT('',(163.8486315613,189.,1.8));
#1858 = DIRECTION('',(-0.866025403784,0.5,0.));
#1859 = DIRECTION('',(0.5,0.866025403784,0.));
#1860 = ADVANCED_FACE('',(#1861),#1879,.T.);
#1861 = FACE_BOUND('',#1862,.F.);
#1862 = EDGE_LOOP('',(#1863,#1864,#1865,#1873));
#1863 = ORIENTED_EDGE('',*,*,#1589,.T.);
#1864 = ORIENTED_EDGE('',*,*,#1850,.T.);
#1865 = ORIENTED_EDGE('',*,*,#1866,.T.);
#1866 = EDGE_CURVE('',#1843,#1867,#1869,.T.);
#1867 = VERTEX_POINT('',#1868);
#1868 = CARTESIAN_POINT('',(158.82568421935,186.1,4.6));
#1869 = LINE('',#1870,#1871);
#1870 = CARTESIAN_POINT('',(162.17431578065,186.1,4.6));
#1871 = VECTOR('',#1872,1.);
#1872 = DIRECTION('',(-1.,1.110223024625E-16,0.));
#1873 = ORIENTED_EDGE('',*,*,#1874,.F.);
#1874 = EDGE_CURVE('',#1582,#1867,#1875,.T.);
#1875 = LINE('',#1876,#1877);
#1876 = CARTESIAN_POINT('',(158.82568421935,186.1,1.8));
#1877 = VECTOR('',#1878,1.);
#1878 = DIRECTION('',(0.,0.,1.));
#1879 = PLANE('',#1880);
#1880 = AXIS2_PLACEMENT_3D('',#1881,#1882,#1883);
#1881 = CARTESIAN_POINT('',(162.17431578065,186.1,1.8));
#1882 = DIRECTION('',(1.110223024625E-16,1.,0.));
#1883 = DIRECTION('',(1.,-1.110223024625E-16,0.));
#1884 = ADVANCED_FACE('',(#1885),#1903,.T.);
#1885 = FACE_BOUND('',#1886,.F.);
#1886 = EDGE_LOOP('',(#1887,#1888,#1889,#1897));
#1887 = ORIENTED_EDGE('',*,*,#1581,.T.);
#1888 = ORIENTED_EDGE('',*,*,#1874,.T.);
#1889 = ORIENTED_EDGE('',*,*,#1890,.T.);
#1890 = EDGE_CURVE('',#1867,#1891,#1893,.T.);
#1891 = VERTEX_POINT('',#1892);
#1892 = CARTESIAN_POINT('',(157.1513684387,189.,4.6));
#1893 = LINE('',#1894,#1895);
#1894 = CARTESIAN_POINT('',(158.82568421935,186.1,4.6));
#1895 = VECTOR('',#1896,1.);
#1896 = DIRECTION('',(-0.5,0.866025403784,0.));
#1897 = ORIENTED_EDGE('',*,*,#1898,.F.);
#1898 = EDGE_CURVE('',#1574,#1891,#1899,.T.);
#1899 = LINE('',#1900,#1901);
#1900 = CARTESIAN_POINT('',(157.1513684387,189.,1.8));
#1901 = VECTOR('',#1902,1.);
#1902 = DIRECTION('',(0.,0.,1.));
#1903 = PLANE('',#1904);
#1904 = AXIS2_PLACEMENT_3D('',#1905,#1906,#1907);
#1905 = CARTESIAN_POINT('',(158.82568421935,186.1,1.8));
#1906 = DIRECTION('',(0.866025403784,0.5,0.));
#1907 = DIRECTION('',(0.5,-0.866025403784,0.));
#1908 = ADVANCED_FACE('',(#1909),#1927,.T.);
#1909 = FACE_BOUND('',#1910,.F.);
#1910 = EDGE_LOOP('',(#1911,#1912,#1913,#1921));
#1911 = ORIENTED_EDGE('',*,*,#1573,.T.);
#1912 = ORIENTED_EDGE('',*,*,#1898,.T.);
#1913 = ORIENTED_EDGE('',*,*,#1914,.T.);
#1914 = EDGE_CURVE('',#1891,#1915,#1917,.T.);
#1915 = VERTEX_POINT('',#1916);
#1916 = CARTESIAN_POINT('',(158.82568421935,191.9,4.6));
#1917 = LINE('',#1918,#1919);
#1918 = CARTESIAN_POINT('',(157.1513684387,189.,4.6));
#1919 = VECTOR('',#1920,1.);
#1920 = DIRECTION('',(0.5,0.866025403784,0.));
#1921 = ORIENTED_EDGE('',*,*,#1922,.F.);
#1922 = EDGE_CURVE('',#1566,#1915,#1923,.T.);
#1923 = LINE('',#1924,#1925);
#1924 = CARTESIAN_POINT('',(158.82568421935,191.9,1.8));
#1925 = VECTOR('',#1926,1.);
#1926 = DIRECTION('',(0.,0.,1.));
#1927 = PLANE('',#1928);
#1928 = AXIS2_PLACEMENT_3D('',#1929,#1930,#1931);
#1929 = CARTESIAN_POINT('',(157.1513684387,189.,1.8));
#1930 = DIRECTION('',(0.866025403784,-0.5,-0.));
#1931 = DIRECTION('',(-0.5,-0.866025403784,0.));
#1932 = ADVANCED_FACE('',(#1933),#1951,.T.);
#1933 = FACE_BOUND('',#1934,.F.);
#1934 = EDGE_LOOP('',(#1935,#1936,#1937,#1945));
#1935 = ORIENTED_EDGE('',*,*,#1565,.T.);
#1936 = ORIENTED_EDGE('',*,*,#1922,.T.);
#1937 = ORIENTED_EDGE('',*,*,#1938,.T.);
#1938 = EDGE_CURVE('',#1915,#1939,#1941,.T.);
#1939 = VERTEX_POINT('',#1940);
#1940 = CARTESIAN_POINT('',(162.17431578065,191.9,4.6));
#1941 = LINE('',#1942,#1943);
#1942 = CARTESIAN_POINT('',(158.82568421935,191.9,4.6));
#1943 = VECTOR('',#1944,1.);
#1944 = DIRECTION('',(1.,-1.110223024625E-16,-0.));
#1945 = ORIENTED_EDGE('',*,*,#1946,.F.);
#1946 = EDGE_CURVE('',#1558,#1939,#1947,.T.);
#1947 = LINE('',#1948,#1949);
#1948 = CARTESIAN_POINT('',(162.17431578065,191.9,1.8));
#1949 = VECTOR('',#1950,1.);
#1950 = DIRECTION('',(0.,0.,1.));
#1951 = PLANE('',#1952);
#1952 = AXIS2_PLACEMENT_3D('',#1953,#1954,#1955);
#1953 = CARTESIAN_POINT('',(158.82568421935,191.9,1.8));
#1954 = DIRECTION('',(-1.110223024625E-16,-1.,-0.));
#1955 = DIRECTION('',(-1.,1.110223024625E-16,0.));
#1956 = ADVANCED_FACE('',(#1957),#1968,.T.);
#1957 = FACE_BOUND('',#1958,.F.);
#1958 = EDGE_LOOP('',(#1959,#1960,#1961,#1967));
#1959 = ORIENTED_EDGE('',*,*,#1557,.T.);
#1960 = ORIENTED_EDGE('',*,*,#1946,.T.);
#1961 = ORIENTED_EDGE('',*,*,#1962,.T.);
#1962 = EDGE_CURVE('',#1939,#1835,#1963,.T.);
#1963 = LINE('',#1964,#1965);
#1964 = CARTESIAN_POINT('',(162.17431578065,191.9,4.6));
#1965 = VECTOR('',#1966,1.);
#1966 = DIRECTION('',(0.5,-0.866025403784,-0.));
#1967 = ORIENTED_EDGE('',*,*,#1834,.F.);
#1968 = PLANE('',#1969);
#1969 = AXIS2_PLACEMENT_3D('',#1970,#1971,#1972);
#1970 = CARTESIAN_POINT('',(162.17431578065,191.9,1.8));
#1971 = DIRECTION('',(-0.866025403784,-0.5,0.));
#1972 = DIRECTION('',(-0.5,0.866025403784,0.));
#1973 = ADVANCED_FACE('',(#1974),#1999,.T.);
#1974 = FACE_BOUND('',#1975,.F.);
#1975 = EDGE_LOOP('',(#1976,#1977,#1985,#1993));
#1976 = ORIENTED_EDGE('',*,*,#1597,.T.);
#1977 = ORIENTED_EDGE('',*,*,#1978,.T.);
#1978 = EDGE_CURVE('',#1600,#1979,#1981,.T.);
#1979 = VERTEX_POINT('',#1980);
#1980 = CARTESIAN_POINT('',(195.8486315613,189.,4.6));
#1981 = LINE('',#1982,#1983);
#1982 = CARTESIAN_POINT('',(195.8486315613,189.,1.8));
#1983 = VECTOR('',#1984,1.);
#1984 = DIRECTION('',(0.,0.,1.));
#1985 = ORIENTED_EDGE('',*,*,#1986,.T.);
#1986 = EDGE_CURVE('',#1979,#1987,#1989,.T.);
#1987 = VERTEX_POINT('',#1988);
#1988 = CARTESIAN_POINT('',(194.17431578065,186.1,4.6));
#1989 = LINE('',#1990,#1991);
#1990 = CARTESIAN_POINT('',(195.8486315613,189.,4.6));
#1991 = VECTOR('',#1992,1.);
#1992 = DIRECTION('',(-0.5,-0.866025403784,0.));
#1993 = ORIENTED_EDGE('',*,*,#1994,.F.);
#1994 = EDGE_CURVE('',#1598,#1987,#1995,.T.);
#1995 = LINE('',#1996,#1997);
#1996 = CARTESIAN_POINT('',(194.17431578065,186.1,1.8));
#1997 = VECTOR('',#1998,1.);
#1998 = DIRECTION('',(0.,0.,1.));
#1999 = PLANE('',#2000);
#2000 = AXIS2_PLACEMENT_3D('',#2001,#2002,#2003);
#2001 = CARTESIAN_POINT('',(195.8486315613,189.,1.8));
#2002 = DIRECTION('',(-0.866025403784,0.5,0.));
#2003 = DIRECTION('',(0.5,0.866025403784,0.));
#2004 = ADVANCED_FACE('',(#2005),#2023,.T.);
#2005 = FACE_BOUND('',#2006,.F.);
#2006 = EDGE_LOOP('',(#2007,#2008,#2009,#2017));
#2007 = ORIENTED_EDGE('',*,*,#1639,.T.);
#2008 = ORIENTED_EDGE('',*,*,#1994,.T.);
#2009 = ORIENTED_EDGE('',*,*,#2010,.T.);
#2010 = EDGE_CURVE('',#1987,#2011,#2013,.T.);
#2011 = VERTEX_POINT('',#2012);
#2012 = CARTESIAN_POINT('',(190.82568421935,186.1,4.6));
#2013 = LINE('',#2014,#2015);
#2014 = CARTESIAN_POINT('',(194.17431578065,186.1,4.6));
#2015 = VECTOR('',#2016,1.);
#2016 = DIRECTION('',(-1.,1.110223024625E-16,0.));
#2017 = ORIENTED_EDGE('',*,*,#2018,.F.);
#2018 = EDGE_CURVE('',#1632,#2011,#2019,.T.);
#2019 = LINE('',#2020,#2021);
#2020 = CARTESIAN_POINT('',(190.82568421935,186.1,1.8));
#2021 = VECTOR('',#2022,1.);
#2022 = DIRECTION('',(0.,0.,1.));
#2023 = PLANE('',#2024);
#2024 = AXIS2_PLACEMENT_3D('',#2025,#2026,#2027);
#2025 = CARTESIAN_POINT('',(194.17431578065,186.1,1.8));
#2026 = DIRECTION('',(1.110223024625E-16,1.,0.));
#2027 = DIRECTION('',(1.,-1.110223024625E-16,0.));
#2028 = ADVANCED_FACE('',(#2029),#2047,.T.);
#2029 = FACE_BOUND('',#2030,.F.);
#2030 = EDGE_LOOP('',(#2031,#2032,#2040,#2046));
#2031 = ORIENTED_EDGE('',*,*,#1607,.T.);
#2032 = ORIENTED_EDGE('',*,*,#2033,.T.);
#2033 = EDGE_CURVE('',#1608,#2034,#2036,.T.);
#2034 = VERTEX_POINT('',#2035);
#2035 = CARTESIAN_POINT('',(194.17431578065,191.9,4.6));
#2036 = LINE('',#2037,#2038);
#2037 = CARTESIAN_POINT('',(194.17431578065,191.9,1.8));
#2038 = VECTOR('',#2039,1.);
#2039 = DIRECTION('',(0.,0.,1.));
#2040 = ORIENTED_EDGE('',*,*,#2041,.T.);
#2041 = EDGE_CURVE('',#2034,#1979,#2042,.T.);
#2042 = LINE('',#2043,#2044);
#2043 = CARTESIAN_POINT('',(194.17431578065,191.9,4.6));
#2044 = VECTOR('',#2045,1.);
#2045 = DIRECTION('',(0.5,-0.866025403784,-0.));
#2046 = ORIENTED_EDGE('',*,*,#1978,.F.);
#2047 = PLANE('',#2048);
#2048 = AXIS2_PLACEMENT_3D('',#2049,#2050,#2051);
#2049 = CARTESIAN_POINT('',(194.17431578065,191.9,1.8));
#2050 = DIRECTION('',(-0.866025403784,-0.5,0.));
#2051 = DIRECTION('',(-0.5,0.866025403784,0.));
#2052 = ADVANCED_FACE('',(#2053),#2071,.T.);
#2053 = FACE_BOUND('',#2054,.F.);
#2054 = EDGE_LOOP('',(#2055,#2056,#2057,#2065));
#2055 = ORIENTED_EDGE('',*,*,#1631,.T.);
#2056 = ORIENTED_EDGE('',*,*,#2018,.T.);
#2057 = ORIENTED_EDGE('',*,*,#2058,.T.);
#2058 = EDGE_CURVE('',#2011,#2059,#2061,.T.);
#2059 = VERTEX_POINT('',#2060);
#2060 = CARTESIAN_POINT('',(189.1513684387,189.,4.6));
#2061 = LINE('',#2062,#2063);
#2062 = CARTESIAN_POINT('',(190.82568421935,186.1,4.6));
#2063 = VECTOR('',#2064,1.);
#2064 = DIRECTION('',(-0.5,0.866025403784,0.));
#2065 = ORIENTED_EDGE('',*,*,#2066,.F.);
#2066 = EDGE_CURVE('',#1624,#2059,#2067,.T.);
#2067 = LINE('',#2068,#2069);
#2068 = CARTESIAN_POINT('',(189.1513684387,189.,1.8));
#2069 = VECTOR('',#2070,1.);
#2070 = DIRECTION('',(0.,0.,1.));
#2071 = PLANE('',#2072);
#2072 = AXIS2_PLACEMENT_3D('',#2073,#2074,#2075);
#2073 = CARTESIAN_POINT('',(190.82568421935,186.1,1.8));
#2074 = DIRECTION('',(0.866025403784,0.5,0.));
#2075 = DIRECTION('',(0.5,-0.866025403784,0.));
#2076 = ADVANCED_FACE('',(#2077),#2095,.T.);
#2077 = FACE_BOUND('',#2078,.F.);
#2078 = EDGE_LOOP('',(#2079,#2080,#2088,#2094));
#2079 = ORIENTED_EDGE('',*,*,#1615,.T.);
#2080 = ORIENTED_EDGE('',*,*,#2081,.T.);
#2081 = EDGE_CURVE('',#1616,#2082,#2084,.T.);
#2082 = VERTEX_POINT('',#2083);
#2083 = CARTESIAN_POINT('',(190.82568421935,191.9,4.6));
#2084 = LINE('',#2085,#2086);
#2085 = CARTESIAN_POINT('',(190.82568421935,191.9,1.8));
#2086 = VECTOR('',#2087,1.);
#2087 = DIRECTION('',(0.,0.,1.));
#2088 = ORIENTED_EDGE('',*,*,#2089,.T.);
#2089 = EDGE_CURVE('',#2082,#2034,#2090,.T.);
#2090 = LINE('',#2091,#2092);
#2091 = CARTESIAN_POINT('',(190.82568421935,191.9,4.6));
#2092 = VECTOR('',#2093,1.);
#2093 = DIRECTION('',(1.,-1.110223024625E-16,-0.));
#2094 = ORIENTED_EDGE('',*,*,#2033,.F.);
#2095 = PLANE('',#2096);
#2096 = AXIS2_PLACEMENT_3D('',#2097,#2098,#2099);
#2097 = CARTESIAN_POINT('',(190.82568421935,191.9,1.8));
#2098 = DIRECTION('',(-1.110223024625E-16,-1.,-0.));
#2099 = DIRECTION('',(-1.,1.110223024625E-16,0.));
#2100 = ADVANCED_FACE('',(#2101),#2112,.T.);
#2101 = FACE_BOUND('',#2102,.F.);
#2102 = EDGE_LOOP('',(#2103,#2104,#2105,#2111));
#2103 = ORIENTED_EDGE('',*,*,#1623,.T.);
#2104 = ORIENTED_EDGE('',*,*,#2066,.T.);
#2105 = ORIENTED_EDGE('',*,*,#2106,.T.);
#2106 = EDGE_CURVE('',#2059,#2082,#2107,.T.);
#2107 = LINE('',#2108,#2109);
#2108 = CARTESIAN_POINT('',(189.1513684387,189.,4.6));
#2109 = VECTOR('',#2110,1.);
#2110 = DIRECTION('',(0.5,0.866025403784,0.));
#2111 = ORIENTED_EDGE('',*,*,#2081,.F.);
#2112 = PLANE('',#2113);
#2113 = AXIS2_PLACEMENT_3D('',#2114,#2115,#2116);
#2114 = CARTESIAN_POINT('',(189.1513684387,189.,1.8));
#2115 = DIRECTION('',(0.866025403784,-0.5,-0.));
#2116 = DIRECTION('',(-0.5,-0.866025403784,0.));
#2117 = ADVANCED_FACE('',(#2118),#2143,.T.);
#2118 = FACE_BOUND('',#2119,.F.);
#2119 = EDGE_LOOP('',(#2120,#2128,#2136,#2142));
#2120 = ORIENTED_EDGE('',*,*,#2121,.F.);
#2121 = EDGE_CURVE('',#2122,#1660,#2124,.T.);
#2122 = VERTEX_POINT('',#2123);
#2123 = CARTESIAN_POINT('',(202.8,185.4513684387,2.4513684387));
#2124 = LINE('',#2125,#2126);
#2125 = CARTESIAN_POINT('',(202.8,185.4513684387,2.4513684387));
#2126 = VECTOR('',#2127,1.);
#2127 = DIRECTION('',(1.110223024625E-16,1.,0.));
#2128 = ORIENTED_EDGE('',*,*,#2129,.F.);
#2129 = EDGE_CURVE('',#2130,#2122,#2132,.T.);
#2130 = VERTEX_POINT('',#2131);
#2131 = CARTESIAN_POINT('',(200.2,185.4513684387,2.4513684387));
#2132 = LINE('',#2133,#2134);
#2133 = CARTESIAN_POINT('',(200.2,185.4513684387,2.4513684387));
#2134 = VECTOR('',#2135,1.);
#2135 = DIRECTION('',(1.,-1.110223024625E-16,-0.));
#2136 = ORIENTED_EDGE('',*,*,#2137,.T.);
#2137 = EDGE_CURVE('',#2130,#1662,#2138,.T.);
#2138 = LINE('',#2139,#2140);
#2139 = CARTESIAN_POINT('',(200.2,185.4513684387,2.4513684387));
#2140 = VECTOR('',#2141,1.);
#2141 = DIRECTION('',(1.110223024625E-16,1.,0.));
#2142 = ORIENTED_EDGE('',*,*,#1659,.F.);
#2143 = PLANE('',#2144);
#2144 = AXIS2_PLACEMENT_3D('',#2145,#2146,#2147);
#2145 = CARTESIAN_POINT('',(200.2,185.4513684387,2.4513684387));
#2146 = DIRECTION('',(0.,0.,1.));
#2147 = DIRECTION('',(-1.110223024625E-16,-1.,0.));
#2148 = ADVANCED_FACE('',(#2149,#2167),#2217,.F.);
#2149 = FACE_BOUND('',#2150,.T.);
#2150 = EDGE_LOOP('',(#2151,#2152,#2160,#2166));
#2151 = ORIENTED_EDGE('',*,*,#2121,.F.);
#2152 = ORIENTED_EDGE('',*,*,#2153,.T.);
#2153 = EDGE_CURVE('',#2122,#2154,#2156,.T.);
#2154 = VERTEX_POINT('',#2155);
#2155 = CARTESIAN_POINT('',(202.8,185.4513684387,9.5486315613));
#2156 = LINE('',#2157,#2158);
#2157 = CARTESIAN_POINT('',(202.8,185.4513684387,2.4513684387));
#2158 = VECTOR('',#2159,1.);
#2159 = DIRECTION('',(0.,0.,1.));
#2160 = ORIENTED_EDGE('',*,*,#2161,.T.);
#2161 = EDGE_CURVE('',#2154,#1678,#2162,.T.);
#2162 = LINE('',#2163,#2164);
#2163 = CARTESIAN_POINT('',(202.8,185.4513684387,9.5486315613));
#2164 = VECTOR('',#2165,1.);
#2165 = DIRECTION('',(1.110223024625E-16,1.,0.));
#2166 = ORIENTED_EDGE('',*,*,#1685,.F.);
#2167 = FACE_BOUND('',#2168,.T.);
#2168 = EDGE_LOOP('',(#2169,#2179,#2187,#2195,#2203,#2211));
#2169 = ORIENTED_EDGE('',*,*,#2170,.T.);
#2170 = EDGE_CURVE('',#2171,#2173,#2175,.T.);
#2171 = VERTEX_POINT('',#2172);
#2172 = CARTESIAN_POINT('',(202.8,191.9,4.32568421935));
#2173 = VERTEX_POINT('',#2174);
#2174 = CARTESIAN_POINT('',(202.8,191.9,7.67431578065));
#2175 = LINE('',#2176,#2177);
#2176 = CARTESIAN_POINT('',(202.8,191.9,4.32568421935));
#2177 = VECTOR('',#2178,1.);
#2178 = DIRECTION('',(0.,0.,1.));
#2179 = ORIENTED_EDGE('',*,*,#2180,.T.);
#2180 = EDGE_CURVE('',#2173,#2181,#2183,.T.);
#2181 = VERTEX_POINT('',#2182);
#2182 = CARTESIAN_POINT('',(202.8,189.,9.3486315613));
#2183 = LINE('',#2184,#2185);
#2184 = CARTESIAN_POINT('',(202.8,191.9,7.67431578065));
#2185 = VECTOR('',#2186,1.);
#2186 = DIRECTION('',(-9.614813431918E-17,-0.866025403784,0.5));
#2187 = ORIENTED_EDGE('',*,*,#2188,.T.);
#2188 = EDGE_CURVE('',#2181,#2189,#2191,.T.);
#2189 = VERTEX_POINT('',#2190);
#2190 = CARTESIAN_POINT('',(202.8,186.1,7.67431578065));
#2191 = LINE('',#2192,#2193);
#2192 = CARTESIAN_POINT('',(202.8,189.,9.3486315613));
#2193 = VECTOR('',#2194,1.);
#2194 = DIRECTION('',(-9.614813431918E-17,-0.866025403784,-0.5));
#2195 = ORIENTED_EDGE('',*,*,#2196,.T.);
#2196 = EDGE_CURVE('',#2189,#2197,#2199,.T.);
#2197 = VERTEX_POINT('',#2198);
#2198 = CARTESIAN_POINT('',(202.8,186.1,4.32568421935));
#2199 = LINE('',#2200,#2201);
#2200 = CARTESIAN_POINT('',(202.8,186.1,7.67431578065));
#2201 = VECTOR('',#2202,1.);
#2202 = DIRECTION('',(0.,-0.,-1.));
#2203 = ORIENTED_EDGE('',*,*,#2204,.T.);
#2204 = EDGE_CURVE('',#2197,#2205,#2207,.T.);
#2205 = VERTEX_POINT('',#2206);
#2206 = CARTESIAN_POINT('',(202.8,189.,2.6513684387));
#2207 = LINE('',#2208,#2209);
#2208 = CARTESIAN_POINT('',(202.8,186.1,4.32568421935));
#2209 = VECTOR('',#2210,1.);
#2210 = DIRECTION('',(9.614813431918E-17,0.866025403784,-0.5));
#2211 = ORIENTED_EDGE('',*,*,#2212,.T.);
#2212 = EDGE_CURVE('',#2205,#2171,#2213,.T.);
#2213 = LINE('',#2214,#2215);
#2214 = CARTESIAN_POINT('',(202.8,189.,2.6513684387));
#2215 = VECTOR('',#2216,1.);
#2216 = DIRECTION('',(9.614813431918E-17,0.866025403784,0.5));
#2217 = PLANE('',#2218);
#2218 = AXIS2_PLACEMENT_3D('',#2219,#2220,#2221);
#2219 = CARTESIAN_POINT('',(202.8,185.4513684387,2.4513684387));
#2220 = DIRECTION('',(1.,-1.110223024625E-16,-0.));
#2221 = DIRECTION('',(0.,0.,-1.));
#2222 = ADVANCED_FACE('',(#2223),#2241,.F.);
#2223 = FACE_BOUND('',#2224,.T.);
#2224 = EDGE_LOOP('',(#2225,#2226,#2234,#2240));
#2225 = ORIENTED_EDGE('',*,*,#2161,.F.);
#2226 = ORIENTED_EDGE('',*,*,#2227,.F.);
#2227 = EDGE_CURVE('',#2228,#2154,#2230,.T.);
#2228 = VERTEX_POINT('',#2229);
#2229 = CARTESIAN_POINT('',(200.2,185.4513684387,9.5486315613));
#2230 = LINE('',#2231,#2232);
#2231 = CARTESIAN_POINT('',(200.2,185.4513684387,9.5486315613));
#2232 = VECTOR('',#2233,1.);
#2233 = DIRECTION('',(1.,-1.110223024625E-16,-0.));
#2234 = ORIENTED_EDGE('',*,*,#2235,.T.);
#2235 = EDGE_CURVE('',#2228,#1670,#2236,.T.);
#2236 = LINE('',#2237,#2238);
#2237 = CARTESIAN_POINT('',(200.2,185.4513684387,9.5486315613));
#2238 = VECTOR('',#2239,1.);
#2239 = DIRECTION('',(1.110223024625E-16,1.,0.));
#2240 = ORIENTED_EDGE('',*,*,#1677,.F.);
#2241 = PLANE('',#2242);
#2242 = AXIS2_PLACEMENT_3D('',#2243,#2244,#2245);
#2243 = CARTESIAN_POINT('',(200.2,185.4513684387,9.5486315613));
#2244 = DIRECTION('',(0.,0.,1.));
#2245 = DIRECTION('',(-1.110223024625E-16,-1.,0.));
#2246 = ADVANCED_FACE('',(#2247,#2258),#2308,.T.);
#2247 = FACE_BOUND('',#2248,.F.);
#2248 = EDGE_LOOP('',(#2249,#2250,#2256,#2257));
#2249 = ORIENTED_EDGE('',*,*,#2137,.F.);
#2250 = ORIENTED_EDGE('',*,*,#2251,.T.);
#2251 = EDGE_CURVE('',#2130,#2228,#2252,.T.);
#2252 = LINE('',#2253,#2254);
#2253 = CARTESIAN_POINT('',(200.2,185.4513684387,2.4513684387));
#2254 = VECTOR('',#2255,1.);
#2255 = DIRECTION('',(0.,0.,1.));
#2256 = ORIENTED_EDGE('',*,*,#2235,.T.);
#2257 = ORIENTED_EDGE('',*,*,#1669,.F.);
#2258 = FACE_BOUND('',#2259,.F.);
#2259 = EDGE_LOOP('',(#2260,#2270,#2278,#2286,#2294,#2302));
#2260 = ORIENTED_EDGE('',*,*,#2261,.T.);
#2261 = EDGE_CURVE('',#2262,#2264,#2266,.T.);
#2262 = VERTEX_POINT('',#2263);
#2263 = CARTESIAN_POINT('',(200.2,191.9,4.32568421935));
#2264 = VERTEX_POINT('',#2265);
#2265 = CARTESIAN_POINT('',(200.2,191.9,7.67431578065));
#2266 = LINE('',#2267,#2268);
#2267 = CARTESIAN_POINT('',(200.2,191.9,4.32568421935));
#2268 = VECTOR('',#2269,1.);
#2269 = DIRECTION('',(0.,0.,1.));
#2270 = ORIENTED_EDGE('',*,*,#2271,.T.);
#2271 = EDGE_CURVE('',#2264,#2272,#2274,.T.);
#2272 = VERTEX_POINT('',#2273);
#2273 = CARTESIAN_POINT('',(200.2,189.,9.3486315613));
#2274 = LINE('',#2275,#2276);
#2275 = CARTESIAN_POINT('',(200.2,191.9,7.67431578065));
#2276 = VECTOR('',#2277,1.);
#2277 = DIRECTION('',(-9.614813431918E-17,-0.866025403784,0.5));
#2278 = ORIENTED_EDGE('',*,*,#2279,.T.);
#2279 = EDGE_CURVE('',#2272,#2280,#2282,.T.);
#2280 = VERTEX_POINT('',#2281);
#2281 = CARTESIAN_POINT('',(200.2,186.1,7.67431578065));
#2282 = LINE('',#2283,#2284);
#2283 = CARTESIAN_POINT('',(200.2,189.,9.3486315613));
#2284 = VECTOR('',#2285,1.);
#2285 = DIRECTION('',(-9.614813431918E-17,-0.866025403784,-0.5));
#2286 = ORIENTED_EDGE('',*,*,#2287,.T.);
#2287 = EDGE_CURVE('',#2280,#2288,#2290,.T.);
#2288 = VERTEX_POINT('',#2289);
#2289 = CARTESIAN_POINT('',(200.2,186.1,4.32568421935));
#2290 = LINE('',#2291,#2292);
#2291 = CARTESIAN_POINT('',(200.2,186.1,7.67431578065));
#2292 = VECTOR('',#2293,1.);
#2293 = DIRECTION('',(0.,-0.,-1.));
#2294 = ORIENTED_EDGE('',*,*,#2295,.T.);
#2295 = EDGE_CURVE('',#2288,#2296,#2298,.T.);
#2296 = VERTEX_POINT('',#2297);
#2297 = CARTESIAN_POINT('',(200.2,189.,2.6513684387));
#2298 = LINE('',#2299,#2300);
#2299 = CARTESIAN_POINT('',(200.2,186.1,4.32568421935));
#2300 = VECTOR('',#2301,1.);
#2301 = DIRECTION('',(9.614813431918E-17,0.866025403784,-0.5));
#2302 = ORIENTED_EDGE('',*,*,#2303,.T.);
#2303 = EDGE_CURVE('',#2296,#2262,#2304,.T.);
#2304 = LINE('',#2305,#2306);
#2305 = CARTESIAN_POINT('',(200.2,189.,2.6513684387));
#2306 = VECTOR('',#2307,1.);
#2307 = DIRECTION('',(9.614813431918E-17,0.866025403784,0.5));
#2308 = PLANE('',#2309);
#2309 = AXIS2_PLACEMENT_3D('',#2310,#2311,#2312);
#2310 = CARTESIAN_POINT('',(200.2,185.4513684387,2.4513684387));
#2311 = DIRECTION('',(1.,-1.110223024625E-16,-0.));
#2312 = DIRECTION('',(0.,0.,-1.));
#2313 = ADVANCED_FACE('',(#2314),#2339,.T.);
#2314 = FACE_BOUND('',#2315,.F.);
#2315 = EDGE_LOOP('',(#2316,#2324,#2332,#2338));
#2316 = ORIENTED_EDGE('',*,*,#2317,.F.);
#2317 = EDGE_CURVE('',#2318,#1694,#2320,.T.);
#2318 = VERTEX_POINT('',#2319);
#2319 = CARTESIAN_POINT('',(152.8,185.4513684387,2.4513684387));
#2320 = LINE('',#2321,#2322);
#2321 = CARTESIAN_POINT('',(152.8,185.4513684387,2.4513684387));
#2322 = VECTOR('',#2323,1.);
#2323 = DIRECTION('',(1.110223024625E-16,1.,0.));
#2324 = ORIENTED_EDGE('',*,*,#2325,.F.);
#2325 = EDGE_CURVE('',#2326,#2318,#2328,.T.);
#2326 = VERTEX_POINT('',#2327);
#2327 = CARTESIAN_POINT('',(150.2,185.4513684387,2.4513684387));
#2328 = LINE('',#2329,#2330);
#2329 = CARTESIAN_POINT('',(150.2,185.4513684387,2.4513684387));
#2330 = VECTOR('',#2331,1.);
#2331 = DIRECTION('',(1.,-1.110223024625E-16,-0.));
#2332 = ORIENTED_EDGE('',*,*,#2333,.T.);
#2333 = EDGE_CURVE('',#2326,#1696,#2334,.T.);
#2334 = LINE('',#2335,#2336);
#2335 = CARTESIAN_POINT('',(150.2,185.4513684387,2.4513684387));
#2336 = VECTOR('',#2337,1.);
#2337 = DIRECTION('',(1.110223024625E-16,1.,0.));
#2338 = ORIENTED_EDGE('',*,*,#1693,.F.);
#2339 = PLANE('',#2340);
#2340 = AXIS2_PLACEMENT_3D('',#2341,#2342,#2343);
#2341 = CARTESIAN_POINT('',(150.2,185.4513684387,2.4513684387));
#2342 = DIRECTION('',(0.,0.,1.));
#2343 = DIRECTION('',(-1.110223024625E-16,-1.,0.));
#2344 = ADVANCED_FACE('',(#2345,#2363),#2413,.F.);
#2345 = FACE_BOUND('',#2346,.T.);
#2346 = EDGE_LOOP('',(#2347,#2348,#2356,#2362));
#2347 = ORIENTED_EDGE('',*,*,#2317,.F.);
#2348 = ORIENTED_EDGE('',*,*,#2349,.T.);
#2349 = EDGE_CURVE('',#2318,#2350,#2352,.T.);
#2350 = VERTEX_POINT('',#2351);
#2351 = CARTESIAN_POINT('',(152.8,185.4513684387,9.5486315613));
#2352 = LINE('',#2353,#2354);
#2353 = CARTESIAN_POINT('',(152.8,185.4513684387,2.4513684387));
#2354 = VECTOR('',#2355,1.);
#2355 = DIRECTION('',(0.,0.,1.));
#2356 = ORIENTED_EDGE('',*,*,#2357,.T.);
#2357 = EDGE_CURVE('',#2350,#1712,#2358,.T.);
#2358 = LINE('',#2359,#2360);
#2359 = CARTESIAN_POINT('',(152.8,185.4513684387,9.5486315613));
#2360 = VECTOR('',#2361,1.);
#2361 = DIRECTION('',(1.110223024625E-16,1.,0.));
#2362 = ORIENTED_EDGE('',*,*,#1719,.F.);
#2363 = FACE_BOUND('',#2364,.T.);
#2364 = EDGE_LOOP('',(#2365,#2375,#2383,#2391,#2399,#2407));
#2365 = ORIENTED_EDGE('',*,*,#2366,.T.);
#2366 = EDGE_CURVE('',#2367,#2369,#2371,.T.);
#2367 = VERTEX_POINT('',#2368);
#2368 = CARTESIAN_POINT('',(152.8,191.9,4.32568421935));
#2369 = VERTEX_POINT('',#2370);
#2370 = CARTESIAN_POINT('',(152.8,191.9,7.67431578065));
#2371 = LINE('',#2372,#2373);
#2372 = CARTESIAN_POINT('',(152.8,191.9,4.32568421935));
#2373 = VECTOR('',#2374,1.);
#2374 = DIRECTION('',(0.,0.,1.));
#2375 = ORIENTED_EDGE('',*,*,#2376,.T.);
#2376 = EDGE_CURVE('',#2369,#2377,#2379,.T.);
#2377 = VERTEX_POINT('',#2378);
#2378 = CARTESIAN_POINT('',(152.8,189.,9.3486315613));
#2379 = LINE('',#2380,#2381);
#2380 = CARTESIAN_POINT('',(152.8,191.9,7.67431578065));
#2381 = VECTOR('',#2382,1.);
#2382 = DIRECTION('',(-9.614813431918E-17,-0.866025403784,0.5));
#2383 = ORIENTED_EDGE('',*,*,#2384,.T.);
#2384 = EDGE_CURVE('',#2377,#2385,#2387,.T.);
#2385 = VERTEX_POINT('',#2386);
#2386 = CARTESIAN_POINT('',(152.8,186.1,7.67431578065));
#2387 = LINE('',#2388,#2389);
#2388 = CARTESIAN_POINT('',(152.8,189.,9.3486315613));
#2389 = VECTOR('',#2390,1.);
#2390 = DIRECTION('',(-9.614813431918E-17,-0.866025403784,-0.5));
#2391 = ORIENTED_EDGE('',*,*,#2392,.T.);
#2392 = EDGE_CURVE('',#2385,#2393,#2395,.T.);
#2393 = VERTEX_POINT('',#2394);
#2394 = CARTESIAN_POINT('',(152.8,186.1,4.32568421935));
#2395 = LINE('',#2396,#2397);
#2396 = CARTESIAN_POINT('',(152.8,186.1,7.67431578065));
#2397 = VECTOR('',#2398,1.);
#2398 = DIRECTION('',(0.,-0.,-1.));
#2399 = ORIENTED_EDGE('',*,*,#2400,.T.);
#2400 = EDGE_CURVE('',#2393,#2401,#2403,.T.);
#2401 = VERTEX_POINT('',#2402);
#2402 = CARTESIAN_POINT('',(152.8,189.,2.6513684387));
#2403 = LINE('',#2404,#2405);
#2404 = CARTESIAN_POINT('',(152.8,186.1,4.32568421935));
#2405 = VECTOR('',#2406,1.);
#2406 = DIRECTION('',(9.614813431918E-17,0.866025403784,-0.5));
#2407 = ORIENTED_EDGE('',*,*,#2408,.T.);
#2408 = EDGE_CURVE('',#2401,#2367,#2409,.T.);
#2409 = LINE('',#2410,#2411);
#2410 = CARTESIAN_POINT('',(152.8,189.,2.6513684387));
#2411 = VECTOR('',#2412,1.);
#2412 = DIRECTION('',(9.614813431918E-17,0.866025403784,0.5));
#2413 = PLANE('',#2414);
#2414 = AXIS2_PLACEMENT_3D('',#2415,#2416,#2417);
#2415 = CARTESIAN_POINT('',(152.8,185.4513684387,2.4513684387));
#2416 = DIRECTION('',(1.,-1.110223024625E-16,-0.));
#2417 = DIRECTION('',(0.,0.,-1.));
#2418 = ADVANCED_FACE('',(#2419,#2437),#2487,.T.);
#2419 = FACE_BOUND('',#2420,.F.);
#2420 = EDGE_LOOP('',(#2421,#2422,#2430,#2436));
#2421 = ORIENTED_EDGE('',*,*,#2333,.F.);
#2422 = ORIENTED_EDGE('',*,*,#2423,.T.);
#2423 = EDGE_CURVE('',#2326,#2424,#2426,.T.);
#2424 = VERTEX_POINT('',#2425);
#2425 = CARTESIAN_POINT('',(150.2,185.4513684387,9.5486315613));
#2426 = LINE('',#2427,#2428);
#2427 = CARTESIAN_POINT('',(150.2,185.4513684387,2.4513684387));
#2428 = VECTOR('',#2429,1.);
#2429 = DIRECTION('',(0.,0.,1.));
#2430 = ORIENTED_EDGE('',*,*,#2431,.T.);
#2431 = EDGE_CURVE('',#2424,#1704,#2432,.T.);
#2432 = LINE('',#2433,#2434);
#2433 = CARTESIAN_POINT('',(150.2,185.4513684387,9.5486315613));
#2434 = VECTOR('',#2435,1.);
#2435 = DIRECTION('',(1.110223024625E-16,1.,0.));
#2436 = ORIENTED_EDGE('',*,*,#1703,.F.);
#2437 = FACE_BOUND('',#2438,.F.);
#2438 = EDGE_LOOP('',(#2439,#2449,#2457,#2465,#2473,#2481));
#2439 = ORIENTED_EDGE('',*,*,#2440,.T.);
#2440 = EDGE_CURVE('',#2441,#2443,#2445,.T.);
#2441 = VERTEX_POINT('',#2442);
#2442 = CARTESIAN_POINT('',(150.2,191.9,4.32568421935));
#2443 = VERTEX_POINT('',#2444);
#2444 = CARTESIAN_POINT('',(150.2,191.9,7.67431578065));
#2445 = LINE('',#2446,#2447);
#2446 = CARTESIAN_POINT('',(150.2,191.9,4.32568421935));
#2447 = VECTOR('',#2448,1.);
#2448 = DIRECTION('',(0.,0.,1.));
#2449 = ORIENTED_EDGE('',*,*,#2450,.T.);
#2450 = EDGE_CURVE('',#2443,#2451,#2453,.T.);
#2451 = VERTEX_POINT('',#2452);
#2452 = CARTESIAN_POINT('',(150.2,189.,9.3486315613));
#2453 = LINE('',#2454,#2455);
#2454 = CARTESIAN_POINT('',(150.2,191.9,7.67431578065));
#2455 = VECTOR('',#2456,1.);
#2456 = DIRECTION('',(-9.614813431918E-17,-0.866025403784,0.5));
#2457 = ORIENTED_EDGE('',*,*,#2458,.T.);
#2458 = EDGE_CURVE('',#2451,#2459,#2461,.T.);
#2459 = VERTEX_POINT('',#2460);
#2460 = CARTESIAN_POINT('',(150.2,186.1,7.67431578065));
#2461 = LINE('',#2462,#2463);
#2462 = CARTESIAN_POINT('',(150.2,189.,9.3486315613));
#2463 = VECTOR('',#2464,1.);
#2464 = DIRECTION('',(-9.614813431918E-17,-0.866025403784,-0.5));
#2465 = ORIENTED_EDGE('',*,*,#2466,.T.);
#2466 = EDGE_CURVE('',#2459,#2467,#2469,.T.);
#2467 = VERTEX_POINT('',#2468);
#2468 = CARTESIAN_POINT('',(150.2,186.1,4.32568421935));
#2469 = LINE('',#2470,#2471);
#2470 = CARTESIAN_POINT('',(150.2,186.1,7.67431578065));
#2471 = VECTOR('',#2472,1.);
#2472 = DIRECTION('',(0.,-0.,-1.));
#2473 = ORIENTED_EDGE('',*,*,#2474,.T.);
#2474 = EDGE_CURVE('',#2467,#2475,#2477,.T.);
#2475 = VERTEX_POINT('',#2476);
#2476 = CARTESIAN_POINT('',(150.2,189.,2.6513684387));
#2477 = LINE('',#2478,#2479);
#2478 = CARTESIAN_POINT('',(150.2,186.1,4.32568421935));
#2479 = VECTOR('',#2480,1.);
#2480 = DIRECTION('',(9.614813431918E-17,0.866025403784,-0.5));
#2481 = ORIENTED_EDGE('',*,*,#2482,.T.);
#2482 = EDGE_CURVE('',#2475,#2441,#2483,.T.);
#2483 = LINE('',#2484,#2485);
#2484 = CARTESIAN_POINT('',(150.2,189.,2.6513684387));
#2485 = VECTOR('',#2486,1.);
#2486 = DIRECTION('',(9.614813431918E-17,0.866025403784,0.5));
#2487 = PLANE('',#2488);
#2488 = AXIS2_PLACEMENT_3D('',#2489,#2490,#2491);
#2489 = CARTESIAN_POINT('',(150.2,185.4513684387,2.4513684387));
#2490 = DIRECTION('',(1.,-1.110223024625E-16,-0.));
#2491 = DIRECTION('',(0.,0.,-1.));
#2492 = ADVANCED_FACE('',(#2493),#2504,.F.);
#2493 = FACE_BOUND('',#2494,.T.);
#2494 = EDGE_LOOP('',(#2495,#2496,#2502,#2503));
#2495 = ORIENTED_EDGE('',*,*,#2357,.F.);
#2496 = ORIENTED_EDGE('',*,*,#2497,.F.);
#2497 = EDGE_CURVE('',#2424,#2350,#2498,.T.);
#2498 = LINE('',#2499,#2500);
#2499 = CARTESIAN_POINT('',(150.2,185.4513684387,9.5486315613));
#2500 = VECTOR('',#2501,1.);
#2501 = DIRECTION('',(1.,-1.110223024625E-16,-0.));
#2502 = ORIENTED_EDGE('',*,*,#2431,.T.);
#2503 = ORIENTED_EDGE('',*,*,#1711,.F.);
#2504 = PLANE('',#2505);
#2505 = AXIS2_PLACEMENT_3D('',#2506,#2507,#2508);
#2506 = CARTESIAN_POINT('',(150.2,185.4513684387,9.5486315613));
#2507 = DIRECTION('',(0.,0.,1.));
#2508 = DIRECTION('',(-1.110223024625E-16,-1.,0.));
#2509 = ADVANCED_FACE('',(#2510,#2518),#2521,.F.);
#2510 = FACE_BOUND('',#2511,.T.);
#2511 = EDGE_LOOP('',(#2512,#2513,#2514,#2515,#2516,#2517));
#2512 = ORIENTED_EDGE('',*,*,#2450,.T.);
#2513 = ORIENTED_EDGE('',*,*,#2458,.T.);
#2514 = ORIENTED_EDGE('',*,*,#2466,.T.);
#2515 = ORIENTED_EDGE('',*,*,#2474,.T.);
#2516 = ORIENTED_EDGE('',*,*,#2482,.T.);
#2517 = ORIENTED_EDGE('',*,*,#2440,.T.);
#2518 = FACE_BOUND('',#2519,.T.);
#2519 = EDGE_LOOP('',(#2520));
#2520 = ORIENTED_EDGE('',*,*,#1733,.T.);
#2521 = PLANE('',#2522);
#2522 = AXIS2_PLACEMENT_3D('',#2523,#2524,#2525);
#2523 = CARTESIAN_POINT('',(150.2,189.,6.));
#2524 = DIRECTION('',(-1.,1.110223024625E-16,0.));
#2525 = DIRECTION('',(0.,0.,1.));
#2526 = ADVANCED_FACE('',(#2527,#2535),#2538,.F.);
#2527 = FACE_BOUND('',#2528,.T.);
#2528 = EDGE_LOOP('',(#2529,#2530,#2531,#2532,#2533,#2534));
#2529 = ORIENTED_EDGE('',*,*,#1962,.T.);
#2530 = ORIENTED_EDGE('',*,*,#1842,.T.);
#2531 = ORIENTED_EDGE('',*,*,#1866,.T.);
#2532 = ORIENTED_EDGE('',*,*,#1890,.T.);
#2533 = ORIENTED_EDGE('',*,*,#1914,.T.);
#2534 = ORIENTED_EDGE('',*,*,#1938,.T.);
#2535 = FACE_BOUND('',#2536,.T.);
#2536 = EDGE_LOOP('',(#2537));
#2537 = ORIENTED_EDGE('',*,*,#1767,.F.);
#2538 = PLANE('',#2539);
#2539 = AXIS2_PLACEMENT_3D('',#2540,#2541,#2542);
#2540 = CARTESIAN_POINT('',(160.5,189.,4.6));
#2541 = DIRECTION('',(0.,0.,1.));
#2542 = DIRECTION('',(-1.110223024625E-16,-1.,0.));
#2543 = ADVANCED_FACE('',(#2544,#2552),#2555,.F.);
#2544 = FACE_BOUND('',#2545,.T.);
#2545 = EDGE_LOOP('',(#2546,#2547,#2548,#2549,#2550,#2551));
#2546 = ORIENTED_EDGE('',*,*,#2041,.T.);
#2547 = ORIENTED_EDGE('',*,*,#1986,.T.);
#2548 = ORIENTED_EDGE('',*,*,#2010,.T.);
#2549 = ORIENTED_EDGE('',*,*,#2058,.T.);
#2550 = ORIENTED_EDGE('',*,*,#2106,.T.);
#2551 = ORIENTED_EDGE('',*,*,#2089,.T.);
#2552 = FACE_BOUND('',#2553,.T.);
#2553 = EDGE_LOOP('',(#2554));
#2554 = ORIENTED_EDGE('',*,*,#1792,.F.);
#2555 = PLANE('',#2556);
#2556 = AXIS2_PLACEMENT_3D('',#2557,#2558,#2559);
#2557 = CARTESIAN_POINT('',(192.5,189.,4.6));
#2558 = DIRECTION('',(0.,0.,1.));
#2559 = DIRECTION('',(-1.110223024625E-16,-1.,0.));
#2560 = ADVANCED_FACE('',(#2561,#2569),#2572,.T.);
#2561 = FACE_BOUND('',#2562,.F.);
#2562 = EDGE_LOOP('',(#2563,#2564,#2565,#2566,#2567,#2568));
#2563 = ORIENTED_EDGE('',*,*,#2180,.T.);
#2564 = ORIENTED_EDGE('',*,*,#2188,.T.);
#2565 = ORIENTED_EDGE('',*,*,#2196,.T.);
#2566 = ORIENTED_EDGE('',*,*,#2204,.T.);
#2567 = ORIENTED_EDGE('',*,*,#2212,.T.);
#2568 = ORIENTED_EDGE('',*,*,#2170,.T.);
#2569 = FACE_BOUND('',#2570,.F.);
#2570 = EDGE_LOOP('',(#2571));
#2571 = ORIENTED_EDGE('',*,*,#1817,.T.);
#2572 = PLANE('',#2573);
#2573 = AXIS2_PLACEMENT_3D('',#2574,#2575,#2576);
#2574 = CARTESIAN_POINT('',(202.8,189.,6.));
#2575 = DIRECTION('',(-1.,1.110223024625E-16,0.));
#2576 = DIRECTION('',(0.,0.,1.));
#2577 = ADVANCED_FACE('',(#2578),#2584,.T.);
#2578 = FACE_BOUND('',#2579,.F.);
#2579 = EDGE_LOOP('',(#2580,#2581,#2582,#2583));
#2580 = ORIENTED_EDGE('',*,*,#2251,.F.);
#2581 = ORIENTED_EDGE('',*,*,#2129,.T.);
#2582 = ORIENTED_EDGE('',*,*,#2153,.T.);
#2583 = ORIENTED_EDGE('',*,*,#2227,.F.);
#2584 = PLANE('',#2585);
#2585 = AXIS2_PLACEMENT_3D('',#2586,#2587,#2588);
#2586 = CARTESIAN_POINT('',(200.2,185.4513684387,2.4513684387));
#2587 = DIRECTION('',(1.110223024625E-16,1.,0.));
#2588 = DIRECTION('',(0.,0.,-1.));
#2589 = ADVANCED_FACE('',(#2590,#2598),#2609,.F.);
#2590 = FACE_BOUND('',#2591,.T.);
#2591 = EDGE_LOOP('',(#2592,#2593,#2594,#2595,#2596,#2597));
#2592 = ORIENTED_EDGE('',*,*,#2271,.T.);
#2593 = ORIENTED_EDGE('',*,*,#2279,.T.);
#2594 = ORIENTED_EDGE('',*,*,#2287,.T.);
#2595 = ORIENTED_EDGE('',*,*,#2295,.T.);
#2596 = ORIENTED_EDGE('',*,*,#2303,.T.);
#2597 = ORIENTED_EDGE('',*,*,#2261,.T.);
#2598 = FACE_BOUND('',#2599,.T.);
#2599 = EDGE_LOOP('',(#2600));
#2600 = ORIENTED_EDGE('',*,*,#2601,.T.);
#2601 = EDGE_CURVE('',#2602,#2602,#2604,.T.);
#2602 = VERTEX_POINT('',#2603);
#2603 = CARTESIAN_POINT('',(200.2,189.,7.75));
#2604 = CIRCLE('',#2605,1.75);
#2605 = AXIS2_PLACEMENT_3D('',#2606,#2607,#2608);
#2606 = CARTESIAN_POINT('',(200.2,189.,6.));
#2607 = DIRECTION('',(-1.,1.110223024625E-16,0.));
#2608 = DIRECTION('',(0.,0.,1.));
#2609 = PLANE('',#2610);
#2610 = AXIS2_PLACEMENT_3D('',#2611,#2612,#2613);
#2611 = CARTESIAN_POINT('',(200.2,189.,6.));
#2612 = DIRECTION('',(-1.,1.110223024625E-16,0.));
#2613 = DIRECTION('',(0.,0.,1.));
#2614 = ADVANCED_FACE('',(#2615),#2621,.T.);
#2615 = FACE_BOUND('',#2616,.F.);
#2616 = EDGE_LOOP('',(#2617,#2618,#2619,#2620));
#2617 = ORIENTED_EDGE('',*,*,#2423,.F.);
#2618 = ORIENTED_EDGE('',*,*,#2325,.T.);
#2619 = ORIENTED_EDGE('',*,*,#2349,.T.);
#2620 = ORIENTED_EDGE('',*,*,#2497,.F.);
#2621 = PLANE('',#2622);
#2622 = AXIS2_PLACEMENT_3D('',#2623,#2624,#2625);
#2623 = CARTESIAN_POINT('',(150.2,185.4513684387,2.4513684387));
#2624 = DIRECTION('',(1.110223024625E-16,1.,0.));
#2625 = DIRECTION('',(0.,0.,-1.));
#2626 = ADVANCED_FACE('',(#2627,#2635),#2646,.T.);
#2627 = FACE_BOUND('',#2628,.F.);
#2628 = EDGE_LOOP('',(#2629,#2630,#2631,#2632,#2633,#2634));
#2629 = ORIENTED_EDGE('',*,*,#2376,.T.);
#2630 = ORIENTED_EDGE('',*,*,#2384,.T.);
#2631 = ORIENTED_EDGE('',*,*,#2392,.T.);
#2632 = ORIENTED_EDGE('',*,*,#2400,.T.);
#2633 = ORIENTED_EDGE('',*,*,#2408,.T.);
#2634 = ORIENTED_EDGE('',*,*,#2366,.T.);
#2635 = FACE_BOUND('',#2636,.F.);
#2636 = EDGE_LOOP('',(#2637));
#2637 = ORIENTED_EDGE('',*,*,#2638,.T.);
#2638 = EDGE_CURVE('',#2639,#2639,#2641,.T.);
#2639 = VERTEX_POINT('',#2640);
#2640 = CARTESIAN_POINT('',(152.8,189.,7.75));
#2641 = CIRCLE('',#2642,1.75);
#2642 = AXIS2_PLACEMENT_3D('',#2643,#2644,#2645);
#2643 = CARTESIAN_POINT('',(152.8,189.,6.));
#2644 = DIRECTION('',(-1.,1.110223024625E-16,0.));
#2645 = DIRECTION('',(0.,0.,1.));
#2646 = PLANE('',#2647);
#2647 = AXIS2_PLACEMENT_3D('',#2648,#2649,#2650);
#2648 = CARTESIAN_POINT('',(152.8,189.,6.));
#2649 = DIRECTION('',(-1.,1.110223024625E-16,0.));
#2650 = DIRECTION('',(0.,0.,1.));
#2651 = ADVANCED_FACE('',(#2652),#2671,.F.);
#2652 = FACE_BOUND('',#2653,.T.);
#2653 = EDGE_LOOP('',(#2654,#2655,#2663,#2670));
#2654 = ORIENTED_EDGE('',*,*,#2601,.F.);
#2655 = ORIENTED_EDGE('',*,*,#2656,.F.);
#2656 = EDGE_CURVE('',#2657,#2602,#2659,.T.);
#2657 = VERTEX_POINT('',#2658);
#2658 = CARTESIAN_POINT('',(198.6,189.,7.75));
#2659 = LINE('',#2660,#2661);
#2660 = CARTESIAN_POINT('',(198.6,189.,7.75));
#2661 = VECTOR('',#2662,1.);
#2662 = DIRECTION('',(1.,-1.110223024625E-16,-0.));
#2663 = ORIENTED_EDGE('',*,*,#2664,.T.);
#2664 = EDGE_CURVE('',#2657,#2657,#2665,.T.);
#2665 = CIRCLE('',#2666,1.75);
#2666 = AXIS2_PLACEMENT_3D('',#2667,#2668,#2669);
#2667 = CARTESIAN_POINT('',(198.6,189.,6.));
#2668 = DIRECTION('',(-1.,1.110223024625E-16,0.));
#2669 = DIRECTION('',(0.,0.,1.));
#2670 = ORIENTED_EDGE('',*,*,#2656,.T.);
#2671 = CYLINDRICAL_SURFACE('',#2672,1.75);
#2672 = AXIS2_PLACEMENT_3D('',#2673,#2674,#2675);
#2673 = CARTESIAN_POINT('',(198.6,189.,6.));
#2674 = DIRECTION('',(1.,-1.110223024625E-16,-0.));
#2675 = DIRECTION('',(0.,0.,1.));
#2676 = ADVANCED_FACE('',(#2677),#2696,.F.);
#2677 = FACE_BOUND('',#2678,.T.);
#2678 = EDGE_LOOP('',(#2679,#2687,#2694,#2695));
#2679 = ORIENTED_EDGE('',*,*,#2680,.T.);
#2680 = EDGE_CURVE('',#2639,#2681,#2683,.T.);
#2681 = VERTEX_POINT('',#2682);
#2682 = CARTESIAN_POINT('',(154.8,189.,7.75));
#2683 = LINE('',#2684,#2685);
#2684 = CARTESIAN_POINT('',(148.6,189.,7.75));
#2685 = VECTOR('',#2686,1.);
#2686 = DIRECTION('',(1.,-1.110223024625E-16,-0.));
#2687 = ORIENTED_EDGE('',*,*,#2688,.F.);
#2688 = EDGE_CURVE('',#2681,#2681,#2689,.T.);
#2689 = CIRCLE('',#2690,1.75);
#2690 = AXIS2_PLACEMENT_3D('',#2691,#2692,#2693);
#2691 = CARTESIAN_POINT('',(154.8,189.,6.));
#2692 = DIRECTION('',(-1.,1.110223024625E-16,0.));
#2693 = DIRECTION('',(0.,0.,1.));
#2694 = ORIENTED_EDGE('',*,*,#2680,.F.);
#2695 = ORIENTED_EDGE('',*,*,#2638,.T.);
#2696 = CYLINDRICAL_SURFACE('',#2697,1.75);
#2697 = AXIS2_PLACEMENT_3D('',#2698,#2699,#2700);
#2698 = CARTESIAN_POINT('',(148.6,189.,6.));
#2699 = DIRECTION('',(1.,-1.110223024625E-16,-0.));
#2700 = DIRECTION('',(0.,0.,1.));
#2701 = ADVANCED_FACE('',(#2702),#2705,.T.);
#2702 = FACE_BOUND('',#2703,.T.);
#2703 = EDGE_LOOP('',(#2704));
#2704 = ORIENTED_EDGE('',*,*,#2664,.F.);
#2705 = PLANE('',#2706);
#2706 = AXIS2_PLACEMENT_3D('',#2707,#2708,#2709);
#2707 = CARTESIAN_POINT('',(198.6,189.,6.));
#2708 = DIRECTION('',(1.,-1.110223024625E-16,-0.));
#2709 = DIRECTION('',(0.,0.,-1.));
#2710 = ADVANCED_FACE('',(#2711),#2714,.F.);
#2711 = FACE_BOUND('',#2712,.T.);
#2712 = EDGE_LOOP('',(#2713));
#2713 = ORIENTED_EDGE('',*,*,#2688,.T.);
#2714 = PLANE('',#2715);
#2715 = AXIS2_PLACEMENT_3D('',#2716,#2717,#2718);
#2716 = CARTESIAN_POINT('',(154.8,189.,6.));
#2717 = DIRECTION('',(1.,-1.110223024625E-16,-0.));
#2718 = DIRECTION('',(0.,0.,-1.));
#2719 = ( GEOMETRIC_REPRESENTATION_CONTEXT(3) 
GLOBAL_UNCERTAINTY_ASSIGNED_CONTEXT((#2723)) 
GLOBAL_UNIT_ASSIGNED_CONTEXT((#2720,#2721,#2722)) REPRESENTATION_CONTEXT
('Context #1','3D Context with UNIT and UNCERTAINTY') );
#2720 = ( LENGTH_UNIT() NAMED_UNIT(*) SI_UNIT(.MILLI.,.METRE.) );
#2721 = ( NAMED_UNIT(*) PLANE_ANGLE_UNIT() SI_UNIT($,.RADIAN.) );
#2722 = ( NAMED_UNIT(*) SI_UNIT($,.STERADIAN.) SOLID_ANGLE_UNIT() );
#2723 = UNCERTAINTY_MEASURE_WITH_UNIT(LENGTH_MEASURE(1.E-07),#2720,
  'distance_accuracy_value','confusion accuracy');
#2724 = PRODUCT_RELATED_PRODUCT_CATEGORY('part',$,(#7));
ENDSEC;
END-ISO-10303-21;
