solid OpenSCAD_Model
  facet normal -1 0 0
    outer loop
      vertex -46 -4 0
      vertex -46 -46 0
      vertex -46 -4 3
    endloop
  endfacet
  facet normal -1 0 0
    outer loop
      vertex -46 4 3
      vertex -46 46 0
      vertex -46 4 0
    endloop
  endfacet
  facet normal -1 0 0
    outer loop
      vertex -46 46 0
      vertex -46 4 3
      vertex -46 46 6
    endloop
  endfacet
  facet normal -1 0 0
    outer loop
      vertex -46 -4 3
      vertex -46 46 6
      vertex -46 4 3
    endloop
  endfacet
  facet normal -1 0 0
    outer loop
      vertex -46 -4 3
      vertex -46 -46 6
      vertex -46 46 6
    endloop
  endfacet
  facet normal -1 0 0
    outer loop
      vertex -46 -46 6
      vertex -46 -4 3
      vertex -46 -46 0
    endloop
  endfacet
  facet normal -0 0 1
    outer loop
      vertex -32.8147 34.303 6
      vertex -32 32 6
      vertex -32.699 34.6436 6
    endloop
  endfacet
  facet normal 0 0 1
    outer loop
      vertex -32 -32 6
      vertex -32.6289 -34.9964 6
      vertex -32.6053 -35.3553 6
    endloop
  endfacet
  facet normal -0 0 1
    outer loop
      vertex -32.9738 33.9803 6
      vertex -32 32 6
      vertex -32.8147 34.303 6
    endloop
  endfacet
  facet normal 0 0 1
    outer loop
      vertex -32 -32 6
      vertex -32.699 -34.6436 6
      vertex -32.6289 -34.9964 6
    endloop
  endfacet
  facet normal -0 0 1
    outer loop
      vertex -33.1736 33.6812 6
      vertex -32 32 6
      vertex -32.9738 33.9803 6
    endloop
  endfacet
  facet normal 0 0 1
    outer loop
      vertex -32 -32 6
      vertex -32.8147 -34.303 6
      vertex -32.699 -34.6436 6
    endloop
  endfacet
  facet normal -0 0 1
    outer loop
      vertex -33.4108 33.4108 6
      vertex -32 32 6
      vertex -33.1736 33.6812 6
    endloop
  endfacet
  facet normal 0 0 1
    outer loop
      vertex -32 -32 6
      vertex -32.9738 -33.9803 6
      vertex -32.8147 -34.303 6
    endloop
  endfacet
  facet normal -0 0 1
    outer loop
      vertex -33.6812 33.1736 6
      vertex -32 32 6
      vertex -33.4108 33.4108 6
    endloop
  endfacet
  facet normal 0 0 1
    outer loop
      vertex -32 -32 6
      vertex -33.1736 -33.6812 6
      vertex -32.9738 -33.9803 6
    endloop
  endfacet
  facet normal -0 0 1
    outer loop
      vertex -33.9803 32.9738 6
      vertex -32 32 6
      vertex -33.6812 33.1736 6
    endloop
  endfacet
  facet normal 0 0 1
    outer loop
      vertex -32 -32 6
      vertex -33.4108 -33.4108 6
      vertex -33.1736 -33.6812 6
    endloop
  endfacet
  facet normal -0 0 1
    outer loop
      vertex -34.303 32.8147 6
      vertex -32 32 6
      vertex -33.9803 32.9738 6
    endloop
  endfacet
  facet normal 0 0 1
    outer loop
      vertex -32 -32 6
      vertex -33.6812 -33.1736 6
      vertex -33.4108 -33.4108 6
    endloop
  endfacet
  facet normal -0 0 1
    outer loop
      vertex -34.6436 32.699 6
      vertex -32 32 6
      vertex -34.303 32.8147 6
    endloop
  endfacet
  facet normal 0 0 1
    outer loop
      vertex -32 -32 6
      vertex -33.9803 -32.9738 6
      vertex -33.6812 -33.1736 6
    endloop
  endfacet
  facet normal -0 0 1
    outer loop
      vertex -34.9964 32.6289 6
      vertex -32 32 6
      vertex -34.6436 32.699 6
    endloop
  endfacet
  facet normal 0 0 1
    outer loop
      vertex -32 -32 6
      vertex -34.303 -32.8147 6
      vertex -33.9803 -32.9738 6
    endloop
  endfacet
  facet normal -0 0 1
    outer loop
      vertex -35.3553 32.6053 6
      vertex -32 32 6
      vertex -34.9964 32.6289 6
    endloop
  endfacet
  facet normal 0 0 1
    outer loop
      vertex -32 -32 6
      vertex -34.6436 -32.699 6
      vertex -34.303 -32.8147 6
    endloop
  endfacet
  facet normal 0 0 1
    outer loop
      vertex -35.7143 32.6289 6
      vertex -32 32 6
      vertex -35.3553 32.6053 6
    endloop
  endfacet
  facet normal 0 0 1
    outer loop
      vertex -32 -32 6
      vertex -34.9964 -32.6289 6
      vertex -34.6436 -32.699 6
    endloop
  endfacet
  facet normal 0 0 1
    outer loop
      vertex -32 32 6
      vertex -35.7143 32.6289 6
      vertex -32 -32 6
    endloop
  endfacet
  facet normal 0 0 1
    outer loop
      vertex -32 -32 6
      vertex -35.3553 -32.6053 6
      vertex -34.9964 -32.6289 6
    endloop
  endfacet
  facet normal 0 0 1
    outer loop
      vertex -35.7143 -32.6289 6
      vertex -32 -32 6
      vertex -35.7143 32.6289 6
    endloop
  endfacet
  facet normal 0 0 1
    outer loop
      vertex -32 -32 6
      vertex -35.7143 -32.6289 6
      vertex -35.3553 -32.6053 6
    endloop
  endfacet
  facet normal 0 0 1
    outer loop
      vertex -36.0671 32.699 6
      vertex -35.7143 -32.6289 6
      vertex -35.7143 32.6289 6
    endloop
  endfacet
  facet normal 0 0 1
    outer loop
      vertex -36.0671 32.699 6
      vertex -36.0671 -32.699 6
      vertex -35.7143 -32.6289 6
    endloop
  endfacet
  facet normal 0 0 1
    outer loop
      vertex -36.4077 32.8147 6
      vertex -36.0671 -32.699 6
      vertex -36.0671 32.699 6
    endloop
  endfacet
  facet normal 0 0 1
    outer loop
      vertex -36.4077 32.8147 6
      vertex -36.4077 -32.8147 6
      vertex -36.0671 -32.699 6
    endloop
  endfacet
  facet normal 0 0 1
    outer loop
      vertex -36.7303 32.9738 6
      vertex -36.4077 -32.8147 6
      vertex -36.4077 32.8147 6
    endloop
  endfacet
  facet normal 0 0 1
    outer loop
      vertex -36.7303 32.9738 6
      vertex -36.7303 -32.9738 6
      vertex -36.4077 -32.8147 6
    endloop
  endfacet
  facet normal 0 0 1
    outer loop
      vertex -37.0294 33.1736 6
      vertex -36.7303 -32.9738 6
      vertex -36.7303 32.9738 6
    endloop
  endfacet
  facet normal 0 0 1
    outer loop
      vertex -37.0294 33.1736 6
      vertex -37.0294 -33.1736 6
      vertex -36.7303 -32.9738 6
    endloop
  endfacet
  facet normal 0 0 1
    outer loop
      vertex -37.2999 33.4108 6
      vertex -37.0294 -33.1736 6
      vertex -37.0294 33.1736 6
    endloop
  endfacet
  facet normal 0 0 1
    outer loop
      vertex -37.2999 33.4108 6
      vertex -37.2999 -33.4108 6
      vertex -37.0294 -33.1736 6
    endloop
  endfacet
  facet normal 0 0 1
    outer loop
      vertex -44.3709 40.4819 6
      vertex -37.2999 -33.4108 6
      vertex -37.2999 33.4108 6
    endloop
  endfacet
  facet normal 0 0 1
    outer loop
      vertex -44.3709 40.4819 6
      vertex -44.3709 -40.4819 6
      vertex -37.2999 -33.4108 6
    endloop
  endfacet
  facet normal 0 0 1
    outer loop
      vertex -44.6081 40.7523 6
      vertex -44.3709 -40.4819 6
      vertex -44.3709 40.4819 6
    endloop
  endfacet
  facet normal 0 0 1
    outer loop
      vertex -44.6081 40.7523 6
      vertex -44.6081 -40.7523 6
      vertex -44.3709 -40.4819 6
    endloop
  endfacet
  facet normal 0 0 1
    outer loop
      vertex -44.808 41.0514 6
      vertex -44.6081 -40.7523 6
      vertex -44.6081 40.7523 6
    endloop
  endfacet
  facet normal 0 0 1
    outer loop
      vertex -44.808 41.0514 6
      vertex -44.808 -41.0514 6
      vertex -44.6081 -40.7523 6
    endloop
  endfacet
  facet normal 0 0 1
    outer loop
      vertex -44.9671 41.374 6
      vertex -44.808 -41.0514 6
      vertex -44.808 41.0514 6
    endloop
  endfacet
  facet normal 0 0 1
    outer loop
      vertex -44.9671 41.374 6
      vertex -44.9671 -41.374 6
      vertex -44.808 -41.0514 6
    endloop
  endfacet
  facet normal 0 0 1
    outer loop
      vertex -45.0827 41.7147 6
      vertex -44.9671 -41.374 6
      vertex -44.9671 41.374 6
    endloop
  endfacet
  facet normal 0 0 1
    outer loop
      vertex -45.0827 41.7147 6
      vertex -45.0827 -41.7147 6
      vertex -44.9671 -41.374 6
    endloop
  endfacet
  facet normal 0 0 1
    outer loop
      vertex -45.1529 42.0675 6
      vertex -45.0827 -41.7147 6
      vertex -45.0827 41.7147 6
    endloop
  endfacet
  facet normal 0 0 1
    outer loop
      vertex -45.1529 42.0675 6
      vertex -45.1529 -42.0675 6
      vertex -45.0827 -41.7147 6
    endloop
  endfacet
  facet normal 0 0 1
    outer loop
      vertex -46 46 6
      vertex -45.1529 42.0675 6
      vertex -45.1764 42.4264 6
    endloop
  endfacet
  facet normal 0 0 1
    outer loop
      vertex -45.1529 42.0675 6
      vertex -46 46 6
      vertex -45.1529 -42.0675 6
    endloop
  endfacet
  facet normal -0 0 1
    outer loop
      vertex 45.1529 -42.0675 6
      vertex 46 -46 6
      vertex 45.1529 42.0675 6
    endloop
  endfacet
  facet normal 0 0 1
    outer loop
      vertex 46 -46 6
      vertex 45.1529 -42.0675 6
      vertex 45.1764 -42.4264 6
    endloop
  endfacet
  facet normal -0 0 1
    outer loop
      vertex 45.0827 41.7147 6
      vertex 45.1529 -42.0675 6
      vertex 45.1529 42.0675 6
    endloop
  endfacet
  facet normal 0 0 1
    outer loop
      vertex 45.0827 41.7147 6
      vertex 45.0827 -41.7147 6
      vertex 45.1529 -42.0675 6
    endloop
  endfacet
  facet normal -0 0 1
    outer loop
      vertex 44.9671 41.374 6
      vertex 45.0827 -41.7147 6
      vertex 45.0827 41.7147 6
    endloop
  endfacet
  facet normal 0 0 1
    outer loop
      vertex 44.9671 41.374 6
      vertex 44.9671 -41.374 6
      vertex 45.0827 -41.7147 6
    endloop
  endfacet
  facet normal -0 0 1
    outer loop
      vertex 44.808 41.0514 6
      vertex 44.9671 -41.374 6
      vertex 44.9671 41.374 6
    endloop
  endfacet
  facet normal 0 0 1
    outer loop
      vertex 44.808 41.0514 6
      vertex 44.808 -41.0514 6
      vertex 44.9671 -41.374 6
    endloop
  endfacet
  facet normal -0 0 1
    outer loop
      vertex 44.6081 40.7523 6
      vertex 44.808 -41.0514 6
      vertex 44.808 41.0514 6
    endloop
  endfacet
  facet normal 0 0 1
    outer loop
      vertex 44.6081 40.7523 6
      vertex 44.6081 -40.7523 6
      vertex 44.808 -41.0514 6
    endloop
  endfacet
  facet normal -0 0 1
    outer loop
      vertex 44.3709 40.4819 6
      vertex 44.6081 -40.7523 6
      vertex 44.6081 40.7523 6
    endloop
  endfacet
  facet normal 0 0 1
    outer loop
      vertex 44.3709 40.4819 6
      vertex 44.3709 -40.4819 6
      vertex 44.6081 -40.7523 6
    endloop
  endfacet
  facet normal -0 0 1
    outer loop
      vertex 37.2999 33.4108 6
      vertex 44.3709 -40.4819 6
      vertex 44.3709 40.4819 6
    endloop
  endfacet
  facet normal 0 0 1
    outer loop
      vertex 37.2999 33.4108 6
      vertex 37.2999 -33.4108 6
      vertex 44.3709 -40.4819 6
    endloop
  endfacet
  facet normal -0 0 1
    outer loop
      vertex 37.0294 33.1736 6
      vertex 37.2999 -33.4108 6
      vertex 37.2999 33.4108 6
    endloop
  endfacet
  facet normal 0 0 1
    outer loop
      vertex 37.0294 33.1736 6
      vertex 37.0294 -33.1736 6
      vertex 37.2999 -33.4108 6
    endloop
  endfacet
  facet normal -0 0 1
    outer loop
      vertex 36.7303 32.9738 6
      vertex 37.0294 -33.1736 6
      vertex 37.0294 33.1736 6
    endloop
  endfacet
  facet normal 0 0 1
    outer loop
      vertex 36.7303 32.9738 6
      vertex 36.7303 -32.9738 6
      vertex 37.0294 -33.1736 6
    endloop
  endfacet
  facet normal -0 0 1
    outer loop
      vertex 36.4077 32.8147 6
      vertex 36.7303 -32.9738 6
      vertex 36.7303 32.9738 6
    endloop
  endfacet
  facet normal 0 0 1
    outer loop
      vertex 36.4077 32.8147 6
      vertex 36.4077 -32.8147 6
      vertex 36.7303 -32.9738 6
    endloop
  endfacet
  facet normal -0 0 1
    outer loop
      vertex 36.0671 32.699 6
      vertex 36.4077 -32.8147 6
      vertex 36.4077 32.8147 6
    endloop
  endfacet
  facet normal 0 0 1
    outer loop
      vertex 36.0671 32.699 6
      vertex 36.0671 -32.699 6
      vertex 36.4077 -32.8147 6
    endloop
  endfacet
  facet normal -0 0 1
    outer loop
      vertex 35.7143 32.6289 6
      vertex 36.0671 -32.699 6
      vertex 36.0671 32.699 6
    endloop
  endfacet
  facet normal 0 0 1
    outer loop
      vertex 35.7143 32.6289 6
      vertex 35.7143 -32.6289 6
      vertex 36.0671 -32.699 6
    endloop
  endfacet
  facet normal 0 0 1
    outer loop
      vertex 32 32 6
      vertex 35.7143 32.6289 6
      vertex 35.3553 32.6053 6
    endloop
  endfacet
  facet normal 0 0 1
    outer loop
      vertex 35.7143 32.6289 6
      vertex 32 32 6
      vertex 35.7143 -32.6289 6
    endloop
  endfacet
  facet normal 0 0 1
    outer loop
      vertex 32 32 6
      vertex 35.3553 32.6053 6
      vertex 34.9964 32.6289 6
    endloop
  endfacet
  facet normal -0 0 1
    outer loop
      vertex 32 -32 6
      vertex 35.7143 -32.6289 6
      vertex 32 32 6
    endloop
  endfacet
  facet normal 0 0 1
    outer loop
      vertex 32 32 6
      vertex 34.9964 32.6289 6
      vertex 34.6436 32.699 6
    endloop
  endfacet
  facet normal 0 0 1
    outer loop
      vertex 35.7143 -32.6289 6
      vertex 32 -32 6
      vertex 35.3553 -32.6053 6
    endloop
  endfacet
  facet normal 0 0 1
    outer loop
      vertex 32 32 6
      vertex 34.6436 32.699 6
      vertex 34.303 32.8147 6
    endloop
  endfacet
  facet normal 0 0 1
    outer loop
      vertex 35.3553 -32.6053 6
      vertex 32 -32 6
      vertex 34.9964 -32.6289 6
    endloop
  endfacet
  facet normal 0 0 1
    outer loop
      vertex 32 32 6
      vertex 34.303 32.8147 6
      vertex 33.9803 32.9738 6
    endloop
  endfacet
  facet normal 0 0 1
    outer loop
      vertex 34.9964 -32.6289 6
      vertex 32 -32 6
      vertex 34.6436 -32.699 6
    endloop
  endfacet
  facet normal 0 0 1
    outer loop
      vertex 32 32 6
      vertex 33.9803 32.9738 6
      vertex 33.6812 33.1736 6
    endloop
  endfacet
  facet normal 0 0 1
    outer loop
      vertex 34.6436 -32.699 6
      vertex 32 -32 6
      vertex 34.303 -32.8147 6
    endloop
  endfacet
  facet normal 0 0 1
    outer loop
      vertex 32 32 6
      vertex 33.6812 33.1736 6
      vertex 33.4108 33.4108 6
    endloop
  endfacet
  facet normal 0 0 1
    outer loop
      vertex 34.303 -32.8147 6
      vertex 32 -32 6
      vertex 33.9803 -32.9738 6
    endloop
  endfacet
  facet normal 0 0 1
    outer loop
      vertex 32 32 6
      vertex 33.4108 33.4108 6
      vertex 33.1736 33.6812 6
    endloop
  endfacet
  facet normal 0 0 1
    outer loop
      vertex 33.9803 -32.9738 6
      vertex 32 -32 6
      vertex 33.6812 -33.1736 6
    endloop
  endfacet
  facet normal 0 0 1
    outer loop
      vertex 32 32 6
      vertex 33.1736 33.6812 6
      vertex 32.9738 33.9803 6
    endloop
  endfacet
  facet normal 0 0 1
    outer loop
      vertex 33.6812 -33.1736 6
      vertex 32 -32 6
      vertex 33.4108 -33.4108 6
    endloop
  endfacet
  facet normal 0 0 1
    outer loop
      vertex 32 32 6
      vertex 32.9738 33.9803 6
      vertex 32.8147 34.303 6
    endloop
  endfacet
  facet normal 0 0 1
    outer loop
      vertex 33.4108 -33.4108 6
      vertex 32 -32 6
      vertex 33.1736 -33.6812 6
    endloop
  endfacet
  facet normal 0 0 1
    outer loop
      vertex 32 32 6
      vertex 32.8147 34.303 6
      vertex 32.699 34.6436 6
    endloop
  endfacet
  facet normal 0 0 1
    outer loop
      vertex 33.1736 -33.6812 6
      vertex 32 -32 6
      vertex 32.9738 -33.9803 6
    endloop
  endfacet
  facet normal 0 0 1
    outer loop
      vertex 32 32 6
      vertex 32.699 34.6436 6
      vertex 32.6289 34.9964 6
    endloop
  endfacet
  facet normal 0 0 1
    outer loop
      vertex 32.9738 -33.9803 6
      vertex 32 -32 6
      vertex 32.8147 -34.303 6
    endloop
  endfacet
  facet normal 0 0 1
    outer loop
      vertex 32 32 6
      vertex 32.6289 34.9964 6
      vertex 32.6053 35.3553 6
    endloop
  endfacet
  facet normal 0 0 1
    outer loop
      vertex 32.8147 -34.303 6
      vertex 32 -32 6
      vertex 32.699 -34.6436 6
    endloop
  endfacet
  facet normal 0 0 1
    outer loop
      vertex 45.1529 42.0675 6
      vertex 46 46 6
      vertex 45.1764 42.4264 6
    endloop
  endfacet
  facet normal 0 0 1
    outer loop
      vertex 46 46 6
      vertex 45.1529 42.7854 6
      vertex 45.1764 42.4264 6
    endloop
  endfacet
  facet normal 0 0 1
    outer loop
      vertex 46 46 6
      vertex 45.0827 43.1382 6
      vertex 45.1529 42.7854 6
    endloop
  endfacet
  facet normal 0 0 1
    outer loop
      vertex 46 46 6
      vertex 44.9671 43.4788 6
      vertex 45.0827 43.1382 6
    endloop
  endfacet
  facet normal 0 0 1
    outer loop
      vertex 46 46 6
      vertex 44.808 43.8014 6
      vertex 44.9671 43.4788 6
    endloop
  endfacet
  facet normal 0 0 1
    outer loop
      vertex 46 46 6
      vertex 44.6081 44.1005 6
      vertex 44.808 43.8014 6
    endloop
  endfacet
  facet normal 0 0 1
    outer loop
      vertex 46 46 6
      vertex 44.3709 44.3709 6
      vertex 44.6081 44.1005 6
    endloop
  endfacet
  facet normal 0 0 1
    outer loop
      vertex 46 46 6
      vertex 44.1005 44.6081 6
      vertex 44.3709 44.3709 6
    endloop
  endfacet
  facet normal 0 0 1
    outer loop
      vertex 46 46 6
      vertex 43.8014 44.808 6
      vertex 44.1005 44.6081 6
    endloop
  endfacet
  facet normal 0 0 1
    outer loop
      vertex 46 46 6
      vertex 43.4788 44.9671 6
      vertex 43.8014 44.808 6
    endloop
  endfacet
  facet normal 0 0 1
    outer loop
      vertex 46 46 6
      vertex 43.1382 45.0827 6
      vertex 43.4788 44.9671 6
    endloop
  endfacet
  facet normal 0 0 1
    outer loop
      vertex 46 46 6
      vertex 42.7854 45.1529 6
      vertex 43.1382 45.0827 6
    endloop
  endfacet
  facet normal 0 0 1
    outer loop
      vertex 46 46 6
      vertex 42.4264 45.1764 6
      vertex 42.7854 45.1529 6
    endloop
  endfacet
  facet normal 0 0 1
    outer loop
      vertex 46 46 6
      vertex 42.0675 45.1529 6
      vertex 42.4264 45.1764 6
    endloop
  endfacet
  facet normal 0 0 1
    outer loop
      vertex 46 46 6
      vertex 41.7147 45.0827 6
      vertex 42.0675 45.1529 6
    endloop
  endfacet
  facet normal 0 0 1
    outer loop
      vertex 32.699 -34.6436 6
      vertex 32 -32 6
      vertex 32.6289 -34.9964 6
    endloop
  endfacet
  facet normal 0 0 1
    outer loop
      vertex 32.6289 35.7143 6
      vertex 32 32 6
      vertex 32.6053 35.3553 6
    endloop
  endfacet
  facet normal 0 0 1
    outer loop
      vertex 32.6289 35.7143 6
      vertex -32 32 6
      vertex 32 32 6
    endloop
  endfacet
  facet normal 0 0 1
    outer loop
      vertex -32.6289 35.7143 6
      vertex 32.6289 35.7143 6
      vertex 32.699 36.0671 6
    endloop
  endfacet
  facet normal 0 0 1
    outer loop
      vertex -32.699 36.0671 6
      vertex 32.699 36.0671 6
      vertex 32.8147 36.4077 6
    endloop
  endfacet
  facet normal 0 0 1
    outer loop
      vertex -32.8147 36.4077 6
      vertex 32.8147 36.4077 6
      vertex 32.9738 36.7303 6
    endloop
  endfacet
  facet normal 0 0 1
    outer loop
      vertex -32.9738 36.7303 6
      vertex 32.9738 36.7303 6
      vertex 33.1736 37.0294 6
    endloop
  endfacet
  facet normal 0 0 1
    outer loop
      vertex -33.1736 37.0294 6
      vertex 33.1736 37.0294 6
      vertex 33.4108 37.2999 6
    endloop
  endfacet
  facet normal 0 0 1
    outer loop
      vertex -33.4108 37.2999 6
      vertex 33.4108 37.2999 6
      vertex 40.4819 44.3709 6
    endloop
  endfacet
  facet normal 0 0 1
    outer loop
      vertex -40.4819 44.3709 6
      vertex 40.4819 44.3709 6
      vertex 40.7523 44.6081 6
    endloop
  endfacet
  facet normal 0 0 1
    outer loop
      vertex -40.7523 44.6081 6
      vertex 40.7523 44.6081 6
      vertex 41.0514 44.808 6
    endloop
  endfacet
  facet normal 0 0 1
    outer loop
      vertex -41.0514 44.808 6
      vertex 41.0514 44.808 6
      vertex 41.374 44.9671 6
    endloop
  endfacet
  facet normal 0 0 1
    outer loop
      vertex -41.374 44.9671 6
      vertex 41.374 44.9671 6
      vertex 41.7147 45.0827 6
    endloop
  endfacet
  facet normal 0 0 1
    outer loop
      vertex -41.7147 45.0827 6
      vertex 41.7147 45.0827 6
      vertex 46 46 6
    endloop
  endfacet
  facet normal -0 0 1
    outer loop
      vertex -32.6289 34.9964 6
      vertex -32 32 6
      vertex -32.6053 35.3553 6
    endloop
  endfacet
  facet normal 0 0 1
    outer loop
      vertex 32.6289 35.7143 6
      vertex -32.6289 35.7143 6
      vertex -32 32 6
    endloop
  endfacet
  facet normal 0 0 1
    outer loop
      vertex -32 32 6
      vertex -32.6289 35.7143 6
      vertex -32.6053 35.3553 6
    endloop
  endfacet
  facet normal 0 0 1
    outer loop
      vertex 32.699 36.0671 6
      vertex -32.699 36.0671 6
      vertex -32.6289 35.7143 6
    endloop
  endfacet
  facet normal 0 0 1
    outer loop
      vertex 32.8147 36.4077 6
      vertex -32.8147 36.4077 6
      vertex -32.699 36.0671 6
    endloop
  endfacet
  facet normal 0 0 1
    outer loop
      vertex 32.9738 36.7303 6
      vertex -32.9738 36.7303 6
      vertex -32.8147 36.4077 6
    endloop
  endfacet
  facet normal 0 0 1
    outer loop
      vertex 33.1736 37.0294 6
      vertex -33.1736 37.0294 6
      vertex -32.9738 36.7303 6
    endloop
  endfacet
  facet normal 0 0 1
    outer loop
      vertex 33.4108 37.2999 6
      vertex -33.4108 37.2999 6
      vertex -33.1736 37.0294 6
    endloop
  endfacet
  facet normal 0 0 1
    outer loop
      vertex 40.4819 44.3709 6
      vertex -40.4819 44.3709 6
      vertex -33.4108 37.2999 6
    endloop
  endfacet
  facet normal 0 0 1
    outer loop
      vertex 40.7523 44.6081 6
      vertex -40.7523 44.6081 6
      vertex -40.4819 44.3709 6
    endloop
  endfacet
  facet normal 0 0 1
    outer loop
      vertex 41.0514 44.808 6
      vertex -41.0514 44.808 6
      vertex -40.7523 44.6081 6
    endloop
  endfacet
  facet normal 0 0 1
    outer loop
      vertex 41.374 44.9671 6
      vertex -41.374 44.9671 6
      vertex -41.0514 44.808 6
    endloop
  endfacet
  facet normal 0 0 1
    outer loop
      vertex 41.7147 45.0827 6
      vertex -41.7147 45.0827 6
      vertex -41.374 44.9671 6
    endloop
  endfacet
  facet normal 0 0 1
    outer loop
      vertex 46 46 6
      vertex -42.0675 45.1529 6
      vertex -41.7147 45.0827 6
    endloop
  endfacet
  facet normal -0 0 1
    outer loop
      vertex -46 46 6
      vertex -42.0675 45.1529 6
      vertex 46 46 6
    endloop
  endfacet
  facet normal 0 0 1
    outer loop
      vertex -46 -46 6
      vertex -45.1529 -42.0675 6
      vertex -46 46 6
    endloop
  endfacet
  facet normal 0 0 1
    outer loop
      vertex -45.1529 42.7854 6
      vertex -46 46 6
      vertex -45.1764 42.4264 6
    endloop
  endfacet
  facet normal 0 0 1
    outer loop
      vertex -45.0827 43.1382 6
      vertex -46 46 6
      vertex -45.1529 42.7854 6
    endloop
  endfacet
  facet normal 0 0 1
    outer loop
      vertex -44.9671 43.4788 6
      vertex -46 46 6
      vertex -45.0827 43.1382 6
    endloop
  endfacet
  facet normal 0 0 1
    outer loop
      vertex -44.808 43.8014 6
      vertex -46 46 6
      vertex -44.9671 43.4788 6
    endloop
  endfacet
  facet normal 0 0 1
    outer loop
      vertex -44.6081 44.1005 6
      vertex -46 46 6
      vertex -44.808 43.8014 6
    endloop
  endfacet
  facet normal 0 0 1
    outer loop
      vertex -44.3709 44.3709 6
      vertex -46 46 6
      vertex -44.6081 44.1005 6
    endloop
  endfacet
  facet normal 0 0 1
    outer loop
      vertex -44.1005 44.6081 6
      vertex -46 46 6
      vertex -44.3709 44.3709 6
    endloop
  endfacet
  facet normal 0 0 1
    outer loop
      vertex -43.8014 44.808 6
      vertex -46 46 6
      vertex -44.1005 44.6081 6
    endloop
  endfacet
  facet normal 0 0 1
    outer loop
      vertex -43.4788 44.9671 6
      vertex -46 46 6
      vertex -43.8014 44.808 6
    endloop
  endfacet
  facet normal 0 0 1
    outer loop
      vertex -43.1382 45.0827 6
      vertex -46 46 6
      vertex -43.4788 44.9671 6
    endloop
  endfacet
  facet normal 0 0 1
    outer loop
      vertex -42.7854 45.1529 6
      vertex -46 46 6
      vertex -43.1382 45.0827 6
    endloop
  endfacet
  facet normal 0 0 1
    outer loop
      vertex -42.4264 45.1764 6
      vertex -46 46 6
      vertex -42.7854 45.1529 6
    endloop
  endfacet
  facet normal 0 0 1
    outer loop
      vertex -42.0675 45.1529 6
      vertex -46 46 6
      vertex -42.4264 45.1764 6
    endloop
  endfacet
  facet normal 0 0 1
    outer loop
      vertex 46 46 6
      vertex 45.1529 42.0675 6
      vertex 46 -46 6
    endloop
  endfacet
  facet normal -0 0 1
    outer loop
      vertex 45.1529 -42.7854 6
      vertex 46 -46 6
      vertex 45.1764 -42.4264 6
    endloop
  endfacet
  facet normal -0 0 1
    outer loop
      vertex 45.0827 -43.1382 6
      vertex 46 -46 6
      vertex 45.1529 -42.7854 6
    endloop
  endfacet
  facet normal -0 0 1
    outer loop
      vertex 44.9671 -43.4788 6
      vertex 46 -46 6
      vertex 45.0827 -43.1382 6
    endloop
  endfacet
  facet normal -0 0 1
    outer loop
      vertex 44.808 -43.8014 6
      vertex 46 -46 6
      vertex 44.9671 -43.4788 6
    endloop
  endfacet
  facet normal -0 0 1
    outer loop
      vertex 44.6081 -44.1005 6
      vertex 46 -46 6
      vertex 44.808 -43.8014 6
    endloop
  endfacet
  facet normal -0 0 1
    outer loop
      vertex 44.3709 -44.3709 6
      vertex 46 -46 6
      vertex 44.6081 -44.1005 6
    endloop
  endfacet
  facet normal -0 0 1
    outer loop
      vertex 44.1005 -44.6081 6
      vertex 46 -46 6
      vertex 44.3709 -44.3709 6
    endloop
  endfacet
  facet normal -0 0 1
    outer loop
      vertex 43.8014 -44.808 6
      vertex 46 -46 6
      vertex 44.1005 -44.6081 6
    endloop
  endfacet
  facet normal -0 0 1
    outer loop
      vertex 43.4788 -44.9671 6
      vertex 46 -46 6
      vertex 43.8014 -44.808 6
    endloop
  endfacet
  facet normal -0 0 1
    outer loop
      vertex 43.1382 -45.0827 6
      vertex 46 -46 6
      vertex 43.4788 -44.9671 6
    endloop
  endfacet
  facet normal -0 0 1
    outer loop
      vertex 42.7854 -45.1529 6
      vertex 46 -46 6
      vertex 43.1382 -45.0827 6
    endloop
  endfacet
  facet normal -0 0 1
    outer loop
      vertex 42.4264 -45.1764 6
      vertex 46 -46 6
      vertex 42.7854 -45.1529 6
    endloop
  endfacet
  facet normal 0 0 1
    outer loop
      vertex 42.0675 -45.1529 6
      vertex 46 -46 6
      vertex 42.4264 -45.1764 6
    endloop
  endfacet
  facet normal 0 0 1
    outer loop
      vertex 41.7147 -45.0827 6
      vertex 46 -46 6
      vertex 42.0675 -45.1529 6
    endloop
  endfacet
  facet normal 0 0 1
    outer loop
      vertex 32.6289 -34.9964 6
      vertex 32 -32 6
      vertex 32.6053 -35.3553 6
    endloop
  endfacet
  facet normal 0 0 1
    outer loop
      vertex 32 -32 6
      vertex 32.6289 -35.7143 6
      vertex 32.6053 -35.3553 6
    endloop
  endfacet
  facet normal -0 0 1
    outer loop
      vertex -32 -32 6
      vertex 32.6289 -35.7143 6
      vertex 32 -32 6
    endloop
  endfacet
  facet normal 0 0 1
    outer loop
      vertex -32.6289 -35.7143 6
      vertex 32.6289 -35.7143 6
      vertex -32 -32 6
    endloop
  endfacet
  facet normal 0 0 1
    outer loop
      vertex 32.6289 -35.7143 6
      vertex -32.6289 -35.7143 6
      vertex 32.699 -36.0671 6
    endloop
  endfacet
  facet normal 0 0 1
    outer loop
      vertex -32.699 -36.0671 6
      vertex 32.699 -36.0671 6
      vertex -32.6289 -35.7143 6
    endloop
  endfacet
  facet normal 0 0 1
    outer loop
      vertex 32.699 -36.0671 6
      vertex -32.699 -36.0671 6
      vertex 32.8147 -36.4077 6
    endloop
  endfacet
  facet normal 0 0 1
    outer loop
      vertex -32.8147 -36.4077 6
      vertex 32.8147 -36.4077 6
      vertex -32.699 -36.0671 6
    endloop
  endfacet
  facet normal 0 0 1
    outer loop
      vertex 32.8147 -36.4077 6
      vertex -32.8147 -36.4077 6
      vertex 32.9738 -36.7303 6
    endloop
  endfacet
  facet normal 0 0 1
    outer loop
      vertex -32.9738 -36.7303 6
      vertex 32.9738 -36.7303 6
      vertex -32.8147 -36.4077 6
    endloop
  endfacet
  facet normal 0 0 1
    outer loop
      vertex 32.9738 -36.7303 6
      vertex -32.9738 -36.7303 6
      vertex 33.1736 -37.0294 6
    endloop
  endfacet
  facet normal 0 0 1
    outer loop
      vertex -33.1736 -37.0294 6
      vertex 33.1736 -37.0294 6
      vertex -32.9738 -36.7303 6
    endloop
  endfacet
  facet normal 0 0 1
    outer loop
      vertex 33.1736 -37.0294 6
      vertex -33.1736 -37.0294 6
      vertex 33.4108 -37.2999 6
    endloop
  endfacet
  facet normal 0 0 1
    outer loop
      vertex -33.4108 -37.2999 6
      vertex 33.4108 -37.2999 6
      vertex -33.1736 -37.0294 6
    endloop
  endfacet
  facet normal -0 0 1
    outer loop
      vertex -32.699 34.6436 6
      vertex -32 32 6
      vertex -32.6289 34.9964 6
    endloop
  endfacet
  facet normal 0 0 1
    outer loop
      vertex -32.6289 -35.7143 6
      vertex -32 -32 6
      vertex -32.6053 -35.3553 6
    endloop
  endfacet
  facet normal 0 0 1
    outer loop
      vertex 33.4108 -37.2999 6
      vertex -33.4108 -37.2999 6
      vertex 40.4819 -44.3709 6
    endloop
  endfacet
  facet normal 0 0 1
    outer loop
      vertex -40.4819 -44.3709 6
      vertex 40.4819 -44.3709 6
      vertex -33.4108 -37.2999 6
    endloop
  endfacet
  facet normal 0 0 1
    outer loop
      vertex 40.4819 -44.3709 6
      vertex -40.4819 -44.3709 6
      vertex 40.7523 -44.6081 6
    endloop
  endfacet
  facet normal 0 0 1
    outer loop
      vertex -40.7523 -44.6081 6
      vertex 40.7523 -44.6081 6
      vertex -40.4819 -44.3709 6
    endloop
  endfacet
  facet normal 0 0 1
    outer loop
      vertex 40.7523 -44.6081 6
      vertex -40.7523 -44.6081 6
      vertex 41.0514 -44.808 6
    endloop
  endfacet
  facet normal 0 0 1
    outer loop
      vertex -41.0514 -44.808 6
      vertex 41.0514 -44.808 6
      vertex -40.7523 -44.6081 6
    endloop
  endfacet
  facet normal 0 0 1
    outer loop
      vertex 41.0514 -44.808 6
      vertex -41.0514 -44.808 6
      vertex 41.374 -44.9671 6
    endloop
  endfacet
  facet normal 0 0 1
    outer loop
      vertex -41.374 -44.9671 6
      vertex 41.374 -44.9671 6
      vertex -41.0514 -44.808 6
    endloop
  endfacet
  facet normal 0 0 1
    outer loop
      vertex 41.374 -44.9671 6
      vertex -41.374 -44.9671 6
      vertex 41.7147 -45.0827 6
    endloop
  endfacet
  facet normal 0 0 1
    outer loop
      vertex -41.7147 -45.0827 6
      vertex 41.7147 -45.0827 6
      vertex -41.374 -44.9671 6
    endloop
  endfacet
  facet normal 0 0 1
    outer loop
      vertex 41.7147 -45.0827 6
      vertex -41.7147 -45.0827 6
      vertex 46 -46 6
    endloop
  endfacet
  facet normal -0 0 1
    outer loop
      vertex -42.0675 -45.1529 6
      vertex 46 -46 6
      vertex -41.7147 -45.0827 6
    endloop
  endfacet
  facet normal 0 0 1
    outer loop
      vertex -46 -46 6
      vertex -42.0675 -45.1529 6
      vertex -42.4264 -45.1764 6
    endloop
  endfacet
  facet normal 0 0 1
    outer loop
      vertex -42.0675 -45.1529 6
      vertex -46 -46 6
      vertex 46 -46 6
    endloop
  endfacet
  facet normal 0 0 1
    outer loop
      vertex -42.7854 -45.1529 6
      vertex -46 -46 6
      vertex -42.4264 -45.1764 6
    endloop
  endfacet
  facet normal 0 0 1
    outer loop
      vertex -43.1382 -45.0827 6
      vertex -46 -46 6
      vertex -42.7854 -45.1529 6
    endloop
  endfacet
  facet normal 0 0 1
    outer loop
      vertex -43.4788 -44.9671 6
      vertex -46 -46 6
      vertex -43.1382 -45.0827 6
    endloop
  endfacet
  facet normal 0 0 1
    outer loop
      vertex -43.8014 -44.808 6
      vertex -46 -46 6
      vertex -43.4788 -44.9671 6
    endloop
  endfacet
  facet normal 0 0 1
    outer loop
      vertex -44.1005 -44.6081 6
      vertex -46 -46 6
      vertex -43.8014 -44.808 6
    endloop
  endfacet
  facet normal 0 0 1
    outer loop
      vertex -44.3709 -44.3709 6
      vertex -46 -46 6
      vertex -44.1005 -44.6081 6
    endloop
  endfacet
  facet normal 0 0 1
    outer loop
      vertex -44.6081 -44.1005 6
      vertex -46 -46 6
      vertex -44.3709 -44.3709 6
    endloop
  endfacet
  facet normal 0 0 1
    outer loop
      vertex -44.808 -43.8014 6
      vertex -46 -46 6
      vertex -44.6081 -44.1005 6
    endloop
  endfacet
  facet normal 0 0 1
    outer loop
      vertex -44.9671 -43.4788 6
      vertex -46 -46 6
      vertex -44.808 -43.8014 6
    endloop
  endfacet
  facet normal 0 0 1
    outer loop
      vertex -45.0827 -43.1382 6
      vertex -46 -46 6
      vertex -44.9671 -43.4788 6
    endloop
  endfacet
  facet normal 0 0 1
    outer loop
      vertex -45.1529 -42.7854 6
      vertex -46 -46 6
      vertex -45.0827 -43.1382 6
    endloop
  endfacet
  facet normal 0 0 1
    outer loop
      vertex -45.1764 -42.4264 6
      vertex -46 -46 6
      vertex -45.1529 -42.7854 6
    endloop
  endfacet
  facet normal 0 0 1
    outer loop
      vertex -45.1529 -42.0675 6
      vertex -46 -46 6
      vertex -45.1764 -42.4264 6
    endloop
  endfacet
  facet normal 1 -0 0
    outer loop
      vertex 46 -46 6
      vertex 46 46 0
      vertex 46 46 6
    endloop
  endfacet
  facet normal 1 0 0
    outer loop
      vertex 46 46 0
      vertex 46 -46 6
      vertex 46 -46 0
    endloop
  endfacet
  facet normal 0 1 -0
    outer loop
      vertex 46 46 0
      vertex -46 46 6
      vertex 46 46 6
    endloop
  endfacet
  facet normal 0 1 0
    outer loop
      vertex -46 46 6
      vertex 46 46 0
      vertex -46 46 0
    endloop
  endfacet
  facet normal 0 0 -1
    outer loop
      vertex -46 4 0
      vertex -24.9 5.6 0
      vertex -24.9 4 0
    endloop
  endfacet
  facet normal 0 0 -1
    outer loop
      vertex -24.9 5.6 0
      vertex -32.6289 34.9964 0
      vertex -32.6053 35.3553 0
    endloop
  endfacet
  facet normal 0 0 -1
    outer loop
      vertex -24.9 5.6 0
      vertex -32.699 34.6436 0
      vertex -32.6289 34.9964 0
    endloop
  endfacet
  facet normal 0 0 -1
    outer loop
      vertex -24.9 5.6 0
      vertex -32.8147 34.303 0
      vertex -32.699 34.6436 0
    endloop
  endfacet
  facet normal 0 0 -1
    outer loop
      vertex -24.9 5.6 0
      vertex -32.9738 33.9803 0
      vertex -32.8147 34.303 0
    endloop
  endfacet
  facet normal 0 0 -1
    outer loop
      vertex -24.9 5.6 0
      vertex -33.1736 33.6812 0
      vertex -32.9738 33.9803 0
    endloop
  endfacet
  facet normal 0 0 -1
    outer loop
      vertex -24.9 5.6 0
      vertex -33.4108 33.4108 0
      vertex -33.1736 33.6812 0
    endloop
  endfacet
  facet normal 0 0 -1
    outer loop
      vertex -24.9 5.6 0
      vertex -33.6812 33.1736 0
      vertex -33.4108 33.4108 0
    endloop
  endfacet
  facet normal 0 0 -1
    outer loop
      vertex -24.9 5.6 0
      vertex -33.9803 32.9738 0
      vertex -33.6812 33.1736 0
    endloop
  endfacet
  facet normal 0 0 -1
    outer loop
      vertex -24.9 5.6 0
      vertex -34.303 32.8147 0
      vertex -33.9803 32.9738 0
    endloop
  endfacet
  facet normal 0 0 -1
    outer loop
      vertex -24.9 5.6 0
      vertex -34.6436 32.699 0
      vertex -34.303 32.8147 0
    endloop
  endfacet
  facet normal 0 0 -1
    outer loop
      vertex -24.9 5.6 0
      vertex -34.9964 32.6289 0
      vertex -34.6436 32.699 0
    endloop
  endfacet
  facet normal 0 0 -1
    outer loop
      vertex -24.9 5.6 0
      vertex -35.3553 32.6053 0
      vertex -34.9964 32.6289 0
    endloop
  endfacet
  facet normal -0 0 -1
    outer loop
      vertex -24.9 5.6 0
      vertex -46 4 0
      vertex -35.3553 32.6053 0
    endloop
  endfacet
  facet normal -0 0 -1
    outer loop
      vertex -35.3553 32.6053 0
      vertex -46 4 0
      vertex -35.7143 32.6289 0
    endloop
  endfacet
  facet normal -0 0 -1
    outer loop
      vertex -35.7143 32.6289 0
      vertex -46 4 0
      vertex -36.0671 32.699 0
    endloop
  endfacet
  facet normal -0 0 -1
    outer loop
      vertex -36.0671 32.699 0
      vertex -46 4 0
      vertex -36.4077 32.8147 0
    endloop
  endfacet
  facet normal -0 0 -1
    outer loop
      vertex -36.4077 32.8147 0
      vertex -46 4 0
      vertex -36.7303 32.9738 0
    endloop
  endfacet
  facet normal -0 0 -1
    outer loop
      vertex -36.7303 32.9738 0
      vertex -46 4 0
      vertex -37.0294 33.1736 0
    endloop
  endfacet
  facet normal -0 0 -1
    outer loop
      vertex -37.0294 33.1736 0
      vertex -46 4 0
      vertex -37.2999 33.4108 0
    endloop
  endfacet
  facet normal -0 0 -1
    outer loop
      vertex -37.2999 33.4108 0
      vertex -46 4 0
      vertex -44.3709 40.4819 0
    endloop
  endfacet
  facet normal -0 0 -1
    outer loop
      vertex -44.3709 40.4819 0
      vertex -46 4 0
      vertex -44.6081 40.7523 0
    endloop
  endfacet
  facet normal 0 0 -1
    outer loop
      vertex -46 46 0
      vertex -45.1529 42.0675 0
      vertex -46 4 0
    endloop
  endfacet
  facet normal -0 0 -1
    outer loop
      vertex -45.0827 41.7147 0
      vertex -46 4 0
      vertex -45.1529 42.0675 0
    endloop
  endfacet
  facet normal -0 0 -1
    outer loop
      vertex -44.9671 41.374 0
      vertex -46 4 0
      vertex -45.0827 41.7147 0
    endloop
  endfacet
  facet normal -0 0 -1
    outer loop
      vertex -44.808 41.0514 0
      vertex -46 4 0
      vertex -44.9671 41.374 0
    endloop
  endfacet
  facet normal -0 0 -1
    outer loop
      vertex -44.6081 40.7523 0
      vertex -46 4 0
      vertex -44.808 41.0514 0
    endloop
  endfacet
  facet normal 0 0 -1
    outer loop
      vertex 45.1529 42.0675 0
      vertex 46 46 0
      vertex 45.1529 -42.0675 0
    endloop
  endfacet
  facet normal 0 0 -1
    outer loop
      vertex 46 46 0
      vertex 45.1529 42.0675 0
      vertex 45.1764 42.4264 0
    endloop
  endfacet
  facet normal 0 0 -1
    outer loop
      vertex 45.0827 -41.7147 0
      vertex 45.1529 42.0675 0
      vertex 45.1529 -42.0675 0
    endloop
  endfacet
  facet normal 0 0 -1
    outer loop
      vertex 45.0827 -41.7147 0
      vertex 45.0827 41.7147 0
      vertex 45.1529 42.0675 0
    endloop
  endfacet
  facet normal 0 0 -1
    outer loop
      vertex 44.9671 -41.374 0
      vertex 45.0827 41.7147 0
      vertex 45.0827 -41.7147 0
    endloop
  endfacet
  facet normal 0 0 -1
    outer loop
      vertex 44.9671 -41.374 0
      vertex 44.9671 41.374 0
      vertex 45.0827 41.7147 0
    endloop
  endfacet
  facet normal 0 0 -1
    outer loop
      vertex 44.808 -41.0514 0
      vertex 44.9671 41.374 0
      vertex 44.9671 -41.374 0
    endloop
  endfacet
  facet normal 0 0 -1
    outer loop
      vertex 44.808 -41.0514 0
      vertex 44.808 41.0514 0
      vertex 44.9671 41.374 0
    endloop
  endfacet
  facet normal 0 0 -1
    outer loop
      vertex 44.6081 -40.7523 0
      vertex 44.808 41.0514 0
      vertex 44.808 -41.0514 0
    endloop
  endfacet
  facet normal 0 0 -1
    outer loop
      vertex 44.6081 -40.7523 0
      vertex 44.6081 40.7523 0
      vertex 44.808 41.0514 0
    endloop
  endfacet
  facet normal 0 0 -1
    outer loop
      vertex 44.3709 -40.4819 0
      vertex 44.6081 40.7523 0
      vertex 44.6081 -40.7523 0
    endloop
  endfacet
  facet normal 0 0 -1
    outer loop
      vertex 44.3709 -40.4819 0
      vertex 44.3709 40.4819 0
      vertex 44.6081 40.7523 0
    endloop
  endfacet
  facet normal 0 0 -1
    outer loop
      vertex 37.2999 -33.4108 0
      vertex 44.3709 40.4819 0
      vertex 44.3709 -40.4819 0
    endloop
  endfacet
  facet normal 0 0 -1
    outer loop
      vertex 37.2999 -33.4108 0
      vertex 37.2999 33.4108 0
      vertex 44.3709 40.4819 0
    endloop
  endfacet
  facet normal 0 0 -1
    outer loop
      vertex 37.0294 -33.1736 0
      vertex 37.2999 33.4108 0
      vertex 37.2999 -33.4108 0
    endloop
  endfacet
  facet normal 0 0 -1
    outer loop
      vertex 37.0294 -33.1736 0
      vertex 37.0294 33.1736 0
      vertex 37.2999 33.4108 0
    endloop
  endfacet
  facet normal 0 0 -1
    outer loop
      vertex 36.7303 -32.9738 0
      vertex 37.0294 33.1736 0
      vertex 37.0294 -33.1736 0
    endloop
  endfacet
  facet normal 0 0 -1
    outer loop
      vertex 36.7303 -32.9738 0
      vertex 36.7303 32.9738 0
      vertex 37.0294 33.1736 0
    endloop
  endfacet
  facet normal 0 0 -1
    outer loop
      vertex 36.4077 -32.8147 0
      vertex 36.7303 32.9738 0
      vertex 36.7303 -32.9738 0
    endloop
  endfacet
  facet normal 0 0 -1
    outer loop
      vertex 36.4077 -32.8147 0
      vertex 36.4077 32.8147 0
      vertex 36.7303 32.9738 0
    endloop
  endfacet
  facet normal 0 0 -1
    outer loop
      vertex 36.0671 -32.699 0
      vertex 36.4077 32.8147 0
      vertex 36.4077 -32.8147 0
    endloop
  endfacet
  facet normal 0 0 -1
    outer loop
      vertex 36.0671 -32.699 0
      vertex 36.0671 32.699 0
      vertex 36.4077 32.8147 0
    endloop
  endfacet
  facet normal 0 0 -1
    outer loop
      vertex 35.7143 -32.6289 0
      vertex 36.0671 32.699 0
      vertex 36.0671 -32.699 0
    endloop
  endfacet
  facet normal 0 0 -1
    outer loop
      vertex 35.7143 -32.6289 0
      vertex 35.7143 32.6289 0
      vertex 36.0671 32.699 0
    endloop
  endfacet
  facet normal 0 0 -1
    outer loop
      vertex 35.3553 -32.6053 0
      vertex 35.7143 32.6289 0
      vertex 35.7143 -32.6289 0
    endloop
  endfacet
  facet normal 0 0 -1
    outer loop
      vertex 35.3553 -32.6053 0
      vertex 35.3553 32.6053 0
      vertex 35.7143 32.6289 0
    endloop
  endfacet
  facet normal 0 0 -1
    outer loop
      vertex 2.9 -5.6 0
      vertex 35.3553 -32.6053 0
      vertex 34.9964 -32.6289 0
    endloop
  endfacet
  facet normal 0 0 -1
    outer loop
      vertex 35.3553 -32.6053 0
      vertex 2.9 -5.6 0
      vertex 35.3553 32.6053 0
    endloop
  endfacet
  facet normal 0 0 -1
    outer loop
      vertex 2.9 -5.6 0
      vertex 34.9964 -32.6289 0
      vertex 34.6436 -32.699 0
    endloop
  endfacet
  facet normal 0 0 -1
    outer loop
      vertex 2.9 5.6 0
      vertex 35.3553 32.6053 0
      vertex 2.9 -5.6 0
    endloop
  endfacet
  facet normal 0 0 -1
    outer loop
      vertex 2.9 -5.6 0
      vertex 34.6436 -32.699 0
      vertex 34.303 -32.8147 0
    endloop
  endfacet
  facet normal -0 0 -1
    outer loop
      vertex 35.3553 32.6053 0
      vertex 2.9 5.6 0
      vertex 34.9964 32.6289 0
    endloop
  endfacet
  facet normal 0 0 -1
    outer loop
      vertex 2.9 -5.6 0
      vertex 34.303 -32.8147 0
      vertex 33.9803 -32.9738 0
    endloop
  endfacet
  facet normal -0 0 -1
    outer loop
      vertex 34.9964 32.6289 0
      vertex 2.9 5.6 0
      vertex 34.6436 32.699 0
    endloop
  endfacet
  facet normal 0 0 -1
    outer loop
      vertex 2.9 -5.6 0
      vertex 33.9803 -32.9738 0
      vertex 33.6812 -33.1736 0
    endloop
  endfacet
  facet normal -0 0 -1
    outer loop
      vertex 34.6436 32.699 0
      vertex 2.9 5.6 0
      vertex 34.303 32.8147 0
    endloop
  endfacet
  facet normal 0 0 -1
    outer loop
      vertex 2.9 -5.6 0
      vertex 33.6812 -33.1736 0
      vertex 33.4108 -33.4108 0
    endloop
  endfacet
  facet normal -0 0 -1
    outer loop
      vertex 34.303 32.8147 0
      vertex 2.9 5.6 0
      vertex 33.9803 32.9738 0
    endloop
  endfacet
  facet normal 0 0 -1
    outer loop
      vertex 2.9 -5.6 0
      vertex 33.4108 -33.4108 0
      vertex 33.1736 -33.6812 0
    endloop
  endfacet
  facet normal -0 0 -1
    outer loop
      vertex 33.9803 32.9738 0
      vertex 2.9 5.6 0
      vertex 33.6812 33.1736 0
    endloop
  endfacet
  facet normal 0 0 -1
    outer loop
      vertex 2.9 -5.6 0
      vertex 33.1736 -33.6812 0
      vertex 32.9738 -33.9803 0
    endloop
  endfacet
  facet normal -0 0 -1
    outer loop
      vertex 33.6812 33.1736 0
      vertex 2.9 5.6 0
      vertex 33.4108 33.4108 0
    endloop
  endfacet
  facet normal 0 0 -1
    outer loop
      vertex 2.9 -5.6 0
      vertex 32.9738 -33.9803 0
      vertex 32.8147 -34.303 0
    endloop
  endfacet
  facet normal -0 0 -1
    outer loop
      vertex 33.4108 33.4108 0
      vertex 2.9 5.6 0
      vertex 33.1736 33.6812 0
    endloop
  endfacet
  facet normal 0 0 -1
    outer loop
      vertex 2.9 -5.6 0
      vertex 32.8147 -34.303 0
      vertex 32.699 -34.6436 0
    endloop
  endfacet
  facet normal -0 0 -1
    outer loop
      vertex 33.1736 33.6812 0
      vertex 2.9 5.6 0
      vertex 32.9738 33.9803 0
    endloop
  endfacet
  facet normal 0 0 -1
    outer loop
      vertex 2.9 -5.6 0
      vertex 32.699 -34.6436 0
      vertex 32.6289 -34.9964 0
    endloop
  endfacet
  facet normal -0 0 -1
    outer loop
      vertex 32.9738 33.9803 0
      vertex 2.9 5.6 0
      vertex 32.8147 34.303 0
    endloop
  endfacet
  facet normal 0 0 -1
    outer loop
      vertex 2.9 -5.6 0
      vertex 32.6289 -34.9964 0
      vertex 32.6053 -35.3553 0
    endloop
  endfacet
  facet normal -0 0 -1
    outer loop
      vertex 32.8147 34.303 0
      vertex 2.9 5.6 0
      vertex 32.699 34.6436 0
    endloop
  endfacet
  facet normal 0 0 -1
    outer loop
      vertex 45.1529 -42.0675 0
      vertex 46 -46 0
      vertex 45.1764 -42.4264 0
    endloop
  endfacet
  facet normal 0 0 -1
    outer loop
      vertex 46 -46 0
      vertex 45.1529 -42.7854 0
      vertex 45.1764 -42.4264 0
    endloop
  endfacet
  facet normal 0 0 -1
    outer loop
      vertex 46 -46 0
      vertex 45.0827 -43.1382 0
      vertex 45.1529 -42.7854 0
    endloop
  endfacet
  facet normal 0 0 -1
    outer loop
      vertex 46 -46 0
      vertex 44.9671 -43.4788 0
      vertex 45.0827 -43.1382 0
    endloop
  endfacet
  facet normal 0 0 -1
    outer loop
      vertex 46 -46 0
      vertex 44.808 -43.8014 0
      vertex 44.9671 -43.4788 0
    endloop
  endfacet
  facet normal 0 0 -1
    outer loop
      vertex 46 -46 0
      vertex 44.6081 -44.1005 0
      vertex 44.808 -43.8014 0
    endloop
  endfacet
  facet normal 0 0 -1
    outer loop
      vertex 46 -46 0
      vertex 44.3709 -44.3709 0
      vertex 44.6081 -44.1005 0
    endloop
  endfacet
  facet normal 0 0 -1
    outer loop
      vertex 46 -46 0
      vertex 44.1005 -44.6081 0
      vertex 44.3709 -44.3709 0
    endloop
  endfacet
  facet normal 0 0 -1
    outer loop
      vertex 46 -46 0
      vertex 43.8014 -44.808 0
      vertex 44.1005 -44.6081 0
    endloop
  endfacet
  facet normal 0 0 -1
    outer loop
      vertex 46 -46 0
      vertex 43.4788 -44.9671 0
      vertex 43.8014 -44.808 0
    endloop
  endfacet
  facet normal 0 0 -1
    outer loop
      vertex 46 -46 0
      vertex 43.1382 -45.0827 0
      vertex 43.4788 -44.9671 0
    endloop
  endfacet
  facet normal 0 0 -1
    outer loop
      vertex 46 -46 0
      vertex 42.7854 -45.1529 0
      vertex 43.1382 -45.0827 0
    endloop
  endfacet
  facet normal 0 0 -1
    outer loop
      vertex 46 -46 0
      vertex 42.4264 -45.1764 0
      vertex 42.7854 -45.1529 0
    endloop
  endfacet
  facet normal 0 0 -1
    outer loop
      vertex 46 -46 0
      vertex 42.0675 -45.1529 0
      vertex 42.4264 -45.1764 0
    endloop
  endfacet
  facet normal 0 0 -1
    outer loop
      vertex 46 -46 0
      vertex 41.7147 -45.0827 0
      vertex 42.0675 -45.1529 0
    endloop
  endfacet
  facet normal -0 0 -1
    outer loop
      vertex 32.699 34.6436 0
      vertex 2.9 5.6 0
      vertex 32.6289 34.9964 0
    endloop
  endfacet
  facet normal 0 0 -1
    outer loop
      vertex 32.6289 -35.7143 0
      vertex 2.9 -5.6 0
      vertex 32.6053 -35.3553 0
    endloop
  endfacet
  facet normal 0 0 -1
    outer loop
      vertex -32.6289 -35.7143 0
      vertex 32.6289 -35.7143 0
      vertex 32.699 -36.0671 0
    endloop
  endfacet
  facet normal 0 0 -1
    outer loop
      vertex -32.699 -36.0671 0
      vertex 32.699 -36.0671 0
      vertex 32.8147 -36.4077 0
    endloop
  endfacet
  facet normal 0 0 -1
    outer loop
      vertex -32.8147 -36.4077 0
      vertex 32.8147 -36.4077 0
      vertex 32.9738 -36.7303 0
    endloop
  endfacet
  facet normal 0 0 -1
    outer loop
      vertex -32.9738 -36.7303 0
      vertex 32.9738 -36.7303 0
      vertex 33.1736 -37.0294 0
    endloop
  endfacet
  facet normal 0 0 -1
    outer loop
      vertex -33.1736 -37.0294 0
      vertex 33.1736 -37.0294 0
      vertex 33.4108 -37.2999 0
    endloop
  endfacet
  facet normal 0 0 -1
    outer loop
      vertex 32.6289 -35.7143 0
      vertex -32.6289 -35.7143 0
      vertex 2.9 -5.6 0
    endloop
  endfacet
  facet normal 0 0 -1
    outer loop
      vertex -33.4108 -37.2999 0
      vertex 33.4108 -37.2999 0
      vertex 40.4819 -44.3709 0
    endloop
  endfacet
  facet normal 0 0 -1
    outer loop
      vertex -40.4819 -44.3709 0
      vertex 40.4819 -44.3709 0
      vertex 40.7523 -44.6081 0
    endloop
  endfacet
  facet normal 0 0 -1
    outer loop
      vertex -40.7523 -44.6081 0
      vertex 40.7523 -44.6081 0
      vertex 41.0514 -44.808 0
    endloop
  endfacet
  facet normal 0 0 -1
    outer loop
      vertex -32.699 -34.6436 0
      vertex 2.9 -5.6 0
      vertex -32.6289 -34.9964 0
    endloop
  endfacet
  facet normal 0 0 -1
    outer loop
      vertex 2.9 -5.6 0
      vertex -32.6053 -35.3553 0
      vertex -32.6289 -34.9964 0
    endloop
  endfacet
  facet normal 0 0 -1
    outer loop
      vertex -41.0514 -44.808 0
      vertex 41.0514 -44.808 0
      vertex 41.374 -44.9671 0
    endloop
  endfacet
  facet normal 0 0 -1
    outer loop
      vertex -41.374 -44.9671 0
      vertex 41.374 -44.9671 0
      vertex 41.7147 -45.0827 0
    endloop
  endfacet
  facet normal 0 0 -1
    outer loop
      vertex -41.7147 -45.0827 0
      vertex 41.7147 -45.0827 0
      vertex 46 -46 0
    endloop
  endfacet
  facet normal 0 0 -1
    outer loop
      vertex 2.9 -5.6 0
      vertex -32.6289 -35.7143 0
      vertex -32.6053 -35.3553 0
    endloop
  endfacet
  facet normal 0 0 -1
    outer loop
      vertex 32.699 -36.0671 0
      vertex -32.699 -36.0671 0
      vertex -32.6289 -35.7143 0
    endloop
  endfacet
  facet normal 0 0 -1
    outer loop
      vertex 32.8147 -36.4077 0
      vertex -32.8147 -36.4077 0
      vertex -32.699 -36.0671 0
    endloop
  endfacet
  facet normal 0 0 -1
    outer loop
      vertex 32.9738 -36.7303 0
      vertex -32.9738 -36.7303 0
      vertex -32.8147 -36.4077 0
    endloop
  endfacet
  facet normal 0 0 -1
    outer loop
      vertex 33.1736 -37.0294 0
      vertex -33.1736 -37.0294 0
      vertex -32.9738 -36.7303 0
    endloop
  endfacet
  facet normal 0 0 -1
    outer loop
      vertex 33.4108 -37.2999 0
      vertex -33.4108 -37.2999 0
      vertex -33.1736 -37.0294 0
    endloop
  endfacet
  facet normal 0 0 -1
    outer loop
      vertex 40.4819 -44.3709 0
      vertex -40.4819 -44.3709 0
      vertex -33.4108 -37.2999 0
    endloop
  endfacet
  facet normal 0 0 -1
    outer loop
      vertex 40.7523 -44.6081 0
      vertex -40.7523 -44.6081 0
      vertex -40.4819 -44.3709 0
    endloop
  endfacet
  facet normal 0 0 -1
    outer loop
      vertex 41.0514 -44.808 0
      vertex -41.0514 -44.808 0
      vertex -40.7523 -44.6081 0
    endloop
  endfacet
  facet normal 0 0 -1
    outer loop
      vertex 41.374 -44.9671 0
      vertex -41.374 -44.9671 0
      vertex -41.0514 -44.808 0
    endloop
  endfacet
  facet normal 0 0 -1
    outer loop
      vertex 41.7147 -45.0827 0
      vertex -41.7147 -45.0827 0
      vertex -41.374 -44.9671 0
    endloop
  endfacet
  facet normal 0 0 -1
    outer loop
      vertex 46 -46 0
      vertex -42.0675 -45.1529 0
      vertex -41.7147 -45.0827 0
    endloop
  endfacet
  facet normal 0 0 -1
    outer loop
      vertex -46 -46 0
      vertex -42.0675 -45.1529 0
      vertex 46 -46 0
    endloop
  endfacet
  facet normal -0 0 -1
    outer loop
      vertex -45.1529 -42.7854 0
      vertex -46 -46 0
      vertex -45.1764 -42.4264 0
    endloop
  endfacet
  facet normal -0 0 -1
    outer loop
      vertex -45.0827 -43.1382 0
      vertex -46 -46 0
      vertex -45.1529 -42.7854 0
    endloop
  endfacet
  facet normal -0 0 -1
    outer loop
      vertex -44.9671 -43.4788 0
      vertex -46 -46 0
      vertex -45.0827 -43.1382 0
    endloop
  endfacet
  facet normal -0 0 -1
    outer loop
      vertex -44.808 -43.8014 0
      vertex -46 -46 0
      vertex -44.9671 -43.4788 0
    endloop
  endfacet
  facet normal -0 0 -1
    outer loop
      vertex -44.6081 -44.1005 0
      vertex -46 -46 0
      vertex -44.808 -43.8014 0
    endloop
  endfacet
  facet normal -0 0 -1
    outer loop
      vertex -44.3709 -44.3709 0
      vertex -46 -46 0
      vertex -44.6081 -44.1005 0
    endloop
  endfacet
  facet normal -0 0 -1
    outer loop
      vertex -44.1005 -44.6081 0
      vertex -46 -46 0
      vertex -44.3709 -44.3709 0
    endloop
  endfacet
  facet normal -0 0 -1
    outer loop
      vertex -43.8014 -44.808 0
      vertex -46 -46 0
      vertex -44.1005 -44.6081 0
    endloop
  endfacet
  facet normal -0 0 -1
    outer loop
      vertex -43.4788 -44.9671 0
      vertex -46 -46 0
      vertex -43.8014 -44.808 0
    endloop
  endfacet
  facet normal -0 0 -1
    outer loop
      vertex -43.1382 -45.0827 0
      vertex -46 -46 0
      vertex -43.4788 -44.9671 0
    endloop
  endfacet
  facet normal -0 0 -1
    outer loop
      vertex -42.7854 -45.1529 0
      vertex -46 -46 0
      vertex -43.1382 -45.0827 0
    endloop
  endfacet
  facet normal -0 0 -1
    outer loop
      vertex -42.4264 -45.1764 0
      vertex -46 -46 0
      vertex -42.7854 -45.1529 0
    endloop
  endfacet
  facet normal 0 0 -1
    outer loop
      vertex -42.0675 -45.1529 0
      vertex -46 -46 0
      vertex -42.4264 -45.1764 0
    endloop
  endfacet
  facet normal 0 0 -1
    outer loop
      vertex 46 -46 0
      vertex 45.1529 -42.0675 0
      vertex 46 46 0
    endloop
  endfacet
  facet normal 0 0 -1
    outer loop
      vertex 45.1529 42.7854 0
      vertex 46 46 0
      vertex 45.1764 42.4264 0
    endloop
  endfacet
  facet normal 0 0 -1
    outer loop
      vertex 45.0827 43.1382 0
      vertex 46 46 0
      vertex 45.1529 42.7854 0
    endloop
  endfacet
  facet normal 0 0 -1
    outer loop
      vertex 44.9671 43.4788 0
      vertex 46 46 0
      vertex 45.0827 43.1382 0
    endloop
  endfacet
  facet normal 0 0 -1
    outer loop
      vertex 44.808 43.8014 0
      vertex 46 46 0
      vertex 44.9671 43.4788 0
    endloop
  endfacet
  facet normal 0 0 -1
    outer loop
      vertex 44.6081 44.1005 0
      vertex 46 46 0
      vertex 44.808 43.8014 0
    endloop
  endfacet
  facet normal 0 0 -1
    outer loop
      vertex 44.3709 44.3709 0
      vertex 46 46 0
      vertex 44.6081 44.1005 0
    endloop
  endfacet
  facet normal 0 0 -1
    outer loop
      vertex 44.1005 44.6081 0
      vertex 46 46 0
      vertex 44.3709 44.3709 0
    endloop
  endfacet
  facet normal 0 0 -1
    outer loop
      vertex 43.8014 44.808 0
      vertex 46 46 0
      vertex 44.1005 44.6081 0
    endloop
  endfacet
  facet normal 0 0 -1
    outer loop
      vertex 43.4788 44.9671 0
      vertex 46 46 0
      vertex 43.8014 44.808 0
    endloop
  endfacet
  facet normal 0 0 -1
    outer loop
      vertex 43.1382 45.0827 0
      vertex 46 46 0
      vertex 43.4788 44.9671 0
    endloop
  endfacet
  facet normal 0 0 -1
    outer loop
      vertex 42.7854 45.1529 0
      vertex 46 46 0
      vertex 43.1382 45.0827 0
    endloop
  endfacet
  facet normal 0 0 -1
    outer loop
      vertex 42.4264 45.1764 0
      vertex 46 46 0
      vertex 42.7854 45.1529 0
    endloop
  endfacet
  facet normal 0 0 -1
    outer loop
      vertex 42.0675 45.1529 0
      vertex 46 46 0
      vertex 42.4264 45.1764 0
    endloop
  endfacet
  facet normal 0 0 -1
    outer loop
      vertex 41.7147 45.0827 0
      vertex 46 46 0
      vertex 42.0675 45.1529 0
    endloop
  endfacet
  facet normal -0 0 -1
    outer loop
      vertex 32.6289 34.9964 0
      vertex 2.9 5.6 0
      vertex 32.6053 35.3553 0
    endloop
  endfacet
  facet normal -0 0 -1
    outer loop
      vertex 32.6053 35.3553 0
      vertex 2.9 5.6 0
      vertex 32.6289 35.7143 0
    endloop
  endfacet
  facet normal 0 0 -1
    outer loop
      vertex -32.6289 35.7143 0
      vertex 32.6289 35.7143 0
      vertex 2.9 5.6 0
    endloop
  endfacet
  facet normal 0 0 -1
    outer loop
      vertex 32.6289 35.7143 0
      vertex -32.6289 35.7143 0
      vertex 32.699 36.0671 0
    endloop
  endfacet
  facet normal 0 0 -1
    outer loop
      vertex -32.699 36.0671 0
      vertex 32.699 36.0671 0
      vertex -32.6289 35.7143 0
    endloop
  endfacet
  facet normal 0 0 -1
    outer loop
      vertex 32.699 36.0671 0
      vertex -32.699 36.0671 0
      vertex 32.8147 36.4077 0
    endloop
  endfacet
  facet normal 0 0 -1
    outer loop
      vertex -32.8147 36.4077 0
      vertex 32.8147 36.4077 0
      vertex -32.699 36.0671 0
    endloop
  endfacet
  facet normal 0 0 -1
    outer loop
      vertex -32.6053 35.3553 0
      vertex 2.9 5.6 0
      vertex -24.9 5.6 0
    endloop
  endfacet
  facet normal 0 0 -1
    outer loop
      vertex -32.6289 35.7143 0
      vertex 2.9 5.6 0
      vertex -32.6053 35.3553 0
    endloop
  endfacet
  facet normal 0 0 -1
    outer loop
      vertex 32.8147 36.4077 0
      vertex -32.8147 36.4077 0
      vertex 32.9738 36.7303 0
    endloop
  endfacet
  facet normal 0 0 -1
    outer loop
      vertex -32.9738 36.7303 0
      vertex 32.9738 36.7303 0
      vertex -32.8147 36.4077 0
    endloop
  endfacet
  facet normal 0 0 -1
    outer loop
      vertex 32.9738 36.7303 0
      vertex -32.9738 36.7303 0
      vertex 33.1736 37.0294 0
    endloop
  endfacet
  facet normal 0 0 -1
    outer loop
      vertex -33.1736 37.0294 0
      vertex 33.1736 37.0294 0
      vertex -32.9738 36.7303 0
    endloop
  endfacet
  facet normal 0 0 -1
    outer loop
      vertex 33.1736 37.0294 0
      vertex -33.1736 37.0294 0
      vertex 33.4108 37.2999 0
    endloop
  endfacet
  facet normal 0 0 -1
    outer loop
      vertex -33.4108 37.2999 0
      vertex 33.4108 37.2999 0
      vertex -33.1736 37.0294 0
    endloop
  endfacet
  facet normal 0 0 -1
    outer loop
      vertex 33.4108 37.2999 0
      vertex -33.4108 37.2999 0
      vertex 40.4819 44.3709 0
    endloop
  endfacet
  facet normal 0 0 -1
    outer loop
      vertex -40.4819 44.3709 0
      vertex 40.4819 44.3709 0
      vertex -33.4108 37.2999 0
    endloop
  endfacet
  facet normal 0 0 -1
    outer loop
      vertex 40.4819 44.3709 0
      vertex -40.4819 44.3709 0
      vertex 40.7523 44.6081 0
    endloop
  endfacet
  facet normal 0 0 -1
    outer loop
      vertex -40.7523 44.6081 0
      vertex 40.7523 44.6081 0
      vertex -40.4819 44.3709 0
    endloop
  endfacet
  facet normal 0 0 -1
    outer loop
      vertex 40.7523 44.6081 0
      vertex -40.7523 44.6081 0
      vertex 41.0514 44.808 0
    endloop
  endfacet
  facet normal 0 0 -1
    outer loop
      vertex -41.0514 44.808 0
      vertex 41.0514 44.808 0
      vertex -40.7523 44.6081 0
    endloop
  endfacet
  facet normal 0 0 -1
    outer loop
      vertex 41.0514 44.808 0
      vertex -41.0514 44.808 0
      vertex 41.374 44.9671 0
    endloop
  endfacet
  facet normal 0 0 -1
    outer loop
      vertex -41.374 44.9671 0
      vertex 41.374 44.9671 0
      vertex -41.0514 44.808 0
    endloop
  endfacet
  facet normal 0 0 -1
    outer loop
      vertex 41.374 44.9671 0
      vertex -41.374 44.9671 0
      vertex 41.7147 45.0827 0
    endloop
  endfacet
  facet normal 0 0 -1
    outer loop
      vertex -41.7147 45.0827 0
      vertex 41.7147 45.0827 0
      vertex -41.374 44.9671 0
    endloop
  endfacet
  facet normal 0 0 -1
    outer loop
      vertex 41.7147 45.0827 0
      vertex -41.7147 45.0827 0
      vertex 46 46 0
    endloop
  endfacet
  facet normal 0 0 -1
    outer loop
      vertex -42.0675 45.1529 0
      vertex 46 46 0
      vertex -41.7147 45.0827 0
    endloop
  endfacet
  facet normal 0 0 -1
    outer loop
      vertex -46 46 0
      vertex -42.0675 45.1529 0
      vertex -42.4264 45.1764 0
    endloop
  endfacet
  facet normal 0 0 -1
    outer loop
      vertex -42.0675 45.1529 0
      vertex -46 46 0
      vertex 46 46 0
    endloop
  endfacet
  facet normal 0 0 -1
    outer loop
      vertex -42.7854 45.1529 0
      vertex -46 46 0
      vertex -42.4264 45.1764 0
    endloop
  endfacet
  facet normal 0 0 -1
    outer loop
      vertex -43.1382 45.0827 0
      vertex -46 46 0
      vertex -42.7854 45.1529 0
    endloop
  endfacet
  facet normal 0 0 -1
    outer loop
      vertex -43.4788 44.9671 0
      vertex -46 46 0
      vertex -43.1382 45.0827 0
    endloop
  endfacet
  facet normal 0 0 -1
    outer loop
      vertex -43.8014 44.808 0
      vertex -46 46 0
      vertex -43.4788 44.9671 0
    endloop
  endfacet
  facet normal 0 0 -1
    outer loop
      vertex -44.1005 44.6081 0
      vertex -46 46 0
      vertex -43.8014 44.808 0
    endloop
  endfacet
  facet normal 0 0 -1
    outer loop
      vertex -44.3709 44.3709 0
      vertex -46 46 0
      vertex -44.1005 44.6081 0
    endloop
  endfacet
  facet normal 0 0 -1
    outer loop
      vertex -44.6081 44.1005 0
      vertex -46 46 0
      vertex -44.3709 44.3709 0
    endloop
  endfacet
  facet normal 0 0 -1
    outer loop
      vertex -44.808 43.8014 0
      vertex -46 46 0
      vertex -44.6081 44.1005 0
    endloop
  endfacet
  facet normal 0 0 -1
    outer loop
      vertex -44.9671 43.4788 0
      vertex -46 46 0
      vertex -44.808 43.8014 0
    endloop
  endfacet
  facet normal 0 0 -1
    outer loop
      vertex -45.0827 43.1382 0
      vertex -46 46 0
      vertex -44.9671 43.4788 0
    endloop
  endfacet
  facet normal 0 0 -1
    outer loop
      vertex -45.1529 42.7854 0
      vertex -46 46 0
      vertex -45.0827 43.1382 0
    endloop
  endfacet
  facet normal 0 0 -1
    outer loop
      vertex -45.1764 42.4264 0
      vertex -46 46 0
      vertex -45.1529 42.7854 0
    endloop
  endfacet
  facet normal 0 0 -1
    outer loop
      vertex -45.1529 42.0675 0
      vertex -46 46 0
      vertex -45.1764 42.4264 0
    endloop
  endfacet
  facet normal 0 0 -1
    outer loop
      vertex -32.8147 -34.303 0
      vertex 2.9 -5.6 0
      vertex -32.699 -34.6436 0
    endloop
  endfacet
  facet normal -0 0 -1
    outer loop
      vertex 2.9 -5.6 0
      vertex -32.8147 -34.303 0
      vertex -24.9 -5.6 0
    endloop
  endfacet
  facet normal 0 0 -1
    outer loop
      vertex -32.9738 -33.9803 0
      vertex -24.9 -5.6 0
      vertex -32.8147 -34.303 0
    endloop
  endfacet
  facet normal 0 0 -1
    outer loop
      vertex -33.1736 -33.6812 0
      vertex -24.9 -5.6 0
      vertex -32.9738 -33.9803 0
    endloop
  endfacet
  facet normal 0 0 -1
    outer loop
      vertex -33.4108 -33.4108 0
      vertex -24.9 -5.6 0
      vertex -33.1736 -33.6812 0
    endloop
  endfacet
  facet normal 0 0 -1
    outer loop
      vertex -33.6812 -33.1736 0
      vertex -24.9 -5.6 0
      vertex -33.4108 -33.4108 0
    endloop
  endfacet
  facet normal 0 0 -1
    outer loop
      vertex -33.9803 -32.9738 0
      vertex -24.9 -5.6 0
      vertex -33.6812 -33.1736 0
    endloop
  endfacet
  facet normal 0 0 -1
    outer loop
      vertex -34.303 -32.8147 0
      vertex -24.9 -5.6 0
      vertex -33.9803 -32.9738 0
    endloop
  endfacet
  facet normal 0 0 -1
    outer loop
      vertex -34.6436 -32.699 0
      vertex -24.9 -5.6 0
      vertex -34.303 -32.8147 0
    endloop
  endfacet
  facet normal 0 0 -1
    outer loop
      vertex -34.9964 -32.6289 0
      vertex -24.9 -5.6 0
      vertex -34.6436 -32.699 0
    endloop
  endfacet
  facet normal 0 0 -1
    outer loop
      vertex -35.3553 -32.6053 0
      vertex -24.9 -5.6 0
      vertex -34.9964 -32.6289 0
    endloop
  endfacet
  facet normal 0 0 -1
    outer loop
      vertex -46 -4 0
      vertex -24.9 -5.6 0
      vertex -35.3553 -32.6053 0
    endloop
  endfacet
  facet normal 0 0 -1
    outer loop
      vertex -46 -4 0
      vertex -35.3553 -32.6053 0
      vertex -35.7143 -32.6289 0
    endloop
  endfacet
  facet normal 0 0 -1
    outer loop
      vertex -46 -4 0
      vertex -35.7143 -32.6289 0
      vertex -36.0671 -32.699 0
    endloop
  endfacet
  facet normal 0 0 -1
    outer loop
      vertex -46 -4 0
      vertex -36.0671 -32.699 0
      vertex -36.4077 -32.8147 0
    endloop
  endfacet
  facet normal 0 0 -1
    outer loop
      vertex -46 -4 0
      vertex -36.4077 -32.8147 0
      vertex -36.7303 -32.9738 0
    endloop
  endfacet
  facet normal 0 0 -1
    outer loop
      vertex -46 -4 0
      vertex -36.7303 -32.9738 0
      vertex -37.0294 -33.1736 0
    endloop
  endfacet
  facet normal 0 0 -1
    outer loop
      vertex -46 -4 0
      vertex -37.0294 -33.1736 0
      vertex -37.2999 -33.4108 0
    endloop
  endfacet
  facet normal 0 0 -1
    outer loop
      vertex -46 -4 0
      vertex -37.2999 -33.4108 0
      vertex -44.3709 -40.4819 0
    endloop
  endfacet
  facet normal 0 0 -1
    outer loop
      vertex -46 -4 0
      vertex -44.3709 -40.4819 0
      vertex -44.6081 -40.7523 0
    endloop
  endfacet
  facet normal 0 0 -1
    outer loop
      vertex -46 -4 0
      vertex -44.6081 -40.7523 0
      vertex -44.808 -41.0514 0
    endloop
  endfacet
  facet normal 0 0 -1
    outer loop
      vertex -46 -46 0
      vertex -45.1529 -42.0675 0
      vertex -45.1764 -42.4264 0
    endloop
  endfacet
  facet normal 0 0 -1
    outer loop
      vertex -46 -46 0
      vertex -45.0827 -41.7147 0
      vertex -45.1529 -42.0675 0
    endloop
  endfacet
  facet normal 0 0 -1
    outer loop
      vertex -24.9 -5.6 0
      vertex -46 -4 0
      vertex -24.9 -4 0
    endloop
  endfacet
  facet normal 0 0 -1
    outer loop
      vertex -44.9671 -41.374 0
      vertex -46 -4 0
      vertex -44.808 -41.0514 0
    endloop
  endfacet
  facet normal 0 0 -1
    outer loop
      vertex -45.0827 -41.7147 0
      vertex -46 -4 0
      vertex -44.9671 -41.374 0
    endloop
  endfacet
  facet normal 0 0 -1
    outer loop
      vertex -46 -4 0
      vertex -45.0827 -41.7147 0
      vertex -46 -46 0
    endloop
  endfacet
  facet normal 0 -1 0
    outer loop
      vertex -46 -46 0
      vertex 46 -46 6
      vertex -46 -46 6
    endloop
  endfacet
  facet normal 0 -1 -0
    outer loop
      vertex 46 -46 6
      vertex -46 -46 0
      vertex 46 -46 0
    endloop
  endfacet
  facet normal -1 0 0
    outer loop
      vertex -32 -32 6
      vertex -32 32 37.8
      vertex -32 32 6
    endloop
  endfacet
  facet normal -1 -0 0
    outer loop
      vertex -32 32 37.8
      vertex -32 -32 6
      vertex -32 -32 37.8
    endloop
  endfacet
  facet normal 0 0 1
    outer loop
      vertex 32 32 37.8
      vertex 25.3 25.3 37.8
      vertex 32 -32 37.8
    endloop
  endfacet
  facet normal 0 0 1
    outer loop
      vertex 32 32 37.8
      vertex -25.3 25.3 37.8
      vertex 25.3 25.3 37.8
    endloop
  endfacet
  facet normal 0 0 1
    outer loop
      vertex -25.3 25.3 37.8
      vertex -32 32 37.8
      vertex -25.3 -25.3 37.8
    endloop
  endfacet
  facet normal -0 0 1
    outer loop
      vertex -32 32 37.8
      vertex -25.3 25.3 37.8
      vertex 32 32 37.8
    endloop
  endfacet
  facet normal -0 0 1
    outer loop
      vertex 25.3 -25.3 37.8
      vertex 32 -32 37.8
      vertex 25.3 25.3 37.8
    endloop
  endfacet
  facet normal -0 0 1
    outer loop
      vertex -25.3 -25.3 37.8
      vertex 32 -32 37.8
      vertex 25.3 -25.3 37.8
    endloop
  endfacet
  facet normal 0 0 1
    outer loop
      vertex -25.3 -25.3 37.8
      vertex -32 -32 37.8
      vertex 32 -32 37.8
    endloop
  endfacet
  facet normal 0 0 1
    outer loop
      vertex -32 -32 37.8
      vertex -25.3 -25.3 37.8
      vertex -32 32 37.8
    endloop
  endfacet
  facet normal 1 -0 0
    outer loop
      vertex 32 -32 37.8
      vertex 32 32 6
      vertex 32 32 37.8
    endloop
  endfacet
  facet normal 1 0 0
    outer loop
      vertex 32 32 6
      vertex 32 -32 37.8
      vertex 32 -32 6
    endloop
  endfacet
  facet normal 0 -1 0
    outer loop
      vertex -21.7024 -32 15.1108
      vertex -32 -32 37.8
      vertex -21.8499 -32 15.1402
    endloop
  endfacet
  facet normal 0 -1 0
    outer loop
      vertex -32 -32 37.8
      vertex -0.150105 -32 15.1402
      vertex 0 -32 15.15
    endloop
  endfacet
  facet normal 0 -1 0
    outer loop
      vertex -21.5599 -32 15.0625
      vertex -32 -32 37.8
      vertex -21.7024 -32 15.1108
    endloop
  endfacet
  facet normal 0 -1 0
    outer loop
      vertex -32 -32 37.8
      vertex -0.297642 -32 15.1108
      vertex -0.150105 -32 15.1402
    endloop
  endfacet
  facet normal 0 -1 0
    outer loop
      vertex -21.425 -32 14.9959
      vertex -32 -32 37.8
      vertex -21.5599 -32 15.0625
    endloop
  endfacet
  facet normal 0 -1 0
    outer loop
      vertex -32 -32 37.8
      vertex -0.440085 -32 15.0625
      vertex -0.297642 -32 15.1108
    endloop
  endfacet
  facet normal 0 -1 0
    outer loop
      vertex -0.575 -32 14.9959
      vertex -32 -32 37.8
      vertex -21.425 -32 14.9959
    endloop
  endfacet
  facet normal 0 -1 0
    outer loop
      vertex -32 -32 37.8
      vertex -0.575 -32 14.9959
      vertex -0.440085 -32 15.0625
    endloop
  endfacet
  facet normal 0 -1 0
    outer loop
      vertex -21.2999 -32 14.9124
      vertex -0.575 -32 14.9959
      vertex -21.425 -32 14.9959
    endloop
  endfacet
  facet normal 0 -1 0
    outer loop
      vertex -21.2999 -32 14.9124
      vertex -0.700075 -32 14.9124
      vertex -0.575 -32 14.9959
    endloop
  endfacet
  facet normal 0 -1 0
    outer loop
      vertex -21.1868 -32 14.8132
      vertex -0.700075 -32 14.9124
      vertex -21.2999 -32 14.9124
    endloop
  endfacet
  facet normal 0 -1 0
    outer loop
      vertex -21.1868 -32 14.8132
      vertex -0.813172 -32 14.8132
      vertex -0.700075 -32 14.9124
    endloop
  endfacet
  facet normal 0 -1 0
    outer loop
      vertex -21.0876 -32 14.7001
      vertex -0.813172 -32 14.8132
      vertex -21.1868 -32 14.8132
    endloop
  endfacet
  facet normal 0 -1 0
    outer loop
      vertex -21.0876 -32 14.7001
      vertex -0.912355 -32 14.7001
      vertex -0.813172 -32 14.8132
    endloop
  endfacet
  facet normal 0 -1 0
    outer loop
      vertex -21.0041 -32 14.575
      vertex -0.912355 -32 14.7001
      vertex -21.0876 -32 14.7001
    endloop
  endfacet
  facet normal 0 -1 0
    outer loop
      vertex -21.0041 -32 14.575
      vertex -0.995929 -32 14.575
      vertex -0.912355 -32 14.7001
    endloop
  endfacet
  facet normal 0 -1 0
    outer loop
      vertex -20.9375 -32 14.4401
      vertex -0.995929 -32 14.575
      vertex -21.0041 -32 14.575
    endloop
  endfacet
  facet normal 0 -1 0
    outer loop
      vertex -20.9375 -32 14.4401
      vertex -1.06246 -32 14.4401
      vertex -0.995929 -32 14.575
    endloop
  endfacet
  facet normal 0 -1 0
    outer loop
      vertex -20.8892 -32 14.2976
      vertex -1.06246 -32 14.4401
      vertex -20.9375 -32 14.4401
    endloop
  endfacet
  facet normal 0 -1 0
    outer loop
      vertex -20.8892 -32 14.2976
      vertex -1.11081 -32 14.2976
      vertex -1.06246 -32 14.4401
    endloop
  endfacet
  facet normal 0 -1 0
    outer loop
      vertex -20.8598 -32 14.1501
      vertex -1.11081 -32 14.2976
      vertex -20.8892 -32 14.2976
    endloop
  endfacet
  facet normal 0 -1 0
    outer loop
      vertex -20.8598 -32 14.1501
      vertex -1.14016 -32 14.1501
      vertex -1.11081 -32 14.2976
    endloop
  endfacet
  facet normal 0 -1 0
    outer loop
      vertex -20.85 -32 14
      vertex -1.14016 -32 14.1501
      vertex -20.8598 -32 14.1501
    endloop
  endfacet
  facet normal 0 -1 0
    outer loop
      vertex -20.85 -32 14
      vertex -1.15 -32 14
      vertex -1.14016 -32 14.1501
    endloop
  endfacet
  facet normal 0 -1 0
    outer loop
      vertex -20.8598 -32 13.8499
      vertex -1.15 -32 14
      vertex -20.85 -32 14
    endloop
  endfacet
  facet normal 0 -1 0
    outer loop
      vertex -20.8598 -32 13.8499
      vertex -1.14016 -32 13.8499
      vertex -1.15 -32 14
    endloop
  endfacet
  facet normal 0 -1 0
    outer loop
      vertex -20.8892 -32 13.7024
      vertex -1.14016 -32 13.8499
      vertex -20.8598 -32 13.8499
    endloop
  endfacet
  facet normal 0 -1 0
    outer loop
      vertex -20.8892 -32 13.7024
      vertex -1.11081 -32 13.7024
      vertex -1.14016 -32 13.8499
    endloop
  endfacet
  facet normal 0 -1 0
    outer loop
      vertex -20.9375 -32 13.5599
      vertex -1.11081 -32 13.7024
      vertex -20.8892 -32 13.7024
    endloop
  endfacet
  facet normal 0 -1 0
    outer loop
      vertex -20.9375 -32 13.5599
      vertex -1.06246 -32 13.5599
      vertex -1.11081 -32 13.7024
    endloop
  endfacet
  facet normal 0 -1 0
    outer loop
      vertex -21.0041 -32 13.425
      vertex -1.06246 -32 13.5599
      vertex -20.9375 -32 13.5599
    endloop
  endfacet
  facet normal 0 -1 0
    outer loop
      vertex -21.0041 -32 13.425
      vertex -0.995929 -32 13.425
      vertex -1.06246 -32 13.5599
    endloop
  endfacet
  facet normal 0 -1 0
    outer loop
      vertex -21.0876 -32 13.2999
      vertex -0.995929 -32 13.425
      vertex -21.0041 -32 13.425
    endloop
  endfacet
  facet normal 0 -1 0
    outer loop
      vertex -21.0876 -32 13.2999
      vertex -0.912355 -32 13.2999
      vertex -0.995929 -32 13.425
    endloop
  endfacet
  facet normal 0 -1 0
    outer loop
      vertex -21.1868 -32 13.1868
      vertex -0.912355 -32 13.2999
      vertex -21.0876 -32 13.2999
    endloop
  endfacet
  facet normal 0 -1 0
    outer loop
      vertex -21.1868 -32 13.1868
      vertex -0.813172 -32 13.1868
      vertex -0.912355 -32 13.2999
    endloop
  endfacet
  facet normal 0 -1 0
    outer loop
      vertex -21.2999 -32 13.0876
      vertex -0.813172 -32 13.1868
      vertex -21.1868 -32 13.1868
    endloop
  endfacet
  facet normal 0 -1 0
    outer loop
      vertex -21.2999 -32 13.0876
      vertex -0.700075 -32 13.0876
      vertex -0.813172 -32 13.1868
    endloop
  endfacet
  facet normal 0 -1 0
    outer loop
      vertex -21.425 -32 13.0041
      vertex -0.700075 -32 13.0876
      vertex -21.2999 -32 13.0876
    endloop
  endfacet
  facet normal 0 -1 0
    outer loop
      vertex -21.425 -32 13.0041
      vertex -0.575 -32 13.0041
      vertex -0.700075 -32 13.0876
    endloop
  endfacet
  facet normal 0 -1 0
    outer loop
      vertex -21.5599 -32 12.9375
      vertex -0.575 -32 13.0041
      vertex -21.425 -32 13.0041
    endloop
  endfacet
  facet normal 0 -1 0
    outer loop
      vertex -21.5599 -32 12.9375
      vertex -0.440085 -32 12.9375
      vertex -0.575 -32 13.0041
    endloop
  endfacet
  facet normal 0 -1 0
    outer loop
      vertex -32 -32 6
      vertex -21.5599 -32 12.9375
      vertex -21.7024 -32 12.8892
    endloop
  endfacet
  facet normal 0 -1 -0
    outer loop
      vertex -21.5599 -32 12.9375
      vertex -32 -32 6
      vertex -0.440085 -32 12.9375
    endloop
  endfacet
  facet normal 0 -1 0
    outer loop
      vertex -32 -32 6
      vertex -21.7024 -32 12.8892
      vertex -21.8499 -32 12.8598
    endloop
  endfacet
  facet normal 0 -1 -0
    outer loop
      vertex -0.440085 -32 12.9375
      vertex -32 -32 6
      vertex -0.297642 -32 12.8892
    endloop
  endfacet
  facet normal 0 -1 0
    outer loop
      vertex -32 -32 6
      vertex -21.8499 -32 12.8598
      vertex -22 -32 12.85
    endloop
  endfacet
  facet normal 0 -1 -0
    outer loop
      vertex -0.297642 -32 12.8892
      vertex -32 -32 6
      vertex -0.150105 -32 12.8598
    endloop
  endfacet
  facet normal 0 -1 0
    outer loop
      vertex -21.8499 -32 15.1402
      vertex -32 -32 37.8
      vertex -22 -32 15.15
    endloop
  endfacet
  facet normal 0 -1 0
    outer loop
      vertex -32 -32 37.8
      vertex -22.1501 -32 15.1402
      vertex -22 -32 15.15
    endloop
  endfacet
  facet normal 0 -1 0
    outer loop
      vertex -32 -32 37.8
      vertex -22.2976 -32 15.1108
      vertex -22.1501 -32 15.1402
    endloop
  endfacet
  facet normal 0 -1 0
    outer loop
      vertex -32 -32 37.8
      vertex -22.4401 -32 15.0625
      vertex -22.2976 -32 15.1108
    endloop
  endfacet
  facet normal 0 -1 0
    outer loop
      vertex -32 -32 37.8
      vertex -22.575 -32 14.9959
      vertex -22.4401 -32 15.0625
    endloop
  endfacet
  facet normal 0 -1 0
    outer loop
      vertex -32 -32 37.8
      vertex -22.7001 -32 14.9124
      vertex -22.575 -32 14.9959
    endloop
  endfacet
  facet normal 0 -1 0
    outer loop
      vertex -32 -32 37.8
      vertex -22.8132 -32 14.8132
      vertex -22.7001 -32 14.9124
    endloop
  endfacet
  facet normal 0 -1 0
    outer loop
      vertex -32 -32 37.8
      vertex -22.9124 -32 14.7001
      vertex -22.8132 -32 14.8132
    endloop
  endfacet
  facet normal 0 -1 0
    outer loop
      vertex -32 -32 37.8
      vertex -22.9959 -32 14.575
      vertex -22.9124 -32 14.7001
    endloop
  endfacet
  facet normal 0 -1 0
    outer loop
      vertex -32 -32 37.8
      vertex -23.0625 -32 14.4401
      vertex -22.9959 -32 14.575
    endloop
  endfacet
  facet normal 0 -1 0
    outer loop
      vertex -32 -32 6
      vertex -23.0625 -32 14.4401
      vertex -32 -32 37.8
    endloop
  endfacet
  facet normal 0 -1 0
    outer loop
      vertex -23.0625 -32 14.4401
      vertex -32 -32 6
      vertex -23.1108 -32 14.2976
    endloop
  endfacet
  facet normal 0 -1 0
    outer loop
      vertex -23.1108 -32 14.2976
      vertex -32 -32 6
      vertex -23.1402 -32 14.1501
    endloop
  endfacet
  facet normal 0 -1 0
    outer loop
      vertex -23.1402 -32 14.1501
      vertex -32 -32 6
      vertex -23.15 -32 14
    endloop
  endfacet
  facet normal 0 -1 -0
    outer loop
      vertex -23.15 -32 14
      vertex -32 -32 6
      vertex -23.1402 -32 13.8499
    endloop
  endfacet
  facet normal 0 -1 -0
    outer loop
      vertex -23.1402 -32 13.8499
      vertex -32 -32 6
      vertex -23.1108 -32 13.7024
    endloop
  endfacet
  facet normal 0 -1 -0
    outer loop
      vertex -0.150105 -32 12.8598
      vertex -32 -32 6
      vertex 0 -32 12.85
    endloop
  endfacet
  facet normal 0 -1 -0
    outer loop
      vertex -22.1501 -32 12.8598
      vertex -32 -32 6
      vertex -22 -32 12.85
    endloop
  endfacet
  facet normal 0 -1 -0
    outer loop
      vertex -22.2976 -32 12.8892
      vertex -32 -32 6
      vertex -22.1501 -32 12.8598
    endloop
  endfacet
  facet normal 0 -1 -0
    outer loop
      vertex -22.4401 -32 12.9375
      vertex -32 -32 6
      vertex -22.2976 -32 12.8892
    endloop
  endfacet
  facet normal 0 -1 -0
    outer loop
      vertex -22.575 -32 13.0041
      vertex -32 -32 6
      vertex -22.4401 -32 12.9375
    endloop
  endfacet
  facet normal 0 -1 -0
    outer loop
      vertex -22.7001 -32 13.0876
      vertex -32 -32 6
      vertex -22.575 -32 13.0041
    endloop
  endfacet
  facet normal 0 -1 -0
    outer loop
      vertex -22.8132 -32 13.1868
      vertex -32 -32 6
      vertex -22.7001 -32 13.0876
    endloop
  endfacet
  facet normal 0 -1 -0
    outer loop
      vertex -22.9124 -32 13.2999
      vertex -32 -32 6
      vertex -22.8132 -32 13.1868
    endloop
  endfacet
  facet normal 0 -1 -0
    outer loop
      vertex -22.9959 -32 13.425
      vertex -32 -32 6
      vertex -22.9124 -32 13.2999
    endloop
  endfacet
  facet normal 0 -1 -0
    outer loop
      vertex -23.0625 -32 13.5599
      vertex -32 -32 6
      vertex -22.9959 -32 13.425
    endloop
  endfacet
  facet normal 0 -1 -0
    outer loop
      vertex -23.1108 -32 13.7024
      vertex -32 -32 6
      vertex -23.0625 -32 13.5599
    endloop
  endfacet
  facet normal 0 -1 0
    outer loop
      vertex -32 -32 37.8
      vertex 0 -32 15.15
      vertex 32 -32 37.8
    endloop
  endfacet
  facet normal 0 -1 0
    outer loop
      vertex 0.150105 -32 15.1402
      vertex 32 -32 37.8
      vertex 0 -32 15.15
    endloop
  endfacet
  facet normal 0 -1 0
    outer loop
      vertex 0.297642 -32 15.1108
      vertex 32 -32 37.8
      vertex 0.150105 -32 15.1402
    endloop
  endfacet
  facet normal 0 -1 0
    outer loop
      vertex 0.440085 -32 15.0625
      vertex 32 -32 37.8
      vertex 0.297642 -32 15.1108
    endloop
  endfacet
  facet normal 0 -1 0
    outer loop
      vertex 0.575 -32 14.9959
      vertex 32 -32 37.8
      vertex 0.440085 -32 15.0625
    endloop
  endfacet
  facet normal 0 -1 0
    outer loop
      vertex 0.700075 -32 14.9124
      vertex 32 -32 37.8
      vertex 0.575 -32 14.9959
    endloop
  endfacet
  facet normal 0 -1 0
    outer loop
      vertex 0.813172 -32 14.8132
      vertex 32 -32 37.8
      vertex 0.700075 -32 14.9124
    endloop
  endfacet
  facet normal 0 -1 0
    outer loop
      vertex 0.912355 -32 14.7001
      vertex 32 -32 37.8
      vertex 0.813172 -32 14.8132
    endloop
  endfacet
  facet normal 0 -1 0
    outer loop
      vertex 0.995929 -32 14.575
      vertex 32 -32 37.8
      vertex 0.912355 -32 14.7001
    endloop
  endfacet
  facet normal 0 -1 0
    outer loop
      vertex 1.06246 -32 14.4401
      vertex 32 -32 37.8
      vertex 0.995929 -32 14.575
    endloop
  endfacet
  facet normal 0 -1 0
    outer loop
      vertex 32 -32 6
      vertex 1.06246 -32 14.4401
      vertex 1.11081 -32 14.2976
    endloop
  endfacet
  facet normal 0 -1 0
    outer loop
      vertex 32 -32 6
      vertex 1.11081 -32 14.2976
      vertex 1.14016 -32 14.1501
    endloop
  endfacet
  facet normal 0 -1 0
    outer loop
      vertex 32 -32 6
      vertex 1.14016 -32 14.1501
      vertex 1.15 -32 14
    endloop
  endfacet
  facet normal 0 -1 0
    outer loop
      vertex 32 -32 6
      vertex 1.15 -32 14
      vertex 1.14016 -32 13.8499
    endloop
  endfacet
  facet normal 0 -1 0
    outer loop
      vertex 32 -32 6
      vertex 1.14016 -32 13.8499
      vertex 1.11081 -32 13.7024
    endloop
  endfacet
  facet normal 0 -1 0
    outer loop
      vertex 32 -32 6
      vertex 1.11081 -32 13.7024
      vertex 1.06246 -32 13.5599
    endloop
  endfacet
  facet normal 0 -1 0
    outer loop
      vertex 32 -32 6
      vertex 1.06246 -32 13.5599
      vertex 0.995929 -32 13.425
    endloop
  endfacet
  facet normal 0 -1 0
    outer loop
      vertex 32 -32 6
      vertex 0.995929 -32 13.425
      vertex 0.912355 -32 13.2999
    endloop
  endfacet
  facet normal 0 -1 0
    outer loop
      vertex 32 -32 6
      vertex 0.912355 -32 13.2999
      vertex 0.813172 -32 13.1868
    endloop
  endfacet
  facet normal 0 -1 0
    outer loop
      vertex 32 -32 6
      vertex 0.813172 -32 13.1868
      vertex 0.700075 -32 13.0876
    endloop
  endfacet
  facet normal 0 -1 0
    outer loop
      vertex 32 -32 6
      vertex 0 -32 12.85
      vertex -32 -32 6
    endloop
  endfacet
  facet normal 0 -1 0
    outer loop
      vertex 0 -32 12.85
      vertex 32 -32 6
      vertex 0.150105 -32 12.8598
    endloop
  endfacet
  facet normal 0 -1 0
    outer loop
      vertex 1.06246 -32 14.4401
      vertex 32 -32 6
      vertex 32 -32 37.8
    endloop
  endfacet
  facet normal 0 -1 0
    outer loop
      vertex 0.575 -32 13.0041
      vertex 32 -32 6
      vertex 0.700075 -32 13.0876
    endloop
  endfacet
  facet normal 0 -1 0
    outer loop
      vertex 0.440085 -32 12.9375
      vertex 32 -32 6
      vertex 0.575 -32 13.0041
    endloop
  endfacet
  facet normal 0 -1 0
    outer loop
      vertex 0.297642 -32 12.8892
      vertex 32 -32 6
      vertex 0.440085 -32 12.9375
    endloop
  endfacet
  facet normal 0 -1 0
    outer loop
      vertex 0.150105 -32 12.8598
      vertex 32 -32 6
      vertex 0.297642 -32 12.8892
    endloop
  endfacet
  facet normal 0 1 -0
    outer loop
      vertex 32 32 6
      vertex -32 32 37.8
      vertex 32 32 37.8
    endloop
  endfacet
  facet normal 0 1 0
    outer loop
      vertex -32 32 37.8
      vertex 32 32 6
      vertex -32 32 6
    endloop
  endfacet
  facet normal 1 0 0
    outer loop
      vertex -20.3 20.3 32.8
      vertex -20.3 5.6 27.8
      vertex -20.3 20.3 25.8
    endloop
  endfacet
  facet normal 1 0 0
    outer loop
      vertex -20.3 20.3 32.8
      vertex -20.3 -5.6 27.8
      vertex -20.3 5.6 27.8
    endloop
  endfacet
  facet normal 1 -0 0
    outer loop
      vertex -20.3 -20.3 32.8
      vertex -20.3 -5.6 27.8
      vertex -20.3 20.3 32.8
    endloop
  endfacet
  facet normal 1 0 0
    outer loop
      vertex -20.3 -20.3 25.8
      vertex -20.3 -5.6 27.8
      vertex -20.3 -20.3 32.8
    endloop
  endfacet
  facet normal 1 0 0
    outer loop
      vertex -20.3 -5.6 27.8
      vertex -20.3 -20.3 25.8
      vertex -20.3 -5.6 25.8
    endloop
  endfacet
  facet normal 1 0 0
    outer loop
      vertex -20.3 20.3 25.8
      vertex -20.3 5.6 27.8
      vertex -20.3 5.6 25.8
    endloop
  endfacet
  facet normal -1 0 0
    outer loop
      vertex 20.3 -20.3 25.8
      vertex 20.3 20.3 32.8
      vertex 20.3 20.3 25.8
    endloop
  endfacet
  facet normal -1 -0 0
    outer loop
      vertex 20.3 20.3 32.8
      vertex 20.3 -20.3 25.8
      vertex 20.3 -20.3 32.8
    endloop
  endfacet
  facet normal 0 0 1
    outer loop
      vertex 20.3 20.3 25.8
      vertex 2.9 5.6 25.8
      vertex 20.3 -20.3 25.8
    endloop
  endfacet
  facet normal -0 0 1
    outer loop
      vertex -20.3 20.3 25.8
      vertex 2.9 5.6 25.8
      vertex 20.3 20.3 25.8
    endloop
  endfacet
  facet normal 0 0 1
    outer loop
      vertex 2.9 5.6 25.8
      vertex -20.3 20.3 25.8
      vertex -20.3 5.6 25.8
    endloop
  endfacet
  facet normal -0 0 1
    outer loop
      vertex 2.9 -5.6 25.8
      vertex 20.3 -20.3 25.8
      vertex 2.9 5.6 25.8
    endloop
  endfacet
  facet normal 0 0 1
    outer loop
      vertex -20.3 -20.3 25.8
      vertex 2.9 -5.6 25.8
      vertex -20.3 -5.6 25.8
    endloop
  endfacet
  facet normal 0 0 1
    outer loop
      vertex 2.9 -5.6 25.8
      vertex -20.3 -20.3 25.8
      vertex 20.3 -20.3 25.8
    endloop
  endfacet
  facet normal 0 1 -0
    outer loop
      vertex 20.3 -20.3 25.8
      vertex -20.3 -20.3 32.8
      vertex 20.3 -20.3 32.8
    endloop
  endfacet
  facet normal 0 1 0
    outer loop
      vertex -20.3 -20.3 32.8
      vertex 20.3 -20.3 25.8
      vertex -20.3 -20.3 25.8
    endloop
  endfacet
  facet normal 0 -1 0
    outer loop
      vertex -20.3 20.3 25.8
      vertex 20.3 20.3 32.8
      vertex -20.3 20.3 32.8
    endloop
  endfacet
  facet normal 0 -1 -0
    outer loop
      vertex 20.3 20.3 32.8
      vertex -20.3 20.3 25.8
      vertex 20.3 20.3 25.8
    endloop
  endfacet
  facet normal -0.707107 0 0.707107
    outer loop
      vertex 20.3 -20.3 32.8
      vertex 25.3 25.3 37.8
      vertex 20.3 20.3 32.8
    endloop
  endfacet
  facet normal -0.707107 0 0.707107
    outer loop
      vertex 25.3 25.3 37.8
      vertex 20.3 -20.3 32.8
      vertex 25.3 -25.3 37.8
    endloop
  endfacet
  facet normal 0 0.707107 0.707107
    outer loop
      vertex 20.3 -20.3 32.8
      vertex -25.3 -25.3 37.8
      vertex 25.3 -25.3 37.8
    endloop
  endfacet
  facet normal 0 0.707107 0.707107
    outer loop
      vertex -25.3 -25.3 37.8
      vertex 20.3 -20.3 32.8
      vertex -20.3 -20.3 32.8
    endloop
  endfacet
  facet normal 0.707107 0 0.707107
    outer loop
      vertex -25.3 25.3 37.8
      vertex -20.3 -20.3 32.8
      vertex -20.3 20.3 32.8
    endloop
  endfacet
  facet normal 0.707107 0 0.707107
    outer loop
      vertex -20.3 -20.3 32.8
      vertex -25.3 25.3 37.8
      vertex -25.3 -25.3 37.8
    endloop
  endfacet
  facet normal 0 -0.707107 0.707107
    outer loop
      vertex -20.3 20.3 32.8
      vertex 25.3 25.3 37.8
      vertex -25.3 25.3 37.8
    endloop
  endfacet
  facet normal 0 -0.707107 0.707107
    outer loop
      vertex 25.3 25.3 37.8
      vertex -20.3 20.3 32.8
      vertex 20.3 20.3 32.8
    endloop
  endfacet
  facet normal 1 0 0
    outer loop
      vertex -24.9 5.6 27.8
      vertex -24.9 4 3
      vertex -24.9 5.6 0
    endloop
  endfacet
  facet normal 1 0 0
    outer loop
      vertex -24.9 5.6 27.8
      vertex -24.9 -4 3
      vertex -24.9 4 3
    endloop
  endfacet
  facet normal 1 -0 0
    outer loop
      vertex -24.9 -5.6 27.8
      vertex -24.9 -4 3
      vertex -24.9 5.6 27.8
    endloop
  endfacet
  facet normal 1 0 0
    outer loop
      vertex -24.9 -5.6 0
      vertex -24.9 -4 3
      vertex -24.9 -5.6 27.8
    endloop
  endfacet
  facet normal 1 0 0
    outer loop
      vertex -24.9 -4 3
      vertex -24.9 -5.6 0
      vertex -24.9 -4 0
    endloop
  endfacet
  facet normal 1 0 0
    outer loop
      vertex -24.9 5.6 0
      vertex -24.9 4 3
      vertex -24.9 4 0
    endloop
  endfacet
  facet normal -1 0 0
    outer loop
      vertex 2.9 -5.6 0
      vertex 2.9 5.6 25.8
      vertex 2.9 5.6 0
    endloop
  endfacet
  facet normal -1 -0 0
    outer loop
      vertex 2.9 5.6 25.8
      vertex 2.9 -5.6 0
      vertex 2.9 -5.6 25.8
    endloop
  endfacet
  facet normal 0 -1 0
    outer loop
      vertex -21.7671 5.6 14.8693
      vertex -20.3 5.6 25.8
      vertex -21.8825 5.6 14.8923
    endloop
  endfacet
  facet normal 0 -1 0
    outer loop
      vertex -20.3 5.6 25.8
      vertex -0.117473 5.6 14.8923
      vertex 0 5.6 14.9
    endloop
  endfacet
  facet normal 0 -1 0
    outer loop
      vertex -21.6556 5.6 14.8315
      vertex -20.3 5.6 25.8
      vertex -21.7671 5.6 14.8693
    endloop
  endfacet
  facet normal 0 -1 0
    outer loop
      vertex -20.3 5.6 25.8
      vertex -0.232937 5.6 14.8693
      vertex -0.117473 5.6 14.8923
    endloop
  endfacet
  facet normal 0 -1 0
    outer loop
      vertex -21.55 5.6 14.7794
      vertex -20.3 5.6 25.8
      vertex -21.6556 5.6 14.8315
    endloop
  endfacet
  facet normal 0 -1 0
    outer loop
      vertex -20.3 5.6 25.8
      vertex -0.344415 5.6 14.8315
      vertex -0.232937 5.6 14.8693
    endloop
  endfacet
  facet normal 0 -1 0
    outer loop
      vertex -21.4521 5.6 14.714
      vertex -20.3 5.6 25.8
      vertex -21.55 5.6 14.7794
    endloop
  endfacet
  facet normal 0 -1 0
    outer loop
      vertex -20.3 5.6 25.8
      vertex -0.45 5.6 14.7794
      vertex -0.344415 5.6 14.8315
    endloop
  endfacet
  facet normal 0 -1 0
    outer loop
      vertex -21.3636 5.6 14.6364
      vertex -20.3 5.6 25.8
      vertex -21.4521 5.6 14.714
    endloop
  endfacet
  facet normal 0 -1 0
    outer loop
      vertex -20.3 5.6 25.8
      vertex -0.547885 5.6 14.714
      vertex -0.45 5.6 14.7794
    endloop
  endfacet
  facet normal 0 -1 0
    outer loop
      vertex -21.286 5.6 14.5479
      vertex -20.3 5.6 25.8
      vertex -21.3636 5.6 14.6364
    endloop
  endfacet
  facet normal 0 -1 0
    outer loop
      vertex -20.3 5.6 25.8
      vertex -0.636395 5.6 14.6364
      vertex -0.547885 5.6 14.714
    endloop
  endfacet
  facet normal 0 -1 0
    outer loop
      vertex -21.2206 5.6 14.45
      vertex -20.3 5.6 25.8
      vertex -21.286 5.6 14.5479
    endloop
  endfacet
  facet normal 0 -1 0
    outer loop
      vertex -20.3 5.6 25.8
      vertex -0.714018 5.6 14.5479
      vertex -0.636395 5.6 14.6364
    endloop
  endfacet
  facet normal 0 -1 0
    outer loop
      vertex -0.779423 5.6 14.45
      vertex -20.3 5.6 25.8
      vertex -21.2206 5.6 14.45
    endloop
  endfacet
  facet normal 0 -1 0
    outer loop
      vertex -20.3 5.6 25.8
      vertex -0.779423 5.6 14.45
      vertex -0.714018 5.6 14.5479
    endloop
  endfacet
  facet normal 0 -1 0
    outer loop
      vertex -21.1685 5.6 14.3444
      vertex -0.779423 5.6 14.45
      vertex -21.2206 5.6 14.45
    endloop
  endfacet
  facet normal 0 -1 0
    outer loop
      vertex -21.1685 5.6 14.3444
      vertex -0.831491 5.6 14.3444
      vertex -0.779423 5.6 14.45
    endloop
  endfacet
  facet normal 0 -1 0
    outer loop
      vertex -21.1307 5.6 14.2329
      vertex -0.831491 5.6 14.3444
      vertex -21.1685 5.6 14.3444
    endloop
  endfacet
  facet normal 0 -1 0
    outer loop
      vertex -21.1307 5.6 14.2329
      vertex -0.869332 5.6 14.2329
      vertex -0.831491 5.6 14.3444
    endloop
  endfacet
  facet normal 0 -1 0
    outer loop
      vertex -21.1077 5.6 14.1175
      vertex -0.869332 5.6 14.2329
      vertex -21.1307 5.6 14.2329
    endloop
  endfacet
  facet normal 0 -1 0
    outer loop
      vertex -21.1077 5.6 14.1175
      vertex -0.8923 5.6 14.1175
      vertex -0.869332 5.6 14.2329
    endloop
  endfacet
  facet normal 0 -1 0
    outer loop
      vertex -21.1 5.6 14
      vertex -0.8923 5.6 14.1175
      vertex -21.1077 5.6 14.1175
    endloop
  endfacet
  facet normal 0 -1 0
    outer loop
      vertex -21.1 5.6 14
      vertex -0.9 5.6 14
      vertex -0.8923 5.6 14.1175
    endloop
  endfacet
  facet normal 0 -1 0
    outer loop
      vertex -21.1077 5.6 13.8825
      vertex -0.9 5.6 14
      vertex -21.1 5.6 14
    endloop
  endfacet
  facet normal 0 -1 0
    outer loop
      vertex -21.1077 5.6 13.8825
      vertex -0.8923 5.6 13.8825
      vertex -0.9 5.6 14
    endloop
  endfacet
  facet normal 0 -1 0
    outer loop
      vertex -21.1307 5.6 13.7671
      vertex -0.8923 5.6 13.8825
      vertex -21.1077 5.6 13.8825
    endloop
  endfacet
  facet normal 0 -1 0
    outer loop
      vertex -21.1307 5.6 13.7671
      vertex -0.869332 5.6 13.7671
      vertex -0.8923 5.6 13.8825
    endloop
  endfacet
  facet normal 0 -1 0
    outer loop
      vertex -21.1685 5.6 13.6556
      vertex -0.869332 5.6 13.7671
      vertex -21.1307 5.6 13.7671
    endloop
  endfacet
  facet normal 0 -1 0
    outer loop
      vertex -21.1685 5.6 13.6556
      vertex -0.831491 5.6 13.6556
      vertex -0.869332 5.6 13.7671
    endloop
  endfacet
  facet normal 0 -1 0
    outer loop
      vertex -21.2206 5.6 13.55
      vertex -0.831491 5.6 13.6556
      vertex -21.1685 5.6 13.6556
    endloop
  endfacet
  facet normal 0 -1 0
    outer loop
      vertex -21.2206 5.6 13.55
      vertex -0.779423 5.6 13.55
      vertex -0.831491 5.6 13.6556
    endloop
  endfacet
  facet normal 0 -1 0
    outer loop
      vertex -21.286 5.6 13.4521
      vertex -0.779423 5.6 13.55
      vertex -21.2206 5.6 13.55
    endloop
  endfacet
  facet normal 0 -1 0
    outer loop
      vertex -21.286 5.6 13.4521
      vertex -0.714018 5.6 13.4521
      vertex -0.779423 5.6 13.55
    endloop
  endfacet
  facet normal 0 -1 0
    outer loop
      vertex -21.3636 5.6 13.3636
      vertex -0.714018 5.6 13.4521
      vertex -21.286 5.6 13.4521
    endloop
  endfacet
  facet normal 0 -1 0
    outer loop
      vertex -21.3636 5.6 13.3636
      vertex -0.636395 5.6 13.3636
      vertex -0.714018 5.6 13.4521
    endloop
  endfacet
  facet normal 0 -1 0
    outer loop
      vertex -24.9 5.6 0
      vertex -21.3636 5.6 13.3636
      vertex -21.4521 5.6 13.286
    endloop
  endfacet
  facet normal 0 -1 -0
    outer loop
      vertex -21.3636 5.6 13.3636
      vertex -24.9 5.6 0
      vertex -0.636395 5.6 13.3636
    endloop
  endfacet
  facet normal 0 -1 0
    outer loop
      vertex -24.9 5.6 0
      vertex -21.4521 5.6 13.286
      vertex -21.55 5.6 13.2206
    endloop
  endfacet
  facet normal 0 -1 0
    outer loop
      vertex 2.9 5.6 0
      vertex -0.636395 5.6 13.3636
      vertex -24.9 5.6 0
    endloop
  endfacet
  facet normal 0 -1 0
    outer loop
      vertex -24.9 5.6 0
      vertex -21.55 5.6 13.2206
      vertex -21.6556 5.6 13.1685
    endloop
  endfacet
  facet normal 0 -1 0
    outer loop
      vertex -0.636395 5.6 13.3636
      vertex 2.9 5.6 0
      vertex -0.547885 5.6 13.286
    endloop
  endfacet
  facet normal 0 -1 0
    outer loop
      vertex -24.9 5.6 0
      vertex -21.6556 5.6 13.1685
      vertex -21.7671 5.6 13.1307
    endloop
  endfacet
  facet normal 0 -1 0
    outer loop
      vertex -0.547885 5.6 13.286
      vertex 2.9 5.6 0
      vertex -0.45 5.6 13.2206
    endloop
  endfacet
  facet normal 0 -1 0
    outer loop
      vertex -24.9 5.6 0
      vertex -21.7671 5.6 13.1307
      vertex -21.8825 5.6 13.1077
    endloop
  endfacet
  facet normal 0 -1 0
    outer loop
      vertex -0.45 5.6 13.2206
      vertex 2.9 5.6 0
      vertex -0.344415 5.6 13.1685
    endloop
  endfacet
  facet normal 0 -1 0
    outer loop
      vertex -24.9 5.6 0
      vertex -21.8825 5.6 13.1077
      vertex -22 5.6 13.1
    endloop
  endfacet
  facet normal 0 -1 0
    outer loop
      vertex -0.344415 5.6 13.1685
      vertex 2.9 5.6 0
      vertex -0.232937 5.6 13.1307
    endloop
  endfacet
  facet normal 0 -1 0
    outer loop
      vertex -24.9 5.6 27.8
      vertex -20.3 5.6 25.8
      vertex -20.3 5.6 27.8
    endloop
  endfacet
  facet normal 0 -1 0
    outer loop
      vertex -21.8825 5.6 14.8923
      vertex -20.3 5.6 25.8
      vertex -22 5.6 14.9
    endloop
  endfacet
  facet normal 0 -1 0
    outer loop
      vertex -22.3444 5.6 14.8315
      vertex -20.3 5.6 25.8
      vertex -24.9 5.6 27.8
    endloop
  endfacet
  facet normal 0 -1 0
    outer loop
      vertex -20.3 5.6 25.8
      vertex -22.1175 5.6 14.8923
      vertex -22 5.6 14.9
    endloop
  endfacet
  facet normal 0 -1 0
    outer loop
      vertex -20.3 5.6 25.8
      vertex -22.2329 5.6 14.8693
      vertex -22.1175 5.6 14.8923
    endloop
  endfacet
  facet normal 0 -1 0
    outer loop
      vertex -20.3 5.6 25.8
      vertex -22.3444 5.6 14.8315
      vertex -22.2329 5.6 14.8693
    endloop
  endfacet
  facet normal 0 -1 0
    outer loop
      vertex -24.9 5.6 27.8
      vertex -22.45 5.6 14.7794
      vertex -22.3444 5.6 14.8315
    endloop
  endfacet
  facet normal 0 -1 0
    outer loop
      vertex -24.9 5.6 27.8
      vertex -22.5479 5.6 14.714
      vertex -22.45 5.6 14.7794
    endloop
  endfacet
  facet normal 0 -1 0
    outer loop
      vertex -24.9 5.6 27.8
      vertex -22.6364 5.6 14.6364
      vertex -22.5479 5.6 14.714
    endloop
  endfacet
  facet normal 0 -1 0
    outer loop
      vertex -24.9 5.6 27.8
      vertex -22.714 5.6 14.5479
      vertex -22.6364 5.6 14.6364
    endloop
  endfacet
  facet normal 0 -1 0
    outer loop
      vertex -24.9 5.6 27.8
      vertex -22.7794 5.6 14.45
      vertex -22.714 5.6 14.5479
    endloop
  endfacet
  facet normal 0 -1 0
    outer loop
      vertex -24.9 5.6 27.8
      vertex -22.8315 5.6 14.3444
      vertex -22.7794 5.6 14.45
    endloop
  endfacet
  facet normal 0 -1 0
    outer loop
      vertex -24.9 5.6 27.8
      vertex -22.8693 5.6 14.2329
      vertex -22.8315 5.6 14.3444
    endloop
  endfacet
  facet normal 0 -1 0
    outer loop
      vertex -24.9 5.6 27.8
      vertex -22.8923 5.6 14.1175
      vertex -22.8693 5.6 14.2329
    endloop
  endfacet
  facet normal 0 -1 0
    outer loop
      vertex -24.9 5.6 27.8
      vertex -22.9 5.6 14
      vertex -22.8923 5.6 14.1175
    endloop
  endfacet
  facet normal 0 -1 0
    outer loop
      vertex -24.9 5.6 0
      vertex -22.9 5.6 14
      vertex -24.9 5.6 27.8
    endloop
  endfacet
  facet normal 0 -1 0
    outer loop
      vertex -0.232937 5.6 13.1307
      vertex 2.9 5.6 0
      vertex -0.117473 5.6 13.1077
    endloop
  endfacet
  facet normal 0 -1 -0
    outer loop
      vertex -22.1175 5.6 13.1077
      vertex -24.9 5.6 0
      vertex -22 5.6 13.1
    endloop
  endfacet
  facet normal 0 -1 -0
    outer loop
      vertex -22.2329 5.6 13.1307
      vertex -24.9 5.6 0
      vertex -22.1175 5.6 13.1077
    endloop
  endfacet
  facet normal 0 -1 -0
    outer loop
      vertex -22.3444 5.6 13.1685
      vertex -24.9 5.6 0
      vertex -22.2329 5.6 13.1307
    endloop
  endfacet
  facet normal 0 -1 -0
    outer loop
      vertex -22.45 5.6 13.2206
      vertex -24.9 5.6 0
      vertex -22.3444 5.6 13.1685
    endloop
  endfacet
  facet normal 0 -1 -0
    outer loop
      vertex -22.5479 5.6 13.286
      vertex -24.9 5.6 0
      vertex -22.45 5.6 13.2206
    endloop
  endfacet
  facet normal 0 -1 -0
    outer loop
      vertex -22.6364 5.6 13.3636
      vertex -24.9 5.6 0
      vertex -22.5479 5.6 13.286
    endloop
  endfacet
  facet normal 0 -1 -0
    outer loop
      vertex -22.714 5.6 13.4521
      vertex -24.9 5.6 0
      vertex -22.6364 5.6 13.3636
    endloop
  endfacet
  facet normal 0 -1 -0
    outer loop
      vertex -22.7794 5.6 13.55
      vertex -24.9 5.6 0
      vertex -22.714 5.6 13.4521
    endloop
  endfacet
  facet normal 0 -1 -0
    outer loop
      vertex -22.8315 5.6 13.6556
      vertex -24.9 5.6 0
      vertex -22.7794 5.6 13.55
    endloop
  endfacet
  facet normal 0 -1 -0
    outer loop
      vertex -22.8693 5.6 13.7671
      vertex -24.9 5.6 0
      vertex -22.8315 5.6 13.6556
    endloop
  endfacet
  facet normal 0 -1 -0
    outer loop
      vertex -22.8923 5.6 13.8825
      vertex -24.9 5.6 0
      vertex -22.8693 5.6 13.7671
    endloop
  endfacet
  facet normal 0 -1 -0
    outer loop
      vertex -22.9 5.6 14
      vertex -24.9 5.6 0
      vertex -22.8923 5.6 13.8825
    endloop
  endfacet
  facet normal 0 -1 0
    outer loop
      vertex -20.3 5.6 25.8
      vertex 0 5.6 14.9
      vertex 2.9 5.6 25.8
    endloop
  endfacet
  facet normal 0 -1 0
    outer loop
      vertex 0.117473 5.6 14.8923
      vertex 2.9 5.6 25.8
      vertex 0 5.6 14.9
    endloop
  endfacet
  facet normal 0 -1 0
    outer loop
      vertex 0.232937 5.6 14.8693
      vertex 2.9 5.6 25.8
      vertex 0.117473 5.6 14.8923
    endloop
  endfacet
  facet normal 0 -1 0
    outer loop
      vertex 0.344415 5.6 14.8315
      vertex 2.9 5.6 25.8
      vertex 0.232937 5.6 14.8693
    endloop
  endfacet
  facet normal 0 -1 0
    outer loop
      vertex 0.45 5.6 14.7794
      vertex 2.9 5.6 25.8
      vertex 0.344415 5.6 14.8315
    endloop
  endfacet
  facet normal 0 -1 0
    outer loop
      vertex 0.547885 5.6 14.714
      vertex 2.9 5.6 25.8
      vertex 0.45 5.6 14.7794
    endloop
  endfacet
  facet normal 0 -1 0
    outer loop
      vertex 0.636395 5.6 14.6364
      vertex 2.9 5.6 25.8
      vertex 0.547885 5.6 14.714
    endloop
  endfacet
  facet normal 0 -1 0
    outer loop
      vertex 0.714018 5.6 14.5479
      vertex 2.9 5.6 25.8
      vertex 0.636395 5.6 14.6364
    endloop
  endfacet
  facet normal 0 -1 0
    outer loop
      vertex 0.779423 5.6 14.45
      vertex 2.9 5.6 25.8
      vertex 0.714018 5.6 14.5479
    endloop
  endfacet
  facet normal 0 -1 0
    outer loop
      vertex 0.831491 5.6 14.3444
      vertex 2.9 5.6 25.8
      vertex 0.779423 5.6 14.45
    endloop
  endfacet
  facet normal 0 -1 0
    outer loop
      vertex 0.869332 5.6 14.2329
      vertex 2.9 5.6 25.8
      vertex 0.831491 5.6 14.3444
    endloop
  endfacet
  facet normal 0 -1 0
    outer loop
      vertex 0.8923 5.6 14.1175
      vertex 2.9 5.6 25.8
      vertex 0.869332 5.6 14.2329
    endloop
  endfacet
  facet normal 0 -1 0
    outer loop
      vertex 0.9 5.6 14
      vertex 2.9 5.6 25.8
      vertex 0.8923 5.6 14.1175
    endloop
  endfacet
  facet normal 0 -1 0
    outer loop
      vertex 2.9 5.6 0
      vertex 0.9 5.6 14
      vertex 0.8923 5.6 13.8825
    endloop
  endfacet
  facet normal 0 -1 0
    outer loop
      vertex -0.117473 5.6 13.1077
      vertex 2.9 5.6 0
      vertex 0 5.6 13.1
    endloop
  endfacet
  facet normal 0 -1 0
    outer loop
      vertex 0 5.6 13.1
      vertex 2.9 5.6 0
      vertex 0.117473 5.6 13.1077
    endloop
  endfacet
  facet normal 0 -1 0
    outer loop
      vertex 0.117473 5.6 13.1077
      vertex 2.9 5.6 0
      vertex 0.232937 5.6 13.1307
    endloop
  endfacet
  facet normal 0 -1 0
    outer loop
      vertex 0.232937 5.6 13.1307
      vertex 2.9 5.6 0
      vertex 0.344415 5.6 13.1685
    endloop
  endfacet
  facet normal 0 -1 0
    outer loop
      vertex 0.9 5.6 14
      vertex 2.9 5.6 0
      vertex 2.9 5.6 25.8
    endloop
  endfacet
  facet normal 0 -1 0
    outer loop
      vertex 0.869332 5.6 13.7671
      vertex 2.9 5.6 0
      vertex 0.8923 5.6 13.8825
    endloop
  endfacet
  facet normal 0 -1 0
    outer loop
      vertex 0.831491 5.6 13.6556
      vertex 2.9 5.6 0
      vertex 0.869332 5.6 13.7671
    endloop
  endfacet
  facet normal 0 -1 0
    outer loop
      vertex 0.779423 5.6 13.55
      vertex 2.9 5.6 0
      vertex 0.831491 5.6 13.6556
    endloop
  endfacet
  facet normal 0 -1 0
    outer loop
      vertex 0.714018 5.6 13.4521
      vertex 2.9 5.6 0
      vertex 0.779423 5.6 13.55
    endloop
  endfacet
  facet normal 0 -1 0
    outer loop
      vertex 0.636395 5.6 13.3636
      vertex 2.9 5.6 0
      vertex 0.714018 5.6 13.4521
    endloop
  endfacet
  facet normal 0 -1 0
    outer loop
      vertex 0.547885 5.6 13.286
      vertex 2.9 5.6 0
      vertex 0.636395 5.6 13.3636
    endloop
  endfacet
  facet normal 0 -1 0
    outer loop
      vertex 0.45 5.6 13.2206
      vertex 2.9 5.6 0
      vertex 0.547885 5.6 13.286
    endloop
  endfacet
  facet normal 0 -1 0
    outer loop
      vertex 0.344415 5.6 13.1685
      vertex 2.9 5.6 0
      vertex 0.45 5.6 13.2206
    endloop
  endfacet
  facet normal 0 1 0
    outer loop
      vertex -0.440085 -5.6 15.0625
      vertex 2.9 -5.6 25.8
      vertex -0.297642 -5.6 15.1108
    endloop
  endfacet
  facet normal 0 1 0
    outer loop
      vertex -20.3 -5.6 25.8
      vertex -21.8499 -5.6 15.1402
      vertex -22 -5.6 15.15
    endloop
  endfacet
  facet normal 0 1 0
    outer loop
      vertex -0.575 -5.6 14.9959
      vertex 2.9 -5.6 25.8
      vertex -0.440085 -5.6 15.0625
    endloop
  endfacet
  facet normal 0 1 0
    outer loop
      vertex -20.3 -5.6 25.8
      vertex -21.7024 -5.6 15.1108
      vertex -21.8499 -5.6 15.1402
    endloop
  endfacet
  facet normal 0 1 0
    outer loop
      vertex -0.700075 -5.6 14.9124
      vertex 2.9 -5.6 25.8
      vertex -0.575 -5.6 14.9959
    endloop
  endfacet
  facet normal 0 1 0
    outer loop
      vertex -20.3 -5.6 25.8
      vertex -21.5599 -5.6 15.0625
      vertex -21.7024 -5.6 15.1108
    endloop
  endfacet
  facet normal 0 1 0
    outer loop
      vertex -0.813172 -5.6 14.8132
      vertex 2.9 -5.6 25.8
      vertex -0.700075 -5.6 14.9124
    endloop
  endfacet
  facet normal 0 1 0
    outer loop
      vertex -20.3 -5.6 25.8
      vertex -21.425 -5.6 14.9959
      vertex -21.5599 -5.6 15.0625
    endloop
  endfacet
  facet normal 0 1 0
    outer loop
      vertex 2.9 -5.6 25.8
      vertex -0.813172 -5.6 14.8132
      vertex -20.3 -5.6 25.8
    endloop
  endfacet
  facet normal 0 1 0
    outer loop
      vertex -20.3 -5.6 25.8
      vertex -21.2999 -5.6 14.9124
      vertex -21.425 -5.6 14.9959
    endloop
  endfacet
  facet normal 0 1 -0
    outer loop
      vertex -0.912355 -5.6 14.7001
      vertex -20.3 -5.6 25.8
      vertex -0.813172 -5.6 14.8132
    endloop
  endfacet
  facet normal 0 1 0
    outer loop
      vertex -20.3 -5.6 25.8
      vertex -21.1868 -5.6 14.8132
      vertex -21.2999 -5.6 14.9124
    endloop
  endfacet
  facet normal 0 1 -0
    outer loop
      vertex -0.995929 -5.6 14.575
      vertex -20.3 -5.6 25.8
      vertex -0.912355 -5.6 14.7001
    endloop
  endfacet
  facet normal 0 1 0
    outer loop
      vertex -20.3 -5.6 25.8
      vertex -21.0876 -5.6 14.7001
      vertex -21.1868 -5.6 14.8132
    endloop
  endfacet
  facet normal 0 1 0
    outer loop
      vertex -21.0041 -5.6 14.575
      vertex -20.3 -5.6 25.8
      vertex -0.995929 -5.6 14.575
    endloop
  endfacet
  facet normal 0 1 0
    outer loop
      vertex -20.3 -5.6 25.8
      vertex -21.0041 -5.6 14.575
      vertex -21.0876 -5.6 14.7001
    endloop
  endfacet
  facet normal 0 1 -0
    outer loop
      vertex -1.06246 -5.6 14.4401
      vertex -21.0041 -5.6 14.575
      vertex -0.995929 -5.6 14.575
    endloop
  endfacet
  facet normal 0 1 0
    outer loop
      vertex -1.06246 -5.6 14.4401
      vertex -20.9375 -5.6 14.4401
      vertex -21.0041 -5.6 14.575
    endloop
  endfacet
  facet normal 0 1 -0
    outer loop
      vertex -1.11081 -5.6 14.2976
      vertex -20.9375 -5.6 14.4401
      vertex -1.06246 -5.6 14.4401
    endloop
  endfacet
  facet normal 0 1 0
    outer loop
      vertex -1.11081 -5.6 14.2976
      vertex -20.8892 -5.6 14.2976
      vertex -20.9375 -5.6 14.4401
    endloop
  endfacet
  facet normal 0 1 -0
    outer loop
      vertex -1.14016 -5.6 14.1501
      vertex -20.8892 -5.6 14.2976
      vertex -1.11081 -5.6 14.2976
    endloop
  endfacet
  facet normal 0 1 0
    outer loop
      vertex -1.14016 -5.6 14.1501
      vertex -20.8598 -5.6 14.1501
      vertex -20.8892 -5.6 14.2976
    endloop
  endfacet
  facet normal 0 1 -0
    outer loop
      vertex -1.15 -5.6 14
      vertex -20.8598 -5.6 14.1501
      vertex -1.14016 -5.6 14.1501
    endloop
  endfacet
  facet normal 0 1 0
    outer loop
      vertex -1.15 -5.6 14
      vertex -20.85 -5.6 14
      vertex -20.8598 -5.6 14.1501
    endloop
  endfacet
  facet normal 0 1 0
    outer loop
      vertex -1.14016 -5.6 13.8499
      vertex -20.85 -5.6 14
      vertex -1.15 -5.6 14
    endloop
  endfacet
  facet normal 0 1 0
    outer loop
      vertex -1.14016 -5.6 13.8499
      vertex -20.8598 -5.6 13.8499
      vertex -20.85 -5.6 14
    endloop
  endfacet
  facet normal 0 1 0
    outer loop
      vertex -1.11081 -5.6 13.7024
      vertex -20.8598 -5.6 13.8499
      vertex -1.14016 -5.6 13.8499
    endloop
  endfacet
  facet normal 0 1 0
    outer loop
      vertex -1.11081 -5.6 13.7024
      vertex -20.8892 -5.6 13.7024
      vertex -20.8598 -5.6 13.8499
    endloop
  endfacet
  facet normal 0 1 0
    outer loop
      vertex -1.06246 -5.6 13.5599
      vertex -20.8892 -5.6 13.7024
      vertex -1.11081 -5.6 13.7024
    endloop
  endfacet
  facet normal 0 1 0
    outer loop
      vertex -1.06246 -5.6 13.5599
      vertex -20.9375 -5.6 13.5599
      vertex -20.8892 -5.6 13.7024
    endloop
  endfacet
  facet normal 0 1 0
    outer loop
      vertex -0.995929 -5.6 13.425
      vertex -20.9375 -5.6 13.5599
      vertex -1.06246 -5.6 13.5599
    endloop
  endfacet
  facet normal 0 1 0
    outer loop
      vertex -0.995929 -5.6 13.425
      vertex -21.0041 -5.6 13.425
      vertex -20.9375 -5.6 13.5599
    endloop
  endfacet
  facet normal 0 1 0
    outer loop
      vertex -0.912355 -5.6 13.2999
      vertex -21.0041 -5.6 13.425
      vertex -0.995929 -5.6 13.425
    endloop
  endfacet
  facet normal 0 1 0
    outer loop
      vertex -0.912355 -5.6 13.2999
      vertex -21.0876 -5.6 13.2999
      vertex -21.0041 -5.6 13.425
    endloop
  endfacet
  facet normal 0 1 0
    outer loop
      vertex -0.813172 -5.6 13.1868
      vertex -21.0876 -5.6 13.2999
      vertex -0.912355 -5.6 13.2999
    endloop
  endfacet
  facet normal 0 1 0
    outer loop
      vertex -0.813172 -5.6 13.1868
      vertex -21.1868 -5.6 13.1868
      vertex -21.0876 -5.6 13.2999
    endloop
  endfacet
  facet normal 0 1 0
    outer loop
      vertex 2.9 -5.6 0
      vertex -0.813172 -5.6 13.1868
      vertex -0.700075 -5.6 13.0876
    endloop
  endfacet
  facet normal 0 1 0
    outer loop
      vertex -0.813172 -5.6 13.1868
      vertex 2.9 -5.6 0
      vertex -21.1868 -5.6 13.1868
    endloop
  endfacet
  facet normal 0 1 0
    outer loop
      vertex 2.9 -5.6 0
      vertex -0.700075 -5.6 13.0876
      vertex -0.575 -5.6 13.0041
    endloop
  endfacet
  facet normal 0 1 0
    outer loop
      vertex -24.9 -5.6 0
      vertex -21.1868 -5.6 13.1868
      vertex 2.9 -5.6 0
    endloop
  endfacet
  facet normal 0 1 0
    outer loop
      vertex 2.9 -5.6 0
      vertex -0.575 -5.6 13.0041
      vertex -0.440085 -5.6 12.9375
    endloop
  endfacet
  facet normal 0 1 0
    outer loop
      vertex -21.1868 -5.6 13.1868
      vertex -24.9 -5.6 0
      vertex -21.2999 -5.6 13.0876
    endloop
  endfacet
  facet normal 0 1 0
    outer loop
      vertex 2.9 -5.6 0
      vertex -0.440085 -5.6 12.9375
      vertex -0.297642 -5.6 12.8892
    endloop
  endfacet
  facet normal 0 1 0
    outer loop
      vertex -21.2999 -5.6 13.0876
      vertex -24.9 -5.6 0
      vertex -21.425 -5.6 13.0041
    endloop
  endfacet
  facet normal 0 1 0
    outer loop
      vertex 2.9 -5.6 0
      vertex -0.297642 -5.6 12.8892
      vertex -0.150105 -5.6 12.8598
    endloop
  endfacet
  facet normal 0 1 0
    outer loop
      vertex -21.425 -5.6 13.0041
      vertex -24.9 -5.6 0
      vertex -21.5599 -5.6 12.9375
    endloop
  endfacet
  facet normal 0 1 0
    outer loop
      vertex 2.9 -5.6 0
      vertex -0.150105 -5.6 12.8598
      vertex 0 -5.6 12.85
    endloop
  endfacet
  facet normal 0 1 0
    outer loop
      vertex -21.5599 -5.6 12.9375
      vertex -24.9 -5.6 0
      vertex -21.7024 -5.6 12.8892
    endloop
  endfacet
  facet normal 0 1 0
    outer loop
      vertex -0.150105 -5.6 15.1402
      vertex 2.9 -5.6 25.8
      vertex 0 -5.6 15.15
    endloop
  endfacet
  facet normal 0 1 0
    outer loop
      vertex 2.9 -5.6 25.8
      vertex 0.150105 -5.6 15.1402
      vertex 0 -5.6 15.15
    endloop
  endfacet
  facet normal 0 1 0
    outer loop
      vertex 2.9 -5.6 25.8
      vertex 0.297642 -5.6 15.1108
      vertex 0.150105 -5.6 15.1402
    endloop
  endfacet
  facet normal 0 1 0
    outer loop
      vertex 2.9 -5.6 25.8
      vertex 0.440085 -5.6 15.0625
      vertex 0.297642 -5.6 15.1108
    endloop
  endfacet
  facet normal 0 1 0
    outer loop
      vertex 2.9 -5.6 25.8
      vertex 0.575 -5.6 14.9959
      vertex 0.440085 -5.6 15.0625
    endloop
  endfacet
  facet normal 0 1 0
    outer loop
      vertex 2.9 -5.6 25.8
      vertex 0.700075 -5.6 14.9124
      vertex 0.575 -5.6 14.9959
    endloop
  endfacet
  facet normal 0 1 0
    outer loop
      vertex 2.9 -5.6 25.8
      vertex 0.813172 -5.6 14.8132
      vertex 0.700075 -5.6 14.9124
    endloop
  endfacet
  facet normal 0 1 0
    outer loop
      vertex 2.9 -5.6 25.8
      vertex 0.912355 -5.6 14.7001
      vertex 0.813172 -5.6 14.8132
    endloop
  endfacet
  facet normal 0 1 0
    outer loop
      vertex 2.9 -5.6 25.8
      vertex 0.995929 -5.6 14.575
      vertex 0.912355 -5.6 14.7001
    endloop
  endfacet
  facet normal 0 1 0
    outer loop
      vertex 2.9 -5.6 25.8
      vertex 1.06246 -5.6 14.4401
      vertex 0.995929 -5.6 14.575
    endloop
  endfacet
  facet normal 0 1 0
    outer loop
      vertex 2.9 -5.6 25.8
      vertex 1.11081 -5.6 14.2976
      vertex 1.06246 -5.6 14.4401
    endloop
  endfacet
  facet normal 0 1 0
    outer loop
      vertex 2.9 -5.6 25.8
      vertex 1.14016 -5.6 14.1501
      vertex 1.11081 -5.6 14.2976
    endloop
  endfacet
  facet normal 0 1 0
    outer loop
      vertex 2.9 -5.6 25.8
      vertex 1.15 -5.6 14
      vertex 1.14016 -5.6 14.1501
    endloop
  endfacet
  facet normal 0 1 -0
    outer loop
      vertex 2.9 -5.6 0
      vertex 1.15 -5.6 14
      vertex 2.9 -5.6 25.8
    endloop
  endfacet
  facet normal 0 1 0
    outer loop
      vertex -21.7024 -5.6 12.8892
      vertex -24.9 -5.6 0
      vertex -21.8499 -5.6 12.8598
    endloop
  endfacet
  facet normal 0 1 0
    outer loop
      vertex 0.150105 -5.6 12.8598
      vertex 2.9 -5.6 0
      vertex 0 -5.6 12.85
    endloop
  endfacet
  facet normal 0 1 0
    outer loop
      vertex 0.297642 -5.6 12.8892
      vertex 2.9 -5.6 0
      vertex 0.150105 -5.6 12.8598
    endloop
  endfacet
  facet normal 0 1 0
    outer loop
      vertex 0.440085 -5.6 12.9375
      vertex 2.9 -5.6 0
      vertex 0.297642 -5.6 12.8892
    endloop
  endfacet
  facet normal 0 1 0
    outer loop
      vertex 0.575 -5.6 13.0041
      vertex 2.9 -5.6 0
      vertex 0.440085 -5.6 12.9375
    endloop
  endfacet
  facet normal 0 1 0
    outer loop
      vertex 0.700075 -5.6 13.0876
      vertex 2.9 -5.6 0
      vertex 0.575 -5.6 13.0041
    endloop
  endfacet
  facet normal 0 1 0
    outer loop
      vertex 0.813172 -5.6 13.1868
      vertex 2.9 -5.6 0
      vertex 0.700075 -5.6 13.0876
    endloop
  endfacet
  facet normal 0 1 0
    outer loop
      vertex 0.912355 -5.6 13.2999
      vertex 2.9 -5.6 0
      vertex 0.813172 -5.6 13.1868
    endloop
  endfacet
  facet normal 0 1 0
    outer loop
      vertex 0.995929 -5.6 13.425
      vertex 2.9 -5.6 0
      vertex 0.912355 -5.6 13.2999
    endloop
  endfacet
  facet normal 0 1 0
    outer loop
      vertex 1.06246 -5.6 13.5599
      vertex 2.9 -5.6 0
      vertex 0.995929 -5.6 13.425
    endloop
  endfacet
  facet normal 0 1 0
    outer loop
      vertex 1.11081 -5.6 13.7024
      vertex 2.9 -5.6 0
      vertex 1.06246 -5.6 13.5599
    endloop
  endfacet
  facet normal 0 1 0
    outer loop
      vertex 1.14016 -5.6 13.8499
      vertex 2.9 -5.6 0
      vertex 1.11081 -5.6 13.7024
    endloop
  endfacet
  facet normal 0 1 0
    outer loop
      vertex 1.15 -5.6 14
      vertex 2.9 -5.6 0
      vertex 1.14016 -5.6 13.8499
    endloop
  endfacet
  facet normal 0 1 -0
    outer loop
      vertex -20.3 -5.6 25.8
      vertex -24.9 -5.6 27.8
      vertex -20.3 -5.6 27.8
    endloop
  endfacet
  facet normal 0 1 0
    outer loop
      vertex -0.297642 -5.6 15.1108
      vertex 2.9 -5.6 25.8
      vertex -0.150105 -5.6 15.1402
    endloop
  endfacet
  facet normal 0 1 0
    outer loop
      vertex -22.1501 -5.6 15.1402
      vertex -20.3 -5.6 25.8
      vertex -22 -5.6 15.15
    endloop
  endfacet
  facet normal 0 1 0
    outer loop
      vertex -22.2976 -5.6 15.1108
      vertex -20.3 -5.6 25.8
      vertex -22.1501 -5.6 15.1402
    endloop
  endfacet
  facet normal 0 1 0
    outer loop
      vertex -22.4401 -5.6 15.0625
      vertex -20.3 -5.6 25.8
      vertex -22.2976 -5.6 15.1108
    endloop
  endfacet
  facet normal 0 1 0
    outer loop
      vertex -20.3 -5.6 25.8
      vertex -22.4401 -5.6 15.0625
      vertex -24.9 -5.6 27.8
    endloop
  endfacet
  facet normal 0 1 -0
    outer loop
      vertex -22.575 -5.6 14.9959
      vertex -24.9 -5.6 27.8
      vertex -22.4401 -5.6 15.0625
    endloop
  endfacet
  facet normal 0 1 -0
    outer loop
      vertex -22.7001 -5.6 14.9124
      vertex -24.9 -5.6 27.8
      vertex -22.575 -5.6 14.9959
    endloop
  endfacet
  facet normal 0 1 -0
    outer loop
      vertex -22.8132 -5.6 14.8132
      vertex -24.9 -5.6 27.8
      vertex -22.7001 -5.6 14.9124
    endloop
  endfacet
  facet normal 0 1 -0
    outer loop
      vertex -22.9124 -5.6 14.7001
      vertex -24.9 -5.6 27.8
      vertex -22.8132 -5.6 14.8132
    endloop
  endfacet
  facet normal 0 1 -0
    outer loop
      vertex -22.9959 -5.6 14.575
      vertex -24.9 -5.6 27.8
      vertex -22.9124 -5.6 14.7001
    endloop
  endfacet
  facet normal 0 1 -0
    outer loop
      vertex -23.0625 -5.6 14.4401
      vertex -24.9 -5.6 27.8
      vertex -22.9959 -5.6 14.575
    endloop
  endfacet
  facet normal 0 1 -0
    outer loop
      vertex -23.1108 -5.6 14.2976
      vertex -24.9 -5.6 27.8
      vertex -23.0625 -5.6 14.4401
    endloop
  endfacet
  facet normal 0 1 -0
    outer loop
      vertex -23.1402 -5.6 14.1501
      vertex -24.9 -5.6 27.8
      vertex -23.1108 -5.6 14.2976
    endloop
  endfacet
  facet normal 0 1 -0
    outer loop
      vertex -23.15 -5.6 14
      vertex -24.9 -5.6 27.8
      vertex -23.1402 -5.6 14.1501
    endloop
  endfacet
  facet normal 0 1 0
    outer loop
      vertex -24.9 -5.6 0
      vertex -23.15 -5.6 14
      vertex -23.1402 -5.6 13.8499
    endloop
  endfacet
  facet normal 0 1 0
    outer loop
      vertex -21.8499 -5.6 12.8598
      vertex -24.9 -5.6 0
      vertex -22 -5.6 12.85
    endloop
  endfacet
  facet normal 0 1 0
    outer loop
      vertex -22 -5.6 12.85
      vertex -24.9 -5.6 0
      vertex -22.1501 -5.6 12.8598
    endloop
  endfacet
  facet normal 0 1 0
    outer loop
      vertex -22.1501 -5.6 12.8598
      vertex -24.9 -5.6 0
      vertex -22.2976 -5.6 12.8892
    endloop
  endfacet
  facet normal 0 1 0
    outer loop
      vertex -22.2976 -5.6 12.8892
      vertex -24.9 -5.6 0
      vertex -22.4401 -5.6 12.9375
    endloop
  endfacet
  facet normal 0 1 0
    outer loop
      vertex -23.15 -5.6 14
      vertex -24.9 -5.6 0
      vertex -24.9 -5.6 27.8
    endloop
  endfacet
  facet normal 0 1 0
    outer loop
      vertex -23.1108 -5.6 13.7024
      vertex -24.9 -5.6 0
      vertex -23.1402 -5.6 13.8499
    endloop
  endfacet
  facet normal 0 1 0
    outer loop
      vertex -23.0625 -5.6 13.5599
      vertex -24.9 -5.6 0
      vertex -23.1108 -5.6 13.7024
    endloop
  endfacet
  facet normal 0 1 0
    outer loop
      vertex -22.9959 -5.6 13.425
      vertex -24.9 -5.6 0
      vertex -23.0625 -5.6 13.5599
    endloop
  endfacet
  facet normal 0 1 0
    outer loop
      vertex -22.9124 -5.6 13.2999
      vertex -24.9 -5.6 0
      vertex -22.9959 -5.6 13.425
    endloop
  endfacet
  facet normal 0 1 0
    outer loop
      vertex -22.8132 -5.6 13.1868
      vertex -24.9 -5.6 0
      vertex -22.9124 -5.6 13.2999
    endloop
  endfacet
  facet normal 0 1 0
    outer loop
      vertex -22.7001 -5.6 13.0876
      vertex -24.9 -5.6 0
      vertex -22.8132 -5.6 13.1868
    endloop
  endfacet
  facet normal 0 1 0
    outer loop
      vertex -22.575 -5.6 13.0041
      vertex -24.9 -5.6 0
      vertex -22.7001 -5.6 13.0876
    endloop
  endfacet
  facet normal 0 1 0
    outer loop
      vertex -22.4401 -5.6 12.9375
      vertex -24.9 -5.6 0
      vertex -22.575 -5.6 13.0041
    endloop
  endfacet
  facet normal 0 0 -1
    outer loop
      vertex -24.9 -5.6 27.8
      vertex -20.3 5.6 27.8
      vertex -20.3 -5.6 27.8
    endloop
  endfacet
  facet normal -0 0 -1
    outer loop
      vertex -20.3 5.6 27.8
      vertex -24.9 -5.6 27.8
      vertex -24.9 5.6 27.8
    endloop
  endfacet
  facet normal -0.997875 0 0.0651511
    outer loop
      vertex -20.8598 -32 13.8499
      vertex -20.85 -5.6 14
      vertex -20.8598 -5.6 13.8499
    endloop
  endfacet
  facet normal -0.997875 0 0.0651511
    outer loop
      vertex -20.85 -5.6 14
      vertex -20.8598 -32 13.8499
      vertex -20.85 -32 14
    endloop
  endfacet
  facet normal 0.997875 -0 0.0651511
    outer loop
      vertex -23.15 -32 14
      vertex -23.1402 -5.6 13.8499
      vertex -23.15 -5.6 14
    endloop
  endfacet
  facet normal 0.997875 0 0.0651511
    outer loop
      vertex -23.1402 -5.6 13.8499
      vertex -23.15 -32 14
      vertex -23.1402 -32 13.8499
    endloop
  endfacet
  facet normal 0.0651511 0 0.997875
    outer loop
      vertex -22.1501 -5.6 12.8598
      vertex -22 -32 12.85
      vertex -22 -5.6 12.85
    endloop
  endfacet
  facet normal 0.0651511 0 0.997875
    outer loop
      vertex -22 -32 12.85
      vertex -22.1501 -5.6 12.8598
      vertex -22.1501 -32 12.8598
    endloop
  endfacet
  facet normal -0.0651511 0 -0.997875
    outer loop
      vertex -22 -32 15.15
      vertex -21.8499 -5.6 15.1402
      vertex -21.8499 -32 15.1402
    endloop
  endfacet
  facet normal -0.0651511 0 -0.997875
    outer loop
      vertex -21.8499 -5.6 15.1402
      vertex -22 -32 15.15
      vertex -22 -5.6 15.15
    endloop
  endfacet
  facet normal -0.659398 0 0.751794
    outer loop
      vertex -21.2999 -5.6 13.0876
      vertex -21.1868 -32 13.1868
      vertex -21.1868 -5.6 13.1868
    endloop
  endfacet
  facet normal -0.659398 0 0.751794
    outer loop
      vertex -21.1868 -32 13.1868
      vertex -21.2999 -5.6 13.0876
      vertex -21.2999 -32 13.0876
    endloop
  endfacet
  facet normal 0.659398 0 0.751794
    outer loop
      vertex -22.8132 -5.6 13.1868
      vertex -22.7001 -32 13.0876
      vertex -22.7001 -5.6 13.0876
    endloop
  endfacet
  facet normal 0.659398 0 0.751794
    outer loop
      vertex -22.7001 -32 13.0876
      vertex -22.8132 -5.6 13.1868
      vertex -22.8132 -32 13.1868
    endloop
  endfacet
  facet normal 0.442688 0 0.896676
    outer loop
      vertex -22.575 -5.6 13.0041
      vertex -22.4401 -32 12.9375
      vertex -22.4401 -5.6 12.9375
    endloop
  endfacet
  facet normal 0.442688 0 0.896676
    outer loop
      vertex -22.4401 -32 12.9375
      vertex -22.575 -5.6 13.0041
      vertex -22.575 -32 13.0041
    endloop
  endfacet
  facet normal -0.831743 0 -0.55516
    outer loop
      vertex -21.0041 -32 14.575
      vertex -21.0876 -5.6 14.7001
      vertex -21.0041 -5.6 14.575
    endloop
  endfacet
  facet normal -0.831743 -0 -0.55516
    outer loop
      vertex -21.0876 -5.6 14.7001
      vertex -21.0041 -32 14.575
      vertex -21.0876 -32 14.7001
    endloop
  endfacet
  facet normal -0.896676 0 0.442688
    outer loop
      vertex -21.0041 -32 13.425
      vertex -20.9375 -5.6 13.5599
      vertex -21.0041 -5.6 13.425
    endloop
  endfacet
  facet normal -0.896676 0 0.442688
    outer loop
      vertex -20.9375 -5.6 13.5599
      vertex -21.0041 -32 13.425
      vertex -20.9375 -32 13.5599
    endloop
  endfacet
  facet normal -0.980708 0 0.195477
    outer loop
      vertex -20.8892 -32 13.7024
      vertex -20.8598 -5.6 13.8499
      vertex -20.8892 -5.6 13.7024
    endloop
  endfacet
  facet normal -0.980708 0 0.195477
    outer loop
      vertex -20.8598 -5.6 13.8499
      vertex -20.8892 -32 13.7024
      vertex -20.8598 -32 13.8499
    endloop
  endfacet
  facet normal -0.321009 0 0.947076
    outer loop
      vertex -21.7024 -5.6 12.8892
      vertex -21.5599 -32 12.9375
      vertex -21.5599 -5.6 12.9375
    endloop
  endfacet
  facet normal -0.321009 0 0.947076
    outer loop
      vertex -21.5599 -32 12.9375
      vertex -21.7024 -5.6 12.8892
      vertex -21.7024 -32 12.8892
    endloop
  endfacet
  facet normal -0.195477 0 0.980708
    outer loop
      vertex -21.8499 -5.6 12.8598
      vertex -21.7024 -32 12.8892
      vertex -21.7024 -5.6 12.8892
    endloop
  endfacet
  facet normal -0.195477 0 0.980708
    outer loop
      vertex -21.7024 -32 12.8892
      vertex -21.8499 -5.6 12.8598
      vertex -21.8499 -32 12.8598
    endloop
  endfacet
  facet normal -0.55516 0 0.831743
    outer loop
      vertex -21.425 -5.6 13.0041
      vertex -21.2999 -32 13.0876
      vertex -21.2999 -5.6 13.0876
    endloop
  endfacet
  facet normal -0.55516 0 0.831743
    outer loop
      vertex -21.2999 -32 13.0876
      vertex -21.425 -5.6 13.0041
      vertex -21.425 -32 13.0041
    endloop
  endfacet
  facet normal 0.896676 -0 0.442688
    outer loop
      vertex -23.0625 -32 13.5599
      vertex -22.9959 -5.6 13.425
      vertex -23.0625 -5.6 13.5599
    endloop
  endfacet
  facet normal 0.896676 0 0.442688
    outer loop
      vertex -22.9959 -5.6 13.425
      vertex -23.0625 -32 13.5599
      vertex -22.9959 -32 13.425
    endloop
  endfacet
  facet normal 0.831743 -0 0.55516
    outer loop
      vertex -22.9959 -32 13.425
      vertex -22.9124 -5.6 13.2999
      vertex -22.9959 -5.6 13.425
    endloop
  endfacet
  facet normal 0.831743 0 0.55516
    outer loop
      vertex -22.9124 -5.6 13.2999
      vertex -22.9959 -32 13.425
      vertex -22.9124 -32 13.2999
    endloop
  endfacet
  facet normal 0.55516 0 0.831743
    outer loop
      vertex -22.7001 -5.6 13.0876
      vertex -22.575 -32 13.0041
      vertex -22.575 -5.6 13.0041
    endloop
  endfacet
  facet normal 0.55516 0 0.831743
    outer loop
      vertex -22.575 -32 13.0041
      vertex -22.7001 -5.6 13.0876
      vertex -22.7001 -32 13.0876
    endloop
  endfacet
  facet normal 0.195477 0 0.980708
    outer loop
      vertex -22.2976 -5.6 12.8892
      vertex -22.1501 -32 12.8598
      vertex -22.1501 -5.6 12.8598
    endloop
  endfacet
  facet normal 0.195477 0 0.980708
    outer loop
      vertex -22.1501 -32 12.8598
      vertex -22.2976 -5.6 12.8892
      vertex -22.2976 -32 12.8892
    endloop
  endfacet
  facet normal -0.195477 0 -0.980708
    outer loop
      vertex -21.8499 -32 15.1402
      vertex -21.7024 -5.6 15.1108
      vertex -21.7024 -32 15.1108
    endloop
  endfacet
  facet normal -0.195477 0 -0.980708
    outer loop
      vertex -21.7024 -5.6 15.1108
      vertex -21.8499 -32 15.1402
      vertex -21.8499 -5.6 15.1402
    endloop
  endfacet
  facet normal -0.947076 0 0.321009
    outer loop
      vertex -20.9375 -32 13.5599
      vertex -20.8892 -5.6 13.7024
      vertex -20.9375 -5.6 13.5599
    endloop
  endfacet
  facet normal -0.947076 0 0.321009
    outer loop
      vertex -20.8892 -5.6 13.7024
      vertex -20.9375 -32 13.5599
      vertex -20.8892 -32 13.7024
    endloop
  endfacet
  facet normal -0.751794 0 0.659398
    outer loop
      vertex -21.1868 -32 13.1868
      vertex -21.0876 -5.6 13.2999
      vertex -21.1868 -5.6 13.1868
    endloop
  endfacet
  facet normal -0.751794 0 0.659398
    outer loop
      vertex -21.0876 -5.6 13.2999
      vertex -21.1868 -32 13.1868
      vertex -21.0876 -32 13.2999
    endloop
  endfacet
  facet normal -0.831743 0 0.55516
    outer loop
      vertex -21.0876 -32 13.2999
      vertex -21.0041 -5.6 13.425
      vertex -21.0876 -5.6 13.2999
    endloop
  endfacet
  facet normal -0.831743 0 0.55516
    outer loop
      vertex -21.0041 -5.6 13.425
      vertex -21.0876 -32 13.2999
      vertex -21.0041 -32 13.425
    endloop
  endfacet
  facet normal -0.0651511 0 0.997875
    outer loop
      vertex -22 -5.6 12.85
      vertex -21.8499 -32 12.8598
      vertex -21.8499 -5.6 12.8598
    endloop
  endfacet
  facet normal -0.0651511 0 0.997875
    outer loop
      vertex -21.8499 -32 12.8598
      vertex -22 -5.6 12.85
      vertex -22 -32 12.85
    endloop
  endfacet
  facet normal 0.751794 -0 0.659398
    outer loop
      vertex -22.9124 -32 13.2999
      vertex -22.8132 -5.6 13.1868
      vertex -22.9124 -5.6 13.2999
    endloop
  endfacet
  facet normal 0.751794 0 0.659398
    outer loop
      vertex -22.8132 -5.6 13.1868
      vertex -22.9124 -32 13.2999
      vertex -22.8132 -32 13.1868
    endloop
  endfacet
  facet normal 0.980708 -0 0.195477
    outer loop
      vertex -23.1402 -32 13.8499
      vertex -23.1108 -5.6 13.7024
      vertex -23.1402 -5.6 13.8499
    endloop
  endfacet
  facet normal 0.980708 0 0.195477
    outer loop
      vertex -23.1108 -5.6 13.7024
      vertex -23.1402 -32 13.8499
      vertex -23.1108 -32 13.7024
    endloop
  endfacet
  facet normal 0.321009 0 0.947076
    outer loop
      vertex -22.4401 -5.6 12.9375
      vertex -22.2976 -32 12.8892
      vertex -22.2976 -5.6 12.8892
    endloop
  endfacet
  facet normal 0.321009 0 0.947076
    outer loop
      vertex -22.2976 -32 12.8892
      vertex -22.4401 -5.6 12.9375
      vertex -22.4401 -32 12.9375
    endloop
  endfacet
  facet normal -0.980708 0 -0.195477
    outer loop
      vertex -20.8598 -32 14.1501
      vertex -20.8892 -5.6 14.2976
      vertex -20.8598 -5.6 14.1501
    endloop
  endfacet
  facet normal -0.980708 -0 -0.195477
    outer loop
      vertex -20.8892 -5.6 14.2976
      vertex -20.8598 -32 14.1501
      vertex -20.8892 -32 14.2976
    endloop
  endfacet
  facet normal -0.997875 0 -0.0651511
    outer loop
      vertex -20.85 -32 14
      vertex -20.8598 -5.6 14.1501
      vertex -20.85 -5.6 14
    endloop
  endfacet
  facet normal -0.997875 -0 -0.0651511
    outer loop
      vertex -20.8598 -5.6 14.1501
      vertex -20.85 -32 14
      vertex -20.8598 -32 14.1501
    endloop
  endfacet
  facet normal -0.751794 0 -0.659398
    outer loop
      vertex -21.0876 -32 14.7001
      vertex -21.1868 -5.6 14.8132
      vertex -21.0876 -5.6 14.7001
    endloop
  endfacet
  facet normal -0.751794 -0 -0.659398
    outer loop
      vertex -21.1868 -5.6 14.8132
      vertex -21.0876 -32 14.7001
      vertex -21.1868 -32 14.8132
    endloop
  endfacet
  facet normal 0.896676 0 -0.442688
    outer loop
      vertex -22.9959 -32 14.575
      vertex -23.0625 -5.6 14.4401
      vertex -22.9959 -5.6 14.575
    endloop
  endfacet
  facet normal 0.896676 0 -0.442688
    outer loop
      vertex -23.0625 -5.6 14.4401
      vertex -22.9959 -32 14.575
      vertex -23.0625 -32 14.4401
    endloop
  endfacet
  facet normal -0.442688 0 -0.896676
    outer loop
      vertex -21.5599 -32 15.0625
      vertex -21.425 -5.6 14.9959
      vertex -21.425 -32 14.9959
    endloop
  endfacet
  facet normal -0.442688 0 -0.896676
    outer loop
      vertex -21.425 -5.6 14.9959
      vertex -21.5599 -32 15.0625
      vertex -21.5599 -5.6 15.0625
    endloop
  endfacet
  facet normal -0.442688 0 0.896676
    outer loop
      vertex -21.5599 -5.6 12.9375
      vertex -21.425 -32 13.0041
      vertex -21.425 -5.6 13.0041
    endloop
  endfacet
  facet normal -0.442688 0 0.896676
    outer loop
      vertex -21.425 -32 13.0041
      vertex -21.5599 -5.6 12.9375
      vertex -21.5599 -32 12.9375
    endloop
  endfacet
  facet normal 0.947076 -0 0.321009
    outer loop
      vertex -23.1108 -32 13.7024
      vertex -23.0625 -5.6 13.5599
      vertex -23.1108 -5.6 13.7024
    endloop
  endfacet
  facet normal 0.947076 0 0.321009
    outer loop
      vertex -23.0625 -5.6 13.5599
      vertex -23.1108 -32 13.7024
      vertex -23.0625 -32 13.5599
    endloop
  endfacet
  facet normal -0.947076 0 -0.321009
    outer loop
      vertex -20.8892 -32 14.2976
      vertex -20.9375 -5.6 14.4401
      vertex -20.8892 -5.6 14.2976
    endloop
  endfacet
  facet normal -0.947076 -0 -0.321009
    outer loop
      vertex -20.9375 -5.6 14.4401
      vertex -20.8892 -32 14.2976
      vertex -20.9375 -32 14.4401
    endloop
  endfacet
  facet normal -0.55516 0 -0.831743
    outer loop
      vertex -21.425 -32 14.9959
      vertex -21.2999 -5.6 14.9124
      vertex -21.2999 -32 14.9124
    endloop
  endfacet
  facet normal -0.55516 0 -0.831743
    outer loop
      vertex -21.2999 -5.6 14.9124
      vertex -21.425 -32 14.9959
      vertex -21.425 -5.6 14.9959
    endloop
  endfacet
  facet normal -0.896676 0 -0.442688
    outer loop
      vertex -20.9375 -32 14.4401
      vertex -21.0041 -5.6 14.575
      vertex -20.9375 -5.6 14.4401
    endloop
  endfacet
  facet normal -0.896676 -0 -0.442688
    outer loop
      vertex -21.0041 -5.6 14.575
      vertex -20.9375 -32 14.4401
      vertex -21.0041 -32 14.575
    endloop
  endfacet
  facet normal 0.997875 0 -0.0651511
    outer loop
      vertex -23.1402 -32 14.1501
      vertex -23.15 -5.6 14
      vertex -23.1402 -5.6 14.1501
    endloop
  endfacet
  facet normal 0.997875 0 -0.0651511
    outer loop
      vertex -23.15 -5.6 14
      vertex -23.1402 -32 14.1501
      vertex -23.15 -32 14
    endloop
  endfacet
  facet normal 0.980708 0 -0.195477
    outer loop
      vertex -23.1108 -32 14.2976
      vertex -23.1402 -5.6 14.1501
      vertex -23.1108 -5.6 14.2976
    endloop
  endfacet
  facet normal 0.980708 0 -0.195477
    outer loop
      vertex -23.1402 -5.6 14.1501
      vertex -23.1108 -32 14.2976
      vertex -23.1402 -32 14.1501
    endloop
  endfacet
  facet normal 0.947076 0 -0.321009
    outer loop
      vertex -23.0625 -32 14.4401
      vertex -23.1108 -5.6 14.2976
      vertex -23.0625 -5.6 14.4401
    endloop
  endfacet
  facet normal 0.947076 0 -0.321009
    outer loop
      vertex -23.1108 -5.6 14.2976
      vertex -23.0625 -32 14.4401
      vertex -23.1108 -32 14.2976
    endloop
  endfacet
  facet normal -0.321009 0 -0.947076
    outer loop
      vertex -21.7024 -32 15.1108
      vertex -21.5599 -5.6 15.0625
      vertex -21.5599 -32 15.0625
    endloop
  endfacet
  facet normal -0.321009 0 -0.947076
    outer loop
      vertex -21.5599 -5.6 15.0625
      vertex -21.7024 -32 15.1108
      vertex -21.7024 -5.6 15.1108
    endloop
  endfacet
  facet normal -0.659398 0 -0.751794
    outer loop
      vertex -21.2999 -32 14.9124
      vertex -21.1868 -5.6 14.8132
      vertex -21.1868 -32 14.8132
    endloop
  endfacet
  facet normal -0.659398 0 -0.751794
    outer loop
      vertex -21.1868 -5.6 14.8132
      vertex -21.2999 -32 14.9124
      vertex -21.2999 -5.6 14.9124
    endloop
  endfacet
  facet normal 0.0651511 0 -0.997875
    outer loop
      vertex -22.1501 -32 15.1402
      vertex -22 -5.6 15.15
      vertex -22 -32 15.15
    endloop
  endfacet
  facet normal 0.0651511 0 -0.997875
    outer loop
      vertex -22 -5.6 15.15
      vertex -22.1501 -32 15.1402
      vertex -22.1501 -5.6 15.1402
    endloop
  endfacet
  facet normal 0.321009 0 -0.947076
    outer loop
      vertex -22.4401 -32 15.0625
      vertex -22.2976 -5.6 15.1108
      vertex -22.2976 -32 15.1108
    endloop
  endfacet
  facet normal 0.321009 0 -0.947076
    outer loop
      vertex -22.2976 -5.6 15.1108
      vertex -22.4401 -32 15.0625
      vertex -22.4401 -5.6 15.0625
    endloop
  endfacet
  facet normal 0.659398 0 -0.751794
    outer loop
      vertex -22.8132 -32 14.8132
      vertex -22.7001 -5.6 14.9124
      vertex -22.7001 -32 14.9124
    endloop
  endfacet
  facet normal 0.659398 0 -0.751794
    outer loop
      vertex -22.7001 -5.6 14.9124
      vertex -22.8132 -32 14.8132
      vertex -22.8132 -5.6 14.8132
    endloop
  endfacet
  facet normal 0.442688 0 -0.896676
    outer loop
      vertex -22.575 -32 14.9959
      vertex -22.4401 -5.6 15.0625
      vertex -22.4401 -32 15.0625
    endloop
  endfacet
  facet normal 0.442688 0 -0.896676
    outer loop
      vertex -22.4401 -5.6 15.0625
      vertex -22.575 -32 14.9959
      vertex -22.575 -5.6 14.9959
    endloop
  endfacet
  facet normal 0.55516 0 -0.831743
    outer loop
      vertex -22.7001 -32 14.9124
      vertex -22.575 -5.6 14.9959
      vertex -22.575 -32 14.9959
    endloop
  endfacet
  facet normal 0.55516 0 -0.831743
    outer loop
      vertex -22.575 -5.6 14.9959
      vertex -22.7001 -32 14.9124
      vertex -22.7001 -5.6 14.9124
    endloop
  endfacet
  facet normal 0.751794 0 -0.659398
    outer loop
      vertex -22.8132 -32 14.8132
      vertex -22.9124 -5.6 14.7001
      vertex -22.8132 -5.6 14.8132
    endloop
  endfacet
  facet normal 0.751794 0 -0.659398
    outer loop
      vertex -22.9124 -5.6 14.7001
      vertex -22.8132 -32 14.8132
      vertex -22.9124 -32 14.7001
    endloop
  endfacet
  facet normal 0.831743 0 -0.55516
    outer loop
      vertex -22.9124 -32 14.7001
      vertex -22.9959 -5.6 14.575
      vertex -22.9124 -5.6 14.7001
    endloop
  endfacet
  facet normal 0.831743 0 -0.55516
    outer loop
      vertex -22.9959 -5.6 14.575
      vertex -22.9124 -32 14.7001
      vertex -22.9959 -32 14.575
    endloop
  endfacet
  facet normal 0.195477 0 -0.980708
    outer loop
      vertex -22.2976 -32 15.1108
      vertex -22.1501 -5.6 15.1402
      vertex -22.1501 -32 15.1402
    endloop
  endfacet
  facet normal 0.195477 0 -0.980708
    outer loop
      vertex -22.1501 -5.6 15.1402
      vertex -22.2976 -32 15.1108
      vertex -22.2976 -5.6 15.1108
    endloop
  endfacet
  facet normal -0.555484 0 0.831527
    outer loop
      vertex -21.55 13.1 13.2206
      vertex -21.4521 5.6 13.286
      vertex -21.4521 13.1 13.286
    endloop
  endfacet
  facet normal -0.555484 0 0.831527
    outer loop
      vertex -21.4521 5.6 13.286
      vertex -21.55 13.1 13.2206
      vertex -21.55 5.6 13.2206
    endloop
  endfacet
  facet normal 0.321065 0 0.947057
    outer loop
      vertex -22.3444 13.1 13.1685
      vertex -22.2329 5.6 13.1307
      vertex -22.2329 13.1 13.1307
    endloop
  endfacet
  facet normal 0.321065 0 0.947057
    outer loop
      vertex -22.2329 5.6 13.1307
      vertex -22.3444 13.1 13.1685
      vertex -22.3444 5.6 13.1685
    endloop
  endfacet
  facet normal 0.896792 -0 0.442452
    outer loop
      vertex -22.8315 5.6 13.6556
      vertex -22.7794 13.1 13.55
      vertex -22.8315 13.1 13.6556
    endloop
  endfacet
  facet normal 0.896792 0 0.442452
    outer loop
      vertex -22.7794 13.1 13.55
      vertex -22.8315 5.6 13.6556
      vertex -22.7794 5.6 13.55
    endloop
  endfacet
  facet normal 0.896792 0 -0.442452
    outer loop
      vertex -22.7794 5.6 14.45
      vertex -22.8315 13.1 14.3444
      vertex -22.7794 13.1 14.45
    endloop
  endfacet
  facet normal 0.896792 0 -0.442452
    outer loop
      vertex -22.8315 13.1 14.3444
      vertex -22.7794 5.6 14.45
      vertex -22.8315 5.6 14.3444
    endloop
  endfacet
  facet normal -0.947057 0 0.321065
    outer loop
      vertex -21.1685 5.6 13.6556
      vertex -21.1307 13.1 13.7671
      vertex -21.1685 13.1 13.6556
    endloop
  endfacet
  facet normal -0.947057 0 0.321065
    outer loop
      vertex -21.1307 13.1 13.7671
      vertex -21.1685 5.6 13.6556
      vertex -21.1307 5.6 13.7671
    endloop
  endfacet
  facet normal -0.896792 0 0.442452
    outer loop
      vertex -21.2206 5.6 13.55
      vertex -21.1685 13.1 13.6556
      vertex -21.2206 13.1 13.55
    endloop
  endfacet
  facet normal -0.896792 0 0.442452
    outer loop
      vertex -21.1685 13.1 13.6556
      vertex -21.2206 5.6 13.55
      vertex -21.1685 5.6 13.6556
    endloop
  endfacet
  facet normal -0.831527 0 0.555484
    outer loop
      vertex -21.286 5.6 13.4521
      vertex -21.2206 13.1 13.55
      vertex -21.286 13.1 13.4521
    endloop
  endfacet
  facet normal -0.831527 0 0.555484
    outer loop
      vertex -21.2206 13.1 13.55
      vertex -21.286 5.6 13.4521
      vertex -21.2206 5.6 13.55
    endloop
  endfacet
  facet normal -0.751892 0 0.659286
    outer loop
      vertex -21.3636 5.6 13.3636
      vertex -21.286 13.1 13.4521
      vertex -21.3636 13.1 13.3636
    endloop
  endfacet
  facet normal -0.751892 0 0.659286
    outer loop
      vertex -21.286 13.1 13.4521
      vertex -21.3636 5.6 13.3636
      vertex -21.286 5.6 13.4521
    endloop
  endfacet
  facet normal -0.442452 0 0.896792
    outer loop
      vertex -21.6556 13.1 13.1685
      vertex -21.55 5.6 13.2206
      vertex -21.55 13.1 13.2206
    endloop
  endfacet
  facet normal -0.442452 0 0.896792
    outer loop
      vertex -21.55 5.6 13.2206
      vertex -21.6556 13.1 13.1685
      vertex -21.6556 5.6 13.1685
    endloop
  endfacet
  facet normal -0.0653917 0 0.99786
    outer loop
      vertex -22 13.1 13.1
      vertex -21.8825 5.6 13.1077
      vertex -21.8825 13.1 13.1077
    endloop
  endfacet
  facet normal -0.0653917 0 0.99786
    outer loop
      vertex -21.8825 5.6 13.1077
      vertex -22 13.1 13.1
      vertex -22 5.6 13.1
    endloop
  endfacet
  facet normal -0.195462 0 0.980711
    outer loop
      vertex -21.8825 13.1 13.1077
      vertex -21.7671 5.6 13.1307
      vertex -21.7671 13.1 13.1307
    endloop
  endfacet
  facet normal -0.195462 0 0.980711
    outer loop
      vertex -21.7671 5.6 13.1307
      vertex -21.8825 13.1 13.1077
      vertex -21.8825 5.6 13.1077
    endloop
  endfacet
  facet normal 0.99786 -0 0.0653917
    outer loop
      vertex -22.9 5.6 14
      vertex -22.8923 13.1 13.8825
      vertex -22.9 13.1 14
    endloop
  endfacet
  facet normal 0.99786 0 0.0653917
    outer loop
      vertex -22.8923 13.1 13.8825
      vertex -22.9 5.6 14
      vertex -22.8923 5.6 13.8825
    endloop
  endfacet
  facet normal 0.980711 -0 0.195462
    outer loop
      vertex -22.8923 5.6 13.8825
      vertex -22.8693 13.1 13.7671
      vertex -22.8923 13.1 13.8825
    endloop
  endfacet
  facet normal 0.980711 0 0.195462
    outer loop
      vertex -22.8693 13.1 13.7671
      vertex -22.8923 5.6 13.8825
      vertex -22.8693 5.6 13.7671
    endloop
  endfacet
  facet normal 0.751892 -0 0.659286
    outer loop
      vertex -22.714 5.6 13.4521
      vertex -22.6364 13.1 13.3636
      vertex -22.714 13.1 13.4521
    endloop
  endfacet
  facet normal 0.751892 0 0.659286
    outer loop
      vertex -22.6364 13.1 13.3636
      vertex -22.714 5.6 13.4521
      vertex -22.6364 5.6 13.3636
    endloop
  endfacet
  facet normal 0.0653917 0 0.99786
    outer loop
      vertex -22.1175 13.1 13.1077
      vertex -22 5.6 13.1
      vertex -22 13.1 13.1
    endloop
  endfacet
  facet normal 0.0653917 0 0.99786
    outer loop
      vertex -22 5.6 13.1
      vertex -22.1175 13.1 13.1077
      vertex -22.1175 5.6 13.1077
    endloop
  endfacet
  facet normal 0.659286 0 0.751892
    outer loop
      vertex -22.6364 13.1 13.3636
      vertex -22.5479 5.6 13.286
      vertex -22.5479 13.1 13.286
    endloop
  endfacet
  facet normal 0.659286 0 0.751892
    outer loop
      vertex -22.5479 5.6 13.286
      vertex -22.6364 13.1 13.3636
      vertex -22.6364 5.6 13.3636
    endloop
  endfacet
  facet normal -0.99786 0 0.0653917
    outer loop
      vertex -21.1077 5.6 13.8825
      vertex -21.1 13.1 14
      vertex -21.1077 13.1 13.8825
    endloop
  endfacet
  facet normal -0.99786 0 0.0653917
    outer loop
      vertex -21.1 13.1 14
      vertex -21.1077 5.6 13.8825
      vertex -21.1 5.6 14
    endloop
  endfacet
  facet normal -0.831527 0 -0.555484
    outer loop
      vertex -21.2206 5.6 14.45
      vertex -21.286 13.1 14.5479
      vertex -21.2206 13.1 14.45
    endloop
  endfacet
  facet normal -0.831527 -0 -0.555484
    outer loop
      vertex -21.286 13.1 14.5479
      vertex -21.2206 5.6 14.45
      vertex -21.286 5.6 14.5479
    endloop
  endfacet
  facet normal -0.321065 0 -0.947057
    outer loop
      vertex -21.7671 5.6 14.8693
      vertex -21.6556 13.1 14.8315
      vertex -21.6556 5.6 14.8315
    endloop
  endfacet
  facet normal -0.321065 0 -0.947057
    outer loop
      vertex -21.6556 13.1 14.8315
      vertex -21.7671 5.6 14.8693
      vertex -21.7671 13.1 14.8693
    endloop
  endfacet
  facet normal -0.751892 0 -0.659286
    outer loop
      vertex -21.286 5.6 14.5479
      vertex -21.3636 13.1 14.6364
      vertex -21.286 13.1 14.5479
    endloop
  endfacet
  facet normal -0.751892 -0 -0.659286
    outer loop
      vertex -21.3636 13.1 14.6364
      vertex -21.286 5.6 14.5479
      vertex -21.3636 5.6 14.6364
    endloop
  endfacet
  facet normal -0.555484 0 -0.831527
    outer loop
      vertex -21.55 5.6 14.7794
      vertex -21.4521 13.1 14.714
      vertex -21.4521 5.6 14.714
    endloop
  endfacet
  facet normal -0.555484 0 -0.831527
    outer loop
      vertex -21.4521 13.1 14.714
      vertex -21.55 5.6 14.7794
      vertex -21.55 13.1 14.7794
    endloop
  endfacet
  facet normal 0.555484 0 -0.831527
    outer loop
      vertex -22.5479 5.6 14.714
      vertex -22.45 13.1 14.7794
      vertex -22.45 5.6 14.7794
    endloop
  endfacet
  facet normal 0.555484 0 -0.831527
    outer loop
      vertex -22.45 13.1 14.7794
      vertex -22.5479 5.6 14.714
      vertex -22.5479 13.1 14.714
    endloop
  endfacet
  facet normal 0.659286 0 -0.751892
    outer loop
      vertex -22.6364 5.6 14.6364
      vertex -22.5479 13.1 14.714
      vertex -22.5479 5.6 14.714
    endloop
  endfacet
  facet normal 0.659286 0 -0.751892
    outer loop
      vertex -22.5479 13.1 14.714
      vertex -22.6364 5.6 14.6364
      vertex -22.6364 13.1 14.6364
    endloop
  endfacet
  facet normal 0.99786 0 -0.0653917
    outer loop
      vertex -22.8923 5.6 14.1175
      vertex -22.9 13.1 14
      vertex -22.8923 13.1 14.1175
    endloop
  endfacet
  facet normal 0.99786 0 -0.0653917
    outer loop
      vertex -22.9 13.1 14
      vertex -22.8923 5.6 14.1175
      vertex -22.9 5.6 14
    endloop
  endfacet
  facet normal -0.659286 0 0.751892
    outer loop
      vertex -21.4521 13.1 13.286
      vertex -21.3636 5.6 13.3636
      vertex -21.3636 13.1 13.3636
    endloop
  endfacet
  facet normal -0.659286 0 0.751892
    outer loop
      vertex -21.3636 5.6 13.3636
      vertex -21.4521 13.1 13.286
      vertex -21.4521 5.6 13.286
    endloop
  endfacet
  facet normal 0.947057 -0 0.321065
    outer loop
      vertex -22.8693 5.6 13.7671
      vertex -22.8315 13.1 13.6556
      vertex -22.8693 13.1 13.7671
    endloop
  endfacet
  facet normal 0.947057 0 0.321065
    outer loop
      vertex -22.8315 13.1 13.6556
      vertex -22.8693 5.6 13.7671
      vertex -22.8315 5.6 13.6556
    endloop
  endfacet
  facet normal 0 -1 0
    outer loop
      vertex -22.1175 13.1 14.8923
      vertex -21.8825 13.1 14.8923
      vertex -22 13.1 14.9
    endloop
  endfacet
  facet normal 0 -1 0
    outer loop
      vertex -22.2329 13.1 14.8693
      vertex -21.8825 13.1 14.8923
      vertex -22.1175 13.1 14.8923
    endloop
  endfacet
  facet normal 0 -1 0
    outer loop
      vertex -22.2329 13.1 14.8693
      vertex -21.7671 13.1 14.8693
      vertex -21.8825 13.1 14.8923
    endloop
  endfacet
  facet normal 0 -1 0
    outer loop
      vertex -22.3444 13.1 14.8315
      vertex -21.7671 13.1 14.8693
      vertex -22.2329 13.1 14.8693
    endloop
  endfacet
  facet normal 0 -1 0
    outer loop
      vertex -22.3444 13.1 14.8315
      vertex -21.6556 13.1 14.8315
      vertex -21.7671 13.1 14.8693
    endloop
  endfacet
  facet normal 0 -1 0
    outer loop
      vertex -22.45 13.1 14.7794
      vertex -21.6556 13.1 14.8315
      vertex -22.3444 13.1 14.8315
    endloop
  endfacet
  facet normal 0 -1 0
    outer loop
      vertex -22.45 13.1 14.7794
      vertex -21.55 13.1 14.7794
      vertex -21.6556 13.1 14.8315
    endloop
  endfacet
  facet normal 0 -1 0
    outer loop
      vertex -22.5479 13.1 14.714
      vertex -21.55 13.1 14.7794
      vertex -22.45 13.1 14.7794
    endloop
  endfacet
  facet normal 0 -1 0
    outer loop
      vertex -22.5479 13.1 14.714
      vertex -21.4521 13.1 14.714
      vertex -21.55 13.1 14.7794
    endloop
  endfacet
  facet normal 0 -1 0
    outer loop
      vertex -22.6364 13.1 14.6364
      vertex -21.4521 13.1 14.714
      vertex -22.5479 13.1 14.714
    endloop
  endfacet
  facet normal 0 -1 0
    outer loop
      vertex -22.6364 13.1 14.6364
      vertex -21.3636 13.1 14.6364
      vertex -21.4521 13.1 14.714
    endloop
  endfacet
  facet normal 0 -1 0
    outer loop
      vertex -22.714 13.1 14.5479
      vertex -21.3636 13.1 14.6364
      vertex -22.6364 13.1 14.6364
    endloop
  endfacet
  facet normal 0 -1 0
    outer loop
      vertex -22.714 13.1 14.5479
      vertex -21.286 13.1 14.5479
      vertex -21.3636 13.1 14.6364
    endloop
  endfacet
  facet normal 0 -1 0
    outer loop
      vertex -22.7794 13.1 14.45
      vertex -21.286 13.1 14.5479
      vertex -22.714 13.1 14.5479
    endloop
  endfacet
  facet normal 0 -1 0
    outer loop
      vertex -22.7794 13.1 14.45
      vertex -21.2206 13.1 14.45
      vertex -21.286 13.1 14.5479
    endloop
  endfacet
  facet normal 0 -1 0
    outer loop
      vertex -22.8315 13.1 14.3444
      vertex -21.2206 13.1 14.45
      vertex -22.7794 13.1 14.45
    endloop
  endfacet
  facet normal 0 -1 0
    outer loop
      vertex -22.8315 13.1 14.3444
      vertex -21.1685 13.1 14.3444
      vertex -21.2206 13.1 14.45
    endloop
  endfacet
  facet normal 0 -1 0
    outer loop
      vertex -22.8693 13.1 14.2329
      vertex -21.1685 13.1 14.3444
      vertex -22.8315 13.1 14.3444
    endloop
  endfacet
  facet normal 0 -1 0
    outer loop
      vertex -22.8693 13.1 14.2329
      vertex -21.1307 13.1 14.2329
      vertex -21.1685 13.1 14.3444
    endloop
  endfacet
  facet normal 0 -1 0
    outer loop
      vertex -22.8923 13.1 14.1175
      vertex -21.1307 13.1 14.2329
      vertex -22.8693 13.1 14.2329
    endloop
  endfacet
  facet normal 0 -1 0
    outer loop
      vertex -22.8923 13.1 14.1175
      vertex -21.1077 13.1 14.1175
      vertex -21.1307 13.1 14.2329
    endloop
  endfacet
  facet normal 0 -1 0
    outer loop
      vertex -22.9 13.1 14
      vertex -21.1077 13.1 14.1175
      vertex -22.8923 13.1 14.1175
    endloop
  endfacet
  facet normal 0 -1 0
    outer loop
      vertex -22.9 13.1 14
      vertex -21.1 13.1 14
      vertex -21.1077 13.1 14.1175
    endloop
  endfacet
  facet normal 0 -1 0
    outer loop
      vertex -22.8923 13.1 13.8825
      vertex -21.1 13.1 14
      vertex -22.9 13.1 14
    endloop
  endfacet
  facet normal 0 -1 0
    outer loop
      vertex -22.8923 13.1 13.8825
      vertex -21.1077 13.1 13.8825
      vertex -21.1 13.1 14
    endloop
  endfacet
  facet normal 0 -1 0
    outer loop
      vertex -22.8693 13.1 13.7671
      vertex -21.1077 13.1 13.8825
      vertex -22.8923 13.1 13.8825
    endloop
  endfacet
  facet normal 0 -1 0
    outer loop
      vertex -22.8693 13.1 13.7671
      vertex -21.1307 13.1 13.7671
      vertex -21.1077 13.1 13.8825
    endloop
  endfacet
  facet normal 0 -1 0
    outer loop
      vertex -22.8315 13.1 13.6556
      vertex -21.1307 13.1 13.7671
      vertex -22.8693 13.1 13.7671
    endloop
  endfacet
  facet normal 0 -1 0
    outer loop
      vertex -22.8315 13.1 13.6556
      vertex -21.1685 13.1 13.6556
      vertex -21.1307 13.1 13.7671
    endloop
  endfacet
  facet normal 0 -1 0
    outer loop
      vertex -22.7794 13.1 13.55
      vertex -21.1685 13.1 13.6556
      vertex -22.8315 13.1 13.6556
    endloop
  endfacet
  facet normal 0 -1 0
    outer loop
      vertex -22.7794 13.1 13.55
      vertex -21.2206 13.1 13.55
      vertex -21.1685 13.1 13.6556
    endloop
  endfacet
  facet normal 0 -1 0
    outer loop
      vertex -22.714 13.1 13.4521
      vertex -21.2206 13.1 13.55
      vertex -22.7794 13.1 13.55
    endloop
  endfacet
  facet normal 0 -1 0
    outer loop
      vertex -22.714 13.1 13.4521
      vertex -21.286 13.1 13.4521
      vertex -21.2206 13.1 13.55
    endloop
  endfacet
  facet normal 0 -1 0
    outer loop
      vertex -22.6364 13.1 13.3636
      vertex -21.286 13.1 13.4521
      vertex -22.714 13.1 13.4521
    endloop
  endfacet
  facet normal 0 -1 0
    outer loop
      vertex -22.6364 13.1 13.3636
      vertex -21.3636 13.1 13.3636
      vertex -21.286 13.1 13.4521
    endloop
  endfacet
  facet normal 0 -1 0
    outer loop
      vertex -22.5479 13.1 13.286
      vertex -21.3636 13.1 13.3636
      vertex -22.6364 13.1 13.3636
    endloop
  endfacet
  facet normal 0 -1 0
    outer loop
      vertex -22.5479 13.1 13.286
      vertex -21.4521 13.1 13.286
      vertex -21.3636 13.1 13.3636
    endloop
  endfacet
  facet normal 0 -1 0
    outer loop
      vertex -22.45 13.1 13.2206
      vertex -21.4521 13.1 13.286
      vertex -22.5479 13.1 13.286
    endloop
  endfacet
  facet normal 0 -1 0
    outer loop
      vertex -22.45 13.1 13.2206
      vertex -21.55 13.1 13.2206
      vertex -21.4521 13.1 13.286
    endloop
  endfacet
  facet normal 0 -1 0
    outer loop
      vertex -22.3444 13.1 13.1685
      vertex -21.55 13.1 13.2206
      vertex -22.45 13.1 13.2206
    endloop
  endfacet
  facet normal 0 -1 0
    outer loop
      vertex -22.3444 13.1 13.1685
      vertex -21.6556 13.1 13.1685
      vertex -21.55 13.1 13.2206
    endloop
  endfacet
  facet normal 0 -1 0
    outer loop
      vertex -22.2329 13.1 13.1307
      vertex -21.6556 13.1 13.1685
      vertex -22.3444 13.1 13.1685
    endloop
  endfacet
  facet normal 0 -1 0
    outer loop
      vertex -22.2329 13.1 13.1307
      vertex -21.7671 13.1 13.1307
      vertex -21.6556 13.1 13.1685
    endloop
  endfacet
  facet normal 0 -1 0
    outer loop
      vertex -22.1175 13.1 13.1077
      vertex -21.7671 13.1 13.1307
      vertex -22.2329 13.1 13.1307
    endloop
  endfacet
  facet normal 0 -1 0
    outer loop
      vertex -22.1175 13.1 13.1077
      vertex -21.8825 13.1 13.1077
      vertex -21.7671 13.1 13.1307
    endloop
  endfacet
  facet normal -0 -1 0
    outer loop
      vertex -21.8825 13.1 13.1077
      vertex -22.1175 13.1 13.1077
      vertex -22 13.1 13.1
    endloop
  endfacet
  facet normal 0.831527 -0 0.555484
    outer loop
      vertex -22.7794 5.6 13.55
      vertex -22.714 13.1 13.4521
      vertex -22.7794 13.1 13.55
    endloop
  endfacet
  facet normal 0.831527 0 0.555484
    outer loop
      vertex -22.714 13.1 13.4521
      vertex -22.7794 5.6 13.55
      vertex -22.714 5.6 13.4521
    endloop
  endfacet
  facet normal 0.195462 0 0.980711
    outer loop
      vertex -22.2329 13.1 13.1307
      vertex -22.1175 5.6 13.1077
      vertex -22.1175 13.1 13.1077
    endloop
  endfacet
  facet normal 0.195462 0 0.980711
    outer loop
      vertex -22.1175 5.6 13.1077
      vertex -22.2329 13.1 13.1307
      vertex -22.2329 5.6 13.1307
    endloop
  endfacet
  facet normal 0.442452 0 0.896792
    outer loop
      vertex -22.45 13.1 13.2206
      vertex -22.3444 5.6 13.1685
      vertex -22.3444 13.1 13.1685
    endloop
  endfacet
  facet normal 0.442452 0 0.896792
    outer loop
      vertex -22.3444 5.6 13.1685
      vertex -22.45 13.1 13.2206
      vertex -22.45 5.6 13.2206
    endloop
  endfacet
  facet normal 0.555484 0 0.831527
    outer loop
      vertex -22.5479 13.1 13.286
      vertex -22.45 5.6 13.2206
      vertex -22.45 13.1 13.2206
    endloop
  endfacet
  facet normal 0.555484 0 0.831527
    outer loop
      vertex -22.45 5.6 13.2206
      vertex -22.5479 13.1 13.286
      vertex -22.5479 5.6 13.286
    endloop
  endfacet
  facet normal -0.99786 0 -0.0653917
    outer loop
      vertex -21.1 5.6 14
      vertex -21.1077 13.1 14.1175
      vertex -21.1 13.1 14
    endloop
  endfacet
  facet normal -0.99786 -0 -0.0653917
    outer loop
      vertex -21.1077 13.1 14.1175
      vertex -21.1 5.6 14
      vertex -21.1077 5.6 14.1175
    endloop
  endfacet
  facet normal -0.0653917 0 -0.99786
    outer loop
      vertex -22 5.6 14.9
      vertex -21.8825 13.1 14.8923
      vertex -21.8825 5.6 14.8923
    endloop
  endfacet
  facet normal -0.0653917 0 -0.99786
    outer loop
      vertex -21.8825 13.1 14.8923
      vertex -22 5.6 14.9
      vertex -22 13.1 14.9
    endloop
  endfacet
  facet normal -0.947057 0 -0.321065
    outer loop
      vertex -21.1307 5.6 14.2329
      vertex -21.1685 13.1 14.3444
      vertex -21.1307 13.1 14.2329
    endloop
  endfacet
  facet normal -0.947057 -0 -0.321065
    outer loop
      vertex -21.1685 13.1 14.3444
      vertex -21.1307 5.6 14.2329
      vertex -21.1685 5.6 14.3444
    endloop
  endfacet
  facet normal -0.195462 0 -0.980711
    outer loop
      vertex -21.8825 5.6 14.8923
      vertex -21.7671 13.1 14.8693
      vertex -21.7671 5.6 14.8693
    endloop
  endfacet
  facet normal -0.195462 0 -0.980711
    outer loop
      vertex -21.7671 13.1 14.8693
      vertex -21.8825 5.6 14.8923
      vertex -21.8825 13.1 14.8923
    endloop
  endfacet
  facet normal -0.659286 0 -0.751892
    outer loop
      vertex -21.4521 5.6 14.714
      vertex -21.3636 13.1 14.6364
      vertex -21.3636 5.6 14.6364
    endloop
  endfacet
  facet normal -0.659286 0 -0.751892
    outer loop
      vertex -21.3636 13.1 14.6364
      vertex -21.4521 5.6 14.714
      vertex -21.4521 13.1 14.714
    endloop
  endfacet
  facet normal 0.0653917 0 -0.99786
    outer loop
      vertex -22.1175 5.6 14.8923
      vertex -22 13.1 14.9
      vertex -22 5.6 14.9
    endloop
  endfacet
  facet normal 0.0653917 0 -0.99786
    outer loop
      vertex -22 13.1 14.9
      vertex -22.1175 5.6 14.8923
      vertex -22.1175 13.1 14.8923
    endloop
  endfacet
  facet normal 0.321065 0 -0.947057
    outer loop
      vertex -22.3444 5.6 14.8315
      vertex -22.2329 13.1 14.8693
      vertex -22.2329 5.6 14.8693
    endloop
  endfacet
  facet normal 0.321065 0 -0.947057
    outer loop
      vertex -22.2329 13.1 14.8693
      vertex -22.3444 5.6 14.8315
      vertex -22.3444 13.1 14.8315
    endloop
  endfacet
  facet normal 0.195462 0 -0.980711
    outer loop
      vertex -22.2329 5.6 14.8693
      vertex -22.1175 13.1 14.8923
      vertex -22.1175 5.6 14.8923
    endloop
  endfacet
  facet normal 0.195462 0 -0.980711
    outer loop
      vertex -22.1175 13.1 14.8923
      vertex -22.2329 5.6 14.8693
      vertex -22.2329 13.1 14.8693
    endloop
  endfacet
  facet normal 0.442452 0 -0.896792
    outer loop
      vertex -22.45 5.6 14.7794
      vertex -22.3444 13.1 14.8315
      vertex -22.3444 5.6 14.8315
    endloop
  endfacet
  facet normal 0.442452 0 -0.896792
    outer loop
      vertex -22.3444 13.1 14.8315
      vertex -22.45 5.6 14.7794
      vertex -22.45 13.1 14.7794
    endloop
  endfacet
  facet normal 0.980711 0 -0.195462
    outer loop
      vertex -22.8693 5.6 14.2329
      vertex -22.8923 13.1 14.1175
      vertex -22.8693 13.1 14.2329
    endloop
  endfacet
  facet normal 0.980711 0 -0.195462
    outer loop
      vertex -22.8923 13.1 14.1175
      vertex -22.8693 5.6 14.2329
      vertex -22.8923 5.6 14.1175
    endloop
  endfacet
  facet normal 0.751892 0 -0.659286
    outer loop
      vertex -22.6364 5.6 14.6364
      vertex -22.714 13.1 14.5479
      vertex -22.6364 13.1 14.6364
    endloop
  endfacet
  facet normal 0.751892 0 -0.659286
    outer loop
      vertex -22.714 13.1 14.5479
      vertex -22.6364 5.6 14.6364
      vertex -22.714 5.6 14.5479
    endloop
  endfacet
  facet normal -0.980711 0 0.195462
    outer loop
      vertex -21.1307 5.6 13.7671
      vertex -21.1077 13.1 13.8825
      vertex -21.1307 13.1 13.7671
    endloop
  endfacet
  facet normal -0.980711 0 0.195462
    outer loop
      vertex -21.1077 13.1 13.8825
      vertex -21.1307 5.6 13.7671
      vertex -21.1077 5.6 13.8825
    endloop
  endfacet
  facet normal -0.321065 0 0.947057
    outer loop
      vertex -21.7671 13.1 13.1307
      vertex -21.6556 5.6 13.1685
      vertex -21.6556 13.1 13.1685
    endloop
  endfacet
  facet normal -0.321065 0 0.947057
    outer loop
      vertex -21.6556 5.6 13.1685
      vertex -21.7671 13.1 13.1307
      vertex -21.7671 5.6 13.1307
    endloop
  endfacet
  facet normal -0.896792 0 -0.442452
    outer loop
      vertex -21.1685 5.6 14.3444
      vertex -21.2206 13.1 14.45
      vertex -21.1685 13.1 14.3444
    endloop
  endfacet
  facet normal -0.896792 -0 -0.442452
    outer loop
      vertex -21.2206 13.1 14.45
      vertex -21.1685 5.6 14.3444
      vertex -21.2206 5.6 14.45
    endloop
  endfacet
  facet normal -0.442452 0 -0.896792
    outer loop
      vertex -21.6556 5.6 14.8315
      vertex -21.55 13.1 14.7794
      vertex -21.55 5.6 14.7794
    endloop
  endfacet
  facet normal -0.442452 0 -0.896792
    outer loop
      vertex -21.55 13.1 14.7794
      vertex -21.6556 5.6 14.8315
      vertex -21.6556 13.1 14.8315
    endloop
  endfacet
  facet normal 0.947057 0 -0.321065
    outer loop
      vertex -22.8315 5.6 14.3444
      vertex -22.8693 13.1 14.2329
      vertex -22.8315 13.1 14.3444
    endloop
  endfacet
  facet normal 0.947057 0 -0.321065
    outer loop
      vertex -22.8693 13.1 14.2329
      vertex -22.8315 5.6 14.3444
      vertex -22.8693 5.6 14.2329
    endloop
  endfacet
  facet normal 0.831527 0 -0.555484
    outer loop
      vertex -22.714 5.6 14.5479
      vertex -22.7794 13.1 14.45
      vertex -22.714 13.1 14.5479
    endloop
  endfacet
  facet normal 0.831527 0 -0.555484
    outer loop
      vertex -22.7794 13.1 14.45
      vertex -22.714 5.6 14.5479
      vertex -22.7794 5.6 14.45
    endloop
  endfacet
  facet normal -0.980711 0 -0.195462
    outer loop
      vertex -21.1077 5.6 14.1175
      vertex -21.1307 13.1 14.2329
      vertex -21.1077 13.1 14.1175
    endloop
  endfacet
  facet normal -0.980711 -0 -0.195462
    outer loop
      vertex -21.1307 13.1 14.2329
      vertex -21.1077 5.6 14.1175
      vertex -21.1307 5.6 14.2329
    endloop
  endfacet
  facet normal -0.997858 0 0.0654159
    outer loop
      vertex 1.14016 -32 13.8499
      vertex 1.15 -5.6 14
      vertex 1.14016 -5.6 13.8499
    endloop
  endfacet
  facet normal -0.997858 0 0.0654159
    outer loop
      vertex 1.15 -5.6 14
      vertex 1.14016 -32 13.8499
      vertex 1.15 -32 14
    endloop
  endfacet
  facet normal 0.997858 -0 0.0654159
    outer loop
      vertex -1.15 -32 14
      vertex -1.14016 -5.6 13.8499
      vertex -1.15 -5.6 14
    endloop
  endfacet
  facet normal 0.997858 0 0.0654159
    outer loop
      vertex -1.14016 -5.6 13.8499
      vertex -1.15 -32 14
      vertex -1.14016 -32 13.8499
    endloop
  endfacet
  facet normal 0.0651489 0 0.997876
    outer loop
      vertex -0.150105 -5.6 12.8598
      vertex 0 -32 12.85
      vertex 0 -5.6 12.85
    endloop
  endfacet
  facet normal 0.0651489 0 0.997876
    outer loop
      vertex 0 -32 12.85
      vertex -0.150105 -5.6 12.8598
      vertex -0.150105 -32 12.8598
    endloop
  endfacet
  facet normal -0.0651489 0 -0.997876
    outer loop
      vertex 0 -32 15.15
      vertex 0.150105 -5.6 15.1402
      vertex 0.150105 -32 15.1402
    endloop
  endfacet
  facet normal -0.0651489 0 -0.997876
    outer loop
      vertex 0.150105 -5.6 15.1402
      vertex 0 -32 15.15
      vertex 0 -5.6 15.15
    endloop
  endfacet
  facet normal -0.659408 0 0.751785
    outer loop
      vertex 0.700075 -5.6 13.0876
      vertex 0.813172 -32 13.1868
      vertex 0.813172 -5.6 13.1868
    endloop
  endfacet
  facet normal -0.659408 0 0.751785
    outer loop
      vertex 0.813172 -32 13.1868
      vertex 0.700075 -5.6 13.0876
      vertex 0.700075 -32 13.0876
    endloop
  endfacet
  facet normal 0.659408 0 0.751785
    outer loop
      vertex -0.813172 -5.6 13.1868
      vertex -0.700075 -32 13.0876
      vertex -0.700075 -5.6 13.0876
    endloop
  endfacet
  facet normal 0.659408 0 0.751785
    outer loop
      vertex -0.700075 -32 13.0876
      vertex -0.813172 -5.6 13.1868
      vertex -0.813172 -32 13.1868
    endloop
  endfacet
  facet normal 0.442648 0 0.896695
    outer loop
      vertex -0.575 -5.6 13.0041
      vertex -0.440085 -32 12.9375
      vertex -0.440085 -5.6 12.9375
    endloop
  endfacet
  facet normal 0.442648 0 0.896695
    outer loop
      vertex -0.440085 -32 12.9375
      vertex -0.575 -5.6 13.0041
      vertex -0.575 -32 13.0041
    endloop
  endfacet
  facet normal -0.831516 0 -0.555501
    outer loop
      vertex 0.995929 -32 14.575
      vertex 0.912355 -5.6 14.7001
      vertex 0.995929 -5.6 14.575
    endloop
  endfacet
  facet normal -0.831516 -0 -0.555501
    outer loop
      vertex 0.912355 -5.6 14.7001
      vertex 0.995929 -32 14.575
      vertex 0.912355 -32 14.7001
    endloop
  endfacet
  facet normal -0.896858 0 0.442319
    outer loop
      vertex 0.995929 -32 13.425
      vertex 1.06246 -5.6 13.5599
      vertex 0.995929 -5.6 13.425
    endloop
  endfacet
  facet normal -0.896858 0 0.442319
    outer loop
      vertex 1.06246 -5.6 13.5599
      vertex 0.995929 -32 13.425
      vertex 1.06246 -32 13.5599
    endloop
  endfacet
  facet normal -0.980772 0 0.195157
    outer loop
      vertex 1.11081 -32 13.7024
      vertex 1.14016 -5.6 13.8499
      vertex 1.11081 -5.6 13.7024
    endloop
  endfacet
  facet normal -0.980772 0 0.195157
    outer loop
      vertex 1.14016 -5.6 13.8499
      vertex 1.11081 -32 13.7024
      vertex 1.14016 -32 13.8499
    endloop
  endfacet
  facet normal -0.321124 0 0.947037
    outer loop
      vertex 0.297642 -5.6 12.8892
      vertex 0.440085 -32 12.9375
      vertex 0.440085 -5.6 12.9375
    endloop
  endfacet
  facet normal -0.321124 0 0.947037
    outer loop
      vertex 0.440085 -32 12.9375
      vertex 0.297642 -5.6 12.8892
      vertex 0.297642 -32 12.8892
    endloop
  endfacet
  facet normal -0.19543 0 0.980718
    outer loop
      vertex 0.150105 -5.6 12.8598
      vertex 0.297642 -32 12.8892
      vertex 0.297642 -5.6 12.8892
    endloop
  endfacet
  facet normal -0.19543 0 0.980718
    outer loop
      vertex 0.297642 -32 12.8892
      vertex 0.150105 -5.6 12.8598
      vertex 0.150105 -32 12.8598
    endloop
  endfacet
  facet normal -0.555237 0 0.831692
    outer loop
      vertex 0.575 -5.6 13.0041
      vertex 0.700075 -32 13.0876
      vertex 0.700075 -5.6 13.0876
    endloop
  endfacet
  facet normal -0.555237 0 0.831692
    outer loop
      vertex 0.700075 -32 13.0876
      vertex 0.575 -5.6 13.0041
      vertex 0.575 -32 13.0041
    endloop
  endfacet
  facet normal 0.896858 -0 0.442319
    outer loop
      vertex -1.06246 -32 13.5599
      vertex -0.995929 -5.6 13.425
      vertex -1.06246 -5.6 13.5599
    endloop
  endfacet
  facet normal 0.896858 0 0.442319
    outer loop
      vertex -0.995929 -5.6 13.425
      vertex -1.06246 -32 13.5599
      vertex -0.995929 -32 13.425
    endloop
  endfacet
  facet normal 0.555237 0 0.831692
    outer loop
      vertex -0.700075 -5.6 13.0876
      vertex -0.575 -32 13.0041
      vertex -0.575 -5.6 13.0041
    endloop
  endfacet
  facet normal 0.555237 0 0.831692
    outer loop
      vertex -0.575 -32 13.0041
      vertex -0.700075 -5.6 13.0876
      vertex -0.700075 -32 13.0876
    endloop
  endfacet
  facet normal 0.19543 0 0.980718
    outer loop
      vertex -0.297642 -5.6 12.8892
      vertex -0.150105 -32 12.8598
      vertex -0.150105 -5.6 12.8598
    endloop
  endfacet
  facet normal 0.19543 0 0.980718
    outer loop
      vertex -0.150105 -32 12.8598
      vertex -0.297642 -5.6 12.8892
      vertex -0.297642 -32 12.8892
    endloop
  endfacet
  facet normal -0.980772 0 -0.195157
    outer loop
      vertex 1.14016 -32 14.1501
      vertex 1.11081 -5.6 14.2976
      vertex 1.14016 -5.6 14.1501
    endloop
  endfacet
  facet normal -0.980772 -0 -0.195157
    outer loop
      vertex 1.11081 -5.6 14.2976
      vertex 1.14016 -32 14.1501
      vertex 1.11081 -32 14.2976
    endloop
  endfacet
  facet normal -0.19543 0 -0.980718
    outer loop
      vertex 0.150105 -32 15.1402
      vertex 0.297642 -5.6 15.1108
      vertex 0.297642 -32 15.1108
    endloop
  endfacet
  facet normal -0.19543 0 -0.980718
    outer loop
      vertex 0.297642 -5.6 15.1108
      vertex 0.150105 -32 15.1402
      vertex 0.150105 -5.6 15.1402
    endloop
  endfacet
  facet normal -0.442648 0 -0.896695
    outer loop
      vertex 0.440085 -32 15.0625
      vertex 0.575 -5.6 14.9959
      vertex 0.575 -32 14.9959
    endloop
  endfacet
  facet normal -0.442648 0 -0.896695
    outer loop
      vertex 0.575 -5.6 14.9959
      vertex 0.440085 -32 15.0625
      vertex 0.440085 -5.6 15.0625
    endloop
  endfacet
  facet normal -0.946975 0 0.321307
    outer loop
      vertex 1.06246 -32 13.5599
      vertex 1.11081 -5.6 13.7024
      vertex 1.06246 -5.6 13.5599
    endloop
  endfacet
  facet normal -0.946975 0 0.321307
    outer loop
      vertex 1.11081 -5.6 13.7024
      vertex 1.06246 -32 13.5599
      vertex 1.11081 -32 13.7024
    endloop
  endfacet
  facet normal -0.75185 0 0.659334
    outer loop
      vertex 0.813172 -32 13.1868
      vertex 0.912355 -5.6 13.2999
      vertex 0.813172 -5.6 13.1868
    endloop
  endfacet
  facet normal -0.75185 0 0.659334
    outer loop
      vertex 0.912355 -5.6 13.2999
      vertex 0.813172 -32 13.1868
      vertex 0.912355 -32 13.2999
    endloop
  endfacet
  facet normal -0.831516 0 0.555501
    outer loop
      vertex 0.912355 -32 13.2999
      vertex 0.995929 -5.6 13.425
      vertex 0.912355 -5.6 13.2999
    endloop
  endfacet
  facet normal -0.831516 0 0.555501
    outer loop
      vertex 0.995929 -5.6 13.425
      vertex 0.912355 -32 13.2999
      vertex 0.995929 -32 13.425
    endloop
  endfacet
  facet normal -0.0651489 0 0.997876
    outer loop
      vertex 0 -5.6 12.85
      vertex 0.150105 -32 12.8598
      vertex 0.150105 -5.6 12.8598
    endloop
  endfacet
  facet normal -0.0651489 0 0.997876
    outer loop
      vertex 0.150105 -32 12.8598
      vertex 0 -5.6 12.85
      vertex 0 -32 12.85
    endloop
  endfacet
  facet normal -0.442648 0 0.896695
    outer loop
      vertex 0.440085 -5.6 12.9375
      vertex 0.575 -32 13.0041
      vertex 0.575 -5.6 13.0041
    endloop
  endfacet
  facet normal -0.442648 0 0.896695
    outer loop
      vertex 0.575 -32 13.0041
      vertex 0.440085 -5.6 12.9375
      vertex 0.440085 -32 12.9375
    endloop
  endfacet
  facet normal 0.831516 -0 0.555501
    outer loop
      vertex -0.995929 -32 13.425
      vertex -0.912355 -5.6 13.2999
      vertex -0.995929 -5.6 13.425
    endloop
  endfacet
  facet normal 0.831516 0 0.555501
    outer loop
      vertex -0.912355 -5.6 13.2999
      vertex -0.995929 -32 13.425
      vertex -0.912355 -32 13.2999
    endloop
  endfacet
  facet normal 0.75185 -0 0.659334
    outer loop
      vertex -0.912355 -32 13.2999
      vertex -0.813172 -5.6 13.1868
      vertex -0.912355 -5.6 13.2999
    endloop
  endfacet
  facet normal 0.75185 0 0.659334
    outer loop
      vertex -0.813172 -5.6 13.1868
      vertex -0.912355 -32 13.2999
      vertex -0.813172 -32 13.1868
    endloop
  endfacet
  facet normal 0.946975 -0 0.321307
    outer loop
      vertex -1.11081 -32 13.7024
      vertex -1.06246 -5.6 13.5599
      vertex -1.11081 -5.6 13.7024
    endloop
  endfacet
  facet normal 0.946975 0 0.321307
    outer loop
      vertex -1.06246 -5.6 13.5599
      vertex -1.11081 -32 13.7024
      vertex -1.06246 -32 13.5599
    endloop
  endfacet
  facet normal 0.980772 -0 0.195157
    outer loop
      vertex -1.14016 -32 13.8499
      vertex -1.11081 -5.6 13.7024
      vertex -1.14016 -5.6 13.8499
    endloop
  endfacet
  facet normal 0.980772 0 0.195157
    outer loop
      vertex -1.11081 -5.6 13.7024
      vertex -1.14016 -32 13.8499
      vertex -1.11081 -32 13.7024
    endloop
  endfacet
  facet normal 0.321124 0 0.947037
    outer loop
      vertex -0.440085 -5.6 12.9375
      vertex -0.297642 -32 12.8892
      vertex -0.297642 -5.6 12.8892
    endloop
  endfacet
  facet normal 0.321124 0 0.947037
    outer loop
      vertex -0.297642 -32 12.8892
      vertex -0.440085 -5.6 12.9375
      vertex -0.440085 -32 12.9375
    endloop
  endfacet
  facet normal -0.997858 0 -0.0654159
    outer loop
      vertex 1.15 -32 14
      vertex 1.14016 -5.6 14.1501
      vertex 1.15 -5.6 14
    endloop
  endfacet
  facet normal -0.997858 -0 -0.0654159
    outer loop
      vertex 1.14016 -5.6 14.1501
      vertex 1.15 -32 14
      vertex 1.14016 -32 14.1501
    endloop
  endfacet
  facet normal -0.75185 0 -0.659334
    outer loop
      vertex 0.912355 -32 14.7001
      vertex 0.813172 -5.6 14.8132
      vertex 0.912355 -5.6 14.7001
    endloop
  endfacet
  facet normal -0.75185 -0 -0.659334
    outer loop
      vertex 0.813172 -5.6 14.8132
      vertex 0.912355 -32 14.7001
      vertex 0.813172 -32 14.8132
    endloop
  endfacet
  facet normal 0.659408 0 -0.751785
    outer loop
      vertex -0.813172 -32 14.8132
      vertex -0.700075 -5.6 14.9124
      vertex -0.700075 -32 14.9124
    endloop
  endfacet
  facet normal 0.659408 0 -0.751785
    outer loop
      vertex -0.700075 -5.6 14.9124
      vertex -0.813172 -32 14.8132
      vertex -0.813172 -5.6 14.8132
    endloop
  endfacet
  facet normal 0.896858 0 -0.442319
    outer loop
      vertex -0.995929 -32 14.575
      vertex -1.06246 -5.6 14.4401
      vertex -0.995929 -5.6 14.575
    endloop
  endfacet
  facet normal 0.896858 0 -0.442319
    outer loop
      vertex -1.06246 -5.6 14.4401
      vertex -0.995929 -32 14.575
      vertex -1.06246 -32 14.4401
    endloop
  endfacet
  facet normal 0.831516 0 -0.555501
    outer loop
      vertex -0.912355 -32 14.7001
      vertex -0.995929 -5.6 14.575
      vertex -0.912355 -5.6 14.7001
    endloop
  endfacet
  facet normal 0.831516 0 -0.555501
    outer loop
      vertex -0.995929 -5.6 14.575
      vertex -0.912355 -32 14.7001
      vertex -0.995929 -32 14.575
    endloop
  endfacet
  facet normal 0.997858 0 -0.0654159
    outer loop
      vertex -1.14016 -32 14.1501
      vertex -1.15 -5.6 14
      vertex -1.14016 -5.6 14.1501
    endloop
  endfacet
  facet normal 0.997858 0 -0.0654159
    outer loop
      vertex -1.15 -5.6 14
      vertex -1.14016 -32 14.1501
      vertex -1.15 -32 14
    endloop
  endfacet
  facet normal -0.896858 0 -0.442319
    outer loop
      vertex 1.06246 -32 14.4401
      vertex 0.995929 -5.6 14.575
      vertex 1.06246 -5.6 14.4401
    endloop
  endfacet
  facet normal -0.896858 -0 -0.442319
    outer loop
      vertex 0.995929 -5.6 14.575
      vertex 1.06246 -32 14.4401
      vertex 0.995929 -32 14.575
    endloop
  endfacet
  facet normal 0.75185 0 -0.659334
    outer loop
      vertex -0.813172 -32 14.8132
      vertex -0.912355 -5.6 14.7001
      vertex -0.813172 -5.6 14.8132
    endloop
  endfacet
  facet normal 0.75185 0 -0.659334
    outer loop
      vertex -0.912355 -5.6 14.7001
      vertex -0.813172 -32 14.8132
      vertex -0.912355 -32 14.7001
    endloop
  endfacet
  facet normal 0.980772 0 -0.195157
    outer loop
      vertex -1.11081 -32 14.2976
      vertex -1.14016 -5.6 14.1501
      vertex -1.11081 -5.6 14.2976
    endloop
  endfacet
  facet normal 0.980772 0 -0.195157
    outer loop
      vertex -1.14016 -5.6 14.1501
      vertex -1.11081 -32 14.2976
      vertex -1.14016 -32 14.1501
    endloop
  endfacet
  facet normal 0.946975 0 -0.321307
    outer loop
      vertex -1.06246 -32 14.4401
      vertex -1.11081 -5.6 14.2976
      vertex -1.06246 -5.6 14.4401
    endloop
  endfacet
  facet normal 0.946975 0 -0.321307
    outer loop
      vertex -1.11081 -5.6 14.2976
      vertex -1.06246 -32 14.4401
      vertex -1.11081 -32 14.2976
    endloop
  endfacet
  facet normal -0.321124 0 -0.947037
    outer loop
      vertex 0.297642 -32 15.1108
      vertex 0.440085 -5.6 15.0625
      vertex 0.440085 -32 15.0625
    endloop
  endfacet
  facet normal -0.321124 0 -0.947037
    outer loop
      vertex 0.440085 -5.6 15.0625
      vertex 0.297642 -32 15.1108
      vertex 0.297642 -5.6 15.1108
    endloop
  endfacet
  facet normal -0.659408 0 -0.751785
    outer loop
      vertex 0.700075 -32 14.9124
      vertex 0.813172 -5.6 14.8132
      vertex 0.813172 -32 14.8132
    endloop
  endfacet
  facet normal -0.659408 0 -0.751785
    outer loop
      vertex 0.813172 -5.6 14.8132
      vertex 0.700075 -32 14.9124
      vertex 0.700075 -5.6 14.9124
    endloop
  endfacet
  facet normal -0.555237 0 -0.831692
    outer loop
      vertex 0.575 -32 14.9959
      vertex 0.700075 -5.6 14.9124
      vertex 0.700075 -32 14.9124
    endloop
  endfacet
  facet normal -0.555237 0 -0.831692
    outer loop
      vertex 0.700075 -5.6 14.9124
      vertex 0.575 -32 14.9959
      vertex 0.575 -5.6 14.9959
    endloop
  endfacet
  facet normal -0.946975 0 -0.321307
    outer loop
      vertex 1.11081 -32 14.2976
      vertex 1.06246 -5.6 14.4401
      vertex 1.11081 -5.6 14.2976
    endloop
  endfacet
  facet normal -0.946975 -0 -0.321307
    outer loop
      vertex 1.06246 -5.6 14.4401
      vertex 1.11081 -32 14.2976
      vertex 1.06246 -32 14.4401
    endloop
  endfacet
  facet normal 0.0651489 0 -0.997876
    outer loop
      vertex -0.150105 -32 15.1402
      vertex 0 -5.6 15.15
      vertex 0 -32 15.15
    endloop
  endfacet
  facet normal 0.0651489 0 -0.997876
    outer loop
      vertex 0 -5.6 15.15
      vertex -0.150105 -32 15.1402
      vertex -0.150105 -5.6 15.1402
    endloop
  endfacet
  facet normal 0.321124 0 -0.947037
    outer loop
      vertex -0.440085 -32 15.0625
      vertex -0.297642 -5.6 15.1108
      vertex -0.297642 -32 15.1108
    endloop
  endfacet
  facet normal 0.321124 0 -0.947037
    outer loop
      vertex -0.297642 -5.6 15.1108
      vertex -0.440085 -32 15.0625
      vertex -0.440085 -5.6 15.0625
    endloop
  endfacet
  facet normal 0.442648 0 -0.896695
    outer loop
      vertex -0.575 -32 14.9959
      vertex -0.440085 -5.6 15.0625
      vertex -0.440085 -32 15.0625
    endloop
  endfacet
  facet normal 0.442648 0 -0.896695
    outer loop
      vertex -0.440085 -5.6 15.0625
      vertex -0.575 -32 14.9959
      vertex -0.575 -5.6 14.9959
    endloop
  endfacet
  facet normal 0.555237 0 -0.831692
    outer loop
      vertex -0.700075 -32 14.9124
      vertex -0.575 -5.6 14.9959
      vertex -0.575 -32 14.9959
    endloop
  endfacet
  facet normal 0.555237 0 -0.831692
    outer loop
      vertex -0.575 -5.6 14.9959
      vertex -0.700075 -32 14.9124
      vertex -0.700075 -5.6 14.9124
    endloop
  endfacet
  facet normal 0.19543 0 -0.980718
    outer loop
      vertex -0.297642 -32 15.1108
      vertex -0.150105 -5.6 15.1402
      vertex -0.150105 -32 15.1402
    endloop
  endfacet
  facet normal 0.19543 0 -0.980718
    outer loop
      vertex -0.150105 -5.6 15.1402
      vertex -0.297642 -32 15.1108
      vertex -0.297642 -5.6 15.1108
    endloop
  endfacet
  facet normal -0.99786 0 0.0653917
    outer loop
      vertex 0.8923 5.6 13.8825
      vertex 0.9 13.1 14
      vertex 0.8923 13.1 13.8825
    endloop
  endfacet
  facet normal -0.99786 0 0.0653917
    outer loop
      vertex 0.9 13.1 14
      vertex 0.8923 5.6 13.8825
      vertex 0.9 5.6 14
    endloop
  endfacet
  facet normal 0.99786 -0 0.0653917
    outer loop
      vertex -0.9 5.6 14
      vertex -0.8923 13.1 13.8825
      vertex -0.9 13.1 14
    endloop
  endfacet
  facet normal 0.99786 0 0.0653917
    outer loop
      vertex -0.8923 13.1 13.8825
      vertex -0.9 5.6 14
      vertex -0.8923 5.6 13.8825
    endloop
  endfacet
  facet normal -0.0654066 0 0.997859
    outer loop
      vertex 0 13.1 13.1
      vertex 0.117473 5.6 13.1077
      vertex 0.117473 13.1 13.1077
    endloop
  endfacet
  facet normal -0.0654066 0 0.997859
    outer loop
      vertex 0.117473 5.6 13.1077
      vertex 0 13.1 13.1
      vertex 0 5.6 13.1
    endloop
  endfacet
  facet normal -0.659244 0 0.751929
    outer loop
      vertex 0.547885 13.1 13.286
      vertex 0.636395 5.6 13.3636
      vertex 0.636395 13.1 13.3636
    endloop
  endfacet
  facet normal -0.659244 0 0.751929
    outer loop
      vertex 0.636395 5.6 13.3636
      vertex 0.547885 13.1 13.286
      vertex 0.547885 5.6 13.286
    endloop
  endfacet
  facet normal 0.659244 0 0.751929
    outer loop
      vertex -0.636395 13.1 13.3636
      vertex -0.547885 5.6 13.286
      vertex -0.547885 13.1 13.286
    endloop
  endfacet
  facet normal 0.659244 0 0.751929
    outer loop
      vertex -0.547885 5.6 13.286
      vertex -0.636395 13.1 13.3636
      vertex -0.636395 5.6 13.3636
    endloop
  endfacet
  facet normal 0.321122 0 0.947038
    outer loop
      vertex -0.344415 13.1 13.1685
      vertex -0.232937 5.6 13.1307
      vertex -0.232937 13.1 13.1307
    endloop
  endfacet
  facet normal 0.321122 0 0.947038
    outer loop
      vertex -0.232937 5.6 13.1307
      vertex -0.344415 13.1 13.1685
      vertex -0.344415 5.6 13.1685
    endloop
  endfacet
  facet normal 0.980763 0 -0.195201
    outer loop
      vertex -0.869332 5.6 14.2329
      vertex -0.8923 13.1 14.1175
      vertex -0.869332 13.1 14.2329
    endloop
  endfacet
  facet normal 0.980763 0 -0.195201
    outer loop
      vertex -0.8923 13.1 14.1175
      vertex -0.869332 5.6 14.2329
      vertex -0.8923 5.6 14.1175
    endloop
  endfacet
  facet normal -0.8969 0 0.442233
    outer loop
      vertex 0.779423 5.6 13.55
      vertex 0.831491 13.1 13.6556
      vertex 0.779423 13.1 13.55
    endloop
  endfacet
  facet normal -0.8969 0 0.442233
    outer loop
      vertex 0.831491 13.1 13.6556
      vertex 0.779423 5.6 13.55
      vertex 0.831491 5.6 13.6556
    endloop
  endfacet
  facet normal -0.831508 0 0.555513
    outer loop
      vertex 0.714018 5.6 13.4521
      vertex 0.779423 13.1 13.55
      vertex 0.714018 13.1 13.4521
    endloop
  endfacet
  facet normal -0.831508 0 0.555513
    outer loop
      vertex 0.779423 13.1 13.55
      vertex 0.714018 5.6 13.4521
      vertex 0.779423 5.6 13.55
    endloop
  endfacet
  facet normal -0.442502 0 0.896767
    outer loop
      vertex 0.344415 13.1 13.1685
      vertex 0.45 5.6 13.2206
      vertex 0.45 13.1 13.2206
    endloop
  endfacet
  facet normal -0.442502 0 0.896767
    outer loop
      vertex 0.45 5.6 13.2206
      vertex 0.344415 13.1 13.1685
      vertex 0.344415 5.6 13.1685
    endloop
  endfacet
  facet normal -0.555543 0 0.831488
    outer loop
      vertex 0.45 13.1 13.2206
      vertex 0.547885 5.6 13.286
      vertex 0.547885 13.1 13.286
    endloop
  endfacet
  facet normal -0.555543 0 0.831488
    outer loop
      vertex 0.547885 5.6 13.286
      vertex 0.45 13.1 13.2206
      vertex 0.45 5.6 13.2206
    endloop
  endfacet
  facet normal 0.831508 -0 0.555513
    outer loop
      vertex -0.779423 5.6 13.55
      vertex -0.714018 13.1 13.4521
      vertex -0.779423 13.1 13.55
    endloop
  endfacet
  facet normal 0.831508 0 0.555513
    outer loop
      vertex -0.714018 13.1 13.4521
      vertex -0.779423 5.6 13.55
      vertex -0.714018 5.6 13.4521
    endloop
  endfacet
  facet normal 0.751795 -0 0.659397
    outer loop
      vertex -0.714018 5.6 13.4521
      vertex -0.636395 13.1 13.3636
      vertex -0.714018 13.1 13.4521
    endloop
  endfacet
  facet normal 0.751795 0 0.659397
    outer loop
      vertex -0.636395 13.1 13.3636
      vertex -0.714018 5.6 13.4521
      vertex -0.636395 5.6 13.3636
    endloop
  endfacet
  facet normal 0 -1 0
    outer loop
      vertex -0.117473 13.1 14.8923
      vertex 0.117473 13.1 14.8923
      vertex 0 13.1 14.9
    endloop
  endfacet
  facet normal 0 -1 0
    outer loop
      vertex -0.232937 13.1 14.8693
      vertex 0.117473 13.1 14.8923
      vertex -0.117473 13.1 14.8923
    endloop
  endfacet
  facet normal 0 -1 0
    outer loop
      vertex -0.232937 13.1 14.8693
      vertex 0.232937 13.1 14.8693
      vertex 0.117473 13.1 14.8923
    endloop
  endfacet
  facet normal 0 -1 0
    outer loop
      vertex -0.344415 13.1 14.8315
      vertex 0.232937 13.1 14.8693
      vertex -0.232937 13.1 14.8693
    endloop
  endfacet
  facet normal 0 -1 0
    outer loop
      vertex -0.344415 13.1 14.8315
      vertex 0.344415 13.1 14.8315
      vertex 0.232937 13.1 14.8693
    endloop
  endfacet
  facet normal 0 -1 0
    outer loop
      vertex -0.45 13.1 14.7794
      vertex 0.344415 13.1 14.8315
      vertex -0.344415 13.1 14.8315
    endloop
  endfacet
  facet normal 0 -1 0
    outer loop
      vertex -0.45 13.1 14.7794
      vertex 0.45 13.1 14.7794
      vertex 0.344415 13.1 14.8315
    endloop
  endfacet
  facet normal 0 -1 0
    outer loop
      vertex -0.547885 13.1 14.714
      vertex 0.45 13.1 14.7794
      vertex -0.45 13.1 14.7794
    endloop
  endfacet
  facet normal 0 -1 0
    outer loop
      vertex -0.547885 13.1 14.714
      vertex 0.547885 13.1 14.714
      vertex 0.45 13.1 14.7794
    endloop
  endfacet
  facet normal 0 -1 0
    outer loop
      vertex -0.636395 13.1 14.6364
      vertex 0.547885 13.1 14.714
      vertex -0.547885 13.1 14.714
    endloop
  endfacet
  facet normal 0 -1 0
    outer loop
      vertex -0.636395 13.1 14.6364
      vertex 0.636395 13.1 14.6364
      vertex 0.547885 13.1 14.714
    endloop
  endfacet
  facet normal 0 -1 0
    outer loop
      vertex -0.714018 13.1 14.5479
      vertex 0.636395 13.1 14.6364
      vertex -0.636395 13.1 14.6364
    endloop
  endfacet
  facet normal 0 -1 0
    outer loop
      vertex -0.714018 13.1 14.5479
      vertex 0.714018 13.1 14.5479
      vertex 0.636395 13.1 14.6364
    endloop
  endfacet
  facet normal 0 -1 0
    outer loop
      vertex -0.779423 13.1 14.45
      vertex 0.714018 13.1 14.5479
      vertex -0.714018 13.1 14.5479
    endloop
  endfacet
  facet normal 0 -1 0
    outer loop
      vertex -0.779423 13.1 14.45
      vertex 0.779423 13.1 14.45
      vertex 0.714018 13.1 14.5479
    endloop
  endfacet
  facet normal 0 -1 0
    outer loop
      vertex -0.831491 13.1 14.3444
      vertex 0.779423 13.1 14.45
      vertex -0.779423 13.1 14.45
    endloop
  endfacet
  facet normal 0 -1 0
    outer loop
      vertex -0.831491 13.1 14.3444
      vertex 0.831491 13.1 14.3444
      vertex 0.779423 13.1 14.45
    endloop
  endfacet
  facet normal 0 -1 0
    outer loop
      vertex -0.869332 13.1 14.2329
      vertex 0.831491 13.1 14.3444
      vertex -0.831491 13.1 14.3444
    endloop
  endfacet
  facet normal 0 -1 0
    outer loop
      vertex -0.869332 13.1 14.2329
      vertex 0.869332 13.1 14.2329
      vertex 0.831491 13.1 14.3444
    endloop
  endfacet
  facet normal 0 -1 0
    outer loop
      vertex -0.8923 13.1 14.1175
      vertex 0.869332 13.1 14.2329
      vertex -0.869332 13.1 14.2329
    endloop
  endfacet
  facet normal 0 -1 0
    outer loop
      vertex -0.8923 13.1 14.1175
      vertex 0.8923 13.1 14.1175
      vertex 0.869332 13.1 14.2329
    endloop
  endfacet
  facet normal 0 -1 0
    outer loop
      vertex -0.9 13.1 14
      vertex 0.8923 13.1 14.1175
      vertex -0.8923 13.1 14.1175
    endloop
  endfacet
  facet normal 0 -1 0
    outer loop
      vertex -0.9 13.1 14
      vertex 0.9 13.1 14
      vertex 0.8923 13.1 14.1175
    endloop
  endfacet
  facet normal 0 -1 0
    outer loop
      vertex -0.8923 13.1 13.8825
      vertex 0.9 13.1 14
      vertex -0.9 13.1 14
    endloop
  endfacet
  facet normal 0 -1 0
    outer loop
      vertex -0.8923 13.1 13.8825
      vertex 0.8923 13.1 13.8825
      vertex 0.9 13.1 14
    endloop
  endfacet
  facet normal 0 -1 0
    outer loop
      vertex -0.869332 13.1 13.7671
      vertex 0.8923 13.1 13.8825
      vertex -0.8923 13.1 13.8825
    endloop
  endfacet
  facet normal 0 -1 0
    outer loop
      vertex -0.869332 13.1 13.7671
      vertex 0.869332 13.1 13.7671
      vertex 0.8923 13.1 13.8825
    endloop
  endfacet
  facet normal 0 -1 0
    outer loop
      vertex -0.831491 13.1 13.6556
      vertex 0.869332 13.1 13.7671
      vertex -0.869332 13.1 13.7671
    endloop
  endfacet
  facet normal 0 -1 0
    outer loop
      vertex -0.831491 13.1 13.6556
      vertex 0.831491 13.1 13.6556
      vertex 0.869332 13.1 13.7671
    endloop
  endfacet
  facet normal 0 -1 0
    outer loop
      vertex -0.779423 13.1 13.55
      vertex 0.831491 13.1 13.6556
      vertex -0.831491 13.1 13.6556
    endloop
  endfacet
  facet normal 0 -1 0
    outer loop
      vertex -0.779423 13.1 13.55
      vertex 0.779423 13.1 13.55
      vertex 0.831491 13.1 13.6556
    endloop
  endfacet
  facet normal 0 -1 0
    outer loop
      vertex -0.714018 13.1 13.4521
      vertex 0.779423 13.1 13.55
      vertex -0.779423 13.1 13.55
    endloop
  endfacet
  facet normal 0 -1 0
    outer loop
      vertex -0.714018 13.1 13.4521
      vertex 0.714018 13.1 13.4521
      vertex 0.779423 13.1 13.55
    endloop
  endfacet
  facet normal 0 -1 0
    outer loop
      vertex -0.636395 13.1 13.3636
      vertex 0.714018 13.1 13.4521
      vertex -0.714018 13.1 13.4521
    endloop
  endfacet
  facet normal 0 -1 0
    outer loop
      vertex -0.636395 13.1 13.3636
      vertex 0.636395 13.1 13.3636
      vertex 0.714018 13.1 13.4521
    endloop
  endfacet
  facet normal 0 -1 0
    outer loop
      vertex -0.547885 13.1 13.286
      vertex 0.636395 13.1 13.3636
      vertex -0.636395 13.1 13.3636
    endloop
  endfacet
  facet normal 0 -1 0
    outer loop
      vertex -0.547885 13.1 13.286
      vertex 0.547885 13.1 13.286
      vertex 0.636395 13.1 13.3636
    endloop
  endfacet
  facet normal 0 -1 0
    outer loop
      vertex -0.45 13.1 13.2206
      vertex 0.547885 13.1 13.286
      vertex -0.547885 13.1 13.286
    endloop
  endfacet
  facet normal 0 -1 0
    outer loop
      vertex -0.45 13.1 13.2206
      vertex 0.45 13.1 13.2206
      vertex 0.547885 13.1 13.286
    endloop
  endfacet
  facet normal 0 -1 0
    outer loop
      vertex -0.344415 13.1 13.1685
      vertex 0.45 13.1 13.2206
      vertex -0.45 13.1 13.2206
    endloop
  endfacet
  facet normal 0 -1 0
    outer loop
      vertex -0.344415 13.1 13.1685
      vertex 0.344415 13.1 13.1685
      vertex 0.45 13.1 13.2206
    endloop
  endfacet
  facet normal 0 -1 0
    outer loop
      vertex -0.232937 13.1 13.1307
      vertex 0.344415 13.1 13.1685
      vertex -0.344415 13.1 13.1685
    endloop
  endfacet
  facet normal 0 -1 0
    outer loop
      vertex -0.232937 13.1 13.1307
      vertex 0.232937 13.1 13.1307
      vertex 0.344415 13.1 13.1685
    endloop
  endfacet
  facet normal 0 -1 0
    outer loop
      vertex -0.117473 13.1 13.1077
      vertex 0.232937 13.1 13.1307
      vertex -0.232937 13.1 13.1307
    endloop
  endfacet
  facet normal 0 -1 0
    outer loop
      vertex -0.117473 13.1 13.1077
      vertex 0.117473 13.1 13.1077
      vertex 0.232937 13.1 13.1307
    endloop
  endfacet
  facet normal -0 -1 0
    outer loop
      vertex 0.117473 13.1 13.1077
      vertex -0.117473 13.1 13.1077
      vertex 0 13.1 13.1
    endloop
  endfacet
  facet normal 0.555543 0 0.831488
    outer loop
      vertex -0.547885 13.1 13.286
      vertex -0.45 5.6 13.2206
      vertex -0.45 13.1 13.2206
    endloop
  endfacet
  facet normal 0.555543 0 0.831488
    outer loop
      vertex -0.45 5.6 13.2206
      vertex -0.547885 13.1 13.286
      vertex -0.547885 5.6 13.286
    endloop
  endfacet
  facet normal 0.0654066 0 0.997859
    outer loop
      vertex -0.117473 13.1 13.1077
      vertex 0 5.6 13.1
      vertex 0 13.1 13.1
    endloop
  endfacet
  facet normal 0.0654066 0 0.997859
    outer loop
      vertex 0 5.6 13.1
      vertex -0.117473 13.1 13.1077
      vertex -0.117473 5.6 13.1077
    endloop
  endfacet
  facet normal -0.946951 0 -0.321377
    outer loop
      vertex 0.869332 5.6 14.2329
      vertex 0.831491 13.1 14.3444
      vertex 0.869332 13.1 14.2329
    endloop
  endfacet
  facet normal -0.946951 -0 -0.321377
    outer loop
      vertex 0.831491 13.1 14.3444
      vertex 0.869332 5.6 14.2329
      vertex 0.831491 5.6 14.3444
    endloop
  endfacet
  facet normal -0.321122 0 -0.947038
    outer loop
      vertex 0.232937 5.6 14.8693
      vertex 0.344415 13.1 14.8315
      vertex 0.344415 5.6 14.8315
    endloop
  endfacet
  facet normal -0.321122 0 -0.947038
    outer loop
      vertex 0.344415 13.1 14.8315
      vertex 0.232937 5.6 14.8693
      vertex 0.232937 13.1 14.8693
    endloop
  endfacet
  facet normal -0.751795 0 -0.659397
    outer loop
      vertex 0.714018 5.6 14.5479
      vertex 0.636395 13.1 14.6364
      vertex 0.714018 13.1 14.5479
    endloop
  endfacet
  facet normal -0.751795 -0 -0.659397
    outer loop
      vertex 0.636395 13.1 14.6364
      vertex 0.714018 5.6 14.5479
      vertex 0.636395 5.6 14.6364
    endloop
  endfacet
  facet normal -0.555543 0 -0.831488
    outer loop
      vertex 0.45 5.6 14.7794
      vertex 0.547885 13.1 14.714
      vertex 0.547885 5.6 14.714
    endloop
  endfacet
  facet normal -0.555543 0 -0.831488
    outer loop
      vertex 0.547885 13.1 14.714
      vertex 0.45 5.6 14.7794
      vertex 0.45 13.1 14.7794
    endloop
  endfacet
  facet normal 0.659244 0 -0.751929
    outer loop
      vertex -0.636395 5.6 14.6364
      vertex -0.547885 13.1 14.714
      vertex -0.547885 5.6 14.714
    endloop
  endfacet
  facet normal 0.659244 0 -0.751929
    outer loop
      vertex -0.547885 13.1 14.714
      vertex -0.636395 5.6 14.6364
      vertex -0.636395 13.1 14.6364
    endloop
  endfacet
  facet normal 0.321122 0 -0.947038
    outer loop
      vertex -0.344415 5.6 14.8315
      vertex -0.232937 13.1 14.8693
      vertex -0.232937 5.6 14.8693
    endloop
  endfacet
  facet normal 0.321122 0 -0.947038
    outer loop
      vertex -0.232937 13.1 14.8693
      vertex -0.344415 5.6 14.8315
      vertex -0.344415 13.1 14.8315
    endloop
  endfacet
  facet normal 0.751795 0 -0.659397
    outer loop
      vertex -0.636395 5.6 14.6364
      vertex -0.714018 13.1 14.5479
      vertex -0.636395 13.1 14.6364
    endloop
  endfacet
  facet normal 0.751795 0 -0.659397
    outer loop
      vertex -0.714018 13.1 14.5479
      vertex -0.636395 5.6 14.6364
      vertex -0.714018 5.6 14.5479
    endloop
  endfacet
  facet normal 0.99786 0 -0.0653917
    outer loop
      vertex -0.8923 5.6 14.1175
      vertex -0.9 13.1 14
      vertex -0.8923 13.1 14.1175
    endloop
  endfacet
  facet normal 0.99786 0 -0.0653917
    outer loop
      vertex -0.9 13.1 14
      vertex -0.8923 5.6 14.1175
      vertex -0.9 5.6 14
    endloop
  endfacet
  facet normal -0.946951 0 0.321377
    outer loop
      vertex 0.831491 5.6 13.6556
      vertex 0.869332 13.1 13.7671
      vertex 0.831491 13.1 13.6556
    endloop
  endfacet
  facet normal -0.946951 0 0.321377
    outer loop
      vertex 0.869332 13.1 13.7671
      vertex 0.831491 5.6 13.6556
      vertex 0.869332 5.6 13.7671
    endloop
  endfacet
  facet normal -0.980763 0 0.195201
    outer loop
      vertex 0.869332 5.6 13.7671
      vertex 0.8923 13.1 13.8825
      vertex 0.869332 13.1 13.7671
    endloop
  endfacet
  facet normal -0.980763 0 0.195201
    outer loop
      vertex 0.8923 13.1 13.8825
      vertex 0.869332 5.6 13.7671
      vertex 0.8923 5.6 13.8825
    endloop
  endfacet
  facet normal -0.751795 0 0.659397
    outer loop
      vertex 0.636395 5.6 13.3636
      vertex 0.714018 13.1 13.4521
      vertex 0.636395 13.1 13.3636
    endloop
  endfacet
  facet normal -0.751795 0 0.659397
    outer loop
      vertex 0.714018 13.1 13.4521
      vertex 0.636395 5.6 13.3636
      vertex 0.714018 5.6 13.4521
    endloop
  endfacet
  facet normal -0.195358 0 0.980732
    outer loop
      vertex 0.117473 13.1 13.1077
      vertex 0.232937 5.6 13.1307
      vertex 0.232937 13.1 13.1307
    endloop
  endfacet
  facet normal -0.195358 0 0.980732
    outer loop
      vertex 0.232937 5.6 13.1307
      vertex 0.117473 13.1 13.1077
      vertex 0.117473 5.6 13.1077
    endloop
  endfacet
  facet normal 0.8969 -0 0.442233
    outer loop
      vertex -0.831491 5.6 13.6556
      vertex -0.779423 13.1 13.55
      vertex -0.831491 13.1 13.6556
    endloop
  endfacet
  facet normal 0.8969 0 0.442233
    outer loop
      vertex -0.779423 13.1 13.55
      vertex -0.831491 5.6 13.6556
      vertex -0.779423 5.6 13.55
    endloop
  endfacet
  facet normal 0.946951 -0 0.321377
    outer loop
      vertex -0.869332 5.6 13.7671
      vertex -0.831491 13.1 13.6556
      vertex -0.869332 13.1 13.7671
    endloop
  endfacet
  facet normal 0.946951 0 0.321377
    outer loop
      vertex -0.831491 13.1 13.6556
      vertex -0.869332 5.6 13.7671
      vertex -0.831491 5.6 13.6556
    endloop
  endfacet
  facet normal 0.980763 -0 0.195201
    outer loop
      vertex -0.8923 5.6 13.8825
      vertex -0.869332 13.1 13.7671
      vertex -0.8923 13.1 13.8825
    endloop
  endfacet
  facet normal 0.980763 0 0.195201
    outer loop
      vertex -0.869332 13.1 13.7671
      vertex -0.8923 5.6 13.8825
      vertex -0.869332 5.6 13.7671
    endloop
  endfacet
  facet normal 0.195358 0 0.980732
    outer loop
      vertex -0.232937 13.1 13.1307
      vertex -0.117473 5.6 13.1077
      vertex -0.117473 13.1 13.1077
    endloop
  endfacet
  facet normal 0.195358 0 0.980732
    outer loop
      vertex -0.117473 5.6 13.1077
      vertex -0.232937 13.1 13.1307
      vertex -0.232937 5.6 13.1307
    endloop
  endfacet
  facet normal -0.0654066 0 -0.997859
    outer loop
      vertex 0 5.6 14.9
      vertex 0.117473 13.1 14.8923
      vertex 0.117473 5.6 14.8923
    endloop
  endfacet
  facet normal -0.0654066 0 -0.997859
    outer loop
      vertex 0.117473 13.1 14.8923
      vertex 0 5.6 14.9
      vertex 0 13.1 14.9
    endloop
  endfacet
  facet normal -0.659244 0 -0.751929
    outer loop
      vertex 0.547885 5.6 14.714
      vertex 0.636395 13.1 14.6364
      vertex 0.636395 5.6 14.6364
    endloop
  endfacet
  facet normal -0.659244 0 -0.751929
    outer loop
      vertex 0.636395 13.1 14.6364
      vertex 0.547885 5.6 14.714
      vertex 0.547885 13.1 14.714
    endloop
  endfacet
  facet normal -0.831508 0 -0.555513
    outer loop
      vertex 0.779423 5.6 14.45
      vertex 0.714018 13.1 14.5479
      vertex 0.779423 13.1 14.45
    endloop
  endfacet
  facet normal -0.831508 -0 -0.555513
    outer loop
      vertex 0.714018 13.1 14.5479
      vertex 0.779423 5.6 14.45
      vertex 0.714018 5.6 14.5479
    endloop
  endfacet
  facet normal 0.555543 0 -0.831488
    outer loop
      vertex -0.547885 5.6 14.714
      vertex -0.45 13.1 14.7794
      vertex -0.45 5.6 14.7794
    endloop
  endfacet
  facet normal 0.555543 0 -0.831488
    outer loop
      vertex -0.45 13.1 14.7794
      vertex -0.547885 5.6 14.714
      vertex -0.547885 13.1 14.714
    endloop
  endfacet
  facet normal 0.0654066 0 -0.997859
    outer loop
      vertex -0.117473 5.6 14.8923
      vertex 0 13.1 14.9
      vertex 0 5.6 14.9
    endloop
  endfacet
  facet normal 0.0654066 0 -0.997859
    outer loop
      vertex 0 13.1 14.9
      vertex -0.117473 5.6 14.8923
      vertex -0.117473 13.1 14.8923
    endloop
  endfacet
  facet normal 0.8969 0 -0.442233
    outer loop
      vertex -0.779423 5.6 14.45
      vertex -0.831491 13.1 14.3444
      vertex -0.779423 13.1 14.45
    endloop
  endfacet
  facet normal 0.8969 0 -0.442233
    outer loop
      vertex -0.831491 13.1 14.3444
      vertex -0.779423 5.6 14.45
      vertex -0.831491 5.6 14.3444
    endloop
  endfacet
  facet normal -0.321122 0 0.947038
    outer loop
      vertex 0.232937 13.1 13.1307
      vertex 0.344415 5.6 13.1685
      vertex 0.344415 13.1 13.1685
    endloop
  endfacet
  facet normal -0.321122 0 0.947038
    outer loop
      vertex 0.344415 5.6 13.1685
      vertex 0.232937 13.1 13.1307
      vertex 0.232937 5.6 13.1307
    endloop
  endfacet
  facet normal 0.442502 0 0.896767
    outer loop
      vertex -0.45 13.1 13.2206
      vertex -0.344415 5.6 13.1685
      vertex -0.344415 13.1 13.1685
    endloop
  endfacet
  facet normal 0.442502 0 0.896767
    outer loop
      vertex -0.344415 5.6 13.1685
      vertex -0.45 13.1 13.2206
      vertex -0.45 5.6 13.2206
    endloop
  endfacet
  facet normal -0.195358 0 -0.980732
    outer loop
      vertex 0.117473 5.6 14.8923
      vertex 0.232937 13.1 14.8693
      vertex 0.232937 5.6 14.8693
    endloop
  endfacet
  facet normal -0.195358 0 -0.980732
    outer loop
      vertex 0.232937 13.1 14.8693
      vertex 0.117473 5.6 14.8923
      vertex 0.117473 13.1 14.8923
    endloop
  endfacet
  facet normal -0.442502 0 -0.896767
    outer loop
      vertex 0.344415 5.6 14.8315
      vertex 0.45 13.1 14.7794
      vertex 0.45 5.6 14.7794
    endloop
  endfacet
  facet normal -0.442502 0 -0.896767
    outer loop
      vertex 0.45 13.1 14.7794
      vertex 0.344415 5.6 14.8315
      vertex 0.344415 13.1 14.8315
    endloop
  endfacet
  facet normal -0.980763 0 -0.195201
    outer loop
      vertex 0.8923 5.6 14.1175
      vertex 0.869332 13.1 14.2329
      vertex 0.8923 13.1 14.1175
    endloop
  endfacet
  facet normal -0.980763 -0 -0.195201
    outer loop
      vertex 0.869332 13.1 14.2329
      vertex 0.8923 5.6 14.1175
      vertex 0.869332 5.6 14.2329
    endloop
  endfacet
  facet normal -0.8969 0 -0.442233
    outer loop
      vertex 0.831491 5.6 14.3444
      vertex 0.779423 13.1 14.45
      vertex 0.831491 13.1 14.3444
    endloop
  endfacet
  facet normal -0.8969 -0 -0.442233
    outer loop
      vertex 0.779423 13.1 14.45
      vertex 0.831491 5.6 14.3444
      vertex 0.779423 5.6 14.45
    endloop
  endfacet
  facet normal 0.442502 0 -0.896767
    outer loop
      vertex -0.45 5.6 14.7794
      vertex -0.344415 13.1 14.8315
      vertex -0.344415 5.6 14.8315
    endloop
  endfacet
  facet normal 0.442502 0 -0.896767
    outer loop
      vertex -0.344415 13.1 14.8315
      vertex -0.45 5.6 14.7794
      vertex -0.45 13.1 14.7794
    endloop
  endfacet
  facet normal 0.195358 0 -0.980732
    outer loop
      vertex -0.232937 5.6 14.8693
      vertex -0.117473 13.1 14.8923
      vertex -0.117473 5.6 14.8923
    endloop
  endfacet
  facet normal 0.195358 0 -0.980732
    outer loop
      vertex -0.117473 13.1 14.8923
      vertex -0.232937 5.6 14.8693
      vertex -0.232937 13.1 14.8693
    endloop
  endfacet
  facet normal 0.831508 0 -0.555513
    outer loop
      vertex -0.714018 5.6 14.5479
      vertex -0.779423 13.1 14.45
      vertex -0.714018 13.1 14.5479
    endloop
  endfacet
  facet normal 0.831508 0 -0.555513
    outer loop
      vertex -0.779423 13.1 14.45
      vertex -0.714018 5.6 14.5479
      vertex -0.779423 5.6 14.45
    endloop
  endfacet
  facet normal 0.946951 0 -0.321377
    outer loop
      vertex -0.831491 5.6 14.3444
      vertex -0.869332 13.1 14.2329
      vertex -0.831491 13.1 14.3444
    endloop
  endfacet
  facet normal 0.946951 0 -0.321377
    outer loop
      vertex -0.869332 13.1 14.2329
      vertex -0.831491 5.6 14.3444
      vertex -0.869332 5.6 14.2329
    endloop
  endfacet
  facet normal -0.99786 0 -0.0653917
    outer loop
      vertex 0.9 5.6 14
      vertex 0.8923 13.1 14.1175
      vertex 0.9 13.1 14
    endloop
  endfacet
  facet normal -0.99786 -0 -0.0653917
    outer loop
      vertex 0.8923 13.1 14.1175
      vertex 0.9 5.6 14
      vertex 0.8923 5.6 14.1175
    endloop
  endfacet
  facet normal 0.659449 0.751749 -0
    outer loop
      vertex 33.6812 33.1736 0
      vertex 33.4108 33.4108 6
      vertex 33.6812 33.1736 6
    endloop
  endfacet
  facet normal 0.659449 0.751749 0
    outer loop
      vertex 33.4108 33.4108 6
      vertex 33.6812 33.1736 0
      vertex 33.4108 33.4108 0
    endloop
  endfacet
  facet normal -0.831408 -0.555662 0
    outer loop
      vertex 44.808 43.8014 0
      vertex 44.6081 44.1005 6
      vertex 44.6081 44.1005 0
    endloop
  endfacet
  facet normal -0.831408 -0.555662 0
    outer loop
      vertex 44.6081 44.1005 6
      vertex 44.808 43.8014 0
      vertex 44.808 43.8014 6
    endloop
  endfacet
  facet normal -0.659311 0.75187 0
    outer loop
      vertex 37.2999 33.4108 0
      vertex 37.0294 33.1736 6
      vertex 37.2999 33.4108 6
    endloop
  endfacet
  facet normal -0.659311 0.75187 0
    outer loop
      vertex 37.0294 33.1736 6
      vertex 37.2999 33.4108 0
      vertex 37.0294 33.1736 0
    endloop
  endfacet
  facet normal 0.980826 0.194886 0
    outer loop
      vertex 32.699 34.6436 6
      vertex 32.6289 34.9964 0
      vertex 32.6289 34.9964 6
    endloop
  endfacet
  facet normal 0.980826 0.194886 0
    outer loop
      vertex 32.6289 34.9964 0
      vertex 32.699 34.6436 6
      vertex 32.699 34.6436 0
    endloop
  endfacet
  facet normal -0.707112 0.707102 0
    outer loop
      vertex 37.2999 33.4108 0
      vertex 44.3709 40.4819 6
      vertex 44.3709 40.4819 0
    endloop
  endfacet
  facet normal -0.707112 0.707102 0
    outer loop
      vertex 44.3709 40.4819 6
      vertex 37.2999 33.4108 0
      vertex 37.2999 33.4108 6
    endloop
  endfacet
  facet normal -0.0653198 -0.997864 0
    outer loop
      vertex 42.4264 45.1764 0
      vertex 42.7854 45.1529 6
      vertex 42.4264 45.1764 6
    endloop
  endfacet
  facet normal -0.0653198 -0.997864 -0
    outer loop
      vertex 42.7854 45.1529 6
      vertex 42.4264 45.1764 0
      vertex 42.7854 45.1529 0
    endloop
  endfacet
  facet normal 0.831537 -0.55547 0
    outer loop
      vertex 32.9738 36.7303 6
      vertex 33.1736 37.0294 0
      vertex 33.1736 37.0294 6
    endloop
  endfacet
  facet normal 0.831537 -0.55547 0
    outer loop
      vertex 33.1736 37.0294 0
      vertex 32.9738 36.7303 6
      vertex 32.9738 36.7303 0
    endloop
  endfacet
  facet normal 0.707102 -0.707112 0
    outer loop
      vertex 33.4108 37.2999 6
      vertex 40.4819 44.3709 0
      vertex 40.4819 44.3709 6
    endloop
  endfacet
  facet normal 0.707102 -0.707112 0
    outer loop
      vertex 40.4819 44.3709 0
      vertex 33.4108 37.2999 6
      vertex 33.4108 37.2999 0
    endloop
  endfacet
  facet normal -0.442314 0.89686 0
    outer loop
      vertex 36.7303 32.9738 0
      vertex 36.4077 32.8147 6
      vertex 36.7303 32.9738 6
    endloop
  endfacet
  facet normal -0.442314 0.89686 0
    outer loop
      vertex 36.4077 32.8147 6
      vertex 36.7303 32.9738 0
      vertex 36.4077 32.8147 0
    endloop
  endfacet
  facet normal -0.997863 0.0653379 0
    outer loop
      vertex 45.1529 42.0675 0
      vertex 45.1764 42.4264 6
      vertex 45.1764 42.4264 0
    endloop
  endfacet
  facet normal -0.997863 0.0653379 0
    outer loop
      vertex 45.1764 42.4264 6
      vertex 45.1529 42.0675 0
      vertex 45.1529 42.0675 6
    endloop
  endfacet
  facet normal -0.751749 0.659449 0
    outer loop
      vertex 44.3709 40.4819 0
      vertex 44.6081 40.7523 6
      vertex 44.6081 40.7523 0
    endloop
  endfacet
  facet normal -0.751749 0.659449 0
    outer loop
      vertex 44.6081 40.7523 6
      vertex 44.3709 40.4819 0
      vertex 44.3709 40.4819 6
    endloop
  endfacet
  facet normal -0.442314 -0.89686 0
    outer loop
      vertex 43.4788 44.9671 0
      vertex 43.8014 44.808 6
      vertex 43.4788 44.9671 6
    endloop
  endfacet
  facet normal -0.442314 -0.89686 -0
    outer loop
      vertex 43.8014 44.808 6
      vertex 43.4788 44.9671 0
      vertex 43.8014 44.808 0
    endloop
  endfacet
  facet normal -0.555662 -0.831408 0
    outer loop
      vertex 43.8014 44.808 0
      vertex 44.1005 44.6081 6
      vertex 43.8014 44.808 6
    endloop
  endfacet
  facet normal -0.555662 -0.831408 -0
    outer loop
      vertex 44.1005 44.6081 6
      vertex 43.8014 44.808 0
      vertex 44.1005 44.6081 0
    endloop
  endfacet
  facet normal 0.75187 -0.659311 0
    outer loop
      vertex 33.1736 37.0294 6
      vertex 33.4108 37.2999 0
      vertex 33.4108 37.2999 6
    endloop
  endfacet
  facet normal 0.75187 -0.659311 0
    outer loop
      vertex 33.4108 37.2999 0
      vertex 33.1736 37.0294 6
      vertex 33.1736 37.0294 0
    endloop
  endfacet
  facet normal 0.997845 0.0656148 0
    outer loop
      vertex 32.6289 34.9964 6
      vertex 32.6053 35.3553 0
      vertex 32.6053 35.3553 6
    endloop
  endfacet
  facet normal 0.997845 0.0656148 0
    outer loop
      vertex 32.6053 35.3553 0
      vertex 32.6289 34.9964 6
      vertex 32.6289 34.9964 0
    endloop
  endfacet
  facet normal 0.751749 0.659449 0
    outer loop
      vertex 33.4108 33.4108 6
      vertex 33.1736 33.6812 0
      vertex 33.1736 33.6812 6
    endloop
  endfacet
  facet normal 0.751749 0.659449 0
    outer loop
      vertex 33.1736 33.6812 0
      vertex 33.4108 33.4108 6
      vertex 33.4108 33.4108 0
    endloop
  endfacet
  facet normal 0.55547 0.831537 -0
    outer loop
      vertex 33.9803 32.9738 0
      vertex 33.6812 33.1736 6
      vertex 33.9803 32.9738 6
    endloop
  endfacet
  facet normal 0.55547 0.831537 0
    outer loop
      vertex 33.6812 33.1736 6
      vertex 33.9803 32.9738 0
      vertex 33.6812 33.1736 0
    endloop
  endfacet
  facet normal 0.0656148 0.997845 -0
    outer loop
      vertex 35.3553 32.6053 0
      vertex 34.9964 32.6289 6
      vertex 35.3553 32.6053 6
    endloop
  endfacet
  facet normal 0.0656148 0.997845 0
    outer loop
      vertex 34.9964 32.6289 6
      vertex 35.3553 32.6053 0
      vertex 34.9964 32.6289 0
    endloop
  endfacet
  facet normal 0.321644 0.946861 -0
    outer loop
      vertex 34.6436 32.699 0
      vertex 34.303 32.8147 6
      vertex 34.6436 32.699 6
    endloop
  endfacet
  facet normal 0.321644 0.946861 0
    outer loop
      vertex 34.303 32.8147 6
      vertex 34.6436 32.699 0
      vertex 34.303 32.8147 0
    endloop
  endfacet
  facet normal -0.55547 0.831537 0
    outer loop
      vertex 37.0294 33.1736 0
      vertex 36.7303 32.9738 6
      vertex 37.0294 33.1736 6
    endloop
  endfacet
  facet normal -0.55547 0.831537 0
    outer loop
      vertex 36.7303 32.9738 6
      vertex 37.0294 33.1736 0
      vertex 36.7303 32.9738 0
    endloop
  endfacet
  facet normal -0.321644 0.946861 0
    outer loop
      vertex 36.4077 32.8147 0
      vertex 36.0671 32.699 6
      vertex 36.4077 32.8147 6
    endloop
  endfacet
  facet normal -0.321644 0.946861 0
    outer loop
      vertex 36.0671 32.699 6
      vertex 36.4077 32.8147 0
      vertex 36.0671 32.699 0
    endloop
  endfacet
  facet normal -0.0655966 0.997846 0
    outer loop
      vertex 35.7143 32.6289 0
      vertex 35.3553 32.6053 6
      vertex 35.7143 32.6289 6
    endloop
  endfacet
  facet normal -0.0655966 0.997846 0
    outer loop
      vertex 35.3553 32.6053 6
      vertex 35.7143 32.6289 0
      vertex 35.3553 32.6053 0
    endloop
  endfacet
  facet normal -0.946974 0.32131 0
    outer loop
      vertex 44.9671 41.374 0
      vertex 45.0827 41.7147 6
      vertex 45.0827 41.7147 0
    endloop
  endfacet
  facet normal -0.946974 0.32131 0
    outer loop
      vertex 45.0827 41.7147 6
      vertex 44.9671 41.374 0
      vertex 44.9671 41.374 6
    endloop
  endfacet
  facet normal -0.831408 0.555662 0
    outer loop
      vertex 44.6081 40.7523 0
      vertex 44.808 41.0514 6
      vertex 44.808 41.0514 0
    endloop
  endfacet
  facet normal -0.831408 0.555662 0
    outer loop
      vertex 44.808 41.0514 6
      vertex 44.6081 40.7523 0
      vertex 44.6081 40.7523 6
    endloop
  endfacet
  facet normal -0.980773 0.195154 0
    outer loop
      vertex 45.0827 41.7147 0
      vertex 45.1529 42.0675 6
      vertex 45.1529 42.0675 0
    endloop
  endfacet
  facet normal -0.980773 0.195154 0
    outer loop
      vertex 45.1529 42.0675 6
      vertex 45.0827 41.7147 0
      vertex 45.0827 41.7147 6
    endloop
  endfacet
  facet normal 0.659449 -0.751749 0
    outer loop
      vertex 40.4819 44.3709 0
      vertex 40.7523 44.6081 6
      vertex 40.4819 44.3709 6
    endloop
  endfacet
  facet normal 0.659449 -0.751749 0
    outer loop
      vertex 40.7523 44.6081 6
      vertex 40.4819 44.3709 0
      vertex 40.7523 44.6081 0
    endloop
  endfacet
  facet normal -0.195154 -0.980773 0
    outer loop
      vertex 42.7854 45.1529 0
      vertex 43.1382 45.0827 6
      vertex 42.7854 45.1529 6
    endloop
  endfacet
  facet normal -0.195154 -0.980773 -0
    outer loop
      vertex 43.1382 45.0827 6
      vertex 42.7854 45.1529 0
      vertex 43.1382 45.0827 0
    endloop
  endfacet
  facet normal 0.980826 -0.194886 0
    outer loop
      vertex 32.6289 35.7143 6
      vertex 32.699 36.0671 0
      vertex 32.699 36.0671 6
    endloop
  endfacet
  facet normal 0.980826 -0.194886 0
    outer loop
      vertex 32.699 36.0671 0
      vertex 32.6289 35.7143 6
      vertex 32.6289 35.7143 0
    endloop
  endfacet
  facet normal 0.946861 -0.321644 0
    outer loop
      vertex 32.699 36.0671 6
      vertex 32.8147 36.4077 0
      vertex 32.8147 36.4077 6
    endloop
  endfacet
  facet normal 0.946861 -0.321644 0
    outer loop
      vertex 32.8147 36.4077 0
      vertex 32.699 36.0671 6
      vertex 32.699 36.0671 0
    endloop
  endfacet
  facet normal 0.89686 -0.442314 0
    outer loop
      vertex 32.8147 36.4077 6
      vertex 32.9738 36.7303 0
      vertex 32.9738 36.7303 6
    endloop
  endfacet
  facet normal 0.89686 -0.442314 0
    outer loop
      vertex 32.9738 36.7303 0
      vertex 32.8147 36.4077 6
      vertex 32.8147 36.4077 0
    endloop
  endfacet
  facet normal 0.896915 0.442204 0
    outer loop
      vertex 32.9738 33.9803 6
      vertex 32.8147 34.303 0
      vertex 32.8147 34.303 6
    endloop
  endfacet
  facet normal 0.896915 0.442204 0
    outer loop
      vertex 32.8147 34.303 0
      vertex 32.9738 33.9803 6
      vertex 32.9738 33.9803 0
    endloop
  endfacet
  facet normal 0.946861 0.321644 0
    outer loop
      vertex 32.8147 34.303 6
      vertex 32.699 34.6436 0
      vertex 32.699 34.6436 6
    endloop
  endfacet
  facet normal 0.946861 0.321644 0
    outer loop
      vertex 32.699 34.6436 0
      vertex 32.8147 34.303 6
      vertex 32.8147 34.303 0
    endloop
  endfacet
  facet normal 0.442204 0.896915 -0
    outer loop
      vertex 34.303 32.8147 0
      vertex 33.9803 32.9738 6
      vertex 34.303 32.8147 6
    endloop
  endfacet
  facet normal 0.442204 0.896915 0
    outer loop
      vertex 33.9803 32.9738 6
      vertex 34.303 32.8147 0
      vertex 33.9803 32.9738 0
    endloop
  endfacet
  facet normal 0.194886 0.980826 -0
    outer loop
      vertex 34.9964 32.6289 0
      vertex 34.6436 32.699 6
      vertex 34.9964 32.6289 6
    endloop
  endfacet
  facet normal 0.194886 0.980826 0
    outer loop
      vertex 34.6436 32.699 6
      vertex 34.9964 32.6289 0
      vertex 34.6436 32.699 0
    endloop
  endfacet
  facet normal -0.194886 0.980826 0
    outer loop
      vertex 36.0671 32.699 0
      vertex 35.7143 32.6289 6
      vertex 36.0671 32.699 6
    endloop
  endfacet
  facet normal -0.194886 0.980826 0
    outer loop
      vertex 35.7143 32.6289 6
      vertex 36.0671 32.699 0
      vertex 35.7143 32.6289 0
    endloop
  endfacet
  facet normal -0.89686 -0.442314 0
    outer loop
      vertex 44.9671 43.4788 0
      vertex 44.808 43.8014 6
      vertex 44.808 43.8014 0
    endloop
  endfacet
  facet normal -0.89686 -0.442314 0
    outer loop
      vertex 44.808 43.8014 6
      vertex 44.9671 43.4788 0
      vertex 44.9671 43.4788 6
    endloop
  endfacet
  facet normal -0.89686 0.442314 0
    outer loop
      vertex 44.808 41.0514 0
      vertex 44.9671 41.374 6
      vertex 44.9671 41.374 0
    endloop
  endfacet
  facet normal -0.89686 0.442314 0
    outer loop
      vertex 44.9671 41.374 6
      vertex 44.808 41.0514 0
      vertex 44.808 41.0514 6
    endloop
  endfacet
  facet normal -0.980773 -0.195154 0
    outer loop
      vertex 45.1529 42.7854 0
      vertex 45.0827 43.1382 6
      vertex 45.0827 43.1382 0
    endloop
  endfacet
  facet normal -0.980773 -0.195154 0
    outer loop
      vertex 45.0827 43.1382 6
      vertex 45.1529 42.7854 0
      vertex 45.1529 42.7854 6
    endloop
  endfacet
  facet normal -0.997864 -0.0653198 0
    outer loop
      vertex 45.1764 42.4264 0
      vertex 45.1529 42.7854 6
      vertex 45.1529 42.7854 0
    endloop
  endfacet
  facet normal -0.997864 -0.0653198 0
    outer loop
      vertex 45.1529 42.7854 6
      vertex 45.1764 42.4264 0
      vertex 45.1764 42.4264 6
    endloop
  endfacet
  facet normal -0.946945 -0.321394 0
    outer loop
      vertex 45.0827 43.1382 0
      vertex 44.9671 43.4788 6
      vertex 44.9671 43.4788 0
    endloop
  endfacet
  facet normal -0.946945 -0.321394 0
    outer loop
      vertex 44.9671 43.4788 6
      vertex 45.0827 43.1382 0
      vertex 45.0827 43.1382 6
    endloop
  endfacet
  facet normal 0.0653379 -0.997863 0
    outer loop
      vertex 42.0675 45.1529 0
      vertex 42.4264 45.1764 6
      vertex 42.0675 45.1529 6
    endloop
  endfacet
  facet normal 0.0653379 -0.997863 0
    outer loop
      vertex 42.4264 45.1764 6
      vertex 42.0675 45.1529 0
      vertex 42.4264 45.1764 0
    endloop
  endfacet
  facet normal 0.32131 -0.946974 0
    outer loop
      vertex 41.374 44.9671 0
      vertex 41.7147 45.0827 6
      vertex 41.374 44.9671 6
    endloop
  endfacet
  facet normal 0.32131 -0.946974 0
    outer loop
      vertex 41.7147 45.0827 6
      vertex 41.374 44.9671 0
      vertex 41.7147 45.0827 0
    endloop
  endfacet
  facet normal 0.195154 -0.980773 0
    outer loop
      vertex 41.7147 45.0827 0
      vertex 42.0675 45.1529 6
      vertex 41.7147 45.0827 6
    endloop
  endfacet
  facet normal 0.195154 -0.980773 0
    outer loop
      vertex 42.0675 45.1529 6
      vertex 41.7147 45.0827 0
      vertex 42.0675 45.1529 0
    endloop
  endfacet
  facet normal -0.321394 -0.946945 0
    outer loop
      vertex 43.1382 45.0827 0
      vertex 43.4788 44.9671 6
      vertex 43.1382 45.0827 6
    endloop
  endfacet
  facet normal -0.321394 -0.946945 -0
    outer loop
      vertex 43.4788 44.9671 6
      vertex 43.1382 45.0827 0
      vertex 43.4788 44.9671 0
    endloop
  endfacet
  facet normal -0.659449 -0.751749 0
    outer loop
      vertex 44.1005 44.6081 0
      vertex 44.3709 44.3709 6
      vertex 44.1005 44.6081 6
    endloop
  endfacet
  facet normal -0.659449 -0.751749 -0
    outer loop
      vertex 44.3709 44.3709 6
      vertex 44.1005 44.6081 0
      vertex 44.3709 44.3709 0
    endloop
  endfacet
  facet normal -0.751749 -0.659449 0
    outer loop
      vertex 44.6081 44.1005 0
      vertex 44.3709 44.3709 6
      vertex 44.3709 44.3709 0
    endloop
  endfacet
  facet normal -0.751749 -0.659449 0
    outer loop
      vertex 44.3709 44.3709 6
      vertex 44.6081 44.1005 0
      vertex 44.6081 44.1005 6
    endloop
  endfacet
  facet normal 0.997846 -0.0655966 0
    outer loop
      vertex 32.6053 35.3553 6
      vertex 32.6289 35.7143 0
      vertex 32.6289 35.7143 6
    endloop
  endfacet
  facet normal 0.997846 -0.0655966 0
    outer loop
      vertex 32.6289 35.7143 0
      vertex 32.6053 35.3553 6
      vertex 32.6053 35.3553 0
    endloop
  endfacet
  facet normal 0.831537 0.55547 0
    outer loop
      vertex 33.1736 33.6812 6
      vertex 32.9738 33.9803 0
      vertex 32.9738 33.9803 6
    endloop
  endfacet
  facet normal 0.831537 0.55547 0
    outer loop
      vertex 32.9738 33.9803 0
      vertex 33.1736 33.6812 6
      vertex 33.1736 33.6812 0
    endloop
  endfacet
  facet normal 0.555662 -0.831408 0
    outer loop
      vertex 40.7523 44.6081 0
      vertex 41.0514 44.808 6
      vertex 40.7523 44.6081 6
    endloop
  endfacet
  facet normal 0.555662 -0.831408 0
    outer loop
      vertex 41.0514 44.808 6
      vertex 40.7523 44.6081 0
      vertex 41.0514 44.808 0
    endloop
  endfacet
  facet normal 0.442314 -0.89686 0
    outer loop
      vertex 41.0514 44.808 0
      vertex 41.374 44.9671 6
      vertex 41.0514 44.808 6
    endloop
  endfacet
  facet normal 0.442314 -0.89686 0
    outer loop
      vertex 41.374 44.9671 6
      vertex 41.0514 44.808 0
      vertex 41.374 44.9671 0
    endloop
  endfacet
  facet normal 0.707112 0.707102 0
    outer loop
      vertex -37.2999 33.4108 6
      vertex -44.3709 40.4819 0
      vertex -44.3709 40.4819 6
    endloop
  endfacet
  facet normal 0.707112 0.707102 0
    outer loop
      vertex -44.3709 40.4819 0
      vertex -37.2999 33.4108 6
      vertex -37.2999 33.4108 0
    endloop
  endfacet
  facet normal -0.194886 0.980826 0
    outer loop
      vertex -34.6436 32.699 0
      vertex -34.9964 32.6289 6
      vertex -34.6436 32.699 6
    endloop
  endfacet
  facet normal -0.194886 0.980826 0
    outer loop
      vertex -34.9964 32.6289 6
      vertex -34.6436 32.699 0
      vertex -34.9964 32.6289 0
    endloop
  endfacet
  facet normal -0.997846 -0.0655966 0
    outer loop
      vertex -32.6053 35.3553 0
      vertex -32.6289 35.7143 6
      vertex -32.6289 35.7143 0
    endloop
  endfacet
  facet normal -0.997846 -0.0655966 0
    outer loop
      vertex -32.6289 35.7143 6
      vertex -32.6053 35.3553 0
      vertex -32.6053 35.3553 6
    endloop
  endfacet
  facet normal 0.997864 -0.0653198 0
    outer loop
      vertex -45.1764 42.4264 6
      vertex -45.1529 42.7854 0
      vertex -45.1529 42.7854 6
    endloop
  endfacet
  facet normal 0.997864 -0.0653198 0
    outer loop
      vertex -45.1529 42.7854 0
      vertex -45.1764 42.4264 6
      vertex -45.1764 42.4264 0
    endloop
  endfacet
  facet normal 0.55547 0.831537 -0
    outer loop
      vertex -36.7303 32.9738 0
      vertex -37.0294 33.1736 6
      vertex -36.7303 32.9738 6
    endloop
  endfacet
  facet normal 0.55547 0.831537 0
    outer loop
      vertex -37.0294 33.1736 6
      vertex -36.7303 32.9738 0
      vertex -37.0294 33.1736 0
    endloop
  endfacet
  facet normal -0.707102 -0.707112 0
    outer loop
      vertex -33.4108 37.2999 0
      vertex -40.4819 44.3709 6
      vertex -40.4819 44.3709 0
    endloop
  endfacet
  facet normal -0.707102 -0.707112 0
    outer loop
      vertex -40.4819 44.3709 6
      vertex -33.4108 37.2999 0
      vertex -33.4108 37.2999 6
    endloop
  endfacet
  facet normal -0.0653379 -0.997863 0
    outer loop
      vertex -42.4264 45.1764 0
      vertex -42.0675 45.1529 6
      vertex -42.4264 45.1764 6
    endloop
  endfacet
  facet normal -0.0653379 -0.997863 -0
    outer loop
      vertex -42.0675 45.1529 6
      vertex -42.4264 45.1764 0
      vertex -42.0675 45.1529 0
    endloop
  endfacet
  facet normal -0.659449 -0.751749 0
    outer loop
      vertex -40.7523 44.6081 0
      vertex -40.4819 44.3709 6
      vertex -40.7523 44.6081 6
    endloop
  endfacet
  facet normal -0.659449 -0.751749 -0
    outer loop
      vertex -40.4819 44.3709 6
      vertex -40.7523 44.6081 0
      vertex -40.4819 44.3709 0
    endloop
  endfacet
  facet normal 0.659311 0.75187 -0
    outer loop
      vertex -37.0294 33.1736 0
      vertex -37.2999 33.4108 6
      vertex -37.0294 33.1736 6
    endloop
  endfacet
  facet normal 0.659311 0.75187 0
    outer loop
      vertex -37.2999 33.4108 6
      vertex -37.0294 33.1736 0
      vertex -37.2999 33.4108 0
    endloop
  endfacet
  facet normal -0.751749 0.659449 0
    outer loop
      vertex -33.4108 33.4108 0
      vertex -33.1736 33.6812 6
      vertex -33.1736 33.6812 0
    endloop
  endfacet
  facet normal -0.751749 0.659449 0
    outer loop
      vertex -33.1736 33.6812 6
      vertex -33.4108 33.4108 0
      vertex -33.4108 33.4108 6
    endloop
  endfacet
  facet normal -0.896915 0.442204 0
    outer loop
      vertex -32.9738 33.9803 0
      vertex -32.8147 34.303 6
      vertex -32.8147 34.303 0
    endloop
  endfacet
  facet normal -0.896915 0.442204 0
    outer loop
      vertex -32.8147 34.303 6
      vertex -32.9738 33.9803 0
      vertex -32.9738 33.9803 6
    endloop
  endfacet
  facet normal -0.946861 -0.321644 0
    outer loop
      vertex -32.699 36.0671 0
      vertex -32.8147 36.4077 6
      vertex -32.8147 36.4077 0
    endloop
  endfacet
  facet normal -0.946861 -0.321644 0
    outer loop
      vertex -32.8147 36.4077 6
      vertex -32.699 36.0671 0
      vertex -32.699 36.0671 6
    endloop
  endfacet
  facet normal -0.831537 -0.55547 0
    outer loop
      vertex -32.9738 36.7303 0
      vertex -33.1736 37.0294 6
      vertex -33.1736 37.0294 0
    endloop
  endfacet
  facet normal -0.831537 -0.55547 0
    outer loop
      vertex -33.1736 37.0294 6
      vertex -32.9738 36.7303 0
      vertex -32.9738 36.7303 6
    endloop
  endfacet
  facet normal 0.321394 -0.946945 0
    outer loop
      vertex -43.4788 44.9671 0
      vertex -43.1382 45.0827 6
      vertex -43.4788 44.9671 6
    endloop
  endfacet
  facet normal 0.321394 -0.946945 0
    outer loop
      vertex -43.1382 45.0827 6
      vertex -43.4788 44.9671 0
      vertex -43.1382 45.0827 0
    endloop
  endfacet
  facet normal -0.555662 -0.831408 0
    outer loop
      vertex -41.0514 44.808 0
      vertex -40.7523 44.6081 6
      vertex -41.0514 44.808 6
    endloop
  endfacet
  facet normal -0.555662 -0.831408 -0
    outer loop
      vertex -40.7523 44.6081 6
      vertex -41.0514 44.808 0
      vertex -40.7523 44.6081 0
    endloop
  endfacet
  facet normal 0.659449 -0.751749 0
    outer loop
      vertex -44.3709 44.3709 0
      vertex -44.1005 44.6081 6
      vertex -44.3709 44.3709 6
    endloop
  endfacet
  facet normal 0.659449 -0.751749 0
    outer loop
      vertex -44.1005 44.6081 6
      vertex -44.3709 44.3709 0
      vertex -44.1005 44.6081 0
    endloop
  endfacet
  facet normal -0.442204 0.896915 0
    outer loop
      vertex -33.9803 32.9738 0
      vertex -34.303 32.8147 6
      vertex -33.9803 32.9738 6
    endloop
  endfacet
  facet normal -0.442204 0.896915 0
    outer loop
      vertex -34.303 32.8147 6
      vertex -33.9803 32.9738 0
      vertex -34.303 32.8147 0
    endloop
  endfacet
  facet normal -0.659449 0.751749 0
    outer loop
      vertex -33.4108 33.4108 0
      vertex -33.6812 33.1736 6
      vertex -33.4108 33.4108 6
    endloop
  endfacet
  facet normal -0.659449 0.751749 0
    outer loop
      vertex -33.6812 33.1736 6
      vertex -33.4108 33.4108 0
      vertex -33.6812 33.1736 0
    endloop
  endfacet
  facet normal 0.194886 0.980826 -0
    outer loop
      vertex -35.7143 32.6289 0
      vertex -36.0671 32.699 6
      vertex -35.7143 32.6289 6
    endloop
  endfacet
  facet normal 0.194886 0.980826 0
    outer loop
      vertex -36.0671 32.699 6
      vertex -35.7143 32.6289 0
      vertex -36.0671 32.699 0
    endloop
  endfacet
  facet normal 0.0655966 0.997846 -0
    outer loop
      vertex -35.3553 32.6053 0
      vertex -35.7143 32.6289 6
      vertex -35.3553 32.6053 6
    endloop
  endfacet
  facet normal 0.0655966 0.997846 0
    outer loop
      vertex -35.7143 32.6289 6
      vertex -35.3553 32.6053 0
      vertex -35.7143 32.6289 0
    endloop
  endfacet
  facet normal 0.442314 0.89686 -0
    outer loop
      vertex -36.4077 32.8147 0
      vertex -36.7303 32.9738 6
      vertex -36.4077 32.8147 6
    endloop
  endfacet
  facet normal 0.442314 0.89686 0
    outer loop
      vertex -36.7303 32.9738 6
      vertex -36.4077 32.8147 0
      vertex -36.7303 32.9738 0
    endloop
  endfacet
  facet normal -0.946861 0.321644 0
    outer loop
      vertex -32.8147 34.303 0
      vertex -32.699 34.6436 6
      vertex -32.699 34.6436 0
    endloop
  endfacet
  facet normal -0.946861 0.321644 0
    outer loop
      vertex -32.699 34.6436 6
      vertex -32.8147 34.303 0
      vertex -32.8147 34.303 6
    endloop
  endfacet
  facet normal -0.997845 0.0656148 0
    outer loop
      vertex -32.6289 34.9964 0
      vertex -32.6053 35.3553 6
      vertex -32.6053 35.3553 0
    endloop
  endfacet
  facet normal -0.997845 0.0656148 0
    outer loop
      vertex -32.6053 35.3553 6
      vertex -32.6289 34.9964 0
      vertex -32.6289 34.9964 6
    endloop
  endfacet
  facet normal -0.831537 0.55547 0
    outer loop
      vertex -33.1736 33.6812 0
      vertex -32.9738 33.9803 6
      vertex -32.9738 33.9803 0
    endloop
  endfacet
  facet normal -0.831537 0.55547 0
    outer loop
      vertex -32.9738 33.9803 6
      vertex -33.1736 33.6812 0
      vertex -33.1736 33.6812 6
    endloop
  endfacet
  facet normal -0.980826 -0.194886 0
    outer loop
      vertex -32.6289 35.7143 0
      vertex -32.699 36.0671 6
      vertex -32.699 36.0671 0
    endloop
  endfacet
  facet normal -0.980826 -0.194886 0
    outer loop
      vertex -32.699 36.0671 6
      vertex -32.6289 35.7143 0
      vertex -32.6289 35.7143 6
    endloop
  endfacet
  facet normal -0.75187 -0.659311 0
    outer loop
      vertex -33.1736 37.0294 0
      vertex -33.4108 37.2999 6
      vertex -33.4108 37.2999 0
    endloop
  endfacet
  facet normal -0.75187 -0.659311 0
    outer loop
      vertex -33.4108 37.2999 6
      vertex -33.1736 37.0294 0
      vertex -33.1736 37.0294 6
    endloop
  endfacet
  facet normal -0.89686 -0.442314 0
    outer loop
      vertex -32.8147 36.4077 0
      vertex -32.9738 36.7303 6
      vertex -32.9738 36.7303 0
    endloop
  endfacet
  facet normal -0.89686 -0.442314 0
    outer loop
      vertex -32.9738 36.7303 6
      vertex -32.8147 36.4077 0
      vertex -32.8147 36.4077 6
    endloop
  endfacet
  facet normal 0.555662 -0.831408 0
    outer loop
      vertex -44.1005 44.6081 0
      vertex -43.8014 44.808 6
      vertex -44.1005 44.6081 6
    endloop
  endfacet
  facet normal 0.555662 -0.831408 0
    outer loop
      vertex -43.8014 44.808 6
      vertex -44.1005 44.6081 0
      vertex -43.8014 44.808 0
    endloop
  endfacet
  facet normal -0.195154 -0.980773 0
    outer loop
      vertex -42.0675 45.1529 0
      vertex -41.7147 45.0827 6
      vertex -42.0675 45.1529 6
    endloop
  endfacet
  facet normal -0.195154 -0.980773 -0
    outer loop
      vertex -41.7147 45.0827 6
      vertex -42.0675 45.1529 0
      vertex -41.7147 45.0827 0
    endloop
  endfacet
  facet normal -0.32131 -0.946974 0
    outer loop
      vertex -41.7147 45.0827 0
      vertex -41.374 44.9671 6
      vertex -41.7147 45.0827 6
    endloop
  endfacet
  facet normal -0.32131 -0.946974 -0
    outer loop
      vertex -41.374 44.9671 6
      vertex -41.7147 45.0827 0
      vertex -41.374 44.9671 0
    endloop
  endfacet
  facet normal 0.751749 0.659449 0
    outer loop
      vertex -44.3709 40.4819 6
      vertex -44.6081 40.7523 0
      vertex -44.6081 40.7523 6
    endloop
  endfacet
  facet normal 0.751749 0.659449 0
    outer loop
      vertex -44.6081 40.7523 0
      vertex -44.3709 40.4819 6
      vertex -44.3709 40.4819 0
    endloop
  endfacet
  facet normal 0.980773 -0.195154 0
    outer loop
      vertex -45.1529 42.7854 6
      vertex -45.0827 43.1382 0
      vertex -45.0827 43.1382 6
    endloop
  endfacet
  facet normal 0.980773 -0.195154 0
    outer loop
      vertex -45.0827 43.1382 0
      vertex -45.1529 42.7854 6
      vertex -45.1529 42.7854 0
    endloop
  endfacet
  facet normal 0.946945 -0.321394 0
    outer loop
      vertex -45.0827 43.1382 6
      vertex -44.9671 43.4788 0
      vertex -44.9671 43.4788 6
    endloop
  endfacet
  facet normal 0.946945 -0.321394 0
    outer loop
      vertex -44.9671 43.4788 0
      vertex -45.0827 43.1382 6
      vertex -45.0827 43.1382 0
    endloop
  endfacet
  facet normal -0.321644 0.946861 0
    outer loop
      vertex -34.303 32.8147 0
      vertex -34.6436 32.699 6
      vertex -34.303 32.8147 6
    endloop
  endfacet
  facet normal -0.321644 0.946861 0
    outer loop
      vertex -34.6436 32.699 6
      vertex -34.303 32.8147 0
      vertex -34.6436 32.699 0
    endloop
  endfacet
  facet normal -0.0656148 0.997845 0
    outer loop
      vertex -34.9964 32.6289 0
      vertex -35.3553 32.6053 6
      vertex -34.9964 32.6289 6
    endloop
  endfacet
  facet normal -0.0656148 0.997845 0
    outer loop
      vertex -35.3553 32.6053 6
      vertex -34.9964 32.6289 0
      vertex -35.3553 32.6053 0
    endloop
  endfacet
  facet normal 0.321644 0.946861 -0
    outer loop
      vertex -36.0671 32.699 0
      vertex -36.4077 32.8147 6
      vertex -36.0671 32.699 6
    endloop
  endfacet
  facet normal 0.321644 0.946861 0
    outer loop
      vertex -36.4077 32.8147 6
      vertex -36.0671 32.699 0
      vertex -36.4077 32.8147 0
    endloop
  endfacet
  facet normal -0.980826 0.194886 0
    outer loop
      vertex -32.699 34.6436 0
      vertex -32.6289 34.9964 6
      vertex -32.6289 34.9964 0
    endloop
  endfacet
  facet normal -0.980826 0.194886 0
    outer loop
      vertex -32.6289 34.9964 6
      vertex -32.699 34.6436 0
      vertex -32.699 34.6436 6
    endloop
  endfacet
  facet normal 0.442314 -0.89686 0
    outer loop
      vertex -43.8014 44.808 0
      vertex -43.4788 44.9671 6
      vertex -43.8014 44.808 6
    endloop
  endfacet
  facet normal 0.442314 -0.89686 0
    outer loop
      vertex -43.4788 44.9671 6
      vertex -43.8014 44.808 0
      vertex -43.4788 44.9671 0
    endloop
  endfacet
  facet normal 0.0653198 -0.997864 0
    outer loop
      vertex -42.7854 45.1529 0
      vertex -42.4264 45.1764 6
      vertex -42.7854 45.1529 6
    endloop
  endfacet
  facet normal 0.0653198 -0.997864 0
    outer loop
      vertex -42.4264 45.1764 6
      vertex -42.7854 45.1529 0
      vertex -42.4264 45.1764 0
    endloop
  endfacet
  facet normal 0.195154 -0.980773 0
    outer loop
      vertex -43.1382 45.0827 0
      vertex -42.7854 45.1529 6
      vertex -43.1382 45.0827 6
    endloop
  endfacet
  facet normal 0.195154 -0.980773 0
    outer loop
      vertex -42.7854 45.1529 6
      vertex -43.1382 45.0827 0
      vertex -42.7854 45.1529 0
    endloop
  endfacet
  facet normal -0.442314 -0.89686 0
    outer loop
      vertex -41.374 44.9671 0
      vertex -41.0514 44.808 6
      vertex -41.374 44.9671 6
    endloop
  endfacet
  facet normal -0.442314 -0.89686 -0
    outer loop
      vertex -41.0514 44.808 6
      vertex -41.374 44.9671 0
      vertex -41.0514 44.808 0
    endloop
  endfacet
  facet normal 0.946974 0.32131 0
    outer loop
      vertex -44.9671 41.374 6
      vertex -45.0827 41.7147 0
      vertex -45.0827 41.7147 6
    endloop
  endfacet
  facet normal 0.946974 0.32131 0
    outer loop
      vertex -45.0827 41.7147 0
      vertex -44.9671 41.374 6
      vertex -44.9671 41.374 0
    endloop
  endfacet
  facet normal 0.89686 0.442314 0
    outer loop
      vertex -44.808 41.0514 6
      vertex -44.9671 41.374 0
      vertex -44.9671 41.374 6
    endloop
  endfacet
  facet normal 0.89686 0.442314 0
    outer loop
      vertex -44.9671 41.374 0
      vertex -44.808 41.0514 6
      vertex -44.808 41.0514 0
    endloop
  endfacet
  facet normal 0.831408 -0.555662 0
    outer loop
      vertex -44.808 43.8014 6
      vertex -44.6081 44.1005 0
      vertex -44.6081 44.1005 6
    endloop
  endfacet
  facet normal 0.831408 -0.555662 0
    outer loop
      vertex -44.6081 44.1005 0
      vertex -44.808 43.8014 6
      vertex -44.808 43.8014 0
    endloop
  endfacet
  facet normal -0.55547 0.831537 0
    outer loop
      vertex -33.6812 33.1736 0
      vertex -33.9803 32.9738 6
      vertex -33.6812 33.1736 6
    endloop
  endfacet
  facet normal -0.55547 0.831537 0
    outer loop
      vertex -33.9803 32.9738 6
      vertex -33.6812 33.1736 0
      vertex -33.9803 32.9738 0
    endloop
  endfacet
  facet normal 0.980773 0.195154 0
    outer loop
      vertex -45.0827 41.7147 6
      vertex -45.1529 42.0675 0
      vertex -45.1529 42.0675 6
    endloop
  endfacet
  facet normal 0.980773 0.195154 0
    outer loop
      vertex -45.1529 42.0675 0
      vertex -45.0827 41.7147 6
      vertex -45.0827 41.7147 0
    endloop
  endfacet
  facet normal 0.997863 0.0653379 0
    outer loop
      vertex -45.1529 42.0675 6
      vertex -45.1764 42.4264 0
      vertex -45.1764 42.4264 6
    endloop
  endfacet
  facet normal 0.997863 0.0653379 0
    outer loop
      vertex -45.1764 42.4264 0
      vertex -45.1529 42.0675 6
      vertex -45.1529 42.0675 0
    endloop
  endfacet
  facet normal 0.831408 0.555662 0
    outer loop
      vertex -44.6081 40.7523 6
      vertex -44.808 41.0514 0
      vertex -44.808 41.0514 6
    endloop
  endfacet
  facet normal 0.831408 0.555662 0
    outer loop
      vertex -44.808 41.0514 0
      vertex -44.6081 40.7523 6
      vertex -44.6081 40.7523 0
    endloop
  endfacet
  facet normal 0.89686 -0.442314 0
    outer loop
      vertex -44.9671 43.4788 6
      vertex -44.808 43.8014 0
      vertex -44.808 43.8014 6
    endloop
  endfacet
  facet normal 0.89686 -0.442314 0
    outer loop
      vertex -44.808 43.8014 0
      vertex -44.9671 43.4788 6
      vertex -44.9671 43.4788 0
    endloop
  endfacet
  facet normal 0.751749 -0.659449 0
    outer loop
      vertex -44.6081 44.1005 6
      vertex -44.3709 44.3709 0
      vertex -44.3709 44.3709 6
    endloop
  endfacet
  facet normal 0.751749 -0.659449 0
    outer loop
      vertex -44.3709 44.3709 0
      vertex -44.6081 44.1005 6
      vertex -44.6081 44.1005 0
    endloop
  endfacet
  facet normal -0.751749 -0.659449 0
    outer loop
      vertex -33.1736 -33.6812 0
      vertex -33.4108 -33.4108 6
      vertex -33.4108 -33.4108 0
    endloop
  endfacet
  facet normal -0.751749 -0.659449 0
    outer loop
      vertex -33.4108 -33.4108 6
      vertex -33.1736 -33.6812 0
      vertex -33.1736 -33.6812 6
    endloop
  endfacet
  facet normal -0.707102 0.707112 0
    outer loop
      vertex -40.4819 -44.3709 0
      vertex -33.4108 -37.2999 6
      vertex -33.4108 -37.2999 0
    endloop
  endfacet
  facet normal -0.707102 0.707112 0
    outer loop
      vertex -33.4108 -37.2999 6
      vertex -40.4819 -44.3709 0
      vertex -40.4819 -44.3709 6
    endloop
  endfacet
  facet normal 0.0655966 -0.997846 0
    outer loop
      vertex -35.7143 -32.6289 0
      vertex -35.3553 -32.6053 6
      vertex -35.7143 -32.6289 6
    endloop
  endfacet
  facet normal 0.0655966 -0.997846 0
    outer loop
      vertex -35.3553 -32.6053 6
      vertex -35.7143 -32.6289 0
      vertex -35.3553 -32.6053 0
    endloop
  endfacet
  facet normal 0.0653198 0.997864 -0
    outer loop
      vertex -42.4264 -45.1764 0
      vertex -42.7854 -45.1529 6
      vertex -42.4264 -45.1764 6
    endloop
  endfacet
  facet normal 0.0653198 0.997864 0
    outer loop
      vertex -42.7854 -45.1529 6
      vertex -42.4264 -45.1764 0
      vertex -42.7854 -45.1529 0
    endloop
  endfacet
  facet normal -0.831537 0.55547 0
    outer loop
      vertex -33.1736 -37.0294 0
      vertex -32.9738 -36.7303 6
      vertex -32.9738 -36.7303 0
    endloop
  endfacet
  facet normal -0.831537 0.55547 0
    outer loop
      vertex -32.9738 -36.7303 6
      vertex -33.1736 -37.0294 0
      vertex -33.1736 -37.0294 6
    endloop
  endfacet
  facet normal 0.707112 -0.707102 0
    outer loop
      vertex -44.3709 -40.4819 6
      vertex -37.2999 -33.4108 0
      vertex -37.2999 -33.4108 6
    endloop
  endfacet
  facet normal 0.707112 -0.707102 0
    outer loop
      vertex -37.2999 -33.4108 0
      vertex -44.3709 -40.4819 6
      vertex -44.3709 -40.4819 0
    endloop
  endfacet
  facet normal 0.997863 -0.0653379 0
    outer loop
      vertex -45.1764 -42.4264 6
      vertex -45.1529 -42.0675 0
      vertex -45.1529 -42.0675 6
    endloop
  endfacet
  facet normal 0.997863 -0.0653379 0
    outer loop
      vertex -45.1529 -42.0675 0
      vertex -45.1764 -42.4264 6
      vertex -45.1764 -42.4264 0
    endloop
  endfacet
  facet normal 0.751749 -0.659449 0
    outer loop
      vertex -44.6081 -40.7523 6
      vertex -44.3709 -40.4819 0
      vertex -44.3709 -40.4819 6
    endloop
  endfacet
  facet normal 0.751749 -0.659449 0
    outer loop
      vertex -44.3709 -40.4819 0
      vertex -44.6081 -40.7523 6
      vertex -44.6081 -40.7523 0
    endloop
  endfacet
  facet normal 0.442314 0.89686 -0
    outer loop
      vertex -43.4788 -44.9671 0
      vertex -43.8014 -44.808 6
      vertex -43.4788 -44.9671 6
    endloop
  endfacet
  facet normal 0.442314 0.89686 0
    outer loop
      vertex -43.8014 -44.808 6
      vertex -43.4788 -44.9671 0
      vertex -43.8014 -44.808 0
    endloop
  endfacet
  facet normal -0.75187 0.659311 0
    outer loop
      vertex -33.4108 -37.2999 0
      vertex -33.1736 -37.0294 6
      vertex -33.1736 -37.0294 0
    endloop
  endfacet
  facet normal -0.75187 0.659311 0
    outer loop
      vertex -33.1736 -37.0294 6
      vertex -33.4108 -37.2999 0
      vertex -33.4108 -37.2999 6
    endloop
  endfacet
  facet normal -0.659449 -0.751749 0
    outer loop
      vertex -33.6812 -33.1736 0
      vertex -33.4108 -33.4108 6
      vertex -33.6812 -33.1736 6
    endloop
  endfacet
  facet normal -0.659449 -0.751749 -0
    outer loop
      vertex -33.4108 -33.4108 6
      vertex -33.6812 -33.1736 0
      vertex -33.4108 -33.4108 0
    endloop
  endfacet
  facet normal -0.0656148 -0.997845 0
    outer loop
      vertex -35.3553 -32.6053 0
      vertex -34.9964 -32.6289 6
      vertex -35.3553 -32.6053 6
    endloop
  endfacet
  facet normal -0.0656148 -0.997845 -0
    outer loop
      vertex -34.9964 -32.6289 6
      vertex -35.3553 -32.6053 0
      vertex -34.9964 -32.6289 0
    endloop
  endfacet
  facet normal -0.442204 -0.896915 0
    outer loop
      vertex -34.303 -32.8147 0
      vertex -33.9803 -32.9738 6
      vertex -34.303 -32.8147 6
    endloop
  endfacet
  facet normal -0.442204 -0.896915 -0
    outer loop
      vertex -33.9803 -32.9738 6
      vertex -34.303 -32.8147 0
      vertex -33.9803 -32.9738 0
    endloop
  endfacet
  facet normal 0.321644 -0.946861 0
    outer loop
      vertex -36.4077 -32.8147 0
      vertex -36.0671 -32.699 6
      vertex -36.4077 -32.8147 6
    endloop
  endfacet
  facet normal 0.321644 -0.946861 0
    outer loop
      vertex -36.0671 -32.699 6
      vertex -36.4077 -32.8147 0
      vertex -36.0671 -32.699 0
    endloop
  endfacet
  facet normal 0.442314 -0.89686 0
    outer loop
      vertex -36.7303 -32.9738 0
      vertex -36.4077 -32.8147 6
      vertex -36.7303 -32.9738 6
    endloop
  endfacet
  facet normal 0.442314 -0.89686 0
    outer loop
      vertex -36.4077 -32.8147 6
      vertex -36.7303 -32.9738 0
      vertex -36.4077 -32.8147 0
    endloop
  endfacet
  facet normal 0.55547 -0.831537 0
    outer loop
      vertex -37.0294 -33.1736 0
      vertex -36.7303 -32.9738 6
      vertex -37.0294 -33.1736 6
    endloop
  endfacet
  facet normal 0.55547 -0.831537 0
    outer loop
      vertex -36.7303 -32.9738 6
      vertex -37.0294 -33.1736 0
      vertex -36.7303 -32.9738 0
    endloop
  endfacet
  facet normal 0.946945 0.321394 0
    outer loop
      vertex -44.9671 -43.4788 6
      vertex -45.0827 -43.1382 0
      vertex -45.0827 -43.1382 6
    endloop
  endfacet
  facet normal 0.946945 0.321394 0
    outer loop
      vertex -45.0827 -43.1382 0
      vertex -44.9671 -43.4788 6
      vertex -44.9671 -43.4788 0
    endloop
  endfacet
  facet normal 0.831408 -0.555662 0
    outer loop
      vertex -44.808 -41.0514 6
      vertex -44.6081 -40.7523 0
      vertex -44.6081 -40.7523 6
    endloop
  endfacet
  facet normal 0.831408 -0.555662 0
    outer loop
      vertex -44.6081 -40.7523 0
      vertex -44.808 -41.0514 6
      vertex -44.808 -41.0514 0
    endloop
  endfacet
  facet normal -0.896915 -0.442204 0
    outer loop
      vertex -32.8147 -34.303 0
      vertex -32.9738 -33.9803 6
      vertex -32.9738 -33.9803 0
    endloop
  endfacet
  facet normal -0.896915 -0.442204 0
    outer loop
      vertex -32.9738 -33.9803 6
      vertex -32.8147 -34.303 0
      vertex -32.8147 -34.303 6
    endloop
  endfacet
  facet normal -0.980826 0.194886 0
    outer loop
      vertex -32.699 -36.0671 0
      vertex -32.6289 -35.7143 6
      vertex -32.6289 -35.7143 0
    endloop
  endfacet
  facet normal -0.980826 0.194886 0
    outer loop
      vertex -32.6289 -35.7143 6
      vertex -32.699 -36.0671 0
      vertex -32.699 -36.0671 6
    endloop
  endfacet
  facet normal -0.997846 0.0655966 0
    outer loop
      vertex -32.6289 -35.7143 0
      vertex -32.6053 -35.3553 6
      vertex -32.6053 -35.3553 0
    endloop
  endfacet
  facet normal -0.997846 0.0655966 0
    outer loop
      vertex -32.6053 -35.3553 6
      vertex -32.6289 -35.7143 0
      vertex -32.6289 -35.7143 6
    endloop
  endfacet
  facet normal -0.89686 0.442314 0
    outer loop
      vertex -32.9738 -36.7303 0
      vertex -32.8147 -36.4077 6
      vertex -32.8147 -36.4077 0
    endloop
  endfacet
  facet normal -0.89686 0.442314 0
    outer loop
      vertex -32.8147 -36.4077 6
      vertex -32.9738 -36.7303 0
      vertex -32.9738 -36.7303 6
    endloop
  endfacet
  facet normal -0.321644 -0.946861 0
    outer loop
      vertex -34.6436 -32.699 0
      vertex -34.303 -32.8147 6
      vertex -34.6436 -32.699 6
    endloop
  endfacet
  facet normal -0.321644 -0.946861 -0
    outer loop
      vertex -34.303 -32.8147 6
      vertex -34.6436 -32.699 0
      vertex -34.303 -32.8147 0
    endloop
  endfacet
  facet normal -0.194886 -0.980826 0
    outer loop
      vertex -34.9964 -32.6289 0
      vertex -34.6436 -32.699 6
      vertex -34.9964 -32.6289 6
    endloop
  endfacet
  facet normal -0.194886 -0.980826 -0
    outer loop
      vertex -34.6436 -32.699 6
      vertex -34.9964 -32.6289 0
      vertex -34.6436 -32.699 0
    endloop
  endfacet
  facet normal -0.55547 -0.831537 0
    outer loop
      vertex -33.9803 -32.9738 0
      vertex -33.6812 -33.1736 6
      vertex -33.9803 -32.9738 6
    endloop
  endfacet
  facet normal -0.55547 -0.831537 -0
    outer loop
      vertex -33.6812 -33.1736 6
      vertex -33.9803 -32.9738 0
      vertex -33.6812 -33.1736 0
    endloop
  endfacet
  facet normal 0.194886 -0.980826 0
    outer loop
      vertex -36.0671 -32.699 0
      vertex -35.7143 -32.6289 6
      vertex -36.0671 -32.699 6
    endloop
  endfacet
  facet normal 0.194886 -0.980826 0
    outer loop
      vertex -35.7143 -32.6289 6
      vertex -36.0671 -32.699 0
      vertex -35.7143 -32.6289 0
    endloop
  endfacet
  facet normal 0.659311 -0.75187 0
    outer loop
      vertex -37.2999 -33.4108 0
      vertex -37.0294 -33.1736 6
      vertex -37.2999 -33.4108 6
    endloop
  endfacet
  facet normal 0.659311 -0.75187 0
    outer loop
      vertex -37.0294 -33.1736 6
      vertex -37.2999 -33.4108 0
      vertex -37.0294 -33.1736 0
    endloop
  endfacet
  facet normal 0.831408 0.555662 0
    outer loop
      vertex -44.6081 -44.1005 6
      vertex -44.808 -43.8014 0
      vertex -44.808 -43.8014 6
    endloop
  endfacet
  facet normal 0.831408 0.555662 0
    outer loop
      vertex -44.808 -43.8014 0
      vertex -44.6081 -44.1005 6
      vertex -44.6081 -44.1005 0
    endloop
  endfacet
  facet normal 0.997864 0.0653198 0
    outer loop
      vertex -45.1529 -42.7854 6
      vertex -45.1764 -42.4264 0
      vertex -45.1764 -42.4264 6
    endloop
  endfacet
  facet normal 0.997864 0.0653198 0
    outer loop
      vertex -45.1764 -42.4264 0
      vertex -45.1529 -42.7854 6
      vertex -45.1529 -42.7854 0
    endloop
  endfacet
  facet normal 0.980773 -0.195154 0
    outer loop
      vertex -45.1529 -42.0675 6
      vertex -45.0827 -41.7147 0
      vertex -45.0827 -41.7147 6
    endloop
  endfacet
  facet normal 0.980773 -0.195154 0
    outer loop
      vertex -45.0827 -41.7147 0
      vertex -45.1529 -42.0675 6
      vertex -45.1529 -42.0675 0
    endloop
  endfacet
  facet normal 0.946974 -0.32131 0
    outer loop
      vertex -45.0827 -41.7147 6
      vertex -44.9671 -41.374 0
      vertex -44.9671 -41.374 6
    endloop
  endfacet
  facet normal 0.946974 -0.32131 0
    outer loop
      vertex -44.9671 -41.374 0
      vertex -45.0827 -41.7147 6
      vertex -45.0827 -41.7147 0
    endloop
  endfacet
  facet normal -0.659449 0.751749 0
    outer loop
      vertex -40.4819 -44.3709 0
      vertex -40.7523 -44.6081 6
      vertex -40.4819 -44.3709 6
    endloop
  endfacet
  facet normal -0.659449 0.751749 0
    outer loop
      vertex -40.7523 -44.6081 6
      vertex -40.4819 -44.3709 0
      vertex -40.7523 -44.6081 0
    endloop
  endfacet
  facet normal 0.195154 0.980773 -0
    outer loop
      vertex -42.7854 -45.1529 0
      vertex -43.1382 -45.0827 6
      vertex -42.7854 -45.1529 6
    endloop
  endfacet
  facet normal 0.195154 0.980773 0
    outer loop
      vertex -43.1382 -45.0827 6
      vertex -42.7854 -45.1529 0
      vertex -43.1382 -45.0827 0
    endloop
  endfacet
  facet normal 0.321394 0.946945 -0
    outer loop
      vertex -43.1382 -45.0827 0
      vertex -43.4788 -44.9671 6
      vertex -43.1382 -45.0827 6
    endloop
  endfacet
  facet normal 0.321394 0.946945 0
    outer loop
      vertex -43.4788 -44.9671 6
      vertex -43.1382 -45.0827 0
      vertex -43.4788 -44.9671 0
    endloop
  endfacet
  facet normal 0.751749 0.659449 0
    outer loop
      vertex -44.3709 -44.3709 6
      vertex -44.6081 -44.1005 0
      vertex -44.6081 -44.1005 6
    endloop
  endfacet
  facet normal 0.751749 0.659449 0
    outer loop
      vertex -44.6081 -44.1005 0
      vertex -44.3709 -44.3709 6
      vertex -44.3709 -44.3709 0
    endloop
  endfacet
  facet normal -0.831537 -0.55547 0
    outer loop
      vertex -32.9738 -33.9803 0
      vertex -33.1736 -33.6812 6
      vertex -33.1736 -33.6812 0
    endloop
  endfacet
  facet normal -0.831537 -0.55547 0
    outer loop
      vertex -33.1736 -33.6812 6
      vertex -32.9738 -33.9803 0
      vertex -32.9738 -33.9803 6
    endloop
  endfacet
  facet normal -0.946861 -0.321644 0
    outer loop
      vertex -32.699 -34.6436 0
      vertex -32.8147 -34.303 6
      vertex -32.8147 -34.303 0
    endloop
  endfacet
  facet normal -0.946861 -0.321644 0
    outer loop
      vertex -32.8147 -34.303 6
      vertex -32.699 -34.6436 0
      vertex -32.699 -34.6436 6
    endloop
  endfacet
  facet normal -0.980826 -0.194886 0
    outer loop
      vertex -32.6289 -34.9964 0
      vertex -32.699 -34.6436 6
      vertex -32.699 -34.6436 0
    endloop
  endfacet
  facet normal -0.980826 -0.194886 0
    outer loop
      vertex -32.699 -34.6436 6
      vertex -32.6289 -34.9964 0
      vertex -32.6289 -34.9964 6
    endloop
  endfacet
  facet normal -0.997845 -0.0656148 0
    outer loop
      vertex -32.6053 -35.3553 0
      vertex -32.6289 -34.9964 6
      vertex -32.6289 -34.9964 0
    endloop
  endfacet
  facet normal -0.997845 -0.0656148 0
    outer loop
      vertex -32.6289 -34.9964 6
      vertex -32.6053 -35.3553 0
      vertex -32.6053 -35.3553 6
    endloop
  endfacet
  facet normal -0.946861 0.321644 0
    outer loop
      vertex -32.8147 -36.4077 0
      vertex -32.699 -36.0671 6
      vertex -32.699 -36.0671 0
    endloop
  endfacet
  facet normal -0.946861 0.321644 0
    outer loop
      vertex -32.699 -36.0671 6
      vertex -32.8147 -36.4077 0
      vertex -32.8147 -36.4077 6
    endloop
  endfacet
  facet normal 0.89686 0.442314 0
    outer loop
      vertex -44.808 -43.8014 6
      vertex -44.9671 -43.4788 0
      vertex -44.9671 -43.4788 6
    endloop
  endfacet
  facet normal 0.89686 0.442314 0
    outer loop
      vertex -44.9671 -43.4788 0
      vertex -44.808 -43.8014 6
      vertex -44.808 -43.8014 0
    endloop
  endfacet
  facet normal 0.980773 0.195154 0
    outer loop
      vertex -45.0827 -43.1382 6
      vertex -45.1529 -42.7854 0
      vertex -45.1529 -42.7854 6
    endloop
  endfacet
  facet normal 0.980773 0.195154 0
    outer loop
      vertex -45.1529 -42.7854 0
      vertex -45.0827 -43.1382 6
      vertex -45.0827 -43.1382 0
    endloop
  endfacet
  facet normal 0.89686 -0.442314 0
    outer loop
      vertex -44.9671 -41.374 6
      vertex -44.808 -41.0514 0
      vertex -44.808 -41.0514 6
    endloop
  endfacet
  facet normal 0.89686 -0.442314 0
    outer loop
      vertex -44.808 -41.0514 0
      vertex -44.9671 -41.374 6
      vertex -44.9671 -41.374 0
    endloop
  endfacet
  facet normal -0.32131 0.946974 0
    outer loop
      vertex -41.374 -44.9671 0
      vertex -41.7147 -45.0827 6
      vertex -41.374 -44.9671 6
    endloop
  endfacet
  facet normal -0.32131 0.946974 0
    outer loop
      vertex -41.7147 -45.0827 6
      vertex -41.374 -44.9671 0
      vertex -41.7147 -45.0827 0
    endloop
  endfacet
  facet normal -0.442314 0.89686 0
    outer loop
      vertex -41.0514 -44.808 0
      vertex -41.374 -44.9671 6
      vertex -41.0514 -44.808 6
    endloop
  endfacet
  facet normal -0.442314 0.89686 0
    outer loop
      vertex -41.374 -44.9671 6
      vertex -41.0514 -44.808 0
      vertex -41.374 -44.9671 0
    endloop
  endfacet
  facet normal -0.195154 0.980773 0
    outer loop
      vertex -41.7147 -45.0827 0
      vertex -42.0675 -45.1529 6
      vertex -41.7147 -45.0827 6
    endloop
  endfacet
  facet normal -0.195154 0.980773 0
    outer loop
      vertex -42.0675 -45.1529 6
      vertex -41.7147 -45.0827 0
      vertex -42.0675 -45.1529 0
    endloop
  endfacet
  facet normal -0.0653379 0.997863 0
    outer loop
      vertex -42.0675 -45.1529 0
      vertex -42.4264 -45.1764 6
      vertex -42.0675 -45.1529 6
    endloop
  endfacet
  facet normal -0.0653379 0.997863 0
    outer loop
      vertex -42.4264 -45.1764 6
      vertex -42.0675 -45.1529 0
      vertex -42.4264 -45.1764 0
    endloop
  endfacet
  facet normal -0.555662 0.831408 0
    outer loop
      vertex -40.7523 -44.6081 0
      vertex -41.0514 -44.808 6
      vertex -40.7523 -44.6081 6
    endloop
  endfacet
  facet normal -0.555662 0.831408 0
    outer loop
      vertex -41.0514 -44.808 6
      vertex -40.7523 -44.6081 0
      vertex -41.0514 -44.808 0
    endloop
  endfacet
  facet normal 0.555662 0.831408 -0
    outer loop
      vertex -43.8014 -44.808 0
      vertex -44.1005 -44.6081 6
      vertex -43.8014 -44.808 6
    endloop
  endfacet
  facet normal 0.555662 0.831408 0
    outer loop
      vertex -44.1005 -44.6081 6
      vertex -43.8014 -44.808 0
      vertex -44.1005 -44.6081 0
    endloop
  endfacet
  facet normal 0.659449 0.751749 -0
    outer loop
      vertex -44.1005 -44.6081 0
      vertex -44.3709 -44.3709 6
      vertex -44.1005 -44.6081 6
    endloop
  endfacet
  facet normal 0.659449 0.751749 0
    outer loop
      vertex -44.3709 -44.3709 6
      vertex -44.1005 -44.6081 0
      vertex -44.3709 -44.3709 0
    endloop
  endfacet
  facet normal 0.659449 -0.751749 0
    outer loop
      vertex 33.4108 -33.4108 0
      vertex 33.6812 -33.1736 6
      vertex 33.4108 -33.4108 6
    endloop
  endfacet
  facet normal 0.659449 -0.751749 0
    outer loop
      vertex 33.6812 -33.1736 6
      vertex 33.4108 -33.4108 0
      vertex 33.6812 -33.1736 0
    endloop
  endfacet
  facet normal 0.751749 -0.659449 0
    outer loop
      vertex 33.1736 -33.6812 6
      vertex 33.4108 -33.4108 0
      vertex 33.4108 -33.4108 6
    endloop
  endfacet
  facet normal 0.751749 -0.659449 0
    outer loop
      vertex 33.4108 -33.4108 0
      vertex 33.1736 -33.6812 6
      vertex 33.1736 -33.6812 0
    endloop
  endfacet
  facet normal -0.555662 0.831408 0
    outer loop
      vertex 44.1005 -44.6081 0
      vertex 43.8014 -44.808 6
      vertex 44.1005 -44.6081 6
    endloop
  endfacet
  facet normal -0.555662 0.831408 0
    outer loop
      vertex 43.8014 -44.808 6
      vertex 44.1005 -44.6081 0
      vertex 43.8014 -44.808 0
    endloop
  endfacet
  facet normal 0.75187 0.659311 0
    outer loop
      vertex 33.4108 -37.2999 6
      vertex 33.1736 -37.0294 0
      vertex 33.1736 -37.0294 6
    endloop
  endfacet
  facet normal 0.75187 0.659311 0
    outer loop
      vertex 33.1736 -37.0294 0
      vertex 33.4108 -37.2999 6
      vertex 33.4108 -37.2999 0
    endloop
  endfacet
  facet normal 0.997845 -0.0656148 0
    outer loop
      vertex 32.6053 -35.3553 6
      vertex 32.6289 -34.9964 0
      vertex 32.6289 -34.9964 6
    endloop
  endfacet
  facet normal 0.997845 -0.0656148 0
    outer loop
      vertex 32.6289 -34.9964 0
      vertex 32.6053 -35.3553 6
      vertex 32.6053 -35.3553 0
    endloop
  endfacet
  facet normal 0.707102 0.707112 0
    outer loop
      vertex 40.4819 -44.3709 6
      vertex 33.4108 -37.2999 0
      vertex 33.4108 -37.2999 6
    endloop
  endfacet
  facet normal 0.707102 0.707112 0
    outer loop
      vertex 33.4108 -37.2999 0
      vertex 40.4819 -44.3709 6
      vertex 40.4819 -44.3709 0
    endloop
  endfacet
  facet normal -0.55547 -0.831537 0
    outer loop
      vertex 36.7303 -32.9738 0
      vertex 37.0294 -33.1736 6
      vertex 36.7303 -32.9738 6
    endloop
  endfacet
  facet normal -0.55547 -0.831537 -0
    outer loop
      vertex 37.0294 -33.1736 6
      vertex 36.7303 -32.9738 0
      vertex 37.0294 -33.1736 0
    endloop
  endfacet
  facet normal -0.707112 -0.707102 0
    outer loop
      vertex 44.3709 -40.4819 0
      vertex 37.2999 -33.4108 6
      vertex 37.2999 -33.4108 0
    endloop
  endfacet
  facet normal -0.707112 -0.707102 0
    outer loop
      vertex 37.2999 -33.4108 6
      vertex 44.3709 -40.4819 0
      vertex 44.3709 -40.4819 6
    endloop
  endfacet
  facet normal 0.55547 -0.831537 0
    outer loop
      vertex 33.6812 -33.1736 0
      vertex 33.9803 -32.9738 6
      vertex 33.6812 -33.1736 6
    endloop
  endfacet
  facet normal 0.55547 -0.831537 0
    outer loop
      vertex 33.9803 -32.9738 6
      vertex 33.6812 -33.1736 0
      vertex 33.9803 -32.9738 0
    endloop
  endfacet
  facet normal 0.896915 -0.442204 0
    outer loop
      vertex 32.8147 -34.303 6
      vertex 32.9738 -33.9803 0
      vertex 32.9738 -33.9803 6
    endloop
  endfacet
  facet normal 0.896915 -0.442204 0
    outer loop
      vertex 32.9738 -33.9803 0
      vertex 32.8147 -34.303 6
      vertex 32.8147 -34.303 0
    endloop
  endfacet
  facet normal 0.89686 0.442314 0
    outer loop
      vertex 32.9738 -36.7303 6
      vertex 32.8147 -36.4077 0
      vertex 32.8147 -36.4077 6
    endloop
  endfacet
  facet normal 0.89686 0.442314 0
    outer loop
      vertex 32.8147 -36.4077 0
      vertex 32.9738 -36.7303 6
      vertex 32.9738 -36.7303 0
    endloop
  endfacet
  facet normal 0.0653379 0.997863 -0
    outer loop
      vertex 42.4264 -45.1764 0
      vertex 42.0675 -45.1529 6
      vertex 42.4264 -45.1764 6
    endloop
  endfacet
  facet normal 0.0653379 0.997863 0
    outer loop
      vertex 42.0675 -45.1529 6
      vertex 42.4264 -45.1764 0
      vertex 42.0675 -45.1529 0
    endloop
  endfacet
  facet normal 0.659449 0.751749 -0
    outer loop
      vertex 40.7523 -44.6081 0
      vertex 40.4819 -44.3709 6
      vertex 40.7523 -44.6081 6
    endloop
  endfacet
  facet normal 0.659449 0.751749 0
    outer loop
      vertex 40.4819 -44.3709 6
      vertex 40.7523 -44.6081 0
      vertex 40.4819 -44.3709 0
    endloop
  endfacet
  facet normal -0.89686 0.442314 0
    outer loop
      vertex 44.808 -43.8014 0
      vertex 44.9671 -43.4788 6
      vertex 44.9671 -43.4788 0
    endloop
  endfacet
  facet normal -0.89686 0.442314 0
    outer loop
      vertex 44.9671 -43.4788 6
      vertex 44.808 -43.8014 0
      vertex 44.808 -43.8014 6
    endloop
  endfacet
  facet normal -0.659449 0.751749 0
    outer loop
      vertex 44.3709 -44.3709 0
      vertex 44.1005 -44.6081 6
      vertex 44.3709 -44.3709 6
    endloop
  endfacet
  facet normal -0.659449 0.751749 0
    outer loop
      vertex 44.1005 -44.6081 6
      vertex 44.3709 -44.3709 0
      vertex 44.1005 -44.6081 0
    endloop
  endfacet
  facet normal -0.659311 -0.75187 0
    outer loop
      vertex 37.0294 -33.1736 0
      vertex 37.2999 -33.4108 6
      vertex 37.0294 -33.1736 6
    endloop
  endfacet
  facet normal -0.659311 -0.75187 -0
    outer loop
      vertex 37.2999 -33.4108 6
      vertex 37.0294 -33.1736 0
      vertex 37.2999 -33.4108 0
    endloop
  endfacet
  facet normal 0.0656148 -0.997845 0
    outer loop
      vertex 34.9964 -32.6289 0
      vertex 35.3553 -32.6053 6
      vertex 34.9964 -32.6289 6
    endloop
  endfacet
  facet normal 0.0656148 -0.997845 0
    outer loop
      vertex 35.3553 -32.6053 6
      vertex 34.9964 -32.6289 0
      vertex 35.3553 -32.6053 0
    endloop
  endfacet
  facet normal 0.831537 -0.55547 0
    outer loop
      vertex 32.9738 -33.9803 6
      vertex 33.1736 -33.6812 0
      vertex 33.1736 -33.6812 6
    endloop
  endfacet
  facet normal 0.831537 -0.55547 0
    outer loop
      vertex 33.1736 -33.6812 0
      vertex 32.9738 -33.9803 6
      vertex 32.9738 -33.9803 0
    endloop
  endfacet
  facet normal 0.980826 -0.194886 0
    outer loop
      vertex 32.6289 -34.9964 6
      vertex 32.699 -34.6436 0
      vertex 32.699 -34.6436 6
    endloop
  endfacet
  facet normal 0.980826 -0.194886 0
    outer loop
      vertex 32.699 -34.6436 0
      vertex 32.6289 -34.9964 6
      vertex 32.6289 -34.9964 0
    endloop
  endfacet
  facet normal 0.946861 -0.321644 0
    outer loop
      vertex 32.699 -34.6436 6
      vertex 32.8147 -34.303 0
      vertex 32.8147 -34.303 6
    endloop
  endfacet
  facet normal 0.946861 -0.321644 0
    outer loop
      vertex 32.8147 -34.303 0
      vertex 32.699 -34.6436 6
      vertex 32.699 -34.6436 0
    endloop
  endfacet
  facet normal 0.831537 0.55547 0
    outer loop
      vertex 33.1736 -37.0294 6
      vertex 32.9738 -36.7303 0
      vertex 32.9738 -36.7303 6
    endloop
  endfacet
  facet normal 0.831537 0.55547 0
    outer loop
      vertex 32.9738 -36.7303 0
      vertex 33.1736 -37.0294 6
      vertex 33.1736 -37.0294 0
    endloop
  endfacet
  facet normal 0.946861 0.321644 0
    outer loop
      vertex 32.8147 -36.4077 6
      vertex 32.699 -36.0671 0
      vertex 32.699 -36.0671 6
    endloop
  endfacet
  facet normal 0.946861 0.321644 0
    outer loop
      vertex 32.699 -36.0671 0
      vertex 32.8147 -36.4077 6
      vertex 32.8147 -36.4077 0
    endloop
  endfacet
  facet normal 0.997846 0.0655966 0
    outer loop
      vertex 32.6289 -35.7143 6
      vertex 32.6053 -35.3553 0
      vertex 32.6053 -35.3553 6
    endloop
  endfacet
  facet normal 0.997846 0.0655966 0
    outer loop
      vertex 32.6053 -35.3553 0
      vertex 32.6289 -35.7143 6
      vertex 32.6289 -35.7143 0
    endloop
  endfacet
  facet normal 0.32131 0.946974 -0
    outer loop
      vertex 41.7147 -45.0827 0
      vertex 41.374 -44.9671 6
      vertex 41.7147 -45.0827 6
    endloop
  endfacet
  facet normal 0.32131 0.946974 0
    outer loop
      vertex 41.374 -44.9671 6
      vertex 41.7147 -45.0827 0
      vertex 41.374 -44.9671 0
    endloop
  endfacet
  facet normal 0.555662 0.831408 -0
    outer loop
      vertex 41.0514 -44.808 0
      vertex 40.7523 -44.6081 6
      vertex 41.0514 -44.808 6
    endloop
  endfacet
  facet normal 0.555662 0.831408 0
    outer loop
      vertex 40.7523 -44.6081 6
      vertex 41.0514 -44.808 0
      vertex 40.7523 -44.6081 0
    endloop
  endfacet
  facet normal 0.195154 0.980773 -0
    outer loop
      vertex 42.0675 -45.1529 0
      vertex 41.7147 -45.0827 6
      vertex 42.0675 -45.1529 6
    endloop
  endfacet
  facet normal 0.195154 0.980773 0
    outer loop
      vertex 41.7147 -45.0827 6
      vertex 42.0675 -45.1529 0
      vertex 41.7147 -45.0827 0
    endloop
  endfacet
  facet normal -0.751749 -0.659449 0
    outer loop
      vertex 44.6081 -40.7523 0
      vertex 44.3709 -40.4819 6
      vertex 44.3709 -40.4819 0
    endloop
  endfacet
  facet normal -0.751749 -0.659449 0
    outer loop
      vertex 44.3709 -40.4819 6
      vertex 44.6081 -40.7523 0
      vertex 44.6081 -40.7523 6
    endloop
  endfacet
  facet normal -0.194886 -0.980826 0
    outer loop
      vertex 35.7143 -32.6289 0
      vertex 36.0671 -32.699 6
      vertex 35.7143 -32.6289 6
    endloop
  endfacet
  facet normal -0.194886 -0.980826 -0
    outer loop
      vertex 36.0671 -32.699 6
      vertex 35.7143 -32.6289 0
      vertex 36.0671 -32.699 0
    endloop
  endfacet
  facet normal -0.321644 -0.946861 0
    outer loop
      vertex 36.0671 -32.699 0
      vertex 36.4077 -32.8147 6
      vertex 36.0671 -32.699 6
    endloop
  endfacet
  facet normal -0.321644 -0.946861 -0
    outer loop
      vertex 36.4077 -32.8147 6
      vertex 36.0671 -32.699 0
      vertex 36.4077 -32.8147 0
    endloop
  endfacet
  facet normal -0.442314 -0.89686 0
    outer loop
      vertex 36.4077 -32.8147 0
      vertex 36.7303 -32.9738 6
      vertex 36.4077 -32.8147 6
    endloop
  endfacet
  facet normal -0.442314 -0.89686 -0
    outer loop
      vertex 36.7303 -32.9738 6
      vertex 36.4077 -32.8147 0
      vertex 36.7303 -32.9738 0
    endloop
  endfacet
  facet normal 0.442204 -0.896915 0
    outer loop
      vertex 33.9803 -32.9738 0
      vertex 34.303 -32.8147 6
      vertex 33.9803 -32.9738 6
    endloop
  endfacet
  facet normal 0.442204 -0.896915 0
    outer loop
      vertex 34.303 -32.8147 6
      vertex 33.9803 -32.9738 0
      vertex 34.303 -32.8147 0
    endloop
  endfacet
  facet normal 0.321644 -0.946861 0
    outer loop
      vertex 34.303 -32.8147 0
      vertex 34.6436 -32.699 6
      vertex 34.303 -32.8147 6
    endloop
  endfacet
  facet normal 0.321644 -0.946861 0
    outer loop
      vertex 34.6436 -32.699 6
      vertex 34.303 -32.8147 0
      vertex 34.6436 -32.699 0
    endloop
  endfacet
  facet normal 0.194886 -0.980826 0
    outer loop
      vertex 34.6436 -32.699 0
      vertex 34.9964 -32.6289 6
      vertex 34.6436 -32.699 6
    endloop
  endfacet
  facet normal 0.194886 -0.980826 0
    outer loop
      vertex 34.9964 -32.6289 6
      vertex 34.6436 -32.699 0
      vertex 34.9964 -32.6289 0
    endloop
  endfacet
  facet normal 0.980826 0.194886 0
    outer loop
      vertex 32.699 -36.0671 6
      vertex 32.6289 -35.7143 0
      vertex 32.6289 -35.7143 6
    endloop
  endfacet
  facet normal 0.980826 0.194886 0
    outer loop
      vertex 32.6289 -35.7143 0
      vertex 32.699 -36.0671 6
      vertex 32.699 -36.0671 0
    endloop
  endfacet
  facet normal -0.442314 0.89686 0
    outer loop
      vertex 43.8014 -44.808 0
      vertex 43.4788 -44.9671 6
      vertex 43.8014 -44.808 6
    endloop
  endfacet
  facet normal -0.442314 0.89686 0
    outer loop
      vertex 43.4788 -44.9671 6
      vertex 43.8014 -44.808 0
      vertex 43.4788 -44.9671 0
    endloop
  endfacet
  facet normal 0.442314 0.89686 -0
    outer loop
      vertex 41.374 -44.9671 0
      vertex 41.0514 -44.808 6
      vertex 41.374 -44.9671 6
    endloop
  endfacet
  facet normal 0.442314 0.89686 0
    outer loop
      vertex 41.0514 -44.808 6
      vertex 41.374 -44.9671 0
      vertex 41.0514 -44.808 0
    endloop
  endfacet
  facet normal -0.195154 0.980773 0
    outer loop
      vertex 43.1382 -45.0827 0
      vertex 42.7854 -45.1529 6
      vertex 43.1382 -45.0827 6
    endloop
  endfacet
  facet normal -0.195154 0.980773 0
    outer loop
      vertex 42.7854 -45.1529 6
      vertex 43.1382 -45.0827 0
      vertex 42.7854 -45.1529 0
    endloop
  endfacet
  facet normal -0.0653198 0.997864 0
    outer loop
      vertex 42.7854 -45.1529 0
      vertex 42.4264 -45.1764 6
      vertex 42.7854 -45.1529 6
    endloop
  endfacet
  facet normal -0.0653198 0.997864 0
    outer loop
      vertex 42.4264 -45.1764 6
      vertex 42.7854 -45.1529 0
      vertex 42.4264 -45.1764 0
    endloop
  endfacet
  facet normal -0.321394 0.946945 0
    outer loop
      vertex 43.4788 -44.9671 0
      vertex 43.1382 -45.0827 6
      vertex 43.4788 -44.9671 6
    endloop
  endfacet
  facet normal -0.321394 0.946945 0
    outer loop
      vertex 43.1382 -45.0827 6
      vertex 43.4788 -44.9671 0
      vertex 43.1382 -45.0827 0
    endloop
  endfacet
  facet normal -0.997863 -0.0653379 0
    outer loop
      vertex 45.1764 -42.4264 0
      vertex 45.1529 -42.0675 6
      vertex 45.1529 -42.0675 0
    endloop
  endfacet
  facet normal -0.997863 -0.0653379 0
    outer loop
      vertex 45.1529 -42.0675 6
      vertex 45.1764 -42.4264 0
      vertex 45.1764 -42.4264 6
    endloop
  endfacet
  facet normal -0.946974 -0.32131 0
    outer loop
      vertex 45.0827 -41.7147 0
      vertex 44.9671 -41.374 6
      vertex 44.9671 -41.374 0
    endloop
  endfacet
  facet normal -0.946974 -0.32131 0
    outer loop
      vertex 44.9671 -41.374 6
      vertex 45.0827 -41.7147 0
      vertex 45.0827 -41.7147 6
    endloop
  endfacet
  facet normal -0.980773 -0.195154 0
    outer loop
      vertex 45.1529 -42.0675 0
      vertex 45.0827 -41.7147 6
      vertex 45.0827 -41.7147 0
    endloop
  endfacet
  facet normal -0.980773 -0.195154 0
    outer loop
      vertex 45.0827 -41.7147 6
      vertex 45.1529 -42.0675 0
      vertex 45.1529 -42.0675 6
    endloop
  endfacet
  facet normal -0.980773 0.195154 0
    outer loop
      vertex 45.0827 -43.1382 0
      vertex 45.1529 -42.7854 6
      vertex 45.1529 -42.7854 0
    endloop
  endfacet
  facet normal -0.980773 0.195154 0
    outer loop
      vertex 45.1529 -42.7854 6
      vertex 45.0827 -43.1382 0
      vertex 45.0827 -43.1382 6
    endloop
  endfacet
  facet normal -0.997864 0.0653198 0
    outer loop
      vertex 45.1529 -42.7854 0
      vertex 45.1764 -42.4264 6
      vertex 45.1764 -42.4264 0
    endloop
  endfacet
  facet normal -0.997864 0.0653198 0
    outer loop
      vertex 45.1764 -42.4264 6
      vertex 45.1529 -42.7854 0
      vertex 45.1529 -42.7854 6
    endloop
  endfacet
  facet normal -0.831408 0.555662 0
    outer loop
      vertex 44.6081 -44.1005 0
      vertex 44.808 -43.8014 6
      vertex 44.808 -43.8014 0
    endloop
  endfacet
  facet normal -0.831408 0.555662 0
    outer loop
      vertex 44.808 -43.8014 6
      vertex 44.6081 -44.1005 0
      vertex 44.6081 -44.1005 6
    endloop
  endfacet
  facet normal -0.751749 0.659449 0
    outer loop
      vertex 44.3709 -44.3709 0
      vertex 44.6081 -44.1005 6
      vertex 44.6081 -44.1005 0
    endloop
  endfacet
  facet normal -0.751749 0.659449 0
    outer loop
      vertex 44.6081 -44.1005 6
      vertex 44.3709 -44.3709 0
      vertex 44.3709 -44.3709 6
    endloop
  endfacet
  facet normal -0.0655966 -0.997846 0
    outer loop
      vertex 35.3553 -32.6053 0
      vertex 35.7143 -32.6289 6
      vertex 35.3553 -32.6053 6
    endloop
  endfacet
  facet normal -0.0655966 -0.997846 -0
    outer loop
      vertex 35.7143 -32.6289 6
      vertex 35.3553 -32.6053 0
      vertex 35.7143 -32.6289 0
    endloop
  endfacet
  facet normal -0.831408 -0.555662 0
    outer loop
      vertex 44.808 -41.0514 0
      vertex 44.6081 -40.7523 6
      vertex 44.6081 -40.7523 0
    endloop
  endfacet
  facet normal -0.831408 -0.555662 0
    outer loop
      vertex 44.6081 -40.7523 6
      vertex 44.808 -41.0514 0
      vertex 44.808 -41.0514 6
    endloop
  endfacet
  facet normal -0.89686 -0.442314 0
    outer loop
      vertex 44.9671 -41.374 0
      vertex 44.808 -41.0514 6
      vertex 44.808 -41.0514 0
    endloop
  endfacet
  facet normal -0.89686 -0.442314 0
    outer loop
      vertex 44.808 -41.0514 6
      vertex 44.9671 -41.374 0
      vertex 44.9671 -41.374 6
    endloop
  endfacet
  facet normal -0.946945 0.321394 0
    outer loop
      vertex 44.9671 -43.4788 0
      vertex 45.0827 -43.1382 6
      vertex 45.0827 -43.1382 0
    endloop
  endfacet
  facet normal -0.946945 0.321394 0
    outer loop
      vertex 45.0827 -43.1382 6
      vertex 44.9671 -43.4788 0
      vertex 44.9671 -43.4788 6
    endloop
  endfacet
  facet normal 0 0 -1
    outer loop
      vertex -46 -4 3
      vertex -24.9 4 3
      vertex -24.9 -4 3
    endloop
  endfacet
  facet normal -0 0 -1
    outer loop
      vertex -24.9 4 3
      vertex -46 -4 3
      vertex -46 4 3
    endloop
  endfacet
  facet normal 0 -1 0
    outer loop
      vertex -46 4 0
      vertex -24.9 4 3
      vertex -46 4 3
    endloop
  endfacet
  facet normal 0 -1 -0
    outer loop
      vertex -24.9 4 3
      vertex -46 4 0
      vertex -24.9 4 0
    endloop
  endfacet
  facet normal 0 1 -0
    outer loop
      vertex -24.9 -4 0
      vertex -46 -4 3
      vertex -24.9 -4 3
    endloop
  endfacet
  facet normal 0 1 0
    outer loop
      vertex -46 -4 3
      vertex -24.9 -4 0
      vertex -46 -4 0
    endloop
  endfacet
  facet normal -1 0 0
    outer loop
      vertex 57.6 -5.1 0
      vertex 57.6 5.1 9
      vertex 57.6 5.1 0
    endloop
  endfacet
  facet normal -1 -0 0
    outer loop
      vertex 57.6 5.1 9
      vertex 57.6 -5.1 0
      vertex 57.6 -5.1 9
    endloop
  endfacet
  facet normal -0 0 1
    outer loop
      vertex 75 5.1 9
      vertex 84.4 -5.1 9
      vertex 84.4 5.1 9
    endloop
  endfacet
  facet normal 0 0 1
    outer loop
      vertex 84.4 -5.1 9
      vertex 75 5.1 9
      vertex 75 -5.1 9
    endloop
  endfacet
  facet normal -0 0 1
    outer loop
      vertex 57.6 5.1 9
      vertex 67 -5.1 9
      vertex 67 5.1 9
    endloop
  endfacet
  facet normal 0 0 1
    outer loop
      vertex 67 -5.1 9
      vertex 57.6 5.1 9
      vertex 57.6 -5.1 9
    endloop
  endfacet
  facet normal 1 -0 0
    outer loop
      vertex 84.4 -5.1 9
      vertex 84.4 5.1 0
      vertex 84.4 5.1 9
    endloop
  endfacet
  facet normal 1 0 0
    outer loop
      vertex 84.4 5.1 0
      vertex 84.4 -5.1 9
      vertex 84.4 -5.1 0
    endloop
  endfacet
  facet normal 0 0 -1
    outer loop
      vertex 57.6 -5.1 0
      vertex 84.4 5.1 0
      vertex 84.4 -5.1 0
    endloop
  endfacet
  facet normal -0 0 -1
    outer loop
      vertex 84.4 5.1 0
      vertex 57.6 -5.1 0
      vertex 57.6 5.1 0
    endloop
  endfacet
  facet normal 0 -1 0
    outer loop
      vertex 57.6 -5.1 9
      vertex 67 -5.1 5
      vertex 67 -5.1 9
    endloop
  endfacet
  facet normal 0 -1 -0
    outer loop
      vertex 67 -5.1 5
      vertex 57.6 -5.1 0
      vertex 75 -5.1 5
    endloop
  endfacet
  facet normal 0 -1 0
    outer loop
      vertex 57.6 -5.1 0
      vertex 67 -5.1 5
      vertex 57.6 -5.1 9
    endloop
  endfacet
  facet normal 0 -1 0
    outer loop
      vertex 75 -5.1 5
      vertex 84.4 -5.1 9
      vertex 75 -5.1 9
    endloop
  endfacet
  facet normal 0 -1 0
    outer loop
      vertex 75 -5.1 5
      vertex 84.4 -5.1 0
      vertex 84.4 -5.1 9
    endloop
  endfacet
  facet normal 0 -1 0
    outer loop
      vertex 84.4 -5.1 0
      vertex 75 -5.1 5
      vertex 57.6 -5.1 0
    endloop
  endfacet
  facet normal 0 1 0
    outer loop
      vertex 84.4 5.1 9
      vertex 75 5.1 5
      vertex 75 5.1 9
    endloop
  endfacet
  facet normal 0 1 0
    outer loop
      vertex 75 5.1 5
      vertex 84.4 5.1 0
      vertex 67 5.1 5
    endloop
  endfacet
  facet normal 0 1 -0
    outer loop
      vertex 84.4 5.1 0
      vertex 75 5.1 5
      vertex 84.4 5.1 9
    endloop
  endfacet
  facet normal 0 1 -0
    outer loop
      vertex 67 5.1 5
      vertex 57.6 5.1 9
      vertex 67 5.1 9
    endloop
  endfacet
  facet normal 0 1 0
    outer loop
      vertex 67 5.1 5
      vertex 57.6 5.1 0
      vertex 57.6 5.1 9
    endloop
  endfacet
  facet normal 0 1 0
    outer loop
      vertex 57.6 5.1 0
      vertex 67 5.1 5
      vertex 84.4 5.1 0
    endloop
  endfacet
  facet normal 1 -0 0
    outer loop
      vertex 67 -5.1 9
      vertex 67 5.1 5
      vertex 67 5.1 9
    endloop
  endfacet
  facet normal 1 0 0
    outer loop
      vertex 67 5.1 5
      vertex 67 -5.1 9
      vertex 67 -5.1 5
    endloop
  endfacet
  facet normal -1 0 0
    outer loop
      vertex 75 -5.1 5
      vertex 75 5.1 9
      vertex 75 5.1 5
    endloop
  endfacet
  facet normal -1 -0 0
    outer loop
      vertex 75 5.1 9
      vertex 75 -5.1 5
      vertex 75 -5.1 9
    endloop
  endfacet
  facet normal -0 0 1
    outer loop
      vertex 67 5.1 5
      vertex 75 -5.1 5
      vertex 75 5.1 5
    endloop
  endfacet
  facet normal 0 0 1
    outer loop
      vertex 75 -5.1 5
      vertex 67 5.1 5
      vertex 67 -5.1 5
    endloop
  endfacet
endsolid OpenSCAD_Model
